ISO-10303-21;
HEADER;
/* Generated by software containing ST-Developer
 * from STEP Tools, Inc. (www.steptools.com) 
 */

FILE_DESCRIPTION(
/* description */ (''),
/* implementation_level */ '2;1');

FILE_NAME(
/* name */ 'Base.step',
/* time_stamp */ '2026-01-04T20:47:30Z',
/* author */ (''),
/* organization */ (''),
/* preprocessor_version */ 'ST-DEVELOPER v20.1',
/* originating_system */ 'Autodesk Translation Framework v14.21.0.0',
/* authorisation */ '');

FILE_SCHEMA (('AUTOMOTIVE_DESIGN { 1 0 10303 214 3 1 1 }'));
ENDSEC;

DATA;
#10=MECHANICAL_DESIGN_GEOMETRIC_PRESENTATION_REPRESENTATION('',(#21),#13196);
#11=ITEM_DEFINED_TRANSFORMATION($,$,#6674,#6855);
#12=ITEM_DEFINED_TRANSFORMATION($,$,#6673,#6856);
#13=(
REPRESENTATION_RELATIONSHIP($,$,#13211,#13210)
REPRESENTATION_RELATIONSHIP_WITH_TRANSFORMATION(#11)
SHAPE_REPRESENTATION_RELATIONSHIP()
);
#14=(
REPRESENTATION_RELATIONSHIP($,$,#13210,#13209)
REPRESENTATION_RELATIONSHIP_WITH_TRANSFORMATION(#12)
SHAPE_REPRESENTATION_RELATIONSHIP()
);
#15=CONTEXT_DEPENDENT_SHAPE_REPRESENTATION(#13,#13207);
#16=CONTEXT_DEPENDENT_SHAPE_REPRESENTATION(#14,#13208);
#17=NEXT_ASSEMBLY_USAGE_OCCURRENCE('Base:1','Base:1','Base:1',#13214,#13215,
'Base:1');
#18=NEXT_ASSEMBLY_USAGE_OCCURRENCE('Arm:1','Arm:1','Arm:1',#13213,#13214,
'Arm:1');
#19=SHAPE_REPRESENTATION_RELATIONSHIP('SRR','None',#13211,#20);
#20=ADVANCED_BREP_SHAPE_REPRESENTATION('',(#22),#13195);
#21=STYLED_ITEM('',(#13229),#22);
#22=MANIFOLD_SOLID_BREP('Body1',#6659);
#23=B_SPLINE_CURVE_WITH_KNOTS('',3,(#7947,#7948,#7949,#7950,#7951),
 .UNSPECIFIED.,.F.,.F.,(4,1,4),(0.,0.0317798777406081,0.0640249704701022),
 .UNSPECIFIED.);
#24=B_SPLINE_CURVE_WITH_KNOTS('',3,(#7955,#7956,#7957,#7958,#7959,#7960,
#7961),.UNSPECIFIED.,.F.,.F.,(4,3,4),(0.,0.0331801288834282,0.0668459705633541),
 .UNSPECIFIED.);
#25=B_SPLINE_CURVE_WITH_KNOTS('',3,(#7974,#7975,#7976,#7977,#7978),
 .UNSPECIFIED.,.F.,.F.,(4,1,4),(0.,0.0321990993512795,0.0641194335584475),
 .UNSPECIFIED.);
#26=B_SPLINE_CURVE_WITH_KNOTS('',3,(#7980,#7981,#7982,#7983,#7984,#7985,
#7986),.UNSPECIFIED.,.F.,.F.,(4,3,4),(0.,0.0331896856747295,0.0660920301599061),
 .UNSPECIFIED.);
#27=B_SPLINE_CURVE_WITH_KNOTS('',3,(#7999,#8000,#8001,#8002,#8003),
 .UNSPECIFIED.,.F.,.F.,(4,1,4),(0.,0.0496418174854111,0.0875603735766831),
 .UNSPECIFIED.);
#28=B_SPLINE_CURVE_WITH_KNOTS('',3,(#8005,#8006,#8007,#8008,#8009,#8010,
#8011),.UNSPECIFIED.,.F.,.F.,(4,3,4),(0.,0.0514431575938806,0.0907376547647178),
 .UNSPECIFIED.);
#29=B_SPLINE_CURVE_WITH_KNOTS('',3,(#8024,#8025,#8026,#8027,#8028),
 .UNSPECIFIED.,.F.,.F.,(4,1,4),(0.,0.0372522019329864,0.0835495000431416),
 .UNSPECIFIED.);
#30=B_SPLINE_CURVE_WITH_KNOTS('',3,(#8030,#8031,#8032,#8033,#8034,#8035,
#8036),.UNSPECIFIED.,.F.,.F.,(4,3,4),(0.,0.0422794541922947,0.0948246567066739),
 .UNSPECIFIED.);
#31=B_SPLINE_CURVE_WITH_KNOTS('',3,(#8049,#8050,#8051,#8052,#8053),
 .UNSPECIFIED.,.F.,.F.,(4,1,4),(0.,0.0376158545474203,0.0862153722455958),
 .UNSPECIFIED.);
#32=B_SPLINE_CURVE_WITH_KNOTS('',3,(#8056,#8057,#8058,#8059,#8060,#8061),
 .UNSPECIFIED.,.F.,.F.,(4,2,4),(0.,0.049756208848612,0.0982577254704725),
 .UNSPECIFIED.);
#33=B_SPLINE_CURVE_WITH_KNOTS('',3,(#8073,#8074,#8075,#8076,#8077),
 .UNSPECIFIED.,.F.,.F.,(4,1,4),(0.,0.0470291828754165,0.0849719135074397),
 .UNSPECIFIED.);
#34=B_SPLINE_CURVE_WITH_KNOTS('',3,(#8080,#8081,#8082,#8083,#8084,#8085,
#8086),.UNSPECIFIED.,.F.,.F.,(4,3,4),(0.,0.0485329403583506,0.0876888892863839),
 .UNSPECIFIED.);
#35=B_SPLINE_CURVE_WITH_KNOTS('',3,(#8098,#8099,#8100,#8101,#8102),
 .UNSPECIFIED.,.F.,.F.,(4,1,4),(0.,0.0329793807688156,0.0645758659706034),
 .UNSPECIFIED.);
#36=B_SPLINE_CURVE_WITH_KNOTS('',3,(#8105,#8106,#8107,#8108,#8109,#8110,
#8111),.UNSPECIFIED.,.F.,.F.,(4,3,4),(0.,0.0340132202263294,0.0666001937986946),
 .UNSPECIFIED.);
#37=B_SPLINE_CURVE_WITH_KNOTS('',3,(#8122,#8123,#8124,#8125,#8126),
 .UNSPECIFIED.,.F.,.F.,(4,1,4),(0.,0.0310080562021089,0.0632879458311389),
 .UNSPECIFIED.);
#38=B_SPLINE_CURVE_WITH_KNOTS('',3,(#8127,#8128,#8129,#8130,#8131,#8132,
#8133),.UNSPECIFIED.,.F.,.F.,(4,3,4),(0.,0.0330849761118454,0.0675269730660702),
 .UNSPECIFIED.);
#39=B_SPLINE_CURVE_WITH_KNOTS('',3,(#8146,#8147,#8148,#8149,#8150),
 .UNSPECIFIED.,.F.,.F.,(4,1,4),(0.,0.0122081979064224,0.0245706106267697),
 .UNSPECIFIED.);
#40=B_SPLINE_CURVE_WITH_KNOTS('',3,(#8154,#8155,#8156,#8157,#8158,#8159,
#8160),.UNSPECIFIED.,.F.,.F.,(4,3,4),(0.,0.0125196121374941,0.0251973728953656),
 .UNSPECIFIED.);
#41=B_SPLINE_CURVE_WITH_KNOTS('',3,(#8173,#8174,#8175,#8176,#8177),
 .UNSPECIFIED.,.F.,.F.,(4,1,4),(0.,0.0129911732504478,0.0253828403423338),
 .UNSPECIFIED.);
#42=B_SPLINE_CURVE_WITH_KNOTS('',3,(#8179,#8180,#8181,#8182,#8183,#8184,
#8185),.UNSPECIFIED.,.F.,.F.,(4,3,4),(0.,0.0131812892437288,0.0257542990097647),
 .UNSPECIFIED.);
#43=B_SPLINE_CURVE_WITH_KNOTS('',3,(#8198,#8199,#8200,#8201,#8202),
 .UNSPECIFIED.,.F.,.F.,(4,1,4),(0.,0.0262654933092603,0.0440240364051354),
 .UNSPECIFIED.);
#44=B_SPLINE_CURVE_WITH_KNOTS('',3,(#8204,#8205,#8206,#8207,#8208,#8209,
#8210),.UNSPECIFIED.,.F.,.F.,(4,3,4),(0.,0.0270462790444825,0.0453327245469229),
 .UNSPECIFIED.);
#45=B_SPLINE_CURVE_WITH_KNOTS('',3,(#8223,#8224,#8225,#8226,#8227),
 .UNSPECIFIED.,.F.,.F.,(4,1,4),(0.,0.0349156824978722,0.0824679350972692),
 .UNSPECIFIED.);
#46=B_SPLINE_CURVE_WITH_KNOTS('',3,(#8229,#8230,#8231,#8232,#8233,#8234,
#8235),.UNSPECIFIED.,.F.,.F.,(4,3,4),(0.,0.0392688953800935,0.092749861491161),
 .UNSPECIFIED.);
#47=B_SPLINE_CURVE_WITH_KNOTS('',3,(#8254,#8255,#8256,#8257,#8258),
 .UNSPECIFIED.,.F.,.F.,(4,1,4),(0.,0.018387899190619,0.0368669030084753),
 .UNSPECIFIED.);
#48=B_SPLINE_CURVE_WITH_KNOTS('',3,(#8261,#8262,#8263,#8264,#8265,#8266,
#8267),.UNSPECIFIED.,.F.,.F.,(4,3,4),(0.,0.0190284090155042,0.0381510961262006),
 .UNSPECIFIED.);
#49=B_SPLINE_CURVE_WITH_KNOTS('',3,(#8279,#8280,#8281,#8282,#8283),
 .UNSPECIFIED.,.F.,.F.,(4,1,4),(0.,0.0207829016878365,0.0461993375419814),
 .UNSPECIFIED.);
#50=B_SPLINE_CURVE_WITH_KNOTS('',3,(#8286,#8287,#8288,#8289,#8290,#8291,
#8292),.UNSPECIFIED.,.F.,.F.,(4,3,4),(0.,0.0235415981809506,0.052331780084201),
 .UNSPECIFIED.);
#51=B_SPLINE_CURVE_WITH_KNOTS('',3,(#8304,#8305,#8306,#8307,#8308),
 .UNSPECIFIED.,.F.,.F.,(4,1,4),(0.,0.0269867325905433,0.0524220915260637),
 .UNSPECIFIED.);
#52=B_SPLINE_CURVE_WITH_KNOTS('',3,(#8311,#8312,#8313,#8314,#8315,#8316,
#8317),.UNSPECIFIED.,.F.,.F.,(4,3,4),(0.,0.027300199143242,0.0530310045265835),
 .UNSPECIFIED.);
#53=B_SPLINE_CURVE_WITH_KNOTS('',3,(#8329,#8330,#8331,#8332,#8333),
 .UNSPECIFIED.,.F.,.F.,(4,1,4),(0.,0.0241555415422619,0.0475706005670616),
 .UNSPECIFIED.);
#54=B_SPLINE_CURVE_WITH_KNOTS('',3,(#8336,#8337,#8338,#8339,#8340,#8341,
#8342),.UNSPECIFIED.,.F.,.F.,(4,3,4),(0.,0.0245306833576405,0.0483093843125699),
 .UNSPECIFIED.);
#55=B_SPLINE_CURVE_WITH_KNOTS('',3,(#8353,#8354,#8355,#8356,#8357),
 .UNSPECIFIED.,.F.,.F.,(4,1,4),(0.,0.0214380937142271,0.0500195859642534),
 .UNSPECIFIED.);
#56=B_SPLINE_CURVE_WITH_KNOTS('',3,(#8358,#8359,#8360,#8361,#8362,#8363,
#8364),.UNSPECIFIED.,.F.,.F.,(4,3,4),(0.,0.0242087278776528,0.056484058764883),
 .UNSPECIFIED.);
#57=B_SPLINE_CURVE_WITH_KNOTS('',3,(#8377,#8378,#8379,#8380,#8381),
 .UNSPECIFIED.,.F.,.F.,(4,1,4),(0.,0.0317798777406081,0.0640250652901804),
 .UNSPECIFIED.);
#58=B_SPLINE_CURVE_WITH_KNOTS('',3,(#8385,#8386,#8387,#8388,#8389,#8390,
#8391),.UNSPECIFIED.,.F.,.F.,(4,3,4),(0.,0.0331802066043609,0.0668462261411215),
 .UNSPECIFIED.);
#59=B_SPLINE_CURVE_WITH_KNOTS('',3,(#8404,#8405,#8406,#8407,#8408),
 .UNSPECIFIED.,.F.,.F.,(4,1,4),(0.,0.0321991938019036,0.0641195280090716),
 .UNSPECIFIED.);
#60=B_SPLINE_CURVE_WITH_KNOTS('',3,(#8410,#8411,#8412,#8413,#8414,#8415,
#8416),.UNSPECIFIED.,.F.,.F.,(4,3,4),(0.,0.0331897755253508,0.0660921125698098),
 .UNSPECIFIED.);
#61=B_SPLINE_CURVE_WITH_KNOTS('',3,(#8429,#8430,#8431,#8432,#8433),
 .UNSPECIFIED.,.F.,.F.,(4,1,4),(0.,0.0496418174854111,0.0875603735766831),
 .UNSPECIFIED.);
#62=B_SPLINE_CURVE_WITH_KNOTS('',3,(#8435,#8436,#8437,#8438,#8439,#8440,
#8441),.UNSPECIFIED.,.F.,.F.,(4,3,4),(0.,0.0514431575939828,0.0907376547648982),
 .UNSPECIFIED.);
#63=B_SPLINE_CURVE_WITH_KNOTS('',3,(#8454,#8455,#8456,#8457,#8458),
 .UNSPECIFIED.,.F.,.F.,(4,1,4),(0.,0.0372522569409618,0.0835495550511171),
 .UNSPECIFIED.);
#64=B_SPLINE_CURVE_WITH_KNOTS('',3,(#8460,#8461,#8462,#8463,#8464,#8465,
#8466),.UNSPECIFIED.,.F.,.F.,(4,3,4),(0.,0.042279518490649,0.0948247233252869),
 .UNSPECIFIED.);
#65=B_SPLINE_CURVE_WITH_KNOTS('',3,(#8479,#8480,#8481,#8482,#8483),
 .UNSPECIFIED.,.F.,.F.,(4,1,4),(0.,0.037615745595192,0.0862152773480695),
 .UNSPECIFIED.);
#66=B_SPLINE_CURVE_WITH_KNOTS('',3,(#8486,#8487,#8488,#8489,#8490,#8491,
#8492),.UNSPECIFIED.,.F.,.F.,(4,3,4),(0.,0.0428697992172515,0.0982575666357072),
 .UNSPECIFIED.);
#67=B_SPLINE_CURVE_WITH_KNOTS('',3,(#8504,#8505,#8506,#8507,#8508),
 .UNSPECIFIED.,.F.,.F.,(4,1,4),(0.,0.0470291679190077,0.0849718985510309),
 .UNSPECIFIED.);
#68=B_SPLINE_CURVE_WITH_KNOTS('',3,(#8511,#8512,#8513,#8514,#8515,#8516,
#8517),.UNSPECIFIED.,.F.,.F.,(4,3,4),(0.,0.0485329380450166,0.0876888975592073),
 .UNSPECIFIED.);
#69=B_SPLINE_CURVE_WITH_KNOTS('',3,(#8529,#8530,#8531,#8532,#8533),
 .UNSPECIFIED.,.F.,.F.,(4,1,4),(0.,0.0329793807688156,0.0645758659706034),
 .UNSPECIFIED.);
#70=B_SPLINE_CURVE_WITH_KNOTS('',3,(#8536,#8537,#8538,#8539,#8540,#8541,
#8542),.UNSPECIFIED.,.F.,.F.,(4,3,4),(0.,0.0340132202263323,0.0666001937987004),
 .UNSPECIFIED.);
#71=B_SPLINE_CURVE_WITH_KNOTS('',3,(#8553,#8554,#8555,#8556,#8557),
 .UNSPECIFIED.,.F.,.F.,(4,1,4),(0.,0.0310081726371496,0.0632880622661796),
 .UNSPECIFIED.);
#72=B_SPLINE_CURVE_WITH_KNOTS('',3,(#8558,#8559,#8560,#8561,#8562,#8563,
#8564),.UNSPECIFIED.,.F.,.F.,(4,3,4),(0.,0.0330850106401901,0.0675269142098676),
 .UNSPECIFIED.);
#73=B_SPLINE_CURVE_WITH_KNOTS('',3,(#8570,#8571,#8572,#8573,#8574),
 .UNSPECIFIED.,.F.,.F.,(4,1,4),(0.,0.0183735155814206,0.0370708595158056),
 .UNSPECIFIED.);
#74=B_SPLINE_CURVE_WITH_KNOTS('',3,(#8576,#8577,#8578,#8579,#8580),
 .UNSPECIFIED.,.F.,.F.,(4,1,4),(0.,0.0559058988317474,0.0867257703865233),
 .UNSPECIFIED.);
#75=B_SPLINE_CURVE_WITH_KNOTS('',3,(#8584,#8585,#8586,#8587,#8588),
 .UNSPECIFIED.,.F.,.F.,(4,1,4),(0.,0.0176950326161023,0.0453962406627712),
 .UNSPECIFIED.);
#76=B_SPLINE_CURVE_WITH_KNOTS('',3,(#8590,#8591,#8592,#8593,#8594),
 .UNSPECIFIED.,.F.,.F.,(4,1,4),(0.,0.0176137902064585,0.037017222556955),
 .UNSPECIFIED.);
#77=B_SPLINE_CURVE_WITH_KNOTS('',3,(#8596,#8597,#8598,#8599,#8600),
 .UNSPECIFIED.,.F.,.F.,(4,1,4),(0.,0.0224071742750694,0.040904157718836),
 .UNSPECIFIED.);
#78=B_SPLINE_CURVE_WITH_KNOTS('',3,(#8602,#8603,#8604,#8605,#8606),
 .UNSPECIFIED.,.F.,.F.,(4,1,4),(0.,0.033699646463152,0.0611630209222178),
 .UNSPECIFIED.);
#79=B_SPLINE_CURVE_WITH_KNOTS('',3,(#8608,#8609,#8610,#8611,#8612),
 .UNSPECIFIED.,.F.,.F.,(4,1,4),(0.,0.0315742897773274,0.0667969640682338),
 .UNSPECIFIED.);
#80=B_SPLINE_CURVE_WITH_KNOTS('',3,(#8614,#8615,#8616,#8617,#8618),
 .UNSPECIFIED.,.F.,.F.,(4,1,4),(0.,0.0248651419761339,0.0528085180921837),
 .UNSPECIFIED.);
#81=B_SPLINE_CURVE_WITH_KNOTS('',3,(#8620,#8621,#8622,#8623,#8624),
 .UNSPECIFIED.,.F.,.F.,(4,1,4),(0.,0.0291805255375751,0.0546197351136543),
 .UNSPECIFIED.);
#82=B_SPLINE_CURVE_WITH_KNOTS('',3,(#8628,#8629,#8630,#8631,#8632),
 .UNSPECIFIED.,.F.,.F.,(4,1,4),(0.,0.0221110849200414,0.0501388999204335),
 .UNSPECIFIED.);
#83=B_SPLINE_CURVE_WITH_KNOTS('',3,(#8634,#8635,#8636,#8637,#8638),
 .UNSPECIFIED.,.F.,.F.,(4,1,4),(0.,0.0302685477146267,0.0531980727023347),
 .UNSPECIFIED.);
#84=B_SPLINE_CURVE_WITH_KNOTS('',3,(#8640,#8641,#8642,#8643,#8644),
 .UNSPECIFIED.,.F.,.F.,(4,1,4),(0.,0.0265187098242649,0.0593212116557879),
 .UNSPECIFIED.);
#85=B_SPLINE_CURVE_WITH_KNOTS('',3,(#8646,#8647,#8648,#8649,#8650),
 .UNSPECIFIED.,.F.,.F.,(4,1,4),(0.,0.0258152924767853,0.0455185033807595),
 .UNSPECIFIED.);
#86=B_SPLINE_CURVE_WITH_KNOTS('',3,(#8652,#8653,#8654,#8655,#8656),
 .UNSPECIFIED.,.F.,.F.,(4,1,4),(0.,0.0082562907233126,0.0128270451155165),
 .UNSPECIFIED.);
#87=B_SPLINE_CURVE_WITH_KNOTS('',3,(#8658,#8659,#8660,#8661,#8662),
 .UNSPECIFIED.,.F.,.F.,(4,1,4),(0.,0.0522193611043987,0.0893114045672862),
 .UNSPECIFIED.);
#88=B_SPLINE_CURVE_WITH_KNOTS('',3,(#8664,#8665,#8666,#8667,#8668),
 .UNSPECIFIED.,.F.,.F.,(4,1,4),(0.,0.0185284106028575,0.0442948605620834),
 .UNSPECIFIED.);
#89=B_SPLINE_CURVE_WITH_KNOTS('',3,(#8670,#8671,#8672,#8673,#8674),
 .UNSPECIFIED.,.F.,.F.,(4,1,4),(0.,0.0191177701139319,0.0389586368041508),
 .UNSPECIFIED.);
#90=B_SPLINE_CURVE_WITH_KNOTS('',3,(#8676,#8677,#8678,#8679,#8680),
 .UNSPECIFIED.,.F.,.F.,(4,1,4),(0.,0.0194079863832433,0.0382384172693878),
 .UNSPECIFIED.);
#91=B_SPLINE_CURVE_WITH_KNOTS('',3,(#8682,#8683,#8684,#8685,#8686),
 .UNSPECIFIED.,.F.,.F.,(4,1,4),(0.,0.0205050326474503,0.0403986739463168),
 .UNSPECIFIED.);
#92=B_SPLINE_CURVE_WITH_KNOTS('',3,(#8688,#8689,#8690,#8691,#8692),
 .UNSPECIFIED.,.F.,.F.,(4,1,4),(0.,0.0328013472759324,0.0664667236473917),
 .UNSPECIFIED.);
#93=B_SPLINE_CURVE_WITH_KNOTS('',3,(#8694,#8695,#8696,#8697,#8698),
 .UNSPECIFIED.,.F.,.F.,(4,1,4),(0.,0.0426245781548296,0.0783724196058103),
 .UNSPECIFIED.);
#94=B_SPLINE_CURVE_WITH_KNOTS('',3,(#8700,#8701,#8702,#8703,#8704),
 .UNSPECIFIED.,.F.,.F.,(4,1,4),(0.,0.0271223684385327,0.0552253326417971),
 .UNSPECIFIED.);
#95=B_SPLINE_CURVE_WITH_KNOTS('',3,(#8706,#8707,#8708,#8709,#8710),
 .UNSPECIFIED.,.F.,.F.,(4,1,4),(0.,0.0332887391726965,0.0621166724835876),
 .UNSPECIFIED.);
#96=B_SPLINE_CURVE_WITH_KNOTS('',3,(#8711,#8712,#8713,#8714,#8715),
 .UNSPECIFIED.,.F.,.F.,(4,1,4),(0.,0.0177239024305477,0.037217178999239),
 .UNSPECIFIED.);
#97=B_SPLINE_CURVE_WITH_KNOTS('',3,(#8733,#8734,#8735,#8736,#8737),
 .UNSPECIFIED.,.F.,.F.,(4,1,4),(0.,0.0183735155814206,0.0370708595158056),
 .UNSPECIFIED.);
#98=B_SPLINE_CURVE_WITH_KNOTS('',3,(#8750,#8751,#8752,#8753,#8754),
 .UNSPECIFIED.,.F.,.F.,(4,1,4),(0.,0.0559058988317474,0.0867257703865233),
 .UNSPECIFIED.);
#99=B_SPLINE_CURVE_WITH_KNOTS('',3,(#8771,#8772,#8773,#8774,#8775),
 .UNSPECIFIED.,.F.,.F.,(4,1,4),(0.,0.0176950326161023,0.0453962406627712),
 .UNSPECIFIED.);
#100=B_SPLINE_CURVE_WITH_KNOTS('',3,(#8788,#8789,#8790,#8791,#8792),
 .UNSPECIFIED.,.F.,.F.,(4,1,4),(0.,0.0176137902064585,0.037017222556955),
 .UNSPECIFIED.);
#101=B_SPLINE_CURVE_WITH_KNOTS('',3,(#8805,#8806,#8807,#8808,#8809),
 .UNSPECIFIED.,.F.,.F.,(4,1,4),(0.,0.0224071742750694,0.040904157718836),
 .UNSPECIFIED.);
#102=B_SPLINE_CURVE_WITH_KNOTS('',3,(#8822,#8823,#8824,#8825,#8826),
 .UNSPECIFIED.,.F.,.F.,(4,1,4),(0.,0.033699646463152,0.0611630209222178),
 .UNSPECIFIED.);
#103=B_SPLINE_CURVE_WITH_KNOTS('',3,(#8839,#8840,#8841,#8842,#8843),
 .UNSPECIFIED.,.F.,.F.,(4,1,4),(0.,0.0315742897773274,0.0667969640682338),
 .UNSPECIFIED.);
#104=B_SPLINE_CURVE_WITH_KNOTS('',3,(#8856,#8857,#8858,#8859,#8860),
 .UNSPECIFIED.,.F.,.F.,(4,1,4),(0.,0.0248651419761339,0.0528085180921837),
 .UNSPECIFIED.);
#105=B_SPLINE_CURVE_WITH_KNOTS('',3,(#8873,#8874,#8875,#8876,#8877),
 .UNSPECIFIED.,.F.,.F.,(4,1,4),(0.,0.0291805255375751,0.0546197351136543),
 .UNSPECIFIED.);
#106=B_SPLINE_CURVE_WITH_KNOTS('',3,(#8894,#8895,#8896,#8897,#8898),
 .UNSPECIFIED.,.F.,.F.,(4,1,4),(0.,0.0221110849200414,0.0501388999204335),
 .UNSPECIFIED.);
#107=B_SPLINE_CURVE_WITH_KNOTS('',3,(#8911,#8912,#8913,#8914,#8915),
 .UNSPECIFIED.,.F.,.F.,(4,1,4),(0.,0.0302685477146267,0.0531980727023347),
 .UNSPECIFIED.);
#108=B_SPLINE_CURVE_WITH_KNOTS('',3,(#8928,#8929,#8930,#8931,#8932),
 .UNSPECIFIED.,.F.,.F.,(4,1,4),(0.,0.0265187098242649,0.0593212116557879),
 .UNSPECIFIED.);
#109=B_SPLINE_CURVE_WITH_KNOTS('',3,(#8945,#8946,#8947,#8948,#8949),
 .UNSPECIFIED.,.F.,.F.,(4,1,4),(0.,0.0258152924767853,0.0455185033807595),
 .UNSPECIFIED.);
#110=B_SPLINE_CURVE_WITH_KNOTS('',3,(#8962,#8963,#8964,#8965,#8966),
 .UNSPECIFIED.,.F.,.F.,(4,1,4),(0.,0.0082562907233126,0.0128270451155165),
 .UNSPECIFIED.);
#111=B_SPLINE_CURVE_WITH_KNOTS('',3,(#8979,#8980,#8981,#8982,#8983),
 .UNSPECIFIED.,.F.,.F.,(4,1,4),(0.,0.0522193611043987,0.0893114045672862),
 .UNSPECIFIED.);
#112=B_SPLINE_CURVE_WITH_KNOTS('',3,(#8996,#8997,#8998,#8999,#9000),
 .UNSPECIFIED.,.F.,.F.,(4,1,4),(0.,0.0185284106028575,0.0442948605620834),
 .UNSPECIFIED.);
#113=B_SPLINE_CURVE_WITH_KNOTS('',3,(#9013,#9014,#9015,#9016,#9017),
 .UNSPECIFIED.,.F.,.F.,(4,1,4),(0.,0.0191177701139319,0.0389586368041508),
 .UNSPECIFIED.);
#114=B_SPLINE_CURVE_WITH_KNOTS('',3,(#9030,#9031,#9032,#9033,#9034),
 .UNSPECIFIED.,.F.,.F.,(4,1,4),(0.,0.0194079863832433,0.0382384172693878),
 .UNSPECIFIED.);
#115=B_SPLINE_CURVE_WITH_KNOTS('',3,(#9047,#9048,#9049,#9050,#9051),
 .UNSPECIFIED.,.F.,.F.,(4,1,4),(0.,0.0205050326474503,0.0403986739463168),
 .UNSPECIFIED.);
#116=B_SPLINE_CURVE_WITH_KNOTS('',3,(#9064,#9065,#9066,#9067,#9068),
 .UNSPECIFIED.,.F.,.F.,(4,1,4),(0.,0.0328013472759324,0.0664667236473917),
 .UNSPECIFIED.);
#117=B_SPLINE_CURVE_WITH_KNOTS('',3,(#9081,#9082,#9083,#9084,#9085),
 .UNSPECIFIED.,.F.,.F.,(4,1,4),(0.,0.0426245781548296,0.0783724196058103),
 .UNSPECIFIED.);
#118=B_SPLINE_CURVE_WITH_KNOTS('',3,(#9098,#9099,#9100,#9101,#9102),
 .UNSPECIFIED.,.F.,.F.,(4,1,4),(0.,0.0271223684385327,0.0552253326417971),
 .UNSPECIFIED.);
#119=B_SPLINE_CURVE_WITH_KNOTS('',3,(#9115,#9116,#9117,#9118,#9119),
 .UNSPECIFIED.,.F.,.F.,(4,1,4),(0.,0.0332887391726965,0.0621166724835876),
 .UNSPECIFIED.);
#120=B_SPLINE_CURVE_WITH_KNOTS('',3,(#9131,#9132,#9133,#9134,#9135),
 .UNSPECIFIED.,.F.,.F.,(4,1,4),(0.,0.0177239024305477,0.037217178999239),
 .UNSPECIFIED.);
#121=B_SPLINE_CURVE_WITH_KNOTS('',3,(#9139,#9140,#9141,#9142,#9143),
 .UNSPECIFIED.,.F.,.F.,(4,1,4),(0.,0.0472236518971784,0.0880646860559157),
 .UNSPECIFIED.);
#122=B_SPLINE_CURVE_WITH_KNOTS('',3,(#9145,#9146,#9147,#9148,#9149),
 .UNSPECIFIED.,.F.,.F.,(4,1,4),(0.,0.0355120160922447,0.0759312064799118),
 .UNSPECIFIED.);
#123=B_SPLINE_CURVE_WITH_KNOTS('',3,(#9151,#9152,#9153,#9154,#9155),
 .UNSPECIFIED.,.F.,.F.,(4,1,4),(0.,0.0309140566047853,0.063199248314308),
 .UNSPECIFIED.);
#124=B_SPLINE_CURVE_WITH_KNOTS('',3,(#9157,#9158,#9159,#9160,#9161),
 .UNSPECIFIED.,.F.,.F.,(4,1,4),(0.,0.0579129613213442,0.0973865827437614),
 .UNSPECIFIED.);
#125=B_SPLINE_CURVE_WITH_KNOTS('',3,(#9169,#9170,#9171,#9172,#9173),
 .UNSPECIFIED.,.F.,.F.,(4,1,4),(0.,0.0479288558895983,0.0968738479218644),
 .UNSPECIFIED.);
#126=B_SPLINE_CURVE_WITH_KNOTS('',3,(#9175,#9176,#9177,#9178,#9179),
 .UNSPECIFIED.,.F.,.F.,(4,1,4),(0.,0.0341521178384024,0.0704496901888557),
 .UNSPECIFIED.);
#127=B_SPLINE_CURVE_WITH_KNOTS('',3,(#9181,#9182,#9183,#9184,#9185),
 .UNSPECIFIED.,.F.,.F.,(4,1,4),(0.,0.0361019748188645,0.0702339318571244),
 .UNSPECIFIED.);
#128=B_SPLINE_CURVE_WITH_KNOTS('',3,(#9187,#9188,#9189,#9190,#9191),
 .UNSPECIFIED.,.F.,.F.,(4,1,4),(0.,0.0400464989571727,0.0783995750852053),
 .UNSPECIFIED.);
#129=B_SPLINE_CURVE_WITH_KNOTS('',3,(#9193,#9194,#9195,#9196,#9197),
 .UNSPECIFIED.,.F.,.F.,(4,1,4),(0.,0.0533904464905847,0.109988228744359),
 .UNSPECIFIED.);
#130=B_SPLINE_CURVE_WITH_KNOTS('',3,(#9199,#9200,#9201,#9202,#9203),
 .UNSPECIFIED.,.F.,.F.,(4,1,4),(0.,0.0540858580057943,0.105128078216405),
 .UNSPECIFIED.);
#131=B_SPLINE_CURVE_WITH_KNOTS('',3,(#9205,#9206,#9207,#9208,#9209),
 .UNSPECIFIED.,.F.,.F.,(4,1,4),(0.,0.046001404263766,0.0910754215528394),
 .UNSPECIFIED.);
#132=B_SPLINE_CURVE_WITH_KNOTS('',3,(#9211,#9212,#9213,#9214,#9215),
 .UNSPECIFIED.,.F.,.F.,(4,1,4),(0.,0.0234281125324397,0.0632032345636597),
 .UNSPECIFIED.);
#133=B_SPLINE_CURVE_WITH_KNOTS('',3,(#9217,#9218,#9219,#9220,#9221),
 .UNSPECIFIED.,.F.,.F.,(4,1,4),(0.,0.02258076453389,0.0464065690145286),
 .UNSPECIFIED.);
#134=B_SPLINE_CURVE_WITH_KNOTS('',3,(#9223,#9224,#9225,#9226,#9227),
 .UNSPECIFIED.,.F.,.F.,(4,1,4),(0.,0.0304102201827362,0.0550745771804584),
 .UNSPECIFIED.);
#135=B_SPLINE_CURVE_WITH_KNOTS('',3,(#9229,#9230,#9231,#9232,#9233),
 .UNSPECIFIED.,.F.,.F.,(4,1,4),(0.,0.023922029741796,0.0524351332924872),
 .UNSPECIFIED.);
#136=B_SPLINE_CURVE_WITH_KNOTS('',3,(#9235,#9236,#9237,#9238,#9239),
 .UNSPECIFIED.,.F.,.F.,(4,1,4),(0.,0.0199211414608319,0.0370131507195923),
 .UNSPECIFIED.);
#137=B_SPLINE_CURVE_WITH_KNOTS('',3,(#9242,#9243,#9244,#9245,#9246),
 .UNSPECIFIED.,.F.,.F.,(4,1,4),(0.,0.0376112391336026,0.079261795504896),
 .UNSPECIFIED.);
#138=B_SPLINE_CURVE_WITH_KNOTS('',3,(#9260,#9261,#9262,#9263,#9264),
 .UNSPECIFIED.,.F.,.F.,(4,1,4),(0.,0.0472236518971784,0.0880646860559157),
 .UNSPECIFIED.);
#139=B_SPLINE_CURVE_WITH_KNOTS('',3,(#9277,#9278,#9279,#9280,#9281),
 .UNSPECIFIED.,.F.,.F.,(4,1,4),(0.,0.0355120160922447,0.0759312064799118),
 .UNSPECIFIED.);
#140=B_SPLINE_CURVE_WITH_KNOTS('',3,(#9294,#9295,#9296,#9297,#9298),
 .UNSPECIFIED.,.F.,.F.,(4,1,4),(0.,0.0309140566047853,0.063199248314308),
 .UNSPECIFIED.);
#141=B_SPLINE_CURVE_WITH_KNOTS('',3,(#9311,#9312,#9313,#9314,#9315),
 .UNSPECIFIED.,.F.,.F.,(4,1,4),(0.,0.0579129613213442,0.0973865827437614),
 .UNSPECIFIED.);
#142=B_SPLINE_CURVE_WITH_KNOTS('',3,(#9340,#9341,#9342,#9343,#9344),
 .UNSPECIFIED.,.F.,.F.,(4,1,4),(0.,0.0479288558895983,0.0968738479218644),
 .UNSPECIFIED.);
#143=B_SPLINE_CURVE_WITH_KNOTS('',3,(#9357,#9358,#9359,#9360,#9361),
 .UNSPECIFIED.,.F.,.F.,(4,1,4),(0.,0.0341521178384024,0.0704496901888557),
 .UNSPECIFIED.);
#144=B_SPLINE_CURVE_WITH_KNOTS('',3,(#9374,#9375,#9376,#9377,#9378),
 .UNSPECIFIED.,.F.,.F.,(4,1,4),(0.,0.0361019748188645,0.0702339318571244),
 .UNSPECIFIED.);
#145=B_SPLINE_CURVE_WITH_KNOTS('',3,(#9391,#9392,#9393,#9394,#9395),
 .UNSPECIFIED.,.F.,.F.,(4,1,4),(0.,0.0400464989571727,0.0783995750852053),
 .UNSPECIFIED.);
#146=B_SPLINE_CURVE_WITH_KNOTS('',3,(#9408,#9409,#9410,#9411,#9412),
 .UNSPECIFIED.,.F.,.F.,(4,1,4),(0.,0.0533904464905847,0.109988228744359),
 .UNSPECIFIED.);
#147=B_SPLINE_CURVE_WITH_KNOTS('',3,(#9425,#9426,#9427,#9428,#9429),
 .UNSPECIFIED.,.F.,.F.,(4,1,4),(0.,0.0540858580057943,0.105128078216405),
 .UNSPECIFIED.);
#148=B_SPLINE_CURVE_WITH_KNOTS('',3,(#9442,#9443,#9444,#9445,#9446),
 .UNSPECIFIED.,.F.,.F.,(4,1,4),(0.,0.046001404263766,0.0910754215528394),
 .UNSPECIFIED.);
#149=B_SPLINE_CURVE_WITH_KNOTS('',3,(#9459,#9460,#9461,#9462,#9463),
 .UNSPECIFIED.,.F.,.F.,(4,1,4),(0.,0.0234281125324397,0.0632032345636597),
 .UNSPECIFIED.);
#150=B_SPLINE_CURVE_WITH_KNOTS('',3,(#9476,#9477,#9478,#9479,#9480),
 .UNSPECIFIED.,.F.,.F.,(4,1,4),(0.,0.02258076453389,0.0464065690145286),
 .UNSPECIFIED.);
#151=B_SPLINE_CURVE_WITH_KNOTS('',3,(#9493,#9494,#9495,#9496,#9497),
 .UNSPECIFIED.,.F.,.F.,(4,1,4),(0.,0.0304102201827362,0.0550745771804584),
 .UNSPECIFIED.);
#152=B_SPLINE_CURVE_WITH_KNOTS('',3,(#9510,#9511,#9512,#9513,#9514),
 .UNSPECIFIED.,.F.,.F.,(4,1,4),(0.,0.023922029741796,0.0524351332924872),
 .UNSPECIFIED.);
#153=B_SPLINE_CURVE_WITH_KNOTS('',3,(#9527,#9528,#9529,#9530,#9531),
 .UNSPECIFIED.,.F.,.F.,(4,1,4),(0.,0.0199211414608319,0.0370131507195923),
 .UNSPECIFIED.);
#154=B_SPLINE_CURVE_WITH_KNOTS('',3,(#9547,#9548,#9549,#9550,#9551),
 .UNSPECIFIED.,.F.,.F.,(4,1,4),(0.,0.0376112391336026,0.079261795504896),
 .UNSPECIFIED.);
#155=B_SPLINE_CURVE_WITH_KNOTS('',3,(#9582,#9583,#9584,#9585,#9586),
 .UNSPECIFIED.,.F.,.F.,(4,1,4),(0.,0.0335340310302628,0.0806057028318903),
 .UNSPECIFIED.);
#156=B_SPLINE_CURVE_WITH_KNOTS('',3,(#9588,#9589,#9590,#9591,#9592),
 .UNSPECIFIED.,.F.,.F.,(4,1,4),(0.,0.0296502944658812,0.0587149746326379),
 .UNSPECIFIED.);
#157=B_SPLINE_CURVE_WITH_KNOTS('',3,(#9594,#9595,#9596,#9597,#9598),
 .UNSPECIFIED.,.F.,.F.,(4,1,4),(0.,0.0171974385740129,0.0357141332731662),
 .UNSPECIFIED.);
#158=B_SPLINE_CURVE_WITH_KNOTS('',3,(#9600,#9601,#9602,#9603,#9604),
 .UNSPECIFIED.,.F.,.F.,(4,1,4),(0.,0.0155531583793795,0.0317019007066013),
 .UNSPECIFIED.);
#159=B_SPLINE_CURVE_WITH_KNOTS('',3,(#9606,#9607,#9608,#9609,#9610),
 .UNSPECIFIED.,.F.,.F.,(4,1,4),(0.,0.0262668585891399,0.0454116553789991),
 .UNSPECIFIED.);
#160=B_SPLINE_CURVE_WITH_KNOTS('',3,(#9618,#9619,#9620,#9621,#9622),
 .UNSPECIFIED.,.F.,.F.,(4,1,4),(0.,0.0188697628039713,0.0478682935433783),
 .UNSPECIFIED.);
#161=B_SPLINE_CURVE_WITH_KNOTS('',3,(#9624,#9625,#9626,#9627,#9628),
 .UNSPECIFIED.,.F.,.F.,(4,1,4),(0.,0.0191143852463691,0.0395910396223876),
 .UNSPECIFIED.);
#162=B_SPLINE_CURVE_WITH_KNOTS('',3,(#9630,#9631,#9632,#9633,#9634),
 .UNSPECIFIED.,.F.,.F.,(4,1,4),(0.,0.0220700012119299,0.0415084516528664),
 .UNSPECIFIED.);
#163=B_SPLINE_CURVE_WITH_KNOTS('',3,(#9636,#9637,#9638,#9639,#9640),
 .UNSPECIFIED.,.F.,.F.,(4,1,4),(0.,0.0252463905285738,0.0493264317899029),
 .UNSPECIFIED.);
#164=B_SPLINE_CURVE_WITH_KNOTS('',3,(#9642,#9643,#9644,#9645,#9646),
 .UNSPECIFIED.,.F.,.F.,(4,1,4),(0.,0.0529609157303993,0.107489560590895),
 .UNSPECIFIED.);
#165=B_SPLINE_CURVE_WITH_KNOTS('',3,(#9671,#9672,#9673,#9674,#9675),
 .UNSPECIFIED.,.F.,.F.,(4,1,4),(0.,0.0335340310302628,0.0806057028318903),
 .UNSPECIFIED.);
#166=B_SPLINE_CURVE_WITH_KNOTS('',3,(#9688,#9689,#9690,#9691,#9692),
 .UNSPECIFIED.,.F.,.F.,(4,1,4),(0.,0.0296502944658812,0.0587149746326379),
 .UNSPECIFIED.);
#167=B_SPLINE_CURVE_WITH_KNOTS('',3,(#9705,#9706,#9707,#9708,#9709),
 .UNSPECIFIED.,.F.,.F.,(4,1,4),(0.,0.0171974385740129,0.0357141332731662),
 .UNSPECIFIED.);
#168=B_SPLINE_CURVE_WITH_KNOTS('',3,(#9722,#9723,#9724,#9725,#9726),
 .UNSPECIFIED.,.F.,.F.,(4,1,4),(0.,0.0155531583793795,0.0317019007066013),
 .UNSPECIFIED.);
#169=B_SPLINE_CURVE_WITH_KNOTS('',3,(#9739,#9740,#9741,#9742,#9743),
 .UNSPECIFIED.,.F.,.F.,(4,1,4),(0.,0.0262668585891399,0.0454116553789991),
 .UNSPECIFIED.);
#170=B_SPLINE_CURVE_WITH_KNOTS('',3,(#9768,#9769,#9770,#9771,#9772),
 .UNSPECIFIED.,.F.,.F.,(4,1,4),(0.,0.0188697628039713,0.0478682935433783),
 .UNSPECIFIED.);
#171=B_SPLINE_CURVE_WITH_KNOTS('',3,(#9785,#9786,#9787,#9788,#9789),
 .UNSPECIFIED.,.F.,.F.,(4,1,4),(0.,0.0191143852463691,0.0395910396223876),
 .UNSPECIFIED.);
#172=B_SPLINE_CURVE_WITH_KNOTS('',3,(#9802,#9803,#9804,#9805,#9806),
 .UNSPECIFIED.,.F.,.F.,(4,1,4),(0.,0.0220700012119299,0.0415084516528664),
 .UNSPECIFIED.);
#173=B_SPLINE_CURVE_WITH_KNOTS('',3,(#9819,#9820,#9821,#9822,#9823),
 .UNSPECIFIED.,.F.,.F.,(4,1,4),(0.,0.0252463905285738,0.0493264317899029),
 .UNSPECIFIED.);
#174=B_SPLINE_CURVE_WITH_KNOTS('',3,(#9836,#9837,#9838,#9839,#9840),
 .UNSPECIFIED.,.F.,.F.,(4,1,4),(0.,0.0529609157303993,0.107489560590895),
 .UNSPECIFIED.);
#175=B_SPLINE_CURVE_WITH_KNOTS('',3,(#9859,#9860,#9861,#9862,#9863),
 .UNSPECIFIED.,.F.,.F.,(4,1,4),(0.,0.0415617074586327,0.0808375840805556),
 .UNSPECIFIED.);
#176=B_SPLINE_CURVE_WITH_KNOTS('',3,(#9865,#9866,#9867,#9868,#9869),
 .UNSPECIFIED.,.F.,.F.,(4,1,4),(0.,0.0355943953549387,0.0711731326151048),
 .UNSPECIFIED.);
#177=B_SPLINE_CURVE_WITH_KNOTS('',3,(#9871,#9872,#9873,#9874,#9875),
 .UNSPECIFIED.,.F.,.F.,(4,1,4),(0.,0.038297661961546,0.0743707007514989),
 .UNSPECIFIED.);
#178=B_SPLINE_CURVE_WITH_KNOTS('',3,(#9877,#9878,#9879,#9880,#9881),
 .UNSPECIFIED.,.F.,.F.,(4,1,4),(0.,0.0479274162958346,0.0907096110121019),
 .UNSPECIFIED.);
#179=B_SPLINE_CURVE_WITH_KNOTS('',3,(#9883,#9884,#9885,#9886,#9887),
 .UNSPECIFIED.,.F.,.F.,(4,1,4),(0.,0.0389778607058465,0.0780875206713846),
 .UNSPECIFIED.);
#180=B_SPLINE_CURVE_WITH_KNOTS('',3,(#9889,#9890,#9891,#9892,#9893),
 .UNSPECIFIED.,.F.,.F.,(4,1,4),(0.,0.0369485921320406,0.0745488242638662),
 .UNSPECIFIED.);
#181=B_SPLINE_CURVE_WITH_KNOTS('',3,(#9895,#9896,#9897,#9898,#9899),
 .UNSPECIFIED.,.F.,.F.,(4,1,4),(0.,0.0426851557604751,0.0811900222994144),
 .UNSPECIFIED.);
#182=B_SPLINE_CURVE_WITH_KNOTS('',3,(#9901,#9902,#9903,#9904,#9905),
 .UNSPECIFIED.,.F.,.F.,(4,1,4),(0.,0.0334037492206878,0.070438546594447),
 .UNSPECIFIED.);
#183=B_SPLINE_CURVE_WITH_KNOTS('',3,(#9907,#9908,#9909,#9910,#9911),
 .UNSPECIFIED.,.F.,.F.,(4,1,4),(0.,0.0413973231184297,0.0762196306635078),
 .UNSPECIFIED.);
#184=B_SPLINE_CURVE_WITH_KNOTS('',3,(#9915,#9916,#9917,#9918,#9919),
 .UNSPECIFIED.,.F.,.F.,(4,1,4),(0.,0.0505696769243811,0.104572963385388),
 .UNSPECIFIED.);
#185=B_SPLINE_CURVE_WITH_KNOTS('',3,(#9921,#9922,#9923,#9924,#9925),
 .UNSPECIFIED.,.F.,.F.,(4,1,4),(0.,0.0557780573126079,0.106905675574985),
 .UNSPECIFIED.);
#186=B_SPLINE_CURVE_WITH_KNOTS('',3,(#9927,#9928,#9929,#9930,#9931),
 .UNSPECIFIED.,.F.,.F.,(4,1,4),(0.,0.0496996131705332,0.1007738778178),
 .UNSPECIFIED.);
#187=B_SPLINE_CURVE_WITH_KNOTS('',3,(#9933,#9934,#9935,#9936,#9937),
 .UNSPECIFIED.,.F.,.F.,(4,1,4),(0.,0.0501155953600371,0.0991757222580385),
 .UNSPECIFIED.);
#188=B_SPLINE_CURVE_WITH_KNOTS('',3,(#9939,#9940,#9941,#9942,#9943),
 .UNSPECIFIED.,.F.,.F.,(4,1,4),(0.,0.0587962741009775,0.112387706143486),
 .UNSPECIFIED.);
#189=B_SPLINE_CURVE_WITH_KNOTS('',3,(#9945,#9946,#9947,#9948,#9949),
 .UNSPECIFIED.,.F.,.F.,(4,1,4),(0.,0.0541481623010019,0.109856558643233),
 .UNSPECIFIED.);
#190=B_SPLINE_CURVE_WITH_KNOTS('',3,(#9951,#9952,#9953,#9954,#9955),
 .UNSPECIFIED.,.F.,.F.,(4,1,4),(0.,0.0480784378899139,0.0992076363423169),
 .UNSPECIFIED.);
#191=B_SPLINE_CURVE_WITH_KNOTS('',3,(#9957,#9958,#9959,#9960,#9961),
 .UNSPECIFIED.,.F.,.F.,(4,1,4),(0.,0.0589973024578044,0.109567623035917),
 .UNSPECIFIED.);
#192=B_SPLINE_CURVE_WITH_KNOTS('',3,(#9963,#9964,#9965,#9966,#9967),
 .UNSPECIFIED.,.F.,.F.,(4,1,4),(0.,0.0544880438420495,0.112793851339231),
 .UNSPECIFIED.);
#193=B_SPLINE_CURVE_WITH_KNOTS('',3,(#9969,#9970,#9971,#9972,#9973),
 .UNSPECIFIED.,.F.,.F.,(4,1,4),(0.,0.0620109426588485,0.117706754684122),
 .UNSPECIFIED.);
#194=B_SPLINE_CURVE_WITH_KNOTS('',3,(#9976,#9977,#9978,#9979,#9980),
 .UNSPECIFIED.,.F.,.F.,(4,1,4),(0.,0.0410258950470765,0.088062611677254),
 .UNSPECIFIED.);
#195=B_SPLINE_CURVE_WITH_KNOTS('',3,(#9994,#9995,#9996,#9997,#9998),
 .UNSPECIFIED.,.F.,.F.,(4,1,4),(0.,0.0415617074586327,0.0808375840805556),
 .UNSPECIFIED.);
#196=B_SPLINE_CURVE_WITH_KNOTS('',3,(#10011,#10012,#10013,#10014,#10015),
 .UNSPECIFIED.,.F.,.F.,(4,1,4),(0.,0.0355943953549387,0.0711731326151048),
 .UNSPECIFIED.);
#197=B_SPLINE_CURVE_WITH_KNOTS('',3,(#10028,#10029,#10030,#10031,#10032),
 .UNSPECIFIED.,.F.,.F.,(4,1,4),(0.,0.038297661961546,0.0743707007514989),
 .UNSPECIFIED.);
#198=B_SPLINE_CURVE_WITH_KNOTS('',3,(#10045,#10046,#10047,#10048,#10049),
 .UNSPECIFIED.,.F.,.F.,(4,1,4),(0.,0.0479274162958346,0.0907096110121019),
 .UNSPECIFIED.);
#199=B_SPLINE_CURVE_WITH_KNOTS('',3,(#10062,#10063,#10064,#10065,#10066),
 .UNSPECIFIED.,.F.,.F.,(4,1,4),(0.,0.0389778607058465,0.0780875206713846),
 .UNSPECIFIED.);
#200=B_SPLINE_CURVE_WITH_KNOTS('',3,(#10079,#10080,#10081,#10082,#10083),
 .UNSPECIFIED.,.F.,.F.,(4,1,4),(0.,0.0369485921320406,0.0745488242638662),
 .UNSPECIFIED.);
#201=B_SPLINE_CURVE_WITH_KNOTS('',3,(#10096,#10097,#10098,#10099,#10100),
 .UNSPECIFIED.,.F.,.F.,(4,1,4),(0.,0.0426851557604751,0.0811900222994144),
 .UNSPECIFIED.);
#202=B_SPLINE_CURVE_WITH_KNOTS('',3,(#10113,#10114,#10115,#10116,#10117),
 .UNSPECIFIED.,.F.,.F.,(4,1,4),(0.,0.0334037492206878,0.070438546594447),
 .UNSPECIFIED.);
#203=B_SPLINE_CURVE_WITH_KNOTS('',3,(#10130,#10131,#10132,#10133,#10134),
 .UNSPECIFIED.,.F.,.F.,(4,1,4),(0.,0.0413973231184297,0.0762196306635078),
 .UNSPECIFIED.);
#204=B_SPLINE_CURVE_WITH_KNOTS('',3,(#10151,#10152,#10153,#10154,#10155),
 .UNSPECIFIED.,.F.,.F.,(4,1,4),(0.,0.0505696769243811,0.104572963385388),
 .UNSPECIFIED.);
#205=B_SPLINE_CURVE_WITH_KNOTS('',3,(#10168,#10169,#10170,#10171,#10172),
 .UNSPECIFIED.,.F.,.F.,(4,1,4),(0.,0.0557780573126079,0.106905675574985),
 .UNSPECIFIED.);
#206=B_SPLINE_CURVE_WITH_KNOTS('',3,(#10185,#10186,#10187,#10188,#10189),
 .UNSPECIFIED.,.F.,.F.,(4,1,4),(0.,0.0496996131705332,0.1007738778178),
 .UNSPECIFIED.);
#207=B_SPLINE_CURVE_WITH_KNOTS('',3,(#10202,#10203,#10204,#10205,#10206),
 .UNSPECIFIED.,.F.,.F.,(4,1,4),(0.,0.0501155953600371,0.0991757222580385),
 .UNSPECIFIED.);
#208=B_SPLINE_CURVE_WITH_KNOTS('',3,(#10219,#10220,#10221,#10222,#10223),
 .UNSPECIFIED.,.F.,.F.,(4,1,4),(0.,0.0587962741009775,0.112387706143486),
 .UNSPECIFIED.);
#209=B_SPLINE_CURVE_WITH_KNOTS('',3,(#10236,#10237,#10238,#10239,#10240),
 .UNSPECIFIED.,.F.,.F.,(4,1,4),(0.,0.0541481623010019,0.109856558643233),
 .UNSPECIFIED.);
#210=B_SPLINE_CURVE_WITH_KNOTS('',3,(#10253,#10254,#10255,#10256,#10257),
 .UNSPECIFIED.,.F.,.F.,(4,1,4),(0.,0.0480784378899139,0.0992076363423169),
 .UNSPECIFIED.);
#211=B_SPLINE_CURVE_WITH_KNOTS('',3,(#10270,#10271,#10272,#10273,#10274),
 .UNSPECIFIED.,.F.,.F.,(4,1,4),(0.,0.0589973024578044,0.109567623035917),
 .UNSPECIFIED.);
#212=B_SPLINE_CURVE_WITH_KNOTS('',3,(#10287,#10288,#10289,#10290,#10291),
 .UNSPECIFIED.,.F.,.F.,(4,1,4),(0.,0.0544880438420495,0.112793851339231),
 .UNSPECIFIED.);
#213=B_SPLINE_CURVE_WITH_KNOTS('',3,(#10304,#10305,#10306,#10307,#10308),
 .UNSPECIFIED.,.F.,.F.,(4,1,4),(0.,0.0620109426588485,0.117706754684122),
 .UNSPECIFIED.);
#214=B_SPLINE_CURVE_WITH_KNOTS('',3,(#10324,#10325,#10326,#10327,#10328),
 .UNSPECIFIED.,.F.,.F.,(4,1,4),(0.,0.0410258950470765,0.088062611677254),
 .UNSPECIFIED.);
#215=B_SPLINE_CURVE_WITH_KNOTS('',3,(#10357,#10358,#10359,#10360,#10361),
 .UNSPECIFIED.,.F.,.F.,(4,1,4),(0.,0.0472236518971784,0.0880644706243844),
 .UNSPECIFIED.);
#216=B_SPLINE_CURVE_WITH_KNOTS('',3,(#10363,#10364,#10365,#10366,#10367),
 .UNSPECIFIED.,.F.,.F.,(4,1,4),(0.,0.0355121279494762,0.0759313183371433),
 .UNSPECIFIED.);
#217=B_SPLINE_CURVE_WITH_KNOTS('',3,(#10369,#10370,#10371,#10372,#10373),
 .UNSPECIFIED.,.F.,.F.,(4,1,4),(0.,0.0309141252576665,0.0631993169671893),
 .UNSPECIFIED.);
#218=B_SPLINE_CURVE_WITH_KNOTS('',3,(#10375,#10376,#10377,#10378,#10379),
 .UNSPECIFIED.,.F.,.F.,(4,1,4),(0.,0.0579129613213442,0.0973865203246503),
 .UNSPECIFIED.);
#219=B_SPLINE_CURVE_WITH_KNOTS('',3,(#10387,#10388,#10389,#10390,#10391),
 .UNSPECIFIED.,.F.,.F.,(4,1,4),(0.,0.0479288558895983,0.0968737558813276),
 .UNSPECIFIED.);
#220=B_SPLINE_CURVE_WITH_KNOTS('',3,(#10393,#10394,#10395,#10396,#10397),
 .UNSPECIFIED.,.F.,.F.,(4,1,4),(0.,0.0341521178384024,0.0704498083621724),
 .UNSPECIFIED.);
#221=B_SPLINE_CURVE_WITH_KNOTS('',3,(#10399,#10400,#10401,#10402,#10403),
 .UNSPECIFIED.,.F.,.F.,(4,1,4),(0.,0.0361019748188645,0.0702339318571244),
 .UNSPECIFIED.);
#222=B_SPLINE_CURVE_WITH_KNOTS('',3,(#10405,#10406,#10407,#10408,#10409),
 .UNSPECIFIED.,.F.,.F.,(4,1,4),(0.,0.0400465101251115,0.0783995512699957),
 .UNSPECIFIED.);
#223=B_SPLINE_CURVE_WITH_KNOTS('',3,(#10411,#10412,#10413,#10414,#10415),
 .UNSPECIFIED.,.F.,.F.,(4,1,4),(0.,0.0533904464905847,0.109988228744359),
 .UNSPECIFIED.);
#224=B_SPLINE_CURVE_WITH_KNOTS('',3,(#10417,#10418,#10419,#10420,#10421),
 .UNSPECIFIED.,.F.,.F.,(4,1,4),(0.,0.0540860916429064,0.105128127370124),
 .UNSPECIFIED.);
#225=B_SPLINE_CURVE_WITH_KNOTS('',3,(#10423,#10424,#10425,#10426,#10427),
 .UNSPECIFIED.,.F.,.F.,(4,1,4),(0.,0.0460013105763735,0.0910753278654469),
 .UNSPECIFIED.);
#226=B_SPLINE_CURVE_WITH_KNOTS('',3,(#10429,#10430,#10431,#10432,#10433),
 .UNSPECIFIED.,.F.,.F.,(4,1,4),(0.,0.0234281125324397,0.0632032300655046),
 .UNSPECIFIED.);
#227=B_SPLINE_CURVE_WITH_KNOTS('',3,(#10435,#10436,#10437,#10438,#10439),
 .UNSPECIFIED.,.F.,.F.,(4,1,4),(0.,0.02258076453389,0.0464065690145286),
 .UNSPECIFIED.);
#228=B_SPLINE_CURVE_WITH_KNOTS('',3,(#10441,#10442,#10443,#10444,#10445),
 .UNSPECIFIED.,.F.,.F.,(4,1,4),(0.,0.0304101017255383,0.0550746756582579),
 .UNSPECIFIED.);
#229=B_SPLINE_CURVE_WITH_KNOTS('',3,(#10447,#10448,#10449,#10450,#10451),
 .UNSPECIFIED.,.F.,.F.,(4,1,4),(0.,0.0239221374963747,0.052435122693652),
 .UNSPECIFIED.);
#230=B_SPLINE_CURVE_WITH_KNOTS('',3,(#10453,#10454,#10455,#10456,#10457),
 .UNSPECIFIED.,.F.,.F.,(4,1,4),(0.,0.0199211075810563,0.0370131168398167),
 .UNSPECIFIED.);
#231=B_SPLINE_CURVE_WITH_KNOTS('',3,(#10460,#10461,#10462,#10463,#10464),
 .UNSPECIFIED.,.F.,.F.,(4,1,4),(0.,0.0376113141555651,0.0792618705268585),
 .UNSPECIFIED.);
#232=B_SPLINE_CURVE_WITH_KNOTS('',3,(#10478,#10479,#10480,#10481,#10482),
 .UNSPECIFIED.,.F.,.F.,(4,1,4),(0.,0.0472236518971784,0.0880644706243844),
 .UNSPECIFIED.);
#233=B_SPLINE_CURVE_WITH_KNOTS('',3,(#10495,#10496,#10497,#10498,#10499),
 .UNSPECIFIED.,.F.,.F.,(4,1,4),(0.,0.0355121279494762,0.0759313183371433),
 .UNSPECIFIED.);
#234=B_SPLINE_CURVE_WITH_KNOTS('',3,(#10512,#10513,#10514,#10515,#10516),
 .UNSPECIFIED.,.F.,.F.,(4,1,4),(0.,0.0309141252576665,0.0631993169671893),
 .UNSPECIFIED.);
#235=B_SPLINE_CURVE_WITH_KNOTS('',3,(#10529,#10530,#10531,#10532,#10533),
 .UNSPECIFIED.,.F.,.F.,(4,1,4),(0.,0.0579129613213442,0.0973865203246503),
 .UNSPECIFIED.);
#236=B_SPLINE_CURVE_WITH_KNOTS('',3,(#10558,#10559,#10560,#10561,#10562),
 .UNSPECIFIED.,.F.,.F.,(4,1,4),(0.,0.0479288558895983,0.0968737558813276),
 .UNSPECIFIED.);
#237=B_SPLINE_CURVE_WITH_KNOTS('',3,(#10575,#10576,#10577,#10578,#10579),
 .UNSPECIFIED.,.F.,.F.,(4,1,4),(0.,0.0341521178384024,0.0704498083621724),
 .UNSPECIFIED.);
#238=B_SPLINE_CURVE_WITH_KNOTS('',3,(#10592,#10593,#10594,#10595,#10596),
 .UNSPECIFIED.,.F.,.F.,(4,1,4),(0.,0.0361019748188645,0.0702339318571244),
 .UNSPECIFIED.);
#239=B_SPLINE_CURVE_WITH_KNOTS('',3,(#10609,#10610,#10611,#10612,#10613),
 .UNSPECIFIED.,.F.,.F.,(4,1,4),(0.,0.0400465101251115,0.0783995512699957),
 .UNSPECIFIED.);
#240=B_SPLINE_CURVE_WITH_KNOTS('',3,(#10626,#10627,#10628,#10629,#10630),
 .UNSPECIFIED.,.F.,.F.,(4,1,4),(0.,0.0533904464905847,0.109988228744359),
 .UNSPECIFIED.);
#241=B_SPLINE_CURVE_WITH_KNOTS('',3,(#10643,#10644,#10645,#10646,#10647),
 .UNSPECIFIED.,.F.,.F.,(4,1,4),(0.,0.0540860916429064,0.105128127370124),
 .UNSPECIFIED.);
#242=B_SPLINE_CURVE_WITH_KNOTS('',3,(#10660,#10661,#10662,#10663,#10664),
 .UNSPECIFIED.,.F.,.F.,(4,1,4),(0.,0.0460013105763735,0.0910753278654469),
 .UNSPECIFIED.);
#243=B_SPLINE_CURVE_WITH_KNOTS('',3,(#10677,#10678,#10679,#10680,#10681),
 .UNSPECIFIED.,.F.,.F.,(4,1,4),(0.,0.0234281125324397,0.0632032300655046),
 .UNSPECIFIED.);
#244=B_SPLINE_CURVE_WITH_KNOTS('',3,(#10694,#10695,#10696,#10697,#10698),
 .UNSPECIFIED.,.F.,.F.,(4,1,4),(0.,0.02258076453389,0.0464065690145286),
 .UNSPECIFIED.);
#245=B_SPLINE_CURVE_WITH_KNOTS('',3,(#10711,#10712,#10713,#10714,#10715),
 .UNSPECIFIED.,.F.,.F.,(4,1,4),(0.,0.0304101017255383,0.0550746756582579),
 .UNSPECIFIED.);
#246=B_SPLINE_CURVE_WITH_KNOTS('',3,(#10728,#10729,#10730,#10731,#10732),
 .UNSPECIFIED.,.F.,.F.,(4,1,4),(0.,0.0239221374963747,0.052435122693652),
 .UNSPECIFIED.);
#247=B_SPLINE_CURVE_WITH_KNOTS('',3,(#10745,#10746,#10747,#10748,#10749),
 .UNSPECIFIED.,.F.,.F.,(4,1,4),(0.,0.0199211075810563,0.0370131168398167),
 .UNSPECIFIED.);
#248=B_SPLINE_CURVE_WITH_KNOTS('',3,(#10765,#10766,#10767,#10768,#10769),
 .UNSPECIFIED.,.F.,.F.,(4,1,4),(0.,0.0376113141555651,0.0792618705268585),
 .UNSPECIFIED.);
#249=B_SPLINE_CURVE_WITH_KNOTS('',3,(#10775,#10776,#10777,#10778,#10779),
 .UNSPECIFIED.,.F.,.F.,(4,1,4),(0.,0.028100410582445,0.0580475935432085),
 .UNSPECIFIED.);
#250=B_SPLINE_CURVE_WITH_KNOTS('',3,(#10781,#10782,#10783,#10784,#10785),
 .UNSPECIFIED.,.F.,.F.,(4,1,4),(0.,0.0159465585238631,0.0329106945143603),
 .UNSPECIFIED.);
#251=B_SPLINE_CURVE_WITH_KNOTS('',3,(#10787,#10788,#10789,#10790,#10791),
 .UNSPECIFIED.,.F.,.F.,(4,1,4),(0.,0.0154704657589337,0.0309266826755608),
 .UNSPECIFIED.);
#252=B_SPLINE_CURVE_WITH_KNOTS('',3,(#10793,#10794,#10795,#10796,#10797),
 .UNSPECIFIED.,.F.,.F.,(4,1,4),(0.,0.0196974851026167,0.0379010426687692),
 .UNSPECIFIED.);
#253=B_SPLINE_CURVE_WITH_KNOTS('',3,(#10801,#10802,#10803,#10804,#10805),
 .UNSPECIFIED.,.F.,.F.,(4,1,4),(0.,0.0253448827468943,0.0534204449991039),
 .UNSPECIFIED.);
#254=B_SPLINE_CURVE_WITH_KNOTS('',3,(#10807,#10808,#10809,#10810,#10811),
 .UNSPECIFIED.,.F.,.F.,(4,1,4),(0.,0.0167481322917287,0.0334035769917227),
 .UNSPECIFIED.);
#255=B_SPLINE_CURVE_WITH_KNOTS('',3,(#10813,#10814,#10815,#10816,#10817),
 .UNSPECIFIED.,.F.,.F.,(4,1,4),(0.,0.03031498421676,0.0515620502850884),
 .UNSPECIFIED.);
#256=B_SPLINE_CURVE_WITH_KNOTS('',3,(#10842,#10843,#10844,#10845,#10846),
 .UNSPECIFIED.,.F.,.F.,(4,1,4),(0.,0.028100410582445,0.0580475935432085),
 .UNSPECIFIED.);
#257=B_SPLINE_CURVE_WITH_KNOTS('',3,(#10859,#10860,#10861,#10862,#10863),
 .UNSPECIFIED.,.F.,.F.,(4,1,4),(0.,0.0159465585238631,0.0329106945143603),
 .UNSPECIFIED.);
#258=B_SPLINE_CURVE_WITH_KNOTS('',3,(#10876,#10877,#10878,#10879,#10880),
 .UNSPECIFIED.,.F.,.F.,(4,1,4),(0.,0.0154704657589337,0.0309266826755608),
 .UNSPECIFIED.);
#259=B_SPLINE_CURVE_WITH_KNOTS('',3,(#10893,#10894,#10895,#10896,#10897),
 .UNSPECIFIED.,.F.,.F.,(4,1,4),(0.,0.0196974851026167,0.0379010426687692),
 .UNSPECIFIED.);
#260=B_SPLINE_CURVE_WITH_KNOTS('',3,(#10914,#10915,#10916,#10917,#10918),
 .UNSPECIFIED.,.F.,.F.,(4,1,4),(0.,0.0253448827468943,0.0534204449991039),
 .UNSPECIFIED.);
#261=B_SPLINE_CURVE_WITH_KNOTS('',3,(#10931,#10932,#10933,#10934,#10935),
 .UNSPECIFIED.,.F.,.F.,(4,1,4),(0.,0.0167481322917287,0.0334035769917227),
 .UNSPECIFIED.);
#262=B_SPLINE_CURVE_WITH_KNOTS('',3,(#10948,#10949,#10950,#10951,#10952),
 .UNSPECIFIED.,.F.,.F.,(4,1,4),(0.,0.03031498421676,0.0515620502850884),
 .UNSPECIFIED.);
#263=B_SPLINE_CURVE_WITH_KNOTS('',3,(#10973,#10974,#10975,#10976,#10977),
 .UNSPECIFIED.,.F.,.F.,(4,1,4),(0.,0.0238592528129226,0.0543509271179246),
 .UNSPECIFIED.);
#264=B_SPLINE_CURVE_WITH_KNOTS('',3,(#10979,#10980,#10981,#10982,#10983),
 .UNSPECIFIED.,.F.,.F.,(4,1,4),(0.,0.0211946165529236,0.0417186879528997),
 .UNSPECIFIED.);
#265=B_SPLINE_CURVE_WITH_KNOTS('',3,(#10985,#10986,#10987,#10988,#10989),
 .UNSPECIFIED.,.F.,.F.,(4,1,4),(0.,0.0213683787912143,0.0429900689013266),
 .UNSPECIFIED.);
#266=B_SPLINE_CURVE_WITH_KNOTS('',3,(#10991,#10992,#10993,#10994,#10995),
 .UNSPECIFIED.,.F.,.F.,(4,1,4),(0.,0.0230157975114561,0.049240287706203),
 .UNSPECIFIED.);
#267=B_SPLINE_CURVE_WITH_KNOTS('',3,(#10997,#10998,#10999,#11000,#11001),
 .UNSPECIFIED.,.F.,.F.,(4,1,4),(0.,0.0320704828702097,0.0569359747252436),
 .UNSPECIFIED.);
#268=B_SPLINE_CURVE_WITH_KNOTS('',3,(#11009,#11010,#11011,#11012,#11013),
 .UNSPECIFIED.,.F.,.F.,(4,1,4),(0.,0.0284750692042033,0.0660792435341551),
 .UNSPECIFIED.);
#269=B_SPLINE_CURVE_WITH_KNOTS('',3,(#11015,#11016,#11017,#11018,#11019),
 .UNSPECIFIED.,.F.,.F.,(4,1,4),(0.,0.0253550030881694,0.0495062810953159),
 .UNSPECIFIED.);
#270=B_SPLINE_CURVE_WITH_KNOTS('',3,(#11021,#11022,#11023,#11024,#11025),
 .UNSPECIFIED.,.F.,.F.,(4,1,4),(0.,0.0302486280018075,0.0577969078878006),
 .UNSPECIFIED.);
#271=B_SPLINE_CURVE_WITH_KNOTS('',3,(#11027,#11028,#11029,#11030,#11031),
 .UNSPECIFIED.,.F.,.F.,(4,1,4),(0.,0.0490347006566677,0.097944791203822),
 .UNSPECIFIED.);
#272=B_SPLINE_CURVE_WITH_KNOTS('',3,(#11056,#11057,#11058,#11059,#11060),
 .UNSPECIFIED.,.F.,.F.,(4,1,4),(0.,0.0238592528129226,0.0543509271179246),
 .UNSPECIFIED.);
#273=B_SPLINE_CURVE_WITH_KNOTS('',3,(#11073,#11074,#11075,#11076,#11077),
 .UNSPECIFIED.,.F.,.F.,(4,1,4),(0.,0.0211946165529236,0.0417186879528997),
 .UNSPECIFIED.);
#274=B_SPLINE_CURVE_WITH_KNOTS('',3,(#11090,#11091,#11092,#11093,#11094),
 .UNSPECIFIED.,.F.,.F.,(4,1,4),(0.,0.0213683787912143,0.0429900689013266),
 .UNSPECIFIED.);
#275=B_SPLINE_CURVE_WITH_KNOTS('',3,(#11107,#11108,#11109,#11110,#11111),
 .UNSPECIFIED.,.F.,.F.,(4,1,4),(0.,0.0230157975114561,0.049240287706203),
 .UNSPECIFIED.);
#276=B_SPLINE_CURVE_WITH_KNOTS('',3,(#11124,#11125,#11126,#11127,#11128),
 .UNSPECIFIED.,.F.,.F.,(4,1,4),(0.,0.0320704828702097,0.0569359747252436),
 .UNSPECIFIED.);
#277=B_SPLINE_CURVE_WITH_KNOTS('',3,(#11153,#11154,#11155,#11156,#11157),
 .UNSPECIFIED.,.F.,.F.,(4,1,4),(0.,0.0284750692042033,0.0660792435341551),
 .UNSPECIFIED.);
#278=B_SPLINE_CURVE_WITH_KNOTS('',3,(#11170,#11171,#11172,#11173,#11174),
 .UNSPECIFIED.,.F.,.F.,(4,1,4),(0.,0.0253550030881694,0.0495062810953159),
 .UNSPECIFIED.);
#279=B_SPLINE_CURVE_WITH_KNOTS('',3,(#11187,#11188,#11189,#11190,#11191),
 .UNSPECIFIED.,.F.,.F.,(4,1,4),(0.,0.0302486280018075,0.0577969078878006),
 .UNSPECIFIED.);
#280=B_SPLINE_CURVE_WITH_KNOTS('',3,(#11204,#11205,#11206,#11207,#11208),
 .UNSPECIFIED.,.F.,.F.,(4,1,4),(0.,0.0490347006566677,0.097944791203822),
 .UNSPECIFIED.);
#281=B_SPLINE_CURVE_WITH_KNOTS('',3,(#11301,#11302,#11303,#11304,#11305),
 .UNSPECIFIED.,.F.,.F.,(4,1,4),(0.,0.0269027853829028,0.0524061088284685),
 .UNSPECIFIED.);
#282=B_SPLINE_CURVE_WITH_KNOTS('',3,(#11307,#11308,#11309,#11310,#11311),
 .UNSPECIFIED.,.F.,.F.,(4,1,4),(0.,0.0325400833824304,0.065810420817577),
 .UNSPECIFIED.);
#283=B_SPLINE_CURVE_WITH_KNOTS('',3,(#11313,#11314,#11315,#11316,#11317),
 .UNSPECIFIED.,.F.,.F.,(4,1,4),(0.,0.0507186906281003,0.0890358744319364),
 .UNSPECIFIED.);
#284=B_SPLINE_CURVE_WITH_KNOTS('',3,(#11319,#11320,#11321,#11322,#11323),
 .UNSPECIFIED.,.F.,.F.,(4,1,4),(0.,0.038498662343272,0.088664341441591),
 .UNSPECIFIED.);
#285=B_SPLINE_CURVE_WITH_KNOTS('',3,(#11325,#11326,#11327,#11328,#11329),
 .UNSPECIFIED.,.F.,.F.,(4,1,4),(0.,0.0342802752682774,0.0675887110685263),
 .UNSPECIFIED.);
#286=B_SPLINE_CURVE_WITH_KNOTS('',3,(#11331,#11332,#11333,#11334,#11335),
 .UNSPECIFIED.,.F.,.F.,(4,1,4),(0.,0.0220954906110248,0.0451407153683201),
 .UNSPECIFIED.);
#287=B_SPLINE_CURVE_WITH_KNOTS('',3,(#11337,#11338,#11339,#11340,#11341),
 .UNSPECIFIED.,.F.,.F.,(4,1,4),(0.,0.0272686835138616,0.050780054283485),
 .UNSPECIFIED.);
#288=B_SPLINE_CURVE_WITH_KNOTS('',3,(#11345,#11346,#11347,#11348,#11349),
 .UNSPECIFIED.,.F.,.F.,(4,1,4),(0.,0.0379592501387932,0.0792648654430668),
 .UNSPECIFIED.);
#289=B_SPLINE_CURVE_WITH_KNOTS('',3,(#11351,#11352,#11353,#11354,#11355),
 .UNSPECIFIED.,.F.,.F.,(4,1,4),(0.,0.0433189583568109,0.082021305032529),
 .UNSPECIFIED.);
#290=B_SPLINE_CURVE_WITH_KNOTS('',3,(#11357,#11358,#11359,#11360,#11361),
 .UNSPECIFIED.,.F.,.F.,(4,1,4),(0.,0.0357141887535167,0.0719644360899606),
 .UNSPECIFIED.);
#291=B_SPLINE_CURVE_WITH_KNOTS('',3,(#11363,#11364,#11365,#11366,#11367),
 .UNSPECIFIED.,.F.,.F.,(4,1,4),(0.,0.036511782707069,0.071906884602412),
 .UNSPECIFIED.);
#292=B_SPLINE_CURVE_WITH_KNOTS('',3,(#11369,#11370,#11371,#11372,#11373),
 .UNSPECIFIED.,.F.,.F.,(4,1,4),(0.,0.0441687546319401,0.0840439482030706),
 .UNSPECIFIED.);
#293=B_SPLINE_CURVE_WITH_KNOTS('',3,(#11375,#11376,#11377,#11378,#11379),
 .UNSPECIFIED.,.F.,.F.,(4,1,4),(0.,0.0545254199383196,0.119313103622327),
 .UNSPECIFIED.);
#294=B_SPLINE_CURVE_WITH_KNOTS('',3,(#11381,#11382,#11383,#11384,#11385),
 .UNSPECIFIED.,.F.,.F.,(4,1,4),(0.,0.054522890462901,0.10564133815368),
 .UNSPECIFIED.);
#295=B_SPLINE_CURVE_WITH_KNOTS('',3,(#11387,#11388,#11389,#11390,#11391),
 .UNSPECIFIED.,.F.,.F.,(4,1,4),(0.,0.0420473138207211,0.0863717049852045),
 .UNSPECIFIED.);
#296=B_SPLINE_CURVE_WITH_KNOTS('',3,(#11393,#11394,#11395,#11396,#11397),
 .UNSPECIFIED.,.F.,.F.,(4,1,4),(0.,0.0466846599295227,0.0894850065193424),
 .UNSPECIFIED.);
#297=B_SPLINE_CURVE_WITH_KNOTS('',3,(#11400,#11401,#11402,#11403,#11404),
 .UNSPECIFIED.,.F.,.F.,(4,1,4),(0.,0.027516304566784,0.0607441501355044),
 .UNSPECIFIED.);
#298=B_SPLINE_CURVE_WITH_KNOTS('',3,(#11418,#11419,#11420,#11421,#11422),
 .UNSPECIFIED.,.F.,.F.,(4,1,4),(0.,0.0269027853829028,0.0524061088284685),
 .UNSPECIFIED.);
#299=B_SPLINE_CURVE_WITH_KNOTS('',3,(#11435,#11436,#11437,#11438,#11439),
 .UNSPECIFIED.,.F.,.F.,(4,1,4),(0.,0.0325400833824304,0.065810420817577),
 .UNSPECIFIED.);
#300=B_SPLINE_CURVE_WITH_KNOTS('',3,(#11452,#11453,#11454,#11455,#11456),
 .UNSPECIFIED.,.F.,.F.,(4,1,4),(0.,0.0507186906281003,0.0890358744319364),
 .UNSPECIFIED.);
#301=B_SPLINE_CURVE_WITH_KNOTS('',3,(#11469,#11470,#11471,#11472,#11473),
 .UNSPECIFIED.,.F.,.F.,(4,1,4),(0.,0.038498662343272,0.088664341441591),
 .UNSPECIFIED.);
#302=B_SPLINE_CURVE_WITH_KNOTS('',3,(#11486,#11487,#11488,#11489,#11490),
 .UNSPECIFIED.,.F.,.F.,(4,1,4),(0.,0.0342802752682774,0.0675887110685263),
 .UNSPECIFIED.);
#303=B_SPLINE_CURVE_WITH_KNOTS('',3,(#11503,#11504,#11505,#11506,#11507),
 .UNSPECIFIED.,.F.,.F.,(4,1,4),(0.,0.0220954906110248,0.0451407153683201),
 .UNSPECIFIED.);
#304=B_SPLINE_CURVE_WITH_KNOTS('',3,(#11520,#11521,#11522,#11523,#11524),
 .UNSPECIFIED.,.F.,.F.,(4,1,4),(0.,0.0272686835138616,0.050780054283485),
 .UNSPECIFIED.);
#305=B_SPLINE_CURVE_WITH_KNOTS('',3,(#11541,#11542,#11543,#11544,#11545),
 .UNSPECIFIED.,.F.,.F.,(4,1,4),(0.,0.0379592501387932,0.0792648654430668),
 .UNSPECIFIED.);
#306=B_SPLINE_CURVE_WITH_KNOTS('',3,(#11558,#11559,#11560,#11561,#11562),
 .UNSPECIFIED.,.F.,.F.,(4,1,4),(0.,0.0433189583568109,0.082021305032529),
 .UNSPECIFIED.);
#307=B_SPLINE_CURVE_WITH_KNOTS('',3,(#11575,#11576,#11577,#11578,#11579),
 .UNSPECIFIED.,.F.,.F.,(4,1,4),(0.,0.0357141887535167,0.0719644360899606),
 .UNSPECIFIED.);
#308=B_SPLINE_CURVE_WITH_KNOTS('',3,(#11592,#11593,#11594,#11595,#11596),
 .UNSPECIFIED.,.F.,.F.,(4,1,4),(0.,0.036511782707069,0.071906884602412),
 .UNSPECIFIED.);
#309=B_SPLINE_CURVE_WITH_KNOTS('',3,(#11609,#11610,#11611,#11612,#11613),
 .UNSPECIFIED.,.F.,.F.,(4,1,4),(0.,0.0441687546319401,0.0840439482030706),
 .UNSPECIFIED.);
#310=B_SPLINE_CURVE_WITH_KNOTS('',3,(#11626,#11627,#11628,#11629,#11630),
 .UNSPECIFIED.,.F.,.F.,(4,1,4),(0.,0.0545254199383196,0.119313103622327),
 .UNSPECIFIED.);
#311=B_SPLINE_CURVE_WITH_KNOTS('',3,(#11643,#11644,#11645,#11646,#11647),
 .UNSPECIFIED.,.F.,.F.,(4,1,4),(0.,0.054522890462901,0.10564133815368),
 .UNSPECIFIED.);
#312=B_SPLINE_CURVE_WITH_KNOTS('',3,(#11660,#11661,#11662,#11663,#11664),
 .UNSPECIFIED.,.F.,.F.,(4,1,4),(0.,0.0420473138207211,0.0863717049852045),
 .UNSPECIFIED.);
#313=B_SPLINE_CURVE_WITH_KNOTS('',3,(#11677,#11678,#11679,#11680,#11681),
 .UNSPECIFIED.,.F.,.F.,(4,1,4),(0.,0.0466846599295227,0.0894850065193424),
 .UNSPECIFIED.);
#314=B_SPLINE_CURVE_WITH_KNOTS('',3,(#11697,#11698,#11699,#11700,#11701),
 .UNSPECIFIED.,.F.,.F.,(4,1,4),(0.,0.027516304566784,0.0607441501355044),
 .UNSPECIFIED.);
#315=B_SPLINE_CURVE_WITH_KNOTS('',3,(#11705,#11706,#11707,#11708,#11709),
 .UNSPECIFIED.,.F.,.F.,(4,1,4),(0.,0.0382715813464656,0.0755430248521208),
 .UNSPECIFIED.);
#316=B_SPLINE_CURVE_WITH_KNOTS('',3,(#11711,#11712,#11713,#11714,#11715),
 .UNSPECIFIED.,.F.,.F.,(4,1,4),(0.,0.0500542799416167,0.092832044605646),
 .UNSPECIFIED.);
#317=B_SPLINE_CURVE_WITH_KNOTS('',3,(#11717,#11718,#11719,#11720,#11721),
 .UNSPECIFIED.,.F.,.F.,(4,1,4),(0.,0.0382465109801057,0.0791241072222944),
 .UNSPECIFIED.);
#318=B_SPLINE_CURVE_WITH_KNOTS('',3,(#11723,#11724,#11725,#11726,#11727),
 .UNSPECIFIED.,.F.,.F.,(4,1,4),(0.,0.0335580743060892,0.0691903158424739),
 .UNSPECIFIED.);
#319=B_SPLINE_CURVE_WITH_KNOTS('',3,(#11729,#11730,#11731,#11732,#11733),
 .UNSPECIFIED.,.F.,.F.,(4,1,4),(0.,0.0313378089476919,0.0635612496304341),
 .UNSPECIFIED.);
#320=B_SPLINE_CURVE_WITH_KNOTS('',3,(#11735,#11736,#11737,#11738,#11739),
 .UNSPECIFIED.,.F.,.F.,(4,1,4),(0.,0.0293551506363634,0.0599599770307823),
 .UNSPECIFIED.);
#321=B_SPLINE_CURVE_WITH_KNOTS('',3,(#11741,#11742,#11743,#11744,#11745),
 .UNSPECIFIED.,.F.,.F.,(4,1,4),(0.,0.0354168812451544,0.0663731566395477),
 .UNSPECIFIED.);
#322=B_SPLINE_CURVE_WITH_KNOTS('',3,(#11747,#11748,#11749,#11750,#11751),
 .UNSPECIFIED.,.F.,.F.,(4,1,4),(0.,0.0560926114983931,0.092226228259245),
 .UNSPECIFIED.);
#323=B_SPLINE_CURVE_WITH_KNOTS('',3,(#11753,#11754,#11755,#11756,#11757),
 .UNSPECIFIED.,.F.,.F.,(4,1,4),(0.,0.030979630277454,0.085152961273807),
 .UNSPECIFIED.);
#324=B_SPLINE_CURVE_WITH_KNOTS('',3,(#11759,#11760,#11761,#11762,#11763),
 .UNSPECIFIED.,.F.,.F.,(4,1,4),(0.,0.0200263994876229,0.0396860282150291),
 .UNSPECIFIED.);
#325=B_SPLINE_CURVE_WITH_KNOTS('',3,(#11765,#11766,#11767,#11768,#11769),
 .UNSPECIFIED.,.F.,.F.,(4,1,4),(0.,0.025455604052318,0.0491232329707837),
 .UNSPECIFIED.);
#326=B_SPLINE_CURVE_WITH_KNOTS('',3,(#11771,#11772,#11773,#11774,#11775),
 .UNSPECIFIED.,.F.,.F.,(4,1,4),(0.,0.0417400184326277,0.073128894132665),
 .UNSPECIFIED.);
#327=B_SPLINE_CURVE_WITH_KNOTS('',3,(#11777,#11778,#11779,#11780,#11781),
 .UNSPECIFIED.,.F.,.F.,(4,1,4),(0.,0.0326412232643856,0.0734141930094447),
 .UNSPECIFIED.);
#328=B_SPLINE_CURVE_WITH_KNOTS('',3,(#11783,#11784,#11785,#11786,#11787),
 .UNSPECIFIED.,.F.,.F.,(4,1,4),(0.,0.034475157773263,0.064923895644197),
 .UNSPECIFIED.);
#329=B_SPLINE_CURVE_WITH_KNOTS('',3,(#11791,#11792,#11793,#11794,#11795),
 .UNSPECIFIED.,.F.,.F.,(4,1,4),(0.,0.0328316536232039,0.0666534677521455),
 .UNSPECIFIED.);
#330=B_SPLINE_CURVE_WITH_KNOTS('',3,(#11797,#11798,#11799,#11800,#11801),
 .UNSPECIFIED.,.F.,.F.,(4,1,4),(0.,0.0348739994087455,0.0679042966950963),
 .UNSPECIFIED.);
#331=B_SPLINE_CURVE_WITH_KNOTS('',3,(#11803,#11804,#11805,#11806,#11807),
 .UNSPECIFIED.,.F.,.F.,(4,1,4),(0.,0.0420015483800727,0.0801421184404893),
 .UNSPECIFIED.);
#332=B_SPLINE_CURVE_WITH_KNOTS('',3,(#11809,#11810,#11811,#11812,#11813),
 .UNSPECIFIED.,.F.,.F.,(4,1,4),(0.,0.0363274735742494,0.0750183311019836),
 .UNSPECIFIED.);
#333=B_SPLINE_CURVE_WITH_KNOTS('',3,(#11815,#11816,#11817,#11818,#11819),
 .UNSPECIFIED.,.F.,.F.,(4,1,4),(0.,0.031360048744638,0.0649328674667148),
 .UNSPECIFIED.);
#334=B_SPLINE_CURVE_WITH_KNOTS('',3,(#11821,#11822,#11823,#11824,#11825),
 .UNSPECIFIED.,.F.,.F.,(4,1,4),(0.,0.0296108513646818,0.0598193737822928),
 .UNSPECIFIED.);
#335=B_SPLINE_CURVE_WITH_KNOTS('',3,(#11827,#11828,#11829,#11830,#11831),
 .UNSPECIFIED.,.F.,.F.,(4,1,4),(0.,0.025816507283952,0.052278673204399),
 .UNSPECIFIED.);
#336=B_SPLINE_CURVE_WITH_KNOTS('',3,(#11833,#11834,#11835,#11836,#11837),
 .UNSPECIFIED.,.F.,.F.,(4,1,4),(0.,0.0301284785390704,0.0571601041023641),
 .UNSPECIFIED.);
#337=B_SPLINE_CURVE_WITH_KNOTS('',3,(#11839,#11840,#11841,#11842,#11843),
 .UNSPECIFIED.,.F.,.F.,(4,1,4),(0.,0.0485941704360411,0.081274594908243),
 .UNSPECIFIED.);
#338=B_SPLINE_CURVE_WITH_KNOTS('',3,(#11845,#11846,#11847,#11848,#11849),
 .UNSPECIFIED.,.F.,.F.,(4,1,4),(0.,0.0270665271595678,0.0738615869379508),
 .UNSPECIFIED.);
#339=B_SPLINE_CURVE_WITH_KNOTS('',3,(#11851,#11852,#11853,#11854,#11855),
 .UNSPECIFIED.,.F.,.F.,(4,1,4),(0.,0.0193962286181374,0.0434501975235274),
 .UNSPECIFIED.);
#340=B_SPLINE_CURVE_WITH_KNOTS('',3,(#11857,#11858,#11859,#11860,#11861),
 .UNSPECIFIED.,.F.,.F.,(4,1,4),(0.,0.0178429358191169,0.0351469674128521),
 .UNSPECIFIED.);
#341=B_SPLINE_CURVE_WITH_KNOTS('',3,(#11863,#11864,#11865,#11866,#11867),
 .UNSPECIFIED.,.F.,.F.,(4,1,4),(0.,0.0184729405493339,0.0365338185831562),
 .UNSPECIFIED.);
#342=B_SPLINE_CURVE_WITH_KNOTS('',3,(#11869,#11870,#11871,#11872,#11873),
 .UNSPECIFIED.,.F.,.F.,(4,1,4),(0.,0.0228695703303277,0.0428875550736558),
 .UNSPECIFIED.);
#343=B_SPLINE_CURVE_WITH_KNOTS('',3,(#11875,#11876,#11877,#11878,#11879),
 .UNSPECIFIED.,.F.,.F.,(4,1,4),(0.,0.0286016733431486,0.0544647329776411),
 .UNSPECIFIED.);
#344=B_SPLINE_CURVE_WITH_KNOTS('',3,(#11881,#11882,#11883,#11884,#11885),
 .UNSPECIFIED.,.F.,.F.,(4,1,4),(0.,0.0303263347996709,0.0628630034455026),
 .UNSPECIFIED.);
#345=B_SPLINE_CURVE_WITH_KNOTS('',3,(#11887,#11888,#11889,#11890,#11891),
 .UNSPECIFIED.,.F.,.F.,(4,1,4),(0.,0.0240038821716568,0.0513875190643511),
 .UNSPECIFIED.);
#346=B_SPLINE_CURVE_WITH_KNOTS('',3,(#11893,#11894,#11895,#11896,#11897),
 .UNSPECIFIED.,.F.,.F.,(4,1,4),(0.,0.027949123829569,0.052310049700285),
 .UNSPECIFIED.);
#347=B_SPLINE_CURVE_WITH_KNOTS('',3,(#11900,#11901,#11902,#11903,#11904),
 .UNSPECIFIED.,.F.,.F.,(4,1,4),(0.,0.0374261257263927,0.0759308971832429),
 .UNSPECIFIED.);
#348=B_SPLINE_CURVE_WITH_KNOTS('',3,(#11918,#11919,#11920,#11921,#11922),
 .UNSPECIFIED.,.F.,.F.,(4,1,4),(0.,0.0382715813464656,0.0755430248521208),
 .UNSPECIFIED.);
#349=B_SPLINE_CURVE_WITH_KNOTS('',3,(#11935,#11936,#11937,#11938,#11939),
 .UNSPECIFIED.,.F.,.F.,(4,1,4),(0.,0.0500542799416167,0.092832044605646),
 .UNSPECIFIED.);
#350=B_SPLINE_CURVE_WITH_KNOTS('',3,(#11952,#11953,#11954,#11955,#11956),
 .UNSPECIFIED.,.F.,.F.,(4,1,4),(0.,0.0382465109801057,0.0791241072222944),
 .UNSPECIFIED.);
#351=B_SPLINE_CURVE_WITH_KNOTS('',3,(#11969,#11970,#11971,#11972,#11973),
 .UNSPECIFIED.,.F.,.F.,(4,1,4),(0.,0.0335580743060892,0.0691903158424739),
 .UNSPECIFIED.);
#352=B_SPLINE_CURVE_WITH_KNOTS('',3,(#11986,#11987,#11988,#11989,#11990),
 .UNSPECIFIED.,.F.,.F.,(4,1,4),(0.,0.0313378089476919,0.0635612496304341),
 .UNSPECIFIED.);
#353=B_SPLINE_CURVE_WITH_KNOTS('',3,(#12003,#12004,#12005,#12006,#12007),
 .UNSPECIFIED.,.F.,.F.,(4,1,4),(0.,0.0293551506363634,0.0599599770307823),
 .UNSPECIFIED.);
#354=B_SPLINE_CURVE_WITH_KNOTS('',3,(#12020,#12021,#12022,#12023,#12024),
 .UNSPECIFIED.,.F.,.F.,(4,1,4),(0.,0.0354168812451544,0.0663731566395477),
 .UNSPECIFIED.);
#355=B_SPLINE_CURVE_WITH_KNOTS('',3,(#12037,#12038,#12039,#12040,#12041),
 .UNSPECIFIED.,.F.,.F.,(4,1,4),(0.,0.0560926114983931,0.092226228259245),
 .UNSPECIFIED.);
#356=B_SPLINE_CURVE_WITH_KNOTS('',3,(#12054,#12055,#12056,#12057,#12058),
 .UNSPECIFIED.,.F.,.F.,(4,1,4),(0.,0.030979630277454,0.085152961273807),
 .UNSPECIFIED.);
#357=B_SPLINE_CURVE_WITH_KNOTS('',3,(#12071,#12072,#12073,#12074,#12075),
 .UNSPECIFIED.,.F.,.F.,(4,1,4),(0.,0.0200263994876229,0.0396860282150291),
 .UNSPECIFIED.);
#358=B_SPLINE_CURVE_WITH_KNOTS('',3,(#12088,#12089,#12090,#12091,#12092),
 .UNSPECIFIED.,.F.,.F.,(4,1,4),(0.,0.025455604052318,0.0491232329707837),
 .UNSPECIFIED.);
#359=B_SPLINE_CURVE_WITH_KNOTS('',3,(#12105,#12106,#12107,#12108,#12109),
 .UNSPECIFIED.,.F.,.F.,(4,1,4),(0.,0.0417400184326277,0.073128894132665),
 .UNSPECIFIED.);
#360=B_SPLINE_CURVE_WITH_KNOTS('',3,(#12122,#12123,#12124,#12125,#12126),
 .UNSPECIFIED.,.F.,.F.,(4,1,4),(0.,0.0326412232643856,0.0734141930094447),
 .UNSPECIFIED.);
#361=B_SPLINE_CURVE_WITH_KNOTS('',3,(#12139,#12140,#12141,#12142,#12143),
 .UNSPECIFIED.,.F.,.F.,(4,1,4),(0.,0.034475157773263,0.064923895644197),
 .UNSPECIFIED.);
#362=B_SPLINE_CURVE_WITH_KNOTS('',3,(#12160,#12161,#12162,#12163,#12164),
 .UNSPECIFIED.,.F.,.F.,(4,1,4),(0.,0.0328316536232039,0.0666534677521455),
 .UNSPECIFIED.);
#363=B_SPLINE_CURVE_WITH_KNOTS('',3,(#12177,#12178,#12179,#12180,#12181),
 .UNSPECIFIED.,.F.,.F.,(4,1,4),(0.,0.0348739994087455,0.0679042966950963),
 .UNSPECIFIED.);
#364=B_SPLINE_CURVE_WITH_KNOTS('',3,(#12194,#12195,#12196,#12197,#12198),
 .UNSPECIFIED.,.F.,.F.,(4,1,4),(0.,0.0420015483800727,0.0801421184404893),
 .UNSPECIFIED.);
#365=B_SPLINE_CURVE_WITH_KNOTS('',3,(#12211,#12212,#12213,#12214,#12215),
 .UNSPECIFIED.,.F.,.F.,(4,1,4),(0.,0.0363274735742494,0.0750183311019836),
 .UNSPECIFIED.);
#366=B_SPLINE_CURVE_WITH_KNOTS('',3,(#12228,#12229,#12230,#12231,#12232),
 .UNSPECIFIED.,.F.,.F.,(4,1,4),(0.,0.031360048744638,0.0649328674667148),
 .UNSPECIFIED.);
#367=B_SPLINE_CURVE_WITH_KNOTS('',3,(#12245,#12246,#12247,#12248,#12249),
 .UNSPECIFIED.,.F.,.F.,(4,1,4),(0.,0.0296108513646818,0.0598193737822928),
 .UNSPECIFIED.);
#368=B_SPLINE_CURVE_WITH_KNOTS('',3,(#12262,#12263,#12264,#12265,#12266),
 .UNSPECIFIED.,.F.,.F.,(4,1,4),(0.,0.025816507283952,0.052278673204399),
 .UNSPECIFIED.);
#369=B_SPLINE_CURVE_WITH_KNOTS('',3,(#12279,#12280,#12281,#12282,#12283),
 .UNSPECIFIED.,.F.,.F.,(4,1,4),(0.,0.0301284785390704,0.0571601041023641),
 .UNSPECIFIED.);
#370=B_SPLINE_CURVE_WITH_KNOTS('',3,(#12296,#12297,#12298,#12299,#12300),
 .UNSPECIFIED.,.F.,.F.,(4,1,4),(0.,0.0485941704360411,0.081274594908243),
 .UNSPECIFIED.);
#371=B_SPLINE_CURVE_WITH_KNOTS('',3,(#12313,#12314,#12315,#12316,#12317),
 .UNSPECIFIED.,.F.,.F.,(4,1,4),(0.,0.0270665271595678,0.0738615869379508),
 .UNSPECIFIED.);
#372=B_SPLINE_CURVE_WITH_KNOTS('',3,(#12330,#12331,#12332,#12333,#12334),
 .UNSPECIFIED.,.F.,.F.,(4,1,4),(0.,0.0193962286181374,0.0434501975235274),
 .UNSPECIFIED.);
#373=B_SPLINE_CURVE_WITH_KNOTS('',3,(#12347,#12348,#12349,#12350,#12351),
 .UNSPECIFIED.,.F.,.F.,(4,1,4),(0.,0.0178429358191169,0.0351469674128521),
 .UNSPECIFIED.);
#374=B_SPLINE_CURVE_WITH_KNOTS('',3,(#12364,#12365,#12366,#12367,#12368),
 .UNSPECIFIED.,.F.,.F.,(4,1,4),(0.,0.0184729405493339,0.0365338185831562),
 .UNSPECIFIED.);
#375=B_SPLINE_CURVE_WITH_KNOTS('',3,(#12381,#12382,#12383,#12384,#12385),
 .UNSPECIFIED.,.F.,.F.,(4,1,4),(0.,0.0228695703303277,0.0428875550736558),
 .UNSPECIFIED.);
#376=B_SPLINE_CURVE_WITH_KNOTS('',3,(#12398,#12399,#12400,#12401,#12402),
 .UNSPECIFIED.,.F.,.F.,(4,1,4),(0.,0.0286016733431486,0.0544647329776411),
 .UNSPECIFIED.);
#377=B_SPLINE_CURVE_WITH_KNOTS('',3,(#12415,#12416,#12417,#12418,#12419),
 .UNSPECIFIED.,.F.,.F.,(4,1,4),(0.,0.0303263347996709,0.0628630034455026),
 .UNSPECIFIED.);
#378=B_SPLINE_CURVE_WITH_KNOTS('',3,(#12432,#12433,#12434,#12435,#12436),
 .UNSPECIFIED.,.F.,.F.,(4,1,4),(0.,0.0240038821716568,0.0513875190643511),
 .UNSPECIFIED.);
#379=B_SPLINE_CURVE_WITH_KNOTS('',3,(#12449,#12450,#12451,#12452,#12453),
 .UNSPECIFIED.,.F.,.F.,(4,1,4),(0.,0.027949123829569,0.052310049700285),
 .UNSPECIFIED.);
#380=B_SPLINE_CURVE_WITH_KNOTS('',3,(#12469,#12470,#12471,#12472,#12473),
 .UNSPECIFIED.,.F.,.F.,(4,1,4),(0.,0.0374261257263927,0.0759308971832429),
 .UNSPECIFIED.);
#381=B_SPLINE_CURVE_WITH_KNOTS('',3,(#12477,#12478,#12479,#12480,#12481),
 .UNSPECIFIED.,.F.,.F.,(4,1,4),(0.,0.00760847206050303,0.0173012618442427),
 .UNSPECIFIED.);
#382=B_SPLINE_CURVE_WITH_KNOTS('',3,(#12483,#12484,#12485,#12486,#12487),
 .UNSPECIFIED.,.F.,.F.,(4,1,4),(0.,0.0063773446074847,0.0129190713922412),
 .UNSPECIFIED.);
#383=B_SPLINE_CURVE_WITH_KNOTS('',3,(#12489,#12490,#12491,#12492,#12493),
 .UNSPECIFIED.,.F.,.F.,(4,1,4),(0.,0.0172700909161738,0.0272163507907392),
 .UNSPECIFIED.);
#384=B_SPLINE_CURVE_WITH_KNOTS('',3,(#12517,#12518,#12519,#12520,#12521),
 .UNSPECIFIED.,.F.,.F.,(4,1,4),(0.,0.0218534804173184,0.0584804171686516),
 .UNSPECIFIED.);
#385=B_SPLINE_CURVE_WITH_KNOTS('',3,(#12523,#12524,#12525,#12526,#12527),
 .UNSPECIFIED.,.F.,.F.,(4,1,4),(0.,0.0159169819620052,0.030815835532122),
 .UNSPECIFIED.);
#386=B_SPLINE_CURVE_WITH_KNOTS('',3,(#12529,#12530,#12531,#12532,#12533),
 .UNSPECIFIED.,.F.,.F.,(4,1,4),(0.,0.023832149025163,0.0426677974582055),
 .UNSPECIFIED.);
#387=B_SPLINE_CURVE_WITH_KNOTS('',3,(#12535,#12536,#12537,#12538,#12539),
 .UNSPECIFIED.,.F.,.F.,(4,1,4),(0.,0.0199161953517402,0.037412765176079),
 .UNSPECIFIED.);
#388=B_SPLINE_CURVE_WITH_KNOTS('',3,(#12542,#12543,#12544,#12545,#12546),
 .UNSPECIFIED.,.F.,.F.,(4,1,4),(0.,0.0094936870248855,0.0216519974039471),
 .UNSPECIFIED.);
#389=B_SPLINE_CURVE_WITH_KNOTS('',3,(#12560,#12561,#12562,#12563,#12564),
 .UNSPECIFIED.,.F.,.F.,(4,1,4),(0.,0.00760847206050303,0.0173012618442427),
 .UNSPECIFIED.);
#390=B_SPLINE_CURVE_WITH_KNOTS('',3,(#12577,#12578,#12579,#12580,#12581),
 .UNSPECIFIED.,.F.,.F.,(4,1,4),(0.,0.0063773446074847,0.0129190713922412),
 .UNSPECIFIED.);
#391=B_SPLINE_CURVE_WITH_KNOTS('',3,(#12594,#12595,#12596,#12597,#12598),
 .UNSPECIFIED.,.F.,.F.,(4,1,4),(0.,0.0172700909161738,0.0272163507907392),
 .UNSPECIFIED.);
#392=B_SPLINE_CURVE_WITH_KNOTS('',3,(#12655,#12656,#12657,#12658,#12659),
 .UNSPECIFIED.,.F.,.F.,(4,1,4),(0.,0.0218534804173184,0.0584804171686516),
 .UNSPECIFIED.);
#393=B_SPLINE_CURVE_WITH_KNOTS('',3,(#12672,#12673,#12674,#12675,#12676),
 .UNSPECIFIED.,.F.,.F.,(4,1,4),(0.,0.0159169819620052,0.030815835532122),
 .UNSPECIFIED.);
#394=B_SPLINE_CURVE_WITH_KNOTS('',3,(#12689,#12690,#12691,#12692,#12693),
 .UNSPECIFIED.,.F.,.F.,(4,1,4),(0.,0.023832149025163,0.0426677974582055),
 .UNSPECIFIED.);
#395=B_SPLINE_CURVE_WITH_KNOTS('',3,(#12706,#12707,#12708,#12709,#12710),
 .UNSPECIFIED.,.F.,.F.,(4,1,4),(0.,0.0199161953517402,0.037412765176079),
 .UNSPECIFIED.);
#396=B_SPLINE_CURVE_WITH_KNOTS('',3,(#12726,#12727,#12728,#12729,#12730),
 .UNSPECIFIED.,.F.,.F.,(4,1,4),(0.,0.0094936870248855,0.0216519974039471),
 .UNSPECIFIED.);
#397=B_SPLINE_CURVE_WITH_KNOTS('',3,(#12736,#12737,#12738,#12739,#12740),
 .UNSPECIFIED.,.F.,.F.,(4,1,4),(0.,0.0238592604812569,0.0543509307860343),
 .UNSPECIFIED.);
#398=B_SPLINE_CURVE_WITH_KNOTS('',3,(#12742,#12743,#12744,#12745,#12746),
 .UNSPECIFIED.,.F.,.F.,(4,1,4),(0.,0.0211946022134703,0.0417186231972743),
 .UNSPECIFIED.);
#399=B_SPLINE_CURVE_WITH_KNOTS('',3,(#12748,#12749,#12750,#12751,#12752),
 .UNSPECIFIED.,.F.,.F.,(4,1,4),(0.,0.0213683787912143,0.0429900140868578),
 .UNSPECIFIED.);
#400=B_SPLINE_CURVE_WITH_KNOTS('',3,(#12754,#12755,#12756,#12757,#12758),
 .UNSPECIFIED.,.F.,.F.,(4,1,4),(0.,0.023015847415845,0.0492403185411168),
 .UNSPECIFIED.);
#401=B_SPLINE_CURVE_WITH_KNOTS('',3,(#12760,#12761,#12762,#12763,#12764),
 .UNSPECIFIED.,.F.,.F.,(4,1,4),(0.,0.0320705937366671,0.0569360333496426),
 .UNSPECIFIED.);
#402=B_SPLINE_CURVE_WITH_KNOTS('',3,(#12772,#12773,#12774,#12775,#12776),
 .UNSPECIFIED.,.F.,.F.,(4,1,4),(0.,0.0284751426668125,0.0660793169967643),
 .UNSPECIFIED.);
#403=B_SPLINE_CURVE_WITH_KNOTS('',3,(#12778,#12779,#12780,#12781,#12782),
 .UNSPECIFIED.,.F.,.F.,(4,1,4),(0.,0.0253550988202644,0.0495063768274109),
 .UNSPECIFIED.);
#404=B_SPLINE_CURVE_WITH_KNOTS('',3,(#12784,#12785,#12786,#12787,#12788),
 .UNSPECIFIED.,.F.,.F.,(4,1,4),(0.,0.0302485031996281,0.0577967271497856),
 .UNSPECIFIED.);
#405=B_SPLINE_CURVE_WITH_KNOTS('',3,(#12790,#12791,#12792,#12793,#12794),
 .UNSPECIFIED.,.F.,.F.,(4,1,4),(0.,0.0490347006566677,0.097944791203822),
 .UNSPECIFIED.);
#406=B_SPLINE_CURVE_WITH_KNOTS('',3,(#12819,#12820,#12821,#12822,#12823),
 .UNSPECIFIED.,.F.,.F.,(4,1,4),(0.,0.0238592604812569,0.0543509307860343),
 .UNSPECIFIED.);
#407=B_SPLINE_CURVE_WITH_KNOTS('',3,(#12836,#12837,#12838,#12839,#12840),
 .UNSPECIFIED.,.F.,.F.,(4,1,4),(0.,0.0211946022134703,0.0417186231972743),
 .UNSPECIFIED.);
#408=B_SPLINE_CURVE_WITH_KNOTS('',3,(#12853,#12854,#12855,#12856,#12857),
 .UNSPECIFIED.,.F.,.F.,(4,1,4),(0.,0.0213683787912143,0.0429900140868578),
 .UNSPECIFIED.);
#409=B_SPLINE_CURVE_WITH_KNOTS('',3,(#12870,#12871,#12872,#12873,#12874),
 .UNSPECIFIED.,.F.,.F.,(4,1,4),(0.,0.023015847415845,0.0492403185411168),
 .UNSPECIFIED.);
#410=B_SPLINE_CURVE_WITH_KNOTS('',3,(#12887,#12888,#12889,#12890,#12891),
 .UNSPECIFIED.,.F.,.F.,(4,1,4),(0.,0.0320705937366671,0.0569360333496426),
 .UNSPECIFIED.);
#411=B_SPLINE_CURVE_WITH_KNOTS('',3,(#12916,#12917,#12918,#12919,#12920),
 .UNSPECIFIED.,.F.,.F.,(4,1,4),(0.,0.0284751426668125,0.0660793169967643),
 .UNSPECIFIED.);
#412=B_SPLINE_CURVE_WITH_KNOTS('',3,(#12933,#12934,#12935,#12936,#12937),
 .UNSPECIFIED.,.F.,.F.,(4,1,4),(0.,0.0253550988202644,0.0495063768274109),
 .UNSPECIFIED.);
#413=B_SPLINE_CURVE_WITH_KNOTS('',3,(#12950,#12951,#12952,#12953,#12954),
 .UNSPECIFIED.,.F.,.F.,(4,1,4),(0.,0.0302485031996281,0.0577967271497856),
 .UNSPECIFIED.);
#414=B_SPLINE_CURVE_WITH_KNOTS('',3,(#12967,#12968,#12969,#12970,#12971),
 .UNSPECIFIED.,.F.,.F.,(4,1,4),(0.,0.0490347006566677,0.097944791203822),
 .UNSPECIFIED.);
#415=B_SPLINE_CURVE_WITH_KNOTS('',3,(#13014,#13015,#13016,#13017,#13018),
 .UNSPECIFIED.,.F.,.F.,(4,1,4),(0.,0.0177848234051514,0.061610150197265),
 .UNSPECIFIED.);
#416=B_SPLINE_CURVE_WITH_KNOTS('',3,(#13089,#13090,#13091,#13092,#13093),
 .UNSPECIFIED.,.F.,.F.,(4,1,4),(0.,0.0177848234051514,0.061610150197265),
 .UNSPECIFIED.);
#417=B_SPLINE_SURFACE_WITH_KNOTS('',3,1,((#7935,#7936),(#7937,#7938),(#7939,
#7940),(#7941,#7942),(#7943,#7944)),.UNSPECIFIED.,.F.,.F.,.F.,(4,1,4),(2,
2),(-0.0640249704701022,-0.0317798777406081,0.),(0.,1.8),.UNSPECIFIED.);
#418=B_SPLINE_SURFACE_WITH_KNOTS('',3,1,((#7963,#7964),(#7965,#7966),(#7967,
#7968),(#7969,#7970),(#7971,#7972)),.UNSPECIFIED.,.F.,.F.,.F.,(4,1,4),(2,
2),(-0.0641194335584475,-0.0321990993512795,0.),(0.,1.8),.UNSPECIFIED.);
#419=B_SPLINE_SURFACE_WITH_KNOTS('',3,1,((#7988,#7989),(#7990,#7991),(#7992,
#7993),(#7994,#7995),(#7996,#7997)),.UNSPECIFIED.,.F.,.F.,.F.,(4,1,4),(2,
2),(-0.0875603735766831,-0.0496418174854111,0.),(0.,1.8),.UNSPECIFIED.);
#420=B_SPLINE_SURFACE_WITH_KNOTS('',3,1,((#8013,#8014),(#8015,#8016),(#8017,
#8018),(#8019,#8020),(#8021,#8022)),.UNSPECIFIED.,.F.,.F.,.F.,(4,1,4),(2,
2),(-0.0835495000431416,-0.0372522019329864,0.),(0.,1.8),.UNSPECIFIED.);
#421=B_SPLINE_SURFACE_WITH_KNOTS('',3,1,((#8038,#8039),(#8040,#8041),(#8042,
#8043),(#8044,#8045),(#8046,#8047)),.UNSPECIFIED.,.F.,.F.,.F.,(4,1,4),(2,
2),(-0.0862153722455958,-0.0376158545474203,0.),(0.,1.8),.UNSPECIFIED.);
#422=B_SPLINE_SURFACE_WITH_KNOTS('',3,1,((#8062,#8063),(#8064,#8065),(#8066,
#8067),(#8068,#8069),(#8070,#8071)),.UNSPECIFIED.,.F.,.F.,.F.,(4,1,4),(2,
2),(-0.0849719135074397,-0.0470291828754165,0.),(0.,1.8),.UNSPECIFIED.);
#423=B_SPLINE_SURFACE_WITH_KNOTS('',3,1,((#8087,#8088),(#8089,#8090),(#8091,
#8092),(#8093,#8094),(#8095,#8096)),.UNSPECIFIED.,.F.,.F.,.F.,(4,1,4),(2,
2),(-0.0645758659706034,-0.0329793807688156,0.),(0.,1.8),.UNSPECIFIED.);
#424=B_SPLINE_SURFACE_WITH_KNOTS('',3,1,((#8112,#8113),(#8114,#8115),(#8116,
#8117),(#8118,#8119),(#8120,#8121)),.UNSPECIFIED.,.F.,.F.,.F.,(4,1,4),(2,
2),(-0.0632879458311389,-0.0310080562021089,0.),(0.,1.8),.UNSPECIFIED.);
#425=B_SPLINE_SURFACE_WITH_KNOTS('',3,1,((#8134,#8135),(#8136,#8137),(#8138,
#8139),(#8140,#8141),(#8142,#8143)),.UNSPECIFIED.,.F.,.F.,.F.,(4,1,4),(2,
2),(-0.0245706106267697,-0.0122081979064224,0.),(0.,1.8),.UNSPECIFIED.);
#426=B_SPLINE_SURFACE_WITH_KNOTS('',3,1,((#8162,#8163),(#8164,#8165),(#8166,
#8167),(#8168,#8169),(#8170,#8171)),.UNSPECIFIED.,.F.,.F.,.F.,(4,1,4),(2,
2),(-0.0253828403423338,-0.0129911732504478,0.),(0.,1.8),.UNSPECIFIED.);
#427=B_SPLINE_SURFACE_WITH_KNOTS('',3,1,((#8187,#8188),(#8189,#8190),(#8191,
#8192),(#8193,#8194),(#8195,#8196)),.UNSPECIFIED.,.F.,.F.,.F.,(4,1,4),(2,
2),(-0.0440240364051354,-0.0262654933092603,0.),(0.,1.8),.UNSPECIFIED.);
#428=B_SPLINE_SURFACE_WITH_KNOTS('',3,1,((#8212,#8213),(#8214,#8215),(#8216,
#8217),(#8218,#8219),(#8220,#8221)),.UNSPECIFIED.,.F.,.F.,.F.,(4,1,4),(2,
2),(-0.0824679350972692,-0.0349156824978722,0.),(0.,1.8),.UNSPECIFIED.);
#429=B_SPLINE_SURFACE_WITH_KNOTS('',3,1,((#8243,#8244),(#8245,#8246),(#8247,
#8248),(#8249,#8250),(#8251,#8252)),.UNSPECIFIED.,.F.,.F.,.F.,(4,1,4),(2,
2),(-0.0368669030084753,-0.018387899190619,0.),(0.,1.8),.UNSPECIFIED.);
#430=B_SPLINE_SURFACE_WITH_KNOTS('',3,1,((#8268,#8269),(#8270,#8271),(#8272,
#8273),(#8274,#8275),(#8276,#8277)),.UNSPECIFIED.,.F.,.F.,.F.,(4,1,4),(2,
2),(-0.0461993375419814,-0.0207829016878365,0.),(0.,1.8),.UNSPECIFIED.);
#431=B_SPLINE_SURFACE_WITH_KNOTS('',3,1,((#8293,#8294),(#8295,#8296),(#8297,
#8298),(#8299,#8300),(#8301,#8302)),.UNSPECIFIED.,.F.,.F.,.F.,(4,1,4),(2,
2),(-0.0524220915260637,-0.0269867325905433,0.),(0.,1.8),.UNSPECIFIED.);
#432=B_SPLINE_SURFACE_WITH_KNOTS('',3,1,((#8318,#8319),(#8320,#8321),(#8322,
#8323),(#8324,#8325),(#8326,#8327)),.UNSPECIFIED.,.F.,.F.,.F.,(4,1,4),(2,
2),(-0.0475706005670616,-0.0241555415422619,0.),(0.,1.8),.UNSPECIFIED.);
#433=B_SPLINE_SURFACE_WITH_KNOTS('',3,1,((#8343,#8344),(#8345,#8346),(#8347,
#8348),(#8349,#8350),(#8351,#8352)),.UNSPECIFIED.,.F.,.F.,.F.,(4,1,4),(2,
2),(-0.0500195859642534,-0.0214380937142271,0.),(0.,1.8),.UNSPECIFIED.);
#434=B_SPLINE_SURFACE_WITH_KNOTS('',3,1,((#8365,#8366),(#8367,#8368),(#8369,
#8370),(#8371,#8372),(#8373,#8374)),.UNSPECIFIED.,.F.,.F.,.F.,(4,1,4),(2,
2),(-0.0640250652901804,-0.0317798777406081,0.),(0.,1.8),.UNSPECIFIED.);
#435=B_SPLINE_SURFACE_WITH_KNOTS('',3,1,((#8393,#8394),(#8395,#8396),(#8397,
#8398),(#8399,#8400),(#8401,#8402)),.UNSPECIFIED.,.F.,.F.,.F.,(4,1,4),(2,
2),(-0.0641195280090716,-0.0321991938019036,0.),(0.,1.8),.UNSPECIFIED.);
#436=B_SPLINE_SURFACE_WITH_KNOTS('',3,1,((#8418,#8419),(#8420,#8421),(#8422,
#8423),(#8424,#8425),(#8426,#8427)),.UNSPECIFIED.,.F.,.F.,.F.,(4,1,4),(2,
2),(-0.0875603735766831,-0.0496418174854111,0.),(0.,1.8),.UNSPECIFIED.);
#437=B_SPLINE_SURFACE_WITH_KNOTS('',3,1,((#8443,#8444),(#8445,#8446),(#8447,
#8448),(#8449,#8450),(#8451,#8452)),.UNSPECIFIED.,.F.,.F.,.F.,(4,1,4),(2,
2),(-0.0835495550511171,-0.0372522569409618,0.),(0.,1.8),.UNSPECIFIED.);
#438=B_SPLINE_SURFACE_WITH_KNOTS('',3,1,((#8468,#8469),(#8470,#8471),(#8472,
#8473),(#8474,#8475),(#8476,#8477)),.UNSPECIFIED.,.F.,.F.,.F.,(4,1,4),(2,
2),(-0.0862152773480695,-0.037615745595192,0.),(0.,1.8),.UNSPECIFIED.);
#439=B_SPLINE_SURFACE_WITH_KNOTS('',3,1,((#8493,#8494),(#8495,#8496),(#8497,
#8498),(#8499,#8500),(#8501,#8502)),.UNSPECIFIED.,.F.,.F.,.F.,(4,1,4),(2,
2),(-0.0849718985510309,-0.0470291679190077,0.),(0.,1.8),.UNSPECIFIED.);
#440=B_SPLINE_SURFACE_WITH_KNOTS('',3,1,((#8518,#8519),(#8520,#8521),(#8522,
#8523),(#8524,#8525),(#8526,#8527)),.UNSPECIFIED.,.F.,.F.,.F.,(4,1,4),(2,
2),(-0.0645758659706034,-0.0329793807688156,0.),(0.,1.8),.UNSPECIFIED.);
#441=B_SPLINE_SURFACE_WITH_KNOTS('',3,1,((#8543,#8544),(#8545,#8546),(#8547,
#8548),(#8549,#8550),(#8551,#8552)),.UNSPECIFIED.,.F.,.F.,.F.,(4,1,4),(2,
2),(-0.0632880622661796,-0.0310081726371496,0.),(0.,1.8),.UNSPECIFIED.);
#442=B_SPLINE_SURFACE_WITH_KNOTS('',3,1,((#8722,#8723),(#8724,#8725),(#8726,
#8727),(#8728,#8729),(#8730,#8731)),.UNSPECIFIED.,.F.,.F.,.F.,(4,1,4),(2,
2),(0.,0.0183735155814206,0.0370708595158056),(-0.5,0.),.UNSPECIFIED.);
#443=B_SPLINE_SURFACE_WITH_KNOTS('',3,1,((#8739,#8740),(#8741,#8742),(#8743,
#8744),(#8745,#8746),(#8747,#8748)),.UNSPECIFIED.,.F.,.F.,.F.,(4,1,4),(2,
2),(0.,0.0559058988317474,0.0867257703865233),(-0.5,0.),.UNSPECIFIED.);
#444=B_SPLINE_SURFACE_WITH_KNOTS('',3,1,((#8760,#8761),(#8762,#8763),(#8764,
#8765),(#8766,#8767),(#8768,#8769)),.UNSPECIFIED.,.F.,.F.,.F.,(4,1,4),(2,
2),(0.,0.0176950326161023,0.0453962406627712),(-0.5,0.),.UNSPECIFIED.);
#445=B_SPLINE_SURFACE_WITH_KNOTS('',3,1,((#8777,#8778),(#8779,#8780),(#8781,
#8782),(#8783,#8784),(#8785,#8786)),.UNSPECIFIED.,.F.,.F.,.F.,(4,1,4),(2,
2),(0.,0.0176137902064585,0.037017222556955),(-0.5,0.),.UNSPECIFIED.);
#446=B_SPLINE_SURFACE_WITH_KNOTS('',3,1,((#8794,#8795),(#8796,#8797),(#8798,
#8799),(#8800,#8801),(#8802,#8803)),.UNSPECIFIED.,.F.,.F.,.F.,(4,1,4),(2,
2),(0.,0.0224071742750694,0.040904157718836),(-0.5,0.),.UNSPECIFIED.);
#447=B_SPLINE_SURFACE_WITH_KNOTS('',3,1,((#8811,#8812),(#8813,#8814),(#8815,
#8816),(#8817,#8818),(#8819,#8820)),.UNSPECIFIED.,.F.,.F.,.F.,(4,1,4),(2,
2),(0.,0.033699646463152,0.0611630209222178),(-0.5,0.),.UNSPECIFIED.);
#448=B_SPLINE_SURFACE_WITH_KNOTS('',3,1,((#8828,#8829),(#8830,#8831),(#8832,
#8833),(#8834,#8835),(#8836,#8837)),.UNSPECIFIED.,.F.,.F.,.F.,(4,1,4),(2,
2),(0.,0.0315742897773274,0.0667969640682338),(-0.5,0.),.UNSPECIFIED.);
#449=B_SPLINE_SURFACE_WITH_KNOTS('',3,1,((#8845,#8846),(#8847,#8848),(#8849,
#8850),(#8851,#8852),(#8853,#8854)),.UNSPECIFIED.,.F.,.F.,.F.,(4,1,4),(2,
2),(0.,0.0248651419761339,0.0528085180921837),(-0.5,0.),.UNSPECIFIED.);
#450=B_SPLINE_SURFACE_WITH_KNOTS('',3,1,((#8862,#8863),(#8864,#8865),(#8866,
#8867),(#8868,#8869),(#8870,#8871)),.UNSPECIFIED.,.F.,.F.,.F.,(4,1,4),(2,
2),(0.,0.0291805255375751,0.0546197351136543),(-0.5,0.),.UNSPECIFIED.);
#451=B_SPLINE_SURFACE_WITH_KNOTS('',3,1,((#8883,#8884),(#8885,#8886),(#8887,
#8888),(#8889,#8890),(#8891,#8892)),.UNSPECIFIED.,.F.,.F.,.F.,(4,1,4),(2,
2),(0.,0.0221110849200414,0.0501388999204335),(-0.5,0.),.UNSPECIFIED.);
#452=B_SPLINE_SURFACE_WITH_KNOTS('',3,1,((#8900,#8901),(#8902,#8903),(#8904,
#8905),(#8906,#8907),(#8908,#8909)),.UNSPECIFIED.,.F.,.F.,.F.,(4,1,4),(2,
2),(0.,0.0302685477146267,0.0531980727023347),(-0.5,0.),.UNSPECIFIED.);
#453=B_SPLINE_SURFACE_WITH_KNOTS('',3,1,((#8917,#8918),(#8919,#8920),(#8921,
#8922),(#8923,#8924),(#8925,#8926)),.UNSPECIFIED.,.F.,.F.,.F.,(4,1,4),(2,
2),(0.,0.0265187098242649,0.0593212116557879),(-0.5,0.),.UNSPECIFIED.);
#454=B_SPLINE_SURFACE_WITH_KNOTS('',3,1,((#8934,#8935),(#8936,#8937),(#8938,
#8939),(#8940,#8941),(#8942,#8943)),.UNSPECIFIED.,.F.,.F.,.F.,(4,1,4),(2,
2),(0.,0.0258152924767853,0.0455185033807595),(-0.5,0.),.UNSPECIFIED.);
#455=B_SPLINE_SURFACE_WITH_KNOTS('',3,1,((#8951,#8952),(#8953,#8954),(#8955,
#8956),(#8957,#8958),(#8959,#8960)),.UNSPECIFIED.,.F.,.F.,.F.,(4,1,4),(2,
2),(0.,0.0082562907233126,0.0128270451155165),(-0.5,0.),.UNSPECIFIED.);
#456=B_SPLINE_SURFACE_WITH_KNOTS('',3,1,((#8968,#8969),(#8970,#8971),(#8972,
#8973),(#8974,#8975),(#8976,#8977)),.UNSPECIFIED.,.F.,.F.,.F.,(4,1,4),(2,
2),(0.,0.0522193611043987,0.0893114045672862),(-0.5,0.),.UNSPECIFIED.);
#457=B_SPLINE_SURFACE_WITH_KNOTS('',3,1,((#8985,#8986),(#8987,#8988),(#8989,
#8990),(#8991,#8992),(#8993,#8994)),.UNSPECIFIED.,.F.,.F.,.F.,(4,1,4),(2,
2),(0.,0.0185284106028575,0.0442948605620834),(-0.5,0.),.UNSPECIFIED.);
#458=B_SPLINE_SURFACE_WITH_KNOTS('',3,1,((#9002,#9003),(#9004,#9005),(#9006,
#9007),(#9008,#9009),(#9010,#9011)),.UNSPECIFIED.,.F.,.F.,.F.,(4,1,4),(2,
2),(0.,0.0191177701139319,0.0389586368041508),(-0.5,0.),.UNSPECIFIED.);
#459=B_SPLINE_SURFACE_WITH_KNOTS('',3,1,((#9019,#9020),(#9021,#9022),(#9023,
#9024),(#9025,#9026),(#9027,#9028)),.UNSPECIFIED.,.F.,.F.,.F.,(4,1,4),(2,
2),(0.,0.0194079863832433,0.0382384172693878),(-0.5,0.),.UNSPECIFIED.);
#460=B_SPLINE_SURFACE_WITH_KNOTS('',3,1,((#9036,#9037),(#9038,#9039),(#9040,
#9041),(#9042,#9043),(#9044,#9045)),.UNSPECIFIED.,.F.,.F.,.F.,(4,1,4),(2,
2),(0.,0.0205050326474503,0.0403986739463168),(-0.5,0.),.UNSPECIFIED.);
#461=B_SPLINE_SURFACE_WITH_KNOTS('',3,1,((#9053,#9054),(#9055,#9056),(#9057,
#9058),(#9059,#9060),(#9061,#9062)),.UNSPECIFIED.,.F.,.F.,.F.,(4,1,4),(2,
2),(0.,0.0328013472759324,0.0664667236473917),(-0.5,0.),.UNSPECIFIED.);
#462=B_SPLINE_SURFACE_WITH_KNOTS('',3,1,((#9070,#9071),(#9072,#9073),(#9074,
#9075),(#9076,#9077),(#9078,#9079)),.UNSPECIFIED.,.F.,.F.,.F.,(4,1,4),(2,
2),(0.,0.0426245781548296,0.0783724196058103),(-0.5,0.),.UNSPECIFIED.);
#463=B_SPLINE_SURFACE_WITH_KNOTS('',3,1,((#9087,#9088),(#9089,#9090),(#9091,
#9092),(#9093,#9094),(#9095,#9096)),.UNSPECIFIED.,.F.,.F.,.F.,(4,1,4),(2,
2),(0.,0.0271223684385327,0.0552253326417971),(-0.5,0.),.UNSPECIFIED.);
#464=B_SPLINE_SURFACE_WITH_KNOTS('',3,1,((#9104,#9105),(#9106,#9107),(#9108,
#9109),(#9110,#9111),(#9112,#9113)),.UNSPECIFIED.,.F.,.F.,.F.,(4,1,4),(2,
2),(0.,0.0332887391726965,0.0621166724835876),(-0.5,0.),.UNSPECIFIED.);
#465=B_SPLINE_SURFACE_WITH_KNOTS('',3,1,((#9121,#9122),(#9123,#9124),(#9125,
#9126),(#9127,#9128),(#9129,#9130)),.UNSPECIFIED.,.F.,.F.,.F.,(4,1,4),(2,
2),(0.,0.0177239024305477,0.037217178999239),(-0.5,0.),.UNSPECIFIED.);
#466=B_SPLINE_SURFACE_WITH_KNOTS('',3,1,((#9247,#9248),(#9249,#9250),(#9251,
#9252),(#9253,#9254),(#9255,#9256)),.UNSPECIFIED.,.F.,.F.,.F.,(4,1,4),(2,
2),(0.,0.0472236518971784,0.0880646860559157),(-0.5,0.),.UNSPECIFIED.);
#467=B_SPLINE_SURFACE_WITH_KNOTS('',3,1,((#9266,#9267),(#9268,#9269),(#9270,
#9271),(#9272,#9273),(#9274,#9275)),.UNSPECIFIED.,.F.,.F.,.F.,(4,1,4),(2,
2),(0.,0.0355120160922447,0.0759312064799118),(-0.5,0.),.UNSPECIFIED.);
#468=B_SPLINE_SURFACE_WITH_KNOTS('',3,1,((#9283,#9284),(#9285,#9286),(#9287,
#9288),(#9289,#9290),(#9291,#9292)),.UNSPECIFIED.,.F.,.F.,.F.,(4,1,4),(2,
2),(0.,0.0309140566047853,0.063199248314308),(-0.5,0.),.UNSPECIFIED.);
#469=B_SPLINE_SURFACE_WITH_KNOTS('',3,1,((#9300,#9301),(#9302,#9303),(#9304,
#9305),(#9306,#9307),(#9308,#9309)),.UNSPECIFIED.,.F.,.F.,.F.,(4,1,4),(2,
2),(0.,0.0579129613213442,0.0973865827437614),(-0.5,0.),.UNSPECIFIED.);
#470=B_SPLINE_SURFACE_WITH_KNOTS('',3,1,((#9329,#9330),(#9331,#9332),(#9333,
#9334),(#9335,#9336),(#9337,#9338)),.UNSPECIFIED.,.F.,.F.,.F.,(4,1,4),(2,
2),(0.,0.0479288558895983,0.0968738479218644),(-0.5,0.),.UNSPECIFIED.);
#471=B_SPLINE_SURFACE_WITH_KNOTS('',3,1,((#9346,#9347),(#9348,#9349),(#9350,
#9351),(#9352,#9353),(#9354,#9355)),.UNSPECIFIED.,.F.,.F.,.F.,(4,1,4),(2,
2),(0.,0.0341521178384024,0.0704496901888557),(-0.5,0.),.UNSPECIFIED.);
#472=B_SPLINE_SURFACE_WITH_KNOTS('',3,1,((#9363,#9364),(#9365,#9366),(#9367,
#9368),(#9369,#9370),(#9371,#9372)),.UNSPECIFIED.,.F.,.F.,.F.,(4,1,4),(2,
2),(0.,0.0361019748188645,0.0702339318571244),(-0.5,0.),.UNSPECIFIED.);
#473=B_SPLINE_SURFACE_WITH_KNOTS('',3,1,((#9380,#9381),(#9382,#9383),(#9384,
#9385),(#9386,#9387),(#9388,#9389)),.UNSPECIFIED.,.F.,.F.,.F.,(4,1,4),(2,
2),(0.,0.0400464989571727,0.0783995750852053),(-0.5,0.),.UNSPECIFIED.);
#474=B_SPLINE_SURFACE_WITH_KNOTS('',3,1,((#9397,#9398),(#9399,#9400),(#9401,
#9402),(#9403,#9404),(#9405,#9406)),.UNSPECIFIED.,.F.,.F.,.F.,(4,1,4),(2,
2),(0.,0.0533904464905847,0.109988228744359),(-0.5,0.),.UNSPECIFIED.);
#475=B_SPLINE_SURFACE_WITH_KNOTS('',3,1,((#9414,#9415),(#9416,#9417),(#9418,
#9419),(#9420,#9421),(#9422,#9423)),.UNSPECIFIED.,.F.,.F.,.F.,(4,1,4),(2,
2),(0.,0.0540858580057943,0.105128078216405),(-0.5,0.),.UNSPECIFIED.);
#476=B_SPLINE_SURFACE_WITH_KNOTS('',3,1,((#9431,#9432),(#9433,#9434),(#9435,
#9436),(#9437,#9438),(#9439,#9440)),.UNSPECIFIED.,.F.,.F.,.F.,(4,1,4),(2,
2),(0.,0.046001404263766,0.0910754215528394),(-0.5,0.),.UNSPECIFIED.);
#477=B_SPLINE_SURFACE_WITH_KNOTS('',3,1,((#9448,#9449),(#9450,#9451),(#9452,
#9453),(#9454,#9455),(#9456,#9457)),.UNSPECIFIED.,.F.,.F.,.F.,(4,1,4),(2,
2),(0.,0.0234281125324397,0.0632032345636597),(-0.5,0.),.UNSPECIFIED.);
#478=B_SPLINE_SURFACE_WITH_KNOTS('',3,1,((#9465,#9466),(#9467,#9468),(#9469,
#9470),(#9471,#9472),(#9473,#9474)),.UNSPECIFIED.,.F.,.F.,.F.,(4,1,4),(2,
2),(0.,0.02258076453389,0.0464065690145286),(-0.5,0.),.UNSPECIFIED.);
#479=B_SPLINE_SURFACE_WITH_KNOTS('',3,1,((#9482,#9483),(#9484,#9485),(#9486,
#9487),(#9488,#9489),(#9490,#9491)),.UNSPECIFIED.,.F.,.F.,.F.,(4,1,4),(2,
2),(0.,0.0304102201827362,0.0550745771804584),(-0.5,0.),.UNSPECIFIED.);
#480=B_SPLINE_SURFACE_WITH_KNOTS('',3,1,((#9499,#9500),(#9501,#9502),(#9503,
#9504),(#9505,#9506),(#9507,#9508)),.UNSPECIFIED.,.F.,.F.,.F.,(4,1,4),(2,
2),(0.,0.023922029741796,0.0524351332924872),(-0.5,0.),.UNSPECIFIED.);
#481=B_SPLINE_SURFACE_WITH_KNOTS('',3,1,((#9516,#9517),(#9518,#9519),(#9520,
#9521),(#9522,#9523),(#9524,#9525)),.UNSPECIFIED.,.F.,.F.,.F.,(4,1,4),(2,
2),(0.,0.0199211414608319,0.0370131507195923),(-0.5,0.),.UNSPECIFIED.);
#482=B_SPLINE_SURFACE_WITH_KNOTS('',3,1,((#9537,#9538),(#9539,#9540),(#9541,
#9542),(#9543,#9544),(#9545,#9546)),.UNSPECIFIED.,.F.,.F.,.F.,(4,1,4),(2,
2),(0.,0.0376112391336026,0.079261795504896),(-0.5,0.),.UNSPECIFIED.);
#483=B_SPLINE_SURFACE_WITH_KNOTS('',3,1,((#9660,#9661),(#9662,#9663),(#9664,
#9665),(#9666,#9667),(#9668,#9669)),.UNSPECIFIED.,.F.,.F.,.F.,(4,1,4),(2,
2),(0.,0.0335340310302628,0.0806057028318903),(-0.5,0.),.UNSPECIFIED.);
#484=B_SPLINE_SURFACE_WITH_KNOTS('',3,1,((#9677,#9678),(#9679,#9680),(#9681,
#9682),(#9683,#9684),(#9685,#9686)),.UNSPECIFIED.,.F.,.F.,.F.,(4,1,4),(2,
2),(0.,0.0296502944658812,0.0587149746326379),(-0.5,0.),.UNSPECIFIED.);
#485=B_SPLINE_SURFACE_WITH_KNOTS('',3,1,((#9694,#9695),(#9696,#9697),(#9698,
#9699),(#9700,#9701),(#9702,#9703)),.UNSPECIFIED.,.F.,.F.,.F.,(4,1,4),(2,
2),(0.,0.0171974385740129,0.0357141332731662),(-0.5,0.),.UNSPECIFIED.);
#486=B_SPLINE_SURFACE_WITH_KNOTS('',3,1,((#9711,#9712),(#9713,#9714),(#9715,
#9716),(#9717,#9718),(#9719,#9720)),.UNSPECIFIED.,.F.,.F.,.F.,(4,1,4),(2,
2),(0.,0.0155531583793795,0.0317019007066013),(-0.5,0.),.UNSPECIFIED.);
#487=B_SPLINE_SURFACE_WITH_KNOTS('',3,1,((#9728,#9729),(#9730,#9731),(#9732,
#9733),(#9734,#9735),(#9736,#9737)),.UNSPECIFIED.,.F.,.F.,.F.,(4,1,4),(2,
2),(0.,0.0262668585891399,0.0454116553789991),(-0.5,0.),.UNSPECIFIED.);
#488=B_SPLINE_SURFACE_WITH_KNOTS('',3,1,((#9757,#9758),(#9759,#9760),(#9761,
#9762),(#9763,#9764),(#9765,#9766)),.UNSPECIFIED.,.F.,.F.,.F.,(4,1,4),(2,
2),(0.,0.0188697628039713,0.0478682935433783),(-0.5,0.),.UNSPECIFIED.);
#489=B_SPLINE_SURFACE_WITH_KNOTS('',3,1,((#9774,#9775),(#9776,#9777),(#9778,
#9779),(#9780,#9781),(#9782,#9783)),.UNSPECIFIED.,.F.,.F.,.F.,(4,1,4),(2,
2),(0.,0.0191143852463691,0.0395910396223876),(-0.5,0.),.UNSPECIFIED.);
#490=B_SPLINE_SURFACE_WITH_KNOTS('',3,1,((#9791,#9792),(#9793,#9794),(#9795,
#9796),(#9797,#9798),(#9799,#9800)),.UNSPECIFIED.,.F.,.F.,.F.,(4,1,4),(2,
2),(0.,0.0220700012119299,0.0415084516528664),(-0.5,0.),.UNSPECIFIED.);
#491=B_SPLINE_SURFACE_WITH_KNOTS('',3,1,((#9808,#9809),(#9810,#9811),(#9812,
#9813),(#9814,#9815),(#9816,#9817)),.UNSPECIFIED.,.F.,.F.,.F.,(4,1,4),(2,
2),(0.,0.0252463905285738,0.0493264317899029),(-0.5,0.),.UNSPECIFIED.);
#492=B_SPLINE_SURFACE_WITH_KNOTS('',3,1,((#9825,#9826),(#9827,#9828),(#9829,
#9830),(#9831,#9832),(#9833,#9834)),.UNSPECIFIED.,.F.,.F.,.F.,(4,1,4),(2,
2),(0.,0.0529609157303993,0.107489560590895),(-0.5,0.),.UNSPECIFIED.);
#493=B_SPLINE_SURFACE_WITH_KNOTS('',3,1,((#9981,#9982),(#9983,#9984),(#9985,
#9986),(#9987,#9988),(#9989,#9990)),.UNSPECIFIED.,.F.,.F.,.F.,(4,1,4),(2,
2),(0.,0.0415617074586327,0.0808375840805556),(-0.5,0.),.UNSPECIFIED.);
#494=B_SPLINE_SURFACE_WITH_KNOTS('',3,1,((#10000,#10001),(#10002,#10003),
(#10004,#10005),(#10006,#10007),(#10008,#10009)),.UNSPECIFIED.,.F.,.F.,
 .F.,(4,1,4),(2,2),(0.,0.0355943953549387,0.0711731326151048),(-0.5,0.),
 .UNSPECIFIED.);
#495=B_SPLINE_SURFACE_WITH_KNOTS('',3,1,((#10017,#10018),(#10019,#10020),
(#10021,#10022),(#10023,#10024),(#10025,#10026)),.UNSPECIFIED.,.F.,.F.,
 .F.,(4,1,4),(2,2),(0.,0.038297661961546,0.0743707007514989),(-0.5,0.),
 .UNSPECIFIED.);
#496=B_SPLINE_SURFACE_WITH_KNOTS('',3,1,((#10034,#10035),(#10036,#10037),
(#10038,#10039),(#10040,#10041),(#10042,#10043)),.UNSPECIFIED.,.F.,.F.,
 .F.,(4,1,4),(2,2),(0.,0.0479274162958346,0.0907096110121019),(-0.5,0.),
 .UNSPECIFIED.);
#497=B_SPLINE_SURFACE_WITH_KNOTS('',3,1,((#10051,#10052),(#10053,#10054),
(#10055,#10056),(#10057,#10058),(#10059,#10060)),.UNSPECIFIED.,.F.,.F.,
 .F.,(4,1,4),(2,2),(0.,0.0389778607058465,0.0780875206713846),(-0.5,0.),
 .UNSPECIFIED.);
#498=B_SPLINE_SURFACE_WITH_KNOTS('',3,1,((#10068,#10069),(#10070,#10071),
(#10072,#10073),(#10074,#10075),(#10076,#10077)),.UNSPECIFIED.,.F.,.F.,
 .F.,(4,1,4),(2,2),(0.,0.0369485921320406,0.0745488242638662),(-0.5,0.),
 .UNSPECIFIED.);
#499=B_SPLINE_SURFACE_WITH_KNOTS('',3,1,((#10085,#10086),(#10087,#10088),
(#10089,#10090),(#10091,#10092),(#10093,#10094)),.UNSPECIFIED.,.F.,.F.,
 .F.,(4,1,4),(2,2),(0.,0.0426851557604751,0.0811900222994144),(-0.5,0.),
 .UNSPECIFIED.);
#500=B_SPLINE_SURFACE_WITH_KNOTS('',3,1,((#10102,#10103),(#10104,#10105),
(#10106,#10107),(#10108,#10109),(#10110,#10111)),.UNSPECIFIED.,.F.,.F.,
 .F.,(4,1,4),(2,2),(0.,0.0334037492206878,0.070438546594447),(-0.5,0.),
 .UNSPECIFIED.);
#501=B_SPLINE_SURFACE_WITH_KNOTS('',3,1,((#10119,#10120),(#10121,#10122),
(#10123,#10124),(#10125,#10126),(#10127,#10128)),.UNSPECIFIED.,.F.,.F.,
 .F.,(4,1,4),(2,2),(0.,0.0413973231184297,0.0762196306635078),(-0.5,0.),
 .UNSPECIFIED.);
#502=B_SPLINE_SURFACE_WITH_KNOTS('',3,1,((#10140,#10141),(#10142,#10143),
(#10144,#10145),(#10146,#10147),(#10148,#10149)),.UNSPECIFIED.,.F.,.F.,
 .F.,(4,1,4),(2,2),(0.,0.0505696769243811,0.104572963385388),(-0.5,0.),
 .UNSPECIFIED.);
#503=B_SPLINE_SURFACE_WITH_KNOTS('',3,1,((#10157,#10158),(#10159,#10160),
(#10161,#10162),(#10163,#10164),(#10165,#10166)),.UNSPECIFIED.,.F.,.F.,
 .F.,(4,1,4),(2,2),(0.,0.0557780573126079,0.106905675574985),(-0.5,0.),
 .UNSPECIFIED.);
#504=B_SPLINE_SURFACE_WITH_KNOTS('',3,1,((#10174,#10175),(#10176,#10177),
(#10178,#10179),(#10180,#10181),(#10182,#10183)),.UNSPECIFIED.,.F.,.F.,
 .F.,(4,1,4),(2,2),(0.,0.0496996131705332,0.1007738778178),(-0.5,0.),
 .UNSPECIFIED.);
#505=B_SPLINE_SURFACE_WITH_KNOTS('',3,1,((#10191,#10192),(#10193,#10194),
(#10195,#10196),(#10197,#10198),(#10199,#10200)),.UNSPECIFIED.,.F.,.F.,
 .F.,(4,1,4),(2,2),(0.,0.0501155953600371,0.0991757222580385),(-0.5,0.),
 .UNSPECIFIED.);
#506=B_SPLINE_SURFACE_WITH_KNOTS('',3,1,((#10208,#10209),(#10210,#10211),
(#10212,#10213),(#10214,#10215),(#10216,#10217)),.UNSPECIFIED.,.F.,.F.,
 .F.,(4,1,4),(2,2),(0.,0.0587962741009775,0.112387706143486),(-0.5,0.),
 .UNSPECIFIED.);
#507=B_SPLINE_SURFACE_WITH_KNOTS('',3,1,((#10225,#10226),(#10227,#10228),
(#10229,#10230),(#10231,#10232),(#10233,#10234)),.UNSPECIFIED.,.F.,.F.,
 .F.,(4,1,4),(2,2),(0.,0.0541481623010019,0.109856558643233),(-0.5,0.),
 .UNSPECIFIED.);
#508=B_SPLINE_SURFACE_WITH_KNOTS('',3,1,((#10242,#10243),(#10244,#10245),
(#10246,#10247),(#10248,#10249),(#10250,#10251)),.UNSPECIFIED.,.F.,.F.,
 .F.,(4,1,4),(2,2),(0.,0.0480784378899139,0.0992076363423169),(-0.5,0.),
 .UNSPECIFIED.);
#509=B_SPLINE_SURFACE_WITH_KNOTS('',3,1,((#10259,#10260),(#10261,#10262),
(#10263,#10264),(#10265,#10266),(#10267,#10268)),.UNSPECIFIED.,.F.,.F.,
 .F.,(4,1,4),(2,2),(0.,0.0589973024578044,0.109567623035917),(-0.5,0.),
 .UNSPECIFIED.);
#510=B_SPLINE_SURFACE_WITH_KNOTS('',3,1,((#10276,#10277),(#10278,#10279),
(#10280,#10281),(#10282,#10283),(#10284,#10285)),.UNSPECIFIED.,.F.,.F.,
 .F.,(4,1,4),(2,2),(0.,0.0544880438420495,0.112793851339231),(-0.5,0.),
 .UNSPECIFIED.);
#511=B_SPLINE_SURFACE_WITH_KNOTS('',3,1,((#10293,#10294),(#10295,#10296),
(#10297,#10298),(#10299,#10300),(#10301,#10302)),.UNSPECIFIED.,.F.,.F.,
 .F.,(4,1,4),(2,2),(0.,0.0620109426588485,0.117706754684122),(-0.5,0.),
 .UNSPECIFIED.);
#512=B_SPLINE_SURFACE_WITH_KNOTS('',3,1,((#10314,#10315),(#10316,#10317),
(#10318,#10319),(#10320,#10321),(#10322,#10323)),.UNSPECIFIED.,.F.,.F.,
 .F.,(4,1,4),(2,2),(0.,0.0410258950470765,0.088062611677254),(-0.5,0.),
 .UNSPECIFIED.);
#513=B_SPLINE_SURFACE_WITH_KNOTS('',3,1,((#10465,#10466),(#10467,#10468),
(#10469,#10470),(#10471,#10472),(#10473,#10474)),.UNSPECIFIED.,.F.,.F.,
 .F.,(4,1,4),(2,2),(0.,0.0472236518971784,0.0880644706243844),(-0.5,0.),
 .UNSPECIFIED.);
#514=B_SPLINE_SURFACE_WITH_KNOTS('',3,1,((#10484,#10485),(#10486,#10487),
(#10488,#10489),(#10490,#10491),(#10492,#10493)),.UNSPECIFIED.,.F.,.F.,
 .F.,(4,1,4),(2,2),(0.,0.0355121279494762,0.0759313183371433),(-0.5,0.),
 .UNSPECIFIED.);
#515=B_SPLINE_SURFACE_WITH_KNOTS('',3,1,((#10501,#10502),(#10503,#10504),
(#10505,#10506),(#10507,#10508),(#10509,#10510)),.UNSPECIFIED.,.F.,.F.,
 .F.,(4,1,4),(2,2),(0.,0.0309141252576665,0.0631993169671893),(-0.5,0.),
 .UNSPECIFIED.);
#516=B_SPLINE_SURFACE_WITH_KNOTS('',3,1,((#10518,#10519),(#10520,#10521),
(#10522,#10523),(#10524,#10525),(#10526,#10527)),.UNSPECIFIED.,.F.,.F.,
 .F.,(4,1,4),(2,2),(0.,0.0579129613213442,0.0973865203246503),(-0.5,0.),
 .UNSPECIFIED.);
#517=B_SPLINE_SURFACE_WITH_KNOTS('',3,1,((#10547,#10548),(#10549,#10550),
(#10551,#10552),(#10553,#10554),(#10555,#10556)),.UNSPECIFIED.,.F.,.F.,
 .F.,(4,1,4),(2,2),(0.,0.0479288558895983,0.0968737558813276),(-0.5,0.),
 .UNSPECIFIED.);
#518=B_SPLINE_SURFACE_WITH_KNOTS('',3,1,((#10564,#10565),(#10566,#10567),
(#10568,#10569),(#10570,#10571),(#10572,#10573)),.UNSPECIFIED.,.F.,.F.,
 .F.,(4,1,4),(2,2),(0.,0.0341521178384024,0.0704498083621724),(-0.5,0.),
 .UNSPECIFIED.);
#519=B_SPLINE_SURFACE_WITH_KNOTS('',3,1,((#10581,#10582),(#10583,#10584),
(#10585,#10586),(#10587,#10588),(#10589,#10590)),.UNSPECIFIED.,.F.,.F.,
 .F.,(4,1,4),(2,2),(0.,0.0361019748188645,0.0702339318571244),(-0.5,0.),
 .UNSPECIFIED.);
#520=B_SPLINE_SURFACE_WITH_KNOTS('',3,1,((#10598,#10599),(#10600,#10601),
(#10602,#10603),(#10604,#10605),(#10606,#10607)),.UNSPECIFIED.,.F.,.F.,
 .F.,(4,1,4),(2,2),(0.,0.0400465101251115,0.0783995512699957),(-0.5,0.),
 .UNSPECIFIED.);
#521=B_SPLINE_SURFACE_WITH_KNOTS('',3,1,((#10615,#10616),(#10617,#10618),
(#10619,#10620),(#10621,#10622),(#10623,#10624)),.UNSPECIFIED.,.F.,.F.,
 .F.,(4,1,4),(2,2),(0.,0.0533904464905847,0.109988228744359),(-0.5,0.),
 .UNSPECIFIED.);
#522=B_SPLINE_SURFACE_WITH_KNOTS('',3,1,((#10632,#10633),(#10634,#10635),
(#10636,#10637),(#10638,#10639),(#10640,#10641)),.UNSPECIFIED.,.F.,.F.,
 .F.,(4,1,4),(2,2),(0.,0.0540860916429064,0.105128127370124),(-0.5,0.),
 .UNSPECIFIED.);
#523=B_SPLINE_SURFACE_WITH_KNOTS('',3,1,((#10649,#10650),(#10651,#10652),
(#10653,#10654),(#10655,#10656),(#10657,#10658)),.UNSPECIFIED.,.F.,.F.,
 .F.,(4,1,4),(2,2),(0.,0.0460013105763735,0.0910753278654469),(-0.5,0.),
 .UNSPECIFIED.);
#524=B_SPLINE_SURFACE_WITH_KNOTS('',3,1,((#10666,#10667),(#10668,#10669),
(#10670,#10671),(#10672,#10673),(#10674,#10675)),.UNSPECIFIED.,.F.,.F.,
 .F.,(4,1,4),(2,2),(0.,0.0234281125324397,0.0632032300655046),(-0.5,0.),
 .UNSPECIFIED.);
#525=B_SPLINE_SURFACE_WITH_KNOTS('',3,1,((#10683,#10684),(#10685,#10686),
(#10687,#10688),(#10689,#10690),(#10691,#10692)),.UNSPECIFIED.,.F.,.F.,
 .F.,(4,1,4),(2,2),(0.,0.02258076453389,0.0464065690145286),(-0.5,0.),
 .UNSPECIFIED.);
#526=B_SPLINE_SURFACE_WITH_KNOTS('',3,1,((#10700,#10701),(#10702,#10703),
(#10704,#10705),(#10706,#10707),(#10708,#10709)),.UNSPECIFIED.,.F.,.F.,
 .F.,(4,1,4),(2,2),(0.,0.0304101017255383,0.0550746756582579),(-0.5,0.),
 .UNSPECIFIED.);
#527=B_SPLINE_SURFACE_WITH_KNOTS('',3,1,((#10717,#10718),(#10719,#10720),
(#10721,#10722),(#10723,#10724),(#10725,#10726)),.UNSPECIFIED.,.F.,.F.,
 .F.,(4,1,4),(2,2),(0.,0.0239221374963747,0.052435122693652),(-0.5,0.),
 .UNSPECIFIED.);
#528=B_SPLINE_SURFACE_WITH_KNOTS('',3,1,((#10734,#10735),(#10736,#10737),
(#10738,#10739),(#10740,#10741),(#10742,#10743)),.UNSPECIFIED.,.F.,.F.,
 .F.,(4,1,4),(2,2),(0.,0.0199211075810563,0.0370131168398167),(-0.5,0.),
 .UNSPECIFIED.);
#529=B_SPLINE_SURFACE_WITH_KNOTS('',3,1,((#10755,#10756),(#10757,#10758),
(#10759,#10760),(#10761,#10762),(#10763,#10764)),.UNSPECIFIED.,.F.,.F.,
 .F.,(4,1,4),(2,2),(0.,0.0376113141555651,0.0792618705268585),(-0.5,0.),
 .UNSPECIFIED.);
#530=B_SPLINE_SURFACE_WITH_KNOTS('',3,1,((#10831,#10832),(#10833,#10834),
(#10835,#10836),(#10837,#10838),(#10839,#10840)),.UNSPECIFIED.,.F.,.F.,
 .F.,(4,1,4),(2,2),(0.,0.028100410582445,0.0580475935432085),(-0.5,0.),
 .UNSPECIFIED.);
#531=B_SPLINE_SURFACE_WITH_KNOTS('',3,1,((#10848,#10849),(#10850,#10851),
(#10852,#10853),(#10854,#10855),(#10856,#10857)),.UNSPECIFIED.,.F.,.F.,
 .F.,(4,1,4),(2,2),(0.,0.0159465585238631,0.0329106945143603),(-0.5,0.),
 .UNSPECIFIED.);
#532=B_SPLINE_SURFACE_WITH_KNOTS('',3,1,((#10865,#10866),(#10867,#10868),
(#10869,#10870),(#10871,#10872),(#10873,#10874)),.UNSPECIFIED.,.F.,.F.,
 .F.,(4,1,4),(2,2),(0.,0.0154704657589337,0.0309266826755608),(-0.5,0.),
 .UNSPECIFIED.);
#533=B_SPLINE_SURFACE_WITH_KNOTS('',3,1,((#10882,#10883),(#10884,#10885),
(#10886,#10887),(#10888,#10889),(#10890,#10891)),.UNSPECIFIED.,.F.,.F.,
 .F.,(4,1,4),(2,2),(0.,0.0196974851026167,0.0379010426687692),(-0.5,0.),
 .UNSPECIFIED.);
#534=B_SPLINE_SURFACE_WITH_KNOTS('',3,1,((#10903,#10904),(#10905,#10906),
(#10907,#10908),(#10909,#10910),(#10911,#10912)),.UNSPECIFIED.,.F.,.F.,
 .F.,(4,1,4),(2,2),(0.,0.0253448827468943,0.0534204449991039),(-0.5,0.),
 .UNSPECIFIED.);
#535=B_SPLINE_SURFACE_WITH_KNOTS('',3,1,((#10920,#10921),(#10922,#10923),
(#10924,#10925),(#10926,#10927),(#10928,#10929)),.UNSPECIFIED.,.F.,.F.,
 .F.,(4,1,4),(2,2),(0.,0.0167481322917287,0.0334035769917227),(-0.5,0.),
 .UNSPECIFIED.);
#536=B_SPLINE_SURFACE_WITH_KNOTS('',3,1,((#10937,#10938),(#10939,#10940),
(#10941,#10942),(#10943,#10944),(#10945,#10946)),.UNSPECIFIED.,.F.,.F.,
 .F.,(4,1,4),(2,2),(0.,0.03031498421676,0.0515620502850884),(-0.5,0.),
 .UNSPECIFIED.);
#537=B_SPLINE_SURFACE_WITH_KNOTS('',3,1,((#11045,#11046),(#11047,#11048),
(#11049,#11050),(#11051,#11052),(#11053,#11054)),.UNSPECIFIED.,.F.,.F.,
 .F.,(4,1,4),(2,2),(0.,0.0238592528129226,0.0543509271179246),(-0.5,0.),
 .UNSPECIFIED.);
#538=B_SPLINE_SURFACE_WITH_KNOTS('',3,1,((#11062,#11063),(#11064,#11065),
(#11066,#11067),(#11068,#11069),(#11070,#11071)),.UNSPECIFIED.,.F.,.F.,
 .F.,(4,1,4),(2,2),(0.,0.0211946165529236,0.0417186879528997),(-0.5,0.),
 .UNSPECIFIED.);
#539=B_SPLINE_SURFACE_WITH_KNOTS('',3,1,((#11079,#11080),(#11081,#11082),
(#11083,#11084),(#11085,#11086),(#11087,#11088)),.UNSPECIFIED.,.F.,.F.,
 .F.,(4,1,4),(2,2),(0.,0.0213683787912143,0.0429900689013266),(-0.5,0.),
 .UNSPECIFIED.);
#540=B_SPLINE_SURFACE_WITH_KNOTS('',3,1,((#11096,#11097),(#11098,#11099),
(#11100,#11101),(#11102,#11103),(#11104,#11105)),.UNSPECIFIED.,.F.,.F.,
 .F.,(4,1,4),(2,2),(0.,0.0230157975114561,0.049240287706203),(-0.5,0.),
 .UNSPECIFIED.);
#541=B_SPLINE_SURFACE_WITH_KNOTS('',3,1,((#11113,#11114),(#11115,#11116),
(#11117,#11118),(#11119,#11120),(#11121,#11122)),.UNSPECIFIED.,.F.,.F.,
 .F.,(4,1,4),(2,2),(0.,0.0320704828702097,0.0569359747252436),(-0.5,0.),
 .UNSPECIFIED.);
#542=B_SPLINE_SURFACE_WITH_KNOTS('',3,1,((#11142,#11143),(#11144,#11145),
(#11146,#11147),(#11148,#11149),(#11150,#11151)),.UNSPECIFIED.,.F.,.F.,
 .F.,(4,1,4),(2,2),(0.,0.0284750692042033,0.0660792435341551),(-0.5,0.),
 .UNSPECIFIED.);
#543=B_SPLINE_SURFACE_WITH_KNOTS('',3,1,((#11159,#11160),(#11161,#11162),
(#11163,#11164),(#11165,#11166),(#11167,#11168)),.UNSPECIFIED.,.F.,.F.,
 .F.,(4,1,4),(2,2),(0.,0.0253550030881694,0.0495062810953159),(-0.5,0.),
 .UNSPECIFIED.);
#544=B_SPLINE_SURFACE_WITH_KNOTS('',3,1,((#11176,#11177),(#11178,#11179),
(#11180,#11181),(#11182,#11183),(#11184,#11185)),.UNSPECIFIED.,.F.,.F.,
 .F.,(4,1,4),(2,2),(0.,0.0302486280018075,0.0577969078878006),(-0.5,0.),
 .UNSPECIFIED.);
#545=B_SPLINE_SURFACE_WITH_KNOTS('',3,1,((#11193,#11194),(#11195,#11196),
(#11197,#11198),(#11199,#11200),(#11201,#11202)),.UNSPECIFIED.,.F.,.F.,
 .F.,(4,1,4),(2,2),(0.,0.0490347006566677,0.097944791203822),(-0.5,0.),
 .UNSPECIFIED.);
#546=B_SPLINE_SURFACE_WITH_KNOTS('',3,1,((#11405,#11406),(#11407,#11408),
(#11409,#11410),(#11411,#11412),(#11413,#11414)),.UNSPECIFIED.,.F.,.F.,
 .F.,(4,1,4),(2,2),(0.,0.0269027853829028,0.0524061088284685),(-0.5,0.),
 .UNSPECIFIED.);
#547=B_SPLINE_SURFACE_WITH_KNOTS('',3,1,((#11424,#11425),(#11426,#11427),
(#11428,#11429),(#11430,#11431),(#11432,#11433)),.UNSPECIFIED.,.F.,.F.,
 .F.,(4,1,4),(2,2),(0.,0.0325400833824304,0.065810420817577),(-0.5,0.),
 .UNSPECIFIED.);
#548=B_SPLINE_SURFACE_WITH_KNOTS('',3,1,((#11441,#11442),(#11443,#11444),
(#11445,#11446),(#11447,#11448),(#11449,#11450)),.UNSPECIFIED.,.F.,.F.,
 .F.,(4,1,4),(2,2),(0.,0.0507186906281003,0.0890358744319364),(-0.5,0.),
 .UNSPECIFIED.);
#549=B_SPLINE_SURFACE_WITH_KNOTS('',3,1,((#11458,#11459),(#11460,#11461),
(#11462,#11463),(#11464,#11465),(#11466,#11467)),.UNSPECIFIED.,.F.,.F.,
 .F.,(4,1,4),(2,2),(0.,0.038498662343272,0.088664341441591),(-0.5,0.),
 .UNSPECIFIED.);
#550=B_SPLINE_SURFACE_WITH_KNOTS('',3,1,((#11475,#11476),(#11477,#11478),
(#11479,#11480),(#11481,#11482),(#11483,#11484)),.UNSPECIFIED.,.F.,.F.,
 .F.,(4,1,4),(2,2),(0.,0.0342802752682774,0.0675887110685263),(-0.5,0.),
 .UNSPECIFIED.);
#551=B_SPLINE_SURFACE_WITH_KNOTS('',3,1,((#11492,#11493),(#11494,#11495),
(#11496,#11497),(#11498,#11499),(#11500,#11501)),.UNSPECIFIED.,.F.,.F.,
 .F.,(4,1,4),(2,2),(0.,0.0220954906110248,0.0451407153683201),(-0.5,0.),
 .UNSPECIFIED.);
#552=B_SPLINE_SURFACE_WITH_KNOTS('',3,1,((#11509,#11510),(#11511,#11512),
(#11513,#11514),(#11515,#11516),(#11517,#11518)),.UNSPECIFIED.,.F.,.F.,
 .F.,(4,1,4),(2,2),(0.,0.0272686835138616,0.050780054283485),(-0.5,0.),
 .UNSPECIFIED.);
#553=B_SPLINE_SURFACE_WITH_KNOTS('',3,1,((#11530,#11531),(#11532,#11533),
(#11534,#11535),(#11536,#11537),(#11538,#11539)),.UNSPECIFIED.,.F.,.F.,
 .F.,(4,1,4),(2,2),(0.,0.0379592501387932,0.0792648654430668),(-0.5,0.),
 .UNSPECIFIED.);
#554=B_SPLINE_SURFACE_WITH_KNOTS('',3,1,((#11547,#11548),(#11549,#11550),
(#11551,#11552),(#11553,#11554),(#11555,#11556)),.UNSPECIFIED.,.F.,.F.,
 .F.,(4,1,4),(2,2),(0.,0.0433189583568109,0.082021305032529),(-0.5,0.),
 .UNSPECIFIED.);
#555=B_SPLINE_SURFACE_WITH_KNOTS('',3,1,((#11564,#11565),(#11566,#11567),
(#11568,#11569),(#11570,#11571),(#11572,#11573)),.UNSPECIFIED.,.F.,.F.,
 .F.,(4,1,4),(2,2),(0.,0.0357141887535167,0.0719644360899606),(-0.5,0.),
 .UNSPECIFIED.);
#556=B_SPLINE_SURFACE_WITH_KNOTS('',3,1,((#11581,#11582),(#11583,#11584),
(#11585,#11586),(#11587,#11588),(#11589,#11590)),.UNSPECIFIED.,.F.,.F.,
 .F.,(4,1,4),(2,2),(0.,0.036511782707069,0.071906884602412),(-0.5,0.),
 .UNSPECIFIED.);
#557=B_SPLINE_SURFACE_WITH_KNOTS('',3,1,((#11598,#11599),(#11600,#11601),
(#11602,#11603),(#11604,#11605),(#11606,#11607)),.UNSPECIFIED.,.F.,.F.,
 .F.,(4,1,4),(2,2),(0.,0.0441687546319401,0.0840439482030706),(-0.5,0.),
 .UNSPECIFIED.);
#558=B_SPLINE_SURFACE_WITH_KNOTS('',3,1,((#11615,#11616),(#11617,#11618),
(#11619,#11620),(#11621,#11622),(#11623,#11624)),.UNSPECIFIED.,.F.,.F.,
 .F.,(4,1,4),(2,2),(0.,0.0545254199383196,0.119313103622327),(-0.5,0.),
 .UNSPECIFIED.);
#559=B_SPLINE_SURFACE_WITH_KNOTS('',3,1,((#11632,#11633),(#11634,#11635),
(#11636,#11637),(#11638,#11639),(#11640,#11641)),.UNSPECIFIED.,.F.,.F.,
 .F.,(4,1,4),(2,2),(0.,0.054522890462901,0.10564133815368),(-0.5,0.),
 .UNSPECIFIED.);
#560=B_SPLINE_SURFACE_WITH_KNOTS('',3,1,((#11649,#11650),(#11651,#11652),
(#11653,#11654),(#11655,#11656),(#11657,#11658)),.UNSPECIFIED.,.F.,.F.,
 .F.,(4,1,4),(2,2),(0.,0.0420473138207211,0.0863717049852045),(-0.5,0.),
 .UNSPECIFIED.);
#561=B_SPLINE_SURFACE_WITH_KNOTS('',3,1,((#11666,#11667),(#11668,#11669),
(#11670,#11671),(#11672,#11673),(#11674,#11675)),.UNSPECIFIED.,.F.,.F.,
 .F.,(4,1,4),(2,2),(0.,0.0466846599295227,0.0894850065193424),(-0.5,0.),
 .UNSPECIFIED.);
#562=B_SPLINE_SURFACE_WITH_KNOTS('',3,1,((#11687,#11688),(#11689,#11690),
(#11691,#11692),(#11693,#11694),(#11695,#11696)),.UNSPECIFIED.,.F.,.F.,
 .F.,(4,1,4),(2,2),(0.,0.027516304566784,0.0607441501355044),(-0.5,0.),
 .UNSPECIFIED.);
#563=B_SPLINE_SURFACE_WITH_KNOTS('',3,1,((#11905,#11906),(#11907,#11908),
(#11909,#11910),(#11911,#11912),(#11913,#11914)),.UNSPECIFIED.,.F.,.F.,
 .F.,(4,1,4),(2,2),(0.,0.0382715813464656,0.0755430248521208),(-0.5,0.),
 .UNSPECIFIED.);
#564=B_SPLINE_SURFACE_WITH_KNOTS('',3,1,((#11924,#11925),(#11926,#11927),
(#11928,#11929),(#11930,#11931),(#11932,#11933)),.UNSPECIFIED.,.F.,.F.,
 .F.,(4,1,4),(2,2),(0.,0.0500542799416167,0.092832044605646),(-0.5,0.),
 .UNSPECIFIED.);
#565=B_SPLINE_SURFACE_WITH_KNOTS('',3,1,((#11941,#11942),(#11943,#11944),
(#11945,#11946),(#11947,#11948),(#11949,#11950)),.UNSPECIFIED.,.F.,.F.,
 .F.,(4,1,4),(2,2),(0.,0.0382465109801057,0.0791241072222944),(-0.5,0.),
 .UNSPECIFIED.);
#566=B_SPLINE_SURFACE_WITH_KNOTS('',3,1,((#11958,#11959),(#11960,#11961),
(#11962,#11963),(#11964,#11965),(#11966,#11967)),.UNSPECIFIED.,.F.,.F.,
 .F.,(4,1,4),(2,2),(0.,0.0335580743060892,0.0691903158424739),(-0.5,0.),
 .UNSPECIFIED.);
#567=B_SPLINE_SURFACE_WITH_KNOTS('',3,1,((#11975,#11976),(#11977,#11978),
(#11979,#11980),(#11981,#11982),(#11983,#11984)),.UNSPECIFIED.,.F.,.F.,
 .F.,(4,1,4),(2,2),(0.,0.0313378089476919,0.0635612496304341),(-0.5,0.),
 .UNSPECIFIED.);
#568=B_SPLINE_SURFACE_WITH_KNOTS('',3,1,((#11992,#11993),(#11994,#11995),
(#11996,#11997),(#11998,#11999),(#12000,#12001)),.UNSPECIFIED.,.F.,.F.,
 .F.,(4,1,4),(2,2),(0.,0.0293551506363634,0.0599599770307823),(-0.5,0.),
 .UNSPECIFIED.);
#569=B_SPLINE_SURFACE_WITH_KNOTS('',3,1,((#12009,#12010),(#12011,#12012),
(#12013,#12014),(#12015,#12016),(#12017,#12018)),.UNSPECIFIED.,.F.,.F.,
 .F.,(4,1,4),(2,2),(0.,0.0354168812451544,0.0663731566395477),(-0.5,0.),
 .UNSPECIFIED.);
#570=B_SPLINE_SURFACE_WITH_KNOTS('',3,1,((#12026,#12027),(#12028,#12029),
(#12030,#12031),(#12032,#12033),(#12034,#12035)),.UNSPECIFIED.,.F.,.F.,
 .F.,(4,1,4),(2,2),(0.,0.0560926114983931,0.092226228259245),(-0.5,0.),
 .UNSPECIFIED.);
#571=B_SPLINE_SURFACE_WITH_KNOTS('',3,1,((#12043,#12044),(#12045,#12046),
(#12047,#12048),(#12049,#12050),(#12051,#12052)),.UNSPECIFIED.,.F.,.F.,
 .F.,(4,1,4),(2,2),(0.,0.030979630277454,0.085152961273807),(-0.5,0.),
 .UNSPECIFIED.);
#572=B_SPLINE_SURFACE_WITH_KNOTS('',3,1,((#12060,#12061),(#12062,#12063),
(#12064,#12065),(#12066,#12067),(#12068,#12069)),.UNSPECIFIED.,.F.,.F.,
 .F.,(4,1,4),(2,2),(0.,0.0200263994876229,0.0396860282150291),(-0.5,0.),
 .UNSPECIFIED.);
#573=B_SPLINE_SURFACE_WITH_KNOTS('',3,1,((#12077,#12078),(#12079,#12080),
(#12081,#12082),(#12083,#12084),(#12085,#12086)),.UNSPECIFIED.,.F.,.F.,
 .F.,(4,1,4),(2,2),(0.,0.025455604052318,0.0491232329707837),(-0.5,0.),
 .UNSPECIFIED.);
#574=B_SPLINE_SURFACE_WITH_KNOTS('',3,1,((#12094,#12095),(#12096,#12097),
(#12098,#12099),(#12100,#12101),(#12102,#12103)),.UNSPECIFIED.,.F.,.F.,
 .F.,(4,1,4),(2,2),(0.,0.0417400184326277,0.073128894132665),(-0.5,0.),
 .UNSPECIFIED.);
#575=B_SPLINE_SURFACE_WITH_KNOTS('',3,1,((#12111,#12112),(#12113,#12114),
(#12115,#12116),(#12117,#12118),(#12119,#12120)),.UNSPECIFIED.,.F.,.F.,
 .F.,(4,1,4),(2,2),(0.,0.0326412232643856,0.0734141930094447),(-0.5,0.),
 .UNSPECIFIED.);
#576=B_SPLINE_SURFACE_WITH_KNOTS('',3,1,((#12128,#12129),(#12130,#12131),
(#12132,#12133),(#12134,#12135),(#12136,#12137)),.UNSPECIFIED.,.F.,.F.,
 .F.,(4,1,4),(2,2),(0.,0.034475157773263,0.064923895644197),(-0.5,0.),
 .UNSPECIFIED.);
#577=B_SPLINE_SURFACE_WITH_KNOTS('',3,1,((#12149,#12150),(#12151,#12152),
(#12153,#12154),(#12155,#12156),(#12157,#12158)),.UNSPECIFIED.,.F.,.F.,
 .F.,(4,1,4),(2,2),(0.,0.0328316536232039,0.0666534677521455),(-0.5,0.),
 .UNSPECIFIED.);
#578=B_SPLINE_SURFACE_WITH_KNOTS('',3,1,((#12166,#12167),(#12168,#12169),
(#12170,#12171),(#12172,#12173),(#12174,#12175)),.UNSPECIFIED.,.F.,.F.,
 .F.,(4,1,4),(2,2),(0.,0.0348739994087455,0.0679042966950963),(-0.5,0.),
 .UNSPECIFIED.);
#579=B_SPLINE_SURFACE_WITH_KNOTS('',3,1,((#12183,#12184),(#12185,#12186),
(#12187,#12188),(#12189,#12190),(#12191,#12192)),.UNSPECIFIED.,.F.,.F.,
 .F.,(4,1,4),(2,2),(0.,0.0420015483800727,0.0801421184404893),(-0.5,0.),
 .UNSPECIFIED.);
#580=B_SPLINE_SURFACE_WITH_KNOTS('',3,1,((#12200,#12201),(#12202,#12203),
(#12204,#12205),(#12206,#12207),(#12208,#12209)),.UNSPECIFIED.,.F.,.F.,
 .F.,(4,1,4),(2,2),(0.,0.0363274735742494,0.0750183311019836),(-0.5,0.),
 .UNSPECIFIED.);
#581=B_SPLINE_SURFACE_WITH_KNOTS('',3,1,((#12217,#12218),(#12219,#12220),
(#12221,#12222),(#12223,#12224),(#12225,#12226)),.UNSPECIFIED.,.F.,.F.,
 .F.,(4,1,4),(2,2),(0.,0.031360048744638,0.0649328674667148),(-0.5,0.),
 .UNSPECIFIED.);
#582=B_SPLINE_SURFACE_WITH_KNOTS('',3,1,((#12234,#12235),(#12236,#12237),
(#12238,#12239),(#12240,#12241),(#12242,#12243)),.UNSPECIFIED.,.F.,.F.,
 .F.,(4,1,4),(2,2),(0.,0.0296108513646818,0.0598193737822928),(-0.5,0.),
 .UNSPECIFIED.);
#583=B_SPLINE_SURFACE_WITH_KNOTS('',3,1,((#12251,#12252),(#12253,#12254),
(#12255,#12256),(#12257,#12258),(#12259,#12260)),.UNSPECIFIED.,.F.,.F.,
 .F.,(4,1,4),(2,2),(0.,0.025816507283952,0.052278673204399),(-0.5,0.),
 .UNSPECIFIED.);
#584=B_SPLINE_SURFACE_WITH_KNOTS('',3,1,((#12268,#12269),(#12270,#12271),
(#12272,#12273),(#12274,#12275),(#12276,#12277)),.UNSPECIFIED.,.F.,.F.,
 .F.,(4,1,4),(2,2),(0.,0.0301284785390704,0.0571601041023641),(-0.5,0.),
 .UNSPECIFIED.);
#585=B_SPLINE_SURFACE_WITH_KNOTS('',3,1,((#12285,#12286),(#12287,#12288),
(#12289,#12290),(#12291,#12292),(#12293,#12294)),.UNSPECIFIED.,.F.,.F.,
 .F.,(4,1,4),(2,2),(0.,0.0485941704360411,0.081274594908243),(-0.5,0.),
 .UNSPECIFIED.);
#586=B_SPLINE_SURFACE_WITH_KNOTS('',3,1,((#12302,#12303),(#12304,#12305),
(#12306,#12307),(#12308,#12309),(#12310,#12311)),.UNSPECIFIED.,.F.,.F.,
 .F.,(4,1,4),(2,2),(0.,0.0270665271595678,0.0738615869379508),(-0.5,0.),
 .UNSPECIFIED.);
#587=B_SPLINE_SURFACE_WITH_KNOTS('',3,1,((#12319,#12320),(#12321,#12322),
(#12323,#12324),(#12325,#12326),(#12327,#12328)),.UNSPECIFIED.,.F.,.F.,
 .F.,(4,1,4),(2,2),(0.,0.0193962286181374,0.0434501975235274),(-0.5,0.),
 .UNSPECIFIED.);
#588=B_SPLINE_SURFACE_WITH_KNOTS('',3,1,((#12336,#12337),(#12338,#12339),
(#12340,#12341),(#12342,#12343),(#12344,#12345)),.UNSPECIFIED.,.F.,.F.,
 .F.,(4,1,4),(2,2),(0.,0.0178429358191169,0.0351469674128521),(-0.5,0.),
 .UNSPECIFIED.);
#589=B_SPLINE_SURFACE_WITH_KNOTS('',3,1,((#12353,#12354),(#12355,#12356),
(#12357,#12358),(#12359,#12360),(#12361,#12362)),.UNSPECIFIED.,.F.,.F.,
 .F.,(4,1,4),(2,2),(0.,0.0184729405493339,0.0365338185831562),(-0.5,0.),
 .UNSPECIFIED.);
#590=B_SPLINE_SURFACE_WITH_KNOTS('',3,1,((#12370,#12371),(#12372,#12373),
(#12374,#12375),(#12376,#12377),(#12378,#12379)),.UNSPECIFIED.,.F.,.F.,
 .F.,(4,1,4),(2,2),(0.,0.0228695703303277,0.0428875550736558),(-0.5,0.),
 .UNSPECIFIED.);
#591=B_SPLINE_SURFACE_WITH_KNOTS('',3,1,((#12387,#12388),(#12389,#12390),
(#12391,#12392),(#12393,#12394),(#12395,#12396)),.UNSPECIFIED.,.F.,.F.,
 .F.,(4,1,4),(2,2),(0.,0.0286016733431486,0.0544647329776411),(-0.5,0.),
 .UNSPECIFIED.);
#592=B_SPLINE_SURFACE_WITH_KNOTS('',3,1,((#12404,#12405),(#12406,#12407),
(#12408,#12409),(#12410,#12411),(#12412,#12413)),.UNSPECIFIED.,.F.,.F.,
 .F.,(4,1,4),(2,2),(0.,0.0303263347996709,0.0628630034455026),(-0.5,0.),
 .UNSPECIFIED.);
#593=B_SPLINE_SURFACE_WITH_KNOTS('',3,1,((#12421,#12422),(#12423,#12424),
(#12425,#12426),(#12427,#12428),(#12429,#12430)),.UNSPECIFIED.,.F.,.F.,
 .F.,(4,1,4),(2,2),(0.,0.0240038821716568,0.0513875190643511),(-0.5,0.),
 .UNSPECIFIED.);
#594=B_SPLINE_SURFACE_WITH_KNOTS('',3,1,((#12438,#12439),(#12440,#12441),
(#12442,#12443),(#12444,#12445),(#12446,#12447)),.UNSPECIFIED.,.F.,.F.,
 .F.,(4,1,4),(2,2),(0.,0.027949123829569,0.052310049700285),(-0.5,0.),
 .UNSPECIFIED.);
#595=B_SPLINE_SURFACE_WITH_KNOTS('',3,1,((#12459,#12460),(#12461,#12462),
(#12463,#12464),(#12465,#12466),(#12467,#12468)),.UNSPECIFIED.,.F.,.F.,
 .F.,(4,1,4),(2,2),(0.,0.0374261257263927,0.0759308971832429),(-0.5,0.),
 .UNSPECIFIED.);
#596=B_SPLINE_SURFACE_WITH_KNOTS('',3,1,((#12547,#12548),(#12549,#12550),
(#12551,#12552),(#12553,#12554),(#12555,#12556)),.UNSPECIFIED.,.F.,.F.,
 .F.,(4,1,4),(2,2),(0.,0.00760847206050303,0.0173012618442427),(-0.5,0.),
 .UNSPECIFIED.);
#597=B_SPLINE_SURFACE_WITH_KNOTS('',3,1,((#12566,#12567),(#12568,#12569),
(#12570,#12571),(#12572,#12573),(#12574,#12575)),.UNSPECIFIED.,.F.,.F.,
 .F.,(4,1,4),(2,2),(0.,0.0063773446074847,0.0129190713922412),(-0.5,0.),
 .UNSPECIFIED.);
#598=B_SPLINE_SURFACE_WITH_KNOTS('',3,1,((#12583,#12584),(#12585,#12586),
(#12587,#12588),(#12589,#12590),(#12591,#12592)),.UNSPECIFIED.,.F.,.F.,
 .F.,(4,1,4),(2,2),(0.,0.0172700909161738,0.0272163507907392),(-0.5,0.),
 .UNSPECIFIED.);
#599=B_SPLINE_SURFACE_WITH_KNOTS('',3,1,((#12644,#12645),(#12646,#12647),
(#12648,#12649),(#12650,#12651),(#12652,#12653)),.UNSPECIFIED.,.F.,.F.,
 .F.,(4,1,4),(2,2),(0.,0.0218534804173184,0.0584804171686516),(-0.5,0.),
 .UNSPECIFIED.);
#600=B_SPLINE_SURFACE_WITH_KNOTS('',3,1,((#12661,#12662),(#12663,#12664),
(#12665,#12666),(#12667,#12668),(#12669,#12670)),.UNSPECIFIED.,.F.,.F.,
 .F.,(4,1,4),(2,2),(0.,0.0159169819620052,0.030815835532122),(-0.5,0.),
 .UNSPECIFIED.);
#601=B_SPLINE_SURFACE_WITH_KNOTS('',3,1,((#12678,#12679),(#12680,#12681),
(#12682,#12683),(#12684,#12685),(#12686,#12687)),.UNSPECIFIED.,.F.,.F.,
 .F.,(4,1,4),(2,2),(0.,0.023832149025163,0.0426677974582055),(-0.5,0.),
 .UNSPECIFIED.);
#602=B_SPLINE_SURFACE_WITH_KNOTS('',3,1,((#12695,#12696),(#12697,#12698),
(#12699,#12700),(#12701,#12702),(#12703,#12704)),.UNSPECIFIED.,.F.,.F.,
 .F.,(4,1,4),(2,2),(0.,0.0199161953517402,0.037412765176079),(-0.5,0.),
 .UNSPECIFIED.);
#603=B_SPLINE_SURFACE_WITH_KNOTS('',3,1,((#12716,#12717),(#12718,#12719),
(#12720,#12721),(#12722,#12723),(#12724,#12725)),.UNSPECIFIED.,.F.,.F.,
 .F.,(4,1,4),(2,2),(0.,0.0094936870248855,0.0216519974039471),(-0.5,0.),
 .UNSPECIFIED.);
#604=B_SPLINE_SURFACE_WITH_KNOTS('',3,1,((#12808,#12809),(#12810,#12811),
(#12812,#12813),(#12814,#12815),(#12816,#12817)),.UNSPECIFIED.,.F.,.F.,
 .F.,(4,1,4),(2,2),(0.,0.0238592604812569,0.0543509307860343),(-0.5,0.),
 .UNSPECIFIED.);
#605=B_SPLINE_SURFACE_WITH_KNOTS('',3,1,((#12825,#12826),(#12827,#12828),
(#12829,#12830),(#12831,#12832),(#12833,#12834)),.UNSPECIFIED.,.F.,.F.,
 .F.,(4,1,4),(2,2),(0.,0.0211946022134703,0.0417186231972743),(-0.5,0.),
 .UNSPECIFIED.);
#606=B_SPLINE_SURFACE_WITH_KNOTS('',3,1,((#12842,#12843),(#12844,#12845),
(#12846,#12847),(#12848,#12849),(#12850,#12851)),.UNSPECIFIED.,.F.,.F.,
 .F.,(4,1,4),(2,2),(0.,0.0213683787912143,0.0429900140868578),(-0.5,0.),
 .UNSPECIFIED.);
#607=B_SPLINE_SURFACE_WITH_KNOTS('',3,1,((#12859,#12860),(#12861,#12862),
(#12863,#12864),(#12865,#12866),(#12867,#12868)),.UNSPECIFIED.,.F.,.F.,
 .F.,(4,1,4),(2,2),(0.,0.023015847415845,0.0492403185411168),(-0.5,0.),
 .UNSPECIFIED.);
#608=B_SPLINE_SURFACE_WITH_KNOTS('',3,1,((#12876,#12877),(#12878,#12879),
(#12880,#12881),(#12882,#12883),(#12884,#12885)),.UNSPECIFIED.,.F.,.F.,
 .F.,(4,1,4),(2,2),(0.,0.0320705937366671,0.0569360333496426),(-0.5,0.),
 .UNSPECIFIED.);
#609=B_SPLINE_SURFACE_WITH_KNOTS('',3,1,((#12905,#12906),(#12907,#12908),
(#12909,#12910),(#12911,#12912),(#12913,#12914)),.UNSPECIFIED.,.F.,.F.,
 .F.,(4,1,4),(2,2),(0.,0.0284751426668125,0.0660793169967643),(-0.5,0.),
 .UNSPECIFIED.);
#610=B_SPLINE_SURFACE_WITH_KNOTS('',3,1,((#12922,#12923),(#12924,#12925),
(#12926,#12927),(#12928,#12929),(#12930,#12931)),.UNSPECIFIED.,.F.,.F.,
 .F.,(4,1,4),(2,2),(0.,0.0253550988202644,0.0495063768274109),(-0.5,0.),
 .UNSPECIFIED.);
#611=B_SPLINE_SURFACE_WITH_KNOTS('',3,1,((#12939,#12940),(#12941,#12942),
(#12943,#12944),(#12945,#12946),(#12947,#12948)),.UNSPECIFIED.,.F.,.F.,
 .F.,(4,1,4),(2,2),(0.,0.0302485031996281,0.0577967271497856),(-0.5,0.),
 .UNSPECIFIED.);
#612=B_SPLINE_SURFACE_WITH_KNOTS('',3,1,((#12956,#12957),(#12958,#12959),
(#12960,#12961),(#12962,#12963),(#12964,#12965)),.UNSPECIFIED.,.F.,.F.,
 .F.,(4,1,4),(2,2),(0.,0.0490347006566677,0.097944791203822),(-0.5,0.),
 .UNSPECIFIED.);
#613=B_SPLINE_SURFACE_WITH_KNOTS('',3,1,((#13078,#13079),(#13080,#13081),
(#13082,#13083),(#13084,#13085),(#13086,#13087)),.UNSPECIFIED.,.F.,.F.,
 .F.,(4,1,4),(2,2),(0.,0.0177848234051514,0.061610150197265),(-0.5,0.),
 .UNSPECIFIED.);
#614=FACE_BOUND('',#1169,.T.);
#615=FACE_BOUND('',#1170,.T.);
#616=FACE_BOUND('',#1171,.T.);
#617=FACE_BOUND('',#1172,.T.);
#618=FACE_BOUND('',#1173,.T.);
#619=FACE_BOUND('',#1174,.T.);
#620=FACE_BOUND('',#1175,.T.);
#621=FACE_BOUND('',#1203,.T.);
#622=FACE_BOUND('',#1232,.T.);
#623=FACE_BOUND('',#1307,.T.);
#624=FACE_BOUND('',#1497,.T.);
#625=FACE_BOUND('',#1499,.T.);
#626=FACE_BOUND('',#1500,.T.);
#627=FACE_BOUND('',#1501,.T.);
#628=FACE_BOUND('',#1502,.T.);
#629=FACE_BOUND('',#1509,.T.);
#630=FACE_BOUND('',#1510,.T.);
#631=FACE_BOUND('',#1511,.T.);
#632=FACE_BOUND('',#1512,.T.);
#633=FACE_BOUND('',#1513,.T.);
#634=FACE_BOUND('',#1514,.T.);
#635=FACE_BOUND('',#1515,.T.);
#636=FACE_BOUND('',#1516,.T.);
#637=FACE_BOUND('',#1518,.T.);
#638=FACE_BOUND('',#1519,.T.);
#639=FACE_BOUND('',#1520,.T.);
#640=FACE_BOUND('',#1521,.T.);
#641=FACE_BOUND('',#1522,.T.);
#642=FACE_BOUND('',#1523,.T.);
#643=FACE_BOUND('',#1524,.T.);
#644=FACE_BOUND('',#1525,.T.);
#645=FACE_BOUND('',#1526,.T.);
#646=FACE_BOUND('',#1527,.T.);
#647=PLANE('',#6678);
#648=PLANE('',#6682);
#649=PLANE('',#6686);
#650=PLANE('',#6690);
#651=PLANE('',#6694);
#652=PLANE('',#6698);
#653=PLANE('',#6702);
#654=PLANE('',#6706);
#655=PLANE('',#6710);
#656=PLANE('',#6714);
#657=PLANE('',#6718);
#658=PLANE('',#6722);
#659=PLANE('',#6723);
#660=PLANE('',#6724);
#661=PLANE('',#6725);
#662=PLANE('',#6726);
#663=PLANE('',#6727);
#664=PLANE('',#6728);
#665=PLANE('',#6729);
#666=PLANE('',#6730);
#667=PLANE('',#6731);
#668=PLANE('',#6732);
#669=PLANE('',#6733);
#670=PLANE('',#6734);
#671=PLANE('',#6735);
#672=PLANE('',#6736);
#673=PLANE('',#6737);
#674=PLANE('',#6738);
#675=PLANE('',#6739);
#676=PLANE('',#6740);
#677=PLANE('',#6741);
#678=PLANE('',#6742);
#679=PLANE('',#6743);
#680=PLANE('',#6744);
#681=PLANE('',#6745);
#682=PLANE('',#6746);
#683=PLANE('',#6747);
#684=PLANE('',#6748);
#685=PLANE('',#6749);
#686=PLANE('',#6750);
#687=PLANE('',#6751);
#688=PLANE('',#6752);
#689=PLANE('',#6753);
#690=PLANE('',#6754);
#691=PLANE('',#6755);
#692=PLANE('',#6756);
#693=PLANE('',#6757);
#694=PLANE('',#6758);
#695=PLANE('',#6759);
#696=PLANE('',#6760);
#697=PLANE('',#6761);
#698=PLANE('',#6762);
#699=PLANE('',#6763);
#700=PLANE('',#6764);
#701=PLANE('',#6765);
#702=PLANE('',#6766);
#703=PLANE('',#6767);
#704=PLANE('',#6768);
#705=PLANE('',#6769);
#706=PLANE('',#6770);
#707=PLANE('',#6771);
#708=PLANE('',#6772);
#709=PLANE('',#6773);
#710=PLANE('',#6774);
#711=PLANE('',#6775);
#712=PLANE('',#6776);
#713=PLANE('',#6777);
#714=PLANE('',#6778);
#715=PLANE('',#6779);
#716=PLANE('',#6780);
#717=PLANE('',#6781);
#718=PLANE('',#6782);
#719=PLANE('',#6783);
#720=PLANE('',#6784);
#721=PLANE('',#6785);
#722=PLANE('',#6786);
#723=PLANE('',#6787);
#724=PLANE('',#6788);
#725=PLANE('',#6789);
#726=PLANE('',#6790);
#727=PLANE('',#6791);
#728=PLANE('',#6792);
#729=PLANE('',#6793);
#730=PLANE('',#6794);
#731=PLANE('',#6795);
#732=PLANE('',#6796);
#733=PLANE('',#6797);
#734=PLANE('',#6798);
#735=PLANE('',#6799);
#736=PLANE('',#6800);
#737=PLANE('',#6801);
#738=PLANE('',#6802);
#739=PLANE('',#6803);
#740=PLANE('',#6804);
#741=PLANE('',#6805);
#742=PLANE('',#6806);
#743=PLANE('',#6807);
#744=PLANE('',#6808);
#745=PLANE('',#6809);
#746=PLANE('',#6810);
#747=PLANE('',#6811);
#748=PLANE('',#6812);
#749=PLANE('',#6813);
#750=PLANE('',#6814);
#751=PLANE('',#6815);
#752=PLANE('',#6816);
#753=PLANE('',#6817);
#754=PLANE('',#6818);
#755=PLANE('',#6819);
#756=PLANE('',#6820);
#757=PLANE('',#6821);
#758=PLANE('',#6822);
#759=PLANE('',#6823);
#760=PLANE('',#6824);
#761=PLANE('',#6825);
#762=PLANE('',#6826);
#763=PLANE('',#6827);
#764=PLANE('',#6828);
#765=PLANE('',#6829);
#766=PLANE('',#6830);
#767=PLANE('',#6831);
#768=PLANE('',#6832);
#769=PLANE('',#6833);
#770=PLANE('',#6834);
#771=PLANE('',#6835);
#772=PLANE('',#6836);
#773=PLANE('',#6837);
#774=PLANE('',#6838);
#775=PLANE('',#6839);
#776=PLANE('',#6840);
#777=PLANE('',#6841);
#778=PLANE('',#6842);
#779=PLANE('',#6843);
#780=PLANE('',#6844);
#781=PLANE('',#6845);
#782=PLANE('',#6846);
#783=PLANE('',#6847);
#784=PLANE('',#6848);
#785=PLANE('',#6849);
#786=PLANE('',#6850);
#787=PLANE('',#6851);
#788=PLANE('',#6852);
#789=PLANE('',#6853);
#790=PLANE('',#6854);
#791=FACE_OUTER_BOUND('',#1144,.T.);
#792=FACE_OUTER_BOUND('',#1145,.T.);
#793=FACE_OUTER_BOUND('',#1146,.T.);
#794=FACE_OUTER_BOUND('',#1147,.T.);
#795=FACE_OUTER_BOUND('',#1148,.T.);
#796=FACE_OUTER_BOUND('',#1149,.T.);
#797=FACE_OUTER_BOUND('',#1150,.T.);
#798=FACE_OUTER_BOUND('',#1151,.T.);
#799=FACE_OUTER_BOUND('',#1152,.T.);
#800=FACE_OUTER_BOUND('',#1153,.T.);
#801=FACE_OUTER_BOUND('',#1154,.T.);
#802=FACE_OUTER_BOUND('',#1155,.T.);
#803=FACE_OUTER_BOUND('',#1156,.T.);
#804=FACE_OUTER_BOUND('',#1157,.T.);
#805=FACE_OUTER_BOUND('',#1158,.T.);
#806=FACE_OUTER_BOUND('',#1159,.T.);
#807=FACE_OUTER_BOUND('',#1160,.T.);
#808=FACE_OUTER_BOUND('',#1161,.T.);
#809=FACE_OUTER_BOUND('',#1162,.T.);
#810=FACE_OUTER_BOUND('',#1163,.T.);
#811=FACE_OUTER_BOUND('',#1164,.T.);
#812=FACE_OUTER_BOUND('',#1165,.T.);
#813=FACE_OUTER_BOUND('',#1166,.T.);
#814=FACE_OUTER_BOUND('',#1167,.T.);
#815=FACE_OUTER_BOUND('',#1168,.T.);
#816=FACE_OUTER_BOUND('',#1176,.T.);
#817=FACE_OUTER_BOUND('',#1177,.T.);
#818=FACE_OUTER_BOUND('',#1178,.T.);
#819=FACE_OUTER_BOUND('',#1179,.T.);
#820=FACE_OUTER_BOUND('',#1180,.T.);
#821=FACE_OUTER_BOUND('',#1181,.T.);
#822=FACE_OUTER_BOUND('',#1182,.T.);
#823=FACE_OUTER_BOUND('',#1183,.T.);
#824=FACE_OUTER_BOUND('',#1184,.T.);
#825=FACE_OUTER_BOUND('',#1185,.T.);
#826=FACE_OUTER_BOUND('',#1186,.T.);
#827=FACE_OUTER_BOUND('',#1187,.T.);
#828=FACE_OUTER_BOUND('',#1188,.T.);
#829=FACE_OUTER_BOUND('',#1189,.T.);
#830=FACE_OUTER_BOUND('',#1190,.T.);
#831=FACE_OUTER_BOUND('',#1191,.T.);
#832=FACE_OUTER_BOUND('',#1192,.T.);
#833=FACE_OUTER_BOUND('',#1193,.T.);
#834=FACE_OUTER_BOUND('',#1194,.T.);
#835=FACE_OUTER_BOUND('',#1195,.T.);
#836=FACE_OUTER_BOUND('',#1196,.T.);
#837=FACE_OUTER_BOUND('',#1197,.T.);
#838=FACE_OUTER_BOUND('',#1198,.T.);
#839=FACE_OUTER_BOUND('',#1199,.T.);
#840=FACE_OUTER_BOUND('',#1200,.T.);
#841=FACE_OUTER_BOUND('',#1201,.T.);
#842=FACE_OUTER_BOUND('',#1202,.T.);
#843=FACE_OUTER_BOUND('',#1204,.T.);
#844=FACE_OUTER_BOUND('',#1205,.T.);
#845=FACE_OUTER_BOUND('',#1206,.T.);
#846=FACE_OUTER_BOUND('',#1207,.T.);
#847=FACE_OUTER_BOUND('',#1208,.T.);
#848=FACE_OUTER_BOUND('',#1209,.T.);
#849=FACE_OUTER_BOUND('',#1210,.T.);
#850=FACE_OUTER_BOUND('',#1211,.T.);
#851=FACE_OUTER_BOUND('',#1212,.T.);
#852=FACE_OUTER_BOUND('',#1213,.T.);
#853=FACE_OUTER_BOUND('',#1214,.T.);
#854=FACE_OUTER_BOUND('',#1215,.T.);
#855=FACE_OUTER_BOUND('',#1216,.T.);
#856=FACE_OUTER_BOUND('',#1217,.T.);
#857=FACE_OUTER_BOUND('',#1218,.T.);
#858=FACE_OUTER_BOUND('',#1219,.T.);
#859=FACE_OUTER_BOUND('',#1220,.T.);
#860=FACE_OUTER_BOUND('',#1221,.T.);
#861=FACE_OUTER_BOUND('',#1222,.T.);
#862=FACE_OUTER_BOUND('',#1223,.T.);
#863=FACE_OUTER_BOUND('',#1224,.T.);
#864=FACE_OUTER_BOUND('',#1225,.T.);
#865=FACE_OUTER_BOUND('',#1226,.T.);
#866=FACE_OUTER_BOUND('',#1227,.T.);
#867=FACE_OUTER_BOUND('',#1228,.T.);
#868=FACE_OUTER_BOUND('',#1229,.T.);
#869=FACE_OUTER_BOUND('',#1230,.T.);
#870=FACE_OUTER_BOUND('',#1231,.T.);
#871=FACE_OUTER_BOUND('',#1233,.T.);
#872=FACE_OUTER_BOUND('',#1234,.T.);
#873=FACE_OUTER_BOUND('',#1235,.T.);
#874=FACE_OUTER_BOUND('',#1236,.T.);
#875=FACE_OUTER_BOUND('',#1237,.T.);
#876=FACE_OUTER_BOUND('',#1238,.T.);
#877=FACE_OUTER_BOUND('',#1239,.T.);
#878=FACE_OUTER_BOUND('',#1240,.T.);
#879=FACE_OUTER_BOUND('',#1241,.T.);
#880=FACE_OUTER_BOUND('',#1242,.T.);
#881=FACE_OUTER_BOUND('',#1243,.T.);
#882=FACE_OUTER_BOUND('',#1244,.T.);
#883=FACE_OUTER_BOUND('',#1245,.T.);
#884=FACE_OUTER_BOUND('',#1246,.T.);
#885=FACE_OUTER_BOUND('',#1247,.T.);
#886=FACE_OUTER_BOUND('',#1248,.T.);
#887=FACE_OUTER_BOUND('',#1249,.T.);
#888=FACE_OUTER_BOUND('',#1250,.T.);
#889=FACE_OUTER_BOUND('',#1251,.T.);
#890=FACE_OUTER_BOUND('',#1252,.T.);
#891=FACE_OUTER_BOUND('',#1253,.T.);
#892=FACE_OUTER_BOUND('',#1254,.T.);
#893=FACE_OUTER_BOUND('',#1255,.T.);
#894=FACE_OUTER_BOUND('',#1256,.T.);
#895=FACE_OUTER_BOUND('',#1257,.T.);
#896=FACE_OUTER_BOUND('',#1258,.T.);
#897=FACE_OUTER_BOUND('',#1259,.T.);
#898=FACE_OUTER_BOUND('',#1260,.T.);
#899=FACE_OUTER_BOUND('',#1261,.T.);
#900=FACE_OUTER_BOUND('',#1262,.T.);
#901=FACE_OUTER_BOUND('',#1263,.T.);
#902=FACE_OUTER_BOUND('',#1264,.T.);
#903=FACE_OUTER_BOUND('',#1265,.T.);
#904=FACE_OUTER_BOUND('',#1266,.T.);
#905=FACE_OUTER_BOUND('',#1267,.T.);
#906=FACE_OUTER_BOUND('',#1268,.T.);
#907=FACE_OUTER_BOUND('',#1269,.T.);
#908=FACE_OUTER_BOUND('',#1270,.T.);
#909=FACE_OUTER_BOUND('',#1271,.T.);
#910=FACE_OUTER_BOUND('',#1272,.T.);
#911=FACE_OUTER_BOUND('',#1273,.T.);
#912=FACE_OUTER_BOUND('',#1274,.T.);
#913=FACE_OUTER_BOUND('',#1275,.T.);
#914=FACE_OUTER_BOUND('',#1276,.T.);
#915=FACE_OUTER_BOUND('',#1277,.T.);
#916=FACE_OUTER_BOUND('',#1278,.T.);
#917=FACE_OUTER_BOUND('',#1279,.T.);
#918=FACE_OUTER_BOUND('',#1280,.T.);
#919=FACE_OUTER_BOUND('',#1281,.T.);
#920=FACE_OUTER_BOUND('',#1282,.T.);
#921=FACE_OUTER_BOUND('',#1283,.T.);
#922=FACE_OUTER_BOUND('',#1284,.T.);
#923=FACE_OUTER_BOUND('',#1285,.T.);
#924=FACE_OUTER_BOUND('',#1286,.T.);
#925=FACE_OUTER_BOUND('',#1287,.T.);
#926=FACE_OUTER_BOUND('',#1288,.T.);
#927=FACE_OUTER_BOUND('',#1289,.T.);
#928=FACE_OUTER_BOUND('',#1290,.T.);
#929=FACE_OUTER_BOUND('',#1291,.T.);
#930=FACE_OUTER_BOUND('',#1292,.T.);
#931=FACE_OUTER_BOUND('',#1293,.T.);
#932=FACE_OUTER_BOUND('',#1294,.T.);
#933=FACE_OUTER_BOUND('',#1295,.T.);
#934=FACE_OUTER_BOUND('',#1296,.T.);
#935=FACE_OUTER_BOUND('',#1297,.T.);
#936=FACE_OUTER_BOUND('',#1298,.T.);
#937=FACE_OUTER_BOUND('',#1299,.T.);
#938=FACE_OUTER_BOUND('',#1300,.T.);
#939=FACE_OUTER_BOUND('',#1301,.T.);
#940=FACE_OUTER_BOUND('',#1302,.T.);
#941=FACE_OUTER_BOUND('',#1303,.T.);
#942=FACE_OUTER_BOUND('',#1304,.T.);
#943=FACE_OUTER_BOUND('',#1305,.T.);
#944=FACE_OUTER_BOUND('',#1306,.T.);
#945=FACE_OUTER_BOUND('',#1308,.T.);
#946=FACE_OUTER_BOUND('',#1309,.T.);
#947=FACE_OUTER_BOUND('',#1310,.T.);
#948=FACE_OUTER_BOUND('',#1311,.T.);
#949=FACE_OUTER_BOUND('',#1312,.T.);
#950=FACE_OUTER_BOUND('',#1313,.T.);
#951=FACE_OUTER_BOUND('',#1314,.T.);
#952=FACE_OUTER_BOUND('',#1315,.T.);
#953=FACE_OUTER_BOUND('',#1316,.T.);
#954=FACE_OUTER_BOUND('',#1317,.T.);
#955=FACE_OUTER_BOUND('',#1318,.T.);
#956=FACE_OUTER_BOUND('',#1319,.T.);
#957=FACE_OUTER_BOUND('',#1320,.T.);
#958=FACE_OUTER_BOUND('',#1321,.T.);
#959=FACE_OUTER_BOUND('',#1322,.T.);
#960=FACE_OUTER_BOUND('',#1323,.T.);
#961=FACE_OUTER_BOUND('',#1324,.T.);
#962=FACE_OUTER_BOUND('',#1325,.T.);
#963=FACE_OUTER_BOUND('',#1326,.T.);
#964=FACE_OUTER_BOUND('',#1327,.T.);
#965=FACE_OUTER_BOUND('',#1328,.T.);
#966=FACE_OUTER_BOUND('',#1329,.T.);
#967=FACE_OUTER_BOUND('',#1330,.T.);
#968=FACE_OUTER_BOUND('',#1331,.T.);
#969=FACE_OUTER_BOUND('',#1332,.T.);
#970=FACE_OUTER_BOUND('',#1333,.T.);
#971=FACE_OUTER_BOUND('',#1334,.T.);
#972=FACE_OUTER_BOUND('',#1335,.T.);
#973=FACE_OUTER_BOUND('',#1336,.T.);
#974=FACE_OUTER_BOUND('',#1337,.T.);
#975=FACE_OUTER_BOUND('',#1338,.T.);
#976=FACE_OUTER_BOUND('',#1339,.T.);
#977=FACE_OUTER_BOUND('',#1340,.T.);
#978=FACE_OUTER_BOUND('',#1341,.T.);
#979=FACE_OUTER_BOUND('',#1342,.T.);
#980=FACE_OUTER_BOUND('',#1343,.T.);
#981=FACE_OUTER_BOUND('',#1344,.T.);
#982=FACE_OUTER_BOUND('',#1345,.T.);
#983=FACE_OUTER_BOUND('',#1346,.T.);
#984=FACE_OUTER_BOUND('',#1347,.T.);
#985=FACE_OUTER_BOUND('',#1348,.T.);
#986=FACE_OUTER_BOUND('',#1349,.T.);
#987=FACE_OUTER_BOUND('',#1350,.T.);
#988=FACE_OUTER_BOUND('',#1351,.T.);
#989=FACE_OUTER_BOUND('',#1352,.T.);
#990=FACE_OUTER_BOUND('',#1353,.T.);
#991=FACE_OUTER_BOUND('',#1354,.T.);
#992=FACE_OUTER_BOUND('',#1355,.T.);
#993=FACE_OUTER_BOUND('',#1356,.T.);
#994=FACE_OUTER_BOUND('',#1357,.T.);
#995=FACE_OUTER_BOUND('',#1358,.T.);
#996=FACE_OUTER_BOUND('',#1359,.T.);
#997=FACE_OUTER_BOUND('',#1360,.T.);
#998=FACE_OUTER_BOUND('',#1361,.T.);
#999=FACE_OUTER_BOUND('',#1362,.T.);
#1000=FACE_OUTER_BOUND('',#1363,.T.);
#1001=FACE_OUTER_BOUND('',#1364,.T.);
#1002=FACE_OUTER_BOUND('',#1365,.T.);
#1003=FACE_OUTER_BOUND('',#1366,.T.);
#1004=FACE_OUTER_BOUND('',#1367,.T.);
#1005=FACE_OUTER_BOUND('',#1368,.T.);
#1006=FACE_OUTER_BOUND('',#1369,.T.);
#1007=FACE_OUTER_BOUND('',#1370,.T.);
#1008=FACE_OUTER_BOUND('',#1371,.T.);
#1009=FACE_OUTER_BOUND('',#1372,.T.);
#1010=FACE_OUTER_BOUND('',#1373,.T.);
#1011=FACE_OUTER_BOUND('',#1374,.T.);
#1012=FACE_OUTER_BOUND('',#1375,.T.);
#1013=FACE_OUTER_BOUND('',#1376,.T.);
#1014=FACE_OUTER_BOUND('',#1377,.T.);
#1015=FACE_OUTER_BOUND('',#1378,.T.);
#1016=FACE_OUTER_BOUND('',#1379,.T.);
#1017=FACE_OUTER_BOUND('',#1380,.T.);
#1018=FACE_OUTER_BOUND('',#1381,.T.);
#1019=FACE_OUTER_BOUND('',#1382,.T.);
#1020=FACE_OUTER_BOUND('',#1383,.T.);
#1021=FACE_OUTER_BOUND('',#1384,.T.);
#1022=FACE_OUTER_BOUND('',#1385,.T.);
#1023=FACE_OUTER_BOUND('',#1386,.T.);
#1024=FACE_OUTER_BOUND('',#1387,.T.);
#1025=FACE_OUTER_BOUND('',#1388,.T.);
#1026=FACE_OUTER_BOUND('',#1389,.T.);
#1027=FACE_OUTER_BOUND('',#1390,.T.);
#1028=FACE_OUTER_BOUND('',#1391,.T.);
#1029=FACE_OUTER_BOUND('',#1392,.T.);
#1030=FACE_OUTER_BOUND('',#1393,.T.);
#1031=FACE_OUTER_BOUND('',#1394,.T.);
#1032=FACE_OUTER_BOUND('',#1395,.T.);
#1033=FACE_OUTER_BOUND('',#1396,.T.);
#1034=FACE_OUTER_BOUND('',#1397,.T.);
#1035=FACE_OUTER_BOUND('',#1398,.T.);
#1036=FACE_OUTER_BOUND('',#1399,.T.);
#1037=FACE_OUTER_BOUND('',#1400,.T.);
#1038=FACE_OUTER_BOUND('',#1401,.T.);
#1039=FACE_OUTER_BOUND('',#1402,.T.);
#1040=FACE_OUTER_BOUND('',#1403,.T.);
#1041=FACE_OUTER_BOUND('',#1404,.T.);
#1042=FACE_OUTER_BOUND('',#1405,.T.);
#1043=FACE_OUTER_BOUND('',#1406,.T.);
#1044=FACE_OUTER_BOUND('',#1407,.T.);
#1045=FACE_OUTER_BOUND('',#1408,.T.);
#1046=FACE_OUTER_BOUND('',#1409,.T.);
#1047=FACE_OUTER_BOUND('',#1410,.T.);
#1048=FACE_OUTER_BOUND('',#1411,.T.);
#1049=FACE_OUTER_BOUND('',#1412,.T.);
#1050=FACE_OUTER_BOUND('',#1413,.T.);
#1051=FACE_OUTER_BOUND('',#1414,.T.);
#1052=FACE_OUTER_BOUND('',#1415,.T.);
#1053=FACE_OUTER_BOUND('',#1416,.T.);
#1054=FACE_OUTER_BOUND('',#1417,.T.);
#1055=FACE_OUTER_BOUND('',#1418,.T.);
#1056=FACE_OUTER_BOUND('',#1419,.T.);
#1057=FACE_OUTER_BOUND('',#1420,.T.);
#1058=FACE_OUTER_BOUND('',#1421,.T.);
#1059=FACE_OUTER_BOUND('',#1422,.T.);
#1060=FACE_OUTER_BOUND('',#1423,.T.);
#1061=FACE_OUTER_BOUND('',#1424,.T.);
#1062=FACE_OUTER_BOUND('',#1425,.T.);
#1063=FACE_OUTER_BOUND('',#1426,.T.);
#1064=FACE_OUTER_BOUND('',#1427,.T.);
#1065=FACE_OUTER_BOUND('',#1428,.T.);
#1066=FACE_OUTER_BOUND('',#1429,.T.);
#1067=FACE_OUTER_BOUND('',#1430,.T.);
#1068=FACE_OUTER_BOUND('',#1431,.T.);
#1069=FACE_OUTER_BOUND('',#1432,.T.);
#1070=FACE_OUTER_BOUND('',#1433,.T.);
#1071=FACE_OUTER_BOUND('',#1434,.T.);
#1072=FACE_OUTER_BOUND('',#1435,.T.);
#1073=FACE_OUTER_BOUND('',#1436,.T.);
#1074=FACE_OUTER_BOUND('',#1437,.T.);
#1075=FACE_OUTER_BOUND('',#1438,.T.);
#1076=FACE_OUTER_BOUND('',#1439,.T.);
#1077=FACE_OUTER_BOUND('',#1440,.T.);
#1078=FACE_OUTER_BOUND('',#1441,.T.);
#1079=FACE_OUTER_BOUND('',#1442,.T.);
#1080=FACE_OUTER_BOUND('',#1443,.T.);
#1081=FACE_OUTER_BOUND('',#1444,.T.);
#1082=FACE_OUTER_BOUND('',#1445,.T.);
#1083=FACE_OUTER_BOUND('',#1446,.T.);
#1084=FACE_OUTER_BOUND('',#1447,.T.);
#1085=FACE_OUTER_BOUND('',#1448,.T.);
#1086=FACE_OUTER_BOUND('',#1449,.T.);
#1087=FACE_OUTER_BOUND('',#1450,.T.);
#1088=FACE_OUTER_BOUND('',#1451,.T.);
#1089=FACE_OUTER_BOUND('',#1452,.T.);
#1090=FACE_OUTER_BOUND('',#1453,.T.);
#1091=FACE_OUTER_BOUND('',#1454,.T.);
#1092=FACE_OUTER_BOUND('',#1455,.T.);
#1093=FACE_OUTER_BOUND('',#1456,.T.);
#1094=FACE_OUTER_BOUND('',#1457,.T.);
#1095=FACE_OUTER_BOUND('',#1458,.T.);
#1096=FACE_OUTER_BOUND('',#1459,.T.);
#1097=FACE_OUTER_BOUND('',#1460,.T.);
#1098=FACE_OUTER_BOUND('',#1461,.T.);
#1099=FACE_OUTER_BOUND('',#1462,.T.);
#1100=FACE_OUTER_BOUND('',#1463,.T.);
#1101=FACE_OUTER_BOUND('',#1464,.T.);
#1102=FACE_OUTER_BOUND('',#1465,.T.);
#1103=FACE_OUTER_BOUND('',#1466,.T.);
#1104=FACE_OUTER_BOUND('',#1467,.T.);
#1105=FACE_OUTER_BOUND('',#1468,.T.);
#1106=FACE_OUTER_BOUND('',#1469,.T.);
#1107=FACE_OUTER_BOUND('',#1470,.T.);
#1108=FACE_OUTER_BOUND('',#1471,.T.);
#1109=FACE_OUTER_BOUND('',#1472,.T.);
#1110=FACE_OUTER_BOUND('',#1473,.T.);
#1111=FACE_OUTER_BOUND('',#1474,.T.);
#1112=FACE_OUTER_BOUND('',#1475,.T.);
#1113=FACE_OUTER_BOUND('',#1476,.T.);
#1114=FACE_OUTER_BOUND('',#1477,.T.);
#1115=FACE_OUTER_BOUND('',#1478,.T.);
#1116=FACE_OUTER_BOUND('',#1479,.T.);
#1117=FACE_OUTER_BOUND('',#1480,.T.);
#1118=FACE_OUTER_BOUND('',#1481,.T.);
#1119=FACE_OUTER_BOUND('',#1482,.T.);
#1120=FACE_OUTER_BOUND('',#1483,.T.);
#1121=FACE_OUTER_BOUND('',#1484,.T.);
#1122=FACE_OUTER_BOUND('',#1485,.T.);
#1123=FACE_OUTER_BOUND('',#1486,.T.);
#1124=FACE_OUTER_BOUND('',#1487,.T.);
#1125=FACE_OUTER_BOUND('',#1488,.T.);
#1126=FACE_OUTER_BOUND('',#1489,.T.);
#1127=FACE_OUTER_BOUND('',#1490,.T.);
#1128=FACE_OUTER_BOUND('',#1491,.T.);
#1129=FACE_OUTER_BOUND('',#1492,.T.);
#1130=FACE_OUTER_BOUND('',#1493,.T.);
#1131=FACE_OUTER_BOUND('',#1494,.T.);
#1132=FACE_OUTER_BOUND('',#1495,.T.);
#1133=FACE_OUTER_BOUND('',#1496,.T.);
#1134=FACE_OUTER_BOUND('',#1498,.T.);
#1135=FACE_OUTER_BOUND('',#1503,.T.);
#1136=FACE_OUTER_BOUND('',#1504,.T.);
#1137=FACE_OUTER_BOUND('',#1505,.T.);
#1138=FACE_OUTER_BOUND('',#1506,.T.);
#1139=FACE_OUTER_BOUND('',#1507,.T.);
#1140=FACE_OUTER_BOUND('',#1508,.T.);
#1141=FACE_OUTER_BOUND('',#1517,.T.);
#1142=FACE_OUTER_BOUND('',#1528,.T.);
#1143=FACE_OUTER_BOUND('',#1529,.T.);
#1144=EDGE_LOOP('',(#4326,#4327,#4328,#4329));
#1145=EDGE_LOOP('',(#4330,#4331));
#1146=EDGE_LOOP('',(#4332,#4333,#4334,#4335));
#1147=EDGE_LOOP('',(#4336));
#1148=EDGE_LOOP('',(#4337,#4338,#4339,#4340));
#1149=EDGE_LOOP('',(#4341,#4342));
#1150=EDGE_LOOP('',(#4343,#4344,#4345,#4346));
#1151=EDGE_LOOP('',(#4347,#4348));
#1152=EDGE_LOOP('',(#4349,#4350,#4351,#4352));
#1153=EDGE_LOOP('',(#4353));
#1154=EDGE_LOOP('',(#4354,#4355,#4356,#4357));
#1155=EDGE_LOOP('',(#4358));
#1156=EDGE_LOOP('',(#4359,#4360,#4361,#4362));
#1157=EDGE_LOOP('',(#4363,#4364));
#1158=EDGE_LOOP('',(#4365,#4366,#4367,#4368));
#1159=EDGE_LOOP('',(#4369));
#1160=EDGE_LOOP('',(#4370,#4371,#4372,#4373));
#1161=EDGE_LOOP('',(#4374));
#1162=EDGE_LOOP('',(#4375,#4376,#4377,#4378));
#1163=EDGE_LOOP('',(#4379,#4380));
#1164=EDGE_LOOP('',(#4381,#4382,#4383,#4384));
#1165=EDGE_LOOP('',(#4385,#4386));
#1166=EDGE_LOOP('',(#4387,#4388,#4389,#4390));
#1167=EDGE_LOOP('',(#4391));
#1168=EDGE_LOOP('',(#4392,#4393,#4394,#4395,#4396,#4397,#4398,#4399,#4400,
#4401));
#1169=EDGE_LOOP('',(#4402));
#1170=EDGE_LOOP('',(#4403));
#1171=EDGE_LOOP('',(#4404));
#1172=EDGE_LOOP('',(#4405));
#1173=EDGE_LOOP('',(#4406));
#1174=EDGE_LOOP('',(#4407));
#1175=EDGE_LOOP('',(#4408,#4409,#4410,#4411,#4412,#4413,#4414,#4415,#4416,
#4417,#4418,#4419,#4420,#4421));
#1176=EDGE_LOOP('',(#4422,#4423,#4424,#4425));
#1177=EDGE_LOOP('',(#4426,#4427,#4428,#4429));
#1178=EDGE_LOOP('',(#4430,#4431,#4432,#4433));
#1179=EDGE_LOOP('',(#4434,#4435,#4436,#4437));
#1180=EDGE_LOOP('',(#4438,#4439,#4440,#4441));
#1181=EDGE_LOOP('',(#4442,#4443,#4444,#4445));
#1182=EDGE_LOOP('',(#4446,#4447,#4448,#4449));
#1183=EDGE_LOOP('',(#4450,#4451,#4452,#4453));
#1184=EDGE_LOOP('',(#4454,#4455,#4456,#4457));
#1185=EDGE_LOOP('',(#4458,#4459,#4460,#4461));
#1186=EDGE_LOOP('',(#4462,#4463,#4464,#4465));
#1187=EDGE_LOOP('',(#4466,#4467,#4468,#4469));
#1188=EDGE_LOOP('',(#4470,#4471,#4472,#4473));
#1189=EDGE_LOOP('',(#4474,#4475,#4476,#4477));
#1190=EDGE_LOOP('',(#4478,#4479,#4480,#4481));
#1191=EDGE_LOOP('',(#4482,#4483,#4484,#4485));
#1192=EDGE_LOOP('',(#4486,#4487,#4488,#4489));
#1193=EDGE_LOOP('',(#4490,#4491,#4492,#4493));
#1194=EDGE_LOOP('',(#4494,#4495,#4496,#4497));
#1195=EDGE_LOOP('',(#4498,#4499,#4500,#4501));
#1196=EDGE_LOOP('',(#4502,#4503,#4504,#4505));
#1197=EDGE_LOOP('',(#4506,#4507,#4508,#4509));
#1198=EDGE_LOOP('',(#4510,#4511,#4512,#4513));
#1199=EDGE_LOOP('',(#4514,#4515,#4516,#4517));
#1200=EDGE_LOOP('',(#4518,#4519,#4520,#4521));
#1201=EDGE_LOOP('',(#4522,#4523,#4524,#4525));
#1202=EDGE_LOOP('',(#4526,#4527,#4528,#4529,#4530,#4531,#4532,#4533,#4534,
#4535,#4536,#4537,#4538,#4539,#4540,#4541,#4542,#4543,#4544,#4545,#4546,
#4547,#4548,#4549,#4550,#4551,#4552));
#1203=EDGE_LOOP('',(#4553,#4554,#4555,#4556,#4557,#4558,#4559,#4560,#4561,
#4562));
#1204=EDGE_LOOP('',(#4563,#4564,#4565,#4566));
#1205=EDGE_LOOP('',(#4567,#4568,#4569,#4570));
#1206=EDGE_LOOP('',(#4571,#4572,#4573,#4574));
#1207=EDGE_LOOP('',(#4575,#4576,#4577,#4578));
#1208=EDGE_LOOP('',(#4579,#4580,#4581,#4582));
#1209=EDGE_LOOP('',(#4583,#4584,#4585,#4586));
#1210=EDGE_LOOP('',(#4587,#4588,#4589,#4590));
#1211=EDGE_LOOP('',(#4591,#4592,#4593,#4594));
#1212=EDGE_LOOP('',(#4595,#4596,#4597,#4598));
#1213=EDGE_LOOP('',(#4599,#4600,#4601,#4602));
#1214=EDGE_LOOP('',(#4603,#4604,#4605,#4606));
#1215=EDGE_LOOP('',(#4607,#4608,#4609,#4610));
#1216=EDGE_LOOP('',(#4611,#4612,#4613,#4614));
#1217=EDGE_LOOP('',(#4615,#4616,#4617,#4618));
#1218=EDGE_LOOP('',(#4619,#4620,#4621,#4622));
#1219=EDGE_LOOP('',(#4623,#4624,#4625,#4626));
#1220=EDGE_LOOP('',(#4627,#4628,#4629,#4630));
#1221=EDGE_LOOP('',(#4631,#4632,#4633,#4634));
#1222=EDGE_LOOP('',(#4635,#4636,#4637,#4638));
#1223=EDGE_LOOP('',(#4639,#4640,#4641,#4642));
#1224=EDGE_LOOP('',(#4643,#4644,#4645,#4646));
#1225=EDGE_LOOP('',(#4647,#4648,#4649,#4650));
#1226=EDGE_LOOP('',(#4651,#4652,#4653,#4654));
#1227=EDGE_LOOP('',(#4655,#4656,#4657,#4658));
#1228=EDGE_LOOP('',(#4659,#4660,#4661,#4662));
#1229=EDGE_LOOP('',(#4663,#4664,#4665,#4666));
#1230=EDGE_LOOP('',(#4667,#4668,#4669,#4670));
#1231=EDGE_LOOP('',(#4671,#4672,#4673,#4674,#4675,#4676,#4677,#4678,#4679,
#4680,#4681,#4682,#4683,#4684,#4685,#4686,#4687,#4688,#4689,#4690,#4691));
#1232=EDGE_LOOP('',(#4692,#4693,#4694,#4695,#4696,#4697,#4698,#4699));
#1233=EDGE_LOOP('',(#4700,#4701,#4702,#4703));
#1234=EDGE_LOOP('',(#4704,#4705,#4706,#4707));
#1235=EDGE_LOOP('',(#4708,#4709,#4710,#4711));
#1236=EDGE_LOOP('',(#4712,#4713,#4714,#4715));
#1237=EDGE_LOOP('',(#4716,#4717,#4718,#4719));
#1238=EDGE_LOOP('',(#4720,#4721,#4722,#4723));
#1239=EDGE_LOOP('',(#4724,#4725,#4726,#4727));
#1240=EDGE_LOOP('',(#4728,#4729,#4730,#4731));
#1241=EDGE_LOOP('',(#4732,#4733,#4734,#4735));
#1242=EDGE_LOOP('',(#4736,#4737,#4738,#4739));
#1243=EDGE_LOOP('',(#4740,#4741,#4742,#4743));
#1244=EDGE_LOOP('',(#4744,#4745,#4746,#4747));
#1245=EDGE_LOOP('',(#4748,#4749,#4750,#4751));
#1246=EDGE_LOOP('',(#4752,#4753,#4754,#4755));
#1247=EDGE_LOOP('',(#4756,#4757,#4758,#4759));
#1248=EDGE_LOOP('',(#4760,#4761,#4762,#4763));
#1249=EDGE_LOOP('',(#4764,#4765,#4766,#4767));
#1250=EDGE_LOOP('',(#4768,#4769,#4770,#4771));
#1251=EDGE_LOOP('',(#4772,#4773,#4774,#4775));
#1252=EDGE_LOOP('',(#4776,#4777,#4778,#4779));
#1253=EDGE_LOOP('',(#4780,#4781,#4782,#4783));
#1254=EDGE_LOOP('',(#4784,#4785,#4786,#4787));
#1255=EDGE_LOOP('',(#4788,#4789,#4790,#4791));
#1256=EDGE_LOOP('',(#4792,#4793,#4794,#4795));
#1257=EDGE_LOOP('',(#4796,#4797,#4798,#4799));
#1258=EDGE_LOOP('',(#4800,#4801,#4802,#4803));
#1259=EDGE_LOOP('',(#4804,#4805,#4806,#4807,#4808,#4809,#4810,#4811,#4812,
#4813,#4814,#4815,#4816,#4817,#4818,#4819,#4820,#4821));
#1260=EDGE_LOOP('',(#4822,#4823,#4824,#4825));
#1261=EDGE_LOOP('',(#4826,#4827,#4828,#4829));
#1262=EDGE_LOOP('',(#4830,#4831,#4832,#4833));
#1263=EDGE_LOOP('',(#4834,#4835,#4836,#4837));
#1264=EDGE_LOOP('',(#4838,#4839,#4840,#4841));
#1265=EDGE_LOOP('',(#4842,#4843,#4844,#4845));
#1266=EDGE_LOOP('',(#4846,#4847,#4848,#4849));
#1267=EDGE_LOOP('',(#4850,#4851,#4852,#4853));
#1268=EDGE_LOOP('',(#4854,#4855,#4856,#4857));
#1269=EDGE_LOOP('',(#4858,#4859,#4860,#4861));
#1270=EDGE_LOOP('',(#4862,#4863,#4864,#4865));
#1271=EDGE_LOOP('',(#4866,#4867,#4868,#4869));
#1272=EDGE_LOOP('',(#4870,#4871,#4872,#4873));
#1273=EDGE_LOOP('',(#4874,#4875,#4876,#4877));
#1274=EDGE_LOOP('',(#4878,#4879,#4880,#4881));
#1275=EDGE_LOOP('',(#4882,#4883,#4884,#4885));
#1276=EDGE_LOOP('',(#4886,#4887,#4888,#4889));
#1277=EDGE_LOOP('',(#4890,#4891,#4892,#4893));
#1278=EDGE_LOOP('',(#4894,#4895,#4896,#4897,#4898,#4899,#4900,#4901,#4902,
#4903,#4904,#4905,#4906,#4907,#4908,#4909,#4910,#4911,#4912,#4913,#4914,
#4915));
#1279=EDGE_LOOP('',(#4916,#4917,#4918,#4919));
#1280=EDGE_LOOP('',(#4920,#4921,#4922,#4923));
#1281=EDGE_LOOP('',(#4924,#4925,#4926,#4927));
#1282=EDGE_LOOP('',(#4928,#4929,#4930,#4931));
#1283=EDGE_LOOP('',(#4932,#4933,#4934,#4935));
#1284=EDGE_LOOP('',(#4936,#4937,#4938,#4939));
#1285=EDGE_LOOP('',(#4940,#4941,#4942,#4943));
#1286=EDGE_LOOP('',(#4944,#4945,#4946,#4947));
#1287=EDGE_LOOP('',(#4948,#4949,#4950,#4951));
#1288=EDGE_LOOP('',(#4952,#4953,#4954,#4955));
#1289=EDGE_LOOP('',(#4956,#4957,#4958,#4959));
#1290=EDGE_LOOP('',(#4960,#4961,#4962,#4963));
#1291=EDGE_LOOP('',(#4964,#4965,#4966,#4967));
#1292=EDGE_LOOP('',(#4968,#4969,#4970,#4971));
#1293=EDGE_LOOP('',(#4972,#4973,#4974,#4975));
#1294=EDGE_LOOP('',(#4976,#4977,#4978,#4979));
#1295=EDGE_LOOP('',(#4980,#4981,#4982,#4983));
#1296=EDGE_LOOP('',(#4984,#4985,#4986,#4987));
#1297=EDGE_LOOP('',(#4988,#4989,#4990,#4991));
#1298=EDGE_LOOP('',(#4992,#4993,#4994,#4995));
#1299=EDGE_LOOP('',(#4996,#4997,#4998,#4999));
#1300=EDGE_LOOP('',(#5000,#5001,#5002,#5003));
#1301=EDGE_LOOP('',(#5004,#5005,#5006,#5007));
#1302=EDGE_LOOP('',(#5008,#5009,#5010,#5011));
#1303=EDGE_LOOP('',(#5012,#5013,#5014,#5015));
#1304=EDGE_LOOP('',(#5016,#5017,#5018,#5019));
#1305=EDGE_LOOP('',(#5020,#5021,#5022,#5023));
#1306=EDGE_LOOP('',(#5024,#5025,#5026,#5027,#5028,#5029,#5030,#5031,#5032,
#5033,#5034,#5035,#5036,#5037,#5038,#5039,#5040,#5041,#5042,#5043,#5044));
#1307=EDGE_LOOP('',(#5045,#5046,#5047,#5048,#5049,#5050,#5051,#5052));
#1308=EDGE_LOOP('',(#5053,#5054,#5055,#5056));
#1309=EDGE_LOOP('',(#5057,#5058,#5059,#5060));
#1310=EDGE_LOOP('',(#5061,#5062,#5063,#5064));
#1311=EDGE_LOOP('',(#5065,#5066,#5067,#5068));
#1312=EDGE_LOOP('',(#5069,#5070,#5071,#5072));
#1313=EDGE_LOOP('',(#5073,#5074,#5075,#5076));
#1314=EDGE_LOOP('',(#5077,#5078,#5079,#5080));
#1315=EDGE_LOOP('',(#5081,#5082,#5083,#5084));
#1316=EDGE_LOOP('',(#5085,#5086,#5087,#5088));
#1317=EDGE_LOOP('',(#5089,#5090,#5091,#5092));
#1318=EDGE_LOOP('',(#5093,#5094,#5095,#5096));
#1319=EDGE_LOOP('',(#5097,#5098,#5099,#5100));
#1320=EDGE_LOOP('',(#5101,#5102,#5103,#5104));
#1321=EDGE_LOOP('',(#5105,#5106,#5107,#5108));
#1322=EDGE_LOOP('',(#5109,#5110,#5111,#5112));
#1323=EDGE_LOOP('',(#5113,#5114,#5115,#5116));
#1324=EDGE_LOOP('',(#5117,#5118,#5119,#5120));
#1325=EDGE_LOOP('',(#5121,#5122,#5123,#5124));
#1326=EDGE_LOOP('',(#5125,#5126,#5127,#5128));
#1327=EDGE_LOOP('',(#5129,#5130,#5131,#5132));
#1328=EDGE_LOOP('',(#5133,#5134,#5135,#5136));
#1329=EDGE_LOOP('',(#5137,#5138,#5139,#5140,#5141,#5142,#5143,#5144,#5145,
#5146,#5147,#5148,#5149));
#1330=EDGE_LOOP('',(#5150,#5151,#5152,#5153));
#1331=EDGE_LOOP('',(#5154,#5155,#5156,#5157));
#1332=EDGE_LOOP('',(#5158,#5159,#5160,#5161));
#1333=EDGE_LOOP('',(#5162,#5163,#5164,#5165));
#1334=EDGE_LOOP('',(#5166,#5167,#5168,#5169));
#1335=EDGE_LOOP('',(#5170,#5171,#5172,#5173));
#1336=EDGE_LOOP('',(#5174,#5175,#5176,#5177));
#1337=EDGE_LOOP('',(#5178,#5179,#5180,#5181));
#1338=EDGE_LOOP('',(#5182,#5183,#5184,#5185));
#1339=EDGE_LOOP('',(#5186,#5187,#5188,#5189));
#1340=EDGE_LOOP('',(#5190,#5191,#5192,#5193));
#1341=EDGE_LOOP('',(#5194,#5195,#5196,#5197));
#1342=EDGE_LOOP('',(#5198,#5199,#5200,#5201));
#1343=EDGE_LOOP('',(#5202,#5203,#5204,#5205,#5206,#5207,#5208,#5209,#5210,
#5211,#5212,#5213,#5214,#5215,#5216,#5217,#5218));
#1344=EDGE_LOOP('',(#5219,#5220,#5221,#5222));
#1345=EDGE_LOOP('',(#5223,#5224,#5225,#5226));
#1346=EDGE_LOOP('',(#5227,#5228,#5229,#5230));
#1347=EDGE_LOOP('',(#5231,#5232,#5233,#5234));
#1348=EDGE_LOOP('',(#5235,#5236,#5237,#5238));
#1349=EDGE_LOOP('',(#5239,#5240,#5241,#5242));
#1350=EDGE_LOOP('',(#5243,#5244,#5245,#5246));
#1351=EDGE_LOOP('',(#5247,#5248,#5249,#5250));
#1352=EDGE_LOOP('',(#5251,#5252,#5253,#5254));
#1353=EDGE_LOOP('',(#5255,#5256,#5257,#5258));
#1354=EDGE_LOOP('',(#5259,#5260,#5261,#5262));
#1355=EDGE_LOOP('',(#5263,#5264,#5265,#5266));
#1356=EDGE_LOOP('',(#5267,#5268,#5269,#5270));
#1357=EDGE_LOOP('',(#5271,#5272,#5273,#5274));
#1358=EDGE_LOOP('',(#5275,#5276,#5277,#5278));
#1359=EDGE_LOOP('',(#5279,#5280,#5281,#5282));
#1360=EDGE_LOOP('',(#5283,#5284,#5285,#5286));
#1361=EDGE_LOOP('',(#5287,#5288,#5289,#5290));
#1362=EDGE_LOOP('',(#5291,#5292,#5293,#5294));
#1363=EDGE_LOOP('',(#5295,#5296,#5297,#5298));
#1364=EDGE_LOOP('',(#5299,#5300,#5301,#5302));
#1365=EDGE_LOOP('',(#5303,#5304,#5305,#5306));
#1366=EDGE_LOOP('',(#5307,#5308,#5309,#5310));
#1367=EDGE_LOOP('',(#5311,#5312,#5313,#5314));
#1368=EDGE_LOOP('',(#5315,#5316,#5317,#5318));
#1369=EDGE_LOOP('',(#5319,#5320,#5321,#5322));
#1370=EDGE_LOOP('',(#5323,#5324,#5325,#5326));
#1371=EDGE_LOOP('',(#5327,#5328,#5329,#5330));
#1372=EDGE_LOOP('',(#5331,#5332,#5333,#5334));
#1373=EDGE_LOOP('',(#5335,#5336,#5337,#5338));
#1374=EDGE_LOOP('',(#5339,#5340,#5341,#5342));
#1375=EDGE_LOOP('',(#5343,#5344,#5345,#5346,#5347,#5348,#5349,#5350,#5351,
#5352,#5353,#5354,#5355,#5356,#5357,#5358,#5359,#5360,#5361));
#1376=EDGE_LOOP('',(#5362,#5363,#5364,#5365));
#1377=EDGE_LOOP('',(#5366,#5367,#5368,#5369));
#1378=EDGE_LOOP('',(#5370,#5371,#5372,#5373));
#1379=EDGE_LOOP('',(#5374,#5375,#5376,#5377));
#1380=EDGE_LOOP('',(#5378,#5379,#5380,#5381));
#1381=EDGE_LOOP('',(#5382,#5383,#5384,#5385));
#1382=EDGE_LOOP('',(#5386,#5387,#5388,#5389));
#1383=EDGE_LOOP('',(#5390,#5391,#5392,#5393));
#1384=EDGE_LOOP('',(#5394,#5395,#5396,#5397));
#1385=EDGE_LOOP('',(#5398,#5399,#5400,#5401));
#1386=EDGE_LOOP('',(#5402,#5403,#5404,#5405));
#1387=EDGE_LOOP('',(#5406,#5407,#5408,#5409));
#1388=EDGE_LOOP('',(#5410,#5411,#5412,#5413));
#1389=EDGE_LOOP('',(#5414,#5415,#5416,#5417));
#1390=EDGE_LOOP('',(#5418,#5419,#5420,#5421));
#1391=EDGE_LOOP('',(#5422,#5423,#5424,#5425));
#1392=EDGE_LOOP('',(#5426,#5427,#5428,#5429));
#1393=EDGE_LOOP('',(#5430,#5431,#5432,#5433));
#1394=EDGE_LOOP('',(#5434,#5435,#5436,#5437));
#1395=EDGE_LOOP('',(#5438,#5439,#5440,#5441,#5442,#5443,#5444,#5445,#5446,
#5447,#5448,#5449,#5450,#5451,#5452,#5453,#5454,#5455,#5456,#5457,#5458,
#5459,#5460,#5461,#5462,#5463,#5464,#5465,#5466,#5467,#5468,#5469,#5470,
#5471,#5472));
#1396=EDGE_LOOP('',(#5473,#5474,#5475,#5476));
#1397=EDGE_LOOP('',(#5477,#5478,#5479,#5480));
#1398=EDGE_LOOP('',(#5481,#5482,#5483,#5484));
#1399=EDGE_LOOP('',(#5485,#5486,#5487,#5488));
#1400=EDGE_LOOP('',(#5489,#5490,#5491,#5492));
#1401=EDGE_LOOP('',(#5493,#5494,#5495,#5496));
#1402=EDGE_LOOP('',(#5497,#5498,#5499,#5500));
#1403=EDGE_LOOP('',(#5501,#5502,#5503,#5504));
#1404=EDGE_LOOP('',(#5505,#5506,#5507,#5508));
#1405=EDGE_LOOP('',(#5509,#5510,#5511,#5512));
#1406=EDGE_LOOP('',(#5513,#5514,#5515,#5516));
#1407=EDGE_LOOP('',(#5517,#5518,#5519,#5520));
#1408=EDGE_LOOP('',(#5521,#5522,#5523,#5524));
#1409=EDGE_LOOP('',(#5525,#5526,#5527,#5528));
#1410=EDGE_LOOP('',(#5529,#5530,#5531,#5532));
#1411=EDGE_LOOP('',(#5533,#5534,#5535,#5536));
#1412=EDGE_LOOP('',(#5537,#5538,#5539,#5540));
#1413=EDGE_LOOP('',(#5541,#5542,#5543,#5544));
#1414=EDGE_LOOP('',(#5545,#5546,#5547,#5548));
#1415=EDGE_LOOP('',(#5549,#5550,#5551,#5552));
#1416=EDGE_LOOP('',(#5553,#5554,#5555,#5556));
#1417=EDGE_LOOP('',(#5557,#5558,#5559,#5560));
#1418=EDGE_LOOP('',(#5561,#5562,#5563,#5564));
#1419=EDGE_LOOP('',(#5565,#5566,#5567,#5568));
#1420=EDGE_LOOP('',(#5569,#5570,#5571,#5572));
#1421=EDGE_LOOP('',(#5573,#5574,#5575,#5576));
#1422=EDGE_LOOP('',(#5577,#5578,#5579,#5580));
#1423=EDGE_LOOP('',(#5581,#5582,#5583,#5584));
#1424=EDGE_LOOP('',(#5585,#5586,#5587,#5588));
#1425=EDGE_LOOP('',(#5589,#5590,#5591,#5592));
#1426=EDGE_LOOP('',(#5593,#5594,#5595,#5596));
#1427=EDGE_LOOP('',(#5597,#5598,#5599,#5600));
#1428=EDGE_LOOP('',(#5601,#5602,#5603,#5604));
#1429=EDGE_LOOP('',(#5605,#5606,#5607,#5608));
#1430=EDGE_LOOP('',(#5609,#5610,#5611,#5612));
#1431=EDGE_LOOP('',(#5613,#5614,#5615,#5616,#5617,#5618,#5619,#5620,#5621,
#5622,#5623,#5624,#5625,#5626,#5627,#5628,#5629,#5630,#5631,#5632));
#1432=EDGE_LOOP('',(#5633,#5634,#5635,#5636));
#1433=EDGE_LOOP('',(#5637,#5638,#5639,#5640));
#1434=EDGE_LOOP('',(#5641,#5642,#5643,#5644));
#1435=EDGE_LOOP('',(#5645,#5646,#5647,#5648));
#1436=EDGE_LOOP('',(#5649,#5650,#5651,#5652));
#1437=EDGE_LOOP('',(#5653,#5654,#5655,#5656));
#1438=EDGE_LOOP('',(#5657,#5658,#5659,#5660));
#1439=EDGE_LOOP('',(#5661,#5662,#5663,#5664));
#1440=EDGE_LOOP('',(#5665,#5666,#5667,#5668));
#1441=EDGE_LOOP('',(#5669,#5670,#5671,#5672));
#1442=EDGE_LOOP('',(#5673,#5674,#5675,#5676));
#1443=EDGE_LOOP('',(#5677,#5678,#5679,#5680));
#1444=EDGE_LOOP('',(#5681,#5682,#5683,#5684));
#1445=EDGE_LOOP('',(#5685,#5686,#5687,#5688));
#1446=EDGE_LOOP('',(#5689,#5690,#5691,#5692));
#1447=EDGE_LOOP('',(#5693,#5694,#5695,#5696));
#1448=EDGE_LOOP('',(#5697,#5698,#5699,#5700));
#1449=EDGE_LOOP('',(#5701,#5702,#5703,#5704));
#1450=EDGE_LOOP('',(#5705,#5706,#5707,#5708));
#1451=EDGE_LOOP('',(#5709,#5710,#5711,#5712));
#1452=EDGE_LOOP('',(#5713,#5714,#5715,#5716,#5717,#5718,#5719,#5720,#5721,
#5722,#5723,#5724,#5725,#5726,#5727,#5728,#5729));
#1453=EDGE_LOOP('',(#5730,#5731,#5732,#5733));
#1454=EDGE_LOOP('',(#5734,#5735,#5736,#5737));
#1455=EDGE_LOOP('',(#5738,#5739,#5740,#5741));
#1456=EDGE_LOOP('',(#5742,#5743,#5744,#5745));
#1457=EDGE_LOOP('',(#5746,#5747,#5748,#5749));
#1458=EDGE_LOOP('',(#5750,#5751,#5752,#5753));
#1459=EDGE_LOOP('',(#5754,#5755,#5756,#5757));
#1460=EDGE_LOOP('',(#5758,#5759,#5760,#5761));
#1461=EDGE_LOOP('',(#5762,#5763,#5764,#5765));
#1462=EDGE_LOOP('',(#5766,#5767,#5768,#5769));
#1463=EDGE_LOOP('',(#5770,#5771,#5772,#5773));
#1464=EDGE_LOOP('',(#5774,#5775,#5776,#5777));
#1465=EDGE_LOOP('',(#5778,#5779,#5780,#5781));
#1466=EDGE_LOOP('',(#5782,#5783,#5784,#5785));
#1467=EDGE_LOOP('',(#5786,#5787,#5788,#5789));
#1468=EDGE_LOOP('',(#5790,#5791,#5792,#5793));
#1469=EDGE_LOOP('',(#5794,#5795,#5796,#5797));
#1470=EDGE_LOOP('',(#5798,#5799,#5800,#5801,#5802,#5803,#5804,#5805,#5806,
#5807,#5808,#5809,#5810,#5811,#5812,#5813,#5814,#5815));
#1471=EDGE_LOOP('',(#5816,#5817,#5818,#5819));
#1472=EDGE_LOOP('',(#5820,#5821,#5822,#5823));
#1473=EDGE_LOOP('',(#5824,#5825,#5826,#5827));
#1474=EDGE_LOOP('',(#5828,#5829,#5830,#5831));
#1475=EDGE_LOOP('',(#5832,#5833,#5834,#5835));
#1476=EDGE_LOOP('',(#5836,#5837,#5838,#5839));
#1477=EDGE_LOOP('',(#5840,#5841,#5842,#5843));
#1478=EDGE_LOOP('',(#5844,#5845,#5846,#5847));
#1479=EDGE_LOOP('',(#5848,#5849,#5850,#5851));
#1480=EDGE_LOOP('',(#5852,#5853,#5854,#5855));
#1481=EDGE_LOOP('',(#5856,#5857,#5858,#5859));
#1482=EDGE_LOOP('',(#5860,#5861,#5862,#5863));
#1483=EDGE_LOOP('',(#5864,#5865,#5866,#5867));
#1484=EDGE_LOOP('',(#5868,#5869,#5870,#5871));
#1485=EDGE_LOOP('',(#5872,#5873,#5874,#5875));
#1486=EDGE_LOOP('',(#5876,#5877,#5878,#5879));
#1487=EDGE_LOOP('',(#5880,#5881,#5882,#5883));
#1488=EDGE_LOOP('',(#5884,#5885,#5886,#5887));
#1489=EDGE_LOOP('',(#5888,#5889,#5890,#5891));
#1490=EDGE_LOOP('',(#5892,#5893,#5894,#5895));
#1491=EDGE_LOOP('',(#5896,#5897,#5898,#5899));
#1492=EDGE_LOOP('',(#5900,#5901,#5902,#5903));
#1493=EDGE_LOOP('',(#5904,#5905,#5906,#5907));
#1494=EDGE_LOOP('',(#5908,#5909,#5910,#5911,#5912,#5913,#5914,#5915));
#1495=EDGE_LOOP('',(#5916,#5917,#5918,#5919,#5920,#5921,#5922,#5923));
#1496=EDGE_LOOP('',(#5924,#5925,#5926,#5927));
#1497=EDGE_LOOP('',(#5928,#5929,#5930,#5931));
#1498=EDGE_LOOP('',(#5932,#5933,#5934,#5935,#5936,#5937,#5938,#5939));
#1499=EDGE_LOOP('',(#5940,#5941,#5942,#5943,#5944,#5945,#5946,#5947));
#1500=EDGE_LOOP('',(#5948,#5949,#5950,#5951,#5952,#5953,#5954,#5955,#5956,
#5957));
#1501=EDGE_LOOP('',(#5958,#5959,#5960,#5961,#5962,#5963,#5964,#5965));
#1502=EDGE_LOOP('',(#5966,#5967,#5968,#5969));
#1503=EDGE_LOOP('',(#5970,#5971,#5972,#5973,#5974,#5975,#5976,#5977));
#1504=EDGE_LOOP('',(#5978,#5979,#5980,#5981,#5982,#5983));
#1505=EDGE_LOOP('',(#5984,#5985,#5986,#5987));
#1506=EDGE_LOOP('',(#5988,#5989,#5990,#5991,#5992,#5993,#5994,#5995));
#1507=EDGE_LOOP('',(#5996,#5997,#5998,#5999));
#1508=EDGE_LOOP('',(#6000,#6001,#6002,#6003));
#1509=EDGE_LOOP('',(#6004,#6005,#6006,#6007));
#1510=EDGE_LOOP('',(#6008,#6009,#6010,#6011));
#1511=EDGE_LOOP('',(#6012,#6013,#6014,#6015,#6016,#6017,#6018,#6019,#6020,
#6021,#6022,#6023,#6024,#6025,#6026,#6027,#6028,#6029,#6030));
#1512=EDGE_LOOP('',(#6031,#6032,#6033,#6034,#6035,#6036,#6037,#6038,#6039,
#6040,#6041,#6042,#6043,#6044,#6045,#6046,#6047,#6048,#6049,#6050,#6051,
#6052,#6053,#6054,#6055,#6056,#6057,#6058,#6059,#6060,#6061,#6062,#6063,
#6064,#6065));
#1513=EDGE_LOOP('',(#6066,#6067,#6068,#6069,#6070,#6071,#6072,#6073,#6074,
#6075,#6076,#6077,#6078,#6079,#6080,#6081,#6082,#6083,#6084,#6085));
#1514=EDGE_LOOP('',(#6086,#6087,#6088,#6089,#6090,#6091,#6092,#6093,#6094,
#6095,#6096,#6097,#6098,#6099,#6100,#6101,#6102));
#1515=EDGE_LOOP('',(#6103,#6104,#6105,#6106,#6107,#6108,#6109,#6110,#6111,
#6112,#6113,#6114,#6115,#6116,#6117,#6118,#6119,#6120));
#1516=EDGE_LOOP('',(#6121,#6122,#6123,#6124));
#1517=EDGE_LOOP('',(#6125,#6126,#6127,#6128));
#1518=EDGE_LOOP('',(#6129,#6130,#6131,#6132,#6133,#6134,#6135,#6136,#6137,
#6138,#6139,#6140,#6141,#6142,#6143,#6144,#6145,#6146,#6147,#6148,#6149,
#6150,#6151,#6152,#6153,#6154,#6155));
#1519=EDGE_LOOP('',(#6156,#6157,#6158,#6159,#6160,#6161,#6162,#6163,#6164,
#6165,#6166,#6167,#6168,#6169,#6170,#6171,#6172,#6173,#6174,#6175,#6176));
#1520=EDGE_LOOP('',(#6177,#6178,#6179,#6180));
#1521=EDGE_LOOP('',(#6181,#6182,#6183,#6184,#6185,#6186,#6187,#6188,#6189,
#6190,#6191,#6192,#6193,#6194,#6195,#6196,#6197,#6198));
#1522=EDGE_LOOP('',(#6199,#6200,#6201,#6202,#6203,#6204,#6205,#6206,#6207,
#6208,#6209,#6210,#6211,#6212,#6213,#6214,#6215,#6216,#6217,#6218,#6219,
#6220));
#1523=EDGE_LOOP('',(#6221,#6222,#6223,#6224));
#1524=EDGE_LOOP('',(#6225,#6226,#6227,#6228,#6229,#6230,#6231,#6232,#6233,
#6234,#6235,#6236,#6237,#6238,#6239,#6240,#6241,#6242,#6243,#6244,#6245));
#1525=EDGE_LOOP('',(#6246,#6247,#6248,#6249,#6250,#6251,#6252,#6253,#6254,
#6255,#6256,#6257,#6258));
#1526=EDGE_LOOP('',(#6259,#6260,#6261,#6262,#6263,#6264,#6265,#6266,#6267,
#6268,#6269,#6270,#6271,#6272,#6273,#6274,#6275));
#1527=EDGE_LOOP('',(#6276,#6277,#6278,#6279));
#1528=EDGE_LOOP('',(#6280,#6281,#6282,#6283,#6284,#6285,#6286,#6287));
#1529=EDGE_LOOP('',(#6288,#6289,#6290,#6291,#6292,#6293));
#1530=CIRCLE('',#6676,2.55000000000001);
#1531=CIRCLE('',#6677,2.55000000000001);
#1532=CIRCLE('',#6680,2.55000000000001);
#1533=CIRCLE('',#6681,2.55000000000001);
#1534=CIRCLE('',#6684,2.55);
#1535=CIRCLE('',#6685,2.55);
#1536=CIRCLE('',#6688,2.55);
#1537=CIRCLE('',#6689,2.55);
#1538=CIRCLE('',#6692,2.55000000000001);
#1539=CIRCLE('',#6693,2.55000000000001);
#1540=CIRCLE('',#6696,2.55000000000001);
#1541=CIRCLE('',#6697,2.55000000000001);
#1542=CIRCLE('',#6700,2.55000000000001);
#1543=CIRCLE('',#6701,2.55000000000001);
#1544=CIRCLE('',#6704,2.55);
#1545=CIRCLE('',#6705,2.55);
#1546=CIRCLE('',#6708,2.55);
#1547=CIRCLE('',#6709,2.55);
#1548=CIRCLE('',#6712,2.55);
#1549=CIRCLE('',#6713,2.55);
#1550=CIRCLE('',#6716,2.55000000000001);
#1551=CIRCLE('',#6717,2.55000000000001);
#1552=CIRCLE('',#6720,2.55000000000001);
#1553=CIRCLE('',#6721,2.55000000000001);
#1554=LINE('',#7799,#2120);
#1555=LINE('',#7803,#2121);
#1556=LINE('',#7806,#2122);
#1557=LINE('',#7811,#2123);
#1558=LINE('',#7817,#2124);
#1559=LINE('',#7821,#2125);
#1560=LINE('',#7824,#2126);
#1561=LINE('',#7828,#2127);
#1562=LINE('',#7832,#2128);
#1563=LINE('',#7835,#2129);
#1564=LINE('',#7840,#2130);
#1565=LINE('',#7847,#2131);
#1566=LINE('',#7853,#2132);
#1567=LINE('',#7857,#2133);
#1568=LINE('',#7860,#2134);
#1569=LINE('',#7865,#2135);
#1570=LINE('',#7872,#2136);
#1571=LINE('',#7878,#2137);
#1572=LINE('',#7882,#2138);
#1573=LINE('',#7885,#2139);
#1574=LINE('',#7889,#2140);
#1575=LINE('',#7893,#2141);
#1576=LINE('',#7896,#2142);
#1577=LINE('',#7901,#2143);
#1578=LINE('',#7906,#2144);
#1579=LINE('',#7908,#2145);
#1580=LINE('',#7909,#2146);
#1581=LINE('',#7911,#2147);
#1582=LINE('',#7913,#2148);
#1583=LINE('',#7915,#2149);
#1584=LINE('',#7917,#2150);
#1585=LINE('',#7918,#2151);
#1586=LINE('',#7920,#2152);
#1587=LINE('',#7922,#2153);
#1588=LINE('',#7923,#2154);
#1589=LINE('',#7925,#2155);
#1590=LINE('',#7926,#2156);
#1591=LINE('',#7928,#2157);
#1592=LINE('',#7930,#2158);
#1593=LINE('',#7931,#2159);
#1594=LINE('',#7933,#2160);
#1595=LINE('',#7934,#2161);
#1596=LINE('',#7953,#2162);
#1597=LINE('',#7962,#2163);
#1598=LINE('',#7987,#2164);
#1599=LINE('',#8012,#2165);
#1600=LINE('',#8037,#2166);
#1601=LINE('',#8055,#2167);
#1602=LINE('',#8079,#2168);
#1603=LINE('',#8104,#2169);
#1604=LINE('',#8152,#2170);
#1605=LINE('',#8161,#2171);
#1606=LINE('',#8186,#2172);
#1607=LINE('',#8211,#2173);
#1608=LINE('',#8236,#2174);
#1609=LINE('',#8239,#2175);
#1610=LINE('',#8241,#2176);
#1611=LINE('',#8242,#2177);
#1612=LINE('',#8260,#2178);
#1613=LINE('',#8285,#2179);
#1614=LINE('',#8310,#2180);
#1615=LINE('',#8335,#2181);
#1616=LINE('',#8383,#2182);
#1617=LINE('',#8392,#2183);
#1618=LINE('',#8417,#2184);
#1619=LINE('',#8442,#2185);
#1620=LINE('',#8467,#2186);
#1621=LINE('',#8485,#2187);
#1622=LINE('',#8510,#2188);
#1623=LINE('',#8535,#2189);
#1624=LINE('',#8568,#2190);
#1625=LINE('',#8582,#2191);
#1626=LINE('',#8626,#2192);
#1627=LINE('',#8718,#2193);
#1628=LINE('',#8720,#2194);
#1629=LINE('',#8721,#2195);
#1630=LINE('',#8738,#2196);
#1631=LINE('',#8755,#2197);
#1632=LINE('',#8758,#2198);
#1633=LINE('',#8759,#2199);
#1634=LINE('',#8776,#2200);
#1635=LINE('',#8793,#2201);
#1636=LINE('',#8810,#2202);
#1637=LINE('',#8827,#2203);
#1638=LINE('',#8844,#2204);
#1639=LINE('',#8861,#2205);
#1640=LINE('',#8878,#2206);
#1641=LINE('',#8881,#2207);
#1642=LINE('',#8882,#2208);
#1643=LINE('',#8899,#2209);
#1644=LINE('',#8916,#2210);
#1645=LINE('',#8933,#2211);
#1646=LINE('',#8950,#2212);
#1647=LINE('',#8967,#2213);
#1648=LINE('',#8984,#2214);
#1649=LINE('',#9001,#2215);
#1650=LINE('',#9018,#2216);
#1651=LINE('',#9035,#2217);
#1652=LINE('',#9052,#2218);
#1653=LINE('',#9069,#2219);
#1654=LINE('',#9086,#2220);
#1655=LINE('',#9103,#2221);
#1656=LINE('',#9120,#2222);
#1657=LINE('',#9163,#2223);
#1658=LINE('',#9165,#2224);
#1659=LINE('',#9167,#2225);
#1660=LINE('',#9241,#2226);
#1661=LINE('',#9258,#2227);
#1662=LINE('',#9265,#2228);
#1663=LINE('',#9282,#2229);
#1664=LINE('',#9299,#2230);
#1665=LINE('',#9316,#2231);
#1666=LINE('',#9319,#2232);
#1667=LINE('',#9320,#2233);
#1668=LINE('',#9323,#2234);
#1669=LINE('',#9324,#2235);
#1670=LINE('',#9327,#2236);
#1671=LINE('',#9328,#2237);
#1672=LINE('',#9345,#2238);
#1673=LINE('',#9362,#2239);
#1674=LINE('',#9379,#2240);
#1675=LINE('',#9396,#2241);
#1676=LINE('',#9413,#2242);
#1677=LINE('',#9430,#2243);
#1678=LINE('',#9447,#2244);
#1679=LINE('',#9464,#2245);
#1680=LINE('',#9481,#2246);
#1681=LINE('',#9498,#2247);
#1682=LINE('',#9515,#2248);
#1683=LINE('',#9532,#2249);
#1684=LINE('',#9535,#2250);
#1685=LINE('',#9536,#2251);
#1686=LINE('',#9555,#2252);
#1687=LINE('',#9557,#2253);
#1688=LINE('',#9559,#2254);
#1689=LINE('',#9560,#2255);
#1690=LINE('',#9563,#2256);
#1691=LINE('',#9565,#2257);
#1692=LINE('',#9566,#2258);
#1693=LINE('',#9569,#2259);
#1694=LINE('',#9570,#2260);
#1695=LINE('',#9573,#2261);
#1696=LINE('',#9574,#2262);
#1697=LINE('',#9576,#2263);
#1698=LINE('',#9580,#2264);
#1699=LINE('',#9612,#2265);
#1700=LINE('',#9614,#2266);
#1701=LINE('',#9616,#2267);
#1702=LINE('',#9648,#2268);
#1703=LINE('',#9650,#2269);
#1704=LINE('',#9652,#2270);
#1705=LINE('',#9653,#2271);
#1706=LINE('',#9656,#2272);
#1707=LINE('',#9658,#2273);
#1708=LINE('',#9659,#2274);
#1709=LINE('',#9676,#2275);
#1710=LINE('',#9693,#2276);
#1711=LINE('',#9710,#2277);
#1712=LINE('',#9727,#2278);
#1713=LINE('',#9744,#2279);
#1714=LINE('',#9747,#2280);
#1715=LINE('',#9748,#2281);
#1716=LINE('',#9751,#2282);
#1717=LINE('',#9752,#2283);
#1718=LINE('',#9755,#2284);
#1719=LINE('',#9756,#2285);
#1720=LINE('',#9773,#2286);
#1721=LINE('',#9790,#2287);
#1722=LINE('',#9807,#2288);
#1723=LINE('',#9824,#2289);
#1724=LINE('',#9841,#2290);
#1725=LINE('',#9844,#2291);
#1726=LINE('',#9845,#2292);
#1727=LINE('',#9848,#2293);
#1728=LINE('',#9849,#2294);
#1729=LINE('',#9852,#2295);
#1730=LINE('',#9853,#2296);
#1731=LINE('',#9855,#2297);
#1732=LINE('',#9913,#2298);
#1733=LINE('',#9975,#2299);
#1734=LINE('',#9992,#2300);
#1735=LINE('',#9999,#2301);
#1736=LINE('',#10016,#2302);
#1737=LINE('',#10033,#2303);
#1738=LINE('',#10050,#2304);
#1739=LINE('',#10067,#2305);
#1740=LINE('',#10084,#2306);
#1741=LINE('',#10101,#2307);
#1742=LINE('',#10118,#2308);
#1743=LINE('',#10135,#2309);
#1744=LINE('',#10138,#2310);
#1745=LINE('',#10139,#2311);
#1746=LINE('',#10156,#2312);
#1747=LINE('',#10173,#2313);
#1748=LINE('',#10190,#2314);
#1749=LINE('',#10207,#2315);
#1750=LINE('',#10224,#2316);
#1751=LINE('',#10241,#2317);
#1752=LINE('',#10258,#2318);
#1753=LINE('',#10275,#2319);
#1754=LINE('',#10292,#2320);
#1755=LINE('',#10309,#2321);
#1756=LINE('',#10312,#2322);
#1757=LINE('',#10313,#2323);
#1758=LINE('',#10332,#2324);
#1759=LINE('',#10334,#2325);
#1760=LINE('',#10336,#2326);
#1761=LINE('',#10337,#2327);
#1762=LINE('',#10340,#2328);
#1763=LINE('',#10342,#2329);
#1764=LINE('',#10343,#2330);
#1765=LINE('',#10346,#2331);
#1766=LINE('',#10347,#2332);
#1767=LINE('',#10350,#2333);
#1768=LINE('',#10351,#2334);
#1769=LINE('',#10353,#2335);
#1770=LINE('',#10381,#2336);
#1771=LINE('',#10383,#2337);
#1772=LINE('',#10385,#2338);
#1773=LINE('',#10459,#2339);
#1774=LINE('',#10476,#2340);
#1775=LINE('',#10483,#2341);
#1776=LINE('',#10500,#2342);
#1777=LINE('',#10517,#2343);
#1778=LINE('',#10534,#2344);
#1779=LINE('',#10537,#2345);
#1780=LINE('',#10538,#2346);
#1781=LINE('',#10541,#2347);
#1782=LINE('',#10542,#2348);
#1783=LINE('',#10545,#2349);
#1784=LINE('',#10546,#2350);
#1785=LINE('',#10563,#2351);
#1786=LINE('',#10580,#2352);
#1787=LINE('',#10597,#2353);
#1788=LINE('',#10614,#2354);
#1789=LINE('',#10631,#2355);
#1790=LINE('',#10648,#2356);
#1791=LINE('',#10665,#2357);
#1792=LINE('',#10682,#2358);
#1793=LINE('',#10699,#2359);
#1794=LINE('',#10716,#2360);
#1795=LINE('',#10733,#2361);
#1796=LINE('',#10750,#2362);
#1797=LINE('',#10753,#2363);
#1798=LINE('',#10754,#2364);
#1799=LINE('',#10773,#2365);
#1800=LINE('',#10799,#2366);
#1801=LINE('',#10819,#2367);
#1802=LINE('',#10821,#2368);
#1803=LINE('',#10823,#2369);
#1804=LINE('',#10824,#2370);
#1805=LINE('',#10827,#2371);
#1806=LINE('',#10829,#2372);
#1807=LINE('',#10830,#2373);
#1808=LINE('',#10847,#2374);
#1809=LINE('',#10864,#2375);
#1810=LINE('',#10881,#2376);
#1811=LINE('',#10898,#2377);
#1812=LINE('',#10901,#2378);
#1813=LINE('',#10902,#2379);
#1814=LINE('',#10919,#2380);
#1815=LINE('',#10936,#2381);
#1816=LINE('',#10953,#2382);
#1817=LINE('',#10956,#2383);
#1818=LINE('',#10957,#2384);
#1819=LINE('',#10960,#2385);
#1820=LINE('',#10961,#2386);
#1821=LINE('',#10964,#2387);
#1822=LINE('',#10965,#2388);
#1823=LINE('',#10967,#2389);
#1824=LINE('',#10971,#2390);
#1825=LINE('',#11003,#2391);
#1826=LINE('',#11005,#2392);
#1827=LINE('',#11007,#2393);
#1828=LINE('',#11033,#2394);
#1829=LINE('',#11035,#2395);
#1830=LINE('',#11037,#2396);
#1831=LINE('',#11038,#2397);
#1832=LINE('',#11041,#2398);
#1833=LINE('',#11043,#2399);
#1834=LINE('',#11044,#2400);
#1835=LINE('',#11061,#2401);
#1836=LINE('',#11078,#2402);
#1837=LINE('',#11095,#2403);
#1838=LINE('',#11112,#2404);
#1839=LINE('',#11129,#2405);
#1840=LINE('',#11132,#2406);
#1841=LINE('',#11133,#2407);
#1842=LINE('',#11136,#2408);
#1843=LINE('',#11137,#2409);
#1844=LINE('',#11140,#2410);
#1845=LINE('',#11141,#2411);
#1846=LINE('',#11158,#2412);
#1847=LINE('',#11175,#2413);
#1848=LINE('',#11192,#2414);
#1849=LINE('',#11209,#2415);
#1850=LINE('',#11212,#2416);
#1851=LINE('',#11213,#2417);
#1852=LINE('',#11216,#2418);
#1853=LINE('',#11217,#2419);
#1854=LINE('',#11220,#2420);
#1855=LINE('',#11221,#2421);
#1856=LINE('',#11223,#2422);
#1857=LINE('',#11227,#2423);
#1858=LINE('',#11229,#2424);
#1859=LINE('',#11231,#2425);
#1860=LINE('',#11232,#2426);
#1861=LINE('',#11235,#2427);
#1862=LINE('',#11237,#2428);
#1863=LINE('',#11238,#2429);
#1864=LINE('',#11241,#2430);
#1865=LINE('',#11243,#2431);
#1866=LINE('',#11244,#2432);
#1867=LINE('',#11246,#2433);
#1868=LINE('',#11247,#2434);
#1869=LINE('',#11251,#2435);
#1870=LINE('',#11253,#2436);
#1871=LINE('',#11255,#2437);
#1872=LINE('',#11256,#2438);
#1873=LINE('',#11259,#2439);
#1874=LINE('',#11261,#2440);
#1875=LINE('',#11262,#2441);
#1876=LINE('',#11265,#2442);
#1877=LINE('',#11266,#2443);
#1878=LINE('',#11269,#2444);
#1879=LINE('',#11270,#2445);
#1880=LINE('',#11272,#2446);
#1881=LINE('',#11276,#2447);
#1882=LINE('',#11278,#2448);
#1883=LINE('',#11280,#2449);
#1884=LINE('',#11281,#2450);
#1885=LINE('',#11284,#2451);
#1886=LINE('',#11286,#2452);
#1887=LINE('',#11287,#2453);
#1888=LINE('',#11290,#2454);
#1889=LINE('',#11291,#2455);
#1890=LINE('',#11294,#2456);
#1891=LINE('',#11295,#2457);
#1892=LINE('',#11297,#2458);
#1893=LINE('',#11343,#2459);
#1894=LINE('',#11399,#2460);
#1895=LINE('',#11416,#2461);
#1896=LINE('',#11423,#2462);
#1897=LINE('',#11440,#2463);
#1898=LINE('',#11457,#2464);
#1899=LINE('',#11474,#2465);
#1900=LINE('',#11491,#2466);
#1901=LINE('',#11508,#2467);
#1902=LINE('',#11525,#2468);
#1903=LINE('',#11528,#2469);
#1904=LINE('',#11529,#2470);
#1905=LINE('',#11546,#2471);
#1906=LINE('',#11563,#2472);
#1907=LINE('',#11580,#2473);
#1908=LINE('',#11597,#2474);
#1909=LINE('',#11614,#2475);
#1910=LINE('',#11631,#2476);
#1911=LINE('',#11648,#2477);
#1912=LINE('',#11665,#2478);
#1913=LINE('',#11682,#2479);
#1914=LINE('',#11685,#2480);
#1915=LINE('',#11686,#2481);
#1916=LINE('',#11789,#2482);
#1917=LINE('',#11899,#2483);
#1918=LINE('',#11916,#2484);
#1919=LINE('',#11923,#2485);
#1920=LINE('',#11940,#2486);
#1921=LINE('',#11957,#2487);
#1922=LINE('',#11974,#2488);
#1923=LINE('',#11991,#2489);
#1924=LINE('',#12008,#2490);
#1925=LINE('',#12025,#2491);
#1926=LINE('',#12042,#2492);
#1927=LINE('',#12059,#2493);
#1928=LINE('',#12076,#2494);
#1929=LINE('',#12093,#2495);
#1930=LINE('',#12110,#2496);
#1931=LINE('',#12127,#2497);
#1932=LINE('',#12144,#2498);
#1933=LINE('',#12147,#2499);
#1934=LINE('',#12148,#2500);
#1935=LINE('',#12165,#2501);
#1936=LINE('',#12182,#2502);
#1937=LINE('',#12199,#2503);
#1938=LINE('',#12216,#2504);
#1939=LINE('',#12233,#2505);
#1940=LINE('',#12250,#2506);
#1941=LINE('',#12267,#2507);
#1942=LINE('',#12284,#2508);
#1943=LINE('',#12301,#2509);
#1944=LINE('',#12318,#2510);
#1945=LINE('',#12335,#2511);
#1946=LINE('',#12352,#2512);
#1947=LINE('',#12369,#2513);
#1948=LINE('',#12386,#2514);
#1949=LINE('',#12403,#2515);
#1950=LINE('',#12420,#2516);
#1951=LINE('',#12437,#2517);
#1952=LINE('',#12454,#2518);
#1953=LINE('',#12457,#2519);
#1954=LINE('',#12458,#2520);
#1955=LINE('',#12495,#2521);
#1956=LINE('',#12497,#2522);
#1957=LINE('',#12499,#2523);
#1958=LINE('',#12501,#2524);
#1959=LINE('',#12503,#2525);
#1960=LINE('',#12505,#2526);
#1961=LINE('',#12507,#2527);
#1962=LINE('',#12509,#2528);
#1963=LINE('',#12511,#2529);
#1964=LINE('',#12513,#2530);
#1965=LINE('',#12515,#2531);
#1966=LINE('',#12541,#2532);
#1967=LINE('',#12558,#2533);
#1968=LINE('',#12565,#2534);
#1969=LINE('',#12582,#2535);
#1970=LINE('',#12599,#2536);
#1971=LINE('',#12602,#2537);
#1972=LINE('',#12603,#2538);
#1973=LINE('',#12606,#2539);
#1974=LINE('',#12607,#2540);
#1975=LINE('',#12610,#2541);
#1976=LINE('',#12611,#2542);
#1977=LINE('',#12614,#2543);
#1978=LINE('',#12615,#2544);
#1979=LINE('',#12618,#2545);
#1980=LINE('',#12619,#2546);
#1981=LINE('',#12622,#2547);
#1982=LINE('',#12623,#2548);
#1983=LINE('',#12626,#2549);
#1984=LINE('',#12627,#2550);
#1985=LINE('',#12630,#2551);
#1986=LINE('',#12631,#2552);
#1987=LINE('',#12634,#2553);
#1988=LINE('',#12635,#2554);
#1989=LINE('',#12638,#2555);
#1990=LINE('',#12639,#2556);
#1991=LINE('',#12642,#2557);
#1992=LINE('',#12643,#2558);
#1993=LINE('',#12660,#2559);
#1994=LINE('',#12677,#2560);
#1995=LINE('',#12694,#2561);
#1996=LINE('',#12711,#2562);
#1997=LINE('',#12714,#2563);
#1998=LINE('',#12715,#2564);
#1999=LINE('',#12734,#2565);
#2000=LINE('',#12766,#2566);
#2001=LINE('',#12768,#2567);
#2002=LINE('',#12770,#2568);
#2003=LINE('',#12796,#2569);
#2004=LINE('',#12798,#2570);
#2005=LINE('',#12800,#2571);
#2006=LINE('',#12801,#2572);
#2007=LINE('',#12804,#2573);
#2008=LINE('',#12806,#2574);
#2009=LINE('',#12807,#2575);
#2010=LINE('',#12824,#2576);
#2011=LINE('',#12841,#2577);
#2012=LINE('',#12858,#2578);
#2013=LINE('',#12875,#2579);
#2014=LINE('',#12892,#2580);
#2015=LINE('',#12895,#2581);
#2016=LINE('',#12896,#2582);
#2017=LINE('',#12899,#2583);
#2018=LINE('',#12900,#2584);
#2019=LINE('',#12903,#2585);
#2020=LINE('',#12904,#2586);
#2021=LINE('',#12921,#2587);
#2022=LINE('',#12938,#2588);
#2023=LINE('',#12955,#2589);
#2024=LINE('',#12972,#2590);
#2025=LINE('',#12975,#2591);
#2026=LINE('',#12976,#2592);
#2027=LINE('',#12979,#2593);
#2028=LINE('',#12980,#2594);
#2029=LINE('',#12983,#2595);
#2030=LINE('',#12984,#2596);
#2031=LINE('',#12986,#2597);
#2032=LINE('',#12990,#2598);
#2033=LINE('',#12992,#2599);
#2034=LINE('',#12994,#2600);
#2035=LINE('',#12996,#2601);
#2036=LINE('',#12998,#2602);
#2037=LINE('',#13000,#2603);
#2038=LINE('',#13002,#2604);
#2039=LINE('',#13004,#2605);
#2040=LINE('',#13006,#2606);
#2041=LINE('',#13008,#2607);
#2042=LINE('',#13010,#2608);
#2043=LINE('',#13012,#2609);
#2044=LINE('',#13020,#2610);
#2045=LINE('',#13022,#2611);
#2046=LINE('',#13024,#2612);
#2047=LINE('',#13026,#2613);
#2048=LINE('',#13027,#2614);
#2049=LINE('',#13030,#2615);
#2050=LINE('',#13032,#2616);
#2051=LINE('',#13033,#2617);
#2052=LINE('',#13036,#2618);
#2053=LINE('',#13037,#2619);
#2054=LINE('',#13040,#2620);
#2055=LINE('',#13041,#2621);
#2056=LINE('',#13044,#2622);
#2057=LINE('',#13045,#2623);
#2058=LINE('',#13048,#2624);
#2059=LINE('',#13049,#2625);
#2060=LINE('',#13052,#2626);
#2061=LINE('',#13053,#2627);
#2062=LINE('',#13056,#2628);
#2063=LINE('',#13057,#2629);
#2064=LINE('',#13060,#2630);
#2065=LINE('',#13061,#2631);
#2066=LINE('',#13064,#2632);
#2067=LINE('',#13065,#2633);
#2068=LINE('',#13068,#2634);
#2069=LINE('',#13069,#2635);
#2070=LINE('',#13072,#2636);
#2071=LINE('',#13073,#2637);
#2072=LINE('',#13076,#2638);
#2073=LINE('',#13077,#2639);
#2074=LINE('',#13094,#2640);
#2075=LINE('',#13097,#2641);
#2076=LINE('',#13098,#2642);
#2077=LINE('',#13101,#2643);
#2078=LINE('',#13102,#2644);
#2079=LINE('',#13105,#2645);
#2080=LINE('',#13106,#2646);
#2081=LINE('',#13109,#2647);
#2082=LINE('',#13110,#2648);
#2083=LINE('',#13112,#2649);
#2084=LINE('',#13116,#2650);
#2085=LINE('',#13118,#2651);
#2086=LINE('',#13120,#2652);
#2087=LINE('',#13121,#2653);
#2088=LINE('',#13124,#2654);
#2089=LINE('',#13126,#2655);
#2090=LINE('',#13127,#2656);
#2091=LINE('',#13130,#2657);
#2092=LINE('',#13132,#2658);
#2093=LINE('',#13133,#2659);
#2094=LINE('',#13135,#2660);
#2095=LINE('',#13136,#2661);
#2096=LINE('',#13139,#2662);
#2097=LINE('',#13141,#2663);
#2098=LINE('',#13142,#2664);
#2099=LINE('',#13145,#2665);
#2100=LINE('',#13146,#2666);
#2101=LINE('',#13149,#2667);
#2102=LINE('',#13150,#2668);
#2103=LINE('',#13153,#2669);
#2104=LINE('',#13154,#2670);
#2105=LINE('',#13157,#2671);
#2106=LINE('',#13158,#2672);
#2107=LINE('',#13160,#2673);
#2108=LINE('',#13164,#2674);
#2109=LINE('',#13166,#2675);
#2110=LINE('',#13167,#2676);
#2111=LINE('',#13170,#2677);
#2112=LINE('',#13171,#2678);
#2113=LINE('',#13174,#2679);
#2114=LINE('',#13175,#2680);
#2115=LINE('',#13178,#2681);
#2116=LINE('',#13179,#2682);
#2117=LINE('',#13182,#2683);
#2118=LINE('',#13183,#2684);
#2119=LINE('',#13185,#2685);
#2120=VECTOR('',#6865,10.);
#2121=VECTOR('',#6868,10.);
#2122=VECTOR('',#6873,10.);
#2123=VECTOR('',#6878,2.55000000000001);
#2124=VECTOR('',#6885,10.);
#2125=VECTOR('',#6888,10.);
#2126=VECTOR('',#6893,10.);
#2127=VECTOR('',#6896,10.);
#2128=VECTOR('',#6899,10.);
#2129=VECTOR('',#6904,10.);
#2130=VECTOR('',#6909,2.55000000000001);
#2131=VECTOR('',#6918,2.55000000000001);
#2132=VECTOR('',#6925,10.);
#2133=VECTOR('',#6928,10.);
#2134=VECTOR('',#6933,10.);
#2135=VECTOR('',#6938,2.55);
#2136=VECTOR('',#6947,2.55);
#2137=VECTOR('',#6954,10.);
#2138=VECTOR('',#6957,10.);
#2139=VECTOR('',#6962,10.);
#2140=VECTOR('',#6965,10.);
#2141=VECTOR('',#6968,10.);
#2142=VECTOR('',#6973,10.);
#2143=VECTOR('',#6978,2.55000000000001);
#2144=VECTOR('',#6985,10.);
#2145=VECTOR('',#6986,10.);
#2146=VECTOR('',#6987,10.);
#2147=VECTOR('',#6988,10.);
#2148=VECTOR('',#6989,10.);
#2149=VECTOR('',#6990,10.);
#2150=VECTOR('',#6991,10.);
#2151=VECTOR('',#6992,10.);
#2152=VECTOR('',#6993,10.);
#2153=VECTOR('',#6994,10.);
#2154=VECTOR('',#6995,10.);
#2155=VECTOR('',#6996,10.);
#2156=VECTOR('',#6997,10.);
#2157=VECTOR('',#6998,10.);
#2158=VECTOR('',#6999,10.);
#2159=VECTOR('',#7000,10.);
#2160=VECTOR('',#7001,10.);
#2161=VECTOR('',#7002,10.);
#2162=VECTOR('',#7003,10.);
#2163=VECTOR('',#7004,10.);
#2164=VECTOR('',#7005,10.);
#2165=VECTOR('',#7006,10.);
#2166=VECTOR('',#7007,10.);
#2167=VECTOR('',#7008,10.);
#2168=VECTOR('',#7009,10.);
#2169=VECTOR('',#7010,10.);
#2170=VECTOR('',#7011,10.);
#2171=VECTOR('',#7012,10.);
#2172=VECTOR('',#7013,10.);
#2173=VECTOR('',#7014,10.);
#2174=VECTOR('',#7015,10.);
#2175=VECTOR('',#7018,10.);
#2176=VECTOR('',#7019,10.);
#2177=VECTOR('',#7020,10.);
#2178=VECTOR('',#7021,10.);
#2179=VECTOR('',#7022,10.);
#2180=VECTOR('',#7023,10.);
#2181=VECTOR('',#7024,10.);
#2182=VECTOR('',#7025,10.);
#2183=VECTOR('',#7026,10.);
#2184=VECTOR('',#7027,10.);
#2185=VECTOR('',#7028,10.);
#2186=VECTOR('',#7029,10.);
#2187=VECTOR('',#7030,10.);
#2188=VECTOR('',#7031,10.);
#2189=VECTOR('',#7032,10.);
#2190=VECTOR('',#7035,10.);
#2191=VECTOR('',#7036,10.);
#2192=VECTOR('',#7037,10.);
#2193=VECTOR('',#7040,10.);
#2194=VECTOR('',#7041,10.);
#2195=VECTOR('',#7042,10.);
#2196=VECTOR('',#7043,10.);
#2197=VECTOR('',#7044,10.);
#2198=VECTOR('',#7047,10.);
#2199=VECTOR('',#7048,10.);
#2200=VECTOR('',#7049,10.);
#2201=VECTOR('',#7050,10.);
#2202=VECTOR('',#7051,10.);
#2203=VECTOR('',#7052,10.);
#2204=VECTOR('',#7053,10.);
#2205=VECTOR('',#7054,10.);
#2206=VECTOR('',#7055,10.);
#2207=VECTOR('',#7058,10.);
#2208=VECTOR('',#7059,10.);
#2209=VECTOR('',#7060,10.);
#2210=VECTOR('',#7061,10.);
#2211=VECTOR('',#7062,10.);
#2212=VECTOR('',#7063,10.);
#2213=VECTOR('',#7064,10.);
#2214=VECTOR('',#7065,10.);
#2215=VECTOR('',#7066,10.);
#2216=VECTOR('',#7067,10.);
#2217=VECTOR('',#7068,10.);
#2218=VECTOR('',#7069,10.);
#2219=VECTOR('',#7070,10.);
#2220=VECTOR('',#7071,10.);
#2221=VECTOR('',#7072,10.);
#2222=VECTOR('',#7073,10.);
#2223=VECTOR('',#7076,10.);
#2224=VECTOR('',#7077,10.);
#2225=VECTOR('',#7078,10.);
#2226=VECTOR('',#7079,10.);
#2227=VECTOR('',#7080,10.);
#2228=VECTOR('',#7081,10.);
#2229=VECTOR('',#7082,10.);
#2230=VECTOR('',#7083,10.);
#2231=VECTOR('',#7084,10.);
#2232=VECTOR('',#7087,10.);
#2233=VECTOR('',#7088,10.);
#2234=VECTOR('',#7091,10.);
#2235=VECTOR('',#7092,10.);
#2236=VECTOR('',#7095,10.);
#2237=VECTOR('',#7096,10.);
#2238=VECTOR('',#7097,10.);
#2239=VECTOR('',#7098,10.);
#2240=VECTOR('',#7099,10.);
#2241=VECTOR('',#7100,10.);
#2242=VECTOR('',#7101,10.);
#2243=VECTOR('',#7102,10.);
#2244=VECTOR('',#7103,10.);
#2245=VECTOR('',#7104,10.);
#2246=VECTOR('',#7105,10.);
#2247=VECTOR('',#7106,10.);
#2248=VECTOR('',#7107,10.);
#2249=VECTOR('',#7108,10.);
#2250=VECTOR('',#7111,10.);
#2251=VECTOR('',#7112,10.);
#2252=VECTOR('',#7115,10.);
#2253=VECTOR('',#7116,10.);
#2254=VECTOR('',#7117,10.);
#2255=VECTOR('',#7118,10.);
#2256=VECTOR('',#7121,10.);
#2257=VECTOR('',#7122,10.);
#2258=VECTOR('',#7123,10.);
#2259=VECTOR('',#7126,10.);
#2260=VECTOR('',#7127,10.);
#2261=VECTOR('',#7130,10.);
#2262=VECTOR('',#7131,10.);
#2263=VECTOR('',#7134,10.);
#2264=VECTOR('',#7137,10.);
#2265=VECTOR('',#7138,10.);
#2266=VECTOR('',#7139,10.);
#2267=VECTOR('',#7140,10.);
#2268=VECTOR('',#7141,10.);
#2269=VECTOR('',#7142,10.);
#2270=VECTOR('',#7143,10.);
#2271=VECTOR('',#7144,10.);
#2272=VECTOR('',#7147,10.);
#2273=VECTOR('',#7148,10.);
#2274=VECTOR('',#7149,10.);
#2275=VECTOR('',#7150,10.);
#2276=VECTOR('',#7151,10.);
#2277=VECTOR('',#7152,10.);
#2278=VECTOR('',#7153,10.);
#2279=VECTOR('',#7154,10.);
#2280=VECTOR('',#7157,10.);
#2281=VECTOR('',#7158,10.);
#2282=VECTOR('',#7161,10.);
#2283=VECTOR('',#7162,10.);
#2284=VECTOR('',#7165,10.);
#2285=VECTOR('',#7166,10.);
#2286=VECTOR('',#7167,10.);
#2287=VECTOR('',#7168,10.);
#2288=VECTOR('',#7169,10.);
#2289=VECTOR('',#7170,10.);
#2290=VECTOR('',#7171,10.);
#2291=VECTOR('',#7174,10.);
#2292=VECTOR('',#7175,10.);
#2293=VECTOR('',#7178,10.);
#2294=VECTOR('',#7179,10.);
#2295=VECTOR('',#7182,10.);
#2296=VECTOR('',#7183,10.);
#2297=VECTOR('',#7186,10.);
#2298=VECTOR('',#7189,10.);
#2299=VECTOR('',#7190,10.);
#2300=VECTOR('',#7191,10.);
#2301=VECTOR('',#7192,10.);
#2302=VECTOR('',#7193,10.);
#2303=VECTOR('',#7194,10.);
#2304=VECTOR('',#7195,10.);
#2305=VECTOR('',#7196,10.);
#2306=VECTOR('',#7197,10.);
#2307=VECTOR('',#7198,10.);
#2308=VECTOR('',#7199,10.);
#2309=VECTOR('',#7200,10.);
#2310=VECTOR('',#7203,10.);
#2311=VECTOR('',#7204,10.);
#2312=VECTOR('',#7205,10.);
#2313=VECTOR('',#7206,10.);
#2314=VECTOR('',#7207,10.);
#2315=VECTOR('',#7208,10.);
#2316=VECTOR('',#7209,10.);
#2317=VECTOR('',#7210,10.);
#2318=VECTOR('',#7211,10.);
#2319=VECTOR('',#7212,10.);
#2320=VECTOR('',#7213,10.);
#2321=VECTOR('',#7214,10.);
#2322=VECTOR('',#7217,10.);
#2323=VECTOR('',#7218,10.);
#2324=VECTOR('',#7221,10.);
#2325=VECTOR('',#7222,10.);
#2326=VECTOR('',#7223,10.);
#2327=VECTOR('',#7224,10.);
#2328=VECTOR('',#7227,10.);
#2329=VECTOR('',#7228,10.);
#2330=VECTOR('',#7229,10.);
#2331=VECTOR('',#7232,10.);
#2332=VECTOR('',#7233,10.);
#2333=VECTOR('',#7236,10.);
#2334=VECTOR('',#7237,10.);
#2335=VECTOR('',#7240,10.);
#2336=VECTOR('',#7243,10.);
#2337=VECTOR('',#7244,10.);
#2338=VECTOR('',#7245,10.);
#2339=VECTOR('',#7246,10.);
#2340=VECTOR('',#7247,10.);
#2341=VECTOR('',#7248,10.);
#2342=VECTOR('',#7249,10.);
#2343=VECTOR('',#7250,10.);
#2344=VECTOR('',#7251,10.);
#2345=VECTOR('',#7254,10.);
#2346=VECTOR('',#7255,10.);
#2347=VECTOR('',#7258,10.);
#2348=VECTOR('',#7259,10.);
#2349=VECTOR('',#7262,10.);
#2350=VECTOR('',#7263,10.);
#2351=VECTOR('',#7264,10.);
#2352=VECTOR('',#7265,10.);
#2353=VECTOR('',#7266,10.);
#2354=VECTOR('',#7267,10.);
#2355=VECTOR('',#7268,10.);
#2356=VECTOR('',#7269,10.);
#2357=VECTOR('',#7270,10.);
#2358=VECTOR('',#7271,10.);
#2359=VECTOR('',#7272,10.);
#2360=VECTOR('',#7273,10.);
#2361=VECTOR('',#7274,10.);
#2362=VECTOR('',#7275,10.);
#2363=VECTOR('',#7278,10.);
#2364=VECTOR('',#7279,10.);
#2365=VECTOR('',#7282,10.);
#2366=VECTOR('',#7283,10.);
#2367=VECTOR('',#7284,10.);
#2368=VECTOR('',#7285,10.);
#2369=VECTOR('',#7286,10.);
#2370=VECTOR('',#7287,10.);
#2371=VECTOR('',#7290,10.);
#2372=VECTOR('',#7291,10.);
#2373=VECTOR('',#7292,10.);
#2374=VECTOR('',#7293,10.);
#2375=VECTOR('',#7294,10.);
#2376=VECTOR('',#7295,10.);
#2377=VECTOR('',#7296,10.);
#2378=VECTOR('',#7299,10.);
#2379=VECTOR('',#7300,10.);
#2380=VECTOR('',#7301,10.);
#2381=VECTOR('',#7302,10.);
#2382=VECTOR('',#7303,10.);
#2383=VECTOR('',#7306,10.);
#2384=VECTOR('',#7307,10.);
#2385=VECTOR('',#7310,10.);
#2386=VECTOR('',#7311,10.);
#2387=VECTOR('',#7314,10.);
#2388=VECTOR('',#7315,10.);
#2389=VECTOR('',#7318,10.);
#2390=VECTOR('',#7321,10.);
#2391=VECTOR('',#7322,10.);
#2392=VECTOR('',#7323,10.);
#2393=VECTOR('',#7324,10.);
#2394=VECTOR('',#7325,10.);
#2395=VECTOR('',#7326,10.);
#2396=VECTOR('',#7327,10.);
#2397=VECTOR('',#7328,10.);
#2398=VECTOR('',#7331,10.);
#2399=VECTOR('',#7332,10.);
#2400=VECTOR('',#7333,10.);
#2401=VECTOR('',#7334,10.);
#2402=VECTOR('',#7335,10.);
#2403=VECTOR('',#7336,10.);
#2404=VECTOR('',#7337,10.);
#2405=VECTOR('',#7338,10.);
#2406=VECTOR('',#7341,10.);
#2407=VECTOR('',#7342,10.);
#2408=VECTOR('',#7345,10.);
#2409=VECTOR('',#7346,10.);
#2410=VECTOR('',#7349,10.);
#2411=VECTOR('',#7350,10.);
#2412=VECTOR('',#7351,10.);
#2413=VECTOR('',#7352,10.);
#2414=VECTOR('',#7353,10.);
#2415=VECTOR('',#7354,10.);
#2416=VECTOR('',#7357,10.);
#2417=VECTOR('',#7358,10.);
#2418=VECTOR('',#7361,10.);
#2419=VECTOR('',#7362,10.);
#2420=VECTOR('',#7365,10.);
#2421=VECTOR('',#7366,10.);
#2422=VECTOR('',#7369,10.);
#2423=VECTOR('',#7372,10.);
#2424=VECTOR('',#7373,10.);
#2425=VECTOR('',#7374,10.);
#2426=VECTOR('',#7375,10.);
#2427=VECTOR('',#7378,10.);
#2428=VECTOR('',#7379,10.);
#2429=VECTOR('',#7380,10.);
#2430=VECTOR('',#7383,10.);
#2431=VECTOR('',#7384,10.);
#2432=VECTOR('',#7385,10.);
#2433=VECTOR('',#7388,10.);
#2434=VECTOR('',#7389,10.);
#2435=VECTOR('',#7392,10.);
#2436=VECTOR('',#7393,10.);
#2437=VECTOR('',#7394,10.);
#2438=VECTOR('',#7395,10.);
#2439=VECTOR('',#7398,10.);
#2440=VECTOR('',#7399,10.);
#2441=VECTOR('',#7400,10.);
#2442=VECTOR('',#7403,10.);
#2443=VECTOR('',#7404,10.);
#2444=VECTOR('',#7407,10.);
#2445=VECTOR('',#7408,10.);
#2446=VECTOR('',#7411,10.);
#2447=VECTOR('',#7414,10.);
#2448=VECTOR('',#7415,10.);
#2449=VECTOR('',#7416,10.);
#2450=VECTOR('',#7417,10.);
#2451=VECTOR('',#7420,10.);
#2452=VECTOR('',#7421,10.);
#2453=VECTOR('',#7422,10.);
#2454=VECTOR('',#7425,10.);
#2455=VECTOR('',#7426,10.);
#2456=VECTOR('',#7429,10.);
#2457=VECTOR('',#7430,10.);
#2458=VECTOR('',#7433,10.);
#2459=VECTOR('',#7436,10.);
#2460=VECTOR('',#7437,10.);
#2461=VECTOR('',#7438,10.);
#2462=VECTOR('',#7439,10.);
#2463=VECTOR('',#7440,10.);
#2464=VECTOR('',#7441,10.);
#2465=VECTOR('',#7442,10.);
#2466=VECTOR('',#7443,10.);
#2467=VECTOR('',#7444,10.);
#2468=VECTOR('',#7445,10.);
#2469=VECTOR('',#7448,10.);
#2470=VECTOR('',#7449,10.);
#2471=VECTOR('',#7450,10.);
#2472=VECTOR('',#7451,10.);
#2473=VECTOR('',#7452,10.);
#2474=VECTOR('',#7453,10.);
#2475=VECTOR('',#7454,10.);
#2476=VECTOR('',#7455,10.);
#2477=VECTOR('',#7456,10.);
#2478=VECTOR('',#7457,10.);
#2479=VECTOR('',#7458,10.);
#2480=VECTOR('',#7461,10.);
#2481=VECTOR('',#7462,10.);
#2482=VECTOR('',#7465,10.);
#2483=VECTOR('',#7466,10.);
#2484=VECTOR('',#7467,10.);
#2485=VECTOR('',#7468,10.);
#2486=VECTOR('',#7469,10.);
#2487=VECTOR('',#7470,10.);
#2488=VECTOR('',#7471,10.);
#2489=VECTOR('',#7472,10.);
#2490=VECTOR('',#7473,10.);
#2491=VECTOR('',#7474,10.);
#2492=VECTOR('',#7475,10.);
#2493=VECTOR('',#7476,10.);
#2494=VECTOR('',#7477,10.);
#2495=VECTOR('',#7478,10.);
#2496=VECTOR('',#7479,10.);
#2497=VECTOR('',#7480,10.);
#2498=VECTOR('',#7481,10.);
#2499=VECTOR('',#7484,10.);
#2500=VECTOR('',#7485,10.);
#2501=VECTOR('',#7486,10.);
#2502=VECTOR('',#7487,10.);
#2503=VECTOR('',#7488,10.);
#2504=VECTOR('',#7489,10.);
#2505=VECTOR('',#7490,10.);
#2506=VECTOR('',#7491,10.);
#2507=VECTOR('',#7492,10.);
#2508=VECTOR('',#7493,10.);
#2509=VECTOR('',#7494,10.);
#2510=VECTOR('',#7495,10.);
#2511=VECTOR('',#7496,10.);
#2512=VECTOR('',#7497,10.);
#2513=VECTOR('',#7498,10.);
#2514=VECTOR('',#7499,10.);
#2515=VECTOR('',#7500,10.);
#2516=VECTOR('',#7501,10.);
#2517=VECTOR('',#7502,10.);
#2518=VECTOR('',#7503,10.);
#2519=VECTOR('',#7506,10.);
#2520=VECTOR('',#7507,10.);
#2521=VECTOR('',#7510,10.);
#2522=VECTOR('',#7511,10.);
#2523=VECTOR('',#7512,10.);
#2524=VECTOR('',#7513,10.);
#2525=VECTOR('',#7514,10.);
#2526=VECTOR('',#7515,10.);
#2527=VECTOR('',#7516,10.);
#2528=VECTOR('',#7517,10.);
#2529=VECTOR('',#7518,10.);
#2530=VECTOR('',#7519,10.);
#2531=VECTOR('',#7520,10.);
#2532=VECTOR('',#7521,10.);
#2533=VECTOR('',#7522,10.);
#2534=VECTOR('',#7523,10.);
#2535=VECTOR('',#7524,10.);
#2536=VECTOR('',#7525,10.);
#2537=VECTOR('',#7528,10.);
#2538=VECTOR('',#7529,10.);
#2539=VECTOR('',#7532,10.);
#2540=VECTOR('',#7533,10.);
#2541=VECTOR('',#7536,10.);
#2542=VECTOR('',#7537,10.);
#2543=VECTOR('',#7540,10.);
#2544=VECTOR('',#7541,10.);
#2545=VECTOR('',#7544,10.);
#2546=VECTOR('',#7545,10.);
#2547=VECTOR('',#7548,10.);
#2548=VECTOR('',#7549,10.);
#2549=VECTOR('',#7552,10.);
#2550=VECTOR('',#7553,10.);
#2551=VECTOR('',#7556,10.);
#2552=VECTOR('',#7557,10.);
#2553=VECTOR('',#7560,10.);
#2554=VECTOR('',#7561,10.);
#2555=VECTOR('',#7564,10.);
#2556=VECTOR('',#7565,10.);
#2557=VECTOR('',#7568,10.);
#2558=VECTOR('',#7569,10.);
#2559=VECTOR('',#7570,10.);
#2560=VECTOR('',#7571,10.);
#2561=VECTOR('',#7572,10.);
#2562=VECTOR('',#7573,10.);
#2563=VECTOR('',#7576,10.);
#2564=VECTOR('',#7577,10.);
#2565=VECTOR('',#7580,10.);
#2566=VECTOR('',#7581,10.);
#2567=VECTOR('',#7582,10.);
#2568=VECTOR('',#7583,10.);
#2569=VECTOR('',#7584,10.);
#2570=VECTOR('',#7585,10.);
#2571=VECTOR('',#7586,10.);
#2572=VECTOR('',#7587,10.);
#2573=VECTOR('',#7590,10.);
#2574=VECTOR('',#7591,10.);
#2575=VECTOR('',#7592,10.);
#2576=VECTOR('',#7593,10.);
#2577=VECTOR('',#7594,10.);
#2578=VECTOR('',#7595,10.);
#2579=VECTOR('',#7596,10.);
#2580=VECTOR('',#7597,10.);
#2581=VECTOR('',#7600,10.);
#2582=VECTOR('',#7601,10.);
#2583=VECTOR('',#7604,10.);
#2584=VECTOR('',#7605,10.);
#2585=VECTOR('',#7608,10.);
#2586=VECTOR('',#7609,10.);
#2587=VECTOR('',#7610,10.);
#2588=VECTOR('',#7611,10.);
#2589=VECTOR('',#7612,10.);
#2590=VECTOR('',#7613,10.);
#2591=VECTOR('',#7616,10.);
#2592=VECTOR('',#7617,10.);
#2593=VECTOR('',#7620,10.);
#2594=VECTOR('',#7621,10.);
#2595=VECTOR('',#7624,10.);
#2596=VECTOR('',#7625,10.);
#2597=VECTOR('',#7628,10.);
#2598=VECTOR('',#7631,10.);
#2599=VECTOR('',#7632,10.);
#2600=VECTOR('',#7633,10.);
#2601=VECTOR('',#7634,10.);
#2602=VECTOR('',#7635,10.);
#2603=VECTOR('',#7636,10.);
#2604=VECTOR('',#7637,10.);
#2605=VECTOR('',#7638,10.);
#2606=VECTOR('',#7639,10.);
#2607=VECTOR('',#7640,10.);
#2608=VECTOR('',#7641,10.);
#2609=VECTOR('',#7642,10.);
#2610=VECTOR('',#7643,10.);
#2611=VECTOR('',#7644,10.);
#2612=VECTOR('',#7645,10.);
#2613=VECTOR('',#7646,10.);
#2614=VECTOR('',#7647,10.);
#2615=VECTOR('',#7650,10.);
#2616=VECTOR('',#7651,10.);
#2617=VECTOR('',#7652,10.);
#2618=VECTOR('',#7655,10.);
#2619=VECTOR('',#7656,10.);
#2620=VECTOR('',#7659,10.);
#2621=VECTOR('',#7660,10.);
#2622=VECTOR('',#7663,10.);
#2623=VECTOR('',#7664,10.);
#2624=VECTOR('',#7667,10.);
#2625=VECTOR('',#7668,10.);
#2626=VECTOR('',#7671,10.);
#2627=VECTOR('',#7672,10.);
#2628=VECTOR('',#7675,10.);
#2629=VECTOR('',#7676,10.);
#2630=VECTOR('',#7679,10.);
#2631=VECTOR('',#7680,10.);
#2632=VECTOR('',#7683,10.);
#2633=VECTOR('',#7684,10.);
#2634=VECTOR('',#7687,10.);
#2635=VECTOR('',#7688,10.);
#2636=VECTOR('',#7691,10.);
#2637=VECTOR('',#7692,10.);
#2638=VECTOR('',#7695,10.);
#2639=VECTOR('',#7696,10.);
#2640=VECTOR('',#7697,10.);
#2641=VECTOR('',#7700,10.);
#2642=VECTOR('',#7701,10.);
#2643=VECTOR('',#7704,10.);
#2644=VECTOR('',#7705,10.);
#2645=VECTOR('',#7708,10.);
#2646=VECTOR('',#7709,10.);
#2647=VECTOR('',#7712,10.);
#2648=VECTOR('',#7713,10.);
#2649=VECTOR('',#7716,10.);
#2650=VECTOR('',#7719,10.);
#2651=VECTOR('',#7720,10.);
#2652=VECTOR('',#7721,10.);
#2653=VECTOR('',#7722,10.);
#2654=VECTOR('',#7725,10.);
#2655=VECTOR('',#7726,10.);
#2656=VECTOR('',#7727,10.);
#2657=VECTOR('',#7730,10.);
#2658=VECTOR('',#7731,10.);
#2659=VECTOR('',#7732,10.);
#2660=VECTOR('',#7735,10.);
#2661=VECTOR('',#7736,10.);
#2662=VECTOR('',#7739,10.);
#2663=VECTOR('',#7740,10.);
#2664=VECTOR('',#7741,10.);
#2665=VECTOR('',#7744,10.);
#2666=VECTOR('',#7745,10.);
#2667=VECTOR('',#7748,10.);
#2668=VECTOR('',#7749,10.);
#2669=VECTOR('',#7752,10.);
#2670=VECTOR('',#7753,10.);
#2671=VECTOR('',#7756,10.);
#2672=VECTOR('',#7757,10.);
#2673=VECTOR('',#7760,10.);
#2674=VECTOR('',#7765,10.);
#2675=VECTOR('',#7766,10.);
#2676=VECTOR('',#7767,10.);
#2677=VECTOR('',#7770,10.);
#2678=VECTOR('',#7771,10.);
#2679=VECTOR('',#7774,10.);
#2680=VECTOR('',#7775,10.);
#2681=VECTOR('',#7778,10.);
#2682=VECTOR('',#7779,10.);
#2683=VECTOR('',#7782,10.);
#2684=VECTOR('',#7783,10.);
#2685=VECTOR('',#7786,10.);
#2686=VERTEX_POINT('',#7797);
#2687=VERTEX_POINT('',#7798);
#2688=VERTEX_POINT('',#7800);
#2689=VERTEX_POINT('',#7802);
#2690=VERTEX_POINT('',#7808);
#2691=VERTEX_POINT('',#7810);
#2692=VERTEX_POINT('',#7815);
#2693=VERTEX_POINT('',#7816);
#2694=VERTEX_POINT('',#7818);
#2695=VERTEX_POINT('',#7820);
#2696=VERTEX_POINT('',#7826);
#2697=VERTEX_POINT('',#7827);
#2698=VERTEX_POINT('',#7829);
#2699=VERTEX_POINT('',#7831);
#2700=VERTEX_POINT('',#7837);
#2701=VERTEX_POINT('',#7839);
#2702=VERTEX_POINT('',#7844);
#2703=VERTEX_POINT('',#7846);
#2704=VERTEX_POINT('',#7851);
#2705=VERTEX_POINT('',#7852);
#2706=VERTEX_POINT('',#7854);
#2707=VERTEX_POINT('',#7856);
#2708=VERTEX_POINT('',#7862);
#2709=VERTEX_POINT('',#7864);
#2710=VERTEX_POINT('',#7869);
#2711=VERTEX_POINT('',#7871);
#2712=VERTEX_POINT('',#7876);
#2713=VERTEX_POINT('',#7877);
#2714=VERTEX_POINT('',#7879);
#2715=VERTEX_POINT('',#7881);
#2716=VERTEX_POINT('',#7887);
#2717=VERTEX_POINT('',#7888);
#2718=VERTEX_POINT('',#7890);
#2719=VERTEX_POINT('',#7892);
#2720=VERTEX_POINT('',#7898);
#2721=VERTEX_POINT('',#7900);
#2722=VERTEX_POINT('',#7905);
#2723=VERTEX_POINT('',#7907);
#2724=VERTEX_POINT('',#7910);
#2725=VERTEX_POINT('',#7912);
#2726=VERTEX_POINT('',#7914);
#2727=VERTEX_POINT('',#7916);
#2728=VERTEX_POINT('',#7919);
#2729=VERTEX_POINT('',#7921);
#2730=VERTEX_POINT('',#7924);
#2731=VERTEX_POINT('',#7927);
#2732=VERTEX_POINT('',#7929);
#2733=VERTEX_POINT('',#7932);
#2734=VERTEX_POINT('',#7945);
#2735=VERTEX_POINT('',#7946);
#2736=VERTEX_POINT('',#7952);
#2737=VERTEX_POINT('',#7954);
#2738=VERTEX_POINT('',#7973);
#2739=VERTEX_POINT('',#7979);
#2740=VERTEX_POINT('',#7998);
#2741=VERTEX_POINT('',#8004);
#2742=VERTEX_POINT('',#8023);
#2743=VERTEX_POINT('',#8029);
#2744=VERTEX_POINT('',#8048);
#2745=VERTEX_POINT('',#8054);
#2746=VERTEX_POINT('',#8072);
#2747=VERTEX_POINT('',#8078);
#2748=VERTEX_POINT('',#8097);
#2749=VERTEX_POINT('',#8103);
#2750=VERTEX_POINT('',#8144);
#2751=VERTEX_POINT('',#8145);
#2752=VERTEX_POINT('',#8151);
#2753=VERTEX_POINT('',#8153);
#2754=VERTEX_POINT('',#8172);
#2755=VERTEX_POINT('',#8178);
#2756=VERTEX_POINT('',#8197);
#2757=VERTEX_POINT('',#8203);
#2758=VERTEX_POINT('',#8222);
#2759=VERTEX_POINT('',#8228);
#2760=VERTEX_POINT('',#8238);
#2761=VERTEX_POINT('',#8240);
#2762=VERTEX_POINT('',#8253);
#2763=VERTEX_POINT('',#8259);
#2764=VERTEX_POINT('',#8278);
#2765=VERTEX_POINT('',#8284);
#2766=VERTEX_POINT('',#8303);
#2767=VERTEX_POINT('',#8309);
#2768=VERTEX_POINT('',#8328);
#2769=VERTEX_POINT('',#8334);
#2770=VERTEX_POINT('',#8375);
#2771=VERTEX_POINT('',#8376);
#2772=VERTEX_POINT('',#8382);
#2773=VERTEX_POINT('',#8384);
#2774=VERTEX_POINT('',#8403);
#2775=VERTEX_POINT('',#8409);
#2776=VERTEX_POINT('',#8428);
#2777=VERTEX_POINT('',#8434);
#2778=VERTEX_POINT('',#8453);
#2779=VERTEX_POINT('',#8459);
#2780=VERTEX_POINT('',#8478);
#2781=VERTEX_POINT('',#8484);
#2782=VERTEX_POINT('',#8503);
#2783=VERTEX_POINT('',#8509);
#2784=VERTEX_POINT('',#8528);
#2785=VERTEX_POINT('',#8534);
#2786=VERTEX_POINT('',#8566);
#2787=VERTEX_POINT('',#8567);
#2788=VERTEX_POINT('',#8569);
#2789=VERTEX_POINT('',#8575);
#2790=VERTEX_POINT('',#8581);
#2791=VERTEX_POINT('',#8583);
#2792=VERTEX_POINT('',#8589);
#2793=VERTEX_POINT('',#8595);
#2794=VERTEX_POINT('',#8601);
#2795=VERTEX_POINT('',#8607);
#2796=VERTEX_POINT('',#8613);
#2797=VERTEX_POINT('',#8619);
#2798=VERTEX_POINT('',#8625);
#2799=VERTEX_POINT('',#8627);
#2800=VERTEX_POINT('',#8633);
#2801=VERTEX_POINT('',#8639);
#2802=VERTEX_POINT('',#8645);
#2803=VERTEX_POINT('',#8651);
#2804=VERTEX_POINT('',#8657);
#2805=VERTEX_POINT('',#8663);
#2806=VERTEX_POINT('',#8669);
#2807=VERTEX_POINT('',#8675);
#2808=VERTEX_POINT('',#8681);
#2809=VERTEX_POINT('',#8687);
#2810=VERTEX_POINT('',#8693);
#2811=VERTEX_POINT('',#8699);
#2812=VERTEX_POINT('',#8705);
#2813=VERTEX_POINT('',#8717);
#2814=VERTEX_POINT('',#8719);
#2815=VERTEX_POINT('',#8732);
#2816=VERTEX_POINT('',#8749);
#2817=VERTEX_POINT('',#8757);
#2818=VERTEX_POINT('',#8770);
#2819=VERTEX_POINT('',#8787);
#2820=VERTEX_POINT('',#8804);
#2821=VERTEX_POINT('',#8821);
#2822=VERTEX_POINT('',#8838);
#2823=VERTEX_POINT('',#8855);
#2824=VERTEX_POINT('',#8872);
#2825=VERTEX_POINT('',#8880);
#2826=VERTEX_POINT('',#8893);
#2827=VERTEX_POINT('',#8910);
#2828=VERTEX_POINT('',#8927);
#2829=VERTEX_POINT('',#8944);
#2830=VERTEX_POINT('',#8961);
#2831=VERTEX_POINT('',#8978);
#2832=VERTEX_POINT('',#8995);
#2833=VERTEX_POINT('',#9012);
#2834=VERTEX_POINT('',#9029);
#2835=VERTEX_POINT('',#9046);
#2836=VERTEX_POINT('',#9063);
#2837=VERTEX_POINT('',#9080);
#2838=VERTEX_POINT('',#9097);
#2839=VERTEX_POINT('',#9114);
#2840=VERTEX_POINT('',#9137);
#2841=VERTEX_POINT('',#9138);
#2842=VERTEX_POINT('',#9144);
#2843=VERTEX_POINT('',#9150);
#2844=VERTEX_POINT('',#9156);
#2845=VERTEX_POINT('',#9162);
#2846=VERTEX_POINT('',#9164);
#2847=VERTEX_POINT('',#9166);
#2848=VERTEX_POINT('',#9168);
#2849=VERTEX_POINT('',#9174);
#2850=VERTEX_POINT('',#9180);
#2851=VERTEX_POINT('',#9186);
#2852=VERTEX_POINT('',#9192);
#2853=VERTEX_POINT('',#9198);
#2854=VERTEX_POINT('',#9204);
#2855=VERTEX_POINT('',#9210);
#2856=VERTEX_POINT('',#9216);
#2857=VERTEX_POINT('',#9222);
#2858=VERTEX_POINT('',#9228);
#2859=VERTEX_POINT('',#9234);
#2860=VERTEX_POINT('',#9240);
#2861=VERTEX_POINT('',#9257);
#2862=VERTEX_POINT('',#9259);
#2863=VERTEX_POINT('',#9276);
#2864=VERTEX_POINT('',#9293);
#2865=VERTEX_POINT('',#9310);
#2866=VERTEX_POINT('',#9318);
#2867=VERTEX_POINT('',#9322);
#2868=VERTEX_POINT('',#9326);
#2869=VERTEX_POINT('',#9339);
#2870=VERTEX_POINT('',#9356);
#2871=VERTEX_POINT('',#9373);
#2872=VERTEX_POINT('',#9390);
#2873=VERTEX_POINT('',#9407);
#2874=VERTEX_POINT('',#9424);
#2875=VERTEX_POINT('',#9441);
#2876=VERTEX_POINT('',#9458);
#2877=VERTEX_POINT('',#9475);
#2878=VERTEX_POINT('',#9492);
#2879=VERTEX_POINT('',#9509);
#2880=VERTEX_POINT('',#9526);
#2881=VERTEX_POINT('',#9534);
#2882=VERTEX_POINT('',#9553);
#2883=VERTEX_POINT('',#9554);
#2884=VERTEX_POINT('',#9556);
#2885=VERTEX_POINT('',#9558);
#2886=VERTEX_POINT('',#9562);
#2887=VERTEX_POINT('',#9564);
#2888=VERTEX_POINT('',#9568);
#2889=VERTEX_POINT('',#9572);
#2890=VERTEX_POINT('',#9578);
#2891=VERTEX_POINT('',#9579);
#2892=VERTEX_POINT('',#9581);
#2893=VERTEX_POINT('',#9587);
#2894=VERTEX_POINT('',#9593);
#2895=VERTEX_POINT('',#9599);
#2896=VERTEX_POINT('',#9605);
#2897=VERTEX_POINT('',#9611);
#2898=VERTEX_POINT('',#9613);
#2899=VERTEX_POINT('',#9615);
#2900=VERTEX_POINT('',#9617);
#2901=VERTEX_POINT('',#9623);
#2902=VERTEX_POINT('',#9629);
#2903=VERTEX_POINT('',#9635);
#2904=VERTEX_POINT('',#9641);
#2905=VERTEX_POINT('',#9647);
#2906=VERTEX_POINT('',#9649);
#2907=VERTEX_POINT('',#9651);
#2908=VERTEX_POINT('',#9655);
#2909=VERTEX_POINT('',#9657);
#2910=VERTEX_POINT('',#9670);
#2911=VERTEX_POINT('',#9687);
#2912=VERTEX_POINT('',#9704);
#2913=VERTEX_POINT('',#9721);
#2914=VERTEX_POINT('',#9738);
#2915=VERTEX_POINT('',#9746);
#2916=VERTEX_POINT('',#9750);
#2917=VERTEX_POINT('',#9754);
#2918=VERTEX_POINT('',#9767);
#2919=VERTEX_POINT('',#9784);
#2920=VERTEX_POINT('',#9801);
#2921=VERTEX_POINT('',#9818);
#2922=VERTEX_POINT('',#9835);
#2923=VERTEX_POINT('',#9843);
#2924=VERTEX_POINT('',#9847);
#2925=VERTEX_POINT('',#9851);
#2926=VERTEX_POINT('',#9857);
#2927=VERTEX_POINT('',#9858);
#2928=VERTEX_POINT('',#9864);
#2929=VERTEX_POINT('',#9870);
#2930=VERTEX_POINT('',#9876);
#2931=VERTEX_POINT('',#9882);
#2932=VERTEX_POINT('',#9888);
#2933=VERTEX_POINT('',#9894);
#2934=VERTEX_POINT('',#9900);
#2935=VERTEX_POINT('',#9906);
#2936=VERTEX_POINT('',#9912);
#2937=VERTEX_POINT('',#9914);
#2938=VERTEX_POINT('',#9920);
#2939=VERTEX_POINT('',#9926);
#2940=VERTEX_POINT('',#9932);
#2941=VERTEX_POINT('',#9938);
#2942=VERTEX_POINT('',#9944);
#2943=VERTEX_POINT('',#9950);
#2944=VERTEX_POINT('',#9956);
#2945=VERTEX_POINT('',#9962);
#2946=VERTEX_POINT('',#9968);
#2947=VERTEX_POINT('',#9974);
#2948=VERTEX_POINT('',#9991);
#2949=VERTEX_POINT('',#9993);
#2950=VERTEX_POINT('',#10010);
#2951=VERTEX_POINT('',#10027);
#2952=VERTEX_POINT('',#10044);
#2953=VERTEX_POINT('',#10061);
#2954=VERTEX_POINT('',#10078);
#2955=VERTEX_POINT('',#10095);
#2956=VERTEX_POINT('',#10112);
#2957=VERTEX_POINT('',#10129);
#2958=VERTEX_POINT('',#10137);
#2959=VERTEX_POINT('',#10150);
#2960=VERTEX_POINT('',#10167);
#2961=VERTEX_POINT('',#10184);
#2962=VERTEX_POINT('',#10201);
#2963=VERTEX_POINT('',#10218);
#2964=VERTEX_POINT('',#10235);
#2965=VERTEX_POINT('',#10252);
#2966=VERTEX_POINT('',#10269);
#2967=VERTEX_POINT('',#10286);
#2968=VERTEX_POINT('',#10303);
#2969=VERTEX_POINT('',#10311);
#2970=VERTEX_POINT('',#10330);
#2971=VERTEX_POINT('',#10331);
#2972=VERTEX_POINT('',#10333);
#2973=VERTEX_POINT('',#10335);
#2974=VERTEX_POINT('',#10339);
#2975=VERTEX_POINT('',#10341);
#2976=VERTEX_POINT('',#10345);
#2977=VERTEX_POINT('',#10349);
#2978=VERTEX_POINT('',#10355);
#2979=VERTEX_POINT('',#10356);
#2980=VERTEX_POINT('',#10362);
#2981=VERTEX_POINT('',#10368);
#2982=VERTEX_POINT('',#10374);
#2983=VERTEX_POINT('',#10380);
#2984=VERTEX_POINT('',#10382);
#2985=VERTEX_POINT('',#10384);
#2986=VERTEX_POINT('',#10386);
#2987=VERTEX_POINT('',#10392);
#2988=VERTEX_POINT('',#10398);
#2989=VERTEX_POINT('',#10404);
#2990=VERTEX_POINT('',#10410);
#2991=VERTEX_POINT('',#10416);
#2992=VERTEX_POINT('',#10422);
#2993=VERTEX_POINT('',#10428);
#2994=VERTEX_POINT('',#10434);
#2995=VERTEX_POINT('',#10440);
#2996=VERTEX_POINT('',#10446);
#2997=VERTEX_POINT('',#10452);
#2998=VERTEX_POINT('',#10458);
#2999=VERTEX_POINT('',#10475);
#3000=VERTEX_POINT('',#10477);
#3001=VERTEX_POINT('',#10494);
#3002=VERTEX_POINT('',#10511);
#3003=VERTEX_POINT('',#10528);
#3004=VERTEX_POINT('',#10536);
#3005=VERTEX_POINT('',#10540);
#3006=VERTEX_POINT('',#10544);
#3007=VERTEX_POINT('',#10557);
#3008=VERTEX_POINT('',#10574);
#3009=VERTEX_POINT('',#10591);
#3010=VERTEX_POINT('',#10608);
#3011=VERTEX_POINT('',#10625);
#3012=VERTEX_POINT('',#10642);
#3013=VERTEX_POINT('',#10659);
#3014=VERTEX_POINT('',#10676);
#3015=VERTEX_POINT('',#10693);
#3016=VERTEX_POINT('',#10710);
#3017=VERTEX_POINT('',#10727);
#3018=VERTEX_POINT('',#10744);
#3019=VERTEX_POINT('',#10752);
#3020=VERTEX_POINT('',#10771);
#3021=VERTEX_POINT('',#10772);
#3022=VERTEX_POINT('',#10774);
#3023=VERTEX_POINT('',#10780);
#3024=VERTEX_POINT('',#10786);
#3025=VERTEX_POINT('',#10792);
#3026=VERTEX_POINT('',#10798);
#3027=VERTEX_POINT('',#10800);
#3028=VERTEX_POINT('',#10806);
#3029=VERTEX_POINT('',#10812);
#3030=VERTEX_POINT('',#10818);
#3031=VERTEX_POINT('',#10820);
#3032=VERTEX_POINT('',#10822);
#3033=VERTEX_POINT('',#10826);
#3034=VERTEX_POINT('',#10828);
#3035=VERTEX_POINT('',#10841);
#3036=VERTEX_POINT('',#10858);
#3037=VERTEX_POINT('',#10875);
#3038=VERTEX_POINT('',#10892);
#3039=VERTEX_POINT('',#10900);
#3040=VERTEX_POINT('',#10913);
#3041=VERTEX_POINT('',#10930);
#3042=VERTEX_POINT('',#10947);
#3043=VERTEX_POINT('',#10955);
#3044=VERTEX_POINT('',#10959);
#3045=VERTEX_POINT('',#10963);
#3046=VERTEX_POINT('',#10969);
#3047=VERTEX_POINT('',#10970);
#3048=VERTEX_POINT('',#10972);
#3049=VERTEX_POINT('',#10978);
#3050=VERTEX_POINT('',#10984);
#3051=VERTEX_POINT('',#10990);
#3052=VERTEX_POINT('',#10996);
#3053=VERTEX_POINT('',#11002);
#3054=VERTEX_POINT('',#11004);
#3055=VERTEX_POINT('',#11006);
#3056=VERTEX_POINT('',#11008);
#3057=VERTEX_POINT('',#11014);
#3058=VERTEX_POINT('',#11020);
#3059=VERTEX_POINT('',#11026);
#3060=VERTEX_POINT('',#11032);
#3061=VERTEX_POINT('',#11034);
#3062=VERTEX_POINT('',#11036);
#3063=VERTEX_POINT('',#11040);
#3064=VERTEX_POINT('',#11042);
#3065=VERTEX_POINT('',#11055);
#3066=VERTEX_POINT('',#11072);
#3067=VERTEX_POINT('',#11089);
#3068=VERTEX_POINT('',#11106);
#3069=VERTEX_POINT('',#11123);
#3070=VERTEX_POINT('',#11131);
#3071=VERTEX_POINT('',#11135);
#3072=VERTEX_POINT('',#11139);
#3073=VERTEX_POINT('',#11152);
#3074=VERTEX_POINT('',#11169);
#3075=VERTEX_POINT('',#11186);
#3076=VERTEX_POINT('',#11203);
#3077=VERTEX_POINT('',#11211);
#3078=VERTEX_POINT('',#11215);
#3079=VERTEX_POINT('',#11219);
#3080=VERTEX_POINT('',#11225);
#3081=VERTEX_POINT('',#11226);
#3082=VERTEX_POINT('',#11228);
#3083=VERTEX_POINT('',#11230);
#3084=VERTEX_POINT('',#11234);
#3085=VERTEX_POINT('',#11236);
#3086=VERTEX_POINT('',#11240);
#3087=VERTEX_POINT('',#11242);
#3088=VERTEX_POINT('',#11249);
#3089=VERTEX_POINT('',#11250);
#3090=VERTEX_POINT('',#11252);
#3091=VERTEX_POINT('',#11254);
#3092=VERTEX_POINT('',#11258);
#3093=VERTEX_POINT('',#11260);
#3094=VERTEX_POINT('',#11264);
#3095=VERTEX_POINT('',#11268);
#3096=VERTEX_POINT('',#11274);
#3097=VERTEX_POINT('',#11275);
#3098=VERTEX_POINT('',#11277);
#3099=VERTEX_POINT('',#11279);
#3100=VERTEX_POINT('',#11283);
#3101=VERTEX_POINT('',#11285);
#3102=VERTEX_POINT('',#11289);
#3103=VERTEX_POINT('',#11293);
#3104=VERTEX_POINT('',#11299);
#3105=VERTEX_POINT('',#11300);
#3106=VERTEX_POINT('',#11306);
#3107=VERTEX_POINT('',#11312);
#3108=VERTEX_POINT('',#11318);
#3109=VERTEX_POINT('',#11324);
#3110=VERTEX_POINT('',#11330);
#3111=VERTEX_POINT('',#11336);
#3112=VERTEX_POINT('',#11342);
#3113=VERTEX_POINT('',#11344);
#3114=VERTEX_POINT('',#11350);
#3115=VERTEX_POINT('',#11356);
#3116=VERTEX_POINT('',#11362);
#3117=VERTEX_POINT('',#11368);
#3118=VERTEX_POINT('',#11374);
#3119=VERTEX_POINT('',#11380);
#3120=VERTEX_POINT('',#11386);
#3121=VERTEX_POINT('',#11392);
#3122=VERTEX_POINT('',#11398);
#3123=VERTEX_POINT('',#11415);
#3124=VERTEX_POINT('',#11417);
#3125=VERTEX_POINT('',#11434);
#3126=VERTEX_POINT('',#11451);
#3127=VERTEX_POINT('',#11468);
#3128=VERTEX_POINT('',#11485);
#3129=VERTEX_POINT('',#11502);
#3130=VERTEX_POINT('',#11519);
#3131=VERTEX_POINT('',#11527);
#3132=VERTEX_POINT('',#11540);
#3133=VERTEX_POINT('',#11557);
#3134=VERTEX_POINT('',#11574);
#3135=VERTEX_POINT('',#11591);
#3136=VERTEX_POINT('',#11608);
#3137=VERTEX_POINT('',#11625);
#3138=VERTEX_POINT('',#11642);
#3139=VERTEX_POINT('',#11659);
#3140=VERTEX_POINT('',#11676);
#3141=VERTEX_POINT('',#11684);
#3142=VERTEX_POINT('',#11703);
#3143=VERTEX_POINT('',#11704);
#3144=VERTEX_POINT('',#11710);
#3145=VERTEX_POINT('',#11716);
#3146=VERTEX_POINT('',#11722);
#3147=VERTEX_POINT('',#11728);
#3148=VERTEX_POINT('',#11734);
#3149=VERTEX_POINT('',#11740);
#3150=VERTEX_POINT('',#11746);
#3151=VERTEX_POINT('',#11752);
#3152=VERTEX_POINT('',#11758);
#3153=VERTEX_POINT('',#11764);
#3154=VERTEX_POINT('',#11770);
#3155=VERTEX_POINT('',#11776);
#3156=VERTEX_POINT('',#11782);
#3157=VERTEX_POINT('',#11788);
#3158=VERTEX_POINT('',#11790);
#3159=VERTEX_POINT('',#11796);
#3160=VERTEX_POINT('',#11802);
#3161=VERTEX_POINT('',#11808);
#3162=VERTEX_POINT('',#11814);
#3163=VERTEX_POINT('',#11820);
#3164=VERTEX_POINT('',#11826);
#3165=VERTEX_POINT('',#11832);
#3166=VERTEX_POINT('',#11838);
#3167=VERTEX_POINT('',#11844);
#3168=VERTEX_POINT('',#11850);
#3169=VERTEX_POINT('',#11856);
#3170=VERTEX_POINT('',#11862);
#3171=VERTEX_POINT('',#11868);
#3172=VERTEX_POINT('',#11874);
#3173=VERTEX_POINT('',#11880);
#3174=VERTEX_POINT('',#11886);
#3175=VERTEX_POINT('',#11892);
#3176=VERTEX_POINT('',#11898);
#3177=VERTEX_POINT('',#11915);
#3178=VERTEX_POINT('',#11917);
#3179=VERTEX_POINT('',#11934);
#3180=VERTEX_POINT('',#11951);
#3181=VERTEX_POINT('',#11968);
#3182=VERTEX_POINT('',#11985);
#3183=VERTEX_POINT('',#12002);
#3184=VERTEX_POINT('',#12019);
#3185=VERTEX_POINT('',#12036);
#3186=VERTEX_POINT('',#12053);
#3187=VERTEX_POINT('',#12070);
#3188=VERTEX_POINT('',#12087);
#3189=VERTEX_POINT('',#12104);
#3190=VERTEX_POINT('',#12121);
#3191=VERTEX_POINT('',#12138);
#3192=VERTEX_POINT('',#12146);
#3193=VERTEX_POINT('',#12159);
#3194=VERTEX_POINT('',#12176);
#3195=VERTEX_POINT('',#12193);
#3196=VERTEX_POINT('',#12210);
#3197=VERTEX_POINT('',#12227);
#3198=VERTEX_POINT('',#12244);
#3199=VERTEX_POINT('',#12261);
#3200=VERTEX_POINT('',#12278);
#3201=VERTEX_POINT('',#12295);
#3202=VERTEX_POINT('',#12312);
#3203=VERTEX_POINT('',#12329);
#3204=VERTEX_POINT('',#12346);
#3205=VERTEX_POINT('',#12363);
#3206=VERTEX_POINT('',#12380);
#3207=VERTEX_POINT('',#12397);
#3208=VERTEX_POINT('',#12414);
#3209=VERTEX_POINT('',#12431);
#3210=VERTEX_POINT('',#12448);
#3211=VERTEX_POINT('',#12456);
#3212=VERTEX_POINT('',#12475);
#3213=VERTEX_POINT('',#12476);
#3214=VERTEX_POINT('',#12482);
#3215=VERTEX_POINT('',#12488);
#3216=VERTEX_POINT('',#12494);
#3217=VERTEX_POINT('',#12496);
#3218=VERTEX_POINT('',#12498);
#3219=VERTEX_POINT('',#12500);
#3220=VERTEX_POINT('',#12502);
#3221=VERTEX_POINT('',#12504);
#3222=VERTEX_POINT('',#12506);
#3223=VERTEX_POINT('',#12508);
#3224=VERTEX_POINT('',#12510);
#3225=VERTEX_POINT('',#12512);
#3226=VERTEX_POINT('',#12514);
#3227=VERTEX_POINT('',#12516);
#3228=VERTEX_POINT('',#12522);
#3229=VERTEX_POINT('',#12528);
#3230=VERTEX_POINT('',#12534);
#3231=VERTEX_POINT('',#12540);
#3232=VERTEX_POINT('',#12557);
#3233=VERTEX_POINT('',#12559);
#3234=VERTEX_POINT('',#12576);
#3235=VERTEX_POINT('',#12593);
#3236=VERTEX_POINT('',#12601);
#3237=VERTEX_POINT('',#12605);
#3238=VERTEX_POINT('',#12609);
#3239=VERTEX_POINT('',#12613);
#3240=VERTEX_POINT('',#12617);
#3241=VERTEX_POINT('',#12621);
#3242=VERTEX_POINT('',#12625);
#3243=VERTEX_POINT('',#12629);
#3244=VERTEX_POINT('',#12633);
#3245=VERTEX_POINT('',#12637);
#3246=VERTEX_POINT('',#12641);
#3247=VERTEX_POINT('',#12654);
#3248=VERTEX_POINT('',#12671);
#3249=VERTEX_POINT('',#12688);
#3250=VERTEX_POINT('',#12705);
#3251=VERTEX_POINT('',#12713);
#3252=VERTEX_POINT('',#12732);
#3253=VERTEX_POINT('',#12733);
#3254=VERTEX_POINT('',#12735);
#3255=VERTEX_POINT('',#12741);
#3256=VERTEX_POINT('',#12747);
#3257=VERTEX_POINT('',#12753);
#3258=VERTEX_POINT('',#12759);
#3259=VERTEX_POINT('',#12765);
#3260=VERTEX_POINT('',#12767);
#3261=VERTEX_POINT('',#12769);
#3262=VERTEX_POINT('',#12771);
#3263=VERTEX_POINT('',#12777);
#3264=VERTEX_POINT('',#12783);
#3265=VERTEX_POINT('',#12789);
#3266=VERTEX_POINT('',#12795);
#3267=VERTEX_POINT('',#12797);
#3268=VERTEX_POINT('',#12799);
#3269=VERTEX_POINT('',#12803);
#3270=VERTEX_POINT('',#12805);
#3271=VERTEX_POINT('',#12818);
#3272=VERTEX_POINT('',#12835);
#3273=VERTEX_POINT('',#12852);
#3274=VERTEX_POINT('',#12869);
#3275=VERTEX_POINT('',#12886);
#3276=VERTEX_POINT('',#12894);
#3277=VERTEX_POINT('',#12898);
#3278=VERTEX_POINT('',#12902);
#3279=VERTEX_POINT('',#12915);
#3280=VERTEX_POINT('',#12932);
#3281=VERTEX_POINT('',#12949);
#3282=VERTEX_POINT('',#12966);
#3283=VERTEX_POINT('',#12974);
#3284=VERTEX_POINT('',#12978);
#3285=VERTEX_POINT('',#12982);
#3286=VERTEX_POINT('',#12988);
#3287=VERTEX_POINT('',#12989);
#3288=VERTEX_POINT('',#12991);
#3289=VERTEX_POINT('',#12993);
#3290=VERTEX_POINT('',#12995);
#3291=VERTEX_POINT('',#12997);
#3292=VERTEX_POINT('',#12999);
#3293=VERTEX_POINT('',#13001);
#3294=VERTEX_POINT('',#13003);
#3295=VERTEX_POINT('',#13005);
#3296=VERTEX_POINT('',#13007);
#3297=VERTEX_POINT('',#13009);
#3298=VERTEX_POINT('',#13011);
#3299=VERTEX_POINT('',#13013);
#3300=VERTEX_POINT('',#13019);
#3301=VERTEX_POINT('',#13021);
#3302=VERTEX_POINT('',#13023);
#3303=VERTEX_POINT('',#13025);
#3304=VERTEX_POINT('',#13029);
#3305=VERTEX_POINT('',#13031);
#3306=VERTEX_POINT('',#13035);
#3307=VERTEX_POINT('',#13039);
#3308=VERTEX_POINT('',#13043);
#3309=VERTEX_POINT('',#13047);
#3310=VERTEX_POINT('',#13051);
#3311=VERTEX_POINT('',#13055);
#3312=VERTEX_POINT('',#13059);
#3313=VERTEX_POINT('',#13063);
#3314=VERTEX_POINT('',#13067);
#3315=VERTEX_POINT('',#13071);
#3316=VERTEX_POINT('',#13075);
#3317=VERTEX_POINT('',#13088);
#3318=VERTEX_POINT('',#13096);
#3319=VERTEX_POINT('',#13100);
#3320=VERTEX_POINT('',#13104);
#3321=VERTEX_POINT('',#13108);
#3322=VERTEX_POINT('',#13114);
#3323=VERTEX_POINT('',#13115);
#3324=VERTEX_POINT('',#13117);
#3325=VERTEX_POINT('',#13119);
#3326=VERTEX_POINT('',#13123);
#3327=VERTEX_POINT('',#13125);
#3328=VERTEX_POINT('',#13129);
#3329=VERTEX_POINT('',#13131);
#3330=VERTEX_POINT('',#13138);
#3331=VERTEX_POINT('',#13140);
#3332=VERTEX_POINT('',#13144);
#3333=VERTEX_POINT('',#13148);
#3334=VERTEX_POINT('',#13152);
#3335=VERTEX_POINT('',#13156);
#3336=VERTEX_POINT('',#13163);
#3337=VERTEX_POINT('',#13165);
#3338=VERTEX_POINT('',#13169);
#3339=VERTEX_POINT('',#13173);
#3340=VERTEX_POINT('',#13177);
#3341=VERTEX_POINT('',#13181);
#3342=EDGE_CURVE('',#2686,#2687,#1554,.T.);
#3343=EDGE_CURVE('',#2686,#2688,#1530,.T.);
#3344=EDGE_CURVE('',#2689,#2688,#1555,.T.);
#3345=EDGE_CURVE('',#2687,#2689,#1531,.T.);
#3346=EDGE_CURVE('',#2688,#2686,#1556,.T.);
#3347=EDGE_CURVE('',#2690,#2690,#1532,.T.);
#3348=EDGE_CURVE('',#2690,#2691,#1557,.T.);
#3349=EDGE_CURVE('',#2691,#2691,#1533,.T.);
#3350=EDGE_CURVE('',#2692,#2693,#1558,.T.);
#3351=EDGE_CURVE('',#2692,#2694,#1534,.T.);
#3352=EDGE_CURVE('',#2695,#2694,#1559,.T.);
#3353=EDGE_CURVE('',#2693,#2695,#1535,.T.);
#3354=EDGE_CURVE('',#2694,#2692,#1560,.T.);
#3355=EDGE_CURVE('',#2696,#2697,#1561,.T.);
#3356=EDGE_CURVE('',#2696,#2698,#1536,.T.);
#3357=EDGE_CURVE('',#2699,#2698,#1562,.T.);
#3358=EDGE_CURVE('',#2697,#2699,#1537,.T.);
#3359=EDGE_CURVE('',#2698,#2696,#1563,.T.);
#3360=EDGE_CURVE('',#2700,#2700,#1538,.T.);
#3361=EDGE_CURVE('',#2700,#2701,#1564,.T.);
#3362=EDGE_CURVE('',#2701,#2701,#1539,.T.);
#3363=EDGE_CURVE('',#2702,#2702,#1540,.T.);
#3364=EDGE_CURVE('',#2702,#2703,#1565,.T.);
#3365=EDGE_CURVE('',#2703,#2703,#1541,.T.);
#3366=EDGE_CURVE('',#2704,#2705,#1566,.T.);
#3367=EDGE_CURVE('',#2704,#2706,#1542,.T.);
#3368=EDGE_CURVE('',#2707,#2706,#1567,.T.);
#3369=EDGE_CURVE('',#2705,#2707,#1543,.T.);
#3370=EDGE_CURVE('',#2706,#2704,#1568,.T.);
#3371=EDGE_CURVE('',#2708,#2708,#1544,.T.);
#3372=EDGE_CURVE('',#2708,#2709,#1569,.T.);
#3373=EDGE_CURVE('',#2709,#2709,#1545,.T.);
#3374=EDGE_CURVE('',#2710,#2710,#1546,.T.);
#3375=EDGE_CURVE('',#2710,#2711,#1570,.T.);
#3376=EDGE_CURVE('',#2711,#2711,#1547,.T.);
#3377=EDGE_CURVE('',#2712,#2713,#1571,.T.);
#3378=EDGE_CURVE('',#2712,#2714,#1548,.T.);
#3379=EDGE_CURVE('',#2715,#2714,#1572,.T.);
#3380=EDGE_CURVE('',#2713,#2715,#1549,.T.);
#3381=EDGE_CURVE('',#2714,#2712,#1573,.T.);
#3382=EDGE_CURVE('',#2716,#2717,#1574,.T.);
#3383=EDGE_CURVE('',#2716,#2718,#1550,.T.);
#3384=EDGE_CURVE('',#2719,#2718,#1575,.T.);
#3385=EDGE_CURVE('',#2717,#2719,#1551,.T.);
#3386=EDGE_CURVE('',#2718,#2716,#1576,.T.);
#3387=EDGE_CURVE('',#2720,#2720,#1552,.T.);
#3388=EDGE_CURVE('',#2720,#2721,#1577,.T.);
#3389=EDGE_CURVE('',#2721,#2721,#1553,.T.);
#3390=EDGE_CURVE('',#2722,#2699,#1578,.T.);
#3391=EDGE_CURVE('',#2723,#2722,#1579,.T.);
#3392=EDGE_CURVE('',#2705,#2723,#1580,.T.);
#3393=EDGE_CURVE('',#2724,#2707,#1581,.T.);
#3394=EDGE_CURVE('',#2725,#2724,#1582,.T.);
#3395=EDGE_CURVE('',#2726,#2725,#1583,.T.);
#3396=EDGE_CURVE('',#2727,#2726,#1584,.T.);
#3397=EDGE_CURVE('',#2697,#2727,#1585,.T.);
#3398=EDGE_CURVE('',#2689,#2728,#1586,.T.);
#3399=EDGE_CURVE('',#2728,#2729,#1587,.T.);
#3400=EDGE_CURVE('',#2729,#2693,#1588,.T.);
#3401=EDGE_CURVE('',#2695,#2730,#1589,.T.);
#3402=EDGE_CURVE('',#2730,#2713,#1590,.T.);
#3403=EDGE_CURVE('',#2715,#2731,#1591,.T.);
#3404=EDGE_CURVE('',#2731,#2732,#1592,.T.);
#3405=EDGE_CURVE('',#2732,#2717,#1593,.T.);
#3406=EDGE_CURVE('',#2719,#2733,#1594,.T.);
#3407=EDGE_CURVE('',#2733,#2687,#1595,.T.);
#3408=EDGE_CURVE('',#2734,#2735,#23,.T.);
#3409=EDGE_CURVE('',#2735,#2736,#1596,.T.);
#3410=EDGE_CURVE('',#2737,#2736,#24,.T.);
#3411=EDGE_CURVE('',#2734,#2737,#1597,.T.);
#3412=EDGE_CURVE('',#2738,#2734,#25,.T.);
#3413=EDGE_CURVE('',#2739,#2737,#26,.T.);
#3414=EDGE_CURVE('',#2738,#2739,#1598,.T.);
#3415=EDGE_CURVE('',#2740,#2738,#27,.T.);
#3416=EDGE_CURVE('',#2741,#2739,#28,.T.);
#3417=EDGE_CURVE('',#2740,#2741,#1599,.T.);
#3418=EDGE_CURVE('',#2742,#2740,#29,.T.);
#3419=EDGE_CURVE('',#2743,#2741,#30,.T.);
#3420=EDGE_CURVE('',#2742,#2743,#1600,.T.);
#3421=EDGE_CURVE('',#2735,#2744,#31,.T.);
#3422=EDGE_CURVE('',#2744,#2745,#1601,.T.);
#3423=EDGE_CURVE('',#2736,#2745,#32,.T.);
#3424=EDGE_CURVE('',#2744,#2746,#33,.T.);
#3425=EDGE_CURVE('',#2746,#2747,#1602,.T.);
#3426=EDGE_CURVE('',#2745,#2747,#34,.T.);
#3427=EDGE_CURVE('',#2746,#2748,#35,.T.);
#3428=EDGE_CURVE('',#2748,#2749,#1603,.T.);
#3429=EDGE_CURVE('',#2747,#2749,#36,.T.);
#3430=EDGE_CURVE('',#2748,#2742,#37,.T.);
#3431=EDGE_CURVE('',#2749,#2743,#38,.T.);
#3432=EDGE_CURVE('',#2750,#2751,#39,.T.);
#3433=EDGE_CURVE('',#2751,#2752,#1604,.T.);
#3434=EDGE_CURVE('',#2753,#2752,#40,.T.);
#3435=EDGE_CURVE('',#2750,#2753,#1605,.T.);
#3436=EDGE_CURVE('',#2754,#2750,#41,.T.);
#3437=EDGE_CURVE('',#2755,#2753,#42,.T.);
#3438=EDGE_CURVE('',#2754,#2755,#1606,.T.);
#3439=EDGE_CURVE('',#2756,#2754,#43,.T.);
#3440=EDGE_CURVE('',#2757,#2755,#44,.T.);
#3441=EDGE_CURVE('',#2756,#2757,#1607,.T.);
#3442=EDGE_CURVE('',#2758,#2756,#45,.T.);
#3443=EDGE_CURVE('',#2759,#2757,#46,.T.);
#3444=EDGE_CURVE('',#2758,#2759,#1608,.T.);
#3445=EDGE_CURVE('',#2760,#2758,#1609,.T.);
#3446=EDGE_CURVE('',#2761,#2759,#1610,.T.);
#3447=EDGE_CURVE('',#2760,#2761,#1611,.T.);
#3448=EDGE_CURVE('',#2751,#2762,#47,.T.);
#3449=EDGE_CURVE('',#2762,#2763,#1612,.T.);
#3450=EDGE_CURVE('',#2752,#2763,#48,.T.);
#3451=EDGE_CURVE('',#2762,#2764,#49,.T.);
#3452=EDGE_CURVE('',#2764,#2765,#1613,.T.);
#3453=EDGE_CURVE('',#2763,#2765,#50,.T.);
#3454=EDGE_CURVE('',#2764,#2766,#51,.T.);
#3455=EDGE_CURVE('',#2766,#2767,#1614,.T.);
#3456=EDGE_CURVE('',#2765,#2767,#52,.T.);
#3457=EDGE_CURVE('',#2766,#2768,#53,.T.);
#3458=EDGE_CURVE('',#2768,#2769,#1615,.T.);
#3459=EDGE_CURVE('',#2767,#2769,#54,.T.);
#3460=EDGE_CURVE('',#2768,#2760,#55,.T.);
#3461=EDGE_CURVE('',#2769,#2761,#56,.T.);
#3462=EDGE_CURVE('',#2770,#2771,#57,.T.);
#3463=EDGE_CURVE('',#2771,#2772,#1616,.T.);
#3464=EDGE_CURVE('',#2773,#2772,#58,.T.);
#3465=EDGE_CURVE('',#2770,#2773,#1617,.T.);
#3466=EDGE_CURVE('',#2774,#2770,#59,.T.);
#3467=EDGE_CURVE('',#2775,#2773,#60,.T.);
#3468=EDGE_CURVE('',#2774,#2775,#1618,.T.);
#3469=EDGE_CURVE('',#2776,#2774,#61,.T.);
#3470=EDGE_CURVE('',#2777,#2775,#62,.T.);
#3471=EDGE_CURVE('',#2776,#2777,#1619,.T.);
#3472=EDGE_CURVE('',#2778,#2776,#63,.T.);
#3473=EDGE_CURVE('',#2779,#2777,#64,.T.);
#3474=EDGE_CURVE('',#2778,#2779,#1620,.T.);
#3475=EDGE_CURVE('',#2771,#2780,#65,.T.);
#3476=EDGE_CURVE('',#2780,#2781,#1621,.T.);
#3477=EDGE_CURVE('',#2772,#2781,#66,.T.);
#3478=EDGE_CURVE('',#2780,#2782,#67,.T.);
#3479=EDGE_CURVE('',#2782,#2783,#1622,.T.);
#3480=EDGE_CURVE('',#2781,#2783,#68,.T.);
#3481=EDGE_CURVE('',#2782,#2784,#69,.T.);
#3482=EDGE_CURVE('',#2784,#2785,#1623,.T.);
#3483=EDGE_CURVE('',#2783,#2785,#70,.T.);
#3484=EDGE_CURVE('',#2784,#2778,#71,.T.);
#3485=EDGE_CURVE('',#2785,#2779,#72,.T.);
#3486=EDGE_CURVE('',#2786,#2787,#1624,.T.);
#3487=EDGE_CURVE('',#2788,#2786,#73,.T.);
#3488=EDGE_CURVE('',#2789,#2788,#74,.T.);
#3489=EDGE_CURVE('',#2790,#2789,#1625,.T.);
#3490=EDGE_CURVE('',#2791,#2790,#75,.T.);
#3491=EDGE_CURVE('',#2792,#2791,#76,.T.);
#3492=EDGE_CURVE('',#2793,#2792,#77,.T.);
#3493=EDGE_CURVE('',#2794,#2793,#78,.T.);
#3494=EDGE_CURVE('',#2795,#2794,#79,.T.);
#3495=EDGE_CURVE('',#2796,#2795,#80,.T.);
#3496=EDGE_CURVE('',#2797,#2796,#81,.T.);
#3497=EDGE_CURVE('',#2798,#2797,#1626,.T.);
#3498=EDGE_CURVE('',#2799,#2798,#82,.T.);
#3499=EDGE_CURVE('',#2800,#2799,#83,.T.);
#3500=EDGE_CURVE('',#2801,#2800,#84,.T.);
#3501=EDGE_CURVE('',#2802,#2801,#85,.T.);
#3502=EDGE_CURVE('',#2803,#2802,#86,.T.);
#3503=EDGE_CURVE('',#2804,#2803,#87,.T.);
#3504=EDGE_CURVE('',#2805,#2804,#88,.T.);
#3505=EDGE_CURVE('',#2806,#2805,#89,.T.);
#3506=EDGE_CURVE('',#2807,#2806,#90,.T.);
#3507=EDGE_CURVE('',#2808,#2807,#91,.T.);
#3508=EDGE_CURVE('',#2809,#2808,#92,.T.);
#3509=EDGE_CURVE('',#2810,#2809,#93,.T.);
#3510=EDGE_CURVE('',#2811,#2810,#94,.T.);
#3511=EDGE_CURVE('',#2812,#2811,#95,.T.);
#3512=EDGE_CURVE('',#2787,#2812,#96,.T.);
#3513=EDGE_CURVE('',#2787,#2813,#1627,.T.);
#3514=EDGE_CURVE('',#2814,#2813,#1628,.T.);
#3515=EDGE_CURVE('',#2786,#2814,#1629,.T.);
#3516=EDGE_CURVE('',#2815,#2814,#97,.T.);
#3517=EDGE_CURVE('',#2788,#2815,#1630,.T.);
#3518=EDGE_CURVE('',#2816,#2815,#98,.T.);
#3519=EDGE_CURVE('',#2789,#2816,#1631,.T.);
#3520=EDGE_CURVE('',#2817,#2816,#1632,.T.);
#3521=EDGE_CURVE('',#2790,#2817,#1633,.T.);
#3522=EDGE_CURVE('',#2818,#2817,#99,.T.);
#3523=EDGE_CURVE('',#2791,#2818,#1634,.T.);
#3524=EDGE_CURVE('',#2819,#2818,#100,.T.);
#3525=EDGE_CURVE('',#2792,#2819,#1635,.T.);
#3526=EDGE_CURVE('',#2820,#2819,#101,.T.);
#3527=EDGE_CURVE('',#2793,#2820,#1636,.T.);
#3528=EDGE_CURVE('',#2821,#2820,#102,.T.);
#3529=EDGE_CURVE('',#2794,#2821,#1637,.T.);
#3530=EDGE_CURVE('',#2822,#2821,#103,.T.);
#3531=EDGE_CURVE('',#2795,#2822,#1638,.T.);
#3532=EDGE_CURVE('',#2823,#2822,#104,.T.);
#3533=EDGE_CURVE('',#2796,#2823,#1639,.T.);
#3534=EDGE_CURVE('',#2824,#2823,#105,.T.);
#3535=EDGE_CURVE('',#2797,#2824,#1640,.T.);
#3536=EDGE_CURVE('',#2825,#2824,#1641,.T.);
#3537=EDGE_CURVE('',#2798,#2825,#1642,.T.);
#3538=EDGE_CURVE('',#2826,#2825,#106,.T.);
#3539=EDGE_CURVE('',#2799,#2826,#1643,.T.);
#3540=EDGE_CURVE('',#2827,#2826,#107,.T.);
#3541=EDGE_CURVE('',#2800,#2827,#1644,.T.);
#3542=EDGE_CURVE('',#2828,#2827,#108,.T.);
#3543=EDGE_CURVE('',#2801,#2828,#1645,.T.);
#3544=EDGE_CURVE('',#2829,#2828,#109,.T.);
#3545=EDGE_CURVE('',#2802,#2829,#1646,.T.);
#3546=EDGE_CURVE('',#2830,#2829,#110,.T.);
#3547=EDGE_CURVE('',#2803,#2830,#1647,.T.);
#3548=EDGE_CURVE('',#2831,#2830,#111,.T.);
#3549=EDGE_CURVE('',#2804,#2831,#1648,.T.);
#3550=EDGE_CURVE('',#2832,#2831,#112,.T.);
#3551=EDGE_CURVE('',#2805,#2832,#1649,.T.);
#3552=EDGE_CURVE('',#2833,#2832,#113,.T.);
#3553=EDGE_CURVE('',#2806,#2833,#1650,.T.);
#3554=EDGE_CURVE('',#2834,#2833,#114,.T.);
#3555=EDGE_CURVE('',#2807,#2834,#1651,.T.);
#3556=EDGE_CURVE('',#2835,#2834,#115,.T.);
#3557=EDGE_CURVE('',#2808,#2835,#1652,.T.);
#3558=EDGE_CURVE('',#2836,#2835,#116,.T.);
#3559=EDGE_CURVE('',#2809,#2836,#1653,.T.);
#3560=EDGE_CURVE('',#2837,#2836,#117,.T.);
#3561=EDGE_CURVE('',#2810,#2837,#1654,.T.);
#3562=EDGE_CURVE('',#2838,#2837,#118,.T.);
#3563=EDGE_CURVE('',#2811,#2838,#1655,.T.);
#3564=EDGE_CURVE('',#2839,#2838,#119,.T.);
#3565=EDGE_CURVE('',#2812,#2839,#1656,.T.);
#3566=EDGE_CURVE('',#2813,#2839,#120,.T.);
#3567=EDGE_CURVE('',#2840,#2841,#121,.T.);
#3568=EDGE_CURVE('',#2842,#2840,#122,.T.);
#3569=EDGE_CURVE('',#2843,#2842,#123,.T.);
#3570=EDGE_CURVE('',#2844,#2843,#124,.T.);
#3571=EDGE_CURVE('',#2845,#2844,#1657,.T.);
#3572=EDGE_CURVE('',#2846,#2845,#1658,.T.);
#3573=EDGE_CURVE('',#2847,#2846,#1659,.T.);
#3574=EDGE_CURVE('',#2848,#2847,#125,.T.);
#3575=EDGE_CURVE('',#2849,#2848,#126,.T.);
#3576=EDGE_CURVE('',#2850,#2849,#127,.T.);
#3577=EDGE_CURVE('',#2851,#2850,#128,.T.);
#3578=EDGE_CURVE('',#2852,#2851,#129,.T.);
#3579=EDGE_CURVE('',#2853,#2852,#130,.T.);
#3580=EDGE_CURVE('',#2854,#2853,#131,.T.);
#3581=EDGE_CURVE('',#2855,#2854,#132,.T.);
#3582=EDGE_CURVE('',#2856,#2855,#133,.T.);
#3583=EDGE_CURVE('',#2857,#2856,#134,.T.);
#3584=EDGE_CURVE('',#2858,#2857,#135,.T.);
#3585=EDGE_CURVE('',#2859,#2858,#136,.T.);
#3586=EDGE_CURVE('',#2860,#2859,#1660,.T.);
#3587=EDGE_CURVE('',#2841,#2860,#137,.T.);
#3588=EDGE_CURVE('',#2841,#2861,#1661,.T.);
#3589=EDGE_CURVE('',#2862,#2861,#138,.T.);
#3590=EDGE_CURVE('',#2840,#2862,#1662,.T.);
#3591=EDGE_CURVE('',#2863,#2862,#139,.T.);
#3592=EDGE_CURVE('',#2842,#2863,#1663,.T.);
#3593=EDGE_CURVE('',#2864,#2863,#140,.T.);
#3594=EDGE_CURVE('',#2843,#2864,#1664,.T.);
#3595=EDGE_CURVE('',#2865,#2864,#141,.T.);
#3596=EDGE_CURVE('',#2844,#2865,#1665,.T.);
#3597=EDGE_CURVE('',#2866,#2865,#1666,.T.);
#3598=EDGE_CURVE('',#2845,#2866,#1667,.T.);
#3599=EDGE_CURVE('',#2867,#2866,#1668,.T.);
#3600=EDGE_CURVE('',#2846,#2867,#1669,.T.);
#3601=EDGE_CURVE('',#2868,#2867,#1670,.T.);
#3602=EDGE_CURVE('',#2847,#2868,#1671,.T.);
#3603=EDGE_CURVE('',#2869,#2868,#142,.T.);
#3604=EDGE_CURVE('',#2848,#2869,#1672,.T.);
#3605=EDGE_CURVE('',#2870,#2869,#143,.T.);
#3606=EDGE_CURVE('',#2849,#2870,#1673,.T.);
#3607=EDGE_CURVE('',#2871,#2870,#144,.T.);
#3608=EDGE_CURVE('',#2850,#2871,#1674,.T.);
#3609=EDGE_CURVE('',#2872,#2871,#145,.T.);
#3610=EDGE_CURVE('',#2851,#2872,#1675,.T.);
#3611=EDGE_CURVE('',#2873,#2872,#146,.T.);
#3612=EDGE_CURVE('',#2852,#2873,#1676,.T.);
#3613=EDGE_CURVE('',#2874,#2873,#147,.T.);
#3614=EDGE_CURVE('',#2853,#2874,#1677,.T.);
#3615=EDGE_CURVE('',#2875,#2874,#148,.T.);
#3616=EDGE_CURVE('',#2854,#2875,#1678,.T.);
#3617=EDGE_CURVE('',#2876,#2875,#149,.T.);
#3618=EDGE_CURVE('',#2855,#2876,#1679,.T.);
#3619=EDGE_CURVE('',#2877,#2876,#150,.T.);
#3620=EDGE_CURVE('',#2856,#2877,#1680,.T.);
#3621=EDGE_CURVE('',#2878,#2877,#151,.T.);
#3622=EDGE_CURVE('',#2857,#2878,#1681,.T.);
#3623=EDGE_CURVE('',#2879,#2878,#152,.T.);
#3624=EDGE_CURVE('',#2858,#2879,#1682,.T.);
#3625=EDGE_CURVE('',#2880,#2879,#153,.T.);
#3626=EDGE_CURVE('',#2859,#2880,#1683,.T.);
#3627=EDGE_CURVE('',#2881,#2880,#1684,.T.);
#3628=EDGE_CURVE('',#2860,#2881,#1685,.T.);
#3629=EDGE_CURVE('',#2861,#2881,#154,.T.);
#3630=EDGE_CURVE('',#2882,#2883,#1686,.T.);
#3631=EDGE_CURVE('',#2884,#2882,#1687,.T.);
#3632=EDGE_CURVE('',#2885,#2884,#1688,.T.);
#3633=EDGE_CURVE('',#2883,#2885,#1689,.T.);
#3634=EDGE_CURVE('',#2883,#2886,#1690,.T.);
#3635=EDGE_CURVE('',#2887,#2886,#1691,.T.);
#3636=EDGE_CURVE('',#2882,#2887,#1692,.T.);
#3637=EDGE_CURVE('',#2888,#2887,#1693,.T.);
#3638=EDGE_CURVE('',#2884,#2888,#1694,.T.);
#3639=EDGE_CURVE('',#2889,#2888,#1695,.T.);
#3640=EDGE_CURVE('',#2885,#2889,#1696,.T.);
#3641=EDGE_CURVE('',#2886,#2889,#1697,.T.);
#3642=EDGE_CURVE('',#2890,#2891,#1698,.T.);
#3643=EDGE_CURVE('',#2892,#2890,#155,.T.);
#3644=EDGE_CURVE('',#2893,#2892,#156,.T.);
#3645=EDGE_CURVE('',#2894,#2893,#157,.T.);
#3646=EDGE_CURVE('',#2895,#2894,#158,.T.);
#3647=EDGE_CURVE('',#2896,#2895,#159,.T.);
#3648=EDGE_CURVE('',#2897,#2896,#1699,.T.);
#3649=EDGE_CURVE('',#2898,#2897,#1700,.T.);
#3650=EDGE_CURVE('',#2899,#2898,#1701,.T.);
#3651=EDGE_CURVE('',#2900,#2899,#160,.T.);
#3652=EDGE_CURVE('',#2901,#2900,#161,.T.);
#3653=EDGE_CURVE('',#2902,#2901,#162,.T.);
#3654=EDGE_CURVE('',#2903,#2902,#163,.T.);
#3655=EDGE_CURVE('',#2904,#2903,#164,.T.);
#3656=EDGE_CURVE('',#2905,#2904,#1702,.T.);
#3657=EDGE_CURVE('',#2906,#2905,#1703,.T.);
#3658=EDGE_CURVE('',#2907,#2906,#1704,.T.);
#3659=EDGE_CURVE('',#2891,#2907,#1705,.T.);
#3660=EDGE_CURVE('',#2891,#2908,#1706,.T.);
#3661=EDGE_CURVE('',#2909,#2908,#1707,.T.);
#3662=EDGE_CURVE('',#2890,#2909,#1708,.T.);
#3663=EDGE_CURVE('',#2910,#2909,#165,.T.);
#3664=EDGE_CURVE('',#2892,#2910,#1709,.T.);
#3665=EDGE_CURVE('',#2911,#2910,#166,.T.);
#3666=EDGE_CURVE('',#2893,#2911,#1710,.T.);
#3667=EDGE_CURVE('',#2912,#2911,#167,.T.);
#3668=EDGE_CURVE('',#2894,#2912,#1711,.T.);
#3669=EDGE_CURVE('',#2913,#2912,#168,.T.);
#3670=EDGE_CURVE('',#2895,#2913,#1712,.T.);
#3671=EDGE_CURVE('',#2914,#2913,#169,.T.);
#3672=EDGE_CURVE('',#2896,#2914,#1713,.T.);
#3673=EDGE_CURVE('',#2915,#2914,#1714,.T.);
#3674=EDGE_CURVE('',#2897,#2915,#1715,.T.);
#3675=EDGE_CURVE('',#2916,#2915,#1716,.T.);
#3676=EDGE_CURVE('',#2898,#2916,#1717,.T.);
#3677=EDGE_CURVE('',#2917,#2916,#1718,.T.);
#3678=EDGE_CURVE('',#2899,#2917,#1719,.T.);
#3679=EDGE_CURVE('',#2918,#2917,#170,.T.);
#3680=EDGE_CURVE('',#2900,#2918,#1720,.T.);
#3681=EDGE_CURVE('',#2919,#2918,#171,.T.);
#3682=EDGE_CURVE('',#2901,#2919,#1721,.T.);
#3683=EDGE_CURVE('',#2920,#2919,#172,.T.);
#3684=EDGE_CURVE('',#2902,#2920,#1722,.T.);
#3685=EDGE_CURVE('',#2921,#2920,#173,.T.);
#3686=EDGE_CURVE('',#2903,#2921,#1723,.T.);
#3687=EDGE_CURVE('',#2922,#2921,#174,.T.);
#3688=EDGE_CURVE('',#2904,#2922,#1724,.T.);
#3689=EDGE_CURVE('',#2923,#2922,#1725,.T.);
#3690=EDGE_CURVE('',#2905,#2923,#1726,.T.);
#3691=EDGE_CURVE('',#2924,#2923,#1727,.T.);
#3692=EDGE_CURVE('',#2906,#2924,#1728,.T.);
#3693=EDGE_CURVE('',#2925,#2924,#1729,.T.);
#3694=EDGE_CURVE('',#2907,#2925,#1730,.T.);
#3695=EDGE_CURVE('',#2908,#2925,#1731,.T.);
#3696=EDGE_CURVE('',#2926,#2927,#175,.T.);
#3697=EDGE_CURVE('',#2928,#2926,#176,.T.);
#3698=EDGE_CURVE('',#2929,#2928,#177,.T.);
#3699=EDGE_CURVE('',#2930,#2929,#178,.T.);
#3700=EDGE_CURVE('',#2931,#2930,#179,.T.);
#3701=EDGE_CURVE('',#2932,#2931,#180,.T.);
#3702=EDGE_CURVE('',#2933,#2932,#181,.T.);
#3703=EDGE_CURVE('',#2934,#2933,#182,.T.);
#3704=EDGE_CURVE('',#2935,#2934,#183,.T.);
#3705=EDGE_CURVE('',#2936,#2935,#1732,.T.);
#3706=EDGE_CURVE('',#2937,#2936,#184,.T.);
#3707=EDGE_CURVE('',#2938,#2937,#185,.T.);
#3708=EDGE_CURVE('',#2939,#2938,#186,.T.);
#3709=EDGE_CURVE('',#2940,#2939,#187,.T.);
#3710=EDGE_CURVE('',#2941,#2940,#188,.T.);
#3711=EDGE_CURVE('',#2942,#2941,#189,.T.);
#3712=EDGE_CURVE('',#2943,#2942,#190,.T.);
#3713=EDGE_CURVE('',#2944,#2943,#191,.T.);
#3714=EDGE_CURVE('',#2945,#2944,#192,.T.);
#3715=EDGE_CURVE('',#2946,#2945,#193,.T.);
#3716=EDGE_CURVE('',#2947,#2946,#1733,.T.);
#3717=EDGE_CURVE('',#2927,#2947,#194,.T.);
#3718=EDGE_CURVE('',#2927,#2948,#1734,.T.);
#3719=EDGE_CURVE('',#2949,#2948,#195,.T.);
#3720=EDGE_CURVE('',#2926,#2949,#1735,.T.);
#3721=EDGE_CURVE('',#2950,#2949,#196,.T.);
#3722=EDGE_CURVE('',#2928,#2950,#1736,.T.);
#3723=EDGE_CURVE('',#2951,#2950,#197,.T.);
#3724=EDGE_CURVE('',#2929,#2951,#1737,.T.);
#3725=EDGE_CURVE('',#2952,#2951,#198,.T.);
#3726=EDGE_CURVE('',#2930,#2952,#1738,.T.);
#3727=EDGE_CURVE('',#2953,#2952,#199,.T.);
#3728=EDGE_CURVE('',#2931,#2953,#1739,.T.);
#3729=EDGE_CURVE('',#2954,#2953,#200,.T.);
#3730=EDGE_CURVE('',#2932,#2954,#1740,.T.);
#3731=EDGE_CURVE('',#2955,#2954,#201,.T.);
#3732=EDGE_CURVE('',#2933,#2955,#1741,.T.);
#3733=EDGE_CURVE('',#2956,#2955,#202,.T.);
#3734=EDGE_CURVE('',#2934,#2956,#1742,.T.);
#3735=EDGE_CURVE('',#2957,#2956,#203,.T.);
#3736=EDGE_CURVE('',#2935,#2957,#1743,.T.);
#3737=EDGE_CURVE('',#2958,#2957,#1744,.T.);
#3738=EDGE_CURVE('',#2936,#2958,#1745,.T.);
#3739=EDGE_CURVE('',#2959,#2958,#204,.T.);
#3740=EDGE_CURVE('',#2937,#2959,#1746,.T.);
#3741=EDGE_CURVE('',#2960,#2959,#205,.T.);
#3742=EDGE_CURVE('',#2938,#2960,#1747,.T.);
#3743=EDGE_CURVE('',#2961,#2960,#206,.T.);
#3744=EDGE_CURVE('',#2939,#2961,#1748,.T.);
#3745=EDGE_CURVE('',#2962,#2961,#207,.T.);
#3746=EDGE_CURVE('',#2940,#2962,#1749,.T.);
#3747=EDGE_CURVE('',#2963,#2962,#208,.T.);
#3748=EDGE_CURVE('',#2941,#2963,#1750,.T.);
#3749=EDGE_CURVE('',#2964,#2963,#209,.T.);
#3750=EDGE_CURVE('',#2942,#2964,#1751,.T.);
#3751=EDGE_CURVE('',#2965,#2964,#210,.T.);
#3752=EDGE_CURVE('',#2943,#2965,#1752,.T.);
#3753=EDGE_CURVE('',#2966,#2965,#211,.T.);
#3754=EDGE_CURVE('',#2944,#2966,#1753,.T.);
#3755=EDGE_CURVE('',#2967,#2966,#212,.T.);
#3756=EDGE_CURVE('',#2945,#2967,#1754,.T.);
#3757=EDGE_CURVE('',#2968,#2967,#213,.T.);
#3758=EDGE_CURVE('',#2946,#2968,#1755,.T.);
#3759=EDGE_CURVE('',#2969,#2968,#1756,.T.);
#3760=EDGE_CURVE('',#2947,#2969,#1757,.T.);
#3761=EDGE_CURVE('',#2948,#2969,#214,.T.);
#3762=EDGE_CURVE('',#2970,#2971,#1758,.T.);
#3763=EDGE_CURVE('',#2972,#2970,#1759,.T.);
#3764=EDGE_CURVE('',#2973,#2972,#1760,.T.);
#3765=EDGE_CURVE('',#2971,#2973,#1761,.T.);
#3766=EDGE_CURVE('',#2971,#2974,#1762,.T.);
#3767=EDGE_CURVE('',#2975,#2974,#1763,.T.);
#3768=EDGE_CURVE('',#2970,#2975,#1764,.T.);
#3769=EDGE_CURVE('',#2976,#2975,#1765,.T.);
#3770=EDGE_CURVE('',#2972,#2976,#1766,.T.);
#3771=EDGE_CURVE('',#2977,#2976,#1767,.T.);
#3772=EDGE_CURVE('',#2973,#2977,#1768,.T.);
#3773=EDGE_CURVE('',#2974,#2977,#1769,.T.);
#3774=EDGE_CURVE('',#2978,#2979,#215,.T.);
#3775=EDGE_CURVE('',#2980,#2978,#216,.T.);
#3776=EDGE_CURVE('',#2981,#2980,#217,.T.);
#3777=EDGE_CURVE('',#2982,#2981,#218,.T.);
#3778=EDGE_CURVE('',#2983,#2982,#1770,.T.);
#3779=EDGE_CURVE('',#2984,#2983,#1771,.T.);
#3780=EDGE_CURVE('',#2985,#2984,#1772,.T.);
#3781=EDGE_CURVE('',#2986,#2985,#219,.T.);
#3782=EDGE_CURVE('',#2987,#2986,#220,.T.);
#3783=EDGE_CURVE('',#2988,#2987,#221,.T.);
#3784=EDGE_CURVE('',#2989,#2988,#222,.T.);
#3785=EDGE_CURVE('',#2990,#2989,#223,.T.);
#3786=EDGE_CURVE('',#2991,#2990,#224,.T.);
#3787=EDGE_CURVE('',#2992,#2991,#225,.T.);
#3788=EDGE_CURVE('',#2993,#2992,#226,.T.);
#3789=EDGE_CURVE('',#2994,#2993,#227,.T.);
#3790=EDGE_CURVE('',#2995,#2994,#228,.T.);
#3791=EDGE_CURVE('',#2996,#2995,#229,.T.);
#3792=EDGE_CURVE('',#2997,#2996,#230,.T.);
#3793=EDGE_CURVE('',#2998,#2997,#1773,.T.);
#3794=EDGE_CURVE('',#2979,#2998,#231,.T.);
#3795=EDGE_CURVE('',#2979,#2999,#1774,.T.);
#3796=EDGE_CURVE('',#3000,#2999,#232,.T.);
#3797=EDGE_CURVE('',#2978,#3000,#1775,.T.);
#3798=EDGE_CURVE('',#3001,#3000,#233,.T.);
#3799=EDGE_CURVE('',#2980,#3001,#1776,.T.);
#3800=EDGE_CURVE('',#3002,#3001,#234,.T.);
#3801=EDGE_CURVE('',#2981,#3002,#1777,.T.);
#3802=EDGE_CURVE('',#3003,#3002,#235,.T.);
#3803=EDGE_CURVE('',#2982,#3003,#1778,.T.);
#3804=EDGE_CURVE('',#3004,#3003,#1779,.T.);
#3805=EDGE_CURVE('',#2983,#3004,#1780,.T.);
#3806=EDGE_CURVE('',#3005,#3004,#1781,.T.);
#3807=EDGE_CURVE('',#2984,#3005,#1782,.T.);
#3808=EDGE_CURVE('',#3006,#3005,#1783,.T.);
#3809=EDGE_CURVE('',#2985,#3006,#1784,.T.);
#3810=EDGE_CURVE('',#3007,#3006,#236,.T.);
#3811=EDGE_CURVE('',#2986,#3007,#1785,.T.);
#3812=EDGE_CURVE('',#3008,#3007,#237,.T.);
#3813=EDGE_CURVE('',#2987,#3008,#1786,.T.);
#3814=EDGE_CURVE('',#3009,#3008,#238,.T.);
#3815=EDGE_CURVE('',#2988,#3009,#1787,.T.);
#3816=EDGE_CURVE('',#3010,#3009,#239,.T.);
#3817=EDGE_CURVE('',#2989,#3010,#1788,.T.);
#3818=EDGE_CURVE('',#3011,#3010,#240,.T.);
#3819=EDGE_CURVE('',#2990,#3011,#1789,.T.);
#3820=EDGE_CURVE('',#3012,#3011,#241,.T.);
#3821=EDGE_CURVE('',#2991,#3012,#1790,.T.);
#3822=EDGE_CURVE('',#3013,#3012,#242,.T.);
#3823=EDGE_CURVE('',#2992,#3013,#1791,.T.);
#3824=EDGE_CURVE('',#3014,#3013,#243,.T.);
#3825=EDGE_CURVE('',#2993,#3014,#1792,.T.);
#3826=EDGE_CURVE('',#3015,#3014,#244,.T.);
#3827=EDGE_CURVE('',#2994,#3015,#1793,.T.);
#3828=EDGE_CURVE('',#3016,#3015,#245,.T.);
#3829=EDGE_CURVE('',#2995,#3016,#1794,.T.);
#3830=EDGE_CURVE('',#3017,#3016,#246,.T.);
#3831=EDGE_CURVE('',#2996,#3017,#1795,.T.);
#3832=EDGE_CURVE('',#3018,#3017,#247,.T.);
#3833=EDGE_CURVE('',#2997,#3018,#1796,.T.);
#3834=EDGE_CURVE('',#3019,#3018,#1797,.T.);
#3835=EDGE_CURVE('',#2998,#3019,#1798,.T.);
#3836=EDGE_CURVE('',#2999,#3019,#248,.T.);
#3837=EDGE_CURVE('',#3020,#3021,#1799,.T.);
#3838=EDGE_CURVE('',#3022,#3020,#249,.T.);
#3839=EDGE_CURVE('',#3023,#3022,#250,.T.);
#3840=EDGE_CURVE('',#3024,#3023,#251,.T.);
#3841=EDGE_CURVE('',#3025,#3024,#252,.T.);
#3842=EDGE_CURVE('',#3026,#3025,#1800,.T.);
#3843=EDGE_CURVE('',#3027,#3026,#253,.T.);
#3844=EDGE_CURVE('',#3028,#3027,#254,.T.);
#3845=EDGE_CURVE('',#3029,#3028,#255,.T.);
#3846=EDGE_CURVE('',#3030,#3029,#1801,.T.);
#3847=EDGE_CURVE('',#3031,#3030,#1802,.T.);
#3848=EDGE_CURVE('',#3032,#3031,#1803,.T.);
#3849=EDGE_CURVE('',#3021,#3032,#1804,.T.);
#3850=EDGE_CURVE('',#3021,#3033,#1805,.T.);
#3851=EDGE_CURVE('',#3034,#3033,#1806,.T.);
#3852=EDGE_CURVE('',#3020,#3034,#1807,.T.);
#3853=EDGE_CURVE('',#3035,#3034,#256,.T.);
#3854=EDGE_CURVE('',#3022,#3035,#1808,.T.);
#3855=EDGE_CURVE('',#3036,#3035,#257,.T.);
#3856=EDGE_CURVE('',#3023,#3036,#1809,.T.);
#3857=EDGE_CURVE('',#3037,#3036,#258,.T.);
#3858=EDGE_CURVE('',#3024,#3037,#1810,.T.);
#3859=EDGE_CURVE('',#3038,#3037,#259,.T.);
#3860=EDGE_CURVE('',#3025,#3038,#1811,.T.);
#3861=EDGE_CURVE('',#3039,#3038,#1812,.T.);
#3862=EDGE_CURVE('',#3026,#3039,#1813,.T.);
#3863=EDGE_CURVE('',#3040,#3039,#260,.T.);
#3864=EDGE_CURVE('',#3027,#3040,#1814,.T.);
#3865=EDGE_CURVE('',#3041,#3040,#261,.T.);
#3866=EDGE_CURVE('',#3028,#3041,#1815,.T.);
#3867=EDGE_CURVE('',#3042,#3041,#262,.T.);
#3868=EDGE_CURVE('',#3029,#3042,#1816,.T.);
#3869=EDGE_CURVE('',#3043,#3042,#1817,.T.);
#3870=EDGE_CURVE('',#3030,#3043,#1818,.T.);
#3871=EDGE_CURVE('',#3044,#3043,#1819,.T.);
#3872=EDGE_CURVE('',#3031,#3044,#1820,.T.);
#3873=EDGE_CURVE('',#3045,#3044,#1821,.T.);
#3874=EDGE_CURVE('',#3032,#3045,#1822,.T.);
#3875=EDGE_CURVE('',#3033,#3045,#1823,.T.);
#3876=EDGE_CURVE('',#3046,#3047,#1824,.T.);
#3877=EDGE_CURVE('',#3048,#3046,#263,.T.);
#3878=EDGE_CURVE('',#3049,#3048,#264,.T.);
#3879=EDGE_CURVE('',#3050,#3049,#265,.T.);
#3880=EDGE_CURVE('',#3051,#3050,#266,.T.);
#3881=EDGE_CURVE('',#3052,#3051,#267,.T.);
#3882=EDGE_CURVE('',#3053,#3052,#1825,.T.);
#3883=EDGE_CURVE('',#3054,#3053,#1826,.T.);
#3884=EDGE_CURVE('',#3055,#3054,#1827,.T.);
#3885=EDGE_CURVE('',#3056,#3055,#268,.T.);
#3886=EDGE_CURVE('',#3057,#3056,#269,.T.);
#3887=EDGE_CURVE('',#3058,#3057,#270,.T.);
#3888=EDGE_CURVE('',#3059,#3058,#271,.T.);
#3889=EDGE_CURVE('',#3060,#3059,#1828,.T.);
#3890=EDGE_CURVE('',#3061,#3060,#1829,.T.);
#3891=EDGE_CURVE('',#3062,#3061,#1830,.T.);
#3892=EDGE_CURVE('',#3047,#3062,#1831,.T.);
#3893=EDGE_CURVE('',#3047,#3063,#1832,.T.);
#3894=EDGE_CURVE('',#3064,#3063,#1833,.T.);
#3895=EDGE_CURVE('',#3046,#3064,#1834,.T.);
#3896=EDGE_CURVE('',#3065,#3064,#272,.T.);
#3897=EDGE_CURVE('',#3048,#3065,#1835,.T.);
#3898=EDGE_CURVE('',#3066,#3065,#273,.T.);
#3899=EDGE_CURVE('',#3049,#3066,#1836,.T.);
#3900=EDGE_CURVE('',#3067,#3066,#274,.T.);
#3901=EDGE_CURVE('',#3050,#3067,#1837,.T.);
#3902=EDGE_CURVE('',#3068,#3067,#275,.T.);
#3903=EDGE_CURVE('',#3051,#3068,#1838,.T.);
#3904=EDGE_CURVE('',#3069,#3068,#276,.T.);
#3905=EDGE_CURVE('',#3052,#3069,#1839,.T.);
#3906=EDGE_CURVE('',#3070,#3069,#1840,.T.);
#3907=EDGE_CURVE('',#3053,#3070,#1841,.T.);
#3908=EDGE_CURVE('',#3071,#3070,#1842,.T.);
#3909=EDGE_CURVE('',#3054,#3071,#1843,.T.);
#3910=EDGE_CURVE('',#3072,#3071,#1844,.T.);
#3911=EDGE_CURVE('',#3055,#3072,#1845,.T.);
#3912=EDGE_CURVE('',#3073,#3072,#277,.T.);
#3913=EDGE_CURVE('',#3056,#3073,#1846,.T.);
#3914=EDGE_CURVE('',#3074,#3073,#278,.T.);
#3915=EDGE_CURVE('',#3057,#3074,#1847,.T.);
#3916=EDGE_CURVE('',#3075,#3074,#279,.T.);
#3917=EDGE_CURVE('',#3058,#3075,#1848,.T.);
#3918=EDGE_CURVE('',#3076,#3075,#280,.T.);
#3919=EDGE_CURVE('',#3059,#3076,#1849,.T.);
#3920=EDGE_CURVE('',#3077,#3076,#1850,.T.);
#3921=EDGE_CURVE('',#3060,#3077,#1851,.T.);
#3922=EDGE_CURVE('',#3078,#3077,#1852,.T.);
#3923=EDGE_CURVE('',#3061,#3078,#1853,.T.);
#3924=EDGE_CURVE('',#3079,#3078,#1854,.T.);
#3925=EDGE_CURVE('',#3062,#3079,#1855,.T.);
#3926=EDGE_CURVE('',#3063,#3079,#1856,.T.);
#3927=EDGE_CURVE('',#3080,#3081,#1857,.T.);
#3928=EDGE_CURVE('',#3082,#3080,#1858,.T.);
#3929=EDGE_CURVE('',#3083,#3082,#1859,.T.);
#3930=EDGE_CURVE('',#3083,#3081,#1860,.T.);
#3931=EDGE_CURVE('',#3081,#3084,#1861,.T.);
#3932=EDGE_CURVE('',#3085,#3083,#1862,.T.);
#3933=EDGE_CURVE('',#3085,#3084,#1863,.T.);
#3934=EDGE_CURVE('',#3084,#3086,#1864,.T.);
#3935=EDGE_CURVE('',#3087,#3085,#1865,.T.);
#3936=EDGE_CURVE('',#3087,#3086,#1866,.T.);
#3937=EDGE_CURVE('',#3086,#3080,#1867,.T.);
#3938=EDGE_CURVE('',#3082,#3087,#1868,.T.);
#3939=EDGE_CURVE('',#3088,#3089,#1869,.T.);
#3940=EDGE_CURVE('',#3090,#3088,#1870,.T.);
#3941=EDGE_CURVE('',#3091,#3090,#1871,.T.);
#3942=EDGE_CURVE('',#3089,#3091,#1872,.T.);
#3943=EDGE_CURVE('',#3089,#3092,#1873,.T.);
#3944=EDGE_CURVE('',#3093,#3092,#1874,.T.);
#3945=EDGE_CURVE('',#3088,#3093,#1875,.T.);
#3946=EDGE_CURVE('',#3094,#3093,#1876,.T.);
#3947=EDGE_CURVE('',#3090,#3094,#1877,.T.);
#3948=EDGE_CURVE('',#3095,#3094,#1878,.T.);
#3949=EDGE_CURVE('',#3091,#3095,#1879,.T.);
#3950=EDGE_CURVE('',#3092,#3095,#1880,.T.);
#3951=EDGE_CURVE('',#3096,#3097,#1881,.T.);
#3952=EDGE_CURVE('',#3098,#3096,#1882,.T.);
#3953=EDGE_CURVE('',#3099,#3098,#1883,.T.);
#3954=EDGE_CURVE('',#3097,#3099,#1884,.T.);
#3955=EDGE_CURVE('',#3097,#3100,#1885,.T.);
#3956=EDGE_CURVE('',#3101,#3100,#1886,.T.);
#3957=EDGE_CURVE('',#3096,#3101,#1887,.T.);
#3958=EDGE_CURVE('',#3102,#3101,#1888,.T.);
#3959=EDGE_CURVE('',#3098,#3102,#1889,.T.);
#3960=EDGE_CURVE('',#3103,#3102,#1890,.T.);
#3961=EDGE_CURVE('',#3099,#3103,#1891,.T.);
#3962=EDGE_CURVE('',#3100,#3103,#1892,.T.);
#3963=EDGE_CURVE('',#3104,#3105,#281,.T.);
#3964=EDGE_CURVE('',#3106,#3104,#282,.T.);
#3965=EDGE_CURVE('',#3107,#3106,#283,.T.);
#3966=EDGE_CURVE('',#3108,#3107,#284,.T.);
#3967=EDGE_CURVE('',#3109,#3108,#285,.T.);
#3968=EDGE_CURVE('',#3110,#3109,#286,.T.);
#3969=EDGE_CURVE('',#3111,#3110,#287,.T.);
#3970=EDGE_CURVE('',#3112,#3111,#1893,.T.);
#3971=EDGE_CURVE('',#3113,#3112,#288,.T.);
#3972=EDGE_CURVE('',#3114,#3113,#289,.T.);
#3973=EDGE_CURVE('',#3115,#3114,#290,.T.);
#3974=EDGE_CURVE('',#3116,#3115,#291,.T.);
#3975=EDGE_CURVE('',#3117,#3116,#292,.T.);
#3976=EDGE_CURVE('',#3118,#3117,#293,.T.);
#3977=EDGE_CURVE('',#3119,#3118,#294,.T.);
#3978=EDGE_CURVE('',#3120,#3119,#295,.T.);
#3979=EDGE_CURVE('',#3121,#3120,#296,.T.);
#3980=EDGE_CURVE('',#3122,#3121,#1894,.T.);
#3981=EDGE_CURVE('',#3105,#3122,#297,.T.);
#3982=EDGE_CURVE('',#3105,#3123,#1895,.T.);
#3983=EDGE_CURVE('',#3124,#3123,#298,.T.);
#3984=EDGE_CURVE('',#3104,#3124,#1896,.T.);
#3985=EDGE_CURVE('',#3125,#3124,#299,.T.);
#3986=EDGE_CURVE('',#3106,#3125,#1897,.T.);
#3987=EDGE_CURVE('',#3126,#3125,#300,.T.);
#3988=EDGE_CURVE('',#3107,#3126,#1898,.T.);
#3989=EDGE_CURVE('',#3127,#3126,#301,.T.);
#3990=EDGE_CURVE('',#3108,#3127,#1899,.T.);
#3991=EDGE_CURVE('',#3128,#3127,#302,.T.);
#3992=EDGE_CURVE('',#3109,#3128,#1900,.T.);
#3993=EDGE_CURVE('',#3129,#3128,#303,.T.);
#3994=EDGE_CURVE('',#3110,#3129,#1901,.T.);
#3995=EDGE_CURVE('',#3130,#3129,#304,.T.);
#3996=EDGE_CURVE('',#3111,#3130,#1902,.T.);
#3997=EDGE_CURVE('',#3131,#3130,#1903,.T.);
#3998=EDGE_CURVE('',#3112,#3131,#1904,.T.);
#3999=EDGE_CURVE('',#3132,#3131,#305,.T.);
#4000=EDGE_CURVE('',#3113,#3132,#1905,.T.);
#4001=EDGE_CURVE('',#3133,#3132,#306,.T.);
#4002=EDGE_CURVE('',#3114,#3133,#1906,.T.);
#4003=EDGE_CURVE('',#3134,#3133,#307,.T.);
#4004=EDGE_CURVE('',#3115,#3134,#1907,.T.);
#4005=EDGE_CURVE('',#3135,#3134,#308,.T.);
#4006=EDGE_CURVE('',#3116,#3135,#1908,.T.);
#4007=EDGE_CURVE('',#3136,#3135,#309,.T.);
#4008=EDGE_CURVE('',#3117,#3136,#1909,.T.);
#4009=EDGE_CURVE('',#3137,#3136,#310,.T.);
#4010=EDGE_CURVE('',#3118,#3137,#1910,.T.);
#4011=EDGE_CURVE('',#3138,#3137,#311,.T.);
#4012=EDGE_CURVE('',#3119,#3138,#1911,.T.);
#4013=EDGE_CURVE('',#3139,#3138,#312,.T.);
#4014=EDGE_CURVE('',#3120,#3139,#1912,.T.);
#4015=EDGE_CURVE('',#3140,#3139,#313,.T.);
#4016=EDGE_CURVE('',#3121,#3140,#1913,.T.);
#4017=EDGE_CURVE('',#3141,#3140,#1914,.T.);
#4018=EDGE_CURVE('',#3122,#3141,#1915,.T.);
#4019=EDGE_CURVE('',#3123,#3141,#314,.T.);
#4020=EDGE_CURVE('',#3142,#3143,#315,.T.);
#4021=EDGE_CURVE('',#3144,#3142,#316,.T.);
#4022=EDGE_CURVE('',#3145,#3144,#317,.T.);
#4023=EDGE_CURVE('',#3146,#3145,#318,.T.);
#4024=EDGE_CURVE('',#3147,#3146,#319,.T.);
#4025=EDGE_CURVE('',#3148,#3147,#320,.T.);
#4026=EDGE_CURVE('',#3149,#3148,#321,.T.);
#4027=EDGE_CURVE('',#3150,#3149,#322,.T.);
#4028=EDGE_CURVE('',#3151,#3150,#323,.T.);
#4029=EDGE_CURVE('',#3152,#3151,#324,.T.);
#4030=EDGE_CURVE('',#3153,#3152,#325,.T.);
#4031=EDGE_CURVE('',#3154,#3153,#326,.T.);
#4032=EDGE_CURVE('',#3155,#3154,#327,.T.);
#4033=EDGE_CURVE('',#3156,#3155,#328,.T.);
#4034=EDGE_CURVE('',#3157,#3156,#1916,.T.);
#4035=EDGE_CURVE('',#3158,#3157,#329,.T.);
#4036=EDGE_CURVE('',#3159,#3158,#330,.T.);
#4037=EDGE_CURVE('',#3160,#3159,#331,.T.);
#4038=EDGE_CURVE('',#3161,#3160,#332,.T.);
#4039=EDGE_CURVE('',#3162,#3161,#333,.T.);
#4040=EDGE_CURVE('',#3163,#3162,#334,.T.);
#4041=EDGE_CURVE('',#3164,#3163,#335,.T.);
#4042=EDGE_CURVE('',#3165,#3164,#336,.T.);
#4043=EDGE_CURVE('',#3166,#3165,#337,.T.);
#4044=EDGE_CURVE('',#3167,#3166,#338,.T.);
#4045=EDGE_CURVE('',#3168,#3167,#339,.T.);
#4046=EDGE_CURVE('',#3169,#3168,#340,.T.);
#4047=EDGE_CURVE('',#3170,#3169,#341,.T.);
#4048=EDGE_CURVE('',#3171,#3170,#342,.T.);
#4049=EDGE_CURVE('',#3172,#3171,#343,.T.);
#4050=EDGE_CURVE('',#3173,#3172,#344,.T.);
#4051=EDGE_CURVE('',#3174,#3173,#345,.T.);
#4052=EDGE_CURVE('',#3175,#3174,#346,.T.);
#4053=EDGE_CURVE('',#3176,#3175,#1917,.T.);
#4054=EDGE_CURVE('',#3143,#3176,#347,.T.);
#4055=EDGE_CURVE('',#3143,#3177,#1918,.T.);
#4056=EDGE_CURVE('',#3178,#3177,#348,.T.);
#4057=EDGE_CURVE('',#3142,#3178,#1919,.T.);
#4058=EDGE_CURVE('',#3179,#3178,#349,.T.);
#4059=EDGE_CURVE('',#3144,#3179,#1920,.T.);
#4060=EDGE_CURVE('',#3180,#3179,#350,.T.);
#4061=EDGE_CURVE('',#3145,#3180,#1921,.T.);
#4062=EDGE_CURVE('',#3181,#3180,#351,.T.);
#4063=EDGE_CURVE('',#3146,#3181,#1922,.T.);
#4064=EDGE_CURVE('',#3182,#3181,#352,.T.);
#4065=EDGE_CURVE('',#3147,#3182,#1923,.T.);
#4066=EDGE_CURVE('',#3183,#3182,#353,.T.);
#4067=EDGE_CURVE('',#3148,#3183,#1924,.T.);
#4068=EDGE_CURVE('',#3184,#3183,#354,.T.);
#4069=EDGE_CURVE('',#3149,#3184,#1925,.T.);
#4070=EDGE_CURVE('',#3185,#3184,#355,.T.);
#4071=EDGE_CURVE('',#3150,#3185,#1926,.T.);
#4072=EDGE_CURVE('',#3186,#3185,#356,.T.);
#4073=EDGE_CURVE('',#3151,#3186,#1927,.T.);
#4074=EDGE_CURVE('',#3187,#3186,#357,.T.);
#4075=EDGE_CURVE('',#3152,#3187,#1928,.T.);
#4076=EDGE_CURVE('',#3188,#3187,#358,.T.);
#4077=EDGE_CURVE('',#3153,#3188,#1929,.T.);
#4078=EDGE_CURVE('',#3189,#3188,#359,.T.);
#4079=EDGE_CURVE('',#3154,#3189,#1930,.T.);
#4080=EDGE_CURVE('',#3190,#3189,#360,.T.);
#4081=EDGE_CURVE('',#3155,#3190,#1931,.T.);
#4082=EDGE_CURVE('',#3191,#3190,#361,.T.);
#4083=EDGE_CURVE('',#3156,#3191,#1932,.T.);
#4084=EDGE_CURVE('',#3192,#3191,#1933,.T.);
#4085=EDGE_CURVE('',#3157,#3192,#1934,.T.);
#4086=EDGE_CURVE('',#3193,#3192,#362,.T.);
#4087=EDGE_CURVE('',#3158,#3193,#1935,.T.);
#4088=EDGE_CURVE('',#3194,#3193,#363,.T.);
#4089=EDGE_CURVE('',#3159,#3194,#1936,.T.);
#4090=EDGE_CURVE('',#3195,#3194,#364,.T.);
#4091=EDGE_CURVE('',#3160,#3195,#1937,.T.);
#4092=EDGE_CURVE('',#3196,#3195,#365,.T.);
#4093=EDGE_CURVE('',#3161,#3196,#1938,.T.);
#4094=EDGE_CURVE('',#3197,#3196,#366,.T.);
#4095=EDGE_CURVE('',#3162,#3197,#1939,.T.);
#4096=EDGE_CURVE('',#3198,#3197,#367,.T.);
#4097=EDGE_CURVE('',#3163,#3198,#1940,.T.);
#4098=EDGE_CURVE('',#3199,#3198,#368,.T.);
#4099=EDGE_CURVE('',#3164,#3199,#1941,.T.);
#4100=EDGE_CURVE('',#3200,#3199,#369,.T.);
#4101=EDGE_CURVE('',#3165,#3200,#1942,.T.);
#4102=EDGE_CURVE('',#3201,#3200,#370,.T.);
#4103=EDGE_CURVE('',#3166,#3201,#1943,.T.);
#4104=EDGE_CURVE('',#3202,#3201,#371,.T.);
#4105=EDGE_CURVE('',#3167,#3202,#1944,.T.);
#4106=EDGE_CURVE('',#3203,#3202,#372,.T.);
#4107=EDGE_CURVE('',#3168,#3203,#1945,.T.);
#4108=EDGE_CURVE('',#3204,#3203,#373,.T.);
#4109=EDGE_CURVE('',#3169,#3204,#1946,.T.);
#4110=EDGE_CURVE('',#3205,#3204,#374,.T.);
#4111=EDGE_CURVE('',#3170,#3205,#1947,.T.);
#4112=EDGE_CURVE('',#3206,#3205,#375,.T.);
#4113=EDGE_CURVE('',#3171,#3206,#1948,.T.);
#4114=EDGE_CURVE('',#3207,#3206,#376,.T.);
#4115=EDGE_CURVE('',#3172,#3207,#1949,.T.);
#4116=EDGE_CURVE('',#3208,#3207,#377,.T.);
#4117=EDGE_CURVE('',#3173,#3208,#1950,.T.);
#4118=EDGE_CURVE('',#3209,#3208,#378,.T.);
#4119=EDGE_CURVE('',#3174,#3209,#1951,.T.);
#4120=EDGE_CURVE('',#3210,#3209,#379,.T.);
#4121=EDGE_CURVE('',#3175,#3210,#1952,.T.);
#4122=EDGE_CURVE('',#3211,#3210,#1953,.T.);
#4123=EDGE_CURVE('',#3176,#3211,#1954,.T.);
#4124=EDGE_CURVE('',#3177,#3211,#380,.T.);
#4125=EDGE_CURVE('',#3212,#3213,#381,.T.);
#4126=EDGE_CURVE('',#3214,#3212,#382,.T.);
#4127=EDGE_CURVE('',#3215,#3214,#383,.T.);
#4128=EDGE_CURVE('',#3216,#3215,#1955,.T.);
#4129=EDGE_CURVE('',#3217,#3216,#1956,.T.);
#4130=EDGE_CURVE('',#3218,#3217,#1957,.T.);
#4131=EDGE_CURVE('',#3219,#3218,#1958,.T.);
#4132=EDGE_CURVE('',#3220,#3219,#1959,.T.);
#4133=EDGE_CURVE('',#3221,#3220,#1960,.T.);
#4134=EDGE_CURVE('',#3222,#3221,#1961,.T.);
#4135=EDGE_CURVE('',#3223,#3222,#1962,.T.);
#4136=EDGE_CURVE('',#3224,#3223,#1963,.T.);
#4137=EDGE_CURVE('',#3225,#3224,#1964,.T.);
#4138=EDGE_CURVE('',#3226,#3225,#1965,.T.);
#4139=EDGE_CURVE('',#3227,#3226,#384,.T.);
#4140=EDGE_CURVE('',#3228,#3227,#385,.T.);
#4141=EDGE_CURVE('',#3229,#3228,#386,.T.);
#4142=EDGE_CURVE('',#3230,#3229,#387,.T.);
#4143=EDGE_CURVE('',#3231,#3230,#1966,.T.);
#4144=EDGE_CURVE('',#3213,#3231,#388,.T.);
#4145=EDGE_CURVE('',#3213,#3232,#1967,.T.);
#4146=EDGE_CURVE('',#3233,#3232,#389,.T.);
#4147=EDGE_CURVE('',#3212,#3233,#1968,.T.);
#4148=EDGE_CURVE('',#3234,#3233,#390,.T.);
#4149=EDGE_CURVE('',#3214,#3234,#1969,.T.);
#4150=EDGE_CURVE('',#3235,#3234,#391,.T.);
#4151=EDGE_CURVE('',#3215,#3235,#1970,.T.);
#4152=EDGE_CURVE('',#3236,#3235,#1971,.T.);
#4153=EDGE_CURVE('',#3216,#3236,#1972,.T.);
#4154=EDGE_CURVE('',#3237,#3236,#1973,.T.);
#4155=EDGE_CURVE('',#3217,#3237,#1974,.T.);
#4156=EDGE_CURVE('',#3238,#3237,#1975,.T.);
#4157=EDGE_CURVE('',#3218,#3238,#1976,.T.);
#4158=EDGE_CURVE('',#3239,#3238,#1977,.T.);
#4159=EDGE_CURVE('',#3219,#3239,#1978,.T.);
#4160=EDGE_CURVE('',#3240,#3239,#1979,.T.);
#4161=EDGE_CURVE('',#3220,#3240,#1980,.T.);
#4162=EDGE_CURVE('',#3241,#3240,#1981,.T.);
#4163=EDGE_CURVE('',#3221,#3241,#1982,.T.);
#4164=EDGE_CURVE('',#3242,#3241,#1983,.T.);
#4165=EDGE_CURVE('',#3222,#3242,#1984,.T.);
#4166=EDGE_CURVE('',#3243,#3242,#1985,.T.);
#4167=EDGE_CURVE('',#3223,#3243,#1986,.T.);
#4168=EDGE_CURVE('',#3244,#3243,#1987,.T.);
#4169=EDGE_CURVE('',#3224,#3244,#1988,.T.);
#4170=EDGE_CURVE('',#3245,#3244,#1989,.T.);
#4171=EDGE_CURVE('',#3225,#3245,#1990,.T.);
#4172=EDGE_CURVE('',#3246,#3245,#1991,.T.);
#4173=EDGE_CURVE('',#3226,#3246,#1992,.T.);
#4174=EDGE_CURVE('',#3247,#3246,#392,.T.);
#4175=EDGE_CURVE('',#3227,#3247,#1993,.T.);
#4176=EDGE_CURVE('',#3248,#3247,#393,.T.);
#4177=EDGE_CURVE('',#3228,#3248,#1994,.T.);
#4178=EDGE_CURVE('',#3249,#3248,#394,.T.);
#4179=EDGE_CURVE('',#3229,#3249,#1995,.T.);
#4180=EDGE_CURVE('',#3250,#3249,#395,.T.);
#4181=EDGE_CURVE('',#3230,#3250,#1996,.T.);
#4182=EDGE_CURVE('',#3251,#3250,#1997,.T.);
#4183=EDGE_CURVE('',#3231,#3251,#1998,.T.);
#4184=EDGE_CURVE('',#3232,#3251,#396,.T.);
#4185=EDGE_CURVE('',#3252,#3253,#1999,.T.);
#4186=EDGE_CURVE('',#3254,#3252,#397,.T.);
#4187=EDGE_CURVE('',#3255,#3254,#398,.T.);
#4188=EDGE_CURVE('',#3256,#3255,#399,.T.);
#4189=EDGE_CURVE('',#3257,#3256,#400,.T.);
#4190=EDGE_CURVE('',#3258,#3257,#401,.T.);
#4191=EDGE_CURVE('',#3259,#3258,#2000,.T.);
#4192=EDGE_CURVE('',#3260,#3259,#2001,.T.);
#4193=EDGE_CURVE('',#3261,#3260,#2002,.T.);
#4194=EDGE_CURVE('',#3262,#3261,#402,.T.);
#4195=EDGE_CURVE('',#3263,#3262,#403,.T.);
#4196=EDGE_CURVE('',#3264,#3263,#404,.T.);
#4197=EDGE_CURVE('',#3265,#3264,#405,.T.);
#4198=EDGE_CURVE('',#3266,#3265,#2003,.T.);
#4199=EDGE_CURVE('',#3267,#3266,#2004,.T.);
#4200=EDGE_CURVE('',#3268,#3267,#2005,.T.);
#4201=EDGE_CURVE('',#3253,#3268,#2006,.T.);
#4202=EDGE_CURVE('',#3253,#3269,#2007,.T.);
#4203=EDGE_CURVE('',#3270,#3269,#2008,.T.);
#4204=EDGE_CURVE('',#3252,#3270,#2009,.T.);
#4205=EDGE_CURVE('',#3271,#3270,#406,.T.);
#4206=EDGE_CURVE('',#3254,#3271,#2010,.T.);
#4207=EDGE_CURVE('',#3272,#3271,#407,.T.);
#4208=EDGE_CURVE('',#3255,#3272,#2011,.T.);
#4209=EDGE_CURVE('',#3273,#3272,#408,.T.);
#4210=EDGE_CURVE('',#3256,#3273,#2012,.T.);
#4211=EDGE_CURVE('',#3274,#3273,#409,.T.);
#4212=EDGE_CURVE('',#3257,#3274,#2013,.T.);
#4213=EDGE_CURVE('',#3275,#3274,#410,.T.);
#4214=EDGE_CURVE('',#3258,#3275,#2014,.T.);
#4215=EDGE_CURVE('',#3276,#3275,#2015,.T.);
#4216=EDGE_CURVE('',#3259,#3276,#2016,.T.);
#4217=EDGE_CURVE('',#3277,#3276,#2017,.T.);
#4218=EDGE_CURVE('',#3260,#3277,#2018,.T.);
#4219=EDGE_CURVE('',#3278,#3277,#2019,.T.);
#4220=EDGE_CURVE('',#3261,#3278,#2020,.T.);
#4221=EDGE_CURVE('',#3279,#3278,#411,.T.);
#4222=EDGE_CURVE('',#3262,#3279,#2021,.T.);
#4223=EDGE_CURVE('',#3280,#3279,#412,.T.);
#4224=EDGE_CURVE('',#3263,#3280,#2022,.T.);
#4225=EDGE_CURVE('',#3281,#3280,#413,.T.);
#4226=EDGE_CURVE('',#3264,#3281,#2023,.T.);
#4227=EDGE_CURVE('',#3282,#3281,#414,.T.);
#4228=EDGE_CURVE('',#3265,#3282,#2024,.T.);
#4229=EDGE_CURVE('',#3283,#3282,#2025,.T.);
#4230=EDGE_CURVE('',#3266,#3283,#2026,.T.);
#4231=EDGE_CURVE('',#3284,#3283,#2027,.T.);
#4232=EDGE_CURVE('',#3267,#3284,#2028,.T.);
#4233=EDGE_CURVE('',#3285,#3284,#2029,.T.);
#4234=EDGE_CURVE('',#3268,#3285,#2030,.T.);
#4235=EDGE_CURVE('',#3269,#3285,#2031,.T.);
#4236=EDGE_CURVE('',#3286,#3287,#2032,.T.);
#4237=EDGE_CURVE('',#3288,#3286,#2033,.T.);
#4238=EDGE_CURVE('',#3289,#3288,#2034,.T.);
#4239=EDGE_CURVE('',#3290,#3289,#2035,.T.);
#4240=EDGE_CURVE('',#3291,#3290,#2036,.T.);
#4241=EDGE_CURVE('',#3292,#3291,#2037,.T.);
#4242=EDGE_CURVE('',#3293,#3292,#2038,.T.);
#4243=EDGE_CURVE('',#3294,#3293,#2039,.T.);
#4244=EDGE_CURVE('',#3295,#3294,#2040,.T.);
#4245=EDGE_CURVE('',#3296,#3295,#2041,.T.);
#4246=EDGE_CURVE('',#3297,#3296,#2042,.T.);
#4247=EDGE_CURVE('',#3298,#3297,#2043,.T.);
#4248=EDGE_CURVE('',#3299,#3298,#415,.T.);
#4249=EDGE_CURVE('',#3300,#3299,#2044,.T.);
#4250=EDGE_CURVE('',#3301,#3300,#2045,.T.);
#4251=EDGE_CURVE('',#3302,#3301,#2046,.T.);
#4252=EDGE_CURVE('',#3303,#3302,#2047,.T.);
#4253=EDGE_CURVE('',#3287,#3303,#2048,.T.);
#4254=EDGE_CURVE('',#3287,#3304,#2049,.T.);
#4255=EDGE_CURVE('',#3305,#3304,#2050,.T.);
#4256=EDGE_CURVE('',#3286,#3305,#2051,.T.);
#4257=EDGE_CURVE('',#3306,#3305,#2052,.T.);
#4258=EDGE_CURVE('',#3288,#3306,#2053,.T.);
#4259=EDGE_CURVE('',#3307,#3306,#2054,.T.);
#4260=EDGE_CURVE('',#3289,#3307,#2055,.T.);
#4261=EDGE_CURVE('',#3308,#3307,#2056,.T.);
#4262=EDGE_CURVE('',#3290,#3308,#2057,.T.);
#4263=EDGE_CURVE('',#3309,#3308,#2058,.T.);
#4264=EDGE_CURVE('',#3291,#3309,#2059,.T.);
#4265=EDGE_CURVE('',#3310,#3309,#2060,.T.);
#4266=EDGE_CURVE('',#3292,#3310,#2061,.T.);
#4267=EDGE_CURVE('',#3311,#3310,#2062,.T.);
#4268=EDGE_CURVE('',#3293,#3311,#2063,.T.);
#4269=EDGE_CURVE('',#3312,#3311,#2064,.T.);
#4270=EDGE_CURVE('',#3294,#3312,#2065,.T.);
#4271=EDGE_CURVE('',#3313,#3312,#2066,.T.);
#4272=EDGE_CURVE('',#3295,#3313,#2067,.T.);
#4273=EDGE_CURVE('',#3314,#3313,#2068,.T.);
#4274=EDGE_CURVE('',#3296,#3314,#2069,.T.);
#4275=EDGE_CURVE('',#3315,#3314,#2070,.T.);
#4276=EDGE_CURVE('',#3297,#3315,#2071,.T.);
#4277=EDGE_CURVE('',#3316,#3315,#2072,.T.);
#4278=EDGE_CURVE('',#3298,#3316,#2073,.T.);
#4279=EDGE_CURVE('',#3317,#3316,#416,.T.);
#4280=EDGE_CURVE('',#3299,#3317,#2074,.T.);
#4281=EDGE_CURVE('',#3318,#3317,#2075,.T.);
#4282=EDGE_CURVE('',#3300,#3318,#2076,.T.);
#4283=EDGE_CURVE('',#3319,#3318,#2077,.T.);
#4284=EDGE_CURVE('',#3301,#3319,#2078,.T.);
#4285=EDGE_CURVE('',#3320,#3319,#2079,.T.);
#4286=EDGE_CURVE('',#3302,#3320,#2080,.T.);
#4287=EDGE_CURVE('',#3321,#3320,#2081,.T.);
#4288=EDGE_CURVE('',#3303,#3321,#2082,.T.);
#4289=EDGE_CURVE('',#3304,#3321,#2083,.T.);
#4290=EDGE_CURVE('',#3322,#3323,#2084,.T.);
#4291=EDGE_CURVE('',#3324,#3322,#2085,.T.);
#4292=EDGE_CURVE('',#3325,#3324,#2086,.T.);
#4293=EDGE_CURVE('',#3325,#3323,#2087,.T.);
#4294=EDGE_CURVE('',#3323,#3326,#2088,.T.);
#4295=EDGE_CURVE('',#3327,#3325,#2089,.T.);
#4296=EDGE_CURVE('',#3327,#3326,#2090,.T.);
#4297=EDGE_CURVE('',#3326,#3328,#2091,.T.);
#4298=EDGE_CURVE('',#3329,#3327,#2092,.T.);
#4299=EDGE_CURVE('',#3329,#3328,#2093,.T.);
#4300=EDGE_CURVE('',#3328,#3322,#2094,.T.);
#4301=EDGE_CURVE('',#3324,#3329,#2095,.T.);
#4302=EDGE_CURVE('',#2728,#3330,#2096,.F.);
#4303=EDGE_CURVE('',#3330,#3331,#2097,.F.);
#4304=EDGE_CURVE('',#2729,#3331,#2098,.T.);
#4305=EDGE_CURVE('',#2733,#3332,#2099,.F.);
#4306=EDGE_CURVE('',#3332,#3330,#2100,.F.);
#4307=EDGE_CURVE('',#2732,#3333,#2101,.F.);
#4308=EDGE_CURVE('',#3333,#3332,#2102,.F.);
#4309=EDGE_CURVE('',#2731,#3334,#2103,.F.);
#4310=EDGE_CURVE('',#3334,#3333,#2104,.F.);
#4311=EDGE_CURVE('',#2730,#3335,#2105,.F.);
#4312=EDGE_CURVE('',#3335,#3334,#2106,.F.);
#4313=EDGE_CURVE('',#3331,#3335,#2107,.F.);
#4314=EDGE_CURVE('',#2722,#3336,#2108,.T.);
#4315=EDGE_CURVE('',#3337,#3336,#2109,.T.);
#4316=EDGE_CURVE('',#2723,#3337,#2110,.T.);
#4317=EDGE_CURVE('',#3338,#3337,#2111,.T.);
#4318=EDGE_CURVE('',#2724,#3338,#2112,.T.);
#4319=EDGE_CURVE('',#3339,#3338,#2113,.T.);
#4320=EDGE_CURVE('',#2725,#3339,#2114,.T.);
#4321=EDGE_CURVE('',#3340,#3339,#2115,.T.);
#4322=EDGE_CURVE('',#2726,#3340,#2116,.T.);
#4323=EDGE_CURVE('',#3341,#3340,#2117,.T.);
#4324=EDGE_CURVE('',#2727,#3341,#2118,.T.);
#4325=EDGE_CURVE('',#3336,#3341,#2119,.T.);
#4326=ORIENTED_EDGE('',*,*,#3342,.F.);
#4327=ORIENTED_EDGE('',*,*,#3343,.T.);
#4328=ORIENTED_EDGE('',*,*,#3344,.F.);
#4329=ORIENTED_EDGE('',*,*,#3345,.F.);
#4330=ORIENTED_EDGE('',*,*,#3346,.F.);
#4331=ORIENTED_EDGE('',*,*,#3343,.F.);
#4332=ORIENTED_EDGE('',*,*,#3347,.F.);
#4333=ORIENTED_EDGE('',*,*,#3348,.T.);
#4334=ORIENTED_EDGE('',*,*,#3349,.T.);
#4335=ORIENTED_EDGE('',*,*,#3348,.F.);
#4336=ORIENTED_EDGE('',*,*,#3349,.F.);
#4337=ORIENTED_EDGE('',*,*,#3350,.F.);
#4338=ORIENTED_EDGE('',*,*,#3351,.T.);
#4339=ORIENTED_EDGE('',*,*,#3352,.F.);
#4340=ORIENTED_EDGE('',*,*,#3353,.F.);
#4341=ORIENTED_EDGE('',*,*,#3354,.F.);
#4342=ORIENTED_EDGE('',*,*,#3351,.F.);
#4343=ORIENTED_EDGE('',*,*,#3355,.F.);
#4344=ORIENTED_EDGE('',*,*,#3356,.T.);
#4345=ORIENTED_EDGE('',*,*,#3357,.F.);
#4346=ORIENTED_EDGE('',*,*,#3358,.F.);
#4347=ORIENTED_EDGE('',*,*,#3359,.F.);
#4348=ORIENTED_EDGE('',*,*,#3356,.F.);
#4349=ORIENTED_EDGE('',*,*,#3360,.F.);
#4350=ORIENTED_EDGE('',*,*,#3361,.T.);
#4351=ORIENTED_EDGE('',*,*,#3362,.T.);
#4352=ORIENTED_EDGE('',*,*,#3361,.F.);
#4353=ORIENTED_EDGE('',*,*,#3362,.F.);
#4354=ORIENTED_EDGE('',*,*,#3363,.F.);
#4355=ORIENTED_EDGE('',*,*,#3364,.T.);
#4356=ORIENTED_EDGE('',*,*,#3365,.T.);
#4357=ORIENTED_EDGE('',*,*,#3364,.F.);
#4358=ORIENTED_EDGE('',*,*,#3365,.F.);
#4359=ORIENTED_EDGE('',*,*,#3366,.F.);
#4360=ORIENTED_EDGE('',*,*,#3367,.T.);
#4361=ORIENTED_EDGE('',*,*,#3368,.F.);
#4362=ORIENTED_EDGE('',*,*,#3369,.F.);
#4363=ORIENTED_EDGE('',*,*,#3370,.F.);
#4364=ORIENTED_EDGE('',*,*,#3367,.F.);
#4365=ORIENTED_EDGE('',*,*,#3371,.F.);
#4366=ORIENTED_EDGE('',*,*,#3372,.T.);
#4367=ORIENTED_EDGE('',*,*,#3373,.T.);
#4368=ORIENTED_EDGE('',*,*,#3372,.F.);
#4369=ORIENTED_EDGE('',*,*,#3373,.F.);
#4370=ORIENTED_EDGE('',*,*,#3374,.F.);
#4371=ORIENTED_EDGE('',*,*,#3375,.T.);
#4372=ORIENTED_EDGE('',*,*,#3376,.T.);
#4373=ORIENTED_EDGE('',*,*,#3375,.F.);
#4374=ORIENTED_EDGE('',*,*,#3376,.F.);
#4375=ORIENTED_EDGE('',*,*,#3377,.F.);
#4376=ORIENTED_EDGE('',*,*,#3378,.T.);
#4377=ORIENTED_EDGE('',*,*,#3379,.F.);
#4378=ORIENTED_EDGE('',*,*,#3380,.F.);
#4379=ORIENTED_EDGE('',*,*,#3381,.F.);
#4380=ORIENTED_EDGE('',*,*,#3378,.F.);
#4381=ORIENTED_EDGE('',*,*,#3382,.F.);
#4382=ORIENTED_EDGE('',*,*,#3383,.T.);
#4383=ORIENTED_EDGE('',*,*,#3384,.F.);
#4384=ORIENTED_EDGE('',*,*,#3385,.F.);
#4385=ORIENTED_EDGE('',*,*,#3386,.F.);
#4386=ORIENTED_EDGE('',*,*,#3383,.F.);
#4387=ORIENTED_EDGE('',*,*,#3387,.F.);
#4388=ORIENTED_EDGE('',*,*,#3388,.T.);
#4389=ORIENTED_EDGE('',*,*,#3389,.T.);
#4390=ORIENTED_EDGE('',*,*,#3388,.F.);
#4391=ORIENTED_EDGE('',*,*,#3389,.F.);
#4392=ORIENTED_EDGE('',*,*,#3358,.T.);
#4393=ORIENTED_EDGE('',*,*,#3390,.F.);
#4394=ORIENTED_EDGE('',*,*,#3391,.F.);
#4395=ORIENTED_EDGE('',*,*,#3392,.F.);
#4396=ORIENTED_EDGE('',*,*,#3369,.T.);
#4397=ORIENTED_EDGE('',*,*,#3393,.F.);
#4398=ORIENTED_EDGE('',*,*,#3394,.F.);
#4399=ORIENTED_EDGE('',*,*,#3395,.F.);
#4400=ORIENTED_EDGE('',*,*,#3396,.F.);
#4401=ORIENTED_EDGE('',*,*,#3397,.F.);
#4402=ORIENTED_EDGE('',*,*,#3347,.T.);
#4403=ORIENTED_EDGE('',*,*,#3360,.T.);
#4404=ORIENTED_EDGE('',*,*,#3363,.T.);
#4405=ORIENTED_EDGE('',*,*,#3371,.T.);
#4406=ORIENTED_EDGE('',*,*,#3374,.T.);
#4407=ORIENTED_EDGE('',*,*,#3387,.T.);
#4408=ORIENTED_EDGE('',*,*,#3345,.T.);
#4409=ORIENTED_EDGE('',*,*,#3398,.T.);
#4410=ORIENTED_EDGE('',*,*,#3399,.T.);
#4411=ORIENTED_EDGE('',*,*,#3400,.T.);
#4412=ORIENTED_EDGE('',*,*,#3353,.T.);
#4413=ORIENTED_EDGE('',*,*,#3401,.T.);
#4414=ORIENTED_EDGE('',*,*,#3402,.T.);
#4415=ORIENTED_EDGE('',*,*,#3380,.T.);
#4416=ORIENTED_EDGE('',*,*,#3403,.T.);
#4417=ORIENTED_EDGE('',*,*,#3404,.T.);
#4418=ORIENTED_EDGE('',*,*,#3405,.T.);
#4419=ORIENTED_EDGE('',*,*,#3385,.T.);
#4420=ORIENTED_EDGE('',*,*,#3406,.T.);
#4421=ORIENTED_EDGE('',*,*,#3407,.T.);
#4422=ORIENTED_EDGE('',*,*,#3408,.T.);
#4423=ORIENTED_EDGE('',*,*,#3409,.T.);
#4424=ORIENTED_EDGE('',*,*,#3410,.F.);
#4425=ORIENTED_EDGE('',*,*,#3411,.F.);
#4426=ORIENTED_EDGE('',*,*,#3412,.T.);
#4427=ORIENTED_EDGE('',*,*,#3411,.T.);
#4428=ORIENTED_EDGE('',*,*,#3413,.F.);
#4429=ORIENTED_EDGE('',*,*,#3414,.F.);
#4430=ORIENTED_EDGE('',*,*,#3415,.T.);
#4431=ORIENTED_EDGE('',*,*,#3414,.T.);
#4432=ORIENTED_EDGE('',*,*,#3416,.F.);
#4433=ORIENTED_EDGE('',*,*,#3417,.F.);
#4434=ORIENTED_EDGE('',*,*,#3418,.T.);
#4435=ORIENTED_EDGE('',*,*,#3417,.T.);
#4436=ORIENTED_EDGE('',*,*,#3419,.F.);
#4437=ORIENTED_EDGE('',*,*,#3420,.F.);
#4438=ORIENTED_EDGE('',*,*,#3421,.T.);
#4439=ORIENTED_EDGE('',*,*,#3422,.T.);
#4440=ORIENTED_EDGE('',*,*,#3423,.F.);
#4441=ORIENTED_EDGE('',*,*,#3409,.F.);
#4442=ORIENTED_EDGE('',*,*,#3424,.T.);
#4443=ORIENTED_EDGE('',*,*,#3425,.T.);
#4444=ORIENTED_EDGE('',*,*,#3426,.F.);
#4445=ORIENTED_EDGE('',*,*,#3422,.F.);
#4446=ORIENTED_EDGE('',*,*,#3427,.T.);
#4447=ORIENTED_EDGE('',*,*,#3428,.T.);
#4448=ORIENTED_EDGE('',*,*,#3429,.F.);
#4449=ORIENTED_EDGE('',*,*,#3425,.F.);
#4450=ORIENTED_EDGE('',*,*,#3430,.T.);
#4451=ORIENTED_EDGE('',*,*,#3420,.T.);
#4452=ORIENTED_EDGE('',*,*,#3431,.F.);
#4453=ORIENTED_EDGE('',*,*,#3428,.F.);
#4454=ORIENTED_EDGE('',*,*,#3432,.T.);
#4455=ORIENTED_EDGE('',*,*,#3433,.T.);
#4456=ORIENTED_EDGE('',*,*,#3434,.F.);
#4457=ORIENTED_EDGE('',*,*,#3435,.F.);
#4458=ORIENTED_EDGE('',*,*,#3436,.T.);
#4459=ORIENTED_EDGE('',*,*,#3435,.T.);
#4460=ORIENTED_EDGE('',*,*,#3437,.F.);
#4461=ORIENTED_EDGE('',*,*,#3438,.F.);
#4462=ORIENTED_EDGE('',*,*,#3439,.T.);
#4463=ORIENTED_EDGE('',*,*,#3438,.T.);
#4464=ORIENTED_EDGE('',*,*,#3440,.F.);
#4465=ORIENTED_EDGE('',*,*,#3441,.F.);
#4466=ORIENTED_EDGE('',*,*,#3442,.T.);
#4467=ORIENTED_EDGE('',*,*,#3441,.T.);
#4468=ORIENTED_EDGE('',*,*,#3443,.F.);
#4469=ORIENTED_EDGE('',*,*,#3444,.F.);
#4470=ORIENTED_EDGE('',*,*,#3445,.T.);
#4471=ORIENTED_EDGE('',*,*,#3444,.T.);
#4472=ORIENTED_EDGE('',*,*,#3446,.F.);
#4473=ORIENTED_EDGE('',*,*,#3447,.F.);
#4474=ORIENTED_EDGE('',*,*,#3448,.T.);
#4475=ORIENTED_EDGE('',*,*,#3449,.T.);
#4476=ORIENTED_EDGE('',*,*,#3450,.F.);
#4477=ORIENTED_EDGE('',*,*,#3433,.F.);
#4478=ORIENTED_EDGE('',*,*,#3451,.T.);
#4479=ORIENTED_EDGE('',*,*,#3452,.T.);
#4480=ORIENTED_EDGE('',*,*,#3453,.F.);
#4481=ORIENTED_EDGE('',*,*,#3449,.F.);
#4482=ORIENTED_EDGE('',*,*,#3454,.T.);
#4483=ORIENTED_EDGE('',*,*,#3455,.T.);
#4484=ORIENTED_EDGE('',*,*,#3456,.F.);
#4485=ORIENTED_EDGE('',*,*,#3452,.F.);
#4486=ORIENTED_EDGE('',*,*,#3457,.T.);
#4487=ORIENTED_EDGE('',*,*,#3458,.T.);
#4488=ORIENTED_EDGE('',*,*,#3459,.F.);
#4489=ORIENTED_EDGE('',*,*,#3455,.F.);
#4490=ORIENTED_EDGE('',*,*,#3460,.T.);
#4491=ORIENTED_EDGE('',*,*,#3447,.T.);
#4492=ORIENTED_EDGE('',*,*,#3461,.F.);
#4493=ORIENTED_EDGE('',*,*,#3458,.F.);
#4494=ORIENTED_EDGE('',*,*,#3462,.T.);
#4495=ORIENTED_EDGE('',*,*,#3463,.T.);
#4496=ORIENTED_EDGE('',*,*,#3464,.F.);
#4497=ORIENTED_EDGE('',*,*,#3465,.F.);
#4498=ORIENTED_EDGE('',*,*,#3466,.T.);
#4499=ORIENTED_EDGE('',*,*,#3465,.T.);
#4500=ORIENTED_EDGE('',*,*,#3467,.F.);
#4501=ORIENTED_EDGE('',*,*,#3468,.F.);
#4502=ORIENTED_EDGE('',*,*,#3469,.T.);
#4503=ORIENTED_EDGE('',*,*,#3468,.T.);
#4504=ORIENTED_EDGE('',*,*,#3470,.F.);
#4505=ORIENTED_EDGE('',*,*,#3471,.F.);
#4506=ORIENTED_EDGE('',*,*,#3472,.T.);
#4507=ORIENTED_EDGE('',*,*,#3471,.T.);
#4508=ORIENTED_EDGE('',*,*,#3473,.F.);
#4509=ORIENTED_EDGE('',*,*,#3474,.F.);
#4510=ORIENTED_EDGE('',*,*,#3475,.T.);
#4511=ORIENTED_EDGE('',*,*,#3476,.T.);
#4512=ORIENTED_EDGE('',*,*,#3477,.F.);
#4513=ORIENTED_EDGE('',*,*,#3463,.F.);
#4514=ORIENTED_EDGE('',*,*,#3478,.T.);
#4515=ORIENTED_EDGE('',*,*,#3479,.T.);
#4516=ORIENTED_EDGE('',*,*,#3480,.F.);
#4517=ORIENTED_EDGE('',*,*,#3476,.F.);
#4518=ORIENTED_EDGE('',*,*,#3481,.T.);
#4519=ORIENTED_EDGE('',*,*,#3482,.T.);
#4520=ORIENTED_EDGE('',*,*,#3483,.F.);
#4521=ORIENTED_EDGE('',*,*,#3479,.F.);
#4522=ORIENTED_EDGE('',*,*,#3484,.T.);
#4523=ORIENTED_EDGE('',*,*,#3474,.T.);
#4524=ORIENTED_EDGE('',*,*,#3485,.F.);
#4525=ORIENTED_EDGE('',*,*,#3482,.F.);
#4526=ORIENTED_EDGE('',*,*,#3486,.F.);
#4527=ORIENTED_EDGE('',*,*,#3487,.F.);
#4528=ORIENTED_EDGE('',*,*,#3488,.F.);
#4529=ORIENTED_EDGE('',*,*,#3489,.F.);
#4530=ORIENTED_EDGE('',*,*,#3490,.F.);
#4531=ORIENTED_EDGE('',*,*,#3491,.F.);
#4532=ORIENTED_EDGE('',*,*,#3492,.F.);
#4533=ORIENTED_EDGE('',*,*,#3493,.F.);
#4534=ORIENTED_EDGE('',*,*,#3494,.F.);
#4535=ORIENTED_EDGE('',*,*,#3495,.F.);
#4536=ORIENTED_EDGE('',*,*,#3496,.F.);
#4537=ORIENTED_EDGE('',*,*,#3497,.F.);
#4538=ORIENTED_EDGE('',*,*,#3498,.F.);
#4539=ORIENTED_EDGE('',*,*,#3499,.F.);
#4540=ORIENTED_EDGE('',*,*,#3500,.F.);
#4541=ORIENTED_EDGE('',*,*,#3501,.F.);
#4542=ORIENTED_EDGE('',*,*,#3502,.F.);
#4543=ORIENTED_EDGE('',*,*,#3503,.F.);
#4544=ORIENTED_EDGE('',*,*,#3504,.F.);
#4545=ORIENTED_EDGE('',*,*,#3505,.F.);
#4546=ORIENTED_EDGE('',*,*,#3506,.F.);
#4547=ORIENTED_EDGE('',*,*,#3507,.F.);
#4548=ORIENTED_EDGE('',*,*,#3508,.F.);
#4549=ORIENTED_EDGE('',*,*,#3509,.F.);
#4550=ORIENTED_EDGE('',*,*,#3510,.F.);
#4551=ORIENTED_EDGE('',*,*,#3511,.F.);
#4552=ORIENTED_EDGE('',*,*,#3512,.F.);
#4553=ORIENTED_EDGE('',*,*,#3460,.F.);
#4554=ORIENTED_EDGE('',*,*,#3457,.F.);
#4555=ORIENTED_EDGE('',*,*,#3454,.F.);
#4556=ORIENTED_EDGE('',*,*,#3451,.F.);
#4557=ORIENTED_EDGE('',*,*,#3448,.F.);
#4558=ORIENTED_EDGE('',*,*,#3432,.F.);
#4559=ORIENTED_EDGE('',*,*,#3436,.F.);
#4560=ORIENTED_EDGE('',*,*,#3439,.F.);
#4561=ORIENTED_EDGE('',*,*,#3442,.F.);
#4562=ORIENTED_EDGE('',*,*,#3445,.F.);
#4563=ORIENTED_EDGE('',*,*,#3486,.T.);
#4564=ORIENTED_EDGE('',*,*,#3513,.T.);
#4565=ORIENTED_EDGE('',*,*,#3514,.F.);
#4566=ORIENTED_EDGE('',*,*,#3515,.F.);
#4567=ORIENTED_EDGE('',*,*,#3487,.T.);
#4568=ORIENTED_EDGE('',*,*,#3515,.T.);
#4569=ORIENTED_EDGE('',*,*,#3516,.F.);
#4570=ORIENTED_EDGE('',*,*,#3517,.F.);
#4571=ORIENTED_EDGE('',*,*,#3488,.T.);
#4572=ORIENTED_EDGE('',*,*,#3517,.T.);
#4573=ORIENTED_EDGE('',*,*,#3518,.F.);
#4574=ORIENTED_EDGE('',*,*,#3519,.F.);
#4575=ORIENTED_EDGE('',*,*,#3489,.T.);
#4576=ORIENTED_EDGE('',*,*,#3519,.T.);
#4577=ORIENTED_EDGE('',*,*,#3520,.F.);
#4578=ORIENTED_EDGE('',*,*,#3521,.F.);
#4579=ORIENTED_EDGE('',*,*,#3490,.T.);
#4580=ORIENTED_EDGE('',*,*,#3521,.T.);
#4581=ORIENTED_EDGE('',*,*,#3522,.F.);
#4582=ORIENTED_EDGE('',*,*,#3523,.F.);
#4583=ORIENTED_EDGE('',*,*,#3491,.T.);
#4584=ORIENTED_EDGE('',*,*,#3523,.T.);
#4585=ORIENTED_EDGE('',*,*,#3524,.F.);
#4586=ORIENTED_EDGE('',*,*,#3525,.F.);
#4587=ORIENTED_EDGE('',*,*,#3492,.T.);
#4588=ORIENTED_EDGE('',*,*,#3525,.T.);
#4589=ORIENTED_EDGE('',*,*,#3526,.F.);
#4590=ORIENTED_EDGE('',*,*,#3527,.F.);
#4591=ORIENTED_EDGE('',*,*,#3493,.T.);
#4592=ORIENTED_EDGE('',*,*,#3527,.T.);
#4593=ORIENTED_EDGE('',*,*,#3528,.F.);
#4594=ORIENTED_EDGE('',*,*,#3529,.F.);
#4595=ORIENTED_EDGE('',*,*,#3494,.T.);
#4596=ORIENTED_EDGE('',*,*,#3529,.T.);
#4597=ORIENTED_EDGE('',*,*,#3530,.F.);
#4598=ORIENTED_EDGE('',*,*,#3531,.F.);
#4599=ORIENTED_EDGE('',*,*,#3495,.T.);
#4600=ORIENTED_EDGE('',*,*,#3531,.T.);
#4601=ORIENTED_EDGE('',*,*,#3532,.F.);
#4602=ORIENTED_EDGE('',*,*,#3533,.F.);
#4603=ORIENTED_EDGE('',*,*,#3496,.T.);
#4604=ORIENTED_EDGE('',*,*,#3533,.T.);
#4605=ORIENTED_EDGE('',*,*,#3534,.F.);
#4606=ORIENTED_EDGE('',*,*,#3535,.F.);
#4607=ORIENTED_EDGE('',*,*,#3497,.T.);
#4608=ORIENTED_EDGE('',*,*,#3535,.T.);
#4609=ORIENTED_EDGE('',*,*,#3536,.F.);
#4610=ORIENTED_EDGE('',*,*,#3537,.F.);
#4611=ORIENTED_EDGE('',*,*,#3498,.T.);
#4612=ORIENTED_EDGE('',*,*,#3537,.T.);
#4613=ORIENTED_EDGE('',*,*,#3538,.F.);
#4614=ORIENTED_EDGE('',*,*,#3539,.F.);
#4615=ORIENTED_EDGE('',*,*,#3499,.T.);
#4616=ORIENTED_EDGE('',*,*,#3539,.T.);
#4617=ORIENTED_EDGE('',*,*,#3540,.F.);
#4618=ORIENTED_EDGE('',*,*,#3541,.F.);
#4619=ORIENTED_EDGE('',*,*,#3500,.T.);
#4620=ORIENTED_EDGE('',*,*,#3541,.T.);
#4621=ORIENTED_EDGE('',*,*,#3542,.F.);
#4622=ORIENTED_EDGE('',*,*,#3543,.F.);
#4623=ORIENTED_EDGE('',*,*,#3501,.T.);
#4624=ORIENTED_EDGE('',*,*,#3543,.T.);
#4625=ORIENTED_EDGE('',*,*,#3544,.F.);
#4626=ORIENTED_EDGE('',*,*,#3545,.F.);
#4627=ORIENTED_EDGE('',*,*,#3502,.T.);
#4628=ORIENTED_EDGE('',*,*,#3545,.T.);
#4629=ORIENTED_EDGE('',*,*,#3546,.F.);
#4630=ORIENTED_EDGE('',*,*,#3547,.F.);
#4631=ORIENTED_EDGE('',*,*,#3503,.T.);
#4632=ORIENTED_EDGE('',*,*,#3547,.T.);
#4633=ORIENTED_EDGE('',*,*,#3548,.F.);
#4634=ORIENTED_EDGE('',*,*,#3549,.F.);
#4635=ORIENTED_EDGE('',*,*,#3504,.T.);
#4636=ORIENTED_EDGE('',*,*,#3549,.T.);
#4637=ORIENTED_EDGE('',*,*,#3550,.F.);
#4638=ORIENTED_EDGE('',*,*,#3551,.F.);
#4639=ORIENTED_EDGE('',*,*,#3505,.T.);
#4640=ORIENTED_EDGE('',*,*,#3551,.T.);
#4641=ORIENTED_EDGE('',*,*,#3552,.F.);
#4642=ORIENTED_EDGE('',*,*,#3553,.F.);
#4643=ORIENTED_EDGE('',*,*,#3506,.T.);
#4644=ORIENTED_EDGE('',*,*,#3553,.T.);
#4645=ORIENTED_EDGE('',*,*,#3554,.F.);
#4646=ORIENTED_EDGE('',*,*,#3555,.F.);
#4647=ORIENTED_EDGE('',*,*,#3507,.T.);
#4648=ORIENTED_EDGE('',*,*,#3555,.T.);
#4649=ORIENTED_EDGE('',*,*,#3556,.F.);
#4650=ORIENTED_EDGE('',*,*,#3557,.F.);
#4651=ORIENTED_EDGE('',*,*,#3508,.T.);
#4652=ORIENTED_EDGE('',*,*,#3557,.T.);
#4653=ORIENTED_EDGE('',*,*,#3558,.F.);
#4654=ORIENTED_EDGE('',*,*,#3559,.F.);
#4655=ORIENTED_EDGE('',*,*,#3509,.T.);
#4656=ORIENTED_EDGE('',*,*,#3559,.T.);
#4657=ORIENTED_EDGE('',*,*,#3560,.F.);
#4658=ORIENTED_EDGE('',*,*,#3561,.F.);
#4659=ORIENTED_EDGE('',*,*,#3510,.T.);
#4660=ORIENTED_EDGE('',*,*,#3561,.T.);
#4661=ORIENTED_EDGE('',*,*,#3562,.F.);
#4662=ORIENTED_EDGE('',*,*,#3563,.F.);
#4663=ORIENTED_EDGE('',*,*,#3511,.T.);
#4664=ORIENTED_EDGE('',*,*,#3563,.T.);
#4665=ORIENTED_EDGE('',*,*,#3564,.F.);
#4666=ORIENTED_EDGE('',*,*,#3565,.F.);
#4667=ORIENTED_EDGE('',*,*,#3512,.T.);
#4668=ORIENTED_EDGE('',*,*,#3565,.T.);
#4669=ORIENTED_EDGE('',*,*,#3566,.F.);
#4670=ORIENTED_EDGE('',*,*,#3513,.F.);
#4671=ORIENTED_EDGE('',*,*,#3567,.F.);
#4672=ORIENTED_EDGE('',*,*,#3568,.F.);
#4673=ORIENTED_EDGE('',*,*,#3569,.F.);
#4674=ORIENTED_EDGE('',*,*,#3570,.F.);
#4675=ORIENTED_EDGE('',*,*,#3571,.F.);
#4676=ORIENTED_EDGE('',*,*,#3572,.F.);
#4677=ORIENTED_EDGE('',*,*,#3573,.F.);
#4678=ORIENTED_EDGE('',*,*,#3574,.F.);
#4679=ORIENTED_EDGE('',*,*,#3575,.F.);
#4680=ORIENTED_EDGE('',*,*,#3576,.F.);
#4681=ORIENTED_EDGE('',*,*,#3577,.F.);
#4682=ORIENTED_EDGE('',*,*,#3578,.F.);
#4683=ORIENTED_EDGE('',*,*,#3579,.F.);
#4684=ORIENTED_EDGE('',*,*,#3580,.F.);
#4685=ORIENTED_EDGE('',*,*,#3581,.F.);
#4686=ORIENTED_EDGE('',*,*,#3582,.F.);
#4687=ORIENTED_EDGE('',*,*,#3583,.F.);
#4688=ORIENTED_EDGE('',*,*,#3584,.F.);
#4689=ORIENTED_EDGE('',*,*,#3585,.F.);
#4690=ORIENTED_EDGE('',*,*,#3586,.F.);
#4691=ORIENTED_EDGE('',*,*,#3587,.F.);
#4692=ORIENTED_EDGE('',*,*,#3484,.F.);
#4693=ORIENTED_EDGE('',*,*,#3481,.F.);
#4694=ORIENTED_EDGE('',*,*,#3478,.F.);
#4695=ORIENTED_EDGE('',*,*,#3475,.F.);
#4696=ORIENTED_EDGE('',*,*,#3462,.F.);
#4697=ORIENTED_EDGE('',*,*,#3466,.F.);
#4698=ORIENTED_EDGE('',*,*,#3469,.F.);
#4699=ORIENTED_EDGE('',*,*,#3472,.F.);
#4700=ORIENTED_EDGE('',*,*,#3567,.T.);
#4701=ORIENTED_EDGE('',*,*,#3588,.T.);
#4702=ORIENTED_EDGE('',*,*,#3589,.F.);
#4703=ORIENTED_EDGE('',*,*,#3590,.F.);
#4704=ORIENTED_EDGE('',*,*,#3568,.T.);
#4705=ORIENTED_EDGE('',*,*,#3590,.T.);
#4706=ORIENTED_EDGE('',*,*,#3591,.F.);
#4707=ORIENTED_EDGE('',*,*,#3592,.F.);
#4708=ORIENTED_EDGE('',*,*,#3569,.T.);
#4709=ORIENTED_EDGE('',*,*,#3592,.T.);
#4710=ORIENTED_EDGE('',*,*,#3593,.F.);
#4711=ORIENTED_EDGE('',*,*,#3594,.F.);
#4712=ORIENTED_EDGE('',*,*,#3570,.T.);
#4713=ORIENTED_EDGE('',*,*,#3594,.T.);
#4714=ORIENTED_EDGE('',*,*,#3595,.F.);
#4715=ORIENTED_EDGE('',*,*,#3596,.F.);
#4716=ORIENTED_EDGE('',*,*,#3571,.T.);
#4717=ORIENTED_EDGE('',*,*,#3596,.T.);
#4718=ORIENTED_EDGE('',*,*,#3597,.F.);
#4719=ORIENTED_EDGE('',*,*,#3598,.F.);
#4720=ORIENTED_EDGE('',*,*,#3572,.T.);
#4721=ORIENTED_EDGE('',*,*,#3598,.T.);
#4722=ORIENTED_EDGE('',*,*,#3599,.F.);
#4723=ORIENTED_EDGE('',*,*,#3600,.F.);
#4724=ORIENTED_EDGE('',*,*,#3573,.T.);
#4725=ORIENTED_EDGE('',*,*,#3600,.T.);
#4726=ORIENTED_EDGE('',*,*,#3601,.F.);
#4727=ORIENTED_EDGE('',*,*,#3602,.F.);
#4728=ORIENTED_EDGE('',*,*,#3574,.T.);
#4729=ORIENTED_EDGE('',*,*,#3602,.T.);
#4730=ORIENTED_EDGE('',*,*,#3603,.F.);
#4731=ORIENTED_EDGE('',*,*,#3604,.F.);
#4732=ORIENTED_EDGE('',*,*,#3575,.T.);
#4733=ORIENTED_EDGE('',*,*,#3604,.T.);
#4734=ORIENTED_EDGE('',*,*,#3605,.F.);
#4735=ORIENTED_EDGE('',*,*,#3606,.F.);
#4736=ORIENTED_EDGE('',*,*,#3576,.T.);
#4737=ORIENTED_EDGE('',*,*,#3606,.T.);
#4738=ORIENTED_EDGE('',*,*,#3607,.F.);
#4739=ORIENTED_EDGE('',*,*,#3608,.F.);
#4740=ORIENTED_EDGE('',*,*,#3577,.T.);
#4741=ORIENTED_EDGE('',*,*,#3608,.T.);
#4742=ORIENTED_EDGE('',*,*,#3609,.F.);
#4743=ORIENTED_EDGE('',*,*,#3610,.F.);
#4744=ORIENTED_EDGE('',*,*,#3578,.T.);
#4745=ORIENTED_EDGE('',*,*,#3610,.T.);
#4746=ORIENTED_EDGE('',*,*,#3611,.F.);
#4747=ORIENTED_EDGE('',*,*,#3612,.F.);
#4748=ORIENTED_EDGE('',*,*,#3579,.T.);
#4749=ORIENTED_EDGE('',*,*,#3612,.T.);
#4750=ORIENTED_EDGE('',*,*,#3613,.F.);
#4751=ORIENTED_EDGE('',*,*,#3614,.F.);
#4752=ORIENTED_EDGE('',*,*,#3580,.T.);
#4753=ORIENTED_EDGE('',*,*,#3614,.T.);
#4754=ORIENTED_EDGE('',*,*,#3615,.F.);
#4755=ORIENTED_EDGE('',*,*,#3616,.F.);
#4756=ORIENTED_EDGE('',*,*,#3581,.T.);
#4757=ORIENTED_EDGE('',*,*,#3616,.T.);
#4758=ORIENTED_EDGE('',*,*,#3617,.F.);
#4759=ORIENTED_EDGE('',*,*,#3618,.F.);
#4760=ORIENTED_EDGE('',*,*,#3582,.T.);
#4761=ORIENTED_EDGE('',*,*,#3618,.T.);
#4762=ORIENTED_EDGE('',*,*,#3619,.F.);
#4763=ORIENTED_EDGE('',*,*,#3620,.F.);
#4764=ORIENTED_EDGE('',*,*,#3583,.T.);
#4765=ORIENTED_EDGE('',*,*,#3620,.T.);
#4766=ORIENTED_EDGE('',*,*,#3621,.F.);
#4767=ORIENTED_EDGE('',*,*,#3622,.F.);
#4768=ORIENTED_EDGE('',*,*,#3584,.T.);
#4769=ORIENTED_EDGE('',*,*,#3622,.T.);
#4770=ORIENTED_EDGE('',*,*,#3623,.F.);
#4771=ORIENTED_EDGE('',*,*,#3624,.F.);
#4772=ORIENTED_EDGE('',*,*,#3585,.T.);
#4773=ORIENTED_EDGE('',*,*,#3624,.T.);
#4774=ORIENTED_EDGE('',*,*,#3625,.F.);
#4775=ORIENTED_EDGE('',*,*,#3626,.F.);
#4776=ORIENTED_EDGE('',*,*,#3586,.T.);
#4777=ORIENTED_EDGE('',*,*,#3626,.T.);
#4778=ORIENTED_EDGE('',*,*,#3627,.F.);
#4779=ORIENTED_EDGE('',*,*,#3628,.F.);
#4780=ORIENTED_EDGE('',*,*,#3587,.T.);
#4781=ORIENTED_EDGE('',*,*,#3628,.T.);
#4782=ORIENTED_EDGE('',*,*,#3629,.F.);
#4783=ORIENTED_EDGE('',*,*,#3588,.F.);
#4784=ORIENTED_EDGE('',*,*,#3630,.F.);
#4785=ORIENTED_EDGE('',*,*,#3631,.F.);
#4786=ORIENTED_EDGE('',*,*,#3632,.F.);
#4787=ORIENTED_EDGE('',*,*,#3633,.F.);
#4788=ORIENTED_EDGE('',*,*,#3630,.T.);
#4789=ORIENTED_EDGE('',*,*,#3634,.T.);
#4790=ORIENTED_EDGE('',*,*,#3635,.F.);
#4791=ORIENTED_EDGE('',*,*,#3636,.F.);
#4792=ORIENTED_EDGE('',*,*,#3631,.T.);
#4793=ORIENTED_EDGE('',*,*,#3636,.T.);
#4794=ORIENTED_EDGE('',*,*,#3637,.F.);
#4795=ORIENTED_EDGE('',*,*,#3638,.F.);
#4796=ORIENTED_EDGE('',*,*,#3632,.T.);
#4797=ORIENTED_EDGE('',*,*,#3638,.T.);
#4798=ORIENTED_EDGE('',*,*,#3639,.F.);
#4799=ORIENTED_EDGE('',*,*,#3640,.F.);
#4800=ORIENTED_EDGE('',*,*,#3633,.T.);
#4801=ORIENTED_EDGE('',*,*,#3640,.T.);
#4802=ORIENTED_EDGE('',*,*,#3641,.F.);
#4803=ORIENTED_EDGE('',*,*,#3634,.F.);
#4804=ORIENTED_EDGE('',*,*,#3642,.F.);
#4805=ORIENTED_EDGE('',*,*,#3643,.F.);
#4806=ORIENTED_EDGE('',*,*,#3644,.F.);
#4807=ORIENTED_EDGE('',*,*,#3645,.F.);
#4808=ORIENTED_EDGE('',*,*,#3646,.F.);
#4809=ORIENTED_EDGE('',*,*,#3647,.F.);
#4810=ORIENTED_EDGE('',*,*,#3648,.F.);
#4811=ORIENTED_EDGE('',*,*,#3649,.F.);
#4812=ORIENTED_EDGE('',*,*,#3650,.F.);
#4813=ORIENTED_EDGE('',*,*,#3651,.F.);
#4814=ORIENTED_EDGE('',*,*,#3652,.F.);
#4815=ORIENTED_EDGE('',*,*,#3653,.F.);
#4816=ORIENTED_EDGE('',*,*,#3654,.F.);
#4817=ORIENTED_EDGE('',*,*,#3655,.F.);
#4818=ORIENTED_EDGE('',*,*,#3656,.F.);
#4819=ORIENTED_EDGE('',*,*,#3657,.F.);
#4820=ORIENTED_EDGE('',*,*,#3658,.F.);
#4821=ORIENTED_EDGE('',*,*,#3659,.F.);
#4822=ORIENTED_EDGE('',*,*,#3642,.T.);
#4823=ORIENTED_EDGE('',*,*,#3660,.T.);
#4824=ORIENTED_EDGE('',*,*,#3661,.F.);
#4825=ORIENTED_EDGE('',*,*,#3662,.F.);
#4826=ORIENTED_EDGE('',*,*,#3643,.T.);
#4827=ORIENTED_EDGE('',*,*,#3662,.T.);
#4828=ORIENTED_EDGE('',*,*,#3663,.F.);
#4829=ORIENTED_EDGE('',*,*,#3664,.F.);
#4830=ORIENTED_EDGE('',*,*,#3644,.T.);
#4831=ORIENTED_EDGE('',*,*,#3664,.T.);
#4832=ORIENTED_EDGE('',*,*,#3665,.F.);
#4833=ORIENTED_EDGE('',*,*,#3666,.F.);
#4834=ORIENTED_EDGE('',*,*,#3645,.T.);
#4835=ORIENTED_EDGE('',*,*,#3666,.T.);
#4836=ORIENTED_EDGE('',*,*,#3667,.F.);
#4837=ORIENTED_EDGE('',*,*,#3668,.F.);
#4838=ORIENTED_EDGE('',*,*,#3646,.T.);
#4839=ORIENTED_EDGE('',*,*,#3668,.T.);
#4840=ORIENTED_EDGE('',*,*,#3669,.F.);
#4841=ORIENTED_EDGE('',*,*,#3670,.F.);
#4842=ORIENTED_EDGE('',*,*,#3647,.T.);
#4843=ORIENTED_EDGE('',*,*,#3670,.T.);
#4844=ORIENTED_EDGE('',*,*,#3671,.F.);
#4845=ORIENTED_EDGE('',*,*,#3672,.F.);
#4846=ORIENTED_EDGE('',*,*,#3648,.T.);
#4847=ORIENTED_EDGE('',*,*,#3672,.T.);
#4848=ORIENTED_EDGE('',*,*,#3673,.F.);
#4849=ORIENTED_EDGE('',*,*,#3674,.F.);
#4850=ORIENTED_EDGE('',*,*,#3649,.T.);
#4851=ORIENTED_EDGE('',*,*,#3674,.T.);
#4852=ORIENTED_EDGE('',*,*,#3675,.F.);
#4853=ORIENTED_EDGE('',*,*,#3676,.F.);
#4854=ORIENTED_EDGE('',*,*,#3650,.T.);
#4855=ORIENTED_EDGE('',*,*,#3676,.T.);
#4856=ORIENTED_EDGE('',*,*,#3677,.F.);
#4857=ORIENTED_EDGE('',*,*,#3678,.F.);
#4858=ORIENTED_EDGE('',*,*,#3651,.T.);
#4859=ORIENTED_EDGE('',*,*,#3678,.T.);
#4860=ORIENTED_EDGE('',*,*,#3679,.F.);
#4861=ORIENTED_EDGE('',*,*,#3680,.F.);
#4862=ORIENTED_EDGE('',*,*,#3652,.T.);
#4863=ORIENTED_EDGE('',*,*,#3680,.T.);
#4864=ORIENTED_EDGE('',*,*,#3681,.F.);
#4865=ORIENTED_EDGE('',*,*,#3682,.F.);
#4866=ORIENTED_EDGE('',*,*,#3653,.T.);
#4867=ORIENTED_EDGE('',*,*,#3682,.T.);
#4868=ORIENTED_EDGE('',*,*,#3683,.F.);
#4869=ORIENTED_EDGE('',*,*,#3684,.F.);
#4870=ORIENTED_EDGE('',*,*,#3654,.T.);
#4871=ORIENTED_EDGE('',*,*,#3684,.T.);
#4872=ORIENTED_EDGE('',*,*,#3685,.F.);
#4873=ORIENTED_EDGE('',*,*,#3686,.F.);
#4874=ORIENTED_EDGE('',*,*,#3655,.T.);
#4875=ORIENTED_EDGE('',*,*,#3686,.T.);
#4876=ORIENTED_EDGE('',*,*,#3687,.F.);
#4877=ORIENTED_EDGE('',*,*,#3688,.F.);
#4878=ORIENTED_EDGE('',*,*,#3656,.T.);
#4879=ORIENTED_EDGE('',*,*,#3688,.T.);
#4880=ORIENTED_EDGE('',*,*,#3689,.F.);
#4881=ORIENTED_EDGE('',*,*,#3690,.F.);
#4882=ORIENTED_EDGE('',*,*,#3657,.T.);
#4883=ORIENTED_EDGE('',*,*,#3690,.T.);
#4884=ORIENTED_EDGE('',*,*,#3691,.F.);
#4885=ORIENTED_EDGE('',*,*,#3692,.F.);
#4886=ORIENTED_EDGE('',*,*,#3658,.T.);
#4887=ORIENTED_EDGE('',*,*,#3692,.T.);
#4888=ORIENTED_EDGE('',*,*,#3693,.F.);
#4889=ORIENTED_EDGE('',*,*,#3694,.F.);
#4890=ORIENTED_EDGE('',*,*,#3659,.T.);
#4891=ORIENTED_EDGE('',*,*,#3694,.T.);
#4892=ORIENTED_EDGE('',*,*,#3695,.F.);
#4893=ORIENTED_EDGE('',*,*,#3660,.F.);
#4894=ORIENTED_EDGE('',*,*,#3696,.F.);
#4895=ORIENTED_EDGE('',*,*,#3697,.F.);
#4896=ORIENTED_EDGE('',*,*,#3698,.F.);
#4897=ORIENTED_EDGE('',*,*,#3699,.F.);
#4898=ORIENTED_EDGE('',*,*,#3700,.F.);
#4899=ORIENTED_EDGE('',*,*,#3701,.F.);
#4900=ORIENTED_EDGE('',*,*,#3702,.F.);
#4901=ORIENTED_EDGE('',*,*,#3703,.F.);
#4902=ORIENTED_EDGE('',*,*,#3704,.F.);
#4903=ORIENTED_EDGE('',*,*,#3705,.F.);
#4904=ORIENTED_EDGE('',*,*,#3706,.F.);
#4905=ORIENTED_EDGE('',*,*,#3707,.F.);
#4906=ORIENTED_EDGE('',*,*,#3708,.F.);
#4907=ORIENTED_EDGE('',*,*,#3709,.F.);
#4908=ORIENTED_EDGE('',*,*,#3710,.F.);
#4909=ORIENTED_EDGE('',*,*,#3711,.F.);
#4910=ORIENTED_EDGE('',*,*,#3712,.F.);
#4911=ORIENTED_EDGE('',*,*,#3713,.F.);
#4912=ORIENTED_EDGE('',*,*,#3714,.F.);
#4913=ORIENTED_EDGE('',*,*,#3715,.F.);
#4914=ORIENTED_EDGE('',*,*,#3716,.F.);
#4915=ORIENTED_EDGE('',*,*,#3717,.F.);
#4916=ORIENTED_EDGE('',*,*,#3696,.T.);
#4917=ORIENTED_EDGE('',*,*,#3718,.T.);
#4918=ORIENTED_EDGE('',*,*,#3719,.F.);
#4919=ORIENTED_EDGE('',*,*,#3720,.F.);
#4920=ORIENTED_EDGE('',*,*,#3697,.T.);
#4921=ORIENTED_EDGE('',*,*,#3720,.T.);
#4922=ORIENTED_EDGE('',*,*,#3721,.F.);
#4923=ORIENTED_EDGE('',*,*,#3722,.F.);
#4924=ORIENTED_EDGE('',*,*,#3698,.T.);
#4925=ORIENTED_EDGE('',*,*,#3722,.T.);
#4926=ORIENTED_EDGE('',*,*,#3723,.F.);
#4927=ORIENTED_EDGE('',*,*,#3724,.F.);
#4928=ORIENTED_EDGE('',*,*,#3699,.T.);
#4929=ORIENTED_EDGE('',*,*,#3724,.T.);
#4930=ORIENTED_EDGE('',*,*,#3725,.F.);
#4931=ORIENTED_EDGE('',*,*,#3726,.F.);
#4932=ORIENTED_EDGE('',*,*,#3700,.T.);
#4933=ORIENTED_EDGE('',*,*,#3726,.T.);
#4934=ORIENTED_EDGE('',*,*,#3727,.F.);
#4935=ORIENTED_EDGE('',*,*,#3728,.F.);
#4936=ORIENTED_EDGE('',*,*,#3701,.T.);
#4937=ORIENTED_EDGE('',*,*,#3728,.T.);
#4938=ORIENTED_EDGE('',*,*,#3729,.F.);
#4939=ORIENTED_EDGE('',*,*,#3730,.F.);
#4940=ORIENTED_EDGE('',*,*,#3702,.T.);
#4941=ORIENTED_EDGE('',*,*,#3730,.T.);
#4942=ORIENTED_EDGE('',*,*,#3731,.F.);
#4943=ORIENTED_EDGE('',*,*,#3732,.F.);
#4944=ORIENTED_EDGE('',*,*,#3703,.T.);
#4945=ORIENTED_EDGE('',*,*,#3732,.T.);
#4946=ORIENTED_EDGE('',*,*,#3733,.F.);
#4947=ORIENTED_EDGE('',*,*,#3734,.F.);
#4948=ORIENTED_EDGE('',*,*,#3704,.T.);
#4949=ORIENTED_EDGE('',*,*,#3734,.T.);
#4950=ORIENTED_EDGE('',*,*,#3735,.F.);
#4951=ORIENTED_EDGE('',*,*,#3736,.F.);
#4952=ORIENTED_EDGE('',*,*,#3705,.T.);
#4953=ORIENTED_EDGE('',*,*,#3736,.T.);
#4954=ORIENTED_EDGE('',*,*,#3737,.F.);
#4955=ORIENTED_EDGE('',*,*,#3738,.F.);
#4956=ORIENTED_EDGE('',*,*,#3706,.T.);
#4957=ORIENTED_EDGE('',*,*,#3738,.T.);
#4958=ORIENTED_EDGE('',*,*,#3739,.F.);
#4959=ORIENTED_EDGE('',*,*,#3740,.F.);
#4960=ORIENTED_EDGE('',*,*,#3707,.T.);
#4961=ORIENTED_EDGE('',*,*,#3740,.T.);
#4962=ORIENTED_EDGE('',*,*,#3741,.F.);
#4963=ORIENTED_EDGE('',*,*,#3742,.F.);
#4964=ORIENTED_EDGE('',*,*,#3708,.T.);
#4965=ORIENTED_EDGE('',*,*,#3742,.T.);
#4966=ORIENTED_EDGE('',*,*,#3743,.F.);
#4967=ORIENTED_EDGE('',*,*,#3744,.F.);
#4968=ORIENTED_EDGE('',*,*,#3709,.T.);
#4969=ORIENTED_EDGE('',*,*,#3744,.T.);
#4970=ORIENTED_EDGE('',*,*,#3745,.F.);
#4971=ORIENTED_EDGE('',*,*,#3746,.F.);
#4972=ORIENTED_EDGE('',*,*,#3710,.T.);
#4973=ORIENTED_EDGE('',*,*,#3746,.T.);
#4974=ORIENTED_EDGE('',*,*,#3747,.F.);
#4975=ORIENTED_EDGE('',*,*,#3748,.F.);
#4976=ORIENTED_EDGE('',*,*,#3711,.T.);
#4977=ORIENTED_EDGE('',*,*,#3748,.T.);
#4978=ORIENTED_EDGE('',*,*,#3749,.F.);
#4979=ORIENTED_EDGE('',*,*,#3750,.F.);
#4980=ORIENTED_EDGE('',*,*,#3712,.T.);
#4981=ORIENTED_EDGE('',*,*,#3750,.T.);
#4982=ORIENTED_EDGE('',*,*,#3751,.F.);
#4983=ORIENTED_EDGE('',*,*,#3752,.F.);
#4984=ORIENTED_EDGE('',*,*,#3713,.T.);
#4985=ORIENTED_EDGE('',*,*,#3752,.T.);
#4986=ORIENTED_EDGE('',*,*,#3753,.F.);
#4987=ORIENTED_EDGE('',*,*,#3754,.F.);
#4988=ORIENTED_EDGE('',*,*,#3714,.T.);
#4989=ORIENTED_EDGE('',*,*,#3754,.T.);
#4990=ORIENTED_EDGE('',*,*,#3755,.F.);
#4991=ORIENTED_EDGE('',*,*,#3756,.F.);
#4992=ORIENTED_EDGE('',*,*,#3715,.T.);
#4993=ORIENTED_EDGE('',*,*,#3756,.T.);
#4994=ORIENTED_EDGE('',*,*,#3757,.F.);
#4995=ORIENTED_EDGE('',*,*,#3758,.F.);
#4996=ORIENTED_EDGE('',*,*,#3716,.T.);
#4997=ORIENTED_EDGE('',*,*,#3758,.T.);
#4998=ORIENTED_EDGE('',*,*,#3759,.F.);
#4999=ORIENTED_EDGE('',*,*,#3760,.F.);
#5000=ORIENTED_EDGE('',*,*,#3717,.T.);
#5001=ORIENTED_EDGE('',*,*,#3760,.T.);
#5002=ORIENTED_EDGE('',*,*,#3761,.F.);
#5003=ORIENTED_EDGE('',*,*,#3718,.F.);
#5004=ORIENTED_EDGE('',*,*,#3762,.F.);
#5005=ORIENTED_EDGE('',*,*,#3763,.F.);
#5006=ORIENTED_EDGE('',*,*,#3764,.F.);
#5007=ORIENTED_EDGE('',*,*,#3765,.F.);
#5008=ORIENTED_EDGE('',*,*,#3762,.T.);
#5009=ORIENTED_EDGE('',*,*,#3766,.T.);
#5010=ORIENTED_EDGE('',*,*,#3767,.F.);
#5011=ORIENTED_EDGE('',*,*,#3768,.F.);
#5012=ORIENTED_EDGE('',*,*,#3763,.T.);
#5013=ORIENTED_EDGE('',*,*,#3768,.T.);
#5014=ORIENTED_EDGE('',*,*,#3769,.F.);
#5015=ORIENTED_EDGE('',*,*,#3770,.F.);
#5016=ORIENTED_EDGE('',*,*,#3764,.T.);
#5017=ORIENTED_EDGE('',*,*,#3770,.T.);
#5018=ORIENTED_EDGE('',*,*,#3771,.F.);
#5019=ORIENTED_EDGE('',*,*,#3772,.F.);
#5020=ORIENTED_EDGE('',*,*,#3765,.T.);
#5021=ORIENTED_EDGE('',*,*,#3772,.T.);
#5022=ORIENTED_EDGE('',*,*,#3773,.F.);
#5023=ORIENTED_EDGE('',*,*,#3766,.F.);
#5024=ORIENTED_EDGE('',*,*,#3774,.F.);
#5025=ORIENTED_EDGE('',*,*,#3775,.F.);
#5026=ORIENTED_EDGE('',*,*,#3776,.F.);
#5027=ORIENTED_EDGE('',*,*,#3777,.F.);
#5028=ORIENTED_EDGE('',*,*,#3778,.F.);
#5029=ORIENTED_EDGE('',*,*,#3779,.F.);
#5030=ORIENTED_EDGE('',*,*,#3780,.F.);
#5031=ORIENTED_EDGE('',*,*,#3781,.F.);
#5032=ORIENTED_EDGE('',*,*,#3782,.F.);
#5033=ORIENTED_EDGE('',*,*,#3783,.F.);
#5034=ORIENTED_EDGE('',*,*,#3784,.F.);
#5035=ORIENTED_EDGE('',*,*,#3785,.F.);
#5036=ORIENTED_EDGE('',*,*,#3786,.F.);
#5037=ORIENTED_EDGE('',*,*,#3787,.F.);
#5038=ORIENTED_EDGE('',*,*,#3788,.F.);
#5039=ORIENTED_EDGE('',*,*,#3789,.F.);
#5040=ORIENTED_EDGE('',*,*,#3790,.F.);
#5041=ORIENTED_EDGE('',*,*,#3791,.F.);
#5042=ORIENTED_EDGE('',*,*,#3792,.F.);
#5043=ORIENTED_EDGE('',*,*,#3793,.F.);
#5044=ORIENTED_EDGE('',*,*,#3794,.F.);
#5045=ORIENTED_EDGE('',*,*,#3430,.F.);
#5046=ORIENTED_EDGE('',*,*,#3427,.F.);
#5047=ORIENTED_EDGE('',*,*,#3424,.F.);
#5048=ORIENTED_EDGE('',*,*,#3421,.F.);
#5049=ORIENTED_EDGE('',*,*,#3408,.F.);
#5050=ORIENTED_EDGE('',*,*,#3412,.F.);
#5051=ORIENTED_EDGE('',*,*,#3415,.F.);
#5052=ORIENTED_EDGE('',*,*,#3418,.F.);
#5053=ORIENTED_EDGE('',*,*,#3774,.T.);
#5054=ORIENTED_EDGE('',*,*,#3795,.T.);
#5055=ORIENTED_EDGE('',*,*,#3796,.F.);
#5056=ORIENTED_EDGE('',*,*,#3797,.F.);
#5057=ORIENTED_EDGE('',*,*,#3775,.T.);
#5058=ORIENTED_EDGE('',*,*,#3797,.T.);
#5059=ORIENTED_EDGE('',*,*,#3798,.F.);
#5060=ORIENTED_EDGE('',*,*,#3799,.F.);
#5061=ORIENTED_EDGE('',*,*,#3776,.T.);
#5062=ORIENTED_EDGE('',*,*,#3799,.T.);
#5063=ORIENTED_EDGE('',*,*,#3800,.F.);
#5064=ORIENTED_EDGE('',*,*,#3801,.F.);
#5065=ORIENTED_EDGE('',*,*,#3777,.T.);
#5066=ORIENTED_EDGE('',*,*,#3801,.T.);
#5067=ORIENTED_EDGE('',*,*,#3802,.F.);
#5068=ORIENTED_EDGE('',*,*,#3803,.F.);
#5069=ORIENTED_EDGE('',*,*,#3778,.T.);
#5070=ORIENTED_EDGE('',*,*,#3803,.T.);
#5071=ORIENTED_EDGE('',*,*,#3804,.F.);
#5072=ORIENTED_EDGE('',*,*,#3805,.F.);
#5073=ORIENTED_EDGE('',*,*,#3779,.T.);
#5074=ORIENTED_EDGE('',*,*,#3805,.T.);
#5075=ORIENTED_EDGE('',*,*,#3806,.F.);
#5076=ORIENTED_EDGE('',*,*,#3807,.F.);
#5077=ORIENTED_EDGE('',*,*,#3780,.T.);
#5078=ORIENTED_EDGE('',*,*,#3807,.T.);
#5079=ORIENTED_EDGE('',*,*,#3808,.F.);
#5080=ORIENTED_EDGE('',*,*,#3809,.F.);
#5081=ORIENTED_EDGE('',*,*,#3781,.T.);
#5082=ORIENTED_EDGE('',*,*,#3809,.T.);
#5083=ORIENTED_EDGE('',*,*,#3810,.F.);
#5084=ORIENTED_EDGE('',*,*,#3811,.F.);
#5085=ORIENTED_EDGE('',*,*,#3782,.T.);
#5086=ORIENTED_EDGE('',*,*,#3811,.T.);
#5087=ORIENTED_EDGE('',*,*,#3812,.F.);
#5088=ORIENTED_EDGE('',*,*,#3813,.F.);
#5089=ORIENTED_EDGE('',*,*,#3783,.T.);
#5090=ORIENTED_EDGE('',*,*,#3813,.T.);
#5091=ORIENTED_EDGE('',*,*,#3814,.F.);
#5092=ORIENTED_EDGE('',*,*,#3815,.F.);
#5093=ORIENTED_EDGE('',*,*,#3784,.T.);
#5094=ORIENTED_EDGE('',*,*,#3815,.T.);
#5095=ORIENTED_EDGE('',*,*,#3816,.F.);
#5096=ORIENTED_EDGE('',*,*,#3817,.F.);
#5097=ORIENTED_EDGE('',*,*,#3785,.T.);
#5098=ORIENTED_EDGE('',*,*,#3817,.T.);
#5099=ORIENTED_EDGE('',*,*,#3818,.F.);
#5100=ORIENTED_EDGE('',*,*,#3819,.F.);
#5101=ORIENTED_EDGE('',*,*,#3786,.T.);
#5102=ORIENTED_EDGE('',*,*,#3819,.T.);
#5103=ORIENTED_EDGE('',*,*,#3820,.F.);
#5104=ORIENTED_EDGE('',*,*,#3821,.F.);
#5105=ORIENTED_EDGE('',*,*,#3787,.T.);
#5106=ORIENTED_EDGE('',*,*,#3821,.T.);
#5107=ORIENTED_EDGE('',*,*,#3822,.F.);
#5108=ORIENTED_EDGE('',*,*,#3823,.F.);
#5109=ORIENTED_EDGE('',*,*,#3788,.T.);
#5110=ORIENTED_EDGE('',*,*,#3823,.T.);
#5111=ORIENTED_EDGE('',*,*,#3824,.F.);
#5112=ORIENTED_EDGE('',*,*,#3825,.F.);
#5113=ORIENTED_EDGE('',*,*,#3789,.T.);
#5114=ORIENTED_EDGE('',*,*,#3825,.T.);
#5115=ORIENTED_EDGE('',*,*,#3826,.F.);
#5116=ORIENTED_EDGE('',*,*,#3827,.F.);
#5117=ORIENTED_EDGE('',*,*,#3790,.T.);
#5118=ORIENTED_EDGE('',*,*,#3827,.T.);
#5119=ORIENTED_EDGE('',*,*,#3828,.F.);
#5120=ORIENTED_EDGE('',*,*,#3829,.F.);
#5121=ORIENTED_EDGE('',*,*,#3791,.T.);
#5122=ORIENTED_EDGE('',*,*,#3829,.T.);
#5123=ORIENTED_EDGE('',*,*,#3830,.F.);
#5124=ORIENTED_EDGE('',*,*,#3831,.F.);
#5125=ORIENTED_EDGE('',*,*,#3792,.T.);
#5126=ORIENTED_EDGE('',*,*,#3831,.T.);
#5127=ORIENTED_EDGE('',*,*,#3832,.F.);
#5128=ORIENTED_EDGE('',*,*,#3833,.F.);
#5129=ORIENTED_EDGE('',*,*,#3793,.T.);
#5130=ORIENTED_EDGE('',*,*,#3833,.T.);
#5131=ORIENTED_EDGE('',*,*,#3834,.F.);
#5132=ORIENTED_EDGE('',*,*,#3835,.F.);
#5133=ORIENTED_EDGE('',*,*,#3794,.T.);
#5134=ORIENTED_EDGE('',*,*,#3835,.T.);
#5135=ORIENTED_EDGE('',*,*,#3836,.F.);
#5136=ORIENTED_EDGE('',*,*,#3795,.F.);
#5137=ORIENTED_EDGE('',*,*,#3837,.F.);
#5138=ORIENTED_EDGE('',*,*,#3838,.F.);
#5139=ORIENTED_EDGE('',*,*,#3839,.F.);
#5140=ORIENTED_EDGE('',*,*,#3840,.F.);
#5141=ORIENTED_EDGE('',*,*,#3841,.F.);
#5142=ORIENTED_EDGE('',*,*,#3842,.F.);
#5143=ORIENTED_EDGE('',*,*,#3843,.F.);
#5144=ORIENTED_EDGE('',*,*,#3844,.F.);
#5145=ORIENTED_EDGE('',*,*,#3845,.F.);
#5146=ORIENTED_EDGE('',*,*,#3846,.F.);
#5147=ORIENTED_EDGE('',*,*,#3847,.F.);
#5148=ORIENTED_EDGE('',*,*,#3848,.F.);
#5149=ORIENTED_EDGE('',*,*,#3849,.F.);
#5150=ORIENTED_EDGE('',*,*,#3837,.T.);
#5151=ORIENTED_EDGE('',*,*,#3850,.T.);
#5152=ORIENTED_EDGE('',*,*,#3851,.F.);
#5153=ORIENTED_EDGE('',*,*,#3852,.F.);
#5154=ORIENTED_EDGE('',*,*,#3838,.T.);
#5155=ORIENTED_EDGE('',*,*,#3852,.T.);
#5156=ORIENTED_EDGE('',*,*,#3853,.F.);
#5157=ORIENTED_EDGE('',*,*,#3854,.F.);
#5158=ORIENTED_EDGE('',*,*,#3839,.T.);
#5159=ORIENTED_EDGE('',*,*,#3854,.T.);
#5160=ORIENTED_EDGE('',*,*,#3855,.F.);
#5161=ORIENTED_EDGE('',*,*,#3856,.F.);
#5162=ORIENTED_EDGE('',*,*,#3840,.T.);
#5163=ORIENTED_EDGE('',*,*,#3856,.T.);
#5164=ORIENTED_EDGE('',*,*,#3857,.F.);
#5165=ORIENTED_EDGE('',*,*,#3858,.F.);
#5166=ORIENTED_EDGE('',*,*,#3841,.T.);
#5167=ORIENTED_EDGE('',*,*,#3858,.T.);
#5168=ORIENTED_EDGE('',*,*,#3859,.F.);
#5169=ORIENTED_EDGE('',*,*,#3860,.F.);
#5170=ORIENTED_EDGE('',*,*,#3842,.T.);
#5171=ORIENTED_EDGE('',*,*,#3860,.T.);
#5172=ORIENTED_EDGE('',*,*,#3861,.F.);
#5173=ORIENTED_EDGE('',*,*,#3862,.F.);
#5174=ORIENTED_EDGE('',*,*,#3843,.T.);
#5175=ORIENTED_EDGE('',*,*,#3862,.T.);
#5176=ORIENTED_EDGE('',*,*,#3863,.F.);
#5177=ORIENTED_EDGE('',*,*,#3864,.F.);
#5178=ORIENTED_EDGE('',*,*,#3844,.T.);
#5179=ORIENTED_EDGE('',*,*,#3864,.T.);
#5180=ORIENTED_EDGE('',*,*,#3865,.F.);
#5181=ORIENTED_EDGE('',*,*,#3866,.F.);
#5182=ORIENTED_EDGE('',*,*,#3845,.T.);
#5183=ORIENTED_EDGE('',*,*,#3866,.T.);
#5184=ORIENTED_EDGE('',*,*,#3867,.F.);
#5185=ORIENTED_EDGE('',*,*,#3868,.F.);
#5186=ORIENTED_EDGE('',*,*,#3846,.T.);
#5187=ORIENTED_EDGE('',*,*,#3868,.T.);
#5188=ORIENTED_EDGE('',*,*,#3869,.F.);
#5189=ORIENTED_EDGE('',*,*,#3870,.F.);
#5190=ORIENTED_EDGE('',*,*,#3847,.T.);
#5191=ORIENTED_EDGE('',*,*,#3870,.T.);
#5192=ORIENTED_EDGE('',*,*,#3871,.F.);
#5193=ORIENTED_EDGE('',*,*,#3872,.F.);
#5194=ORIENTED_EDGE('',*,*,#3848,.T.);
#5195=ORIENTED_EDGE('',*,*,#3872,.T.);
#5196=ORIENTED_EDGE('',*,*,#3873,.F.);
#5197=ORIENTED_EDGE('',*,*,#3874,.F.);
#5198=ORIENTED_EDGE('',*,*,#3849,.T.);
#5199=ORIENTED_EDGE('',*,*,#3874,.T.);
#5200=ORIENTED_EDGE('',*,*,#3875,.F.);
#5201=ORIENTED_EDGE('',*,*,#3850,.F.);
#5202=ORIENTED_EDGE('',*,*,#3876,.F.);
#5203=ORIENTED_EDGE('',*,*,#3877,.F.);
#5204=ORIENTED_EDGE('',*,*,#3878,.F.);
#5205=ORIENTED_EDGE('',*,*,#3879,.F.);
#5206=ORIENTED_EDGE('',*,*,#3880,.F.);
#5207=ORIENTED_EDGE('',*,*,#3881,.F.);
#5208=ORIENTED_EDGE('',*,*,#3882,.F.);
#5209=ORIENTED_EDGE('',*,*,#3883,.F.);
#5210=ORIENTED_EDGE('',*,*,#3884,.F.);
#5211=ORIENTED_EDGE('',*,*,#3885,.F.);
#5212=ORIENTED_EDGE('',*,*,#3886,.F.);
#5213=ORIENTED_EDGE('',*,*,#3887,.F.);
#5214=ORIENTED_EDGE('',*,*,#3888,.F.);
#5215=ORIENTED_EDGE('',*,*,#3889,.F.);
#5216=ORIENTED_EDGE('',*,*,#3890,.F.);
#5217=ORIENTED_EDGE('',*,*,#3891,.F.);
#5218=ORIENTED_EDGE('',*,*,#3892,.F.);
#5219=ORIENTED_EDGE('',*,*,#3876,.T.);
#5220=ORIENTED_EDGE('',*,*,#3893,.T.);
#5221=ORIENTED_EDGE('',*,*,#3894,.F.);
#5222=ORIENTED_EDGE('',*,*,#3895,.F.);
#5223=ORIENTED_EDGE('',*,*,#3877,.T.);
#5224=ORIENTED_EDGE('',*,*,#3895,.T.);
#5225=ORIENTED_EDGE('',*,*,#3896,.F.);
#5226=ORIENTED_EDGE('',*,*,#3897,.F.);
#5227=ORIENTED_EDGE('',*,*,#3878,.T.);
#5228=ORIENTED_EDGE('',*,*,#3897,.T.);
#5229=ORIENTED_EDGE('',*,*,#3898,.F.);
#5230=ORIENTED_EDGE('',*,*,#3899,.F.);
#5231=ORIENTED_EDGE('',*,*,#3879,.T.);
#5232=ORIENTED_EDGE('',*,*,#3899,.T.);
#5233=ORIENTED_EDGE('',*,*,#3900,.F.);
#5234=ORIENTED_EDGE('',*,*,#3901,.F.);
#5235=ORIENTED_EDGE('',*,*,#3880,.T.);
#5236=ORIENTED_EDGE('',*,*,#3901,.T.);
#5237=ORIENTED_EDGE('',*,*,#3902,.F.);
#5238=ORIENTED_EDGE('',*,*,#3903,.F.);
#5239=ORIENTED_EDGE('',*,*,#3881,.T.);
#5240=ORIENTED_EDGE('',*,*,#3903,.T.);
#5241=ORIENTED_EDGE('',*,*,#3904,.F.);
#5242=ORIENTED_EDGE('',*,*,#3905,.F.);
#5243=ORIENTED_EDGE('',*,*,#3882,.T.);
#5244=ORIENTED_EDGE('',*,*,#3905,.T.);
#5245=ORIENTED_EDGE('',*,*,#3906,.F.);
#5246=ORIENTED_EDGE('',*,*,#3907,.F.);
#5247=ORIENTED_EDGE('',*,*,#3883,.T.);
#5248=ORIENTED_EDGE('',*,*,#3907,.T.);
#5249=ORIENTED_EDGE('',*,*,#3908,.F.);
#5250=ORIENTED_EDGE('',*,*,#3909,.F.);
#5251=ORIENTED_EDGE('',*,*,#3884,.T.);
#5252=ORIENTED_EDGE('',*,*,#3909,.T.);
#5253=ORIENTED_EDGE('',*,*,#3910,.F.);
#5254=ORIENTED_EDGE('',*,*,#3911,.F.);
#5255=ORIENTED_EDGE('',*,*,#3885,.T.);
#5256=ORIENTED_EDGE('',*,*,#3911,.T.);
#5257=ORIENTED_EDGE('',*,*,#3912,.F.);
#5258=ORIENTED_EDGE('',*,*,#3913,.F.);
#5259=ORIENTED_EDGE('',*,*,#3886,.T.);
#5260=ORIENTED_EDGE('',*,*,#3913,.T.);
#5261=ORIENTED_EDGE('',*,*,#3914,.F.);
#5262=ORIENTED_EDGE('',*,*,#3915,.F.);
#5263=ORIENTED_EDGE('',*,*,#3887,.T.);
#5264=ORIENTED_EDGE('',*,*,#3915,.T.);
#5265=ORIENTED_EDGE('',*,*,#3916,.F.);
#5266=ORIENTED_EDGE('',*,*,#3917,.F.);
#5267=ORIENTED_EDGE('',*,*,#3888,.T.);
#5268=ORIENTED_EDGE('',*,*,#3917,.T.);
#5269=ORIENTED_EDGE('',*,*,#3918,.F.);
#5270=ORIENTED_EDGE('',*,*,#3919,.F.);
#5271=ORIENTED_EDGE('',*,*,#3889,.T.);
#5272=ORIENTED_EDGE('',*,*,#3919,.T.);
#5273=ORIENTED_EDGE('',*,*,#3920,.F.);
#5274=ORIENTED_EDGE('',*,*,#3921,.F.);
#5275=ORIENTED_EDGE('',*,*,#3890,.T.);
#5276=ORIENTED_EDGE('',*,*,#3921,.T.);
#5277=ORIENTED_EDGE('',*,*,#3922,.F.);
#5278=ORIENTED_EDGE('',*,*,#3923,.F.);
#5279=ORIENTED_EDGE('',*,*,#3891,.T.);
#5280=ORIENTED_EDGE('',*,*,#3923,.T.);
#5281=ORIENTED_EDGE('',*,*,#3924,.F.);
#5282=ORIENTED_EDGE('',*,*,#3925,.F.);
#5283=ORIENTED_EDGE('',*,*,#3892,.T.);
#5284=ORIENTED_EDGE('',*,*,#3925,.T.);
#5285=ORIENTED_EDGE('',*,*,#3926,.F.);
#5286=ORIENTED_EDGE('',*,*,#3893,.F.);
#5287=ORIENTED_EDGE('',*,*,#3927,.F.);
#5288=ORIENTED_EDGE('',*,*,#3928,.F.);
#5289=ORIENTED_EDGE('',*,*,#3929,.F.);
#5290=ORIENTED_EDGE('',*,*,#3930,.T.);
#5291=ORIENTED_EDGE('',*,*,#3931,.F.);
#5292=ORIENTED_EDGE('',*,*,#3930,.F.);
#5293=ORIENTED_EDGE('',*,*,#3932,.F.);
#5294=ORIENTED_EDGE('',*,*,#3933,.T.);
#5295=ORIENTED_EDGE('',*,*,#3934,.F.);
#5296=ORIENTED_EDGE('',*,*,#3933,.F.);
#5297=ORIENTED_EDGE('',*,*,#3935,.F.);
#5298=ORIENTED_EDGE('',*,*,#3936,.T.);
#5299=ORIENTED_EDGE('',*,*,#3937,.F.);
#5300=ORIENTED_EDGE('',*,*,#3936,.F.);
#5301=ORIENTED_EDGE('',*,*,#3938,.F.);
#5302=ORIENTED_EDGE('',*,*,#3928,.T.);
#5303=ORIENTED_EDGE('',*,*,#3939,.F.);
#5304=ORIENTED_EDGE('',*,*,#3940,.F.);
#5305=ORIENTED_EDGE('',*,*,#3941,.F.);
#5306=ORIENTED_EDGE('',*,*,#3942,.F.);
#5307=ORIENTED_EDGE('',*,*,#3939,.T.);
#5308=ORIENTED_EDGE('',*,*,#3943,.T.);
#5309=ORIENTED_EDGE('',*,*,#3944,.F.);
#5310=ORIENTED_EDGE('',*,*,#3945,.F.);
#5311=ORIENTED_EDGE('',*,*,#3940,.T.);
#5312=ORIENTED_EDGE('',*,*,#3945,.T.);
#5313=ORIENTED_EDGE('',*,*,#3946,.F.);
#5314=ORIENTED_EDGE('',*,*,#3947,.F.);
#5315=ORIENTED_EDGE('',*,*,#3941,.T.);
#5316=ORIENTED_EDGE('',*,*,#3947,.T.);
#5317=ORIENTED_EDGE('',*,*,#3948,.F.);
#5318=ORIENTED_EDGE('',*,*,#3949,.F.);
#5319=ORIENTED_EDGE('',*,*,#3942,.T.);
#5320=ORIENTED_EDGE('',*,*,#3949,.T.);
#5321=ORIENTED_EDGE('',*,*,#3950,.F.);
#5322=ORIENTED_EDGE('',*,*,#3943,.F.);
#5323=ORIENTED_EDGE('',*,*,#3951,.F.);
#5324=ORIENTED_EDGE('',*,*,#3952,.F.);
#5325=ORIENTED_EDGE('',*,*,#3953,.F.);
#5326=ORIENTED_EDGE('',*,*,#3954,.F.);
#5327=ORIENTED_EDGE('',*,*,#3951,.T.);
#5328=ORIENTED_EDGE('',*,*,#3955,.T.);
#5329=ORIENTED_EDGE('',*,*,#3956,.F.);
#5330=ORIENTED_EDGE('',*,*,#3957,.F.);
#5331=ORIENTED_EDGE('',*,*,#3952,.T.);
#5332=ORIENTED_EDGE('',*,*,#3957,.T.);
#5333=ORIENTED_EDGE('',*,*,#3958,.F.);
#5334=ORIENTED_EDGE('',*,*,#3959,.F.);
#5335=ORIENTED_EDGE('',*,*,#3953,.T.);
#5336=ORIENTED_EDGE('',*,*,#3959,.T.);
#5337=ORIENTED_EDGE('',*,*,#3960,.F.);
#5338=ORIENTED_EDGE('',*,*,#3961,.F.);
#5339=ORIENTED_EDGE('',*,*,#3954,.T.);
#5340=ORIENTED_EDGE('',*,*,#3961,.T.);
#5341=ORIENTED_EDGE('',*,*,#3962,.F.);
#5342=ORIENTED_EDGE('',*,*,#3955,.F.);
#5343=ORIENTED_EDGE('',*,*,#3963,.F.);
#5344=ORIENTED_EDGE('',*,*,#3964,.F.);
#5345=ORIENTED_EDGE('',*,*,#3965,.F.);
#5346=ORIENTED_EDGE('',*,*,#3966,.F.);
#5347=ORIENTED_EDGE('',*,*,#3967,.F.);
#5348=ORIENTED_EDGE('',*,*,#3968,.F.);
#5349=ORIENTED_EDGE('',*,*,#3969,.F.);
#5350=ORIENTED_EDGE('',*,*,#3970,.F.);
#5351=ORIENTED_EDGE('',*,*,#3971,.F.);
#5352=ORIENTED_EDGE('',*,*,#3972,.F.);
#5353=ORIENTED_EDGE('',*,*,#3973,.F.);
#5354=ORIENTED_EDGE('',*,*,#3974,.F.);
#5355=ORIENTED_EDGE('',*,*,#3975,.F.);
#5356=ORIENTED_EDGE('',*,*,#3976,.F.);
#5357=ORIENTED_EDGE('',*,*,#3977,.F.);
#5358=ORIENTED_EDGE('',*,*,#3978,.F.);
#5359=ORIENTED_EDGE('',*,*,#3979,.F.);
#5360=ORIENTED_EDGE('',*,*,#3980,.F.);
#5361=ORIENTED_EDGE('',*,*,#3981,.F.);
#5362=ORIENTED_EDGE('',*,*,#3963,.T.);
#5363=ORIENTED_EDGE('',*,*,#3982,.T.);
#5364=ORIENTED_EDGE('',*,*,#3983,.F.);
#5365=ORIENTED_EDGE('',*,*,#3984,.F.);
#5366=ORIENTED_EDGE('',*,*,#3964,.T.);
#5367=ORIENTED_EDGE('',*,*,#3984,.T.);
#5368=ORIENTED_EDGE('',*,*,#3985,.F.);
#5369=ORIENTED_EDGE('',*,*,#3986,.F.);
#5370=ORIENTED_EDGE('',*,*,#3965,.T.);
#5371=ORIENTED_EDGE('',*,*,#3986,.T.);
#5372=ORIENTED_EDGE('',*,*,#3987,.F.);
#5373=ORIENTED_EDGE('',*,*,#3988,.F.);
#5374=ORIENTED_EDGE('',*,*,#3966,.T.);
#5375=ORIENTED_EDGE('',*,*,#3988,.T.);
#5376=ORIENTED_EDGE('',*,*,#3989,.F.);
#5377=ORIENTED_EDGE('',*,*,#3990,.F.);
#5378=ORIENTED_EDGE('',*,*,#3967,.T.);
#5379=ORIENTED_EDGE('',*,*,#3990,.T.);
#5380=ORIENTED_EDGE('',*,*,#3991,.F.);
#5381=ORIENTED_EDGE('',*,*,#3992,.F.);
#5382=ORIENTED_EDGE('',*,*,#3968,.T.);
#5383=ORIENTED_EDGE('',*,*,#3992,.T.);
#5384=ORIENTED_EDGE('',*,*,#3993,.F.);
#5385=ORIENTED_EDGE('',*,*,#3994,.F.);
#5386=ORIENTED_EDGE('',*,*,#3969,.T.);
#5387=ORIENTED_EDGE('',*,*,#3994,.T.);
#5388=ORIENTED_EDGE('',*,*,#3995,.F.);
#5389=ORIENTED_EDGE('',*,*,#3996,.F.);
#5390=ORIENTED_EDGE('',*,*,#3970,.T.);
#5391=ORIENTED_EDGE('',*,*,#3996,.T.);
#5392=ORIENTED_EDGE('',*,*,#3997,.F.);
#5393=ORIENTED_EDGE('',*,*,#3998,.F.);
#5394=ORIENTED_EDGE('',*,*,#3971,.T.);
#5395=ORIENTED_EDGE('',*,*,#3998,.T.);
#5396=ORIENTED_EDGE('',*,*,#3999,.F.);
#5397=ORIENTED_EDGE('',*,*,#4000,.F.);
#5398=ORIENTED_EDGE('',*,*,#3972,.T.);
#5399=ORIENTED_EDGE('',*,*,#4000,.T.);
#5400=ORIENTED_EDGE('',*,*,#4001,.F.);
#5401=ORIENTED_EDGE('',*,*,#4002,.F.);
#5402=ORIENTED_EDGE('',*,*,#3973,.T.);
#5403=ORIENTED_EDGE('',*,*,#4002,.T.);
#5404=ORIENTED_EDGE('',*,*,#4003,.F.);
#5405=ORIENTED_EDGE('',*,*,#4004,.F.);
#5406=ORIENTED_EDGE('',*,*,#3974,.T.);
#5407=ORIENTED_EDGE('',*,*,#4004,.T.);
#5408=ORIENTED_EDGE('',*,*,#4005,.F.);
#5409=ORIENTED_EDGE('',*,*,#4006,.F.);
#5410=ORIENTED_EDGE('',*,*,#3975,.T.);
#5411=ORIENTED_EDGE('',*,*,#4006,.T.);
#5412=ORIENTED_EDGE('',*,*,#4007,.F.);
#5413=ORIENTED_EDGE('',*,*,#4008,.F.);
#5414=ORIENTED_EDGE('',*,*,#3976,.T.);
#5415=ORIENTED_EDGE('',*,*,#4008,.T.);
#5416=ORIENTED_EDGE('',*,*,#4009,.F.);
#5417=ORIENTED_EDGE('',*,*,#4010,.F.);
#5418=ORIENTED_EDGE('',*,*,#3977,.T.);
#5419=ORIENTED_EDGE('',*,*,#4010,.T.);
#5420=ORIENTED_EDGE('',*,*,#4011,.F.);
#5421=ORIENTED_EDGE('',*,*,#4012,.F.);
#5422=ORIENTED_EDGE('',*,*,#3978,.T.);
#5423=ORIENTED_EDGE('',*,*,#4012,.T.);
#5424=ORIENTED_EDGE('',*,*,#4013,.F.);
#5425=ORIENTED_EDGE('',*,*,#4014,.F.);
#5426=ORIENTED_EDGE('',*,*,#3979,.T.);
#5427=ORIENTED_EDGE('',*,*,#4014,.T.);
#5428=ORIENTED_EDGE('',*,*,#4015,.F.);
#5429=ORIENTED_EDGE('',*,*,#4016,.F.);
#5430=ORIENTED_EDGE('',*,*,#3980,.T.);
#5431=ORIENTED_EDGE('',*,*,#4016,.T.);
#5432=ORIENTED_EDGE('',*,*,#4017,.F.);
#5433=ORIENTED_EDGE('',*,*,#4018,.F.);
#5434=ORIENTED_EDGE('',*,*,#3981,.T.);
#5435=ORIENTED_EDGE('',*,*,#4018,.T.);
#5436=ORIENTED_EDGE('',*,*,#4019,.F.);
#5437=ORIENTED_EDGE('',*,*,#3982,.F.);
#5438=ORIENTED_EDGE('',*,*,#4020,.F.);
#5439=ORIENTED_EDGE('',*,*,#4021,.F.);
#5440=ORIENTED_EDGE('',*,*,#4022,.F.);
#5441=ORIENTED_EDGE('',*,*,#4023,.F.);
#5442=ORIENTED_EDGE('',*,*,#4024,.F.);
#5443=ORIENTED_EDGE('',*,*,#4025,.F.);
#5444=ORIENTED_EDGE('',*,*,#4026,.F.);
#5445=ORIENTED_EDGE('',*,*,#4027,.F.);
#5446=ORIENTED_EDGE('',*,*,#4028,.F.);
#5447=ORIENTED_EDGE('',*,*,#4029,.F.);
#5448=ORIENTED_EDGE('',*,*,#4030,.F.);
#5449=ORIENTED_EDGE('',*,*,#4031,.F.);
#5450=ORIENTED_EDGE('',*,*,#4032,.F.);
#5451=ORIENTED_EDGE('',*,*,#4033,.F.);
#5452=ORIENTED_EDGE('',*,*,#4034,.F.);
#5453=ORIENTED_EDGE('',*,*,#4035,.F.);
#5454=ORIENTED_EDGE('',*,*,#4036,.F.);
#5455=ORIENTED_EDGE('',*,*,#4037,.F.);
#5456=ORIENTED_EDGE('',*,*,#4038,.F.);
#5457=ORIENTED_EDGE('',*,*,#4039,.F.);
#5458=ORIENTED_EDGE('',*,*,#4040,.F.);
#5459=ORIENTED_EDGE('',*,*,#4041,.F.);
#5460=ORIENTED_EDGE('',*,*,#4042,.F.);
#5461=ORIENTED_EDGE('',*,*,#4043,.F.);
#5462=ORIENTED_EDGE('',*,*,#4044,.F.);
#5463=ORIENTED_EDGE('',*,*,#4045,.F.);
#5464=ORIENTED_EDGE('',*,*,#4046,.F.);
#5465=ORIENTED_EDGE('',*,*,#4047,.F.);
#5466=ORIENTED_EDGE('',*,*,#4048,.F.);
#5467=ORIENTED_EDGE('',*,*,#4049,.F.);
#5468=ORIENTED_EDGE('',*,*,#4050,.F.);
#5469=ORIENTED_EDGE('',*,*,#4051,.F.);
#5470=ORIENTED_EDGE('',*,*,#4052,.F.);
#5471=ORIENTED_EDGE('',*,*,#4053,.F.);
#5472=ORIENTED_EDGE('',*,*,#4054,.F.);
#5473=ORIENTED_EDGE('',*,*,#4020,.T.);
#5474=ORIENTED_EDGE('',*,*,#4055,.T.);
#5475=ORIENTED_EDGE('',*,*,#4056,.F.);
#5476=ORIENTED_EDGE('',*,*,#4057,.F.);
#5477=ORIENTED_EDGE('',*,*,#4021,.T.);
#5478=ORIENTED_EDGE('',*,*,#4057,.T.);
#5479=ORIENTED_EDGE('',*,*,#4058,.F.);
#5480=ORIENTED_EDGE('',*,*,#4059,.F.);
#5481=ORIENTED_EDGE('',*,*,#4022,.T.);
#5482=ORIENTED_EDGE('',*,*,#4059,.T.);
#5483=ORIENTED_EDGE('',*,*,#4060,.F.);
#5484=ORIENTED_EDGE('',*,*,#4061,.F.);
#5485=ORIENTED_EDGE('',*,*,#4023,.T.);
#5486=ORIENTED_EDGE('',*,*,#4061,.T.);
#5487=ORIENTED_EDGE('',*,*,#4062,.F.);
#5488=ORIENTED_EDGE('',*,*,#4063,.F.);
#5489=ORIENTED_EDGE('',*,*,#4024,.T.);
#5490=ORIENTED_EDGE('',*,*,#4063,.T.);
#5491=ORIENTED_EDGE('',*,*,#4064,.F.);
#5492=ORIENTED_EDGE('',*,*,#4065,.F.);
#5493=ORIENTED_EDGE('',*,*,#4025,.T.);
#5494=ORIENTED_EDGE('',*,*,#4065,.T.);
#5495=ORIENTED_EDGE('',*,*,#4066,.F.);
#5496=ORIENTED_EDGE('',*,*,#4067,.F.);
#5497=ORIENTED_EDGE('',*,*,#4026,.T.);
#5498=ORIENTED_EDGE('',*,*,#4067,.T.);
#5499=ORIENTED_EDGE('',*,*,#4068,.F.);
#5500=ORIENTED_EDGE('',*,*,#4069,.F.);
#5501=ORIENTED_EDGE('',*,*,#4027,.T.);
#5502=ORIENTED_EDGE('',*,*,#4069,.T.);
#5503=ORIENTED_EDGE('',*,*,#4070,.F.);
#5504=ORIENTED_EDGE('',*,*,#4071,.F.);
#5505=ORIENTED_EDGE('',*,*,#4028,.T.);
#5506=ORIENTED_EDGE('',*,*,#4071,.T.);
#5507=ORIENTED_EDGE('',*,*,#4072,.F.);
#5508=ORIENTED_EDGE('',*,*,#4073,.F.);
#5509=ORIENTED_EDGE('',*,*,#4029,.T.);
#5510=ORIENTED_EDGE('',*,*,#4073,.T.);
#5511=ORIENTED_EDGE('',*,*,#4074,.F.);
#5512=ORIENTED_EDGE('',*,*,#4075,.F.);
#5513=ORIENTED_EDGE('',*,*,#4030,.T.);
#5514=ORIENTED_EDGE('',*,*,#4075,.T.);
#5515=ORIENTED_EDGE('',*,*,#4076,.F.);
#5516=ORIENTED_EDGE('',*,*,#4077,.F.);
#5517=ORIENTED_EDGE('',*,*,#4031,.T.);
#5518=ORIENTED_EDGE('',*,*,#4077,.T.);
#5519=ORIENTED_EDGE('',*,*,#4078,.F.);
#5520=ORIENTED_EDGE('',*,*,#4079,.F.);
#5521=ORIENTED_EDGE('',*,*,#4032,.T.);
#5522=ORIENTED_EDGE('',*,*,#4079,.T.);
#5523=ORIENTED_EDGE('',*,*,#4080,.F.);
#5524=ORIENTED_EDGE('',*,*,#4081,.F.);
#5525=ORIENTED_EDGE('',*,*,#4033,.T.);
#5526=ORIENTED_EDGE('',*,*,#4081,.T.);
#5527=ORIENTED_EDGE('',*,*,#4082,.F.);
#5528=ORIENTED_EDGE('',*,*,#4083,.F.);
#5529=ORIENTED_EDGE('',*,*,#4034,.T.);
#5530=ORIENTED_EDGE('',*,*,#4083,.T.);
#5531=ORIENTED_EDGE('',*,*,#4084,.F.);
#5532=ORIENTED_EDGE('',*,*,#4085,.F.);
#5533=ORIENTED_EDGE('',*,*,#4035,.T.);
#5534=ORIENTED_EDGE('',*,*,#4085,.T.);
#5535=ORIENTED_EDGE('',*,*,#4086,.F.);
#5536=ORIENTED_EDGE('',*,*,#4087,.F.);
#5537=ORIENTED_EDGE('',*,*,#4036,.T.);
#5538=ORIENTED_EDGE('',*,*,#4087,.T.);
#5539=ORIENTED_EDGE('',*,*,#4088,.F.);
#5540=ORIENTED_EDGE('',*,*,#4089,.F.);
#5541=ORIENTED_EDGE('',*,*,#4037,.T.);
#5542=ORIENTED_EDGE('',*,*,#4089,.T.);
#5543=ORIENTED_EDGE('',*,*,#4090,.F.);
#5544=ORIENTED_EDGE('',*,*,#4091,.F.);
#5545=ORIENTED_EDGE('',*,*,#4038,.T.);
#5546=ORIENTED_EDGE('',*,*,#4091,.T.);
#5547=ORIENTED_EDGE('',*,*,#4092,.F.);
#5548=ORIENTED_EDGE('',*,*,#4093,.F.);
#5549=ORIENTED_EDGE('',*,*,#4039,.T.);
#5550=ORIENTED_EDGE('',*,*,#4093,.T.);
#5551=ORIENTED_EDGE('',*,*,#4094,.F.);
#5552=ORIENTED_EDGE('',*,*,#4095,.F.);
#5553=ORIENTED_EDGE('',*,*,#4040,.T.);
#5554=ORIENTED_EDGE('',*,*,#4095,.T.);
#5555=ORIENTED_EDGE('',*,*,#4096,.F.);
#5556=ORIENTED_EDGE('',*,*,#4097,.F.);
#5557=ORIENTED_EDGE('',*,*,#4041,.T.);
#5558=ORIENTED_EDGE('',*,*,#4097,.T.);
#5559=ORIENTED_EDGE('',*,*,#4098,.F.);
#5560=ORIENTED_EDGE('',*,*,#4099,.F.);
#5561=ORIENTED_EDGE('',*,*,#4042,.T.);
#5562=ORIENTED_EDGE('',*,*,#4099,.T.);
#5563=ORIENTED_EDGE('',*,*,#4100,.F.);
#5564=ORIENTED_EDGE('',*,*,#4101,.F.);
#5565=ORIENTED_EDGE('',*,*,#4043,.T.);
#5566=ORIENTED_EDGE('',*,*,#4101,.T.);
#5567=ORIENTED_EDGE('',*,*,#4102,.F.);
#5568=ORIENTED_EDGE('',*,*,#4103,.F.);
#5569=ORIENTED_EDGE('',*,*,#4044,.T.);
#5570=ORIENTED_EDGE('',*,*,#4103,.T.);
#5571=ORIENTED_EDGE('',*,*,#4104,.F.);
#5572=ORIENTED_EDGE('',*,*,#4105,.F.);
#5573=ORIENTED_EDGE('',*,*,#4045,.T.);
#5574=ORIENTED_EDGE('',*,*,#4105,.T.);
#5575=ORIENTED_EDGE('',*,*,#4106,.F.);
#5576=ORIENTED_EDGE('',*,*,#4107,.F.);
#5577=ORIENTED_EDGE('',*,*,#4046,.T.);
#5578=ORIENTED_EDGE('',*,*,#4107,.T.);
#5579=ORIENTED_EDGE('',*,*,#4108,.F.);
#5580=ORIENTED_EDGE('',*,*,#4109,.F.);
#5581=ORIENTED_EDGE('',*,*,#4047,.T.);
#5582=ORIENTED_EDGE('',*,*,#4109,.T.);
#5583=ORIENTED_EDGE('',*,*,#4110,.F.);
#5584=ORIENTED_EDGE('',*,*,#4111,.F.);
#5585=ORIENTED_EDGE('',*,*,#4048,.T.);
#5586=ORIENTED_EDGE('',*,*,#4111,.T.);
#5587=ORIENTED_EDGE('',*,*,#4112,.F.);
#5588=ORIENTED_EDGE('',*,*,#4113,.F.);
#5589=ORIENTED_EDGE('',*,*,#4049,.T.);
#5590=ORIENTED_EDGE('',*,*,#4113,.T.);
#5591=ORIENTED_EDGE('',*,*,#4114,.F.);
#5592=ORIENTED_EDGE('',*,*,#4115,.F.);
#5593=ORIENTED_EDGE('',*,*,#4050,.T.);
#5594=ORIENTED_EDGE('',*,*,#4115,.T.);
#5595=ORIENTED_EDGE('',*,*,#4116,.F.);
#5596=ORIENTED_EDGE('',*,*,#4117,.F.);
#5597=ORIENTED_EDGE('',*,*,#4051,.T.);
#5598=ORIENTED_EDGE('',*,*,#4117,.T.);
#5599=ORIENTED_EDGE('',*,*,#4118,.F.);
#5600=ORIENTED_EDGE('',*,*,#4119,.F.);
#5601=ORIENTED_EDGE('',*,*,#4052,.T.);
#5602=ORIENTED_EDGE('',*,*,#4119,.T.);
#5603=ORIENTED_EDGE('',*,*,#4120,.F.);
#5604=ORIENTED_EDGE('',*,*,#4121,.F.);
#5605=ORIENTED_EDGE('',*,*,#4053,.T.);
#5606=ORIENTED_EDGE('',*,*,#4121,.T.);
#5607=ORIENTED_EDGE('',*,*,#4122,.F.);
#5608=ORIENTED_EDGE('',*,*,#4123,.F.);
#5609=ORIENTED_EDGE('',*,*,#4054,.T.);
#5610=ORIENTED_EDGE('',*,*,#4123,.T.);
#5611=ORIENTED_EDGE('',*,*,#4124,.F.);
#5612=ORIENTED_EDGE('',*,*,#4055,.F.);
#5613=ORIENTED_EDGE('',*,*,#4125,.F.);
#5614=ORIENTED_EDGE('',*,*,#4126,.F.);
#5615=ORIENTED_EDGE('',*,*,#4127,.F.);
#5616=ORIENTED_EDGE('',*,*,#4128,.F.);
#5617=ORIENTED_EDGE('',*,*,#4129,.F.);
#5618=ORIENTED_EDGE('',*,*,#4130,.F.);
#5619=ORIENTED_EDGE('',*,*,#4131,.F.);
#5620=ORIENTED_EDGE('',*,*,#4132,.F.);
#5621=ORIENTED_EDGE('',*,*,#4133,.F.);
#5622=ORIENTED_EDGE('',*,*,#4134,.F.);
#5623=ORIENTED_EDGE('',*,*,#4135,.F.);
#5624=ORIENTED_EDGE('',*,*,#4136,.F.);
#5625=ORIENTED_EDGE('',*,*,#4137,.F.);
#5626=ORIENTED_EDGE('',*,*,#4138,.F.);
#5627=ORIENTED_EDGE('',*,*,#4139,.F.);
#5628=ORIENTED_EDGE('',*,*,#4140,.F.);
#5629=ORIENTED_EDGE('',*,*,#4141,.F.);
#5630=ORIENTED_EDGE('',*,*,#4142,.F.);
#5631=ORIENTED_EDGE('',*,*,#4143,.F.);
#5632=ORIENTED_EDGE('',*,*,#4144,.F.);
#5633=ORIENTED_EDGE('',*,*,#4125,.T.);
#5634=ORIENTED_EDGE('',*,*,#4145,.T.);
#5635=ORIENTED_EDGE('',*,*,#4146,.F.);
#5636=ORIENTED_EDGE('',*,*,#4147,.F.);
#5637=ORIENTED_EDGE('',*,*,#4126,.T.);
#5638=ORIENTED_EDGE('',*,*,#4147,.T.);
#5639=ORIENTED_EDGE('',*,*,#4148,.F.);
#5640=ORIENTED_EDGE('',*,*,#4149,.F.);
#5641=ORIENTED_EDGE('',*,*,#4127,.T.);
#5642=ORIENTED_EDGE('',*,*,#4149,.T.);
#5643=ORIENTED_EDGE('',*,*,#4150,.F.);
#5644=ORIENTED_EDGE('',*,*,#4151,.F.);
#5645=ORIENTED_EDGE('',*,*,#4128,.T.);
#5646=ORIENTED_EDGE('',*,*,#4151,.T.);
#5647=ORIENTED_EDGE('',*,*,#4152,.F.);
#5648=ORIENTED_EDGE('',*,*,#4153,.F.);
#5649=ORIENTED_EDGE('',*,*,#4129,.T.);
#5650=ORIENTED_EDGE('',*,*,#4153,.T.);
#5651=ORIENTED_EDGE('',*,*,#4154,.F.);
#5652=ORIENTED_EDGE('',*,*,#4155,.F.);
#5653=ORIENTED_EDGE('',*,*,#4130,.T.);
#5654=ORIENTED_EDGE('',*,*,#4155,.T.);
#5655=ORIENTED_EDGE('',*,*,#4156,.F.);
#5656=ORIENTED_EDGE('',*,*,#4157,.F.);
#5657=ORIENTED_EDGE('',*,*,#4131,.T.);
#5658=ORIENTED_EDGE('',*,*,#4157,.T.);
#5659=ORIENTED_EDGE('',*,*,#4158,.F.);
#5660=ORIENTED_EDGE('',*,*,#4159,.F.);
#5661=ORIENTED_EDGE('',*,*,#4132,.T.);
#5662=ORIENTED_EDGE('',*,*,#4159,.T.);
#5663=ORIENTED_EDGE('',*,*,#4160,.F.);
#5664=ORIENTED_EDGE('',*,*,#4161,.F.);
#5665=ORIENTED_EDGE('',*,*,#4133,.T.);
#5666=ORIENTED_EDGE('',*,*,#4161,.T.);
#5667=ORIENTED_EDGE('',*,*,#4162,.F.);
#5668=ORIENTED_EDGE('',*,*,#4163,.F.);
#5669=ORIENTED_EDGE('',*,*,#4134,.T.);
#5670=ORIENTED_EDGE('',*,*,#4163,.T.);
#5671=ORIENTED_EDGE('',*,*,#4164,.F.);
#5672=ORIENTED_EDGE('',*,*,#4165,.F.);
#5673=ORIENTED_EDGE('',*,*,#4135,.T.);
#5674=ORIENTED_EDGE('',*,*,#4165,.T.);
#5675=ORIENTED_EDGE('',*,*,#4166,.F.);
#5676=ORIENTED_EDGE('',*,*,#4167,.F.);
#5677=ORIENTED_EDGE('',*,*,#4136,.T.);
#5678=ORIENTED_EDGE('',*,*,#4167,.T.);
#5679=ORIENTED_EDGE('',*,*,#4168,.F.);
#5680=ORIENTED_EDGE('',*,*,#4169,.F.);
#5681=ORIENTED_EDGE('',*,*,#4137,.T.);
#5682=ORIENTED_EDGE('',*,*,#4169,.T.);
#5683=ORIENTED_EDGE('',*,*,#4170,.F.);
#5684=ORIENTED_EDGE('',*,*,#4171,.F.);
#5685=ORIENTED_EDGE('',*,*,#4138,.T.);
#5686=ORIENTED_EDGE('',*,*,#4171,.T.);
#5687=ORIENTED_EDGE('',*,*,#4172,.F.);
#5688=ORIENTED_EDGE('',*,*,#4173,.F.);
#5689=ORIENTED_EDGE('',*,*,#4139,.T.);
#5690=ORIENTED_EDGE('',*,*,#4173,.T.);
#5691=ORIENTED_EDGE('',*,*,#4174,.F.);
#5692=ORIENTED_EDGE('',*,*,#4175,.F.);
#5693=ORIENTED_EDGE('',*,*,#4140,.T.);
#5694=ORIENTED_EDGE('',*,*,#4175,.T.);
#5695=ORIENTED_EDGE('',*,*,#4176,.F.);
#5696=ORIENTED_EDGE('',*,*,#4177,.F.);
#5697=ORIENTED_EDGE('',*,*,#4141,.T.);
#5698=ORIENTED_EDGE('',*,*,#4177,.T.);
#5699=ORIENTED_EDGE('',*,*,#4178,.F.);
#5700=ORIENTED_EDGE('',*,*,#4179,.F.);
#5701=ORIENTED_EDGE('',*,*,#4142,.T.);
#5702=ORIENTED_EDGE('',*,*,#4179,.T.);
#5703=ORIENTED_EDGE('',*,*,#4180,.F.);
#5704=ORIENTED_EDGE('',*,*,#4181,.F.);
#5705=ORIENTED_EDGE('',*,*,#4143,.T.);
#5706=ORIENTED_EDGE('',*,*,#4181,.T.);
#5707=ORIENTED_EDGE('',*,*,#4182,.F.);
#5708=ORIENTED_EDGE('',*,*,#4183,.F.);
#5709=ORIENTED_EDGE('',*,*,#4144,.T.);
#5710=ORIENTED_EDGE('',*,*,#4183,.T.);
#5711=ORIENTED_EDGE('',*,*,#4184,.F.);
#5712=ORIENTED_EDGE('',*,*,#4145,.F.);
#5713=ORIENTED_EDGE('',*,*,#4185,.F.);
#5714=ORIENTED_EDGE('',*,*,#4186,.F.);
#5715=ORIENTED_EDGE('',*,*,#4187,.F.);
#5716=ORIENTED_EDGE('',*,*,#4188,.F.);
#5717=ORIENTED_EDGE('',*,*,#4189,.F.);
#5718=ORIENTED_EDGE('',*,*,#4190,.F.);
#5719=ORIENTED_EDGE('',*,*,#4191,.F.);
#5720=ORIENTED_EDGE('',*,*,#4192,.F.);
#5721=ORIENTED_EDGE('',*,*,#4193,.F.);
#5722=ORIENTED_EDGE('',*,*,#4194,.F.);
#5723=ORIENTED_EDGE('',*,*,#4195,.F.);
#5724=ORIENTED_EDGE('',*,*,#4196,.F.);
#5725=ORIENTED_EDGE('',*,*,#4197,.F.);
#5726=ORIENTED_EDGE('',*,*,#4198,.F.);
#5727=ORIENTED_EDGE('',*,*,#4199,.F.);
#5728=ORIENTED_EDGE('',*,*,#4200,.F.);
#5729=ORIENTED_EDGE('',*,*,#4201,.F.);
#5730=ORIENTED_EDGE('',*,*,#4185,.T.);
#5731=ORIENTED_EDGE('',*,*,#4202,.T.);
#5732=ORIENTED_EDGE('',*,*,#4203,.F.);
#5733=ORIENTED_EDGE('',*,*,#4204,.F.);
#5734=ORIENTED_EDGE('',*,*,#4186,.T.);
#5735=ORIENTED_EDGE('',*,*,#4204,.T.);
#5736=ORIENTED_EDGE('',*,*,#4205,.F.);
#5737=ORIENTED_EDGE('',*,*,#4206,.F.);
#5738=ORIENTED_EDGE('',*,*,#4187,.T.);
#5739=ORIENTED_EDGE('',*,*,#4206,.T.);
#5740=ORIENTED_EDGE('',*,*,#4207,.F.);
#5741=ORIENTED_EDGE('',*,*,#4208,.F.);
#5742=ORIENTED_EDGE('',*,*,#4188,.T.);
#5743=ORIENTED_EDGE('',*,*,#4208,.T.);
#5744=ORIENTED_EDGE('',*,*,#4209,.F.);
#5745=ORIENTED_EDGE('',*,*,#4210,.F.);
#5746=ORIENTED_EDGE('',*,*,#4189,.T.);
#5747=ORIENTED_EDGE('',*,*,#4210,.T.);
#5748=ORIENTED_EDGE('',*,*,#4211,.F.);
#5749=ORIENTED_EDGE('',*,*,#4212,.F.);
#5750=ORIENTED_EDGE('',*,*,#4190,.T.);
#5751=ORIENTED_EDGE('',*,*,#4212,.T.);
#5752=ORIENTED_EDGE('',*,*,#4213,.F.);
#5753=ORIENTED_EDGE('',*,*,#4214,.F.);
#5754=ORIENTED_EDGE('',*,*,#4191,.T.);
#5755=ORIENTED_EDGE('',*,*,#4214,.T.);
#5756=ORIENTED_EDGE('',*,*,#4215,.F.);
#5757=ORIENTED_EDGE('',*,*,#4216,.F.);
#5758=ORIENTED_EDGE('',*,*,#4192,.T.);
#5759=ORIENTED_EDGE('',*,*,#4216,.T.);
#5760=ORIENTED_EDGE('',*,*,#4217,.F.);
#5761=ORIENTED_EDGE('',*,*,#4218,.F.);
#5762=ORIENTED_EDGE('',*,*,#4193,.T.);
#5763=ORIENTED_EDGE('',*,*,#4218,.T.);
#5764=ORIENTED_EDGE('',*,*,#4219,.F.);
#5765=ORIENTED_EDGE('',*,*,#4220,.F.);
#5766=ORIENTED_EDGE('',*,*,#4194,.T.);
#5767=ORIENTED_EDGE('',*,*,#4220,.T.);
#5768=ORIENTED_EDGE('',*,*,#4221,.F.);
#5769=ORIENTED_EDGE('',*,*,#4222,.F.);
#5770=ORIENTED_EDGE('',*,*,#4195,.T.);
#5771=ORIENTED_EDGE('',*,*,#4222,.T.);
#5772=ORIENTED_EDGE('',*,*,#4223,.F.);
#5773=ORIENTED_EDGE('',*,*,#4224,.F.);
#5774=ORIENTED_EDGE('',*,*,#4196,.T.);
#5775=ORIENTED_EDGE('',*,*,#4224,.T.);
#5776=ORIENTED_EDGE('',*,*,#4225,.F.);
#5777=ORIENTED_EDGE('',*,*,#4226,.F.);
#5778=ORIENTED_EDGE('',*,*,#4197,.T.);
#5779=ORIENTED_EDGE('',*,*,#4226,.T.);
#5780=ORIENTED_EDGE('',*,*,#4227,.F.);
#5781=ORIENTED_EDGE('',*,*,#4228,.F.);
#5782=ORIENTED_EDGE('',*,*,#4198,.T.);
#5783=ORIENTED_EDGE('',*,*,#4228,.T.);
#5784=ORIENTED_EDGE('',*,*,#4229,.F.);
#5785=ORIENTED_EDGE('',*,*,#4230,.F.);
#5786=ORIENTED_EDGE('',*,*,#4199,.T.);
#5787=ORIENTED_EDGE('',*,*,#4230,.T.);
#5788=ORIENTED_EDGE('',*,*,#4231,.F.);
#5789=ORIENTED_EDGE('',*,*,#4232,.F.);
#5790=ORIENTED_EDGE('',*,*,#4200,.T.);
#5791=ORIENTED_EDGE('',*,*,#4232,.T.);
#5792=ORIENTED_EDGE('',*,*,#4233,.F.);
#5793=ORIENTED_EDGE('',*,*,#4234,.F.);
#5794=ORIENTED_EDGE('',*,*,#4201,.T.);
#5795=ORIENTED_EDGE('',*,*,#4234,.T.);
#5796=ORIENTED_EDGE('',*,*,#4235,.F.);
#5797=ORIENTED_EDGE('',*,*,#4202,.F.);
#5798=ORIENTED_EDGE('',*,*,#4236,.F.);
#5799=ORIENTED_EDGE('',*,*,#4237,.F.);
#5800=ORIENTED_EDGE('',*,*,#4238,.F.);
#5801=ORIENTED_EDGE('',*,*,#4239,.F.);
#5802=ORIENTED_EDGE('',*,*,#4240,.F.);
#5803=ORIENTED_EDGE('',*,*,#4241,.F.);
#5804=ORIENTED_EDGE('',*,*,#4242,.F.);
#5805=ORIENTED_EDGE('',*,*,#4243,.F.);
#5806=ORIENTED_EDGE('',*,*,#4244,.F.);
#5807=ORIENTED_EDGE('',*,*,#4245,.F.);
#5808=ORIENTED_EDGE('',*,*,#4246,.F.);
#5809=ORIENTED_EDGE('',*,*,#4247,.F.);
#5810=ORIENTED_EDGE('',*,*,#4248,.F.);
#5811=ORIENTED_EDGE('',*,*,#4249,.F.);
#5812=ORIENTED_EDGE('',*,*,#4250,.F.);
#5813=ORIENTED_EDGE('',*,*,#4251,.F.);
#5814=ORIENTED_EDGE('',*,*,#4252,.F.);
#5815=ORIENTED_EDGE('',*,*,#4253,.F.);
#5816=ORIENTED_EDGE('',*,*,#4236,.T.);
#5817=ORIENTED_EDGE('',*,*,#4254,.T.);
#5818=ORIENTED_EDGE('',*,*,#4255,.F.);
#5819=ORIENTED_EDGE('',*,*,#4256,.F.);
#5820=ORIENTED_EDGE('',*,*,#4237,.T.);
#5821=ORIENTED_EDGE('',*,*,#4256,.T.);
#5822=ORIENTED_EDGE('',*,*,#4257,.F.);
#5823=ORIENTED_EDGE('',*,*,#4258,.F.);
#5824=ORIENTED_EDGE('',*,*,#4238,.T.);
#5825=ORIENTED_EDGE('',*,*,#4258,.T.);
#5826=ORIENTED_EDGE('',*,*,#4259,.F.);
#5827=ORIENTED_EDGE('',*,*,#4260,.F.);
#5828=ORIENTED_EDGE('',*,*,#4239,.T.);
#5829=ORIENTED_EDGE('',*,*,#4260,.T.);
#5830=ORIENTED_EDGE('',*,*,#4261,.F.);
#5831=ORIENTED_EDGE('',*,*,#4262,.F.);
#5832=ORIENTED_EDGE('',*,*,#4240,.T.);
#5833=ORIENTED_EDGE('',*,*,#4262,.T.);
#5834=ORIENTED_EDGE('',*,*,#4263,.F.);
#5835=ORIENTED_EDGE('',*,*,#4264,.F.);
#5836=ORIENTED_EDGE('',*,*,#4241,.T.);
#5837=ORIENTED_EDGE('',*,*,#4264,.T.);
#5838=ORIENTED_EDGE('',*,*,#4265,.F.);
#5839=ORIENTED_EDGE('',*,*,#4266,.F.);
#5840=ORIENTED_EDGE('',*,*,#4242,.T.);
#5841=ORIENTED_EDGE('',*,*,#4266,.T.);
#5842=ORIENTED_EDGE('',*,*,#4267,.F.);
#5843=ORIENTED_EDGE('',*,*,#4268,.F.);
#5844=ORIENTED_EDGE('',*,*,#4243,.T.);
#5845=ORIENTED_EDGE('',*,*,#4268,.T.);
#5846=ORIENTED_EDGE('',*,*,#4269,.F.);
#5847=ORIENTED_EDGE('',*,*,#4270,.F.);
#5848=ORIENTED_EDGE('',*,*,#4244,.T.);
#5849=ORIENTED_EDGE('',*,*,#4270,.T.);
#5850=ORIENTED_EDGE('',*,*,#4271,.F.);
#5851=ORIENTED_EDGE('',*,*,#4272,.F.);
#5852=ORIENTED_EDGE('',*,*,#4245,.T.);
#5853=ORIENTED_EDGE('',*,*,#4272,.T.);
#5854=ORIENTED_EDGE('',*,*,#4273,.F.);
#5855=ORIENTED_EDGE('',*,*,#4274,.F.);
#5856=ORIENTED_EDGE('',*,*,#4246,.T.);
#5857=ORIENTED_EDGE('',*,*,#4274,.T.);
#5858=ORIENTED_EDGE('',*,*,#4275,.F.);
#5859=ORIENTED_EDGE('',*,*,#4276,.F.);
#5860=ORIENTED_EDGE('',*,*,#4247,.T.);
#5861=ORIENTED_EDGE('',*,*,#4276,.T.);
#5862=ORIENTED_EDGE('',*,*,#4277,.F.);
#5863=ORIENTED_EDGE('',*,*,#4278,.F.);
#5864=ORIENTED_EDGE('',*,*,#4248,.T.);
#5865=ORIENTED_EDGE('',*,*,#4278,.T.);
#5866=ORIENTED_EDGE('',*,*,#4279,.F.);
#5867=ORIENTED_EDGE('',*,*,#4280,.F.);
#5868=ORIENTED_EDGE('',*,*,#4249,.T.);
#5869=ORIENTED_EDGE('',*,*,#4280,.T.);
#5870=ORIENTED_EDGE('',*,*,#4281,.F.);
#5871=ORIENTED_EDGE('',*,*,#4282,.F.);
#5872=ORIENTED_EDGE('',*,*,#4250,.T.);
#5873=ORIENTED_EDGE('',*,*,#4282,.T.);
#5874=ORIENTED_EDGE('',*,*,#4283,.F.);
#5875=ORIENTED_EDGE('',*,*,#4284,.F.);
#5876=ORIENTED_EDGE('',*,*,#4251,.T.);
#5877=ORIENTED_EDGE('',*,*,#4284,.T.);
#5878=ORIENTED_EDGE('',*,*,#4285,.F.);
#5879=ORIENTED_EDGE('',*,*,#4286,.F.);
#5880=ORIENTED_EDGE('',*,*,#4252,.T.);
#5881=ORIENTED_EDGE('',*,*,#4286,.T.);
#5882=ORIENTED_EDGE('',*,*,#4287,.F.);
#5883=ORIENTED_EDGE('',*,*,#4288,.F.);
#5884=ORIENTED_EDGE('',*,*,#4253,.T.);
#5885=ORIENTED_EDGE('',*,*,#4288,.T.);
#5886=ORIENTED_EDGE('',*,*,#4289,.F.);
#5887=ORIENTED_EDGE('',*,*,#4254,.F.);
#5888=ORIENTED_EDGE('',*,*,#4290,.F.);
#5889=ORIENTED_EDGE('',*,*,#4291,.F.);
#5890=ORIENTED_EDGE('',*,*,#4292,.F.);
#5891=ORIENTED_EDGE('',*,*,#4293,.T.);
#5892=ORIENTED_EDGE('',*,*,#4294,.F.);
#5893=ORIENTED_EDGE('',*,*,#4293,.F.);
#5894=ORIENTED_EDGE('',*,*,#4295,.F.);
#5895=ORIENTED_EDGE('',*,*,#4296,.T.);
#5896=ORIENTED_EDGE('',*,*,#4297,.F.);
#5897=ORIENTED_EDGE('',*,*,#4296,.F.);
#5898=ORIENTED_EDGE('',*,*,#4298,.F.);
#5899=ORIENTED_EDGE('',*,*,#4299,.T.);
#5900=ORIENTED_EDGE('',*,*,#4300,.F.);
#5901=ORIENTED_EDGE('',*,*,#4299,.F.);
#5902=ORIENTED_EDGE('',*,*,#4301,.F.);
#5903=ORIENTED_EDGE('',*,*,#4291,.T.);
#5904=ORIENTED_EDGE('',*,*,#3399,.F.);
#5905=ORIENTED_EDGE('',*,*,#4302,.T.);
#5906=ORIENTED_EDGE('',*,*,#4303,.T.);
#5907=ORIENTED_EDGE('',*,*,#4304,.F.);
#5908=ORIENTED_EDGE('',*,*,#3342,.T.);
#5909=ORIENTED_EDGE('',*,*,#3407,.F.);
#5910=ORIENTED_EDGE('',*,*,#4305,.T.);
#5911=ORIENTED_EDGE('',*,*,#4306,.T.);
#5912=ORIENTED_EDGE('',*,*,#4302,.F.);
#5913=ORIENTED_EDGE('',*,*,#3398,.F.);
#5914=ORIENTED_EDGE('',*,*,#3344,.T.);
#5915=ORIENTED_EDGE('',*,*,#3346,.T.);
#5916=ORIENTED_EDGE('',*,*,#3382,.T.);
#5917=ORIENTED_EDGE('',*,*,#3405,.F.);
#5918=ORIENTED_EDGE('',*,*,#4307,.T.);
#5919=ORIENTED_EDGE('',*,*,#4308,.T.);
#5920=ORIENTED_EDGE('',*,*,#4305,.F.);
#5921=ORIENTED_EDGE('',*,*,#3406,.F.);
#5922=ORIENTED_EDGE('',*,*,#3384,.T.);
#5923=ORIENTED_EDGE('',*,*,#3386,.T.);
#5924=ORIENTED_EDGE('',*,*,#3404,.F.);
#5925=ORIENTED_EDGE('',*,*,#4309,.T.);
#5926=ORIENTED_EDGE('',*,*,#4310,.T.);
#5927=ORIENTED_EDGE('',*,*,#4307,.F.);
#5928=ORIENTED_EDGE('',*,*,#4297,.T.);
#5929=ORIENTED_EDGE('',*,*,#4300,.T.);
#5930=ORIENTED_EDGE('',*,*,#4290,.T.);
#5931=ORIENTED_EDGE('',*,*,#4294,.T.);
#5932=ORIENTED_EDGE('',*,*,#3377,.T.);
#5933=ORIENTED_EDGE('',*,*,#3402,.F.);
#5934=ORIENTED_EDGE('',*,*,#4311,.T.);
#5935=ORIENTED_EDGE('',*,*,#4312,.T.);
#5936=ORIENTED_EDGE('',*,*,#4309,.F.);
#5937=ORIENTED_EDGE('',*,*,#3403,.F.);
#5938=ORIENTED_EDGE('',*,*,#3379,.T.);
#5939=ORIENTED_EDGE('',*,*,#3381,.T.);
#5940=ORIENTED_EDGE('',*,*,#3419,.T.);
#5941=ORIENTED_EDGE('',*,*,#3416,.T.);
#5942=ORIENTED_EDGE('',*,*,#3413,.T.);
#5943=ORIENTED_EDGE('',*,*,#3410,.T.);
#5944=ORIENTED_EDGE('',*,*,#3423,.T.);
#5945=ORIENTED_EDGE('',*,*,#3426,.T.);
#5946=ORIENTED_EDGE('',*,*,#3429,.T.);
#5947=ORIENTED_EDGE('',*,*,#3431,.T.);
#5948=ORIENTED_EDGE('',*,*,#3446,.T.);
#5949=ORIENTED_EDGE('',*,*,#3443,.T.);
#5950=ORIENTED_EDGE('',*,*,#3440,.T.);
#5951=ORIENTED_EDGE('',*,*,#3437,.T.);
#5952=ORIENTED_EDGE('',*,*,#3434,.T.);
#5953=ORIENTED_EDGE('',*,*,#3450,.T.);
#5954=ORIENTED_EDGE('',*,*,#3453,.T.);
#5955=ORIENTED_EDGE('',*,*,#3456,.T.);
#5956=ORIENTED_EDGE('',*,*,#3459,.T.);
#5957=ORIENTED_EDGE('',*,*,#3461,.T.);
#5958=ORIENTED_EDGE('',*,*,#3473,.T.);
#5959=ORIENTED_EDGE('',*,*,#3470,.T.);
#5960=ORIENTED_EDGE('',*,*,#3467,.T.);
#5961=ORIENTED_EDGE('',*,*,#3464,.T.);
#5962=ORIENTED_EDGE('',*,*,#3477,.T.);
#5963=ORIENTED_EDGE('',*,*,#3480,.T.);
#5964=ORIENTED_EDGE('',*,*,#3483,.T.);
#5965=ORIENTED_EDGE('',*,*,#3485,.T.);
#5966=ORIENTED_EDGE('',*,*,#3934,.T.);
#5967=ORIENTED_EDGE('',*,*,#3937,.T.);
#5968=ORIENTED_EDGE('',*,*,#3927,.T.);
#5969=ORIENTED_EDGE('',*,*,#3931,.T.);
#5970=ORIENTED_EDGE('',*,*,#3350,.T.);
#5971=ORIENTED_EDGE('',*,*,#3400,.F.);
#5972=ORIENTED_EDGE('',*,*,#4304,.T.);
#5973=ORIENTED_EDGE('',*,*,#4313,.T.);
#5974=ORIENTED_EDGE('',*,*,#4311,.F.);
#5975=ORIENTED_EDGE('',*,*,#3401,.F.);
#5976=ORIENTED_EDGE('',*,*,#3352,.T.);
#5977=ORIENTED_EDGE('',*,*,#3354,.T.);
#5978=ORIENTED_EDGE('',*,*,#4313,.F.);
#5979=ORIENTED_EDGE('',*,*,#4303,.F.);
#5980=ORIENTED_EDGE('',*,*,#4306,.F.);
#5981=ORIENTED_EDGE('',*,*,#4308,.F.);
#5982=ORIENTED_EDGE('',*,*,#4310,.F.);
#5983=ORIENTED_EDGE('',*,*,#4312,.F.);
#5984=ORIENTED_EDGE('',*,*,#3391,.T.);
#5985=ORIENTED_EDGE('',*,*,#4314,.T.);
#5986=ORIENTED_EDGE('',*,*,#4315,.F.);
#5987=ORIENTED_EDGE('',*,*,#4316,.F.);
#5988=ORIENTED_EDGE('',*,*,#3366,.T.);
#5989=ORIENTED_EDGE('',*,*,#3392,.T.);
#5990=ORIENTED_EDGE('',*,*,#4316,.T.);
#5991=ORIENTED_EDGE('',*,*,#4317,.F.);
#5992=ORIENTED_EDGE('',*,*,#4318,.F.);
#5993=ORIENTED_EDGE('',*,*,#3393,.T.);
#5994=ORIENTED_EDGE('',*,*,#3368,.T.);
#5995=ORIENTED_EDGE('',*,*,#3370,.T.);
#5996=ORIENTED_EDGE('',*,*,#3394,.T.);
#5997=ORIENTED_EDGE('',*,*,#4318,.T.);
#5998=ORIENTED_EDGE('',*,*,#4319,.F.);
#5999=ORIENTED_EDGE('',*,*,#4320,.F.);
#6000=ORIENTED_EDGE('',*,*,#3395,.T.);
#6001=ORIENTED_EDGE('',*,*,#4320,.T.);
#6002=ORIENTED_EDGE('',*,*,#4321,.F.);
#6003=ORIENTED_EDGE('',*,*,#4322,.F.);
#6004=ORIENTED_EDGE('',*,*,#3944,.T.);
#6005=ORIENTED_EDGE('',*,*,#3950,.T.);
#6006=ORIENTED_EDGE('',*,*,#3948,.T.);
#6007=ORIENTED_EDGE('',*,*,#3946,.T.);
#6008=ORIENTED_EDGE('',*,*,#3956,.T.);
#6009=ORIENTED_EDGE('',*,*,#3962,.T.);
#6010=ORIENTED_EDGE('',*,*,#3960,.T.);
#6011=ORIENTED_EDGE('',*,*,#3958,.T.);
#6012=ORIENTED_EDGE('',*,*,#3983,.T.);
#6013=ORIENTED_EDGE('',*,*,#4019,.T.);
#6014=ORIENTED_EDGE('',*,*,#4017,.T.);
#6015=ORIENTED_EDGE('',*,*,#4015,.T.);
#6016=ORIENTED_EDGE('',*,*,#4013,.T.);
#6017=ORIENTED_EDGE('',*,*,#4011,.T.);
#6018=ORIENTED_EDGE('',*,*,#4009,.T.);
#6019=ORIENTED_EDGE('',*,*,#4007,.T.);
#6020=ORIENTED_EDGE('',*,*,#4005,.T.);
#6021=ORIENTED_EDGE('',*,*,#4003,.T.);
#6022=ORIENTED_EDGE('',*,*,#4001,.T.);
#6023=ORIENTED_EDGE('',*,*,#3999,.T.);
#6024=ORIENTED_EDGE('',*,*,#3997,.T.);
#6025=ORIENTED_EDGE('',*,*,#3995,.T.);
#6026=ORIENTED_EDGE('',*,*,#3993,.T.);
#6027=ORIENTED_EDGE('',*,*,#3991,.T.);
#6028=ORIENTED_EDGE('',*,*,#3989,.T.);
#6029=ORIENTED_EDGE('',*,*,#3987,.T.);
#6030=ORIENTED_EDGE('',*,*,#3985,.T.);
#6031=ORIENTED_EDGE('',*,*,#4056,.T.);
#6032=ORIENTED_EDGE('',*,*,#4124,.T.);
#6033=ORIENTED_EDGE('',*,*,#4122,.T.);
#6034=ORIENTED_EDGE('',*,*,#4120,.T.);
#6035=ORIENTED_EDGE('',*,*,#4118,.T.);
#6036=ORIENTED_EDGE('',*,*,#4116,.T.);
#6037=ORIENTED_EDGE('',*,*,#4114,.T.);
#6038=ORIENTED_EDGE('',*,*,#4112,.T.);
#6039=ORIENTED_EDGE('',*,*,#4110,.T.);
#6040=ORIENTED_EDGE('',*,*,#4108,.T.);
#6041=ORIENTED_EDGE('',*,*,#4106,.T.);
#6042=ORIENTED_EDGE('',*,*,#4104,.T.);
#6043=ORIENTED_EDGE('',*,*,#4102,.T.);
#6044=ORIENTED_EDGE('',*,*,#4100,.T.);
#6045=ORIENTED_EDGE('',*,*,#4098,.T.);
#6046=ORIENTED_EDGE('',*,*,#4096,.T.);
#6047=ORIENTED_EDGE('',*,*,#4094,.T.);
#6048=ORIENTED_EDGE('',*,*,#4092,.T.);
#6049=ORIENTED_EDGE('',*,*,#4090,.T.);
#6050=ORIENTED_EDGE('',*,*,#4088,.T.);
#6051=ORIENTED_EDGE('',*,*,#4086,.T.);
#6052=ORIENTED_EDGE('',*,*,#4084,.T.);
#6053=ORIENTED_EDGE('',*,*,#4082,.T.);
#6054=ORIENTED_EDGE('',*,*,#4080,.T.);
#6055=ORIENTED_EDGE('',*,*,#4078,.T.);
#6056=ORIENTED_EDGE('',*,*,#4076,.T.);
#6057=ORIENTED_EDGE('',*,*,#4074,.T.);
#6058=ORIENTED_EDGE('',*,*,#4072,.T.);
#6059=ORIENTED_EDGE('',*,*,#4070,.T.);
#6060=ORIENTED_EDGE('',*,*,#4068,.T.);
#6061=ORIENTED_EDGE('',*,*,#4066,.T.);
#6062=ORIENTED_EDGE('',*,*,#4064,.T.);
#6063=ORIENTED_EDGE('',*,*,#4062,.T.);
#6064=ORIENTED_EDGE('',*,*,#4060,.T.);
#6065=ORIENTED_EDGE('',*,*,#4058,.T.);
#6066=ORIENTED_EDGE('',*,*,#4146,.T.);
#6067=ORIENTED_EDGE('',*,*,#4184,.T.);
#6068=ORIENTED_EDGE('',*,*,#4182,.T.);
#6069=ORIENTED_EDGE('',*,*,#4180,.T.);
#6070=ORIENTED_EDGE('',*,*,#4178,.T.);
#6071=ORIENTED_EDGE('',*,*,#4176,.T.);
#6072=ORIENTED_EDGE('',*,*,#4174,.T.);
#6073=ORIENTED_EDGE('',*,*,#4172,.T.);
#6074=ORIENTED_EDGE('',*,*,#4170,.T.);
#6075=ORIENTED_EDGE('',*,*,#4168,.T.);
#6076=ORIENTED_EDGE('',*,*,#4166,.T.);
#6077=ORIENTED_EDGE('',*,*,#4164,.T.);
#6078=ORIENTED_EDGE('',*,*,#4162,.T.);
#6079=ORIENTED_EDGE('',*,*,#4160,.T.);
#6080=ORIENTED_EDGE('',*,*,#4158,.T.);
#6081=ORIENTED_EDGE('',*,*,#4156,.T.);
#6082=ORIENTED_EDGE('',*,*,#4154,.T.);
#6083=ORIENTED_EDGE('',*,*,#4152,.T.);
#6084=ORIENTED_EDGE('',*,*,#4150,.T.);
#6085=ORIENTED_EDGE('',*,*,#4148,.T.);
#6086=ORIENTED_EDGE('',*,*,#4203,.T.);
#6087=ORIENTED_EDGE('',*,*,#4235,.T.);
#6088=ORIENTED_EDGE('',*,*,#4233,.T.);
#6089=ORIENTED_EDGE('',*,*,#4231,.T.);
#6090=ORIENTED_EDGE('',*,*,#4229,.T.);
#6091=ORIENTED_EDGE('',*,*,#4227,.T.);
#6092=ORIENTED_EDGE('',*,*,#4225,.T.);
#6093=ORIENTED_EDGE('',*,*,#4223,.T.);
#6094=ORIENTED_EDGE('',*,*,#4221,.T.);
#6095=ORIENTED_EDGE('',*,*,#4219,.T.);
#6096=ORIENTED_EDGE('',*,*,#4217,.T.);
#6097=ORIENTED_EDGE('',*,*,#4215,.T.);
#6098=ORIENTED_EDGE('',*,*,#4213,.T.);
#6099=ORIENTED_EDGE('',*,*,#4211,.T.);
#6100=ORIENTED_EDGE('',*,*,#4209,.T.);
#6101=ORIENTED_EDGE('',*,*,#4207,.T.);
#6102=ORIENTED_EDGE('',*,*,#4205,.T.);
#6103=ORIENTED_EDGE('',*,*,#4255,.T.);
#6104=ORIENTED_EDGE('',*,*,#4289,.T.);
#6105=ORIENTED_EDGE('',*,*,#4287,.T.);
#6106=ORIENTED_EDGE('',*,*,#4285,.T.);
#6107=ORIENTED_EDGE('',*,*,#4283,.T.);
#6108=ORIENTED_EDGE('',*,*,#4281,.T.);
#6109=ORIENTED_EDGE('',*,*,#4279,.T.);
#6110=ORIENTED_EDGE('',*,*,#4277,.T.);
#6111=ORIENTED_EDGE('',*,*,#4275,.T.);
#6112=ORIENTED_EDGE('',*,*,#4273,.T.);
#6113=ORIENTED_EDGE('',*,*,#4271,.T.);
#6114=ORIENTED_EDGE('',*,*,#4269,.T.);
#6115=ORIENTED_EDGE('',*,*,#4267,.T.);
#6116=ORIENTED_EDGE('',*,*,#4265,.T.);
#6117=ORIENTED_EDGE('',*,*,#4263,.T.);
#6118=ORIENTED_EDGE('',*,*,#4261,.T.);
#6119=ORIENTED_EDGE('',*,*,#4259,.T.);
#6120=ORIENTED_EDGE('',*,*,#4257,.T.);
#6121=ORIENTED_EDGE('',*,*,#4298,.T.);
#6122=ORIENTED_EDGE('',*,*,#4295,.T.);
#6123=ORIENTED_EDGE('',*,*,#4292,.T.);
#6124=ORIENTED_EDGE('',*,*,#4301,.T.);
#6125=ORIENTED_EDGE('',*,*,#3396,.T.);
#6126=ORIENTED_EDGE('',*,*,#4322,.T.);
#6127=ORIENTED_EDGE('',*,*,#4323,.F.);
#6128=ORIENTED_EDGE('',*,*,#4324,.F.);
#6129=ORIENTED_EDGE('',*,*,#3514,.T.);
#6130=ORIENTED_EDGE('',*,*,#3566,.T.);
#6131=ORIENTED_EDGE('',*,*,#3564,.T.);
#6132=ORIENTED_EDGE('',*,*,#3562,.T.);
#6133=ORIENTED_EDGE('',*,*,#3560,.T.);
#6134=ORIENTED_EDGE('',*,*,#3558,.T.);
#6135=ORIENTED_EDGE('',*,*,#3556,.T.);
#6136=ORIENTED_EDGE('',*,*,#3554,.T.);
#6137=ORIENTED_EDGE('',*,*,#3552,.T.);
#6138=ORIENTED_EDGE('',*,*,#3550,.T.);
#6139=ORIENTED_EDGE('',*,*,#3548,.T.);
#6140=ORIENTED_EDGE('',*,*,#3546,.T.);
#6141=ORIENTED_EDGE('',*,*,#3544,.T.);
#6142=ORIENTED_EDGE('',*,*,#3542,.T.);
#6143=ORIENTED_EDGE('',*,*,#3540,.T.);
#6144=ORIENTED_EDGE('',*,*,#3538,.T.);
#6145=ORIENTED_EDGE('',*,*,#3536,.T.);
#6146=ORIENTED_EDGE('',*,*,#3534,.T.);
#6147=ORIENTED_EDGE('',*,*,#3532,.T.);
#6148=ORIENTED_EDGE('',*,*,#3530,.T.);
#6149=ORIENTED_EDGE('',*,*,#3528,.T.);
#6150=ORIENTED_EDGE('',*,*,#3526,.T.);
#6151=ORIENTED_EDGE('',*,*,#3524,.T.);
#6152=ORIENTED_EDGE('',*,*,#3522,.T.);
#6153=ORIENTED_EDGE('',*,*,#3520,.T.);
#6154=ORIENTED_EDGE('',*,*,#3518,.T.);
#6155=ORIENTED_EDGE('',*,*,#3516,.T.);
#6156=ORIENTED_EDGE('',*,*,#3589,.T.);
#6157=ORIENTED_EDGE('',*,*,#3629,.T.);
#6158=ORIENTED_EDGE('',*,*,#3627,.T.);
#6159=ORIENTED_EDGE('',*,*,#3625,.T.);
#6160=ORIENTED_EDGE('',*,*,#3623,.T.);
#6161=ORIENTED_EDGE('',*,*,#3621,.T.);
#6162=ORIENTED_EDGE('',*,*,#3619,.T.);
#6163=ORIENTED_EDGE('',*,*,#3617,.T.);
#6164=ORIENTED_EDGE('',*,*,#3615,.T.);
#6165=ORIENTED_EDGE('',*,*,#3613,.T.);
#6166=ORIENTED_EDGE('',*,*,#3611,.T.);
#6167=ORIENTED_EDGE('',*,*,#3609,.T.);
#6168=ORIENTED_EDGE('',*,*,#3607,.T.);
#6169=ORIENTED_EDGE('',*,*,#3605,.T.);
#6170=ORIENTED_EDGE('',*,*,#3603,.T.);
#6171=ORIENTED_EDGE('',*,*,#3601,.T.);
#6172=ORIENTED_EDGE('',*,*,#3599,.T.);
#6173=ORIENTED_EDGE('',*,*,#3597,.T.);
#6174=ORIENTED_EDGE('',*,*,#3595,.T.);
#6175=ORIENTED_EDGE('',*,*,#3593,.T.);
#6176=ORIENTED_EDGE('',*,*,#3591,.T.);
#6177=ORIENTED_EDGE('',*,*,#3635,.T.);
#6178=ORIENTED_EDGE('',*,*,#3641,.T.);
#6179=ORIENTED_EDGE('',*,*,#3639,.T.);
#6180=ORIENTED_EDGE('',*,*,#3637,.T.);
#6181=ORIENTED_EDGE('',*,*,#3661,.T.);
#6182=ORIENTED_EDGE('',*,*,#3695,.T.);
#6183=ORIENTED_EDGE('',*,*,#3693,.T.);
#6184=ORIENTED_EDGE('',*,*,#3691,.T.);
#6185=ORIENTED_EDGE('',*,*,#3689,.T.);
#6186=ORIENTED_EDGE('',*,*,#3687,.T.);
#6187=ORIENTED_EDGE('',*,*,#3685,.T.);
#6188=ORIENTED_EDGE('',*,*,#3683,.T.);
#6189=ORIENTED_EDGE('',*,*,#3681,.T.);
#6190=ORIENTED_EDGE('',*,*,#3679,.T.);
#6191=ORIENTED_EDGE('',*,*,#3677,.T.);
#6192=ORIENTED_EDGE('',*,*,#3675,.T.);
#6193=ORIENTED_EDGE('',*,*,#3673,.T.);
#6194=ORIENTED_EDGE('',*,*,#3671,.T.);
#6195=ORIENTED_EDGE('',*,*,#3669,.T.);
#6196=ORIENTED_EDGE('',*,*,#3667,.T.);
#6197=ORIENTED_EDGE('',*,*,#3665,.T.);
#6198=ORIENTED_EDGE('',*,*,#3663,.T.);
#6199=ORIENTED_EDGE('',*,*,#3719,.T.);
#6200=ORIENTED_EDGE('',*,*,#3761,.T.);
#6201=ORIENTED_EDGE('',*,*,#3759,.T.);
#6202=ORIENTED_EDGE('',*,*,#3757,.T.);
#6203=ORIENTED_EDGE('',*,*,#3755,.T.);
#6204=ORIENTED_EDGE('',*,*,#3753,.T.);
#6205=ORIENTED_EDGE('',*,*,#3751,.T.);
#6206=ORIENTED_EDGE('',*,*,#3749,.T.);
#6207=ORIENTED_EDGE('',*,*,#3747,.T.);
#6208=ORIENTED_EDGE('',*,*,#3745,.T.);
#6209=ORIENTED_EDGE('',*,*,#3743,.T.);
#6210=ORIENTED_EDGE('',*,*,#3741,.T.);
#6211=ORIENTED_EDGE('',*,*,#3739,.T.);
#6212=ORIENTED_EDGE('',*,*,#3737,.T.);
#6213=ORIENTED_EDGE('',*,*,#3735,.T.);
#6214=ORIENTED_EDGE('',*,*,#3733,.T.);
#6215=ORIENTED_EDGE('',*,*,#3731,.T.);
#6216=ORIENTED_EDGE('',*,*,#3729,.T.);
#6217=ORIENTED_EDGE('',*,*,#3727,.T.);
#6218=ORIENTED_EDGE('',*,*,#3725,.T.);
#6219=ORIENTED_EDGE('',*,*,#3723,.T.);
#6220=ORIENTED_EDGE('',*,*,#3721,.T.);
#6221=ORIENTED_EDGE('',*,*,#3767,.T.);
#6222=ORIENTED_EDGE('',*,*,#3773,.T.);
#6223=ORIENTED_EDGE('',*,*,#3771,.T.);
#6224=ORIENTED_EDGE('',*,*,#3769,.T.);
#6225=ORIENTED_EDGE('',*,*,#3796,.T.);
#6226=ORIENTED_EDGE('',*,*,#3836,.T.);
#6227=ORIENTED_EDGE('',*,*,#3834,.T.);
#6228=ORIENTED_EDGE('',*,*,#3832,.T.);
#6229=ORIENTED_EDGE('',*,*,#3830,.T.);
#6230=ORIENTED_EDGE('',*,*,#3828,.T.);
#6231=ORIENTED_EDGE('',*,*,#3826,.T.);
#6232=ORIENTED_EDGE('',*,*,#3824,.T.);
#6233=ORIENTED_EDGE('',*,*,#3822,.T.);
#6234=ORIENTED_EDGE('',*,*,#3820,.T.);
#6235=ORIENTED_EDGE('',*,*,#3818,.T.);
#6236=ORIENTED_EDGE('',*,*,#3816,.T.);
#6237=ORIENTED_EDGE('',*,*,#3814,.T.);
#6238=ORIENTED_EDGE('',*,*,#3812,.T.);
#6239=ORIENTED_EDGE('',*,*,#3810,.T.);
#6240=ORIENTED_EDGE('',*,*,#3808,.T.);
#6241=ORIENTED_EDGE('',*,*,#3806,.T.);
#6242=ORIENTED_EDGE('',*,*,#3804,.T.);
#6243=ORIENTED_EDGE('',*,*,#3802,.T.);
#6244=ORIENTED_EDGE('',*,*,#3800,.T.);
#6245=ORIENTED_EDGE('',*,*,#3798,.T.);
#6246=ORIENTED_EDGE('',*,*,#3851,.T.);
#6247=ORIENTED_EDGE('',*,*,#3875,.T.);
#6248=ORIENTED_EDGE('',*,*,#3873,.T.);
#6249=ORIENTED_EDGE('',*,*,#3871,.T.);
#6250=ORIENTED_EDGE('',*,*,#3869,.T.);
#6251=ORIENTED_EDGE('',*,*,#3867,.T.);
#6252=ORIENTED_EDGE('',*,*,#3865,.T.);
#6253=ORIENTED_EDGE('',*,*,#3863,.T.);
#6254=ORIENTED_EDGE('',*,*,#3861,.T.);
#6255=ORIENTED_EDGE('',*,*,#3859,.T.);
#6256=ORIENTED_EDGE('',*,*,#3857,.T.);
#6257=ORIENTED_EDGE('',*,*,#3855,.T.);
#6258=ORIENTED_EDGE('',*,*,#3853,.T.);
#6259=ORIENTED_EDGE('',*,*,#3894,.T.);
#6260=ORIENTED_EDGE('',*,*,#3926,.T.);
#6261=ORIENTED_EDGE('',*,*,#3924,.T.);
#6262=ORIENTED_EDGE('',*,*,#3922,.T.);
#6263=ORIENTED_EDGE('',*,*,#3920,.T.);
#6264=ORIENTED_EDGE('',*,*,#3918,.T.);
#6265=ORIENTED_EDGE('',*,*,#3916,.T.);
#6266=ORIENTED_EDGE('',*,*,#3914,.T.);
#6267=ORIENTED_EDGE('',*,*,#3912,.T.);
#6268=ORIENTED_EDGE('',*,*,#3910,.T.);
#6269=ORIENTED_EDGE('',*,*,#3908,.T.);
#6270=ORIENTED_EDGE('',*,*,#3906,.T.);
#6271=ORIENTED_EDGE('',*,*,#3904,.T.);
#6272=ORIENTED_EDGE('',*,*,#3902,.T.);
#6273=ORIENTED_EDGE('',*,*,#3900,.T.);
#6274=ORIENTED_EDGE('',*,*,#3898,.T.);
#6275=ORIENTED_EDGE('',*,*,#3896,.T.);
#6276=ORIENTED_EDGE('',*,*,#3935,.T.);
#6277=ORIENTED_EDGE('',*,*,#3932,.T.);
#6278=ORIENTED_EDGE('',*,*,#3929,.T.);
#6279=ORIENTED_EDGE('',*,*,#3938,.T.);
#6280=ORIENTED_EDGE('',*,*,#3355,.T.);
#6281=ORIENTED_EDGE('',*,*,#3397,.T.);
#6282=ORIENTED_EDGE('',*,*,#4324,.T.);
#6283=ORIENTED_EDGE('',*,*,#4325,.F.);
#6284=ORIENTED_EDGE('',*,*,#4314,.F.);
#6285=ORIENTED_EDGE('',*,*,#3390,.T.);
#6286=ORIENTED_EDGE('',*,*,#3357,.T.);
#6287=ORIENTED_EDGE('',*,*,#3359,.T.);
#6288=ORIENTED_EDGE('',*,*,#4325,.T.);
#6289=ORIENTED_EDGE('',*,*,#4323,.T.);
#6290=ORIENTED_EDGE('',*,*,#4321,.T.);
#6291=ORIENTED_EDGE('',*,*,#4319,.T.);
#6292=ORIENTED_EDGE('',*,*,#4317,.T.);
#6293=ORIENTED_EDGE('',*,*,#4315,.T.);
#6294=CYLINDRICAL_SURFACE('',#6675,2.55000000000001);
#6295=CYLINDRICAL_SURFACE('',#6679,2.55000000000001);
#6296=CYLINDRICAL_SURFACE('',#6683,2.55);
#6297=CYLINDRICAL_SURFACE('',#6687,2.55);
#6298=CYLINDRICAL_SURFACE('',#6691,2.55000000000001);
#6299=CYLINDRICAL_SURFACE('',#6695,2.55000000000001);
#6300=CYLINDRICAL_SURFACE('',#6699,2.55000000000001);
#6301=CYLINDRICAL_SURFACE('',#6703,2.55);
#6302=CYLINDRICAL_SURFACE('',#6707,2.55);
#6303=CYLINDRICAL_SURFACE('',#6711,2.55);
#6304=CYLINDRICAL_SURFACE('',#6715,2.55000000000001);
#6305=CYLINDRICAL_SURFACE('',#6719,2.55000000000001);
#6306=ADVANCED_FACE('',(#791),#6294,.F.);
#6307=ADVANCED_FACE('',(#792),#647,.T.);
#6308=ADVANCED_FACE('',(#793),#6295,.F.);
#6309=ADVANCED_FACE('',(#794),#648,.T.);
#6310=ADVANCED_FACE('',(#795),#6296,.F.);
#6311=ADVANCED_FACE('',(#796),#649,.T.);
#6312=ADVANCED_FACE('',(#797),#6297,.F.);
#6313=ADVANCED_FACE('',(#798),#650,.T.);
#6314=ADVANCED_FACE('',(#799),#6298,.F.);
#6315=ADVANCED_FACE('',(#800),#651,.T.);
#6316=ADVANCED_FACE('',(#801),#6299,.F.);
#6317=ADVANCED_FACE('',(#802),#652,.T.);
#6318=ADVANCED_FACE('',(#803),#6300,.F.);
#6319=ADVANCED_FACE('',(#804),#653,.T.);
#6320=ADVANCED_FACE('',(#805),#6301,.F.);
#6321=ADVANCED_FACE('',(#806),#654,.T.);
#6322=ADVANCED_FACE('',(#807),#6302,.F.);
#6323=ADVANCED_FACE('',(#808),#655,.T.);
#6324=ADVANCED_FACE('',(#809),#6303,.F.);
#6325=ADVANCED_FACE('',(#810),#656,.T.);
#6326=ADVANCED_FACE('',(#811),#6304,.F.);
#6327=ADVANCED_FACE('',(#812),#657,.T.);
#6328=ADVANCED_FACE('',(#813),#6305,.F.);
#6329=ADVANCED_FACE('',(#814),#658,.T.);
#6330=ADVANCED_FACE('',(#815,#614,#615,#616,#617,#618,#619,#620),#659,.F.);
#6331=ADVANCED_FACE('',(#816),#417,.F.);
#6332=ADVANCED_FACE('',(#817),#418,.F.);
#6333=ADVANCED_FACE('',(#818),#419,.F.);
#6334=ADVANCED_FACE('',(#819),#420,.F.);
#6335=ADVANCED_FACE('',(#820),#421,.F.);
#6336=ADVANCED_FACE('',(#821),#422,.F.);
#6337=ADVANCED_FACE('',(#822),#423,.F.);
#6338=ADVANCED_FACE('',(#823),#424,.F.);
#6339=ADVANCED_FACE('',(#824),#425,.F.);
#6340=ADVANCED_FACE('',(#825),#426,.F.);
#6341=ADVANCED_FACE('',(#826),#427,.F.);
#6342=ADVANCED_FACE('',(#827),#428,.F.);
#6343=ADVANCED_FACE('',(#828),#660,.F.);
#6344=ADVANCED_FACE('',(#829),#429,.F.);
#6345=ADVANCED_FACE('',(#830),#430,.F.);
#6346=ADVANCED_FACE('',(#831),#431,.F.);
#6347=ADVANCED_FACE('',(#832),#432,.F.);
#6348=ADVANCED_FACE('',(#833),#433,.F.);
#6349=ADVANCED_FACE('',(#834),#434,.F.);
#6350=ADVANCED_FACE('',(#835),#435,.F.);
#6351=ADVANCED_FACE('',(#836),#436,.F.);
#6352=ADVANCED_FACE('',(#837),#437,.F.);
#6353=ADVANCED_FACE('',(#838),#438,.F.);
#6354=ADVANCED_FACE('',(#839),#439,.F.);
#6355=ADVANCED_FACE('',(#840),#440,.F.);
#6356=ADVANCED_FACE('',(#841),#441,.F.);
#6357=ADVANCED_FACE('',(#842,#621),#661,.T.);
#6358=ADVANCED_FACE('',(#843),#662,.T.);
#6359=ADVANCED_FACE('',(#844),#442,.T.);
#6360=ADVANCED_FACE('',(#845),#443,.T.);
#6361=ADVANCED_FACE('',(#846),#663,.T.);
#6362=ADVANCED_FACE('',(#847),#444,.T.);
#6363=ADVANCED_FACE('',(#848),#445,.T.);
#6364=ADVANCED_FACE('',(#849),#446,.T.);
#6365=ADVANCED_FACE('',(#850),#447,.T.);
#6366=ADVANCED_FACE('',(#851),#448,.T.);
#6367=ADVANCED_FACE('',(#852),#449,.T.);
#6368=ADVANCED_FACE('',(#853),#450,.T.);
#6369=ADVANCED_FACE('',(#854),#664,.T.);
#6370=ADVANCED_FACE('',(#855),#451,.T.);
#6371=ADVANCED_FACE('',(#856),#452,.T.);
#6372=ADVANCED_FACE('',(#857),#453,.T.);
#6373=ADVANCED_FACE('',(#858),#454,.T.);
#6374=ADVANCED_FACE('',(#859),#455,.T.);
#6375=ADVANCED_FACE('',(#860),#456,.T.);
#6376=ADVANCED_FACE('',(#861),#457,.T.);
#6377=ADVANCED_FACE('',(#862),#458,.T.);
#6378=ADVANCED_FACE('',(#863),#459,.T.);
#6379=ADVANCED_FACE('',(#864),#460,.T.);
#6380=ADVANCED_FACE('',(#865),#461,.T.);
#6381=ADVANCED_FACE('',(#866),#462,.T.);
#6382=ADVANCED_FACE('',(#867),#463,.T.);
#6383=ADVANCED_FACE('',(#868),#464,.T.);
#6384=ADVANCED_FACE('',(#869),#465,.T.);
#6385=ADVANCED_FACE('',(#870,#622),#665,.T.);
#6386=ADVANCED_FACE('',(#871),#466,.T.);
#6387=ADVANCED_FACE('',(#872),#467,.T.);
#6388=ADVANCED_FACE('',(#873),#468,.T.);
#6389=ADVANCED_FACE('',(#874),#469,.T.);
#6390=ADVANCED_FACE('',(#875),#666,.T.);
#6391=ADVANCED_FACE('',(#876),#667,.T.);
#6392=ADVANCED_FACE('',(#877),#668,.T.);
#6393=ADVANCED_FACE('',(#878),#470,.T.);
#6394=ADVANCED_FACE('',(#879),#471,.T.);
#6395=ADVANCED_FACE('',(#880),#472,.T.);
#6396=ADVANCED_FACE('',(#881),#473,.T.);
#6397=ADVANCED_FACE('',(#882),#474,.T.);
#6398=ADVANCED_FACE('',(#883),#475,.T.);
#6399=ADVANCED_FACE('',(#884),#476,.T.);
#6400=ADVANCED_FACE('',(#885),#477,.T.);
#6401=ADVANCED_FACE('',(#886),#478,.T.);
#6402=ADVANCED_FACE('',(#887),#479,.T.);
#6403=ADVANCED_FACE('',(#888),#480,.T.);
#6404=ADVANCED_FACE('',(#889),#481,.T.);
#6405=ADVANCED_FACE('',(#890),#669,.T.);
#6406=ADVANCED_FACE('',(#891),#482,.T.);
#6407=ADVANCED_FACE('',(#892),#670,.T.);
#6408=ADVANCED_FACE('',(#893),#671,.T.);
#6409=ADVANCED_FACE('',(#894),#672,.T.);
#6410=ADVANCED_FACE('',(#895),#673,.T.);
#6411=ADVANCED_FACE('',(#896),#674,.T.);
#6412=ADVANCED_FACE('',(#897),#675,.T.);
#6413=ADVANCED_FACE('',(#898),#676,.T.);
#6414=ADVANCED_FACE('',(#899),#483,.T.);
#6415=ADVANCED_FACE('',(#900),#484,.T.);
#6416=ADVANCED_FACE('',(#901),#485,.T.);
#6417=ADVANCED_FACE('',(#902),#486,.T.);
#6418=ADVANCED_FACE('',(#903),#487,.T.);
#6419=ADVANCED_FACE('',(#904),#677,.T.);
#6420=ADVANCED_FACE('',(#905),#678,.T.);
#6421=ADVANCED_FACE('',(#906),#679,.T.);
#6422=ADVANCED_FACE('',(#907),#488,.T.);
#6423=ADVANCED_FACE('',(#908),#489,.T.);
#6424=ADVANCED_FACE('',(#909),#490,.T.);
#6425=ADVANCED_FACE('',(#910),#491,.T.);
#6426=ADVANCED_FACE('',(#911),#492,.T.);
#6427=ADVANCED_FACE('',(#912),#680,.T.);
#6428=ADVANCED_FACE('',(#913),#681,.T.);
#6429=ADVANCED_FACE('',(#914),#682,.T.);
#6430=ADVANCED_FACE('',(#915),#683,.T.);
#6431=ADVANCED_FACE('',(#916),#684,.T.);
#6432=ADVANCED_FACE('',(#917),#493,.T.);
#6433=ADVANCED_FACE('',(#918),#494,.T.);
#6434=ADVANCED_FACE('',(#919),#495,.T.);
#6435=ADVANCED_FACE('',(#920),#496,.T.);
#6436=ADVANCED_FACE('',(#921),#497,.T.);
#6437=ADVANCED_FACE('',(#922),#498,.T.);
#6438=ADVANCED_FACE('',(#923),#499,.T.);
#6439=ADVANCED_FACE('',(#924),#500,.T.);
#6440=ADVANCED_FACE('',(#925),#501,.T.);
#6441=ADVANCED_FACE('',(#926),#685,.T.);
#6442=ADVANCED_FACE('',(#927),#502,.T.);
#6443=ADVANCED_FACE('',(#928),#503,.T.);
#6444=ADVANCED_FACE('',(#929),#504,.T.);
#6445=ADVANCED_FACE('',(#930),#505,.T.);
#6446=ADVANCED_FACE('',(#931),#506,.T.);
#6447=ADVANCED_FACE('',(#932),#507,.T.);
#6448=ADVANCED_FACE('',(#933),#508,.T.);
#6449=ADVANCED_FACE('',(#934),#509,.T.);
#6450=ADVANCED_FACE('',(#935),#510,.T.);
#6451=ADVANCED_FACE('',(#936),#511,.T.);
#6452=ADVANCED_FACE('',(#937),#686,.T.);
#6453=ADVANCED_FACE('',(#938),#512,.T.);
#6454=ADVANCED_FACE('',(#939),#687,.T.);
#6455=ADVANCED_FACE('',(#940),#688,.T.);
#6456=ADVANCED_FACE('',(#941),#689,.T.);
#6457=ADVANCED_FACE('',(#942),#690,.T.);
#6458=ADVANCED_FACE('',(#943),#691,.T.);
#6459=ADVANCED_FACE('',(#944,#623),#692,.T.);
#6460=ADVANCED_FACE('',(#945),#513,.T.);
#6461=ADVANCED_FACE('',(#946),#514,.T.);
#6462=ADVANCED_FACE('',(#947),#515,.T.);
#6463=ADVANCED_FACE('',(#948),#516,.T.);
#6464=ADVANCED_FACE('',(#949),#693,.T.);
#6465=ADVANCED_FACE('',(#950),#694,.T.);
#6466=ADVANCED_FACE('',(#951),#695,.T.);
#6467=ADVANCED_FACE('',(#952),#517,.T.);
#6468=ADVANCED_FACE('',(#953),#518,.T.);
#6469=ADVANCED_FACE('',(#954),#519,.T.);
#6470=ADVANCED_FACE('',(#955),#520,.T.);
#6471=ADVANCED_FACE('',(#956),#521,.T.);
#6472=ADVANCED_FACE('',(#957),#522,.T.);
#6473=ADVANCED_FACE('',(#958),#523,.T.);
#6474=ADVANCED_FACE('',(#959),#524,.T.);
#6475=ADVANCED_FACE('',(#960),#525,.T.);
#6476=ADVANCED_FACE('',(#961),#526,.T.);
#6477=ADVANCED_FACE('',(#962),#527,.T.);
#6478=ADVANCED_FACE('',(#963),#528,.T.);
#6479=ADVANCED_FACE('',(#964),#696,.T.);
#6480=ADVANCED_FACE('',(#965),#529,.T.);
#6481=ADVANCED_FACE('',(#966),#697,.T.);
#6482=ADVANCED_FACE('',(#967),#698,.T.);
#6483=ADVANCED_FACE('',(#968),#530,.T.);
#6484=ADVANCED_FACE('',(#969),#531,.T.);
#6485=ADVANCED_FACE('',(#970),#532,.T.);
#6486=ADVANCED_FACE('',(#971),#533,.T.);
#6487=ADVANCED_FACE('',(#972),#699,.T.);
#6488=ADVANCED_FACE('',(#973),#534,.T.);
#6489=ADVANCED_FACE('',(#974),#535,.T.);
#6490=ADVANCED_FACE('',(#975),#536,.T.);
#6491=ADVANCED_FACE('',(#976),#700,.T.);
#6492=ADVANCED_FACE('',(#977),#701,.T.);
#6493=ADVANCED_FACE('',(#978),#702,.T.);
#6494=ADVANCED_FACE('',(#979),#703,.T.);
#6495=ADVANCED_FACE('',(#980),#704,.T.);
#6496=ADVANCED_FACE('',(#981),#705,.T.);
#6497=ADVANCED_FACE('',(#982),#537,.T.);
#6498=ADVANCED_FACE('',(#983),#538,.T.);
#6499=ADVANCED_FACE('',(#984),#539,.T.);
#6500=ADVANCED_FACE('',(#985),#540,.T.);
#6501=ADVANCED_FACE('',(#986),#541,.T.);
#6502=ADVANCED_FACE('',(#987),#706,.T.);
#6503=ADVANCED_FACE('',(#988),#707,.T.);
#6504=ADVANCED_FACE('',(#989),#708,.T.);
#6505=ADVANCED_FACE('',(#990),#542,.T.);
#6506=ADVANCED_FACE('',(#991),#543,.T.);
#6507=ADVANCED_FACE('',(#992),#544,.T.);
#6508=ADVANCED_FACE('',(#993),#545,.T.);
#6509=ADVANCED_FACE('',(#994),#709,.T.);
#6510=ADVANCED_FACE('',(#995),#710,.T.);
#6511=ADVANCED_FACE('',(#996),#711,.T.);
#6512=ADVANCED_FACE('',(#997),#712,.T.);
#6513=ADVANCED_FACE('',(#998),#713,.F.);
#6514=ADVANCED_FACE('',(#999),#714,.F.);
#6515=ADVANCED_FACE('',(#1000),#715,.F.);
#6516=ADVANCED_FACE('',(#1001),#716,.F.);
#6517=ADVANCED_FACE('',(#1002),#717,.T.);
#6518=ADVANCED_FACE('',(#1003),#718,.T.);
#6519=ADVANCED_FACE('',(#1004),#719,.T.);
#6520=ADVANCED_FACE('',(#1005),#720,.T.);
#6521=ADVANCED_FACE('',(#1006),#721,.T.);
#6522=ADVANCED_FACE('',(#1007),#722,.T.);
#6523=ADVANCED_FACE('',(#1008),#723,.T.);
#6524=ADVANCED_FACE('',(#1009),#724,.T.);
#6525=ADVANCED_FACE('',(#1010),#725,.T.);
#6526=ADVANCED_FACE('',(#1011),#726,.T.);
#6527=ADVANCED_FACE('',(#1012),#727,.T.);
#6528=ADVANCED_FACE('',(#1013),#546,.T.);
#6529=ADVANCED_FACE('',(#1014),#547,.T.);
#6530=ADVANCED_FACE('',(#1015),#548,.T.);
#6531=ADVANCED_FACE('',(#1016),#549,.T.);
#6532=ADVANCED_FACE('',(#1017),#550,.T.);
#6533=ADVANCED_FACE('',(#1018),#551,.T.);
#6534=ADVANCED_FACE('',(#1019),#552,.T.);
#6535=ADVANCED_FACE('',(#1020),#728,.T.);
#6536=ADVANCED_FACE('',(#1021),#553,.T.);
#6537=ADVANCED_FACE('',(#1022),#554,.T.);
#6538=ADVANCED_FACE('',(#1023),#555,.T.);
#6539=ADVANCED_FACE('',(#1024),#556,.T.);
#6540=ADVANCED_FACE('',(#1025),#557,.T.);
#6541=ADVANCED_FACE('',(#1026),#558,.T.);
#6542=ADVANCED_FACE('',(#1027),#559,.T.);
#6543=ADVANCED_FACE('',(#1028),#560,.T.);
#6544=ADVANCED_FACE('',(#1029),#561,.T.);
#6545=ADVANCED_FACE('',(#1030),#729,.T.);
#6546=ADVANCED_FACE('',(#1031),#562,.T.);
#6547=ADVANCED_FACE('',(#1032),#730,.T.);
#6548=ADVANCED_FACE('',(#1033),#563,.T.);
#6549=ADVANCED_FACE('',(#1034),#564,.T.);
#6550=ADVANCED_FACE('',(#1035),#565,.T.);
#6551=ADVANCED_FACE('',(#1036),#566,.T.);
#6552=ADVANCED_FACE('',(#1037),#567,.T.);
#6553=ADVANCED_FACE('',(#1038),#568,.T.);
#6554=ADVANCED_FACE('',(#1039),#569,.T.);
#6555=ADVANCED_FACE('',(#1040),#570,.T.);
#6556=ADVANCED_FACE('',(#1041),#571,.T.);
#6557=ADVANCED_FACE('',(#1042),#572,.T.);
#6558=ADVANCED_FACE('',(#1043),#573,.T.);
#6559=ADVANCED_FACE('',(#1044),#574,.T.);
#6560=ADVANCED_FACE('',(#1045),#575,.T.);
#6561=ADVANCED_FACE('',(#1046),#576,.T.);
#6562=ADVANCED_FACE('',(#1047),#731,.T.);
#6563=ADVANCED_FACE('',(#1048),#577,.T.);
#6564=ADVANCED_FACE('',(#1049),#578,.T.);
#6565=ADVANCED_FACE('',(#1050),#579,.T.);
#6566=ADVANCED_FACE('',(#1051),#580,.T.);
#6567=ADVANCED_FACE('',(#1052),#581,.T.);
#6568=ADVANCED_FACE('',(#1053),#582,.T.);
#6569=ADVANCED_FACE('',(#1054),#583,.T.);
#6570=ADVANCED_FACE('',(#1055),#584,.T.);
#6571=ADVANCED_FACE('',(#1056),#585,.T.);
#6572=ADVANCED_FACE('',(#1057),#586,.T.);
#6573=ADVANCED_FACE('',(#1058),#587,.T.);
#6574=ADVANCED_FACE('',(#1059),#588,.T.);
#6575=ADVANCED_FACE('',(#1060),#589,.T.);
#6576=ADVANCED_FACE('',(#1061),#590,.T.);
#6577=ADVANCED_FACE('',(#1062),#591,.T.);
#6578=ADVANCED_FACE('',(#1063),#592,.T.);
#6579=ADVANCED_FACE('',(#1064),#593,.T.);
#6580=ADVANCED_FACE('',(#1065),#594,.T.);
#6581=ADVANCED_FACE('',(#1066),#732,.T.);
#6582=ADVANCED_FACE('',(#1067),#595,.T.);
#6583=ADVANCED_FACE('',(#1068),#733,.T.);
#6584=ADVANCED_FACE('',(#1069),#596,.T.);
#6585=ADVANCED_FACE('',(#1070),#597,.T.);
#6586=ADVANCED_FACE('',(#1071),#598,.T.);
#6587=ADVANCED_FACE('',(#1072),#734,.T.);
#6588=ADVANCED_FACE('',(#1073),#735,.T.);
#6589=ADVANCED_FACE('',(#1074),#736,.T.);
#6590=ADVANCED_FACE('',(#1075),#737,.T.);
#6591=ADVANCED_FACE('',(#1076),#738,.T.);
#6592=ADVANCED_FACE('',(#1077),#739,.T.);
#6593=ADVANCED_FACE('',(#1078),#740,.T.);
#6594=ADVANCED_FACE('',(#1079),#741,.T.);
#6595=ADVANCED_FACE('',(#1080),#742,.T.);
#6596=ADVANCED_FACE('',(#1081),#743,.T.);
#6597=ADVANCED_FACE('',(#1082),#744,.T.);
#6598=ADVANCED_FACE('',(#1083),#599,.T.);
#6599=ADVANCED_FACE('',(#1084),#600,.T.);
#6600=ADVANCED_FACE('',(#1085),#601,.T.);
#6601=ADVANCED_FACE('',(#1086),#602,.T.);
#6602=ADVANCED_FACE('',(#1087),#745,.T.);
#6603=ADVANCED_FACE('',(#1088),#603,.T.);
#6604=ADVANCED_FACE('',(#1089),#746,.T.);
#6605=ADVANCED_FACE('',(#1090),#747,.T.);
#6606=ADVANCED_FACE('',(#1091),#604,.T.);
#6607=ADVANCED_FACE('',(#1092),#605,.T.);
#6608=ADVANCED_FACE('',(#1093),#606,.T.);
#6609=ADVANCED_FACE('',(#1094),#607,.T.);
#6610=ADVANCED_FACE('',(#1095),#608,.T.);
#6611=ADVANCED_FACE('',(#1096),#748,.T.);
#6612=ADVANCED_FACE('',(#1097),#749,.T.);
#6613=ADVANCED_FACE('',(#1098),#750,.T.);
#6614=ADVANCED_FACE('',(#1099),#609,.T.);
#6615=ADVANCED_FACE('',(#1100),#610,.T.);
#6616=ADVANCED_FACE('',(#1101),#611,.T.);
#6617=ADVANCED_FACE('',(#1102),#612,.T.);
#6618=ADVANCED_FACE('',(#1103),#751,.T.);
#6619=ADVANCED_FACE('',(#1104),#752,.T.);
#6620=ADVANCED_FACE('',(#1105),#753,.T.);
#6621=ADVANCED_FACE('',(#1106),#754,.T.);
#6622=ADVANCED_FACE('',(#1107),#755,.T.);
#6623=ADVANCED_FACE('',(#1108),#756,.T.);
#6624=ADVANCED_FACE('',(#1109),#757,.T.);
#6625=ADVANCED_FACE('',(#1110),#758,.T.);
#6626=ADVANCED_FACE('',(#1111),#759,.T.);
#6627=ADVANCED_FACE('',(#1112),#760,.T.);
#6628=ADVANCED_FACE('',(#1113),#761,.T.);
#6629=ADVANCED_FACE('',(#1114),#762,.T.);
#6630=ADVANCED_FACE('',(#1115),#763,.T.);
#6631=ADVANCED_FACE('',(#1116),#764,.T.);
#6632=ADVANCED_FACE('',(#1117),#765,.T.);
#6633=ADVANCED_FACE('',(#1118),#766,.T.);
#6634=ADVANCED_FACE('',(#1119),#767,.T.);
#6635=ADVANCED_FACE('',(#1120),#613,.T.);
#6636=ADVANCED_FACE('',(#1121),#768,.T.);
#6637=ADVANCED_FACE('',(#1122),#769,.T.);
#6638=ADVANCED_FACE('',(#1123),#770,.T.);
#6639=ADVANCED_FACE('',(#1124),#771,.T.);
#6640=ADVANCED_FACE('',(#1125),#772,.T.);
#6641=ADVANCED_FACE('',(#1126),#773,.F.);
#6642=ADVANCED_FACE('',(#1127),#774,.F.);
#6643=ADVANCED_FACE('',(#1128),#775,.F.);
#6644=ADVANCED_FACE('',(#1129),#776,.F.);
#6645=ADVANCED_FACE('',(#1130),#777,.F.);
#6646=ADVANCED_FACE('',(#1131),#778,.F.);
#6647=ADVANCED_FACE('',(#1132),#779,.F.);
#6648=ADVANCED_FACE('',(#1133,#624),#780,.F.);
#6649=ADVANCED_FACE('',(#1134,#625,#626,#627,#628),#781,.F.);
#6650=ADVANCED_FACE('',(#1135),#782,.F.);
#6651=ADVANCED_FACE('',(#1136),#783,.F.);
#6652=ADVANCED_FACE('',(#1137),#784,.T.);
#6653=ADVANCED_FACE('',(#1138),#785,.T.);
#6654=ADVANCED_FACE('',(#1139),#786,.T.);
#6655=ADVANCED_FACE('',(#1140,#629,#630,#631,#632,#633,#634,#635,#636),
#787,.T.);
#6656=ADVANCED_FACE('',(#1141,#637,#638,#639,#640,#641,#642,#643,#644,#645,
#646),#788,.T.);
#6657=ADVANCED_FACE('',(#1142),#789,.T.);
#6658=ADVANCED_FACE('',(#1143),#790,.T.);
#6659=CLOSED_SHELL('',(#6306,#6307,#6308,#6309,#6310,#6311,#6312,#6313,
#6314,#6315,#6316,#6317,#6318,#6319,#6320,#6321,#6322,#6323,#6324,#6325,
#6326,#6327,#6328,#6329,#6330,#6331,#6332,#6333,#6334,#6335,#6336,#6337,
#6338,#6339,#6340,#6341,#6342,#6343,#6344,#6345,#6346,#6347,#6348,#6349,
#6350,#6351,#6352,#6353,#6354,#6355,#6356,#6357,#6358,#6359,#6360,#6361,
#6362,#6363,#6364,#6365,#6366,#6367,#6368,#6369,#6370,#6371,#6372,#6373,
#6374,#6375,#6376,#6377,#6378,#6379,#6380,#6381,#6382,#6383,#6384,#6385,
#6386,#6387,#6388,#6389,#6390,#6391,#6392,#6393,#6394,#6395,#6396,#6397,
#6398,#6399,#6400,#6401,#6402,#6403,#6404,#6405,#6406,#6407,#6408,#6409,
#6410,#6411,#6412,#6413,#6414,#6415,#6416,#6417,#6418,#6419,#6420,#6421,
#6422,#6423,#6424,#6425,#6426,#6427,#6428,#6429,#6430,#6431,#6432,#6433,
#6434,#6435,#6436,#6437,#6438,#6439,#6440,#6441,#6442,#6443,#6444,#6445,
#6446,#6447,#6448,#6449,#6450,#6451,#6452,#6453,#6454,#6455,#6456,#6457,
#6458,#6459,#6460,#6461,#6462,#6463,#6464,#6465,#6466,#6467,#6468,#6469,
#6470,#6471,#6472,#6473,#6474,#6475,#6476,#6477,#6478,#6479,#6480,#6481,
#6482,#6483,#6484,#6485,#6486,#6487,#6488,#6489,#6490,#6491,#6492,#6493,
#6494,#6495,#6496,#6497,#6498,#6499,#6500,#6501,#6502,#6503,#6504,#6505,
#6506,#6507,#6508,#6509,#6510,#6511,#6512,#6513,#6514,#6515,#6516,#6517,
#6518,#6519,#6520,#6521,#6522,#6523,#6524,#6525,#6526,#6527,#6528,#6529,
#6530,#6531,#6532,#6533,#6534,#6535,#6536,#6537,#6538,#6539,#6540,#6541,
#6542,#6543,#6544,#6545,#6546,#6547,#6548,#6549,#6550,#6551,#6552,#6553,
#6554,#6555,#6556,#6557,#6558,#6559,#6560,#6561,#6562,#6563,#6564,#6565,
#6566,#6567,#6568,#6569,#6570,#6571,#6572,#6573,#6574,#6575,#6576,#6577,
#6578,#6579,#6580,#6581,#6582,#6583,#6584,#6585,#6586,#6587,#6588,#6589,
#6590,#6591,#6592,#6593,#6594,#6595,#6596,#6597,#6598,#6599,#6600,#6601,
#6602,#6603,#6604,#6605,#6606,#6607,#6608,#6609,#6610,#6611,#6612,#6613,
#6614,#6615,#6616,#6617,#6618,#6619,#6620,#6621,#6622,#6623,#6624,#6625,
#6626,#6627,#6628,#6629,#6630,#6631,#6632,#6633,#6634,#6635,#6636,#6637,
#6638,#6639,#6640,#6641,#6642,#6643,#6644,#6645,#6646,#6647,#6648,#6649,
#6650,#6651,#6652,#6653,#6654,#6655,#6656,#6657,#6658));
#6660=DERIVED_UNIT_ELEMENT(#6662,1.);
#6661=DERIVED_UNIT_ELEMENT(#13198,-3.);
#6662=(
MASS_UNIT()
NAMED_UNIT(*)
SI_UNIT(.KILO.,.GRAM.)
);
#6663=DERIVED_UNIT((#6660,#6661));
#6664=MEASURE_REPRESENTATION_ITEM('density measure',
POSITIVE_RATIO_MEASURE(7850.),#6663);
#6665=PROPERTY_DEFINITION_REPRESENTATION(#6670,#6667);
#6666=PROPERTY_DEFINITION_REPRESENTATION(#6671,#6668);
#6667=REPRESENTATION('material name',(#6669),#13195);
#6668=REPRESENTATION('density',(#6664),#13195);
#6669=DESCRIPTIVE_REPRESENTATION_ITEM('Steel','Steel');
#6670=PROPERTY_DEFINITION('material property','material name',#13215);
#6671=PROPERTY_DEFINITION('material property','density of part',#13215);
#6672=AXIS2_PLACEMENT_3D('',#7793,#6857,#6858);
#6673=AXIS2_PLACEMENT_3D('',#7794,#6859,#6860);
#6674=AXIS2_PLACEMENT_3D('',#7795,#6861,#6862);
#6675=AXIS2_PLACEMENT_3D('',#7796,#6863,#6864);
#6676=AXIS2_PLACEMENT_3D('',#7801,#6866,#6867);
#6677=AXIS2_PLACEMENT_3D('',#7804,#6869,#6870);
#6678=AXIS2_PLACEMENT_3D('',#7805,#6871,#6872);
#6679=AXIS2_PLACEMENT_3D('',#7807,#6874,#6875);
#6680=AXIS2_PLACEMENT_3D('',#7809,#6876,#6877);
#6681=AXIS2_PLACEMENT_3D('',#7812,#6879,#6880);
#6682=AXIS2_PLACEMENT_3D('',#7813,#6881,#6882);
#6683=AXIS2_PLACEMENT_3D('',#7814,#6883,#6884);
#6684=AXIS2_PLACEMENT_3D('',#7819,#6886,#6887);
#6685=AXIS2_PLACEMENT_3D('',#7822,#6889,#6890);
#6686=AXIS2_PLACEMENT_3D('',#7823,#6891,#6892);
#6687=AXIS2_PLACEMENT_3D('',#7825,#6894,#6895);
#6688=AXIS2_PLACEMENT_3D('',#7830,#6897,#6898);
#6689=AXIS2_PLACEMENT_3D('',#7833,#6900,#6901);
#6690=AXIS2_PLACEMENT_3D('',#7834,#6902,#6903);
#6691=AXIS2_PLACEMENT_3D('',#7836,#6905,#6906);
#6692=AXIS2_PLACEMENT_3D('',#7838,#6907,#6908);
#6693=AXIS2_PLACEMENT_3D('',#7841,#6910,#6911);
#6694=AXIS2_PLACEMENT_3D('',#7842,#6912,#6913);
#6695=AXIS2_PLACEMENT_3D('',#7843,#6914,#6915);
#6696=AXIS2_PLACEMENT_3D('',#7845,#6916,#6917);
#6697=AXIS2_PLACEMENT_3D('',#7848,#6919,#6920);
#6698=AXIS2_PLACEMENT_3D('',#7849,#6921,#6922);
#6699=AXIS2_PLACEMENT_3D('',#7850,#6923,#6924);
#6700=AXIS2_PLACEMENT_3D('',#7855,#6926,#6927);
#6701=AXIS2_PLACEMENT_3D('',#7858,#6929,#6930);
#6702=AXIS2_PLACEMENT_3D('',#7859,#6931,#6932);
#6703=AXIS2_PLACEMENT_3D('',#7861,#6934,#6935);
#6704=AXIS2_PLACEMENT_3D('',#7863,#6936,#6937);
#6705=AXIS2_PLACEMENT_3D('',#7866,#6939,#6940);
#6706=AXIS2_PLACEMENT_3D('',#7867,#6941,#6942);
#6707=AXIS2_PLACEMENT_3D('',#7868,#6943,#6944);
#6708=AXIS2_PLACEMENT_3D('',#7870,#6945,#6946);
#6709=AXIS2_PLACEMENT_3D('',#7873,#6948,#6949);
#6710=AXIS2_PLACEMENT_3D('',#7874,#6950,#6951);
#6711=AXIS2_PLACEMENT_3D('',#7875,#6952,#6953);
#6712=AXIS2_PLACEMENT_3D('',#7880,#6955,#6956);
#6713=AXIS2_PLACEMENT_3D('',#7883,#6958,#6959);
#6714=AXIS2_PLACEMENT_3D('',#7884,#6960,#6961);
#6715=AXIS2_PLACEMENT_3D('',#7886,#6963,#6964);
#6716=AXIS2_PLACEMENT_3D('',#7891,#6966,#6967);
#6717=AXIS2_PLACEMENT_3D('',#7894,#6969,#6970);
#6718=AXIS2_PLACEMENT_3D('',#7895,#6971,#6972);
#6719=AXIS2_PLACEMENT_3D('',#7897,#6974,#6975);
#6720=AXIS2_PLACEMENT_3D('',#7899,#6976,#6977);
#6721=AXIS2_PLACEMENT_3D('',#7902,#6979,#6980);
#6722=AXIS2_PLACEMENT_3D('',#7903,#6981,#6982);
#6723=AXIS2_PLACEMENT_3D('',#7904,#6983,#6984);
#6724=AXIS2_PLACEMENT_3D('',#8237,#7016,#7017);
#6725=AXIS2_PLACEMENT_3D('',#8565,#7033,#7034);
#6726=AXIS2_PLACEMENT_3D('',#8716,#7038,#7039);
#6727=AXIS2_PLACEMENT_3D('',#8756,#7045,#7046);
#6728=AXIS2_PLACEMENT_3D('',#8879,#7056,#7057);
#6729=AXIS2_PLACEMENT_3D('',#9136,#7074,#7075);
#6730=AXIS2_PLACEMENT_3D('',#9317,#7085,#7086);
#6731=AXIS2_PLACEMENT_3D('',#9321,#7089,#7090);
#6732=AXIS2_PLACEMENT_3D('',#9325,#7093,#7094);
#6733=AXIS2_PLACEMENT_3D('',#9533,#7109,#7110);
#6734=AXIS2_PLACEMENT_3D('',#9552,#7113,#7114);
#6735=AXIS2_PLACEMENT_3D('',#9561,#7119,#7120);
#6736=AXIS2_PLACEMENT_3D('',#9567,#7124,#7125);
#6737=AXIS2_PLACEMENT_3D('',#9571,#7128,#7129);
#6738=AXIS2_PLACEMENT_3D('',#9575,#7132,#7133);
#6739=AXIS2_PLACEMENT_3D('',#9577,#7135,#7136);
#6740=AXIS2_PLACEMENT_3D('',#9654,#7145,#7146);
#6741=AXIS2_PLACEMENT_3D('',#9745,#7155,#7156);
#6742=AXIS2_PLACEMENT_3D('',#9749,#7159,#7160);
#6743=AXIS2_PLACEMENT_3D('',#9753,#7163,#7164);
#6744=AXIS2_PLACEMENT_3D('',#9842,#7172,#7173);
#6745=AXIS2_PLACEMENT_3D('',#9846,#7176,#7177);
#6746=AXIS2_PLACEMENT_3D('',#9850,#7180,#7181);
#6747=AXIS2_PLACEMENT_3D('',#9854,#7184,#7185);
#6748=AXIS2_PLACEMENT_3D('',#9856,#7187,#7188);
#6749=AXIS2_PLACEMENT_3D('',#10136,#7201,#7202);
#6750=AXIS2_PLACEMENT_3D('',#10310,#7215,#7216);
#6751=AXIS2_PLACEMENT_3D('',#10329,#7219,#7220);
#6752=AXIS2_PLACEMENT_3D('',#10338,#7225,#7226);
#6753=AXIS2_PLACEMENT_3D('',#10344,#7230,#7231);
#6754=AXIS2_PLACEMENT_3D('',#10348,#7234,#7235);
#6755=AXIS2_PLACEMENT_3D('',#10352,#7238,#7239);
#6756=AXIS2_PLACEMENT_3D('',#10354,#7241,#7242);
#6757=AXIS2_PLACEMENT_3D('',#10535,#7252,#7253);
#6758=AXIS2_PLACEMENT_3D('',#10539,#7256,#7257);
#6759=AXIS2_PLACEMENT_3D('',#10543,#7260,#7261);
#6760=AXIS2_PLACEMENT_3D('',#10751,#7276,#7277);
#6761=AXIS2_PLACEMENT_3D('',#10770,#7280,#7281);
#6762=AXIS2_PLACEMENT_3D('',#10825,#7288,#7289);
#6763=AXIS2_PLACEMENT_3D('',#10899,#7297,#7298);
#6764=AXIS2_PLACEMENT_3D('',#10954,#7304,#7305);
#6765=AXIS2_PLACEMENT_3D('',#10958,#7308,#7309);
#6766=AXIS2_PLACEMENT_3D('',#10962,#7312,#7313);
#6767=AXIS2_PLACEMENT_3D('',#10966,#7316,#7317);
#6768=AXIS2_PLACEMENT_3D('',#10968,#7319,#7320);
#6769=AXIS2_PLACEMENT_3D('',#11039,#7329,#7330);
#6770=AXIS2_PLACEMENT_3D('',#11130,#7339,#7340);
#6771=AXIS2_PLACEMENT_3D('',#11134,#7343,#7344);
#6772=AXIS2_PLACEMENT_3D('',#11138,#7347,#7348);
#6773=AXIS2_PLACEMENT_3D('',#11210,#7355,#7356);
#6774=AXIS2_PLACEMENT_3D('',#11214,#7359,#7360);
#6775=AXIS2_PLACEMENT_3D('',#11218,#7363,#7364);
#6776=AXIS2_PLACEMENT_3D('',#11222,#7367,#7368);
#6777=AXIS2_PLACEMENT_3D('',#11224,#7370,#7371);
#6778=AXIS2_PLACEMENT_3D('',#11233,#7376,#7377);
#6779=AXIS2_PLACEMENT_3D('',#11239,#7381,#7382);
#6780=AXIS2_PLACEMENT_3D('',#11245,#7386,#7387);
#6781=AXIS2_PLACEMENT_3D('',#11248,#7390,#7391);
#6782=AXIS2_PLACEMENT_3D('',#11257,#7396,#7397);
#6783=AXIS2_PLACEMENT_3D('',#11263,#7401,#7402);
#6784=AXIS2_PLACEMENT_3D('',#11267,#7405,#7406);
#6785=AXIS2_PLACEMENT_3D('',#11271,#7409,#7410);
#6786=AXIS2_PLACEMENT_3D('',#11273,#7412,#7413);
#6787=AXIS2_PLACEMENT_3D('',#11282,#7418,#7419);
#6788=AXIS2_PLACEMENT_3D('',#11288,#7423,#7424);
#6789=AXIS2_PLACEMENT_3D('',#11292,#7427,#7428);
#6790=AXIS2_PLACEMENT_3D('',#11296,#7431,#7432);
#6791=AXIS2_PLACEMENT_3D('',#11298,#7434,#7435);
#6792=AXIS2_PLACEMENT_3D('',#11526,#7446,#7447);
#6793=AXIS2_PLACEMENT_3D('',#11683,#7459,#7460);
#6794=AXIS2_PLACEMENT_3D('',#11702,#7463,#7464);
#6795=AXIS2_PLACEMENT_3D('',#12145,#7482,#7483);
#6796=AXIS2_PLACEMENT_3D('',#12455,#7504,#7505);
#6797=AXIS2_PLACEMENT_3D('',#12474,#7508,#7509);
#6798=AXIS2_PLACEMENT_3D('',#12600,#7526,#7527);
#6799=AXIS2_PLACEMENT_3D('',#12604,#7530,#7531);
#6800=AXIS2_PLACEMENT_3D('',#12608,#7534,#7535);
#6801=AXIS2_PLACEMENT_3D('',#12612,#7538,#7539);
#6802=AXIS2_PLACEMENT_3D('',#12616,#7542,#7543);
#6803=AXIS2_PLACEMENT_3D('',#12620,#7546,#7547);
#6804=AXIS2_PLACEMENT_3D('',#12624,#7550,#7551);
#6805=AXIS2_PLACEMENT_3D('',#12628,#7554,#7555);
#6806=AXIS2_PLACEMENT_3D('',#12632,#7558,#7559);
#6807=AXIS2_PLACEMENT_3D('',#12636,#7562,#7563);
#6808=AXIS2_PLACEMENT_3D('',#12640,#7566,#7567);
#6809=AXIS2_PLACEMENT_3D('',#12712,#7574,#7575);
#6810=AXIS2_PLACEMENT_3D('',#12731,#7578,#7579);
#6811=AXIS2_PLACEMENT_3D('',#12802,#7588,#7589);
#6812=AXIS2_PLACEMENT_3D('',#12893,#7598,#7599);
#6813=AXIS2_PLACEMENT_3D('',#12897,#7602,#7603);
#6814=AXIS2_PLACEMENT_3D('',#12901,#7606,#7607);
#6815=AXIS2_PLACEMENT_3D('',#12973,#7614,#7615);
#6816=AXIS2_PLACEMENT_3D('',#12977,#7618,#7619);
#6817=AXIS2_PLACEMENT_3D('',#12981,#7622,#7623);
#6818=AXIS2_PLACEMENT_3D('',#12985,#7626,#7627);
#6819=AXIS2_PLACEMENT_3D('',#12987,#7629,#7630);
#6820=AXIS2_PLACEMENT_3D('',#13028,#7648,#7649);
#6821=AXIS2_PLACEMENT_3D('',#13034,#7653,#7654);
#6822=AXIS2_PLACEMENT_3D('',#13038,#7657,#7658);
#6823=AXIS2_PLACEMENT_3D('',#13042,#7661,#7662);
#6824=AXIS2_PLACEMENT_3D('',#13046,#7665,#7666);
#6825=AXIS2_PLACEMENT_3D('',#13050,#7669,#7670);
#6826=AXIS2_PLACEMENT_3D('',#13054,#7673,#7674);
#6827=AXIS2_PLACEMENT_3D('',#13058,#7677,#7678);
#6828=AXIS2_PLACEMENT_3D('',#13062,#7681,#7682);
#6829=AXIS2_PLACEMENT_3D('',#13066,#7685,#7686);
#6830=AXIS2_PLACEMENT_3D('',#13070,#7689,#7690);
#6831=AXIS2_PLACEMENT_3D('',#13074,#7693,#7694);
#6832=AXIS2_PLACEMENT_3D('',#13095,#7698,#7699);
#6833=AXIS2_PLACEMENT_3D('',#13099,#7702,#7703);
#6834=AXIS2_PLACEMENT_3D('',#13103,#7706,#7707);
#6835=AXIS2_PLACEMENT_3D('',#13107,#7710,#7711);
#6836=AXIS2_PLACEMENT_3D('',#13111,#7714,#7715);
#6837=AXIS2_PLACEMENT_3D('',#13113,#7717,#7718);
#6838=AXIS2_PLACEMENT_3D('',#13122,#7723,#7724);
#6839=AXIS2_PLACEMENT_3D('',#13128,#7728,#7729);
#6840=AXIS2_PLACEMENT_3D('',#13134,#7733,#7734);
#6841=AXIS2_PLACEMENT_3D('',#13137,#7737,#7738);
#6842=AXIS2_PLACEMENT_3D('',#13143,#7742,#7743);
#6843=AXIS2_PLACEMENT_3D('',#13147,#7746,#7747);
#6844=AXIS2_PLACEMENT_3D('',#13151,#7750,#7751);
#6845=AXIS2_PLACEMENT_3D('',#13155,#7754,#7755);
#6846=AXIS2_PLACEMENT_3D('',#13159,#7758,#7759);
#6847=AXIS2_PLACEMENT_3D('',#13161,#7761,#7762);
#6848=AXIS2_PLACEMENT_3D('',#13162,#7763,#7764);
#6849=AXIS2_PLACEMENT_3D('',#13168,#7768,#7769);
#6850=AXIS2_PLACEMENT_3D('',#13172,#7772,#7773);
#6851=AXIS2_PLACEMENT_3D('',#13176,#7776,#7777);
#6852=AXIS2_PLACEMENT_3D('',#13180,#7780,#7781);
#6853=AXIS2_PLACEMENT_3D('',#13184,#7784,#7785);
#6854=AXIS2_PLACEMENT_3D('',#13186,#7787,#7788);
#6855=AXIS2_PLACEMENT_3D('',#13187,#7789,#7790);
#6856=AXIS2_PLACEMENT_3D('',#13188,#7791,#7792);
#6857=DIRECTION('axis',(0.,0.,1.));
#6858=DIRECTION('refdir',(1.,0.,0.));
#6859=DIRECTION('axis',(0.,0.,1.));
#6860=DIRECTION('refdir',(1.,0.,0.));
#6861=DIRECTION('axis',(0.,0.,1.));
#6862=DIRECTION('refdir',(1.,0.,0.));
#6863=DIRECTION('center_axis',(0.,0.,-1.));
#6864=DIRECTION('ref_axis',(-0.866025403784439,0.5,0.));
#6865=DIRECTION('',(0.,0.,1.));
#6866=DIRECTION('center_axis',(0.,0.,-1.));
#6867=DIRECTION('ref_axis',(-1.,0.,0.));
#6868=DIRECTION('',(0.,0.,-1.));
#6869=DIRECTION('center_axis',(0.,0.,-1.));
#6870=DIRECTION('ref_axis',(-1.,0.,0.));
#6871=DIRECTION('center_axis',(0.,0.,1.));
#6872=DIRECTION('ref_axis',(-1.,0.,0.));
#6873=DIRECTION('',(-0.5,-0.866025403784439,0.));
#6874=DIRECTION('center_axis',(0.,0.,-1.));
#6875=DIRECTION('ref_axis',(-1.,0.,0.));
#6876=DIRECTION('center_axis',(0.,0.,-1.));
#6877=DIRECTION('ref_axis',(-1.,0.,0.));
#6878=DIRECTION('',(0.,0.,-1.));
#6879=DIRECTION('center_axis',(0.,0.,-1.));
#6880=DIRECTION('ref_axis',(-1.,0.,0.));
#6881=DIRECTION('center_axis',(0.,0.,1.));
#6882=DIRECTION('ref_axis',(-1.,0.,0.));
#6883=DIRECTION('center_axis',(0.,0.,-1.));
#6884=DIRECTION('ref_axis',(0.866025403784438,0.5,0.));
#6885=DIRECTION('',(0.,0.,1.));
#6886=DIRECTION('center_axis',(0.,0.,-1.));
#6887=DIRECTION('ref_axis',(-1.,0.,0.));
#6888=DIRECTION('',(0.,0.,-1.));
#6889=DIRECTION('center_axis',(0.,0.,-1.));
#6890=DIRECTION('ref_axis',(-1.,0.,0.));
#6891=DIRECTION('center_axis',(0.,0.,1.));
#6892=DIRECTION('ref_axis',(-1.,0.,0.));
#6893=DIRECTION('',(-0.5,0.866025403784438,0.));
#6894=DIRECTION('center_axis',(0.,0.,-1.));
#6895=DIRECTION('ref_axis',(-0.866025403784437,-0.500000000000003,0.));
#6896=DIRECTION('',(0.,0.,1.));
#6897=DIRECTION('center_axis',(0.,0.,-1.));
#6898=DIRECTION('ref_axis',(-1.,0.,0.));
#6899=DIRECTION('',(0.,0.,-1.));
#6900=DIRECTION('center_axis',(0.,0.,-1.));
#6901=DIRECTION('ref_axis',(-1.,0.,0.));
#6902=DIRECTION('center_axis',(0.,0.,1.));
#6903=DIRECTION('ref_axis',(-1.,0.,0.));
#6904=DIRECTION('',(0.5,-0.866025403784438,0.));
#6905=DIRECTION('center_axis',(0.,0.,-1.));
#6906=DIRECTION('ref_axis',(-1.,0.,0.));
#6907=DIRECTION('center_axis',(0.,0.,-1.));
#6908=DIRECTION('ref_axis',(-1.,0.,0.));
#6909=DIRECTION('',(0.,0.,-1.));
#6910=DIRECTION('center_axis',(0.,0.,-1.));
#6911=DIRECTION('ref_axis',(-1.,0.,0.));
#6912=DIRECTION('center_axis',(0.,0.,1.));
#6913=DIRECTION('ref_axis',(-1.,0.,0.));
#6914=DIRECTION('center_axis',(0.,0.,-1.));
#6915=DIRECTION('ref_axis',(-1.,0.,0.));
#6916=DIRECTION('center_axis',(0.,0.,-1.));
#6917=DIRECTION('ref_axis',(-1.,0.,0.));
#6918=DIRECTION('',(0.,0.,-1.));
#6919=DIRECTION('center_axis',(0.,0.,-1.));
#6920=DIRECTION('ref_axis',(-1.,0.,0.));
#6921=DIRECTION('center_axis',(0.,0.,1.));
#6922=DIRECTION('ref_axis',(-1.,0.,0.));
#6923=DIRECTION('center_axis',(0.,0.,-1.));
#6924=DIRECTION('ref_axis',(0.866025403784439,-0.5,0.));
#6925=DIRECTION('',(0.,0.,1.));
#6926=DIRECTION('center_axis',(0.,0.,-1.));
#6927=DIRECTION('ref_axis',(-1.,0.,0.));
#6928=DIRECTION('',(0.,0.,-1.));
#6929=DIRECTION('center_axis',(0.,0.,-1.));
#6930=DIRECTION('ref_axis',(-1.,0.,0.));
#6931=DIRECTION('center_axis',(0.,0.,1.));
#6932=DIRECTION('ref_axis',(-1.,0.,0.));
#6933=DIRECTION('',(0.5,0.866025403784439,0.));
#6934=DIRECTION('center_axis',(0.,0.,-1.));
#6935=DIRECTION('ref_axis',(-1.,0.,0.));
#6936=DIRECTION('center_axis',(0.,0.,-1.));
#6937=DIRECTION('ref_axis',(-1.,0.,0.));
#6938=DIRECTION('',(0.,0.,-1.));
#6939=DIRECTION('center_axis',(0.,0.,-1.));
#6940=DIRECTION('ref_axis',(-1.,0.,0.));
#6941=DIRECTION('center_axis',(0.,0.,1.));
#6942=DIRECTION('ref_axis',(-1.,0.,0.));
#6943=DIRECTION('center_axis',(0.,0.,-1.));
#6944=DIRECTION('ref_axis',(-1.,0.,0.));
#6945=DIRECTION('center_axis',(0.,0.,-1.));
#6946=DIRECTION('ref_axis',(-1.,0.,0.));
#6947=DIRECTION('',(0.,0.,-1.));
#6948=DIRECTION('center_axis',(0.,0.,-1.));
#6949=DIRECTION('ref_axis',(-1.,0.,0.));
#6950=DIRECTION('center_axis',(0.,0.,1.));
#6951=DIRECTION('ref_axis',(-1.,0.,0.));
#6952=DIRECTION('center_axis',(0.,0.,-1.));
#6953=DIRECTION('ref_axis',(0.866025403784439,-0.499999999999999,0.));
#6954=DIRECTION('',(0.,0.,1.));
#6955=DIRECTION('center_axis',(0.,0.,-1.));
#6956=DIRECTION('ref_axis',(-1.,0.,0.));
#6957=DIRECTION('',(0.,0.,-1.));
#6958=DIRECTION('center_axis',(0.,0.,-1.));
#6959=DIRECTION('ref_axis',(-1.,0.,0.));
#6960=DIRECTION('center_axis',(0.,0.,1.));
#6961=DIRECTION('ref_axis',(-1.,0.,0.));
#6962=DIRECTION('',(0.5,0.866025403784439,0.));
#6963=DIRECTION('center_axis',(0.,0.,-1.));
#6964=DIRECTION('ref_axis',(-0.866025403784437,-0.500000000000003,0.));
#6965=DIRECTION('',(0.,0.,1.));
#6966=DIRECTION('center_axis',(0.,0.,-1.));
#6967=DIRECTION('ref_axis',(-1.,0.,0.));
#6968=DIRECTION('',(0.,0.,-1.));
#6969=DIRECTION('center_axis',(0.,0.,-1.));
#6970=DIRECTION('ref_axis',(-1.,0.,0.));
#6971=DIRECTION('center_axis',(0.,0.,1.));
#6972=DIRECTION('ref_axis',(-1.,0.,0.));
#6973=DIRECTION('',(0.500000000000001,-0.866025403784438,0.));
#6974=DIRECTION('center_axis',(0.,0.,-1.));
#6975=DIRECTION('ref_axis',(-1.,0.,0.));
#6976=DIRECTION('center_axis',(0.,0.,-1.));
#6977=DIRECTION('ref_axis',(-1.,0.,0.));
#6978=DIRECTION('',(0.,0.,-1.));
#6979=DIRECTION('center_axis',(0.,0.,-1.));
#6980=DIRECTION('ref_axis',(-1.,0.,0.));
#6981=DIRECTION('center_axis',(0.,0.,1.));
#6982=DIRECTION('ref_axis',(-1.,0.,0.));
#6983=DIRECTION('center_axis',(0.,0.,-1.));
#6984=DIRECTION('ref_axis',(1.,0.,0.));
#6985=DIRECTION('',(0.5,-0.866025403784438,0.));
#6986=DIRECTION('',(1.,0.,0.));
#6987=DIRECTION('',(0.5,0.866025403784439,0.));
#6988=DIRECTION('',(0.5,0.866025403784439,0.));
#6989=DIRECTION('',(-0.500000000000001,0.866025403784438,0.));
#6990=DIRECTION('',(-1.,0.,0.));
#6991=DIRECTION('',(-0.5,-0.866025403784439,0.));
#6992=DIRECTION('',(0.5,-0.866025403784438,0.));
#6993=DIRECTION('',(0.5,0.866025403784439,0.));
#6994=DIRECTION('',(1.,0.,0.));
#6995=DIRECTION('',(0.5,-0.866025403784438,0.));
#6996=DIRECTION('',(0.5,-0.866025403784438,0.));
#6997=DIRECTION('',(-0.5,-0.866025403784439,0.));
#6998=DIRECTION('',(-0.5,-0.866025403784439,0.));
#6999=DIRECTION('',(-1.,0.,0.));
#7000=DIRECTION('',(-0.500000000000001,0.866025403784438,0.));
#7001=DIRECTION('',(-0.500000000000001,0.866025403784438,0.));
#7002=DIRECTION('',(0.5,0.866025403784439,0.));
#7003=DIRECTION('',(-0.866025403784439,0.5,0.));
#7004=DIRECTION('',(-0.866025403784439,0.5,0.));
#7005=DIRECTION('',(-0.866025403784439,0.5,0.));
#7006=DIRECTION('',(-0.866025403784439,0.5,0.));
#7007=DIRECTION('',(-0.866025403784439,0.5,0.));
#7008=DIRECTION('',(-0.866025403784439,0.5,0.));
#7009=DIRECTION('',(-0.866025403784439,0.5,0.));
#7010=DIRECTION('',(-0.866025403784439,0.5,0.));
#7011=DIRECTION('',(-0.866025403784439,0.5,0.));
#7012=DIRECTION('',(-0.866025403784439,0.5,0.));
#7013=DIRECTION('',(-0.866025403784439,0.5,0.));
#7014=DIRECTION('',(-0.866025403784439,0.5,0.));
#7015=DIRECTION('',(-0.866025403784439,0.5,0.));
#7016=DIRECTION('center_axis',(0.5,0.866025403784439,0.));
#7017=DIRECTION('ref_axis',(0.,0.,-1.));
#7018=DIRECTION('',(0.,0.,1.));
#7019=DIRECTION('',(0.,0.,1.));
#7020=DIRECTION('',(-0.866025403784439,0.5,0.));
#7021=DIRECTION('',(-0.866025403784439,0.5,0.));
#7022=DIRECTION('',(-0.866025403784439,0.5,0.));
#7023=DIRECTION('',(-0.866025403784439,0.5,0.));
#7024=DIRECTION('',(-0.866025403784439,0.5,0.));
#7025=DIRECTION('',(-0.866025403784439,0.5,0.));
#7026=DIRECTION('',(-0.866025403784439,0.5,0.));
#7027=DIRECTION('',(-0.866025403784439,0.5,0.));
#7028=DIRECTION('',(-0.866025403784439,0.5,0.));
#7029=DIRECTION('',(-0.866025403784439,0.5,0.));
#7030=DIRECTION('',(-0.866025403784439,0.5,0.));
#7031=DIRECTION('',(-0.866025403784439,0.5,0.));
#7032=DIRECTION('',(-0.866025403784439,0.5,0.));
#7033=DIRECTION('center_axis',(0.866025403784439,-0.5,0.));
#7034=DIRECTION('ref_axis',(-0.5,-0.866025403784439,0.));
#7035=DIRECTION('',(-0.5,-0.866025403784438,0.));
#7036=DIRECTION('',(0.,0.,-1.));
#7037=DIRECTION('',(-0.495415125182257,-0.858084167653765,0.13511260105036));
#7038=DIRECTION('center_axis',(0.,0.,1.));
#7039=DIRECTION('ref_axis',(1.,0.,0.));
#7040=DIRECTION('',(0.866025403784439,-0.5,0.));
#7041=DIRECTION('',(-0.5,-0.866025403784439,0.));
#7042=DIRECTION('',(0.866025403784439,-0.5,0.));
#7043=DIRECTION('',(0.866025403784439,-0.5,0.));
#7044=DIRECTION('',(0.866025403784439,-0.5,0.));
#7045=DIRECTION('center_axis',(-0.5,-0.866025403784439,0.));
#7046=DIRECTION('ref_axis',(0.,0.,1.));
#7047=DIRECTION('',(0.,0.,-1.));
#7048=DIRECTION('',(0.866025403784439,-0.5,0.));
#7049=DIRECTION('',(0.866025403784439,-0.5,0.));
#7050=DIRECTION('',(0.866025403784439,-0.5,0.));
#7051=DIRECTION('',(0.866025403784439,-0.5,0.));
#7052=DIRECTION('',(0.866025403784439,-0.5,0.));
#7053=DIRECTION('',(0.866025403784439,-0.5,0.));
#7054=DIRECTION('',(0.866025403784439,-0.5,0.));
#7055=DIRECTION('',(0.866025403784439,-0.5,0.));
#7056=DIRECTION('center_axis',(0.0675563005251802,0.117010944881004,0.990830250364514));
#7057=DIRECTION('ref_axis',(0.997683713691606,0.,-0.0680235799890369));
#7058=DIRECTION('',(-0.495415125182257,-0.858084167653765,0.13511260105036));
#7059=DIRECTION('',(0.866025403784439,-0.5,0.));
#7060=DIRECTION('',(0.866025403784439,-0.5,0.));
#7061=DIRECTION('',(0.866025403784439,-0.5,0.));
#7062=DIRECTION('',(0.866025403784439,-0.5,0.));
#7063=DIRECTION('',(0.866025403784439,-0.5,0.));
#7064=DIRECTION('',(0.866025403784439,-0.5,0.));
#7065=DIRECTION('',(0.866025403784439,-0.5,0.));
#7066=DIRECTION('',(0.866025403784439,-0.5,0.));
#7067=DIRECTION('',(0.866025403784439,-0.5,0.));
#7068=DIRECTION('',(0.866025403784439,-0.5,0.));
#7069=DIRECTION('',(0.866025403784439,-0.5,0.));
#7070=DIRECTION('',(0.866025403784439,-0.5,0.));
#7071=DIRECTION('',(0.866025403784439,-0.5,0.));
#7072=DIRECTION('',(0.866025403784439,-0.5,0.));
#7073=DIRECTION('',(0.866025403784439,-0.5,0.));
#7074=DIRECTION('center_axis',(0.866025403784439,-0.5,0.));
#7075=DIRECTION('ref_axis',(-0.5,-0.866025403784439,0.));
#7076=DIRECTION('',(0.,0.,-1.));
#7077=DIRECTION('',(0.5,0.866025403784438,0.));
#7078=DIRECTION('',(0.,0.,1.));
#7079=DIRECTION('',(0.494571312420971,0.856622641079141,-0.146958727950388));
#7080=DIRECTION('',(0.866025403784439,-0.5,0.));
#7081=DIRECTION('',(0.866025403784439,-0.5,0.));
#7082=DIRECTION('',(0.866025403784439,-0.5,0.));
#7083=DIRECTION('',(0.866025403784439,-0.5,0.));
#7084=DIRECTION('',(0.866025403784439,-0.5,0.));
#7085=DIRECTION('center_axis',(-0.5,-0.866025403784439,0.));
#7086=DIRECTION('ref_axis',(0.,0.,1.));
#7087=DIRECTION('',(0.,0.,-1.));
#7088=DIRECTION('',(0.866025403784439,-0.5,0.));
#7089=DIRECTION('center_axis',(0.,0.,-1.));
#7090=DIRECTION('ref_axis',(-1.,0.,0.));
#7091=DIRECTION('',(0.5,0.866025403784439,0.));
#7092=DIRECTION('',(0.866025403784439,-0.5,0.));
#7093=DIRECTION('center_axis',(0.5,0.866025403784439,0.));
#7094=DIRECTION('ref_axis',(0.,0.,-1.));
#7095=DIRECTION('',(0.,0.,1.));
#7096=DIRECTION('',(0.866025403784439,-0.5,0.));
#7097=DIRECTION('',(0.866025403784439,-0.5,0.));
#7098=DIRECTION('',(0.866025403784439,-0.5,0.));
#7099=DIRECTION('',(0.866025403784439,-0.5,0.));
#7100=DIRECTION('',(0.866025403784439,-0.5,0.));
#7101=DIRECTION('',(0.866025403784439,-0.5,0.));
#7102=DIRECTION('',(0.866025403784439,-0.5,0.));
#7103=DIRECTION('',(0.866025403784439,-0.5,0.));
#7104=DIRECTION('',(0.866025403784439,-0.5,0.));
#7105=DIRECTION('',(0.866025403784439,-0.5,0.));
#7106=DIRECTION('',(0.866025403784439,-0.5,0.));
#7107=DIRECTION('',(0.866025403784439,-0.5,0.));
#7108=DIRECTION('',(0.866025403784439,-0.5,0.));
#7109=DIRECTION('center_axis',(-0.0734793639751938,-0.127269991712882,-0.989142624841941));
#7110=DIRECTION('ref_axis',(-0.997252168990948,0.,0.0740817888745282));
#7111=DIRECTION('',(0.49457131242097,0.856622641079141,-0.146958727950388));
#7112=DIRECTION('',(0.866025403784439,-0.5,0.));
#7113=DIRECTION('center_axis',(0.866025403784439,-0.5,0.));
#7114=DIRECTION('ref_axis',(-0.5,-0.866025403784439,0.));
#7115=DIRECTION('',(0.,0.,-1.));
#7116=DIRECTION('',(0.5,0.866025403784438,0.));
#7117=DIRECTION('',(0.,0.,1.));
#7118=DIRECTION('',(-0.5,-0.866025403784438,0.));
#7119=DIRECTION('center_axis',(-0.5,-0.866025403784439,0.));
#7120=DIRECTION('ref_axis',(0.,0.,1.));
#7121=DIRECTION('',(0.866025403784439,-0.5,0.));
#7122=DIRECTION('',(0.,0.,-1.));
#7123=DIRECTION('',(0.866025403784439,-0.5,0.));
#7124=DIRECTION('center_axis',(0.,0.,-1.));
#7125=DIRECTION('ref_axis',(-1.,0.,0.));
#7126=DIRECTION('',(0.5,0.866025403784439,0.));
#7127=DIRECTION('',(0.866025403784439,-0.5,0.));
#7128=DIRECTION('center_axis',(0.5,0.866025403784439,0.));
#7129=DIRECTION('ref_axis',(0.,0.,-1.));
#7130=DIRECTION('',(0.,0.,1.));
#7131=DIRECTION('',(0.866025403784439,-0.5,0.));
#7132=DIRECTION('center_axis',(0.,0.,1.));
#7133=DIRECTION('ref_axis',(1.,0.,0.));
#7134=DIRECTION('',(-0.5,-0.866025403784439,0.));
#7135=DIRECTION('center_axis',(0.866025403784439,-0.5,0.));
#7136=DIRECTION('ref_axis',(-0.5,-0.866025403784439,0.));
#7137=DIRECTION('',(0.,0.,-1.));
#7138=DIRECTION('',(0.,0.,1.));
#7139=DIRECTION('',(-0.5,-0.866025403784438,0.));
#7140=DIRECTION('',(0.,0.,-1.));
#7141=DIRECTION('',(0.,0.,-1.));
#7142=DIRECTION('',(0.5,0.866025403784438,0.));
#7143=DIRECTION('',(0.,0.,1.));
#7144=DIRECTION('',(-0.5,-0.866025403784438,0.));
#7145=DIRECTION('center_axis',(-0.5,-0.866025403784439,0.));
#7146=DIRECTION('ref_axis',(0.,0.,1.));
#7147=DIRECTION('',(0.866025403784439,-0.5,0.));
#7148=DIRECTION('',(0.,0.,-1.));
#7149=DIRECTION('',(0.866025403784439,-0.5,0.));
#7150=DIRECTION('',(0.866025403784439,-0.5,0.));
#7151=DIRECTION('',(0.866025403784439,-0.5,0.));
#7152=DIRECTION('',(0.866025403784439,-0.5,0.));
#7153=DIRECTION('',(0.866025403784439,-0.5,0.));
#7154=DIRECTION('',(0.866025403784439,-0.5,0.));
#7155=DIRECTION('center_axis',(0.5,0.866025403784439,0.));
#7156=DIRECTION('ref_axis',(0.,0.,-1.));
#7157=DIRECTION('',(0.,0.,1.));
#7158=DIRECTION('',(0.866025403784439,-0.5,0.));
#7159=DIRECTION('center_axis',(0.,0.,1.));
#7160=DIRECTION('ref_axis',(1.,0.,0.));
#7161=DIRECTION('',(-0.5,-0.866025403784439,0.));
#7162=DIRECTION('',(0.866025403784439,-0.5,0.));
#7163=DIRECTION('center_axis',(-0.5,-0.866025403784439,0.));
#7164=DIRECTION('ref_axis',(0.,0.,1.));
#7165=DIRECTION('',(0.,0.,-1.));
#7166=DIRECTION('',(0.866025403784439,-0.5,0.));
#7167=DIRECTION('',(0.866025403784439,-0.5,0.));
#7168=DIRECTION('',(0.866025403784439,-0.5,0.));
#7169=DIRECTION('',(0.866025403784439,-0.5,0.));
#7170=DIRECTION('',(0.866025403784439,-0.5,0.));
#7171=DIRECTION('',(0.866025403784439,-0.5,0.));
#7172=DIRECTION('center_axis',(-0.5,-0.866025403784439,0.));
#7173=DIRECTION('ref_axis',(0.,0.,1.));
#7174=DIRECTION('',(0.,0.,-1.));
#7175=DIRECTION('',(0.866025403784439,-0.5,0.));
#7176=DIRECTION('center_axis',(0.,0.,-1.));
#7177=DIRECTION('ref_axis',(-1.,0.,0.));
#7178=DIRECTION('',(0.5,0.866025403784439,0.));
#7179=DIRECTION('',(0.866025403784439,-0.5,0.));
#7180=DIRECTION('center_axis',(0.5,0.866025403784439,0.));
#7181=DIRECTION('ref_axis',(0.,0.,-1.));
#7182=DIRECTION('',(0.,0.,1.));
#7183=DIRECTION('',(0.866025403784439,-0.5,0.));
#7184=DIRECTION('center_axis',(0.,0.,1.));
#7185=DIRECTION('ref_axis',(1.,0.,0.));
#7186=DIRECTION('',(-0.5,-0.866025403784439,0.));
#7187=DIRECTION('center_axis',(0.866025403784439,-0.5,0.));
#7188=DIRECTION('ref_axis',(-0.5,-0.866025403784439,0.));
#7189=DIRECTION('',(-0.486675115012595,-0.84294602598124,-0.229323635305896));
#7190=DIRECTION('',(0.484775790218658,0.839656298938066,-0.244887183967445));
#7191=DIRECTION('',(0.866025403784439,-0.5,0.));
#7192=DIRECTION('',(0.866025403784439,-0.5,0.));
#7193=DIRECTION('',(0.866025403784439,-0.5,0.));
#7194=DIRECTION('',(0.866025403784439,-0.5,0.));
#7195=DIRECTION('',(0.866025403784439,-0.5,0.));
#7196=DIRECTION('',(0.866025403784439,-0.5,0.));
#7197=DIRECTION('',(0.866025403784439,-0.5,0.));
#7198=DIRECTION('',(0.866025403784439,-0.5,0.));
#7199=DIRECTION('',(0.866025403784439,-0.5,0.));
#7200=DIRECTION('',(0.866025403784439,-0.5,0.));
#7201=DIRECTION('center_axis',(-0.114661817652948,-0.198600093863104,0.973350230025189));
#7202=DIRECTION('ref_axis',(0.993132829871276,0.,0.116992231502231));
#7203=DIRECTION('',(-0.486675115012595,-0.84294602598124,-0.229323635305896));
#7204=DIRECTION('',(0.866025403784439,-0.5,0.));
#7205=DIRECTION('',(0.866025403784439,-0.5,0.));
#7206=DIRECTION('',(0.866025403784439,-0.5,0.));
#7207=DIRECTION('',(0.866025403784439,-0.5,0.));
#7208=DIRECTION('',(0.866025403784439,-0.5,0.));
#7209=DIRECTION('',(0.866025403784439,-0.5,0.));
#7210=DIRECTION('',(0.866025403784439,-0.5,0.));
#7211=DIRECTION('',(0.866025403784439,-0.5,0.));
#7212=DIRECTION('',(0.866025403784439,-0.5,0.));
#7213=DIRECTION('',(0.866025403784439,-0.5,0.));
#7214=DIRECTION('',(0.866025403784439,-0.5,0.));
#7215=DIRECTION('center_axis',(-0.122443591983722,-0.212078522377041,-0.969551580437315));
#7216=DIRECTION('ref_axis',(-0.99211969550194,0.,0.125293694163504));
#7217=DIRECTION('',(0.484775790218658,0.839656298938066,-0.244887183967445));
#7218=DIRECTION('',(0.866025403784439,-0.5,0.));
#7219=DIRECTION('center_axis',(0.866025403784439,-0.5,0.));
#7220=DIRECTION('ref_axis',(-0.5,-0.866025403784439,0.));
#7221=DIRECTION('',(0.,0.,-1.));
#7222=DIRECTION('',(0.5,0.866025403784438,0.));
#7223=DIRECTION('',(0.,0.,1.));
#7224=DIRECTION('',(-0.5,-0.866025403784438,0.));
#7225=DIRECTION('center_axis',(-0.5,-0.866025403784439,0.));
#7226=DIRECTION('ref_axis',(0.,0.,1.));
#7227=DIRECTION('',(0.866025403784439,-0.5,0.));
#7228=DIRECTION('',(0.,0.,-1.));
#7229=DIRECTION('',(0.866025403784439,-0.5,0.));
#7230=DIRECTION('center_axis',(0.,0.,-1.));
#7231=DIRECTION('ref_axis',(-1.,0.,0.));
#7232=DIRECTION('',(0.5,0.866025403784439,0.));
#7233=DIRECTION('',(0.866025403784439,-0.5,0.));
#7234=DIRECTION('center_axis',(0.5,0.866025403784439,0.));
#7235=DIRECTION('ref_axis',(0.,0.,-1.));
#7236=DIRECTION('',(0.,0.,1.));
#7237=DIRECTION('',(0.866025403784439,-0.5,0.));
#7238=DIRECTION('center_axis',(0.,0.,1.));
#7239=DIRECTION('ref_axis',(1.,0.,0.));
#7240=DIRECTION('',(-0.5,-0.866025403784439,0.));
#7241=DIRECTION('center_axis',(0.866025403784439,-0.5,0.));
#7242=DIRECTION('ref_axis',(-0.5,-0.866025403784439,0.));
#7243=DIRECTION('',(0.,0.,-1.));
#7244=DIRECTION('',(0.5,0.866025403784438,0.));
#7245=DIRECTION('',(0.,0.,1.));
#7246=DIRECTION('',(0.494571339087384,0.856622687266725,-0.146958368979949));
#7247=DIRECTION('',(0.866025403784439,-0.5,0.));
#7248=DIRECTION('',(0.866025403784439,-0.5,0.));
#7249=DIRECTION('',(0.866025403784439,-0.5,0.));
#7250=DIRECTION('',(0.866025403784439,-0.5,0.));
#7251=DIRECTION('',(0.866025403784439,-0.5,0.));
#7252=DIRECTION('center_axis',(-0.5,-0.866025403784439,0.));
#7253=DIRECTION('ref_axis',(0.,0.,1.));
#7254=DIRECTION('',(0.,0.,-1.));
#7255=DIRECTION('',(0.866025403784439,-0.5,0.));
#7256=DIRECTION('center_axis',(0.,0.,-1.));
#7257=DIRECTION('ref_axis',(-1.,0.,0.));
#7258=DIRECTION('',(0.5,0.866025403784439,0.));
#7259=DIRECTION('',(0.866025403784439,-0.5,0.));
#7260=DIRECTION('center_axis',(0.5,0.866025403784439,0.));
#7261=DIRECTION('ref_axis',(0.,0.,-1.));
#7262=DIRECTION('',(0.,0.,1.));
#7263=DIRECTION('',(0.866025403784439,-0.5,0.));
#7264=DIRECTION('',(0.866025403784439,-0.5,0.));
#7265=DIRECTION('',(0.866025403784439,-0.5,0.));
#7266=DIRECTION('',(0.866025403784439,-0.5,0.));
#7267=DIRECTION('',(0.866025403784439,-0.5,0.));
#7268=DIRECTION('',(0.866025403784439,-0.5,0.));
#7269=DIRECTION('',(0.866025403784439,-0.5,0.));
#7270=DIRECTION('',(0.866025403784439,-0.5,0.));
#7271=DIRECTION('',(0.866025403784439,-0.5,0.));
#7272=DIRECTION('',(0.866025403784439,-0.5,0.));
#7273=DIRECTION('',(0.866025403784439,-0.5,0.));
#7274=DIRECTION('',(0.866025403784439,-0.5,0.));
#7275=DIRECTION('',(0.866025403784439,-0.5,0.));
#7276=DIRECTION('center_axis',(-0.0734791844899743,-0.127269680835362,-0.989142678174768));
#7277=DIRECTION('ref_axis',(-0.997252182654789,0.,0.0740816049384674));
#7278=DIRECTION('',(0.494571339087384,0.856622687266725,-0.146958368979949));
#7279=DIRECTION('',(0.866025403784439,-0.5,0.));
#7280=DIRECTION('center_axis',(0.866025403784439,-0.5,0.));
#7281=DIRECTION('ref_axis',(-0.5,-0.866025403784439,0.));
#7282=DIRECTION('',(0.,0.,-1.));
#7283=DIRECTION('',(-0.174022616080976,-0.301416012718302,-0.937477741799417));
#7284=DIRECTION('',(0.,0.,-1.));
#7285=DIRECTION('',(0.5,0.866025403784438,0.));
#7286=DIRECTION('',(0.,0.,1.));
#7287=DIRECTION('',(-0.5,-0.866025403784438,0.));
#7288=DIRECTION('center_axis',(-0.5,-0.866025403784439,0.));
#7289=DIRECTION('ref_axis',(0.,0.,1.));
#7290=DIRECTION('',(0.866025403784439,-0.5,0.));
#7291=DIRECTION('',(0.,0.,-1.));
#7292=DIRECTION('',(0.866025403784439,-0.5,0.));
#7293=DIRECTION('',(0.866025403784439,-0.5,0.));
#7294=DIRECTION('',(0.866025403784439,-0.5,0.));
#7295=DIRECTION('',(0.866025403784439,-0.5,0.));
#7296=DIRECTION('',(0.866025403784439,-0.5,0.));
#7297=DIRECTION('center_axis',(-0.468738870899709,-0.811879539880763,0.348045232161951));
#7298=DIRECTION('ref_axis',(0.596146518737396,0.,0.802875661729314));
#7299=DIRECTION('',(-0.174022616080976,-0.301416012718302,-0.937477741799417));
#7300=DIRECTION('',(0.866025403784439,-0.5,0.));
#7301=DIRECTION('',(0.866025403784439,-0.5,0.));
#7302=DIRECTION('',(0.866025403784439,-0.5,0.));
#7303=DIRECTION('',(0.866025403784439,-0.5,0.));
#7304=DIRECTION('center_axis',(-0.5,-0.866025403784439,0.));
#7305=DIRECTION('ref_axis',(0.,0.,1.));
#7306=DIRECTION('',(0.,0.,-1.));
#7307=DIRECTION('',(0.866025403784439,-0.5,0.));
#7308=DIRECTION('center_axis',(0.,0.,-1.));
#7309=DIRECTION('ref_axis',(-1.,0.,0.));
#7310=DIRECTION('',(0.5,0.866025403784439,0.));
#7311=DIRECTION('',(0.866025403784439,-0.5,0.));
#7312=DIRECTION('center_axis',(0.5,0.866025403784439,0.));
#7313=DIRECTION('ref_axis',(0.,0.,-1.));
#7314=DIRECTION('',(0.,0.,1.));
#7315=DIRECTION('',(0.866025403784439,-0.5,0.));
#7316=DIRECTION('center_axis',(0.,0.,1.));
#7317=DIRECTION('ref_axis',(1.,0.,0.));
#7318=DIRECTION('',(-0.5,-0.866025403784439,0.));
#7319=DIRECTION('center_axis',(0.866025403784439,-0.5,0.));
#7320=DIRECTION('ref_axis',(-0.5,-0.866025403784439,0.));
#7321=DIRECTION('',(0.,0.,-1.));
#7322=DIRECTION('',(0.,0.,1.));
#7323=DIRECTION('',(-0.5,-0.866025403784438,0.));
#7324=DIRECTION('',(0.,0.,-1.));
#7325=DIRECTION('',(0.,0.,-1.));
#7326=DIRECTION('',(0.5,0.866025403784438,0.));
#7327=DIRECTION('',(0.,0.,1.));
#7328=DIRECTION('',(-0.5,-0.866025403784438,0.));
#7329=DIRECTION('center_axis',(-0.5,-0.866025403784439,0.));
#7330=DIRECTION('ref_axis',(0.,0.,1.));
#7331=DIRECTION('',(0.866025403784439,-0.5,0.));
#7332=DIRECTION('',(0.,0.,-1.));
#7333=DIRECTION('',(0.866025403784439,-0.5,0.));
#7334=DIRECTION('',(0.866025403784439,-0.5,0.));
#7335=DIRECTION('',(0.866025403784439,-0.5,0.));
#7336=DIRECTION('',(0.866025403784439,-0.5,0.));
#7337=DIRECTION('',(0.866025403784439,-0.5,0.));
#7338=DIRECTION('',(0.866025403784439,-0.5,0.));
#7339=DIRECTION('center_axis',(0.5,0.866025403784439,0.));
#7340=DIRECTION('ref_axis',(0.,0.,-1.));
#7341=DIRECTION('',(0.,0.,1.));
#7342=DIRECTION('',(0.866025403784439,-0.5,0.));
#7343=DIRECTION('center_axis',(0.,0.,1.));
#7344=DIRECTION('ref_axis',(1.,0.,0.));
#7345=DIRECTION('',(-0.5,-0.866025403784439,0.));
#7346=DIRECTION('',(0.866025403784439,-0.5,0.));
#7347=DIRECTION('center_axis',(-0.5,-0.866025403784439,0.));
#7348=DIRECTION('ref_axis',(0.,0.,1.));
#7349=DIRECTION('',(0.,0.,-1.));
#7350=DIRECTION('',(0.866025403784439,-0.5,0.));
#7351=DIRECTION('',(0.866025403784439,-0.5,0.));
#7352=DIRECTION('',(0.866025403784439,-0.5,0.));
#7353=DIRECTION('',(0.866025403784439,-0.5,0.));
#7354=DIRECTION('',(0.866025403784439,-0.5,0.));
#7355=DIRECTION('center_axis',(-0.5,-0.866025403784439,0.));
#7356=DIRECTION('ref_axis',(0.,0.,1.));
#7357=DIRECTION('',(0.,0.,-1.));
#7358=DIRECTION('',(0.866025403784439,-0.5,0.));
#7359=DIRECTION('center_axis',(0.,0.,-1.));
#7360=DIRECTION('ref_axis',(-1.,0.,0.));
#7361=DIRECTION('',(0.5,0.866025403784439,0.));
#7362=DIRECTION('',(0.866025403784439,-0.5,0.));
#7363=DIRECTION('center_axis',(0.5,0.866025403784439,0.));
#7364=DIRECTION('ref_axis',(0.,0.,-1.));
#7365=DIRECTION('',(0.,0.,1.));
#7366=DIRECTION('',(0.866025403784439,-0.5,0.));
#7367=DIRECTION('center_axis',(0.,0.,1.));
#7368=DIRECTION('ref_axis',(1.,0.,0.));
#7369=DIRECTION('',(-0.5,-0.866025403784439,0.));
#7370=DIRECTION('center_axis',(0.5,0.866025403784438,0.));
#7371=DIRECTION('ref_axis',(0.,0.,-1.));
#7372=DIRECTION('',(0.,0.,1.));
#7373=DIRECTION('',(-0.866025403784438,0.5,0.));
#7374=DIRECTION('',(0.,0.,-1.));
#7375=DIRECTION('',(-0.866025403784438,0.5,0.));
#7376=DIRECTION('center_axis',(0.,0.,1.));
#7377=DIRECTION('ref_axis',(0.5,0.866025403784438,0.));
#7378=DIRECTION('',(-0.5,-0.866025403784439,0.));
#7379=DIRECTION('',(0.5,0.866025403784439,0.));
#7380=DIRECTION('',(-0.866025403784438,0.5,0.));
#7381=DIRECTION('center_axis',(-0.5,-0.866025403784438,0.));
#7382=DIRECTION('ref_axis',(0.,0.,1.));
#7383=DIRECTION('',(0.,0.,-1.));
#7384=DIRECTION('',(0.,0.,1.));
#7385=DIRECTION('',(-0.866025403784438,0.5,0.));
#7386=DIRECTION('center_axis',(0.,0.,-1.));
#7387=DIRECTION('ref_axis',(-0.5,-0.866025403784438,0.));
#7388=DIRECTION('',(0.5,0.866025403784439,0.));
#7389=DIRECTION('',(-0.5,-0.866025403784439,0.));
#7390=DIRECTION('center_axis',(0.,-1.,0.));
#7391=DIRECTION('ref_axis',(-1.,0.,0.));
#7392=DIRECTION('',(0.,0.,-1.));
#7393=DIRECTION('',(1.,1.18336165315911E-16,0.));
#7394=DIRECTION('',(0.,0.,1.));
#7395=DIRECTION('',(-1.,-1.18336165315911E-16,0.));
#7396=DIRECTION('center_axis',(-1.,0.,0.));
#7397=DIRECTION('ref_axis',(0.,0.,1.));
#7398=DIRECTION('',(0.,-1.,0.));
#7399=DIRECTION('',(0.,0.,-1.));
#7400=DIRECTION('',(0.,-1.,0.));
#7401=DIRECTION('center_axis',(0.,0.,-1.));
#7402=DIRECTION('ref_axis',(-1.,0.,0.));
#7403=DIRECTION('',(1.,0.,0.));
#7404=DIRECTION('',(0.,-1.,0.));
#7405=DIRECTION('center_axis',(1.,0.,0.));
#7406=DIRECTION('ref_axis',(0.,0.,-1.));
#7407=DIRECTION('',(0.,0.,1.));
#7408=DIRECTION('',(0.,-1.,0.));
#7409=DIRECTION('center_axis',(0.,0.,1.));
#7410=DIRECTION('ref_axis',(1.,0.,0.));
#7411=DIRECTION('',(-1.,0.,0.));
#7412=DIRECTION('center_axis',(0.,-1.,0.));
#7413=DIRECTION('ref_axis',(-1.,0.,0.));
#7414=DIRECTION('',(0.,0.,-1.));
#7415=DIRECTION('',(1.,1.18336165315911E-16,0.));
#7416=DIRECTION('',(0.,0.,1.));
#7417=DIRECTION('',(-1.,-1.18336165315911E-16,0.));
#7418=DIRECTION('center_axis',(-1.,0.,0.));
#7419=DIRECTION('ref_axis',(0.,0.,1.));
#7420=DIRECTION('',(0.,-1.,0.));
#7421=DIRECTION('',(0.,0.,-1.));
#7422=DIRECTION('',(0.,-1.,0.));
#7423=DIRECTION('center_axis',(0.,0.,-1.));
#7424=DIRECTION('ref_axis',(-1.,0.,0.));
#7425=DIRECTION('',(1.,0.,0.));
#7426=DIRECTION('',(0.,-1.,0.));
#7427=DIRECTION('center_axis',(1.,0.,0.));
#7428=DIRECTION('ref_axis',(0.,0.,-1.));
#7429=DIRECTION('',(0.,0.,1.));
#7430=DIRECTION('',(0.,-1.,0.));
#7431=DIRECTION('center_axis',(0.,0.,1.));
#7432=DIRECTION('ref_axis',(1.,0.,0.));
#7433=DIRECTION('',(-1.,0.,0.));
#7434=DIRECTION('center_axis',(0.,-1.,0.));
#7435=DIRECTION('ref_axis',(-1.,0.,0.));
#7436=DIRECTION('',(-0.988306198948193,-1.16952365741473E-16,-0.15248231740295));
#7437=DIRECTION('',(0.991662578473765,1.17349546823874E-16,-0.12886167178321));
#7438=DIRECTION('',(0.,-1.,0.));
#7439=DIRECTION('',(0.,-1.,0.));
#7440=DIRECTION('',(0.,-1.,0.));
#7441=DIRECTION('',(0.,-1.,0.));
#7442=DIRECTION('',(0.,-1.,0.));
#7443=DIRECTION('',(0.,-1.,0.));
#7444=DIRECTION('',(0.,-1.,0.));
#7445=DIRECTION('',(0.,-1.,0.));
#7446=DIRECTION('center_axis',(-0.15248231740295,0.,0.988306198948193));
#7447=DIRECTION('ref_axis',(0.988306198948193,0.,0.15248231740295));
#7448=DIRECTION('',(-0.988306198948193,0.,-0.15248231740295));
#7449=DIRECTION('',(0.,-1.,0.));
#7450=DIRECTION('',(0.,-1.,0.));
#7451=DIRECTION('',(0.,-1.,0.));
#7452=DIRECTION('',(0.,-1.,0.));
#7453=DIRECTION('',(0.,-1.,0.));
#7454=DIRECTION('',(0.,-1.,0.));
#7455=DIRECTION('',(0.,-1.,0.));
#7456=DIRECTION('',(0.,-1.,0.));
#7457=DIRECTION('',(0.,-1.,0.));
#7458=DIRECTION('',(0.,-1.,0.));
#7459=DIRECTION('center_axis',(-0.12886167178321,0.,-0.991662578473765));
#7460=DIRECTION('ref_axis',(-0.991662578473765,0.,0.12886167178321));
#7461=DIRECTION('',(0.991662578473765,0.,-0.12886167178321));
#7462=DIRECTION('',(0.,-1.,0.));
#7463=DIRECTION('center_axis',(0.,-1.,0.));
#7464=DIRECTION('ref_axis',(-1.,0.,0.));
#7465=DIRECTION('',(-0.997179425557432,-1.1800238935239E-16,-0.0750546017573241));
#7466=DIRECTION('',(0.996199719882969,1.17886454739735E-16,0.087098324352965));
#7467=DIRECTION('',(0.,-1.,0.));
#7468=DIRECTION('',(0.,-1.,0.));
#7469=DIRECTION('',(0.,-1.,0.));
#7470=DIRECTION('',(0.,-1.,0.));
#7471=DIRECTION('',(0.,-1.,0.));
#7472=DIRECTION('',(0.,-1.,0.));
#7473=DIRECTION('',(0.,-1.,0.));
#7474=DIRECTION('',(0.,-1.,0.));
#7475=DIRECTION('',(0.,-1.,0.));
#7476=DIRECTION('',(0.,-1.,0.));
#7477=DIRECTION('',(0.,-1.,0.));
#7478=DIRECTION('',(0.,-1.,0.));
#7479=DIRECTION('',(0.,-1.,0.));
#7480=DIRECTION('',(0.,-1.,0.));
#7481=DIRECTION('',(0.,-1.,0.));
#7482=DIRECTION('center_axis',(-0.0750546017573241,0.,0.997179425557432));
#7483=DIRECTION('ref_axis',(0.997179425557432,0.,0.0750546017573241));
#7484=DIRECTION('',(-0.997179425557432,0.,-0.0750546017573241));
#7485=DIRECTION('',(0.,-1.,0.));
#7486=DIRECTION('',(0.,-1.,0.));
#7487=DIRECTION('',(0.,-1.,0.));
#7488=DIRECTION('',(0.,-1.,0.));
#7489=DIRECTION('',(0.,-1.,0.));
#7490=DIRECTION('',(0.,-1.,0.));
#7491=DIRECTION('',(0.,-1.,0.));
#7492=DIRECTION('',(0.,-1.,0.));
#7493=DIRECTION('',(0.,-1.,0.));
#7494=DIRECTION('',(0.,-1.,0.));
#7495=DIRECTION('',(0.,-1.,0.));
#7496=DIRECTION('',(0.,-1.,0.));
#7497=DIRECTION('',(0.,-1.,0.));
#7498=DIRECTION('',(0.,-1.,0.));
#7499=DIRECTION('',(0.,-1.,0.));
#7500=DIRECTION('',(0.,-1.,0.));
#7501=DIRECTION('',(0.,-1.,0.));
#7502=DIRECTION('',(0.,-1.,0.));
#7503=DIRECTION('',(0.,-1.,0.));
#7504=DIRECTION('center_axis',(0.087098324352965,0.,-0.996199719882969));
#7505=DIRECTION('ref_axis',(-0.996199719882969,0.,-0.087098324352965));
#7506=DIRECTION('',(0.996199719882969,0.,0.087098324352965));
#7507=DIRECTION('',(0.,-1.,0.));
#7508=DIRECTION('center_axis',(0.,-1.,0.));
#7509=DIRECTION('ref_axis',(-1.,0.,0.));
#7510=DIRECTION('',(0.,0.,-1.));
#7511=DIRECTION('',(-1.,-1.18336165315911E-16,0.));
#7512=DIRECTION('',(0.,0.,-1.));
#7513=DIRECTION('',(1.,1.18336165315911E-16,0.));
#7514=DIRECTION('',(0.,0.,-1.));
#7515=DIRECTION('',(0.856223315129796,1.01322183766537E-16,0.516605879397576));
#7516=DIRECTION('',(0.,0.,1.));
#7517=DIRECTION('',(1.,1.18336165315911E-16,0.));
#7518=DIRECTION('',(0.,0.,1.));
#7519=DIRECTION('',(-1.,-1.18336165315911E-16,0.));
#7520=DIRECTION('',(0.,0.,1.));
#7521=DIRECTION('',(0.161376249306877,1.90966465160403E-17,-0.986892955775673));
#7522=DIRECTION('',(0.,-1.,0.));
#7523=DIRECTION('',(0.,-1.,0.));
#7524=DIRECTION('',(0.,-1.,0.));
#7525=DIRECTION('',(0.,-1.,0.));
#7526=DIRECTION('center_axis',(-1.,0.,0.));
#7527=DIRECTION('ref_axis',(0.,0.,1.));
#7528=DIRECTION('',(0.,0.,-1.));
#7529=DIRECTION('',(0.,-1.,0.));
#7530=DIRECTION('center_axis',(0.,0.,1.));
#7531=DIRECTION('ref_axis',(1.,0.,0.));
#7532=DIRECTION('',(-1.,0.,0.));
#7533=DIRECTION('',(0.,-1.,0.));
#7534=DIRECTION('center_axis',(-1.,0.,0.));
#7535=DIRECTION('ref_axis',(0.,0.,1.));
#7536=DIRECTION('',(0.,0.,-1.));
#7537=DIRECTION('',(0.,-1.,0.));
#7538=DIRECTION('center_axis',(0.,0.,-1.));
#7539=DIRECTION('ref_axis',(-1.,0.,0.));
#7540=DIRECTION('',(1.,0.,0.));
#7541=DIRECTION('',(0.,-1.,0.));
#7542=DIRECTION('center_axis',(-1.,0.,0.));
#7543=DIRECTION('ref_axis',(0.,0.,1.));
#7544=DIRECTION('',(0.,0.,-1.));
#7545=DIRECTION('',(0.,-1.,0.));
#7546=DIRECTION('center_axis',(0.516605879397576,0.,-0.856223315129796));
#7547=DIRECTION('ref_axis',(-0.856223315129796,0.,-0.516605879397576));
#7548=DIRECTION('',(0.856223315129796,0.,0.516605879397576));
#7549=DIRECTION('',(0.,-1.,0.));
#7550=DIRECTION('center_axis',(1.,0.,0.));
#7551=DIRECTION('ref_axis',(0.,0.,-1.));
#7552=DIRECTION('',(0.,0.,1.));
#7553=DIRECTION('',(0.,-1.,0.));
#7554=DIRECTION('center_axis',(0.,0.,-1.));
#7555=DIRECTION('ref_axis',(-1.,0.,0.));
#7556=DIRECTION('',(1.,0.,0.));
#7557=DIRECTION('',(0.,-1.,0.));
#7558=DIRECTION('center_axis',(1.,0.,0.));
#7559=DIRECTION('ref_axis',(0.,0.,-1.));
#7560=DIRECTION('',(0.,0.,1.));
#7561=DIRECTION('',(0.,-1.,0.));
#7562=DIRECTION('center_axis',(0.,0.,1.));
#7563=DIRECTION('ref_axis',(1.,0.,0.));
#7564=DIRECTION('',(-1.,0.,0.));
#7565=DIRECTION('',(0.,-1.,0.));
#7566=DIRECTION('center_axis',(1.,0.,0.));
#7567=DIRECTION('ref_axis',(0.,0.,-1.));
#7568=DIRECTION('',(0.,0.,1.));
#7569=DIRECTION('',(0.,-1.,0.));
#7570=DIRECTION('',(0.,-1.,0.));
#7571=DIRECTION('',(0.,-1.,0.));
#7572=DIRECTION('',(0.,-1.,0.));
#7573=DIRECTION('',(0.,-1.,0.));
#7574=DIRECTION('center_axis',(-0.986892955775673,0.,-0.161376249306877));
#7575=DIRECTION('ref_axis',(-0.161376249306877,0.,0.986892955775673));
#7576=DIRECTION('',(0.161376249306877,0.,-0.986892955775673));
#7577=DIRECTION('',(0.,-1.,0.));
#7578=DIRECTION('center_axis',(0.,-1.,0.));
#7579=DIRECTION('ref_axis',(-1.,0.,0.));
#7580=DIRECTION('',(0.,0.,-1.));
#7581=DIRECTION('',(0.,0.,1.));
#7582=DIRECTION('',(-1.,-1.18336165315911E-16,0.));
#7583=DIRECTION('',(0.,0.,-1.));
#7584=DIRECTION('',(0.,0.,-1.));
#7585=DIRECTION('',(1.,1.18336165315911E-16,0.));
#7586=DIRECTION('',(0.,0.,1.));
#7587=DIRECTION('',(-1.,-1.18336165315911E-16,0.));
#7588=DIRECTION('center_axis',(-1.,0.,0.));
#7589=DIRECTION('ref_axis',(0.,0.,1.));
#7590=DIRECTION('',(0.,-1.,0.));
#7591=DIRECTION('',(0.,0.,-1.));
#7592=DIRECTION('',(0.,-1.,0.));
#7593=DIRECTION('',(0.,-1.,0.));
#7594=DIRECTION('',(0.,-1.,0.));
#7595=DIRECTION('',(0.,-1.,0.));
#7596=DIRECTION('',(0.,-1.,0.));
#7597=DIRECTION('',(0.,-1.,0.));
#7598=DIRECTION('center_axis',(1.,0.,0.));
#7599=DIRECTION('ref_axis',(0.,0.,-1.));
#7600=DIRECTION('',(0.,0.,1.));
#7601=DIRECTION('',(0.,-1.,0.));
#7602=DIRECTION('center_axis',(0.,0.,1.));
#7603=DIRECTION('ref_axis',(1.,0.,0.));
#7604=DIRECTION('',(-1.,0.,0.));
#7605=DIRECTION('',(0.,-1.,0.));
#7606=DIRECTION('center_axis',(-1.,0.,0.));
#7607=DIRECTION('ref_axis',(0.,0.,1.));
#7608=DIRECTION('',(0.,0.,-1.));
#7609=DIRECTION('',(0.,-1.,0.));
#7610=DIRECTION('',(0.,-1.,0.));
#7611=DIRECTION('',(0.,-1.,0.));
#7612=DIRECTION('',(0.,-1.,0.));
#7613=DIRECTION('',(0.,-1.,0.));
#7614=DIRECTION('center_axis',(-1.,0.,0.));
#7615=DIRECTION('ref_axis',(0.,0.,1.));
#7616=DIRECTION('',(0.,0.,-1.));
#7617=DIRECTION('',(0.,-1.,0.));
#7618=DIRECTION('center_axis',(0.,0.,-1.));
#7619=DIRECTION('ref_axis',(-1.,0.,0.));
#7620=DIRECTION('',(1.,0.,0.));
#7621=DIRECTION('',(0.,-1.,0.));
#7622=DIRECTION('center_axis',(1.,0.,0.));
#7623=DIRECTION('ref_axis',(0.,0.,-1.));
#7624=DIRECTION('',(0.,0.,1.));
#7625=DIRECTION('',(0.,-1.,0.));
#7626=DIRECTION('center_axis',(0.,0.,1.));
#7627=DIRECTION('ref_axis',(1.,0.,0.));
#7628=DIRECTION('',(-1.,0.,0.));
#7629=DIRECTION('center_axis',(0.,-1.,0.));
#7630=DIRECTION('ref_axis',(-1.,0.,0.));
#7631=DIRECTION('',(-0.254493273823749,-3.01157581229947E-17,-0.967074543961566));
#7632=DIRECTION('',(-0.220923635100791,-2.61432558054793E-17,0.97529110908172));
#7633=DIRECTION('',(-0.256811060705896,-3.03900361346474E-17,0.966461628363544));
#7634=DIRECTION('',(-1.,-1.18336165315911E-16,0.));
#7635=DIRECTION('',(-0.298377053948851,-3.53087963825658E-17,-0.954448078041338));
#7636=DIRECTION('',(1.,1.18336165315911E-16,0.));
#7637=DIRECTION('',(0.284194319077705,3.36304659242221E-17,0.958766702073012));
#7638=DIRECTION('',(0.285204001153083,3.37499478292106E-17,0.958466837050856));
#7639=DIRECTION('',(0.252614661921326,2.98934503943451E-17,-0.967566965425326));
#7640=DIRECTION('',(0.249925581906384,2.95752349771492E-17,-0.968265048170569));
#7641=DIRECTION('',(1.,1.18336165315911E-16,0.));
#7642=DIRECTION('',(0.262198419308745,3.10275554928902E-17,0.965013983790906));
#7643=DIRECTION('',(0.266335289123655,3.15170968031979E-17,-0.963880445785378));
#7644=DIRECTION('',(0.265777471314725,3.14510867827441E-17,-0.964034405890968));
#7645=DIRECTION('',(1.,1.18336165315911E-16,0.));
#7646=DIRECTION('',(-0.292630303830147,-3.46287480104897E-17,0.956225656045829));
#7647=DIRECTION('',(-1.,-1.18336165315911E-16,0.));
#7648=DIRECTION('center_axis',(-0.967074543961566,0.,0.254493273823749));
#7649=DIRECTION('ref_axis',(0.254493273823749,0.,0.967074543961566));
#7650=DIRECTION('',(0.,-1.,0.));
#7651=DIRECTION('',(-0.254493273823749,0.,-0.967074543961566));
#7652=DIRECTION('',(0.,-1.,0.));
#7653=DIRECTION('center_axis',(0.97529110908172,0.,0.220923635100791));
#7654=DIRECTION('ref_axis',(0.220923635100791,0.,-0.975291109081721));
#7655=DIRECTION('',(-0.220923635100791,0.,0.975291109081721));
#7656=DIRECTION('',(0.,-1.,0.));
#7657=DIRECTION('center_axis',(0.966461628363544,0.,0.256811060705896));
#7658=DIRECTION('ref_axis',(0.256811060705896,0.,-0.966461628363544));
#7659=DIRECTION('',(-0.256811060705896,0.,0.966461628363544));
#7660=DIRECTION('',(0.,-1.,0.));
#7661=DIRECTION('center_axis',(0.,0.,1.));
#7662=DIRECTION('ref_axis',(1.,0.,0.));
#7663=DIRECTION('',(-1.,0.,0.));
#7664=DIRECTION('',(0.,-1.,0.));
#7665=DIRECTION('center_axis',(-0.954448078041338,0.,0.298377053948851));
#7666=DIRECTION('ref_axis',(0.298377053948851,0.,0.954448078041338));
#7667=DIRECTION('',(-0.298377053948851,0.,-0.954448078041338));
#7668=DIRECTION('',(0.,-1.,0.));
#7669=DIRECTION('center_axis',(0.,0.,-1.));
#7670=DIRECTION('ref_axis',(-1.,0.,0.));
#7671=DIRECTION('',(1.,0.,0.));
#7672=DIRECTION('',(0.,-1.,0.));
#7673=DIRECTION('center_axis',(0.958766702073012,0.,-0.284194319077705));
#7674=DIRECTION('ref_axis',(-0.284194319077705,0.,-0.958766702073012));
#7675=DIRECTION('',(0.284194319077705,0.,0.958766702073012));
#7676=DIRECTION('',(0.,-1.,0.));
#7677=DIRECTION('center_axis',(0.958466837050856,0.,-0.285204001153083));
#7678=DIRECTION('ref_axis',(-0.285204001153083,0.,-0.958466837050856));
#7679=DIRECTION('',(0.285204001153083,0.,0.958466837050856));
#7680=DIRECTION('',(0.,-1.,0.));
#7681=DIRECTION('center_axis',(-0.967566965425326,0.,-0.252614661921326));
#7682=DIRECTION('ref_axis',(-0.252614661921326,0.,0.967566965425326));
#7683=DIRECTION('',(0.252614661921326,0.,-0.967566965425326));
#7684=DIRECTION('',(0.,-1.,0.));
#7685=DIRECTION('center_axis',(-0.968265048170569,0.,-0.249925581906384));
#7686=DIRECTION('ref_axis',(-0.249925581906384,0.,0.968265048170569));
#7687=DIRECTION('',(0.249925581906384,0.,-0.968265048170569));
#7688=DIRECTION('',(0.,-1.,0.));
#7689=DIRECTION('center_axis',(0.,0.,-1.));
#7690=DIRECTION('ref_axis',(-1.,0.,0.));
#7691=DIRECTION('',(1.,0.,0.));
#7692=DIRECTION('',(0.,-1.,0.));
#7693=DIRECTION('center_axis',(0.965013983790906,0.,-0.262198419308745));
#7694=DIRECTION('ref_axis',(-0.262198419308745,0.,-0.965013983790906));
#7695=DIRECTION('',(0.262198419308745,0.,0.965013983790906));
#7696=DIRECTION('',(0.,-1.,0.));
#7697=DIRECTION('',(0.,-1.,0.));
#7698=DIRECTION('center_axis',(-0.963880445785378,0.,-0.266335289123655));
#7699=DIRECTION('ref_axis',(-0.266335289123655,0.,0.963880445785378));
#7700=DIRECTION('',(0.266335289123655,0.,-0.963880445785378));
#7701=DIRECTION('',(0.,-1.,0.));
#7702=DIRECTION('center_axis',(-0.964034405890968,0.,-0.265777471314725));
#7703=DIRECTION('ref_axis',(-0.265777471314725,0.,0.964034405890968));
#7704=DIRECTION('',(0.265777471314725,0.,-0.964034405890968));
#7705=DIRECTION('',(0.,-1.,0.));
#7706=DIRECTION('center_axis',(0.,0.,-1.));
#7707=DIRECTION('ref_axis',(-1.,0.,0.));
#7708=DIRECTION('',(1.,0.,0.));
#7709=DIRECTION('',(0.,-1.,0.));
#7710=DIRECTION('center_axis',(0.956225656045829,0.,0.292630303830148));
#7711=DIRECTION('ref_axis',(0.292630303830148,0.,-0.956225656045829));
#7712=DIRECTION('',(-0.292630303830148,0.,0.956225656045829));
#7713=DIRECTION('',(0.,-1.,0.));
#7714=DIRECTION('center_axis',(0.,0.,1.));
#7715=DIRECTION('ref_axis',(1.,0.,0.));
#7716=DIRECTION('',(-1.,0.,0.));
#7717=DIRECTION('center_axis',(-1.,-9.86864910777917E-17,0.));
#7718=DIRECTION('ref_axis',(0.,0.,1.));
#7719=DIRECTION('',(0.,0.,-1.));
#7720=DIRECTION('',(-9.86864910777917E-17,1.,0.));
#7721=DIRECTION('',(0.,0.,1.));
#7722=DIRECTION('',(-9.86864910777917E-17,1.,0.));
#7723=DIRECTION('center_axis',(0.,0.,-1.));
#7724=DIRECTION('ref_axis',(-1.,-1.18336165315911E-16,0.));
#7725=DIRECTION('',(1.,0.,0.));
#7726=DIRECTION('',(-1.,0.,0.));
#7727=DIRECTION('',(-9.86864910777917E-17,1.,0.));
#7728=DIRECTION('center_axis',(1.,9.86864910777917E-17,0.));
#7729=DIRECTION('ref_axis',(0.,0.,-1.));
#7730=DIRECTION('',(0.,0.,1.));
#7731=DIRECTION('',(0.,0.,-1.));
#7732=DIRECTION('',(-9.86864910777917E-17,1.,0.));
#7733=DIRECTION('center_axis',(0.,0.,1.));
#7734=DIRECTION('ref_axis',(1.,1.18336165315911E-16,0.));
#7735=DIRECTION('',(-1.,0.,0.));
#7736=DIRECTION('',(1.,0.,0.));
#7737=DIRECTION('center_axis',(0.,1.,0.));
#7738=DIRECTION('ref_axis',(1.,0.,0.));
#7739=DIRECTION('',(0.,0.,1.));
#7740=DIRECTION('',(-1.,0.,0.));
#7741=DIRECTION('',(0.,0.,-1.));
#7742=DIRECTION('center_axis',(-0.866025403784439,0.5,0.));
#7743=DIRECTION('ref_axis',(0.5,0.866025403784439,0.));
#7744=DIRECTION('',(0.,0.,1.));
#7745=DIRECTION('',(-0.5,-0.866025403784439,0.));
#7746=DIRECTION('center_axis',(-0.866025403784438,-0.500000000000001,0.));
#7747=DIRECTION('ref_axis',(-0.500000000000001,0.866025403784438,0.));
#7748=DIRECTION('',(0.,0.,1.));
#7749=DIRECTION('',(0.500000000000001,-0.866025403784438,0.));
#7750=DIRECTION('center_axis',(0.,-1.,0.));
#7751=DIRECTION('ref_axis',(-1.,0.,0.));
#7752=DIRECTION('',(0.,0.,1.));
#7753=DIRECTION('',(1.,0.,0.));
#7754=DIRECTION('center_axis',(0.866025403784439,-0.5,0.));
#7755=DIRECTION('ref_axis',(-0.5,-0.866025403784439,0.));
#7756=DIRECTION('',(0.,0.,1.));
#7757=DIRECTION('',(0.5,0.866025403784439,0.));
#7758=DIRECTION('center_axis',(0.866025403784438,0.5,0.));
#7759=DIRECTION('ref_axis',(0.5,-0.866025403784438,0.));
#7760=DIRECTION('',(-0.5,0.866025403784438,0.));
#7761=DIRECTION('center_axis',(0.,0.,-1.));
#7762=DIRECTION('ref_axis',(-1.,0.,0.));
#7763=DIRECTION('center_axis',(0.,1.,0.));
#7764=DIRECTION('ref_axis',(1.,0.,0.));
#7765=DIRECTION('',(0.,0.,-1.));
#7766=DIRECTION('',(1.,0.,0.));
#7767=DIRECTION('',(0.,0.,-1.));
#7768=DIRECTION('center_axis',(-0.866025403784439,0.5,0.));
#7769=DIRECTION('ref_axis',(0.5,0.866025403784439,0.));
#7770=DIRECTION('',(0.5,0.866025403784439,0.));
#7771=DIRECTION('',(0.,0.,-1.));
#7772=DIRECTION('center_axis',(-0.866025403784438,-0.500000000000001,0.));
#7773=DIRECTION('ref_axis',(-0.500000000000001,0.866025403784438,0.));
#7774=DIRECTION('',(-0.500000000000001,0.866025403784438,0.));
#7775=DIRECTION('',(0.,0.,-1.));
#7776=DIRECTION('center_axis',(0.,-1.,0.));
#7777=DIRECTION('ref_axis',(-1.,0.,0.));
#7778=DIRECTION('',(-1.,0.,0.));
#7779=DIRECTION('',(0.,0.,-1.));
#7780=DIRECTION('center_axis',(0.866025403784439,-0.5,0.));
#7781=DIRECTION('ref_axis',(-0.5,-0.866025403784439,0.));
#7782=DIRECTION('',(-0.5,-0.866025403784439,0.));
#7783=DIRECTION('',(0.,0.,-1.));
#7784=DIRECTION('center_axis',(0.866025403784438,0.5,0.));
#7785=DIRECTION('ref_axis',(0.5,-0.866025403784438,0.));
#7786=DIRECTION('',(0.5,-0.866025403784438,0.));
#7787=DIRECTION('center_axis',(0.,0.,-1.));
#7788=DIRECTION('ref_axis',(-1.,0.,0.));
#7789=DIRECTION('',(0.,0.,1.));
#7790=DIRECTION('',(1.,0.,0.));
#7791=DIRECTION('',(0.,0.,1.));
#7792=DIRECTION('',(1.,0.,0.));
#7793=CARTESIAN_POINT('',(0.,0.,0.));
#7794=CARTESIAN_POINT('',(0.,0.,0.));
#7795=CARTESIAN_POINT('',(0.,0.,0.));
#7796=CARTESIAN_POINT('Origin',(-139.402226853952,14.4831076151702,-215.));
#7797=CARTESIAN_POINT('',(-137.546674001003,12.7339868046163,-217.1));
#7798=CARTESIAN_POINT('',(-137.546674001003,12.7339868046163,-215.));
#7799=CARTESIAN_POINT('',(-137.546674001003,12.7339868046163,-215.));
#7800=CARTESIAN_POINT('',(-136.95966737125,13.7507121117286,-217.1));
#7801=CARTESIAN_POINT('Origin',(-139.402226853952,14.4831076151702,-217.1));
#7802=CARTESIAN_POINT('',(-136.95966737125,13.7507121117286,-215.));
#7803=CARTESIAN_POINT('',(-136.95966737125,13.7507121117286,-215.));
#7804=CARTESIAN_POINT('Origin',(-139.402226853952,14.4831076151702,-215.));
#7805=CARTESIAN_POINT('Origin',(-139.402226853952,14.4831076151702,-217.1));
#7806=CARTESIAN_POINT('',(-146.344228904671,-2.50382527091388,-217.1));
#7807=CARTESIAN_POINT('Origin',(-86.0089172531636,-76.7500000000001,-215.));
#7808=CARTESIAN_POINT('',(-83.4589172531636,-76.7500000000001,-215.));
#7809=CARTESIAN_POINT('Origin',(-86.0089172531636,-76.7500000000001,-215.));
#7810=CARTESIAN_POINT('',(-83.4589172531636,-76.7500000000001,-217.1));
#7811=CARTESIAN_POINT('',(-83.4589172531636,-76.7500000000001,-215.));
#7812=CARTESIAN_POINT('Origin',(-86.0089172531636,-76.7500000000001,-217.1));
#7813=CARTESIAN_POINT('Origin',(-86.0089172531636,-76.7500000000001,-217.1));
#7814=CARTESIAN_POINT('Origin',(-32.615607652375,14.4831076151702,-215.));
#7815=CARTESIAN_POINT('',(-35.0581671350772,13.7507121117283,-217.1));
#7816=CARTESIAN_POINT('',(-35.0581671350772,13.7507121117283,-215.));
#7817=CARTESIAN_POINT('',(-35.0581671350772,13.7507121117283,-215.));
#7818=CARTESIAN_POINT('',(-34.4711605053243,12.7339868046165,-217.1));
#7819=CARTESIAN_POINT('Origin',(-32.615607652375,14.4831076151702,-217.1));
#7820=CARTESIAN_POINT('',(-34.4711605053243,12.7339868046165,-215.));
#7821=CARTESIAN_POINT('',(-34.4711605053243,12.7339868046165,-215.));
#7822=CARTESIAN_POINT('Origin',(-32.615607652375,14.4831076151702,-215.));
#7823=CARTESIAN_POINT('Origin',(-32.615607652375,14.4831076151702,-217.1));
#7824=CARTESIAN_POINT('',(-44.4374893503188,29.9961747290861,-217.1));
#7825=CARTESIAN_POINT('Origin',(-14.740607652375,-13.5226994298768,-215.));
#7826=CARTESIAN_POINT('',(-12.4339441382395,-12.4355916005627,-217.1));
#7827=CARTESIAN_POINT('',(-12.4339441382395,-12.4355916005627,-215.));
#7828=CARTESIAN_POINT('',(-12.4339441382395,-12.4355916005627,-215.));
#7829=CARTESIAN_POINT('',(-12.6458128984683,-12.0686241433098,-217.1));
#7830=CARTESIAN_POINT('Origin',(-14.740607652375,-13.5226994298768,-217.1));
#7831=CARTESIAN_POINT('',(-12.6458128984683,-12.0686241433098,-215.));
#7832=CARTESIAN_POINT('',(-12.6458128984683,-12.0686241433098,-215.));
#7833=CARTESIAN_POINT('Origin',(-14.740607652375,-13.5226994298768,-215.));
#7834=CARTESIAN_POINT('Origin',(-14.740607652375,-13.5226994298768,-217.1));
#7835=CARTESIAN_POINT('',(-30.5105141370959,18.8739460640318,-217.1));
#7836=CARTESIAN_POINT('Origin',(-121.527226853952,-75.4435158004642,-215.));
#7837=CARTESIAN_POINT('',(-118.977226853952,-75.4435158004642,-215.));
#7838=CARTESIAN_POINT('Origin',(-121.527226853952,-75.4435158004642,-215.));
#7839=CARTESIAN_POINT('',(-118.977226853952,-75.4435158004642,-217.1));
#7840=CARTESIAN_POINT('',(-118.977226853952,-75.4435158004642,-215.));
#7841=CARTESIAN_POINT('Origin',(-121.527226853952,-75.4435158004642,-217.1));
#7842=CARTESIAN_POINT('Origin',(-121.527226853952,-75.4435158004642,-217.1));
#7843=CARTESIAN_POINT('Origin',(-121.527226853952,45.4435158004638,-215.));
#7844=CARTESIAN_POINT('',(-118.977226853952,45.4435158004638,-215.));
#7845=CARTESIAN_POINT('Origin',(-121.527226853952,45.4435158004638,-215.));
#7846=CARTESIAN_POINT('',(-118.977226853952,45.4435158004638,-217.1));
#7847=CARTESIAN_POINT('',(-118.977226853952,45.4435158004638,-215.));
#7848=CARTESIAN_POINT('Origin',(-121.527226853952,45.4435158004638,-217.1));
#7849=CARTESIAN_POINT('Origin',(-121.527226853952,45.4435158004638,-217.1));
#7850=CARTESIAN_POINT('Origin',(-157.277226853952,-13.5226994298768,-215.));
#7851=CARTESIAN_POINT('',(-159.372021607859,-12.0686241433101,-217.1));
#7852=CARTESIAN_POINT('',(-159.372021607859,-12.0686241433101,-215.));
#7853=CARTESIAN_POINT('',(-159.372021607859,-12.0686241433101,-215.));
#7854=CARTESIAN_POINT('',(-159.583890368088,-12.4355916005624,-217.1));
#7855=CARTESIAN_POINT('Origin',(-157.277226853952,-13.5226994298768,-217.1));
#7856=CARTESIAN_POINT('',(-159.583890368088,-12.4355916005624,-215.));
#7857=CARTESIAN_POINT('',(-159.583890368088,-12.4355916005624,-215.));
#7858=CARTESIAN_POINT('Origin',(-157.277226853952,-13.5226994298768,-215.));
#7859=CARTESIAN_POINT('Origin',(-157.277226853952,-13.5226994298768,-217.1));
#7860=CARTESIAN_POINT('',(-160.271204117894,-13.6260539359682,-217.1));
#7861=CARTESIAN_POINT('Origin',(-50.4906076523751,-75.4435158004642,-215.));
#7862=CARTESIAN_POINT('',(-47.9406076523751,-75.4435158004642,-215.));
#7863=CARTESIAN_POINT('Origin',(-50.4906076523751,-75.4435158004642,-215.));
#7864=CARTESIAN_POINT('',(-47.9406076523751,-75.4435158004642,-217.1));
#7865=CARTESIAN_POINT('',(-47.9406076523751,-75.4435158004642,-215.));
#7866=CARTESIAN_POINT('Origin',(-50.4906076523751,-75.4435158004642,-217.1));
#7867=CARTESIAN_POINT('Origin',(-50.4906076523751,-75.4435158004642,-217.1));
#7868=CARTESIAN_POINT('Origin',(-50.4906076523751,45.4435158004638,-215.));
#7869=CARTESIAN_POINT('',(-47.9406076523751,45.4435158004638,-215.));
#7870=CARTESIAN_POINT('Origin',(-50.4906076523751,45.4435158004638,-215.));
#7871=CARTESIAN_POINT('',(-47.9406076523751,45.4435158004638,-217.1));
#7872=CARTESIAN_POINT('',(-47.9406076523751,45.4435158004638,-215.));
#7873=CARTESIAN_POINT('Origin',(-50.4906076523751,45.4435158004638,-217.1));
#7874=CARTESIAN_POINT('Origin',(-50.4906076523751,45.4435158004638,-217.1));
#7875=CARTESIAN_POINT('Origin',(-32.615607652375,-44.4831076151705,-215.));
#7876=CARTESIAN_POINT('',(-34.4711605053242,-42.7339868046168,-217.1));
#7877=CARTESIAN_POINT('',(-34.4711605053242,-42.7339868046168,-215.));
#7878=CARTESIAN_POINT('',(-34.4711605053242,-42.7339868046168,-215.));
#7879=CARTESIAN_POINT('',(-35.0581671350772,-43.7507121117287,-217.1));
#7880=CARTESIAN_POINT('Origin',(-32.615607652375,-44.4831076151705,-217.1));
#7881=CARTESIAN_POINT('',(-35.0581671350772,-43.7507121117287,-215.));
#7882=CARTESIAN_POINT('',(-35.0581671350772,-43.7507121117287,-215.));
#7883=CARTESIAN_POINT('Origin',(-32.615607652375,-44.4831076151705,-215.));
#7884=CARTESIAN_POINT('Origin',(-32.615607652375,-44.4831076151705,-217.1));
#7885=CARTESIAN_POINT('',(-25.6736056016559,-27.4961747290865,-217.1));
#7886=CARTESIAN_POINT('Origin',(-139.402226853952,-44.4831076151705,-215.));
#7887=CARTESIAN_POINT('',(-136.95966737125,-43.7507121117287,-217.1));
#7888=CARTESIAN_POINT('',(-136.95966737125,-43.7507121117287,-215.));
#7889=CARTESIAN_POINT('',(-136.95966737125,-43.7507121117287,-215.));
#7890=CARTESIAN_POINT('',(-137.546674001003,-42.7339868046167,-217.1));
#7891=CARTESIAN_POINT('Origin',(-139.402226853952,-44.4831076151705,-217.1));
#7892=CARTESIAN_POINT('',(-137.546674001003,-42.7339868046167,-215.));
#7893=CARTESIAN_POINT('',(-137.546674001003,-42.7339868046167,-215.));
#7894=CARTESIAN_POINT('Origin',(-139.402226853952,-44.4831076151705,-215.));
#7895=CARTESIAN_POINT('Origin',(-139.402226853952,-44.4831076151705,-217.1));
#7896=CARTESIAN_POINT('',(-127.580345156009,-59.9961747290864,-217.1));
#7897=CARTESIAN_POINT('Origin',(-86.0089172531636,46.7499999999998,-215.));
#7898=CARTESIAN_POINT('',(-83.4589172531636,46.7499999999998,-215.));
#7899=CARTESIAN_POINT('Origin',(-86.0089172531636,46.7499999999998,-215.));
#7900=CARTESIAN_POINT('',(-83.4589172531636,46.7499999999998,-217.1));
#7901=CARTESIAN_POINT('',(-83.4589172531636,46.7499999999998,-215.));
#7902=CARTESIAN_POINT('Origin',(-86.0089172531636,46.7499999999998,-217.1));
#7903=CARTESIAN_POINT('Origin',(-86.0089172531636,46.7499999999998,-217.1));
#7904=CARTESIAN_POINT('Origin',(-86.0089172531637,-15.0000000000001,-215.));
#7905=CARTESIAN_POINT('',(-48.4811497558379,49.9999999999999,-215.));
#7906=CARTESIAN_POINT('',(-48.4811497558379,49.9999999999999,-215.));
#7907=CARTESIAN_POINT('',(-123.536684750489,49.9999999999999,-215.));
#7908=CARTESIAN_POINT('',(-123.536684750489,49.9999999999999,-215.));
#7909=CARTESIAN_POINT('',(-161.064452247815,-15.0000000000002,-215.));
#7910=CARTESIAN_POINT('',(-161.064452247815,-15.0000000000002,-215.));
#7911=CARTESIAN_POINT('',(-161.064452247815,-15.0000000000002,-215.));
#7912=CARTESIAN_POINT('',(-123.536684750489,-80.0000000000001,-215.));
#7913=CARTESIAN_POINT('',(-123.536684750489,-80.0000000000001,-215.));
#7914=CARTESIAN_POINT('',(-48.4811497558378,-80.0000000000001,-215.));
#7915=CARTESIAN_POINT('',(-48.4811497558378,-80.0000000000001,-215.));
#7916=CARTESIAN_POINT('',(-10.9533822585122,-15.0000000000002,-215.));
#7917=CARTESIAN_POINT('',(-10.9533822585122,-15.0000000000002,-215.));
#7918=CARTESIAN_POINT('',(-48.4811497558379,49.9999999999999,-215.));
#7919=CARTESIAN_POINT('',(-119.783908000757,43.4999999999999,-215.));
#7920=CARTESIAN_POINT('',(-146.053345248885,-2.00000000000013,-215.));
#7921=CARTESIAN_POINT('',(-52.2339265055705,43.4999999999999,-215.));
#7922=CARTESIAN_POINT('',(-104.772801001827,43.4999999999999,-215.));
#7923=CARTESIAN_POINT('',(-44.7283730061054,30.4999999999999,-215.));
#7924=CARTESIAN_POINT('',(-18.4589357579773,-15.0000000000002,-215.));
#7925=CARTESIAN_POINT('',(-44.7283730061054,30.4999999999999,-215.));
#7926=CARTESIAN_POINT('',(-25.9644892574424,-28.0000000000002,-215.));
#7927=CARTESIAN_POINT('',(-52.2339265055704,-73.5000000000001,-215.));
#7928=CARTESIAN_POINT('',(-25.9644892574424,-28.0000000000002,-215.));
#7929=CARTESIAN_POINT('',(-119.783908000757,-73.5000000000001,-215.));
#7930=CARTESIAN_POINT('',(-67.2450335045007,-73.5000000000001,-215.));
#7931=CARTESIAN_POINT('',(-127.289461500222,-60.5000000000001,-215.));
#7932=CARTESIAN_POINT('',(-153.55889874835,-15.0000000000002,-215.));
#7933=CARTESIAN_POINT('',(-127.289461500222,-60.5000000000001,-215.));
#7934=CARTESIAN_POINT('',(-146.053345248885,-2.00000000000013,-215.));
#7935=CARTESIAN_POINT('Ctrl Pts',(-17.499828736946,-26.3387779096779,-244.803915577802));
#7936=CARTESIAN_POINT('Ctrl Pts',(-33.0882860050659,-17.3387779096779,-244.803915577802));
#7937=CARTESIAN_POINT('Ctrl Pts',(-17.5400940083021,-26.4085194054473,-244.879914665291));
#7938=CARTESIAN_POINT('Ctrl Pts',(-33.128551276422,-17.4085194054473,-244.879914665291));
#7939=CARTESIAN_POINT('Ctrl Pts',(-17.6200436251687,-26.5469962039058,-245.030816365994));
#7940=CARTESIAN_POINT('Ctrl Pts',(-33.2085008932886,-17.5469962039058,-245.030816365994));
#7941=CARTESIAN_POINT('Ctrl Pts',(-17.7293418900542,-26.7363063518667,-245.053319029448));
#7942=CARTESIAN_POINT('Ctrl Pts',(-33.3177991581741,-17.7363063518667,-245.053319029448));
#7943=CARTESIAN_POINT('Ctrl Pts',(-17.7835939337462,-26.8302736479557,-245.06448860732));
#7944=CARTESIAN_POINT('Ctrl Pts',(-33.3720512018661,-17.8302736479556,-245.06448860732));
#7945=CARTESIAN_POINT('',(-22.1137209526684,-24.3302736479557,-245.06448860732));
#7946=CARTESIAN_POINT('',(-21.8299557558682,-23.8387779096779,-244.803915577802));
#7947=CARTESIAN_POINT('Ctrl Pts',(-22.1137209526684,-24.3302736479557,-245.06448860732));
#7948=CARTESIAN_POINT('Ctrl Pts',(-22.0594689089764,-24.2363063518667,-245.053319029448));
#7949=CARTESIAN_POINT('Ctrl Pts',(-21.9501706440909,-24.0469962039058,-245.030816365994));
#7950=CARTESIAN_POINT('Ctrl Pts',(-21.8702210272243,-23.9085194054473,-244.879914665291));
#7951=CARTESIAN_POINT('Ctrl Pts',(-21.8299557558682,-23.8387779096779,-244.803915577802));
#7952=CARTESIAN_POINT('',(-23.1289938615448,-23.0887779096779,-244.803915577802));
#7953=CARTESIAN_POINT('',(-17.499828736946,-26.3387779096779,-244.803915577802));
#7954=CARTESIAN_POINT('',(-23.412759058345,-23.5802736479556,-245.06448860732));
#7955=CARTESIAN_POINT('Ctrl Pts',(-23.412759058345,-23.5802736479556,-245.06448860732));
#7956=CARTESIAN_POINT('Ctrl Pts',(-23.358507014653,-23.4863063518667,-245.053319029448));
#7957=CARTESIAN_POINT('Ctrl Pts',(-23.3042549709611,-23.3923390557777,-245.042149451577));
#7958=CARTESIAN_POINT('Ctrl Pts',(-23.2572338508255,-23.3108960866741,-244.999344902906));
#7959=CARTESIAN_POINT('Ctrl Pts',(-23.2095244042571,-23.2282609012167,-244.95591375278));
#7960=CARTESIAN_POINT('Ctrl Pts',(-23.169259132901,-23.1585194054473,-244.879914665291));
#7961=CARTESIAN_POINT('Ctrl Pts',(-23.1289938615448,-23.0887779096779,-244.803915577802));
#7962=CARTESIAN_POINT('',(-17.7835939337462,-26.8302736479557,-245.06448860732));
#7963=CARTESIAN_POINT('Ctrl Pts',(-17.7835939337462,-26.8302736479557,-245.06448860732));
#7964=CARTESIAN_POINT('Ctrl Pts',(-33.3720512018661,-17.8302736479556,-245.06448860732));
#7965=CARTESIAN_POINT('Ctrl Pts',(-17.838131625074,-26.9247357002629,-245.053386131325));
#7966=CARTESIAN_POINT('Ctrl Pts',(-33.4265888931939,-17.9247357002629,-245.053386131325));
#7967=CARTESIAN_POINT('Ctrl Pts',(-17.9476832937009,-27.1144847563786,-245.03108421972));
#7968=CARTESIAN_POINT('Ctrl Pts',(-33.5361405618208,-18.1144847563786,-245.03108421972));
#7969=CARTESIAN_POINT('Ctrl Pts',(-18.0273517296431,-27.2524745351901,-244.878949364994));
#7970=CARTESIAN_POINT('Ctrl Pts',(-33.615808997763,-18.2524745351901,-244.878949364994));
#7971=CARTESIAN_POINT('Ctrl Pts',(-18.0673591305464,-27.3217693862334,-244.802551227483));
#7972=CARTESIAN_POINT('Ctrl Pts',(-33.6558163986663,-18.3217693862334,-244.802551227483));
#7973=CARTESIAN_POINT('',(-22.3974861494686,-24.8217693862334,-244.802551227483));
#7974=CARTESIAN_POINT('Ctrl Pts',(-22.3974861494686,-24.8217693862334,-244.802551227483));
#7975=CARTESIAN_POINT('Ctrl Pts',(-22.3574787485653,-24.7524745351901,-244.878949364994));
#7976=CARTESIAN_POINT('Ctrl Pts',(-22.2778103126231,-24.6144847563786,-245.03108421972));
#7977=CARTESIAN_POINT('Ctrl Pts',(-22.1682586439962,-24.4247357002629,-245.053386131325));
#7978=CARTESIAN_POINT('Ctrl Pts',(-22.1137209526684,-24.3302736479557,-245.06448860732));
#7979=CARTESIAN_POINT('',(-23.6965242551453,-24.0717693862334,-244.802551227483));
#7980=CARTESIAN_POINT('Ctrl Pts',(-23.6965242551453,-24.0717693862334,-244.802551227483));
#7981=CARTESIAN_POINT('Ctrl Pts',(-23.656516854242,-24.0024745351901,-244.878949364994));
#7982=CARTESIAN_POINT('Ctrl Pts',(-23.6165094533387,-23.9331796841468,-244.955347502505));
#7983=CARTESIAN_POINT('Ctrl Pts',(-23.5689661430008,-23.8508322550816,-244.999004560384));
#7984=CARTESIAN_POINT('Ctrl Pts',(-23.5218344410006,-23.7691977525701,-245.04228365533));
#7985=CARTESIAN_POINT('Ctrl Pts',(-23.4672967496728,-23.6747357002629,-245.053386131325));
#7986=CARTESIAN_POINT('Ctrl Pts',(-23.4127590583451,-23.5802736479556,-245.06448860732));
#7987=CARTESIAN_POINT('',(-18.0673591305464,-27.3217693862334,-244.802551227483));
#7988=CARTESIAN_POINT('Ctrl Pts',(-18.0673591305464,-27.3217693862334,-244.802551227483));
#7989=CARTESIAN_POINT('Ctrl Pts',(-33.6558163986663,-18.3217693862334,-244.802551227483));
#7990=CARTESIAN_POINT('Ctrl Pts',(-18.1002362026047,-27.3787141454425,-244.69226597929));
#7991=CARTESIAN_POINT('Ctrl Pts',(-33.6886934707246,-18.3787141454424,-244.69226597929));
#7992=CARTESIAN_POINT('Ctrl Pts',(-18.1761549349689,-27.5102092471434,-244.437598646795));
#7993=CARTESIAN_POINT('Ctrl Pts',(-33.7646122030888,-18.5102092471434,-244.437598646795));
#7994=CARTESIAN_POINT('Ctrl Pts',(-18.1789868956499,-27.515114346928,-244.1394106256));
#7995=CARTESIAN_POINT('Ctrl Pts',(-33.7674441637698,-18.515114346928,-244.1394106256));
#7996=CARTESIAN_POINT('Ctrl Pts',(-18.180592458412,-27.5178952632068,-243.970354753408));
#7997=CARTESIAN_POINT('Ctrl Pts',(-33.7690497265319,-18.5178952632068,-243.970354753408));
#7998=CARTESIAN_POINT('',(-22.5107194773342,-25.0178952632068,-243.970354753408));
#7999=CARTESIAN_POINT('Ctrl Pts',(-22.5107194773342,-25.0178952632068,-243.970354753408));
#8000=CARTESIAN_POINT('Ctrl Pts',(-22.5091139145721,-25.015114346928,-244.1394106256));
#8001=CARTESIAN_POINT('Ctrl Pts',(-22.5062819538911,-25.0102092471434,-244.437598646795));
#8002=CARTESIAN_POINT('Ctrl Pts',(-22.4303632215269,-24.8787141454425,-244.69226597929));
#8003=CARTESIAN_POINT('Ctrl Pts',(-22.3974861494686,-24.8217693862334,-244.802551227483));
#8004=CARTESIAN_POINT('',(-23.8097575830109,-24.2678952632068,-243.970354753408));
#8005=CARTESIAN_POINT('Ctrl Pts',(-23.8097575830109,-24.2678952632068,-243.970354753408));
#8006=CARTESIAN_POINT('Ctrl Pts',(-23.8081520202488,-24.265114346928,-244.1394106256));
#8007=CARTESIAN_POINT('Ctrl Pts',(-23.8065464574866,-24.2623334306492,-244.308466497792));
#8008=CARTESIAN_POINT('Ctrl Pts',(-23.7814489530213,-24.2188632777721,-244.463533717069));
#8009=CARTESIAN_POINT('Ctrl Pts',(-23.7622783992618,-24.1856589046515,-244.581980731096));
#8010=CARTESIAN_POINT('Ctrl Pts',(-23.7294013272036,-24.1287141454425,-244.69226597929));
#8011=CARTESIAN_POINT('Ctrl Pts',(-23.6965242551453,-24.0717693862334,-244.802551227483));
#8012=CARTESIAN_POINT('',(-18.180592458412,-27.5178952632068,-243.970354753408));
#8013=CARTESIAN_POINT('Ctrl Pts',(-18.180592458412,-27.5178952632068,-243.970354753408));
#8014=CARTESIAN_POINT('Ctrl Pts',(-33.7690497265319,-18.5178952632068,-243.970354753408));
#8015=CARTESIAN_POINT('Ctrl Pts',(-18.178261749551,-27.5138583570419,-243.812721353128));
#8016=CARTESIAN_POINT('Ctrl Pts',(-33.7667190176709,-18.5138583570419,-243.812721353128));
#8017=CARTESIAN_POINT('Ctrl Pts',(-18.1740556820691,-27.5065732344631,-243.528251366302));
#8018=CARTESIAN_POINT('Ctrl Pts',(-33.762512950189,-18.5065732344631,-243.528251366302));
#8019=CARTESIAN_POINT('Ctrl Pts',(-18.0993180403357,-27.377123841743,-243.287703290321));
#8020=CARTESIAN_POINT('Ctrl Pts',(-33.6877753084556,-18.377123841743,-243.287703290321));
#8021=CARTESIAN_POINT('Ctrl Pts',(-18.0659947802275,-27.3194062621618,-243.180450158986));
#8022=CARTESIAN_POINT('Ctrl Pts',(-33.6544520483474,-18.3194062621618,-243.180450158986));
#8023=CARTESIAN_POINT('',(-22.3961217991497,-24.8194062621618,-243.180450158986));
#8024=CARTESIAN_POINT('Ctrl Pts',(-22.3961217991497,-24.8194062621618,-243.180450158986));
#8025=CARTESIAN_POINT('Ctrl Pts',(-22.4294450592579,-24.877123841743,-243.287703290321));
#8026=CARTESIAN_POINT('Ctrl Pts',(-22.5041827009913,-25.0065732344631,-243.528251366302));
#8027=CARTESIAN_POINT('Ctrl Pts',(-22.5083887684732,-25.0138583570419,-243.812721353128));
#8028=CARTESIAN_POINT('Ctrl Pts',(-22.5107194773342,-25.0178952632068,-243.970354753408));
#8029=CARTESIAN_POINT('',(-23.6951599048264,-24.0694062621618,-243.180450158986));
#8030=CARTESIAN_POINT('Ctrl Pts',(-23.6951599048264,-24.0694062621618,-243.180450158986));
#8031=CARTESIAN_POINT('Ctrl Pts',(-23.7284831649346,-24.127123841743,-243.287703290321));
#8032=CARTESIAN_POINT('Ctrl Pts',(-23.7618064250428,-24.1848414213242,-243.394956421655));
#8033=CARTESIAN_POINT('Ctrl Pts',(-23.7811080144531,-24.2182727548498,-243.510941224965));
#8034=CARTESIAN_POINT('Ctrl Pts',(-23.8050961652889,-24.259821450877,-243.655087952848));
#8035=CARTESIAN_POINT('Ctrl Pts',(-23.8074268741499,-24.2638583570419,-243.812721353128));
#8036=CARTESIAN_POINT('Ctrl Pts',(-23.8097575830109,-24.2678952632068,-243.970354753408));
#8037=CARTESIAN_POINT('',(-18.0659947802275,-27.3194062621618,-243.180450158986));
#8038=CARTESIAN_POINT('Ctrl Pts',(-17.3852310587615,-26.1402889086329,-243.986725765142));
#8039=CARTESIAN_POINT('Ctrl Pts',(-32.9736883268814,-17.1402889086329,-243.986725765142));
#8040=CARTESIAN_POINT('Ctrl Pts',(-17.3870395907872,-26.1434213779886,-244.152322308306));
#8041=CARTESIAN_POINT('Ctrl Pts',(-32.9754968589071,-17.1434213779886,-244.152322308306));
#8042=CARTESIAN_POINT('Ctrl Pts',(-17.3902479201947,-26.1489783675298,-244.446089989298));
#8043=CARTESIAN_POINT('Ctrl Pts',(-32.9787051883146,-17.1489783675298,-244.446089989298));
#8044=CARTESIAN_POINT('Ctrl Pts',(-17.4665416883488,-26.2811230502736,-244.695219931));
#8045=CARTESIAN_POINT('Ctrl Pts',(-33.0549989564687,-17.2811230502736,-244.695219931));
#8046=CARTESIAN_POINT('Ctrl Pts',(-17.499828736946,-26.3387779096779,-244.803915577802));
#8047=CARTESIAN_POINT('Ctrl Pts',(-33.0882860050659,-17.3387779096779,-244.803915577802));
#8048=CARTESIAN_POINT('',(-21.7153580776836,-23.6402889086329,-243.986725765142));
#8049=CARTESIAN_POINT('Ctrl Pts',(-21.8299557558682,-23.8387779096779,-244.803915577802));
#8050=CARTESIAN_POINT('Ctrl Pts',(-21.796668707271,-23.7811230502736,-244.695219931));
#8051=CARTESIAN_POINT('Ctrl Pts',(-21.7203749391169,-23.6489783675298,-244.446089989298));
#8052=CARTESIAN_POINT('Ctrl Pts',(-21.7171666097094,-23.6434213779886,-244.152322308306));
#8053=CARTESIAN_POINT('Ctrl Pts',(-21.7153580776836,-23.6402889086329,-243.986725765142));
#8054=CARTESIAN_POINT('',(-23.0143961833603,-22.8902889086329,-243.986725765142));
#8055=CARTESIAN_POINT('',(-17.3852310587615,-26.1402889086329,-243.986725765142));
#8056=CARTESIAN_POINT('Ctrl Pts',(-23.1289938615448,-23.0887779096779,-244.803915577802));
#8057=CARTESIAN_POINT('Ctrl Pts',(-23.0856810198765,-23.0137578672881,-244.662481670671));
#8058=CARTESIAN_POINT('Ctrl Pts',(-23.0536869202419,-22.9583424611786,-244.558008024007));
#8059=CARTESIAN_POINT('Ctrl Pts',(-23.0176045127678,-22.895845898174,-244.280493446134));
#8060=CARTESIAN_POINT('Ctrl Pts',(-23.016000348064,-22.8930674034034,-244.133609605638));
#8061=CARTESIAN_POINT('Ctrl Pts',(-23.0143961833603,-22.8902889086329,-243.986725765142));
#8062=CARTESIAN_POINT('Ctrl Pts',(-17.50323931472,-26.3446852036657,-243.184543209943));
#8063=CARTESIAN_POINT('Ctrl Pts',(-33.0916965828399,-17.3446852036657,-243.184543209943));
#8064=CARTESIAN_POINT('Ctrl Pts',(-17.4689220382649,-26.2852459372681,-243.293374115686));
#8065=CARTESIAN_POINT('Ctrl Pts',(-33.0573793063848,-17.2852459372681,-243.293374115686));
#8066=CARTESIAN_POINT('Ctrl Pts',(-17.3920692499131,-26.1521330031395,-243.537098543413));
#8067=CARTESIAN_POINT('Ctrl Pts',(-32.980526518033,-17.1521330031395,-243.537098543413));
#8068=CARTESIAN_POINT('Ctrl Pts',(-17.3876673608152,-26.1445087075725,-243.82653314996));
#8069=CARTESIAN_POINT('Ctrl Pts',(-32.9761246289351,-17.1445087075725,-243.82653314996));
#8070=CARTESIAN_POINT('Ctrl Pts',(-17.3852310587615,-26.1402889086329,-243.986725765142));
#8071=CARTESIAN_POINT('Ctrl Pts',(-32.9736883268814,-17.1402889086329,-243.986725765142));
#8072=CARTESIAN_POINT('',(-21.8333663336422,-23.8446852036657,-243.184543209943));
#8073=CARTESIAN_POINT('Ctrl Pts',(-21.7153580776836,-23.6402889086329,-243.986725765142));
#8074=CARTESIAN_POINT('Ctrl Pts',(-21.7177943797374,-23.6445087075725,-243.82653314996));
#8075=CARTESIAN_POINT('Ctrl Pts',(-21.7221962688353,-23.6521330031395,-243.537098543413));
#8076=CARTESIAN_POINT('Ctrl Pts',(-21.7990490571871,-23.7852459372681,-243.293374115686));
#8077=CARTESIAN_POINT('Ctrl Pts',(-21.8333663336422,-23.8446852036657,-243.184543209943));
#8078=CARTESIAN_POINT('',(-23.1324044393189,-23.0946852036657,-243.184543209943));
#8079=CARTESIAN_POINT('',(-17.50323931472,-26.3446852036657,-243.184543209943));
#8080=CARTESIAN_POINT('Ctrl Pts',(-23.0143961833603,-22.8902889086329,-243.986725765142));
#8081=CARTESIAN_POINT('Ctrl Pts',(-23.016832485414,-22.8945087075725,-243.82653314996));
#8082=CARTESIAN_POINT('Ctrl Pts',(-23.0192687874677,-22.8987285065121,-243.666340534778));
#8083=CARTESIAN_POINT('Ctrl Pts',(-23.0438986943848,-22.9413887566781,-243.520150142583));
#8084=CARTESIAN_POINT('Ctrl Pts',(-23.0637698864087,-22.9758066708705,-243.402205021428));
#8085=CARTESIAN_POINT('Ctrl Pts',(-23.0980871628638,-23.0352459372681,-243.293374115686));
#8086=CARTESIAN_POINT('Ctrl Pts',(-23.1324044393189,-23.0946852036657,-243.184543209943));
#8087=CARTESIAN_POINT('Ctrl Pts',(-17.7876869847029,-26.8373630201707,-242.914420324239));
#8088=CARTESIAN_POINT('Ctrl Pts',(-33.3761442528228,-17.8373630201707,-242.914420324239));
#8089=CARTESIAN_POINT('Ctrl Pts',(-17.7338232794233,-26.7440683459424,-242.926609313334));
#8090=CARTESIAN_POINT('Ctrl Pts',(-33.3222805475431,-17.7440683459423,-242.926609313334));
#8091=CARTESIAN_POINT('Ctrl Pts',(-17.6237383952785,-26.5533957334583,-242.951520771717));
#8092=CARTESIAN_POINT('Ctrl Pts',(-33.2121956633984,-17.5533957334583,-242.951520771717));
#8093=CARTESIAN_POINT('Ctrl Pts',(-17.5439750536254,-26.4152415731337,-243.105767993081));
#8094=CARTESIAN_POINT('Ctrl Pts',(-33.1324323217453,-17.4152415731337,-243.105767993081));
#8095=CARTESIAN_POINT('Ctrl Pts',(-17.50323931472,-26.3446852036657,-243.184543209943));
#8096=CARTESIAN_POINT('Ctrl Pts',(-33.0916965828399,-17.3446852036657,-243.184543209943));
#8097=CARTESIAN_POINT('',(-22.1178140036251,-24.3373630201707,-242.914420324239));
#8098=CARTESIAN_POINT('Ctrl Pts',(-21.8333663336422,-23.8446852036657,-243.184543209943));
#8099=CARTESIAN_POINT('Ctrl Pts',(-21.8741020725476,-23.9152415731337,-243.105767993081));
#8100=CARTESIAN_POINT('Ctrl Pts',(-21.9538654142007,-24.0533957334583,-242.951520771717));
#8101=CARTESIAN_POINT('Ctrl Pts',(-22.0639502983454,-24.2440683459424,-242.926609313334));
#8102=CARTESIAN_POINT('Ctrl Pts',(-22.1178140036251,-24.3373630201707,-242.914420324239));
#8103=CARTESIAN_POINT('',(-23.4168521093018,-23.5873630201707,-242.914420324239));
#8104=CARTESIAN_POINT('',(-17.7876869847029,-26.8373630201707,-242.914420324239));
#8105=CARTESIAN_POINT('Ctrl Pts',(-23.1324044393189,-23.0946852036657,-243.184543209943));
#8106=CARTESIAN_POINT('Ctrl Pts',(-23.1731401782243,-23.1652415731337,-243.105767993081));
#8107=CARTESIAN_POINT('Ctrl Pts',(-23.2138759171297,-23.2357979426018,-243.026992776219));
#8108=CARTESIAN_POINT('Ctrl Pts',(-23.2625201867706,-23.320052289117,-242.981951194676));
#8109=CARTESIAN_POINT('Ctrl Pts',(-23.3091246987424,-23.400773671714,-242.93879830243));
#8110=CARTESIAN_POINT('Ctrl Pts',(-23.3629884040221,-23.4940683459424,-242.926609313334));
#8111=CARTESIAN_POINT('Ctrl Pts',(-23.4168521093018,-23.5873630201707,-242.914420324239));
#8112=CARTESIAN_POINT('Ctrl Pts',(-18.0659947802275,-27.3194062621618,-243.180450158986));
#8113=CARTESIAN_POINT('Ctrl Pts',(-33.6544520483474,-18.3194062621618,-243.180450158986));
#8114=CARTESIAN_POINT('Ctrl Pts',(-18.0263184005819,-27.2506847567551,-243.102866958342));
#8115=CARTESIAN_POINT('Ctrl Pts',(-33.6147756687018,-18.2506847567551,-243.102866958342));
#8116=CARTESIAN_POINT('Ctrl Pts',(-17.9485288977475,-27.1159493855504,-242.950757349039));
#8117=CARTESIAN_POINT('Ctrl Pts',(-33.5369861658674,-18.1159493855504,-242.950757349039));
#8118=CARTESIAN_POINT('Ctrl Pts',(-17.84057782813,-26.9289726482416,-242.926369298564));
#8119=CARTESIAN_POINT('Ctrl Pts',(-33.4290350962499,-17.9289726482415,-242.926369298564));
#8120=CARTESIAN_POINT('Ctrl Pts',(-17.7876869847029,-26.8373630201707,-242.914420324239));
#8121=CARTESIAN_POINT('Ctrl Pts',(-33.3761442528228,-17.8373630201707,-242.914420324239));
#8122=CARTESIAN_POINT('Ctrl Pts',(-22.1178140036251,-24.3373630201707,-242.914420324239));
#8123=CARTESIAN_POINT('Ctrl Pts',(-22.1707048470522,-24.4289726482416,-242.926369298564));
#8124=CARTESIAN_POINT('Ctrl Pts',(-22.2786559166697,-24.6159493855504,-242.950757349039));
#8125=CARTESIAN_POINT('Ctrl Pts',(-22.3564454195041,-24.7506847567551,-243.102866958342));
#8126=CARTESIAN_POINT('Ctrl Pts',(-22.3961217991497,-24.8194062621618,-243.180450158986));
#8127=CARTESIAN_POINT('Ctrl Pts',(-23.4168521093018,-23.5873630201707,-242.914420324239));
#8128=CARTESIAN_POINT('Ctrl Pts',(-23.4697429527289,-23.6789726482416,-242.926369298564));
#8129=CARTESIAN_POINT('Ctrl Pts',(-23.5226337961559,-23.7705822763124,-242.938318272888));
#8130=CARTESIAN_POINT('Ctrl Pts',(-23.5682842658646,-23.8496512092372,-242.980927186879));
#8131=CARTESIAN_POINT('Ctrl Pts',(-23.615807145535,-23.9319632513484,-243.025283757697));
#8132=CARTESIAN_POINT('Ctrl Pts',(-23.6554835251807,-24.0006847567551,-243.102866958342));
#8133=CARTESIAN_POINT('Ctrl Pts',(-23.6951599048264,-24.0694062621618,-243.180450158986));
#8134=CARTESIAN_POINT('Ctrl Pts',(-20.64443985717,-31.7854041399519,-244.693410950574));
#8135=CARTESIAN_POINT('Ctrl Pts',(-36.2328971252899,-22.7854041399519,-244.693410950574));
#8136=CARTESIAN_POINT('Ctrl Pts',(-20.6430546989554,-31.7830049755477,-244.651741829765));
#8137=CARTESIAN_POINT('Ctrl Pts',(-36.2315119670753,-22.7830049755477,-244.651741829765));
#8138=CARTESIAN_POINT('Ctrl Pts',(-20.6403016616708,-31.7782365750956,-244.568923389247));
#8139=CARTESIAN_POINT('Ctrl Pts',(-36.2287589297907,-22.7782365750956,-244.568923389247));
#8140=CARTESIAN_POINT('Ctrl Pts',(-20.6202809902769,-31.7435597550398,-244.496237821544));
#8141=CARTESIAN_POINT('Ctrl Pts',(-36.2087382583968,-22.7435597550398,-244.496237821544));
#8142=CARTESIAN_POINT('Ctrl Pts',(-20.610333483383,-31.726330167691,-244.460123139295));
#8143=CARTESIAN_POINT('Ctrl Pts',(-36.1987907515029,-22.726330167691,-244.460123139295));
#8144=CARTESIAN_POINT('',(-24.9404605023052,-29.226330167691,-244.460123139295));
#8145=CARTESIAN_POINT('',(-24.9745668760922,-29.2854041399519,-244.693410950574));
#8146=CARTESIAN_POINT('Ctrl Pts',(-24.9404605023052,-29.226330167691,-244.460123139295));
#8147=CARTESIAN_POINT('Ctrl Pts',(-24.9504080091991,-29.2435597550398,-244.496237821544));
#8148=CARTESIAN_POINT('Ctrl Pts',(-24.9704286805929,-29.2782365750956,-244.568923389247));
#8149=CARTESIAN_POINT('Ctrl Pts',(-24.9731817178776,-29.2830049755477,-244.651741829765));
#8150=CARTESIAN_POINT('Ctrl Pts',(-24.9745668760922,-29.2854041399519,-244.693410950574));
#8151=CARTESIAN_POINT('',(-26.2736049817688,-28.5354041399519,-244.693410950574));
#8152=CARTESIAN_POINT('',(-20.64443985717,-31.7854041399519,-244.693410950574));
#8153=CARTESIAN_POINT('',(-26.2394986079819,-28.476330167691,-244.460123139295));
#8154=CARTESIAN_POINT('Ctrl Pts',(-26.2394986079819,-28.476330167691,-244.460123139295));
#8155=CARTESIAN_POINT('Ctrl Pts',(-26.2494461148757,-28.4935597550398,-244.496237821544));
#8156=CARTESIAN_POINT('Ctrl Pts',(-26.2593936217696,-28.5107893423886,-244.532352503793));
#8157=CARTESIAN_POINT('Ctrl Pts',(-26.2650782393105,-28.520635388791,-244.570968705091));
#8158=CARTESIAN_POINT('Ctrl Pts',(-26.2708346653396,-28.5306058111436,-244.610072708957));
#8159=CARTESIAN_POINT('Ctrl Pts',(-26.2722198235542,-28.5330049755477,-244.651741829765));
#8160=CARTESIAN_POINT('Ctrl Pts',(-26.2736049817688,-28.5354041399519,-244.693410950574));
#8161=CARTESIAN_POINT('',(-20.610333483383,-31.726330167691,-244.460123139295));
#8162=CARTESIAN_POINT('Ctrl Pts',(-20.610333483383,-31.726330167691,-244.460123139295));
#8163=CARTESIAN_POINT('Ctrl Pts',(-36.1987907515029,-22.726330167691,-244.460123139295));
#8164=CARTESIAN_POINT('Ctrl Pts',(-20.5975341483623,-31.7041610691321,-244.427007889219));
#8165=CARTESIAN_POINT('Ctrl Pts',(-36.1859914164822,-22.7041610691321,-244.427007889219));
#8166=CARTESIAN_POINT('Ctrl Pts',(-20.5713162492767,-31.6587503358479,-244.359175280471));
#8167=CARTESIAN_POINT('Ctrl Pts',(-36.1597735173966,-22.6587503358479,-244.359175280471));
#8168=CARTESIAN_POINT('Ctrl Pts',(-20.5330542907403,-31.592478679666,-244.320367210953));
#8169=CARTESIAN_POINT('Ctrl Pts',(-36.1215115588602,-22.5924786796659,-244.320367210953));
#8170=CARTESIAN_POINT('Ctrl Pts',(-20.5134714652747,-31.5585602310037,-244.300504880818));
#8171=CARTESIAN_POINT('Ctrl Pts',(-36.1019287333946,-22.5585602310037,-244.300504880818));
#8172=CARTESIAN_POINT('',(-24.8435984841969,-29.0585602310037,-244.300504880818));
#8173=CARTESIAN_POINT('Ctrl Pts',(-24.8435984841969,-29.0585602310037,-244.300504880818));
#8174=CARTESIAN_POINT('Ctrl Pts',(-24.8631813096625,-29.092478679666,-244.320367210953));
#8175=CARTESIAN_POINT('Ctrl Pts',(-24.9014432681988,-29.1587503358479,-244.359175280471));
#8176=CARTESIAN_POINT('Ctrl Pts',(-24.9276611672845,-29.2041610691321,-244.427007889219));
#8177=CARTESIAN_POINT('Ctrl Pts',(-24.9404605023052,-29.226330167691,-244.460123139295));
#8178=CARTESIAN_POINT('',(-26.1426365898735,-28.3085602310037,-244.300504880818));
#8179=CARTESIAN_POINT('Ctrl Pts',(-26.1426365898735,-28.3085602310037,-244.300504880818));
#8180=CARTESIAN_POINT('Ctrl Pts',(-26.1622194153392,-28.342478679666,-244.320367210953));
#8181=CARTESIAN_POINT('Ctrl Pts',(-26.1818022408048,-28.3763971283282,-244.340229541087));
#8182=CARTESIAN_POINT('Ctrl Pts',(-26.1982301400788,-28.4048510845323,-244.367694812688));
#8183=CARTESIAN_POINT('Ctrl Pts',(-26.2138999379405,-28.4319919705731,-244.393892639143));
#8184=CARTESIAN_POINT('Ctrl Pts',(-26.2266992729612,-28.4541610691321,-244.427007889219));
#8185=CARTESIAN_POINT('Ctrl Pts',(-26.2394986079819,-28.476330167691,-244.460123139295));
#8186=CARTESIAN_POINT('',(-20.5134714652747,-31.5585602310037,-244.300504880818));
#8187=CARTESIAN_POINT('Ctrl Pts',(-20.5134714652747,-31.5585602310037,-244.300504880818));
#8188=CARTESIAN_POINT('Ctrl Pts',(-36.1019287333946,-22.5585602310037,-244.300504880818));
#8189=CARTESIAN_POINT('Ctrl Pts',(-20.4853293384932,-31.5098166375852,-244.281847387999));
#8190=CARTESIAN_POINT('Ctrl Pts',(-36.0737866066131,-22.5098166375852,-244.281847387999));
#8191=CARTESIAN_POINT('Ctrl Pts',(-20.4155640425871,-31.3889796004708,-244.235594824447));
#8192=CARTESIAN_POINT('Ctrl Pts',(-36.004021310707,-22.3889796004708,-244.235594824447));
#8193=CARTESIAN_POINT('Ctrl Pts',(-20.3427344495581,-31.2628350450498,-244.214728197218));
#8194=CARTESIAN_POINT('Ctrl Pts',(-35.931191717678,-22.2628350450498,-244.214728197218));
#8195=CARTESIAN_POINT('Ctrl Pts',(-20.299283068344,-31.187575045128,-244.202278810414));
#8196=CARTESIAN_POINT('Ctrl Pts',(-35.8877403364639,-22.187575045128,-244.202278810414));
#8197=CARTESIAN_POINT('',(-24.6294100872662,-28.687575045128,-244.202278810414));
#8198=CARTESIAN_POINT('Ctrl Pts',(-24.6294100872662,-28.687575045128,-244.202278810414));
#8199=CARTESIAN_POINT('Ctrl Pts',(-24.6728614684802,-28.7628350450498,-244.214728197218));
#8200=CARTESIAN_POINT('Ctrl Pts',(-24.7456910615093,-28.8889796004708,-244.235594824447));
#8201=CARTESIAN_POINT('Ctrl Pts',(-24.8154563574154,-29.0098166375852,-244.281847387999));
#8202=CARTESIAN_POINT('Ctrl Pts',(-24.8435984841969,-29.0585602310037,-244.300504880818));
#8203=CARTESIAN_POINT('',(-25.9284481929428,-27.937575045128,-244.202278810414));
#8204=CARTESIAN_POINT('Ctrl Pts',(-25.9284481929428,-27.937575045128,-244.202278810414));
#8205=CARTESIAN_POINT('Ctrl Pts',(-25.9718995741569,-28.0128350450498,-244.214728197218));
#8206=CARTESIAN_POINT('Ctrl Pts',(-26.015350955371,-28.0880950449716,-244.227177584022));
#8207=CARTESIAN_POINT('Ctrl Pts',(-26.0577115939743,-28.1614658232737,-244.248663144979));
#8208=CARTESIAN_POINT('Ctrl Pts',(-26.0863523363106,-28.2110730441666,-244.263189895179));
#8209=CARTESIAN_POINT('Ctrl Pts',(-26.1144944630921,-28.2598166375852,-244.281847387999));
#8210=CARTESIAN_POINT('Ctrl Pts',(-26.1426365898735,-28.3085602310037,-244.300504880818));
#8211=CARTESIAN_POINT('',(-20.299283068344,-31.187575045128,-244.202278810414));
#8212=CARTESIAN_POINT('Ctrl Pts',(-20.299283068344,-31.187575045128,-244.202278810414));
#8213=CARTESIAN_POINT('Ctrl Pts',(-35.8877403364639,-22.187575045128,-244.202278810414));
#8214=CARTESIAN_POINT('Ctrl Pts',(-20.2206815760403,-31.0514332669073,-244.179168915969));
#8215=CARTESIAN_POINT('Ctrl Pts',(-35.8091388441602,-22.0514332669072,-244.179168915969));
#8216=CARTESIAN_POINT('Ctrl Pts',(-20.0843662090174,-30.8153281253713,-244.139090367194));
#8217=CARTESIAN_POINT('Ctrl Pts',(-35.6728234771373,-21.8153281253713,-244.139090367194));
#8218=CARTESIAN_POINT('Ctrl Pts',(-19.9535692532118,-30.5887811524407,-244.053132817018));
#8219=CARTESIAN_POINT('Ctrl Pts',(-35.5420265213317,-21.5887811524406,-244.053132817018));
#8220=CARTESIAN_POINT('Ctrl Pts',(-19.8981917907446,-30.4928645738532,-244.016739684018));
#8221=CARTESIAN_POINT('Ctrl Pts',(-35.4866490588645,-21.4928645738532,-244.016739684018));
#8222=CARTESIAN_POINT('',(-24.2283188096668,-27.9928645738532,-244.016739684018));
#8223=CARTESIAN_POINT('Ctrl Pts',(-24.2283188096668,-27.9928645738532,-244.016739684018));
#8224=CARTESIAN_POINT('Ctrl Pts',(-24.283696272134,-28.0887811524407,-244.053132817018));
#8225=CARTESIAN_POINT('Ctrl Pts',(-24.4144932279396,-28.3153281253713,-244.139090367194));
#8226=CARTESIAN_POINT('Ctrl Pts',(-24.5508085949625,-28.5514332669073,-244.179168915969));
#8227=CARTESIAN_POINT('Ctrl Pts',(-24.6294100872662,-28.687575045128,-244.202278810414));
#8228=CARTESIAN_POINT('',(-25.5273569153435,-27.2428645738532,-244.016739684018));
#8229=CARTESIAN_POINT('Ctrl Pts',(-25.5273569153435,-27.2428645738532,-244.016739684018));
#8230=CARTESIAN_POINT('Ctrl Pts',(-25.5827343778107,-27.3387811524407,-244.053132817018));
#8231=CARTESIAN_POINT('Ctrl Pts',(-25.6381118402779,-27.4346977310281,-244.089525950018));
#8232=CARTESIAN_POINT('Ctrl Pts',(-25.6944785045273,-27.5323276573612,-244.117695051107));
#8233=CARTESIAN_POINT('Ctrl Pts',(-25.7712452083354,-27.6652914886865,-244.156059021524));
#8234=CARTESIAN_POINT('Ctrl Pts',(-25.8498467006391,-27.8014332669072,-244.179168915969));
#8235=CARTESIAN_POINT('Ctrl Pts',(-25.9284481929428,-27.937575045128,-244.202278810414));
#8236=CARTESIAN_POINT('',(-19.8981917907446,-30.4928645738532,-244.016739684018));
#8237=CARTESIAN_POINT('Origin',(-19.8981917907446,-30.4928645738532,-244.016739684018));
#8238=CARTESIAN_POINT('',(-24.2283188096668,-27.9928645738532,-244.196821409139));
#8239=CARTESIAN_POINT('',(-24.2283188096668,-27.9928645738532,-244.196821409139));
#8240=CARTESIAN_POINT('',(-25.5273569153435,-27.2428645738532,-244.196821409139));
#8241=CARTESIAN_POINT('',(-25.5273569153435,-27.2428645738532,-229.508369842009));
#8242=CARTESIAN_POINT('',(-19.8981917907446,-30.4928645738532,-244.196821409139));
#8243=CARTESIAN_POINT('Ctrl Pts',(-20.5700881292075,-31.6566231694903,-245.020832377347));
#8244=CARTESIAN_POINT('Ctrl Pts',(-36.1585453973274,-22.6566231694903,-245.020832377347));
#8245=CARTESIAN_POINT('Ctrl Pts',(-20.591773974618,-31.6941841555464,-244.974528924463));
#8246=CARTESIAN_POINT('Ctrl Pts',(-36.1802312427379,-22.6941841555464,-244.974528924463));
#8247=CARTESIAN_POINT('Ctrl Pts',(-20.6350387505381,-31.7691209456181,-244.882150302581));
#8248=CARTESIAN_POINT('Ctrl Pts',(-36.223496018658,-22.7691209456181,-244.882150302581));
#8249=CARTESIAN_POINT('Ctrl Pts',(-20.6413113218364,-31.7799853578009,-244.756220336182));
#8250=CARTESIAN_POINT('Ctrl Pts',(-36.2297685899563,-22.7799853578009,-244.756220336182));
#8251=CARTESIAN_POINT('Ctrl Pts',(-20.64443985717,-31.7854041399519,-244.693410950574));
#8252=CARTESIAN_POINT('Ctrl Pts',(-36.2328971252899,-22.7854041399519,-244.693410950574));
#8253=CARTESIAN_POINT('',(-24.9002151481297,-29.1566231694903,-245.020832377347));
#8254=CARTESIAN_POINT('Ctrl Pts',(-24.9745668760922,-29.2854041399519,-244.693410950574));
#8255=CARTESIAN_POINT('Ctrl Pts',(-24.9714383407586,-29.2799853578009,-244.756220336182));
#8256=CARTESIAN_POINT('Ctrl Pts',(-24.9651657694603,-29.2691209456181,-244.882150302581));
#8257=CARTESIAN_POINT('Ctrl Pts',(-24.9219009935402,-29.1941841555464,-244.974528924463));
#8258=CARTESIAN_POINT('Ctrl Pts',(-24.9002151481297,-29.1566231694903,-245.020832377347));
#8259=CARTESIAN_POINT('',(-26.1992532538063,-28.4066231694903,-245.020832377347));
#8260=CARTESIAN_POINT('',(-20.5700881292075,-31.6566231694903,-245.020832377347));
#8261=CARTESIAN_POINT('Ctrl Pts',(-26.2736049817688,-28.5354041399519,-244.693410950574));
#8262=CARTESIAN_POINT('Ctrl Pts',(-26.2704764464353,-28.5299853578009,-244.756220336182));
#8263=CARTESIAN_POINT('Ctrl Pts',(-26.2673479111017,-28.52456657565,-244.81902972179));
#8264=CARTESIAN_POINT('Ctrl Pts',(-26.2550169752724,-28.5032087682887,-244.873492675695));
#8265=CARTESIAN_POINT('Ctrl Pts',(-26.2426249446273,-28.4817451416025,-244.928225471579));
#8266=CARTESIAN_POINT('Ctrl Pts',(-26.2209390992168,-28.4441841555464,-244.974528924463));
#8267=CARTESIAN_POINT('Ctrl Pts',(-26.1992532538063,-28.4066231694903,-245.020832377347));
#8268=CARTESIAN_POINT('Ctrl Pts',(-20.3524891545027,-31.2797306896268,-245.151801067266));
#8269=CARTESIAN_POINT('Ctrl Pts',(-35.9409464226226,-22.2797306896268,-245.151801067266));
#8270=CARTESIAN_POINT('Ctrl Pts',(-20.3957834262204,-31.3547185679186,-245.148899422707));
#8271=CARTESIAN_POINT('Ctrl Pts',(-35.9842406943403,-22.3547185679186,-245.148899422707));
#8272=CARTESIAN_POINT('Ctrl Pts',(-20.4744792230741,-31.4910236864112,-245.143625116854));
#8273=CARTESIAN_POINT('Ctrl Pts',(-36.062936491194,-22.4910236864112,-245.143625116854));
#8274=CARTESIAN_POINT('Ctrl Pts',(-20.5404230938265,-31.6052418210021,-245.058931871519));
#8275=CARTESIAN_POINT('Ctrl Pts',(-36.1288803619464,-22.6052418210021,-245.058931871519));
#8276=CARTESIAN_POINT('Ctrl Pts',(-20.5700881292075,-31.6566231694903,-245.020832377347));
#8277=CARTESIAN_POINT('Ctrl Pts',(-36.1585453973274,-22.6566231694903,-245.020832377347));
#8278=CARTESIAN_POINT('',(-24.6826161734249,-28.7797306896268,-245.151801067266));
#8279=CARTESIAN_POINT('Ctrl Pts',(-24.9002151481297,-29.1566231694903,-245.020832377347));
#8280=CARTESIAN_POINT('Ctrl Pts',(-24.8705501127486,-29.1052418210021,-245.058931871519));
#8281=CARTESIAN_POINT('Ctrl Pts',(-24.8046062419962,-28.9910236864112,-245.143625116854));
#8282=CARTESIAN_POINT('Ctrl Pts',(-24.7259104451426,-28.8547185679186,-245.148899422707));
#8283=CARTESIAN_POINT('Ctrl Pts',(-24.6826161734249,-28.7797306896268,-245.151801067266));
#8284=CARTESIAN_POINT('',(-25.9816542791016,-28.0297306896268,-245.151801067266));
#8285=CARTESIAN_POINT('',(-20.3524891545027,-31.2797306896268,-245.151801067266));
#8286=CARTESIAN_POINT('Ctrl Pts',(-26.1992532538063,-28.4066231694903,-245.020832377347));
#8287=CARTESIAN_POINT('Ctrl Pts',(-26.1695882184253,-28.3552418210021,-245.058931871519));
#8288=CARTESIAN_POINT('Ctrl Pts',(-26.1399231830443,-28.3038604725138,-245.097031365691));
#8289=CARTESIAN_POINT('Ctrl Pts',(-26.1076775716431,-28.2480094352458,-245.119059043798));
#8290=CARTESIAN_POINT('Ctrl Pts',(-26.068242822537,-28.1797064462104,-245.145997778149));
#8291=CARTESIAN_POINT('Ctrl Pts',(-26.0249485508193,-28.1047185679186,-245.148899422707));
#8292=CARTESIAN_POINT('Ctrl Pts',(-25.9816542791016,-28.0297306896268,-245.151801067266));
#8293=CARTESIAN_POINT('Ctrl Pts',(-20.1001016308516,-30.8425826754666,-245.027653532895));
#8294=CARTESIAN_POINT('Ctrl Pts',(-35.6885588989715,-21.8425826754666,-245.027653532895));
#8295=CARTESIAN_POINT('Ctrl Pts',(-20.1389057401815,-30.9097933643684,-245.063854503248));
#8296=CARTESIAN_POINT('Ctrl Pts',(-35.7273630083014,-21.9097933643683,-245.063854503248));
#8297=CARTESIAN_POINT('Ctrl Pts',(-20.2188807299598,-31.0483141099993,-245.138464442347));
#8298=CARTESIAN_POINT('Ctrl Pts',(-35.8073379980797,-22.0483141099993,-245.138464442347));
#8299=CARTESIAN_POINT('Ctrl Pts',(-20.307082930886,-31.2010848033427,-245.147268675125));
#8300=CARTESIAN_POINT('Ctrl Pts',(-35.8955401990059,-22.2010848033427,-245.147268675125));
#8301=CARTESIAN_POINT('Ctrl Pts',(-20.3524891545027,-31.2797306896268,-245.151801067266));
#8302=CARTESIAN_POINT('Ctrl Pts',(-35.9409464226226,-22.2797306896268,-245.151801067266));
#8303=CARTESIAN_POINT('',(-24.4302286497738,-28.3425826754666,-245.027653532895));
#8304=CARTESIAN_POINT('Ctrl Pts',(-24.6826161734249,-28.7797306896268,-245.151801067266));
#8305=CARTESIAN_POINT('Ctrl Pts',(-24.6372099498081,-28.7010848033427,-245.147268675125));
#8306=CARTESIAN_POINT('Ctrl Pts',(-24.549007748882,-28.5483141099993,-245.138464442347));
#8307=CARTESIAN_POINT('Ctrl Pts',(-24.4690327591037,-28.4097933643684,-245.063854503248));
#8308=CARTESIAN_POINT('Ctrl Pts',(-24.4302286497738,-28.3425826754666,-245.027653532895));
#8309=CARTESIAN_POINT('',(-25.7292667554505,-27.5925826754666,-245.027653532895));
#8310=CARTESIAN_POINT('',(-20.1001016308516,-30.8425826754666,-245.027653532895));
#8311=CARTESIAN_POINT('Ctrl Pts',(-25.9816542791016,-28.0297306896268,-245.151801067266));
#8312=CARTESIAN_POINT('Ctrl Pts',(-25.9362480554848,-27.9510848033427,-245.147268675125));
#8313=CARTESIAN_POINT('Ctrl Pts',(-25.890841831868,-27.8724389170587,-245.142736282984));
#8314=CARTESIAN_POINT('Ctrl Pts',(-25.8476159499771,-27.7975694934216,-245.120764332685));
#8315=CARTESIAN_POINT('Ctrl Pts',(-25.8068749741102,-27.7270040532701,-245.1000554736));
#8316=CARTESIAN_POINT('Ctrl Pts',(-25.7680708647803,-27.6597933643684,-245.063854503248));
#8317=CARTESIAN_POINT('Ctrl Pts',(-25.7292667554505,-27.5925826754666,-245.027653532895));
#8318=CARTESIAN_POINT('Ctrl Pts',(-19.937755267784,-30.5613905262094,-244.687954145345));
#8319=CARTESIAN_POINT('Ctrl Pts',(-35.5262125359039,-21.5613905262094,-244.687954145345));
#8320=CARTESIAN_POINT('Ctrl Pts',(-19.9577591968874,-30.5960383477675,-244.756306564915));
#8321=CARTESIAN_POINT('Ctrl Pts',(-35.5462164650073,-21.5960383477675,-244.756306564915));
#8322=CARTESIAN_POINT('Ctrl Pts',(-19.9983996633556,-30.6664297005338,-244.895172994666));
#8323=CARTESIAN_POINT('Ctrl Pts',(-35.5868569314755,-21.6664297005338,-244.895172994666));
#8324=CARTESIAN_POINT('Ctrl Pts',(-20.0658509932384,-30.7832588309289,-244.983037454982));
#8325=CARTESIAN_POINT('Ctrl Pts',(-35.6543082613583,-21.7832588309289,-244.983037454982));
#8326=CARTESIAN_POINT('Ctrl Pts',(-20.1001016308516,-30.8425826754666,-245.027653532895));
#8327=CARTESIAN_POINT('Ctrl Pts',(-35.6885588989715,-21.8425826754666,-245.027653532895));
#8328=CARTESIAN_POINT('',(-24.2678822867062,-28.0613905262094,-244.687954145345));
#8329=CARTESIAN_POINT('Ctrl Pts',(-24.4302286497738,-28.3425826754666,-245.027653532895));
#8330=CARTESIAN_POINT('Ctrl Pts',(-24.3959780121606,-28.2832588309289,-244.983037454982));
#8331=CARTESIAN_POINT('Ctrl Pts',(-24.3285266822778,-28.1664297005338,-244.895172994666));
#8332=CARTESIAN_POINT('Ctrl Pts',(-24.2878862158096,-28.0960383477675,-244.756306564915));
#8333=CARTESIAN_POINT('Ctrl Pts',(-24.2678822867062,-28.0613905262094,-244.687954145345));
#8334=CARTESIAN_POINT('',(-25.5669203923828,-27.3113905262094,-244.687954145345));
#8335=CARTESIAN_POINT('',(-19.937755267784,-30.5613905262094,-244.687954145345));
#8336=CARTESIAN_POINT('Ctrl Pts',(-25.7292667554505,-27.5925826754666,-245.027653532895));
#8337=CARTESIAN_POINT('Ctrl Pts',(-25.6950161178373,-27.5332588309289,-244.983037454982));
#8338=CARTESIAN_POINT('Ctrl Pts',(-25.6607654802241,-27.4739349863912,-244.938421377069));
#8339=CARTESIAN_POINT('Ctrl Pts',(-25.6334278510697,-27.4265848237373,-244.880654769811));
#8340=CARTESIAN_POINT('Ctrl Pts',(-25.6069282505896,-27.3806861693256,-244.824658984485));
#8341=CARTESIAN_POINT('Ctrl Pts',(-25.5869243214862,-27.3460383477675,-244.756306564915));
#8342=CARTESIAN_POINT('Ctrl Pts',(-25.5669203923828,-27.3113905262094,-244.687954145345));
#8343=CARTESIAN_POINT('Ctrl Pts',(-19.8981917907446,-30.4928645738532,-244.196821409139));
#8344=CARTESIAN_POINT('Ctrl Pts',(-35.4866490588645,-21.4928645738532,-244.196821409139));
#8345=CARTESIAN_POINT('Ctrl Pts',(-19.8986632017117,-30.4936810815994,-244.292863021291));
#8346=CARTESIAN_POINT('Ctrl Pts',(-35.4871204698316,-21.4936810815994,-244.292863021291));
#8347=CARTESIAN_POINT('Ctrl Pts',(-19.899488203471,-30.4951100265628,-244.460942477505));
#8348=CARTESIAN_POINT('Ctrl Pts',(-35.4879454715909,-21.4951100265628,-244.460942477505));
#8349=CARTESIAN_POINT('Ctrl Pts',(-19.9262747255301,-30.5415056437273,-244.619848135868));
#8350=CARTESIAN_POINT('Ctrl Pts',(-35.51473199365,-21.5415056437273,-244.619848135868));
#8351=CARTESIAN_POINT('Ctrl Pts',(-19.937755267784,-30.5613905262094,-244.687954145345));
#8352=CARTESIAN_POINT('Ctrl Pts',(-35.5262125359039,-21.5613905262094,-244.687954145345));
#8353=CARTESIAN_POINT('Ctrl Pts',(-24.2678822867062,-28.0613905262094,-244.687954145345));
#8354=CARTESIAN_POINT('Ctrl Pts',(-24.2564017444523,-28.0415056437273,-244.619848135868));
#8355=CARTESIAN_POINT('Ctrl Pts',(-24.2296152223932,-27.9951100265628,-244.460942477505));
#8356=CARTESIAN_POINT('Ctrl Pts',(-24.2287902206339,-27.9936810815994,-244.292863021291));
#8357=CARTESIAN_POINT('Ctrl Pts',(-24.2283188096668,-27.9928645738532,-244.196821409139));
#8358=CARTESIAN_POINT('Ctrl Pts',(-25.5669203923828,-27.3113905262094,-244.687954145345));
#8359=CARTESIAN_POINT('Ctrl Pts',(-25.555439850129,-27.2915056437273,-244.619848135868));
#8360=CARTESIAN_POINT('Ctrl Pts',(-25.5439593078752,-27.2716207612453,-244.551742126391));
#8361=CARTESIAN_POINT('Ctrl Pts',(-25.5372477100975,-27.2599959328944,-244.481950956258));
#8362=CARTESIAN_POINT('Ctrl Pts',(-25.5282997372776,-27.2444975893455,-244.388904633442));
#8363=CARTESIAN_POINT('Ctrl Pts',(-25.5278283263105,-27.2436810815994,-244.292863021291));
#8364=CARTESIAN_POINT('Ctrl Pts',(-25.5273569153435,-27.2428645738532,-244.196821409139));
#8365=CARTESIAN_POINT('Ctrl Pts',(-13.7713150192946,-19.8808027139882,-244.803915577802));
#8366=CARTESIAN_POINT('Ctrl Pts',(-29.3597722874145,-10.8808027139882,-244.803915577802));
#8367=CARTESIAN_POINT('Ctrl Pts',(-13.8115804967921,-19.9505445668049,-244.879914664821));
#8368=CARTESIAN_POINT('Ctrl Pts',(-29.400037764912,-10.9505445668049,-244.879914664821));
#8369=CARTESIAN_POINT('Ctrl Pts',(-13.891530406271,-20.0890218720828,-245.030816144335));
#8370=CARTESIAN_POINT('Ctrl Pts',(-29.4799876743909,-11.0890218720828,-245.030816144335));
#8371=CARTESIAN_POINT('Ctrl Pts',(-14.0008287898702,-20.2783322256618,-245.053318966975));
#8372=CARTESIAN_POINT('Ctrl Pts',(-29.5892860579901,-11.2783322256618,-245.053318966975));
#8373=CARTESIAN_POINT('Ctrl Pts',(-14.0550808121413,-20.3722994846487,-245.06448860732));
#8374=CARTESIAN_POINT('Ctrl Pts',(-29.6435380802612,-11.3722994846487,-245.06448860732));
#8375=CARTESIAN_POINT('',(-18.3852078310635,-17.8722994846487,-245.06448860732));
#8376=CARTESIAN_POINT('',(-18.1014420382168,-17.3808027139882,-244.803915577802));
#8377=CARTESIAN_POINT('Ctrl Pts',(-18.3852078310635,-17.8722994846487,-245.06448860732));
#8378=CARTESIAN_POINT('Ctrl Pts',(-18.3309558087924,-17.7783322256618,-245.053318966975));
#8379=CARTESIAN_POINT('Ctrl Pts',(-18.2216574251932,-17.5890218720828,-245.030816144335));
#8380=CARTESIAN_POINT('Ctrl Pts',(-18.1417075157143,-17.4505445668049,-244.879914664821));
#8381=CARTESIAN_POINT('Ctrl Pts',(-18.1014420382168,-17.3808027139882,-244.803915577802));
#8382=CARTESIAN_POINT('',(-19.4004801438934,-16.6308027139882,-244.803915577802));
#8383=CARTESIAN_POINT('',(-13.7713150192946,-19.8808027139882,-244.803915577802));
#8384=CARTESIAN_POINT('',(-19.6842459367401,-17.1222994846487,-245.06448860732));
#8385=CARTESIAN_POINT('Ctrl Pts',(-19.6842459367401,-17.1222994846487,-245.06448860732));
#8386=CARTESIAN_POINT('Ctrl Pts',(-19.6299939144691,-17.0283322256618,-245.053318966975));
#8387=CARTESIAN_POINT('Ctrl Pts',(-19.575741892198,-16.934364966675,-245.042149326631));
#8388=CARTESIAN_POINT('Ctrl Pts',(-19.5287207292206,-16.8529219233672,-244.999344902906));
#8389=CARTESIAN_POINT('Ctrl Pts',(-19.4810110988885,-16.7702864196216,-244.955913751841));
#8390=CARTESIAN_POINT('Ctrl Pts',(-19.440745621391,-16.7005445668049,-244.879914664821));
#8391=CARTESIAN_POINT('Ctrl Pts',(-19.4004801438934,-16.6308027139882,-244.803915577802));
#8392=CARTESIAN_POINT('',(-14.0550808121413,-20.3722994846487,-245.06448860732));
#8393=CARTESIAN_POINT('Ctrl Pts',(-14.0550808121413,-20.3722994846487,-245.06448860732));
#8394=CARTESIAN_POINT('Ctrl Pts',(-29.6435380802612,-11.3722994846487,-245.06448860732));
#8395=CARTESIAN_POINT('Ctrl Pts',(-14.1096184815828,-20.4667614990478,-245.053386068127));
#8396=CARTESIAN_POINT('Ctrl Pts',(-29.6980757497027,-11.4667614990478,-245.053386068127));
#8397=CARTESIAN_POINT('Ctrl Pts',(-14.2191702676201,-20.6565107585243,-245.031083996722));
#8398=CARTESIAN_POINT('Ctrl Pts',(-29.80762753574,-11.6565107585243,-245.031083996722));
#8399=CARTESIAN_POINT('Ctrl Pts',(-14.298838997869,-20.79450104709,-244.878949364714));
#8400=CARTESIAN_POINT('Ctrl Pts',(-29.8872962659889,-11.79450104709,-244.878949364714));
#8401=CARTESIAN_POINT('Ctrl Pts',(-14.338846604988,-20.8637962553092,-244.802551227483));
#8402=CARTESIAN_POINT('Ctrl Pts',(-29.9273038731079,-11.8637962553092,-244.802551227483));
#8403=CARTESIAN_POINT('',(-18.6689736239102,-18.3637962553092,-244.802551227483));
#8404=CARTESIAN_POINT('Ctrl Pts',(-18.6689736239102,-18.3637962553092,-244.802551227483));
#8405=CARTESIAN_POINT('Ctrl Pts',(-18.6289660167912,-18.29450104709,-244.878949364714));
#8406=CARTESIAN_POINT('Ctrl Pts',(-18.5492972865423,-18.1565107585243,-245.031083996722));
#8407=CARTESIAN_POINT('Ctrl Pts',(-18.439745500505,-17.9667614990478,-245.053386068127));
#8408=CARTESIAN_POINT('Ctrl Pts',(-18.3852078310635,-17.8722994846487,-245.06448860732));
#8409=CARTESIAN_POINT('',(-19.9680117295868,-17.6137962553092,-244.802551227483));
#8410=CARTESIAN_POINT('Ctrl Pts',(-19.9680117295868,-17.6137962553092,-244.802551227483));
#8411=CARTESIAN_POINT('Ctrl Pts',(-19.9280041224679,-17.54450104709,-244.878949364714));
#8412=CARTESIAN_POINT('Ctrl Pts',(-19.887996515349,-17.4752058388708,-244.955347501945));
#8413=CARTESIAN_POINT('Ctrl Pts',(-19.8404530213959,-17.3928580917747,-244.999004560384));
#8414=CARTESIAN_POINT('Ctrl Pts',(-19.7933212756231,-17.3112235134468,-245.042283528934));
#8415=CARTESIAN_POINT('Ctrl Pts',(-19.7387836061816,-17.2167614990478,-245.053386068127));
#8416=CARTESIAN_POINT('Ctrl Pts',(-19.6842459367401,-17.1222994846487,-245.06448860732));
#8417=CARTESIAN_POINT('',(-14.338846604988,-20.8637962553092,-244.802551227483));
#8418=CARTESIAN_POINT('Ctrl Pts',(-14.338846604988,-20.8637962553092,-244.802551227483));
#8419=CARTESIAN_POINT('Ctrl Pts',(-29.9273038731079,-11.8637962553092,-244.802551227483));
#8420=CARTESIAN_POINT('Ctrl Pts',(-14.3717236770462,-20.9207410145182,-244.69226597929));
#8421=CARTESIAN_POINT('Ctrl Pts',(-29.9601809451661,-11.9207410145182,-244.69226597929));
#8422=CARTESIAN_POINT('Ctrl Pts',(-14.4476424094104,-21.0522361162192,-244.437598646795));
#8423=CARTESIAN_POINT('Ctrl Pts',(-30.0360996775303,-12.0522361162192,-244.437598646795));
#8424=CARTESIAN_POINT('Ctrl Pts',(-14.4504743700914,-21.0571412160038,-244.1394106256));
#8425=CARTESIAN_POINT('Ctrl Pts',(-30.0389316382113,-12.0571412160038,-244.1394106256));
#8426=CARTESIAN_POINT('Ctrl Pts',(-14.4520799328536,-21.0599221322825,-243.970354753408));
#8427=CARTESIAN_POINT('Ctrl Pts',(-30.0405372009735,-12.0599221322825,-243.970354753408));
#8428=CARTESIAN_POINT('',(-18.7822069517758,-18.5599221322825,-243.970354753408));
#8429=CARTESIAN_POINT('Ctrl Pts',(-18.7822069517758,-18.5599221322825,-243.970354753408));
#8430=CARTESIAN_POINT('Ctrl Pts',(-18.7806013890136,-18.5571412160038,-244.1394106256));
#8431=CARTESIAN_POINT('Ctrl Pts',(-18.7777694283326,-18.5522361162192,-244.437598646795));
#8432=CARTESIAN_POINT('Ctrl Pts',(-18.7018506959684,-18.4207410145182,-244.69226597929));
#8433=CARTESIAN_POINT('Ctrl Pts',(-18.6689736239102,-18.3637962553092,-244.802551227483));
#8434=CARTESIAN_POINT('',(-20.0812450574524,-17.8099221322825,-243.970354753408));
#8435=CARTESIAN_POINT('Ctrl Pts',(-20.0812450574524,-17.8099221322825,-243.970354753408));
#8436=CARTESIAN_POINT('Ctrl Pts',(-20.0796394946903,-17.8071412160038,-244.1394106256));
#8437=CARTESIAN_POINT('Ctrl Pts',(-20.0780339319281,-17.804360299725,-244.308466497792));
#8438=CARTESIAN_POINT('Ctrl Pts',(-20.0529364274628,-17.7608901468478,-244.463533717069));
#8439=CARTESIAN_POINT('Ctrl Pts',(-20.0337658737033,-17.7276857737272,-244.581980731096));
#8440=CARTESIAN_POINT('Ctrl Pts',(-20.0008888016451,-17.6707410145182,-244.69226597929));
#8441=CARTESIAN_POINT('Ctrl Pts',(-19.9680117295868,-17.6137962553092,-244.802551227483));
#8442=CARTESIAN_POINT('',(-14.4520799328536,-21.0599221322825,-243.970354753408));
#8443=CARTESIAN_POINT('Ctrl Pts',(-14.4520799328536,-21.0599221322825,-243.970354753408));
#8444=CARTESIAN_POINT('Ctrl Pts',(-30.0405372009735,-12.0599221322825,-243.970354753408));
#8445=CARTESIAN_POINT('Ctrl Pts',(-14.4497492730862,-21.0558853111503,-243.812721300074));
#8446=CARTESIAN_POINT('Ctrl Pts',(-30.0382065412061,-12.0558853111503,-243.812721300074));
#8447=CARTESIAN_POINT('Ctrl Pts',(-14.445543291431,-21.0486003372278,-243.528251030213));
#8448=CARTESIAN_POINT('Ctrl Pts',(-30.0340005595509,-12.0486003372278,-243.528251030213));
#8449=CARTESIAN_POINT('Ctrl Pts',(-14.370805163001,-20.9191501015245,-243.287703247376));
#8450=CARTESIAN_POINT('Ctrl Pts',(-29.9592624311209,-11.9191501015245,-243.287703247376));
#8451=CARTESIAN_POINT('Ctrl Pts',(-14.3374816586226,-20.8614320988548,-243.180450158986));
#8452=CARTESIAN_POINT('Ctrl Pts',(-29.9259389267425,-11.8614320988548,-243.180450158986));
#8453=CARTESIAN_POINT('',(-18.6676086775448,-18.3614320988548,-243.180450158986));
#8454=CARTESIAN_POINT('Ctrl Pts',(-18.6676086775448,-18.3614320988548,-243.180450158986));
#8455=CARTESIAN_POINT('Ctrl Pts',(-18.7009321819232,-18.4191501015245,-243.287703247376));
#8456=CARTESIAN_POINT('Ctrl Pts',(-18.7756703103532,-18.5486003372278,-243.528251030213));
#8457=CARTESIAN_POINT('Ctrl Pts',(-18.7798762920084,-18.5558853111503,-243.812721300074));
#8458=CARTESIAN_POINT('Ctrl Pts',(-18.7822069517758,-18.5599221322825,-243.970354753408));
#8459=CARTESIAN_POINT('',(-19.9666467832214,-17.6114320988548,-243.180450158986));
#8460=CARTESIAN_POINT('Ctrl Pts',(-19.9666467832215,-17.6114320988548,-243.180450158986));
#8461=CARTESIAN_POINT('Ctrl Pts',(-19.9999702875999,-17.6691501015245,-243.287703247376));
#8462=CARTESIAN_POINT('Ctrl Pts',(-20.0332937919783,-17.7268681041941,-243.394956335766));
#8463=CARTESIAN_POINT('Ctrl Pts',(-20.0525954888947,-17.7602996239256,-243.510941224965));
#8464=CARTESIAN_POINT('Ctrl Pts',(-20.0765837379177,-17.8018484900181,-243.65508784674));
#8465=CARTESIAN_POINT('Ctrl Pts',(-20.0789143976851,-17.8058853111503,-243.812721300074));
#8466=CARTESIAN_POINT('Ctrl Pts',(-20.0812450574524,-17.8099221322825,-243.970354753408));
#8467=CARTESIAN_POINT('',(-14.3374816586226,-20.8614320988548,-243.180450158986));
#8468=CARTESIAN_POINT('Ctrl Pts',(-13.6567179371565,-19.6823147453259,-243.986725765142));
#8469=CARTESIAN_POINT('Ctrl Pts',(-29.2451752052764,-10.6823147453259,-243.986725765142));
#8470=CARTESIAN_POINT('Ctrl Pts',(-13.6585268245689,-19.6854478302293,-244.1523221855));
#8471=CARTESIAN_POINT('Ctrl Pts',(-29.2469840926888,-10.6854478302293,-244.1523221855));
#8472=CARTESIAN_POINT('Ctrl Pts',(-13.6617357799707,-19.6910059040245,-244.446089240327));
#8473=CARTESIAN_POINT('Ctrl Pts',(-29.2501930480906,-10.6910059040245,-244.446089240327));
#8474=CARTESIAN_POINT('Ctrl Pts',(-13.7380284914848,-19.823148756614,-244.695219839385));
#8475=CARTESIAN_POINT('Ctrl Pts',(-29.3264857596047,-10.823148756614,-244.695219839385));
#8476=CARTESIAN_POINT('Ctrl Pts',(-13.7713150192946,-19.8808027139882,-244.803915577802));
#8477=CARTESIAN_POINT('Ctrl Pts',(-29.3597722874145,-10.8808027139882,-244.803915577802));
#8478=CARTESIAN_POINT('',(-17.9868449560787,-17.1823147453259,-243.986725765142));
#8479=CARTESIAN_POINT('Ctrl Pts',(-18.1014420382168,-17.3808027139882,-244.803915577802));
#8480=CARTESIAN_POINT('Ctrl Pts',(-18.068155510407,-17.323148756614,-244.695219839385));
#8481=CARTESIAN_POINT('Ctrl Pts',(-17.9918627988929,-17.1910059040245,-244.446089240327));
#8482=CARTESIAN_POINT('Ctrl Pts',(-17.9886538434911,-17.1854478302293,-244.1523221855));
#8483=CARTESIAN_POINT('Ctrl Pts',(-17.9868449560787,-17.1823147453259,-243.986725765142));
#8484=CARTESIAN_POINT('',(-19.2858830617554,-16.4323147453259,-243.986725765142));
#8485=CARTESIAN_POINT('',(-13.6567179371565,-19.6823147453259,-243.986725765142));
#8486=CARTESIAN_POINT('Ctrl Pts',(-19.4004801438934,-16.6308027139882,-244.803915577802));
#8487=CARTESIAN_POINT('Ctrl Pts',(-19.3671936160836,-16.573148756614,-244.695219839385));
#8488=CARTESIAN_POINT('Ctrl Pts',(-19.3339070882738,-16.5154947992398,-244.586524100968));
#8489=CARTESIAN_POINT('Ctrl Pts',(-19.3145326303131,-16.4819372536828,-244.469331460866));
#8490=CARTESIAN_POINT('Ctrl Pts',(-19.2895008365801,-16.4385809151326,-244.317918605858));
#8491=CARTESIAN_POINT('Ctrl Pts',(-19.2876919491677,-16.4354478302293,-244.1523221855));
#8492=CARTESIAN_POINT('Ctrl Pts',(-19.2858830617554,-16.4323147453259,-243.986725765142));
#8493=CARTESIAN_POINT('Ctrl Pts',(-13.7747255970686,-19.886710007976,-243.184543209943));
#8494=CARTESIAN_POINT('Ctrl Pts',(-29.3631828651885,-10.886710007976,-243.184543209943));
#8495=CARTESIAN_POINT('Ctrl Pts',(-13.7404082845408,-19.8272706790986,-243.293374106242));
#8496=CARTESIAN_POINT('Ctrl Pts',(-29.3288655526607,-10.8272706790986,-243.293374106242));
#8497=CARTESIAN_POINT('Ctrl Pts',(-13.6635554289323,-19.6941576284779,-243.53709846992));
#8498=CARTESIAN_POINT('Ctrl Pts',(-29.2520126970522,-10.6941576284779,-243.53709846992));
#8499=CARTESIAN_POINT('Ctrl Pts',(-13.6591539898148,-19.6865341122999,-243.82653313842));
#8500=CARTESIAN_POINT('Ctrl Pts',(-29.2476112579347,-10.6865341122999,-243.82653313842));
#8501=CARTESIAN_POINT('Ctrl Pts',(-13.6567179371565,-19.6823147453259,-243.986725765142));
#8502=CARTESIAN_POINT('Ctrl Pts',(-29.2451752052764,-10.6823147453259,-243.986725765142));
#8503=CARTESIAN_POINT('',(-18.1048526159908,-17.386710007976,-243.184543209943));
#8504=CARTESIAN_POINT('Ctrl Pts',(-17.9868449560787,-17.1823147453259,-243.986725765142));
#8505=CARTESIAN_POINT('Ctrl Pts',(-17.989281008737,-17.1865341122999,-243.82653313842));
#8506=CARTESIAN_POINT('Ctrl Pts',(-17.9936824478545,-17.1941576284779,-243.53709846992));
#8507=CARTESIAN_POINT('Ctrl Pts',(-18.070535303463,-17.3272706790986,-243.293374106242));
#8508=CARTESIAN_POINT('Ctrl Pts',(-18.1048526159908,-17.386710007976,-243.184543209943));
#8509=CARTESIAN_POINT('',(-19.4038907216675,-16.636710007976,-243.184543209943));
#8510=CARTESIAN_POINT('',(-13.7747255970686,-19.886710007976,-243.184543209943));
#8511=CARTESIAN_POINT('Ctrl Pts',(-19.2858830617554,-16.4323147453259,-243.986725765142));
#8512=CARTESIAN_POINT('Ctrl Pts',(-19.2883191144137,-16.4365341122999,-243.82653313842));
#8513=CARTESIAN_POINT('Ctrl Pts',(-19.2907551670719,-16.440753479274,-243.666340511697));
#8514=CARTESIAN_POINT('Ctrl Pts',(-19.3153849767334,-16.4834135609884,-243.520150142583));
#8515=CARTESIAN_POINT('Ctrl Pts',(-19.3352560966119,-16.5178313502213,-243.40220500254));
#8516=CARTESIAN_POINT('Ctrl Pts',(-19.3695734091397,-16.5772706790986,-243.293374106242));
#8517=CARTESIAN_POINT('Ctrl Pts',(-19.4038907216675,-16.636710007976,-243.184543209943));
#8518=CARTESIAN_POINT('Ctrl Pts',(-14.0591732670516,-20.379387824481,-242.914420324239));
#8519=CARTESIAN_POINT('Ctrl Pts',(-29.6476305351715,-11.379387824481,-242.914420324239));
#8520=CARTESIAN_POINT('Ctrl Pts',(-14.0053095617719,-20.2860931502527,-242.926609313334));
#8521=CARTESIAN_POINT('Ctrl Pts',(-29.5937668298918,-11.2860931502527,-242.926609313334));
#8522=CARTESIAN_POINT('Ctrl Pts',(-13.8952246776271,-20.0954205377686,-242.951520771717));
#8523=CARTESIAN_POINT('Ctrl Pts',(-29.483681945747,-11.0954205377686,-242.951520771717));
#8524=CARTESIAN_POINT('Ctrl Pts',(-13.8154613359741,-19.957266377444,-243.105767993081));
#8525=CARTESIAN_POINT('Ctrl Pts',(-29.403918604094,-10.957266377444,-243.105767993081));
#8526=CARTESIAN_POINT('Ctrl Pts',(-13.7747255970686,-19.886710007976,-243.184543209943));
#8527=CARTESIAN_POINT('Ctrl Pts',(-29.3631828651885,-10.886710007976,-243.184543209943));
#8528=CARTESIAN_POINT('',(-18.3893002859737,-17.879387824481,-242.914420324239));
#8529=CARTESIAN_POINT('Ctrl Pts',(-18.1048526159908,-17.386710007976,-243.184543209943));
#8530=CARTESIAN_POINT('Ctrl Pts',(-18.1455883548963,-17.457266377444,-243.105767993081));
#8531=CARTESIAN_POINT('Ctrl Pts',(-18.2253516965493,-17.5954205377686,-242.951520771717));
#8532=CARTESIAN_POINT('Ctrl Pts',(-18.3354365806941,-17.7860931502527,-242.926609313334));
#8533=CARTESIAN_POINT('Ctrl Pts',(-18.3893002859737,-17.879387824481,-242.914420324239));
#8534=CARTESIAN_POINT('',(-19.6883383916504,-17.129387824481,-242.914420324239));
#8535=CARTESIAN_POINT('',(-14.0591732670516,-20.379387824481,-242.914420324239));
#8536=CARTESIAN_POINT('Ctrl Pts',(-19.4038907216675,-16.636710007976,-243.184543209943));
#8537=CARTESIAN_POINT('Ctrl Pts',(-19.4446264605729,-16.707266377444,-243.105767993081));
#8538=CARTESIAN_POINT('Ctrl Pts',(-19.4853621994783,-16.7778227469121,-243.026992776219));
#8539=CARTESIAN_POINT('Ctrl Pts',(-19.5340064691193,-16.8620770934273,-242.981951194676));
#8540=CARTESIAN_POINT('Ctrl Pts',(-19.5806109810911,-16.9427984760244,-242.93879830243));
#8541=CARTESIAN_POINT('Ctrl Pts',(-19.6344746863707,-17.0360931502527,-242.926609313334));
#8542=CARTESIAN_POINT('Ctrl Pts',(-19.6883383916504,-17.129387824481,-242.914420324239));
#8543=CARTESIAN_POINT('Ctrl Pts',(-14.3374816586226,-20.8614320988548,-243.180450158986));
#8544=CARTESIAN_POINT('Ctrl Pts',(-29.9259389267425,-11.8614320988548,-243.180450158986));
#8545=CARTESIAN_POINT('Ctrl Pts',(-14.2978052765915,-20.7927105893165,-243.102866956618));
#8546=CARTESIAN_POINT('Ctrl Pts',(-29.8862625447114,-11.7927105893165,-243.102866956618));
#8547=CARTESIAN_POINT('Ctrl Pts',(-14.2200156259658,-20.6579749621297,-242.95075706409));
#8548=CARTESIAN_POINT('Ctrl Pts',(-29.8084728940857,-11.6579749621297,-242.95075706409));
#8549=CARTESIAN_POINT('Ctrl Pts',(-14.1120643250847,-20.4709978242605,-242.926369220221));
#8550=CARTESIAN_POINT('Ctrl Pts',(-29.7005215932046,-11.4709978242605,-242.926369220221));
#8551=CARTESIAN_POINT('Ctrl Pts',(-14.0591732670516,-20.379387824481,-242.914420324239));
#8552=CARTESIAN_POINT('Ctrl Pts',(-29.6476305351715,-11.379387824481,-242.914420324239));
#8553=CARTESIAN_POINT('Ctrl Pts',(-18.3893002859737,-17.879387824481,-242.914420324239));
#8554=CARTESIAN_POINT('Ctrl Pts',(-18.4421913440069,-17.9709978242605,-242.926369220221));
#8555=CARTESIAN_POINT('Ctrl Pts',(-18.550142644888,-18.1579749621297,-242.95075706409));
#8556=CARTESIAN_POINT('Ctrl Pts',(-18.6279322955137,-18.2927105893165,-243.102866956618));
#8557=CARTESIAN_POINT('Ctrl Pts',(-18.6676086775448,-18.3614320988548,-243.180450158986));
#8558=CARTESIAN_POINT('Ctrl Pts',(-19.6883383916504,-17.129387824481,-242.914420324239));
#8559=CARTESIAN_POINT('Ctrl Pts',(-19.7412294496836,-17.2209978242605,-242.926369220221));
#8560=CARTESIAN_POINT('Ctrl Pts',(-19.7941205077167,-17.3126078240399,-242.938318116203));
#8561=CARTESIAN_POINT('Ctrl Pts',(-19.8397711442597,-17.3916770459302,-242.980927186879));
#8562=CARTESIAN_POINT('Ctrl Pts',(-19.8872940191593,-17.4739890797781,-243.02528375425));
#8563=CARTESIAN_POINT('Ctrl Pts',(-19.9269704011904,-17.5427105893165,-243.102866956618));
#8564=CARTESIAN_POINT('Ctrl Pts',(-19.9666467832215,-17.6114320988548,-243.180450158986));
#8565=CARTESIAN_POINT('Origin',(-15.2835092774344,-12.5000000000002,-215.));
#8566=CARTESIAN_POINT('',(-23.9022614351894,-27.4281166350759,-245.471036988172));
#8567=CARTESIAN_POINT('',(-24.1587417117741,-27.8723535052598,-245.471036988172));
#8568=CARTESIAN_POINT('',(-23.9022614351894,-27.4281166350759,-245.471036988172));
#8569=CARTESIAN_POINT('',(-23.9643349043514,-27.5356310374665,-245.123151498708));
#8570=CARTESIAN_POINT('Ctrl Pts',(-23.9643349043514,-27.5356310374665,-245.123151498708));
#8571=CARTESIAN_POINT('Ctrl Pts',(-23.9577598195443,-27.5242426565165,-245.183246347753));
#8572=CARTESIAN_POINT('Ctrl Pts',(-23.9444937657992,-27.5012651774141,-245.304495201665));
#8573=CARTESIAN_POINT('Ctrl Pts',(-23.9164206219968,-27.4526410660201,-245.415200707475));
#8574=CARTESIAN_POINT('Ctrl Pts',(-23.9022614351894,-27.4281166350759,-245.471036988172));
#8575=CARTESIAN_POINT('',(-23.9800240389492,-27.5628054157166,-244.256848650846));
#8576=CARTESIAN_POINT('Ctrl Pts',(-23.9800240389492,-27.5628054157166,-244.256848650846));
#8577=CARTESIAN_POINT('Ctrl Pts',(-23.9805884261326,-27.5637829629934,-244.443352750744));
#8578=CARTESIAN_POINT('Ctrl Pts',(-23.9814639493653,-27.5652994137156,-244.732673056508));
#8579=CARTESIAN_POINT('Ctrl Pts',(-23.9688260531381,-27.5434099353494,-245.020770030244));
#8580=CARTESIAN_POINT('Ctrl Pts',(-23.9643349043514,-27.5356310374665,-245.123151498708));
#8581=CARTESIAN_POINT('',(-23.9800240389492,-27.5628054157166,-243.602005797299));
#8582=CARTESIAN_POINT('',(-23.9800240389492,-27.5628054157166,-243.602005797299));
#8583=CARTESIAN_POINT('',(-23.9923022977497,-27.5840719837876,-243.149072485837));
#8584=CARTESIAN_POINT('Ctrl Pts',(-23.9923022977497,-27.5840719837876,-243.149072485837));
#8585=CARTESIAN_POINT('Ctrl Pts',(-23.9887619043975,-27.5779398426228,-243.207675964323));
#8586=CARTESIAN_POINT('Ctrl Pts',(-23.9796790983838,-27.5622079611317,-243.358021977848));
#8587=CARTESIAN_POINT('Ctrl Pts',(-23.979893319334,-27.5625790027016,-243.509545025248));
#8588=CARTESIAN_POINT('Ctrl Pts',(-23.9800240389492,-27.5628054157166,-243.602005797299));
#8589=CARTESIAN_POINT('',(-24.0687008492138,-27.716398156548,-242.814829307469));
#8590=CARTESIAN_POINT('Ctrl Pts',(-24.0687008492138,-27.716398156548,-242.814829307469));
#8591=CARTESIAN_POINT('Ctrl Pts',(-24.051721352419,-27.6869888054124,-242.863329240256));
#8592=CARTESIAN_POINT('Ctrl Pts',(-24.0160371638149,-27.6251819777233,-242.965256922197));
#8593=CARTESIAN_POINT('Ctrl Pts',(-24.0004648734731,-27.5982099796611,-243.085857110902));
#8594=CARTESIAN_POINT('Ctrl Pts',(-23.9923022977497,-27.5840719837876,-243.149072485837));
#8595=CARTESIAN_POINT('',(-24.2392327181484,-28.0117680178525,-242.595184403333));
#8596=CARTESIAN_POINT('Ctrl Pts',(-24.2392327181484,-28.0117680178525,-242.595184403333));
#8597=CARTESIAN_POINT('Ctrl Pts',(-24.2042417065837,-27.9511618080141,-242.623648312329));
#8598=CARTESIAN_POINT('Ctrl Pts',(-24.14036583191,-27.8405255477013,-242.67560900173));
#8599=CARTESIAN_POINT('Ctrl Pts',(-24.0910166830932,-27.7550503146404,-242.771477350926));
#8600=CARTESIAN_POINT('Ctrl Pts',(-24.0687008492138,-27.716398156548,-242.814829307469));
#8601=CARTESIAN_POINT('',(-24.5407332770016,-28.5339823042966,-242.507871943387));
#8602=CARTESIAN_POINT('Ctrl Pts',(-24.5407332770016,-28.5339823042966,-242.507871943387));
#8603=CARTESIAN_POINT('Ctrl Pts',(-24.4842713302687,-28.436187343861,-242.509773357845));
#8604=CARTESIAN_POINT('Ctrl Pts',(-24.3817959754276,-28.2586948227526,-242.513224321416));
#8605=CARTESIAN_POINT('Ctrl Pts',(-24.2834099421224,-28.0882852143127,-242.569786773082));
#8606=CARTESIAN_POINT('Ctrl Pts',(-24.2392327181484,-28.0117680178525,-242.595184403333));
#8607=CARTESIAN_POINT('',(-24.8695193521168,-29.1034564912173,-242.610191064748));
#8608=CARTESIAN_POINT('Ctrl Pts',(-24.8695193521168,-29.1034564912173,-242.610191064748));
#8609=CARTESIAN_POINT('Ctrl Pts',(-24.8188135254108,-29.0156314231228,-242.580372179085));
#8610=CARTESIAN_POINT('Ctrl Pts',(-24.7115428533414,-28.8298331689365,-242.51728885882));
#8611=CARTESIAN_POINT('Ctrl Pts',(-24.5997059431466,-28.6361259583175,-242.511123169822));
#8612=CARTESIAN_POINT('Ctrl Pts',(-24.5407332770016,-28.5339823042966,-242.507871943387));
#8613=CARTESIAN_POINT('',(-25.0864361516621,-29.4791674090449,-242.902141767415));
#8614=CARTESIAN_POINT('Ctrl Pts',(-25.0864361516621,-29.4791674090449,-242.902141767415));
#8615=CARTESIAN_POINT('Ctrl Pts',(-25.0573950310269,-29.428866712596,-242.841707941072));
#8616=CARTESIAN_POINT('Ctrl Pts',(-24.9957175812881,-29.3220382359671,-242.713358751877));
#8617=CARTESIAN_POINT('Ctrl Pts',(-24.9131889727181,-29.179094492846,-242.645891199249));
#8618=CARTESIAN_POINT('Ctrl Pts',(-24.8695193521168,-29.1034564912173,-242.610191064748));
#8619=CARTESIAN_POINT('',(-25.1942123762753,-29.6658413059229,-243.400095659169));
#8620=CARTESIAN_POINT('Ctrl Pts',(-25.1942123762753,-29.6658413059229,-243.400095659169));
#8621=CARTESIAN_POINT('Ctrl Pts',(-25.1825009151874,-29.6455564602879,-243.304800247423));
#8622=CARTESIAN_POINT('Ctrl Pts',(-25.1605795518594,-29.6075875452326,-243.126427512484));
#8623=CARTESIAN_POINT('Ctrl Pts',(-25.1099956615159,-29.5199736771131,-242.973409907357));
#8624=CARTESIAN_POINT('Ctrl Pts',(-25.0864361516621,-29.4791674090449,-242.902141767415));
#8625=CARTESIAN_POINT('',(-24.9541031114246,-29.2499598598337,-243.465579706105));
#8626=CARTESIAN_POINT('',(-24.9541031114246,-29.2499598598337,-243.465579706105));
#8627=CARTESIAN_POINT('',(-24.8320021025326,-29.0384747087772,-243.035839157971));
#8628=CARTESIAN_POINT('Ctrl Pts',(-24.8320021025326,-29.0384747087772,-243.035839157971));
#8629=CARTESIAN_POINT('Ctrl Pts',(-24.858293318342,-29.0840124303518,-243.089077399771));
#8630=CARTESIAN_POINT('Ctrl Pts',(-24.9179110459668,-29.1872733636298,-243.209799964367));
#8631=CARTESIAN_POINT('Ctrl Pts',(-24.9411259188157,-29.2274827028954,-243.373866151435));
#8632=CARTESIAN_POINT('Ctrl Pts',(-24.9541031114246,-29.2499598598337,-243.465579706105));
#8633=CARTESIAN_POINT('',(-24.5762040011074,-28.5954194006291,-242.914420324239));
#8634=CARTESIAN_POINT('Ctrl Pts',(-24.5762040011074,-28.5954194006291,-242.914420324239));
#8635=CARTESIAN_POINT('Ctrl Pts',(-24.6275053032032,-28.6842758623534,-242.916017276241));
#8636=CARTESIAN_POINT('Ctrl Pts',(-24.7176692061543,-28.8404443232734,-242.918823977426));
#8637=CARTESIAN_POINT('Ctrl Pts',(-24.7975651954979,-28.9788282361376,-243.000594350731));
#8638=CARTESIAN_POINT('Ctrl Pts',(-24.8320021025326,-29.0384747087772,-243.035839157971));
#8639=CARTESIAN_POINT('',(-24.2965315572407,-28.111012518375,-243.080859738263));
#8640=CARTESIAN_POINT('Ctrl Pts',(-24.2965315572407,-28.111012518375,-243.080859738263));
#8641=CARTESIAN_POINT('Ctrl Pts',(-24.3344433671156,-28.1766776992852,-243.032455704018));
#8642=CARTESIAN_POINT('Ctrl Pts',(-24.4192504528579,-28.3235678806328,-242.924177964285));
#8643=CARTESIAN_POINT('Ctrl Pts',(-24.5203175321514,-28.4986211969418,-242.917894728313));
#8644=CARTESIAN_POINT('Ctrl Pts',(-24.5762040011074,-28.5954194006291,-242.914420324239));
#8645=CARTESIAN_POINT('',(-24.2269544593479,-27.9905014497815,-243.503779130849));
#8646=CARTESIAN_POINT('Ctrl Pts',(-24.2269544593479,-27.9905014497815,-243.503779130849));
#8647=CARTESIAN_POINT('Ctrl Pts',(-24.227934220588,-27.9921984460287,-243.415031382127));
#8648=CARTESIAN_POINT('Ctrl Pts',(-24.2296617727884,-27.9951906542124,-243.258547983619));
#8649=CARTESIAN_POINT('Ctrl Pts',(-24.2763304711359,-28.0760232108734,-243.13453862438));
#8650=CARTESIAN_POINT('Ctrl Pts',(-24.2965315572407,-28.111012518375,-243.080859738263));
#8651=CARTESIAN_POINT('',(-24.2283188096668,-27.9928645738532,-243.63201912013));
#8652=CARTESIAN_POINT('Ctrl Pts',(-24.2283188096668,-27.9928645738532,-243.63201912013));
#8653=CARTESIAN_POINT('Ctrl Pts',(-24.227933950104,-27.9921979775367,-243.60450834606));
#8654=CARTESIAN_POINT('Ctrl Pts',(-24.2273360289382,-27.9911623476985,-243.561767368061));
#8655=CARTESIAN_POINT('Ctrl Pts',(-24.2270547054095,-27.9906750810534,-243.519013815547));
#8656=CARTESIAN_POINT('Ctrl Pts',(-24.2269544593479,-27.9905014497815,-243.503779130849));
#8657=CARTESIAN_POINT('',(-24.6662451616909,-28.7513752655322,-243.801187234792));
#8658=CARTESIAN_POINT('Ctrl Pts',(-24.6662451616909,-28.7513752655322,-243.801187234792));
#8659=CARTESIAN_POINT('Ctrl Pts',(-24.5796823495331,-28.6014440768288,-243.780228520504));
#8660=CARTESIAN_POINT('Ctrl Pts',(-24.4316329254574,-28.3450149522984,-243.744382578091));
#8661=CARTESIAN_POINT('Ctrl Pts',(-24.2879796507044,-28.0962001817525,-243.664991244951));
#8662=CARTESIAN_POINT('Ctrl Pts',(-24.2283188096668,-27.9928645738532,-243.63201912013));
#8663=CARTESIAN_POINT('',(-24.8845260135319,-29.1294487912402,-243.874856787595));
#8664=CARTESIAN_POINT('Ctrl Pts',(-24.8845260135319,-29.1294487912402,-243.874856787595));
#8665=CARTESIAN_POINT('Ctrl Pts',(-24.8543548970507,-29.0771908845737,-243.861548009637));
#8666=CARTESIAN_POINT('Ctrl Pts',(-24.782226454618,-28.9522607576094,-243.829731440123));
#8667=CARTESIAN_POINT('Ctrl Pts',(-24.7088996047519,-28.8252549280825,-243.811684937915));
#8668=CARTESIAN_POINT('Ctrl Pts',(-24.6662451616909,-28.7513752655322,-243.801187234792));
#8669=CARTESIAN_POINT('',(-25.0611974589016,-29.4354527108672,-244.03583939639));
#8670=CARTESIAN_POINT('Ctrl Pts',(-25.0611974589016,-29.4354527108672,-244.03583939639));
#8671=CARTESIAN_POINT('Ctrl Pts',(-25.0339316492213,-29.3882269431914,-244.002367547805));
#8672=CARTESIAN_POINT('Ctrl Pts',(-24.9783687477859,-29.2919891748893,-243.934157835876));
#8673=CARTESIAN_POINT('Ctrl Pts',(-24.9161916071088,-29.1842952081673,-243.894866891824));
#8674=CARTESIAN_POINT('Ctrl Pts',(-24.8845260135319,-29.1294487912402,-243.874856787595));
#8675=CARTESIAN_POINT('',(-25.1880730978634,-29.6552077637918,-244.318240242871));
#8676=CARTESIAN_POINT('Ctrl Pts',(-25.1880730978634,-29.6552077637918,-244.318240242871));
#8677=CARTESIAN_POINT('Ctrl Pts',(-25.1708817725294,-29.6254315148638,-244.262753657039));
#8678=CARTESIAN_POINT('Ctrl Pts',(-25.1370107125154,-29.5667651180135,-244.153431691327));
#8679=CARTESIAN_POINT('Ctrl Pts',(-25.0862127917595,-29.4787805383454,-244.074640137147));
#8680=CARTESIAN_POINT('Ctrl Pts',(-25.0611974589016,-29.4354527108672,-244.03583939639));
#8681=CARTESIAN_POINT('',(-25.2365042559292,-29.7390929902311,-244.70705326167));
#8682=CARTESIAN_POINT('Ctrl Pts',(-25.2365042559292,-29.7390929902311,-244.70705326167));
#8683=CARTESIAN_POINT('Ctrl Pts',(-25.2346112658348,-29.7358142352093,-244.638104889834));
#8684=CARTESIAN_POINT('Ctrl Pts',(-25.2308817282659,-29.7293544866514,-244.502263955522));
#8685=CARTESIAN_POINT('Ctrl Pts',(-25.2021979417056,-29.6796727109755,-244.378959452526));
#8686=CARTESIAN_POINT('Ctrl Pts',(-25.1880730978634,-29.6552077637918,-244.318240242871));
#8687=CARTESIAN_POINT('',(-25.1082642666485,-29.5169748132349,-245.303233223828));
#8688=CARTESIAN_POINT('Ctrl Pts',(-25.1082642666485,-29.5169748132349,-245.303233223828));
#8689=CARTESIAN_POINT('Ctrl Pts',(-25.1456657402748,-29.5817560658336,-245.219302584908));
#8690=CARTESIAN_POINT('Ctrl Pts',(-25.2214538897863,-29.7130249913992,-245.049230467572));
#8691=CARTESIAN_POINT('Ctrl Pts',(-25.231444177886,-29.73032867797,-244.82209653371));
#8692=CARTESIAN_POINT('Ctrl Pts',(-25.2365042559292,-29.7390929902311,-244.70705326167));
#8693=CARTESIAN_POINT('',(-24.7412790648129,-28.8813377980296,-245.536521035108));
#8694=CARTESIAN_POINT('Ctrl Pts',(-24.7412790648129,-28.8813377980296,-245.536521035108));
#8695=CARTESIAN_POINT('Ctrl Pts',(-24.8139423082638,-29.0071942275295,-245.530704537833));
#8696=CARTESIAN_POINT('Ctrl Pts',(-24.9475458405962,-29.2386023335997,-245.520009934278));
#8697=CARTESIAN_POINT('Ctrl Pts',(-25.0579196848927,-29.429775439748,-245.371137900909));
#8698=CARTESIAN_POINT('Ctrl Pts',(-25.1082642666485,-29.5169748132349,-245.303233223828));
#8699=CARTESIAN_POINT('',(-24.4704743019726,-28.4122901898586,-245.441023069295));
#8700=CARTESIAN_POINT('Ctrl Pts',(-24.4704743019726,-28.4122901898586,-245.441023069295));
#8701=CARTESIAN_POINT('Ctrl Pts',(-24.5137197018746,-28.4871934196825,-245.468874103703));
#8702=CARTESIAN_POINT('Ctrl Pts',(-24.6017740176408,-28.6397079684153,-245.525583112839));
#8703=CARTESIAN_POINT('Ctrl Pts',(-24.6942301571154,-28.799846699457,-245.532832155704));
#8704=CARTESIAN_POINT('Ctrl Pts',(-24.7412790648129,-28.8813377980296,-245.536521035108));
#8705=CARTESIAN_POINT('',(-24.2078550449993,-27.957420293735,-245.113601642522));
#8706=CARTESIAN_POINT('Ctrl Pts',(-24.2078550449993,-27.957420293735,-245.113601642522));
#8707=CARTESIAN_POINT('Ctrl Pts',(-24.2511551900986,-28.0324183450221,-245.183842028259));
#8708=CARTESIAN_POINT('Ctrl Pts',(-24.331953111512,-28.172364450056,-245.314910345786));
#8709=CARTESIAN_POINT('Ctrl Pts',(-24.4265653795483,-28.3362377053141,-245.401047425317));
#8710=CARTESIAN_POINT('Ctrl Pts',(-24.4704743019726,-28.4122901898586,-245.441023069295));
#8711=CARTESIAN_POINT('Ctrl Pts',(-24.1587417117741,-27.8723535052598,-245.471036988172));
#8712=CARTESIAN_POINT('Ctrl Pts',(-24.1704116431316,-27.8925664192918,-245.41646116714));
#8713=CARTESIAN_POINT('Ctrl Pts',(-24.1949165130914,-27.935010099095,-245.301861230229));
#8714=CARTESIAN_POINT('Ctrl Pts',(-24.2034076396955,-27.9497171617869,-245.178312746905));
#8715=CARTESIAN_POINT('Ctrl Pts',(-24.2078550449993,-27.957420293735,-245.113601642522));
#8716=CARTESIAN_POINT('Origin',(-19.7003745545596,-30.1502350701678,-245.471036988172));
#8717=CARTESIAN_POINT('',(-19.8286146928519,-30.3723535052598,-245.471036988172));
#8718=CARTESIAN_POINT('',(-19.8286146928519,-30.3723535052598,-245.471036988172));
#8719=CARTESIAN_POINT('',(-19.5721344162673,-29.9281166350759,-245.471036988172));
#8720=CARTESIAN_POINT('',(-15.3268784065359,-22.575117535084,-245.471036988172));
#8721=CARTESIAN_POINT('',(-19.5721344162673,-29.9281166350759,-245.471036988172));
#8722=CARTESIAN_POINT('Ctrl Pts',(-23.9643349043514,-27.5356310374665,-245.123151498708));
#8723=CARTESIAN_POINT('Ctrl Pts',(-19.6342078854292,-30.0356310374665,-245.123151498708));
#8724=CARTESIAN_POINT('Ctrl Pts',(-23.9577598195443,-27.5242426565165,-245.183246347753));
#8725=CARTESIAN_POINT('Ctrl Pts',(-19.6276328006221,-30.0242426565165,-245.183246347753));
#8726=CARTESIAN_POINT('Ctrl Pts',(-23.9444937657992,-27.5012651774141,-245.304495201665));
#8727=CARTESIAN_POINT('Ctrl Pts',(-19.614366746877,-30.0012651774141,-245.304495201665));
#8728=CARTESIAN_POINT('Ctrl Pts',(-23.9164206219968,-27.4526410660201,-245.415200707475));
#8729=CARTESIAN_POINT('Ctrl Pts',(-19.5862936030746,-29.9526410660201,-245.415200707475));
#8730=CARTESIAN_POINT('Ctrl Pts',(-23.9022614351894,-27.4281166350759,-245.471036988172));
#8731=CARTESIAN_POINT('Ctrl Pts',(-19.5721344162673,-29.9281166350759,-245.471036988172));
#8732=CARTESIAN_POINT('',(-19.6342078854292,-30.0356310374665,-245.123151498708));
#8733=CARTESIAN_POINT('Ctrl Pts',(-19.6342078854292,-30.0356310374665,-245.123151498708));
#8734=CARTESIAN_POINT('Ctrl Pts',(-19.6276328006221,-30.0242426565165,-245.183246347753));
#8735=CARTESIAN_POINT('Ctrl Pts',(-19.614366746877,-30.0012651774141,-245.304495201665));
#8736=CARTESIAN_POINT('Ctrl Pts',(-19.5862936030746,-29.9526410660201,-245.415200707475));
#8737=CARTESIAN_POINT('Ctrl Pts',(-19.5721344162673,-29.9281166350759,-245.471036988172));
#8738=CARTESIAN_POINT('',(-19.6342078854292,-30.0356310374665,-245.123151498708));
#8739=CARTESIAN_POINT('Ctrl Pts',(-23.9800240389492,-27.5628054157166,-244.256848650846));
#8740=CARTESIAN_POINT('Ctrl Pts',(-19.649897020027,-30.0628054157166,-244.256848650846));
#8741=CARTESIAN_POINT('Ctrl Pts',(-23.9805884261326,-27.5637829629934,-244.443352750744));
#8742=CARTESIAN_POINT('Ctrl Pts',(-19.6504614072104,-30.0637829629934,-244.443352750744));
#8743=CARTESIAN_POINT('Ctrl Pts',(-23.9814639493653,-27.5652994137156,-244.732673056508));
#8744=CARTESIAN_POINT('Ctrl Pts',(-19.6513369304431,-30.0652994137156,-244.732673056508));
#8745=CARTESIAN_POINT('Ctrl Pts',(-23.9688260531381,-27.5434099353494,-245.020770030244));
#8746=CARTESIAN_POINT('Ctrl Pts',(-19.6386990342159,-30.0434099353494,-245.020770030244));
#8747=CARTESIAN_POINT('Ctrl Pts',(-23.9643349043514,-27.5356310374665,-245.123151498708));
#8748=CARTESIAN_POINT('Ctrl Pts',(-19.6342078854292,-30.0356310374665,-245.123151498708));
#8749=CARTESIAN_POINT('',(-19.649897020027,-30.0628054157166,-244.256848650846));
#8750=CARTESIAN_POINT('Ctrl Pts',(-19.649897020027,-30.0628054157166,-244.256848650846));
#8751=CARTESIAN_POINT('Ctrl Pts',(-19.6504614072104,-30.0637829629934,-244.443352750744));
#8752=CARTESIAN_POINT('Ctrl Pts',(-19.6513369304431,-30.0652994137156,-244.732673056508));
#8753=CARTESIAN_POINT('Ctrl Pts',(-19.6386990342159,-30.0434099353494,-245.020770030244));
#8754=CARTESIAN_POINT('Ctrl Pts',(-19.6342078854292,-30.0356310374665,-245.123151498708));
#8755=CARTESIAN_POINT('',(-19.649897020027,-30.0628054157166,-244.256848650846));
#8756=CARTESIAN_POINT('Origin',(-19.649897020027,-30.0628054157166,-243.929427224073));
#8757=CARTESIAN_POINT('',(-19.649897020027,-30.0628054157166,-243.602005797299));
#8758=CARTESIAN_POINT('',(-19.649897020027,-30.0628054157166,-229.464713612036));
#8759=CARTESIAN_POINT('',(-19.649897020027,-30.0628054157166,-243.602005797299));
#8760=CARTESIAN_POINT('Ctrl Pts',(-23.9923022977497,-27.5840719837876,-243.149072485837));
#8761=CARTESIAN_POINT('Ctrl Pts',(-19.6621752788275,-30.0840719837876,-243.149072485837));
#8762=CARTESIAN_POINT('Ctrl Pts',(-23.9887619043975,-27.5779398426228,-243.207675964323));
#8763=CARTESIAN_POINT('Ctrl Pts',(-19.6586348854753,-30.0779398426228,-243.207675964323));
#8764=CARTESIAN_POINT('Ctrl Pts',(-23.9796790983838,-27.5622079611317,-243.358021977848));
#8765=CARTESIAN_POINT('Ctrl Pts',(-19.6495520794616,-30.0622079611317,-243.358021977848));
#8766=CARTESIAN_POINT('Ctrl Pts',(-23.979893319334,-27.5625790027016,-243.509545025248));
#8767=CARTESIAN_POINT('Ctrl Pts',(-19.6497663004118,-30.0625790027016,-243.509545025248));
#8768=CARTESIAN_POINT('Ctrl Pts',(-23.9800240389492,-27.5628054157166,-243.602005797299));
#8769=CARTESIAN_POINT('Ctrl Pts',(-19.649897020027,-30.0628054157166,-243.602005797299));
#8770=CARTESIAN_POINT('',(-19.6621752788275,-30.0840719837876,-243.149072485837));
#8771=CARTESIAN_POINT('Ctrl Pts',(-19.6621752788275,-30.0840719837876,-243.149072485837));
#8772=CARTESIAN_POINT('Ctrl Pts',(-19.6586348854753,-30.0779398426228,-243.207675964323));
#8773=CARTESIAN_POINT('Ctrl Pts',(-19.6495520794616,-30.0622079611317,-243.358021977848));
#8774=CARTESIAN_POINT('Ctrl Pts',(-19.6497663004118,-30.0625790027016,-243.509545025248));
#8775=CARTESIAN_POINT('Ctrl Pts',(-19.649897020027,-30.0628054157166,-243.602005797299));
#8776=CARTESIAN_POINT('',(-19.6621752788275,-30.0840719837876,-243.149072485837));
#8777=CARTESIAN_POINT('Ctrl Pts',(-24.0687008492138,-27.716398156548,-242.814829307469));
#8778=CARTESIAN_POINT('Ctrl Pts',(-19.7385738302916,-30.216398156548,-242.814829307469));
#8779=CARTESIAN_POINT('Ctrl Pts',(-24.051721352419,-27.6869888054124,-242.863329240256));
#8780=CARTESIAN_POINT('Ctrl Pts',(-19.7215943334968,-30.1869888054124,-242.863329240256));
#8781=CARTESIAN_POINT('Ctrl Pts',(-24.0160371638149,-27.6251819777233,-242.965256922197));
#8782=CARTESIAN_POINT('Ctrl Pts',(-19.6859101448927,-30.1251819777233,-242.965256922197));
#8783=CARTESIAN_POINT('Ctrl Pts',(-24.0004648734731,-27.5982099796611,-243.085857110902));
#8784=CARTESIAN_POINT('Ctrl Pts',(-19.6703378545509,-30.0982099796611,-243.085857110902));
#8785=CARTESIAN_POINT('Ctrl Pts',(-23.9923022977497,-27.5840719837876,-243.149072485837));
#8786=CARTESIAN_POINT('Ctrl Pts',(-19.6621752788275,-30.0840719837876,-243.149072485837));
#8787=CARTESIAN_POINT('',(-19.7385738302916,-30.216398156548,-242.814829307469));
#8788=CARTESIAN_POINT('Ctrl Pts',(-19.7385738302916,-30.216398156548,-242.814829307469));
#8789=CARTESIAN_POINT('Ctrl Pts',(-19.7215943334968,-30.1869888054124,-242.863329240256));
#8790=CARTESIAN_POINT('Ctrl Pts',(-19.6859101448927,-30.1251819777233,-242.965256922197));
#8791=CARTESIAN_POINT('Ctrl Pts',(-19.6703378545509,-30.0982099796611,-243.085857110902));
#8792=CARTESIAN_POINT('Ctrl Pts',(-19.6621752788275,-30.0840719837876,-243.149072485837));
#8793=CARTESIAN_POINT('',(-19.7385738302916,-30.216398156548,-242.814829307469));
#8794=CARTESIAN_POINT('Ctrl Pts',(-24.2392327181484,-28.0117680178525,-242.595184403333));
#8795=CARTESIAN_POINT('Ctrl Pts',(-19.9091056992262,-30.5117680178525,-242.595184403333));
#8796=CARTESIAN_POINT('Ctrl Pts',(-24.2042417065837,-27.9511618080141,-242.623648312329));
#8797=CARTESIAN_POINT('Ctrl Pts',(-19.8741146876615,-30.4511618080141,-242.623648312329));
#8798=CARTESIAN_POINT('Ctrl Pts',(-24.14036583191,-27.8405255477013,-242.67560900173));
#8799=CARTESIAN_POINT('Ctrl Pts',(-19.8102388129878,-30.3405255477013,-242.67560900173));
#8800=CARTESIAN_POINT('Ctrl Pts',(-24.0910166830932,-27.7550503146404,-242.771477350926));
#8801=CARTESIAN_POINT('Ctrl Pts',(-19.760889664171,-30.2550503146404,-242.771477350926));
#8802=CARTESIAN_POINT('Ctrl Pts',(-24.0687008492138,-27.716398156548,-242.814829307469));
#8803=CARTESIAN_POINT('Ctrl Pts',(-19.7385738302916,-30.216398156548,-242.814829307469));
#8804=CARTESIAN_POINT('',(-19.9091056992262,-30.5117680178525,-242.595184403333));
#8805=CARTESIAN_POINT('Ctrl Pts',(-19.9091056992262,-30.5117680178525,-242.595184403333));
#8806=CARTESIAN_POINT('Ctrl Pts',(-19.8741146876615,-30.4511618080141,-242.623648312329));
#8807=CARTESIAN_POINT('Ctrl Pts',(-19.8102388129878,-30.3405255477013,-242.67560900173));
#8808=CARTESIAN_POINT('Ctrl Pts',(-19.760889664171,-30.2550503146404,-242.771477350926));
#8809=CARTESIAN_POINT('Ctrl Pts',(-19.7385738302916,-30.216398156548,-242.814829307469));
#8810=CARTESIAN_POINT('',(-19.9091056992262,-30.5117680178525,-242.595184403333));
#8811=CARTESIAN_POINT('Ctrl Pts',(-24.5407332770016,-28.5339823042966,-242.507871943387));
#8812=CARTESIAN_POINT('Ctrl Pts',(-20.2106062580794,-31.0339823042966,-242.507871943387));
#8813=CARTESIAN_POINT('Ctrl Pts',(-24.4842713302687,-28.436187343861,-242.509773357845));
#8814=CARTESIAN_POINT('Ctrl Pts',(-20.1541443113465,-30.936187343861,-242.509773357845));
#8815=CARTESIAN_POINT('Ctrl Pts',(-24.3817959754276,-28.2586948227526,-242.513224321416));
#8816=CARTESIAN_POINT('Ctrl Pts',(-20.0516689565054,-30.7586948227526,-242.513224321416));
#8817=CARTESIAN_POINT('Ctrl Pts',(-24.2834099421224,-28.0882852143127,-242.569786773082));
#8818=CARTESIAN_POINT('Ctrl Pts',(-19.9532829232002,-30.5882852143127,-242.569786773082));
#8819=CARTESIAN_POINT('Ctrl Pts',(-24.2392327181484,-28.0117680178525,-242.595184403333));
#8820=CARTESIAN_POINT('Ctrl Pts',(-19.9091056992262,-30.5117680178525,-242.595184403333));
#8821=CARTESIAN_POINT('',(-20.2106062580794,-31.0339823042966,-242.507871943387));
#8822=CARTESIAN_POINT('Ctrl Pts',(-20.2106062580794,-31.0339823042966,-242.507871943387));
#8823=CARTESIAN_POINT('Ctrl Pts',(-20.1541443113465,-30.936187343861,-242.509773357845));
#8824=CARTESIAN_POINT('Ctrl Pts',(-20.0516689565054,-30.7586948227526,-242.513224321416));
#8825=CARTESIAN_POINT('Ctrl Pts',(-19.9532829232002,-30.5882852143127,-242.569786773082));
#8826=CARTESIAN_POINT('Ctrl Pts',(-19.9091056992262,-30.5117680178525,-242.595184403333));
#8827=CARTESIAN_POINT('',(-20.2106062580794,-31.0339823042966,-242.507871943387));
#8828=CARTESIAN_POINT('Ctrl Pts',(-24.8695193521168,-29.1034564912173,-242.610191064748));
#8829=CARTESIAN_POINT('Ctrl Pts',(-20.5393923331946,-31.6034564912173,-242.610191064748));
#8830=CARTESIAN_POINT('Ctrl Pts',(-24.8188135254108,-29.0156314231228,-242.580372179085));
#8831=CARTESIAN_POINT('Ctrl Pts',(-20.4886865064886,-31.5156314231228,-242.580372179085));
#8832=CARTESIAN_POINT('Ctrl Pts',(-24.7115428533414,-28.8298331689365,-242.51728885882));
#8833=CARTESIAN_POINT('Ctrl Pts',(-20.3814158344193,-31.3298331689365,-242.51728885882));
#8834=CARTESIAN_POINT('Ctrl Pts',(-24.5997059431466,-28.6361259583175,-242.511123169822));
#8835=CARTESIAN_POINT('Ctrl Pts',(-20.2695789242244,-31.1361259583175,-242.511123169822));
#8836=CARTESIAN_POINT('Ctrl Pts',(-24.5407332770016,-28.5339823042966,-242.507871943387));
#8837=CARTESIAN_POINT('Ctrl Pts',(-20.2106062580794,-31.0339823042966,-242.507871943387));
#8838=CARTESIAN_POINT('',(-20.5393923331946,-31.6034564912173,-242.610191064748));
#8839=CARTESIAN_POINT('Ctrl Pts',(-20.5393923331946,-31.6034564912173,-242.610191064748));
#8840=CARTESIAN_POINT('Ctrl Pts',(-20.4886865064886,-31.5156314231228,-242.580372179085));
#8841=CARTESIAN_POINT('Ctrl Pts',(-20.3814158344193,-31.3298331689365,-242.51728885882));
#8842=CARTESIAN_POINT('Ctrl Pts',(-20.2695789242244,-31.1361259583175,-242.511123169822));
#8843=CARTESIAN_POINT('Ctrl Pts',(-20.2106062580794,-31.0339823042966,-242.507871943387));
#8844=CARTESIAN_POINT('',(-20.5393923331946,-31.6034564912173,-242.610191064748));
#8845=CARTESIAN_POINT('Ctrl Pts',(-25.0864361516621,-29.4791674090449,-242.902141767415));
#8846=CARTESIAN_POINT('Ctrl Pts',(-20.7563091327399,-31.9791674090449,-242.902141767415));
#8847=CARTESIAN_POINT('Ctrl Pts',(-25.0573950310269,-29.428866712596,-242.841707941072));
#8848=CARTESIAN_POINT('Ctrl Pts',(-20.7272680121047,-31.928866712596,-242.841707941072));
#8849=CARTESIAN_POINT('Ctrl Pts',(-24.9957175812881,-29.3220382359671,-242.713358751877));
#8850=CARTESIAN_POINT('Ctrl Pts',(-20.6655905623659,-31.8220382359671,-242.713358751877));
#8851=CARTESIAN_POINT('Ctrl Pts',(-24.9131889727181,-29.179094492846,-242.645891199249));
#8852=CARTESIAN_POINT('Ctrl Pts',(-20.5830619537959,-31.679094492846,-242.645891199249));
#8853=CARTESIAN_POINT('Ctrl Pts',(-24.8695193521168,-29.1034564912173,-242.610191064748));
#8854=CARTESIAN_POINT('Ctrl Pts',(-20.5393923331946,-31.6034564912173,-242.610191064748));
#8855=CARTESIAN_POINT('',(-20.7563091327399,-31.9791674090449,-242.902141767415));
#8856=CARTESIAN_POINT('Ctrl Pts',(-20.7563091327399,-31.9791674090449,-242.902141767415));
#8857=CARTESIAN_POINT('Ctrl Pts',(-20.7272680121047,-31.928866712596,-242.841707941072));
#8858=CARTESIAN_POINT('Ctrl Pts',(-20.6655905623659,-31.8220382359671,-242.713358751877));
#8859=CARTESIAN_POINT('Ctrl Pts',(-20.5830619537959,-31.679094492846,-242.645891199249));
#8860=CARTESIAN_POINT('Ctrl Pts',(-20.5393923331946,-31.6034564912173,-242.610191064748));
#8861=CARTESIAN_POINT('',(-20.7563091327399,-31.9791674090449,-242.902141767415));
#8862=CARTESIAN_POINT('Ctrl Pts',(-25.1942123762753,-29.6658413059229,-243.400095659169));
#8863=CARTESIAN_POINT('Ctrl Pts',(-20.8640853573531,-32.1658413059229,-243.400095659169));
#8864=CARTESIAN_POINT('Ctrl Pts',(-25.1825009151874,-29.6455564602879,-243.304800247423));
#8865=CARTESIAN_POINT('Ctrl Pts',(-20.8523738962652,-32.1455564602879,-243.304800247423));
#8866=CARTESIAN_POINT('Ctrl Pts',(-25.1605795518594,-29.6075875452326,-243.126427512484));
#8867=CARTESIAN_POINT('Ctrl Pts',(-20.8304525329372,-32.1075875452326,-243.126427512484));
#8868=CARTESIAN_POINT('Ctrl Pts',(-25.1099956615159,-29.5199736771131,-242.973409907357));
#8869=CARTESIAN_POINT('Ctrl Pts',(-20.7798686425937,-32.0199736771131,-242.973409907357));
#8870=CARTESIAN_POINT('Ctrl Pts',(-25.0864361516621,-29.4791674090449,-242.902141767415));
#8871=CARTESIAN_POINT('Ctrl Pts',(-20.7563091327399,-31.9791674090449,-242.902141767415));
#8872=CARTESIAN_POINT('',(-20.8640853573531,-32.1658413059229,-243.400095659169));
#8873=CARTESIAN_POINT('Ctrl Pts',(-20.8640853573531,-32.1658413059229,-243.400095659169));
#8874=CARTESIAN_POINT('Ctrl Pts',(-20.8523738962652,-32.1455564602879,-243.304800247423));
#8875=CARTESIAN_POINT('Ctrl Pts',(-20.8304525329372,-32.1075875452326,-243.126427512484));
#8876=CARTESIAN_POINT('Ctrl Pts',(-20.7798686425937,-32.0199736771131,-242.973409907357));
#8877=CARTESIAN_POINT('Ctrl Pts',(-20.7563091327399,-31.9791674090449,-242.902141767415));
#8878=CARTESIAN_POINT('',(-20.8640853573531,-32.1658413059229,-243.400095659169));
#8879=CARTESIAN_POINT('Origin',(-20.7440307249278,-31.9579005828783,-243.432837682637));
#8880=CARTESIAN_POINT('',(-20.6239760925025,-31.7499598598337,-243.465579706105));
#8881=CARTESIAN_POINT('',(-16.8896746236163,-25.2819599849437,-244.484020926247));
#8882=CARTESIAN_POINT('',(-20.6239760925025,-31.7499598598337,-243.465579706105));
#8883=CARTESIAN_POINT('Ctrl Pts',(-24.8320021025326,-29.0384747087772,-243.035839157971));
#8884=CARTESIAN_POINT('Ctrl Pts',(-20.5018750836104,-31.5384747087772,-243.035839157971));
#8885=CARTESIAN_POINT('Ctrl Pts',(-24.858293318342,-29.0840124303518,-243.089077399771));
#8886=CARTESIAN_POINT('Ctrl Pts',(-20.5281662994198,-31.5840124303518,-243.089077399771));
#8887=CARTESIAN_POINT('Ctrl Pts',(-24.9179110459668,-29.1872733636298,-243.209799964367));
#8888=CARTESIAN_POINT('Ctrl Pts',(-20.5877840270446,-31.6872733636298,-243.209799964367));
#8889=CARTESIAN_POINT('Ctrl Pts',(-24.9411259188157,-29.2274827028954,-243.373866151435));
#8890=CARTESIAN_POINT('Ctrl Pts',(-20.6109988998935,-31.7274827028954,-243.373866151435));
#8891=CARTESIAN_POINT('Ctrl Pts',(-24.9541031114246,-29.2499598598337,-243.465579706105));
#8892=CARTESIAN_POINT('Ctrl Pts',(-20.6239760925025,-31.7499598598337,-243.465579706105));
#8893=CARTESIAN_POINT('',(-20.5018750836104,-31.5384747087772,-243.035839157971));
#8894=CARTESIAN_POINT('Ctrl Pts',(-20.5018750836104,-31.5384747087772,-243.035839157971));
#8895=CARTESIAN_POINT('Ctrl Pts',(-20.5281662994198,-31.5840124303518,-243.089077399771));
#8896=CARTESIAN_POINT('Ctrl Pts',(-20.5877840270446,-31.6872733636298,-243.209799964367));
#8897=CARTESIAN_POINT('Ctrl Pts',(-20.6109988998935,-31.7274827028954,-243.373866151435));
#8898=CARTESIAN_POINT('Ctrl Pts',(-20.6239760925025,-31.7499598598337,-243.465579706105));
#8899=CARTESIAN_POINT('',(-20.5018750836104,-31.5384747087772,-243.035839157971));
#8900=CARTESIAN_POINT('Ctrl Pts',(-24.5762040011074,-28.5954194006291,-242.914420324239));
#8901=CARTESIAN_POINT('Ctrl Pts',(-20.2460769821852,-31.0954194006291,-242.914420324239));
#8902=CARTESIAN_POINT('Ctrl Pts',(-24.6275053032032,-28.6842758623534,-242.916017276241));
#8903=CARTESIAN_POINT('Ctrl Pts',(-20.297378284281,-31.1842758623534,-242.916017276241));
#8904=CARTESIAN_POINT('Ctrl Pts',(-24.7176692061543,-28.8404443232734,-242.918823977426));
#8905=CARTESIAN_POINT('Ctrl Pts',(-20.3875421872321,-31.3404443232734,-242.918823977426));
#8906=CARTESIAN_POINT('Ctrl Pts',(-24.7975651954979,-28.9788282361376,-243.000594350731));
#8907=CARTESIAN_POINT('Ctrl Pts',(-20.4674381765757,-31.4788282361376,-243.000594350731));
#8908=CARTESIAN_POINT('Ctrl Pts',(-24.8320021025326,-29.0384747087772,-243.035839157971));
#8909=CARTESIAN_POINT('Ctrl Pts',(-20.5018750836104,-31.5384747087772,-243.035839157971));
#8910=CARTESIAN_POINT('',(-20.2460769821852,-31.0954194006291,-242.914420324239));
#8911=CARTESIAN_POINT('Ctrl Pts',(-20.2460769821852,-31.0954194006291,-242.914420324239));
#8912=CARTESIAN_POINT('Ctrl Pts',(-20.297378284281,-31.1842758623534,-242.916017276241));
#8913=CARTESIAN_POINT('Ctrl Pts',(-20.3875421872321,-31.3404443232734,-242.918823977426));
#8914=CARTESIAN_POINT('Ctrl Pts',(-20.4674381765757,-31.4788282361376,-243.000594350731));
#8915=CARTESIAN_POINT('Ctrl Pts',(-20.5018750836104,-31.5384747087772,-243.035839157971));
#8916=CARTESIAN_POINT('',(-20.2460769821852,-31.0954194006291,-242.914420324239));
#8917=CARTESIAN_POINT('Ctrl Pts',(-24.2965315572407,-28.111012518375,-243.080859738263));
#8918=CARTESIAN_POINT('Ctrl Pts',(-19.9664045383185,-30.611012518375,-243.080859738263));
#8919=CARTESIAN_POINT('Ctrl Pts',(-24.3344433671156,-28.1766776992852,-243.032455704018));
#8920=CARTESIAN_POINT('Ctrl Pts',(-20.0043163481934,-30.6766776992852,-243.032455704018));
#8921=CARTESIAN_POINT('Ctrl Pts',(-24.4192504528579,-28.3235678806328,-242.924177964285));
#8922=CARTESIAN_POINT('Ctrl Pts',(-20.0891234339358,-30.8235678806328,-242.924177964285));
#8923=CARTESIAN_POINT('Ctrl Pts',(-24.5203175321514,-28.4986211969418,-242.917894728313));
#8924=CARTESIAN_POINT('Ctrl Pts',(-20.1901905132293,-30.9986211969418,-242.917894728313));
#8925=CARTESIAN_POINT('Ctrl Pts',(-24.5762040011074,-28.5954194006291,-242.914420324239));
#8926=CARTESIAN_POINT('Ctrl Pts',(-20.2460769821852,-31.0954194006291,-242.914420324239));
#8927=CARTESIAN_POINT('',(-19.9664045383185,-30.611012518375,-243.080859738263));
#8928=CARTESIAN_POINT('Ctrl Pts',(-19.9664045383185,-30.611012518375,-243.080859738263));
#8929=CARTESIAN_POINT('Ctrl Pts',(-20.0043163481934,-30.6766776992852,-243.032455704018));
#8930=CARTESIAN_POINT('Ctrl Pts',(-20.0891234339358,-30.8235678806328,-242.924177964285));
#8931=CARTESIAN_POINT('Ctrl Pts',(-20.1901905132293,-30.9986211969418,-242.917894728313));
#8932=CARTESIAN_POINT('Ctrl Pts',(-20.2460769821852,-31.0954194006291,-242.914420324239));
#8933=CARTESIAN_POINT('',(-19.9664045383185,-30.611012518375,-243.080859738263));
#8934=CARTESIAN_POINT('Ctrl Pts',(-24.2269544593479,-27.9905014497815,-243.503779130849));
#8935=CARTESIAN_POINT('Ctrl Pts',(-19.8968274404257,-30.4905014497815,-243.503779130849));
#8936=CARTESIAN_POINT('Ctrl Pts',(-24.227934220588,-27.9921984460287,-243.415031382127));
#8937=CARTESIAN_POINT('Ctrl Pts',(-19.8978072016658,-30.4921984460287,-243.415031382127));
#8938=CARTESIAN_POINT('Ctrl Pts',(-24.2296617727884,-27.9951906542124,-243.258547983619));
#8939=CARTESIAN_POINT('Ctrl Pts',(-19.8995347538662,-30.4951906542124,-243.258547983619));
#8940=CARTESIAN_POINT('Ctrl Pts',(-24.2763304711359,-28.0760232108734,-243.13453862438));
#8941=CARTESIAN_POINT('Ctrl Pts',(-19.9462034522137,-30.5760232108734,-243.13453862438));
#8942=CARTESIAN_POINT('Ctrl Pts',(-24.2965315572407,-28.111012518375,-243.080859738263));
#8943=CARTESIAN_POINT('Ctrl Pts',(-19.9664045383185,-30.611012518375,-243.080859738263));
#8944=CARTESIAN_POINT('',(-19.8968274404257,-30.4905014497815,-243.503779130849));
#8945=CARTESIAN_POINT('Ctrl Pts',(-19.8968274404257,-30.4905014497815,-243.503779130849));
#8946=CARTESIAN_POINT('Ctrl Pts',(-19.8978072016658,-30.4921984460287,-243.415031382127));
#8947=CARTESIAN_POINT('Ctrl Pts',(-19.8995347538662,-30.4951906542124,-243.258547983619));
#8948=CARTESIAN_POINT('Ctrl Pts',(-19.9462034522137,-30.5760232108734,-243.13453862438));
#8949=CARTESIAN_POINT('Ctrl Pts',(-19.9664045383185,-30.611012518375,-243.080859738263));
#8950=CARTESIAN_POINT('',(-19.8968274404257,-30.4905014497815,-243.503779130849));
#8951=CARTESIAN_POINT('Ctrl Pts',(-24.2283188096668,-27.9928645738532,-243.63201912013));
#8952=CARTESIAN_POINT('Ctrl Pts',(-19.8981917907446,-30.4928645738532,-243.63201912013));
#8953=CARTESIAN_POINT('Ctrl Pts',(-24.227933950104,-27.9921979775367,-243.60450834606));
#8954=CARTESIAN_POINT('Ctrl Pts',(-19.8978069311818,-30.4921979775367,-243.60450834606));
#8955=CARTESIAN_POINT('Ctrl Pts',(-24.2273360289382,-27.9911623476985,-243.561767368061));
#8956=CARTESIAN_POINT('Ctrl Pts',(-19.897209010016,-30.4911623476985,-243.561767368061));
#8957=CARTESIAN_POINT('Ctrl Pts',(-24.2270547054095,-27.9906750810534,-243.519013815547));
#8958=CARTESIAN_POINT('Ctrl Pts',(-19.8969276864873,-30.4906750810534,-243.519013815547));
#8959=CARTESIAN_POINT('Ctrl Pts',(-24.2269544593479,-27.9905014497815,-243.503779130849));
#8960=CARTESIAN_POINT('Ctrl Pts',(-19.8968274404257,-30.4905014497815,-243.503779130849));
#8961=CARTESIAN_POINT('',(-19.8981917907446,-30.4928645738532,-243.63201912013));
#8962=CARTESIAN_POINT('Ctrl Pts',(-19.8981917907446,-30.4928645738532,-243.63201912013));
#8963=CARTESIAN_POINT('Ctrl Pts',(-19.8978069311818,-30.4921979775367,-243.60450834606));
#8964=CARTESIAN_POINT('Ctrl Pts',(-19.897209010016,-30.4911623476985,-243.561767368061));
#8965=CARTESIAN_POINT('Ctrl Pts',(-19.8969276864873,-30.4906750810534,-243.519013815547));
#8966=CARTESIAN_POINT('Ctrl Pts',(-19.8968274404257,-30.4905014497815,-243.503779130849));
#8967=CARTESIAN_POINT('',(-19.8981917907446,-30.4928645738532,-243.63201912013));
#8968=CARTESIAN_POINT('Ctrl Pts',(-24.6662451616909,-28.7513752655322,-243.801187234792));
#8969=CARTESIAN_POINT('Ctrl Pts',(-20.3361181427687,-31.2513752655322,-243.801187234792));
#8970=CARTESIAN_POINT('Ctrl Pts',(-24.5796823495331,-28.6014440768288,-243.780228520504));
#8971=CARTESIAN_POINT('Ctrl Pts',(-20.2495553306109,-31.1014440768288,-243.780228520504));
#8972=CARTESIAN_POINT('Ctrl Pts',(-24.4316329254574,-28.3450149522984,-243.744382578091));
#8973=CARTESIAN_POINT('Ctrl Pts',(-20.1015059065352,-30.8450149522984,-243.744382578091));
#8974=CARTESIAN_POINT('Ctrl Pts',(-24.2879796507044,-28.0962001817525,-243.664991244951));
#8975=CARTESIAN_POINT('Ctrl Pts',(-19.9578526317822,-30.5962001817525,-243.664991244951));
#8976=CARTESIAN_POINT('Ctrl Pts',(-24.2283188096668,-27.9928645738532,-243.63201912013));
#8977=CARTESIAN_POINT('Ctrl Pts',(-19.8981917907446,-30.4928645738532,-243.63201912013));
#8978=CARTESIAN_POINT('',(-20.3361181427687,-31.2513752655322,-243.801187234792));
#8979=CARTESIAN_POINT('Ctrl Pts',(-20.3361181427687,-31.2513752655322,-243.801187234792));
#8980=CARTESIAN_POINT('Ctrl Pts',(-20.2495553306109,-31.1014440768288,-243.780228520504));
#8981=CARTESIAN_POINT('Ctrl Pts',(-20.1015059065352,-30.8450149522984,-243.744382578091));
#8982=CARTESIAN_POINT('Ctrl Pts',(-19.9578526317822,-30.5962001817525,-243.664991244951));
#8983=CARTESIAN_POINT('Ctrl Pts',(-19.8981917907446,-30.4928645738532,-243.63201912013));
#8984=CARTESIAN_POINT('',(-20.3361181427687,-31.2513752655322,-243.801187234792));
#8985=CARTESIAN_POINT('Ctrl Pts',(-24.8845260135319,-29.1294487912402,-243.874856787595));
#8986=CARTESIAN_POINT('Ctrl Pts',(-20.5543989946097,-31.6294487912402,-243.874856787595));
#8987=CARTESIAN_POINT('Ctrl Pts',(-24.8543548970507,-29.0771908845737,-243.861548009637));
#8988=CARTESIAN_POINT('Ctrl Pts',(-20.5242278781285,-31.5771908845737,-243.861548009637));
#8989=CARTESIAN_POINT('Ctrl Pts',(-24.782226454618,-28.9522607576094,-243.829731440123));
#8990=CARTESIAN_POINT('Ctrl Pts',(-20.4520994356958,-31.4522607576094,-243.829731440123));
#8991=CARTESIAN_POINT('Ctrl Pts',(-24.7088996047519,-28.8252549280825,-243.811684937915));
#8992=CARTESIAN_POINT('Ctrl Pts',(-20.3787725858297,-31.3252549280825,-243.811684937915));
#8993=CARTESIAN_POINT('Ctrl Pts',(-24.6662451616909,-28.7513752655322,-243.801187234792));
#8994=CARTESIAN_POINT('Ctrl Pts',(-20.3361181427687,-31.2513752655322,-243.801187234792));
#8995=CARTESIAN_POINT('',(-20.5543989946097,-31.6294487912402,-243.874856787595));
#8996=CARTESIAN_POINT('Ctrl Pts',(-20.5543989946097,-31.6294487912402,-243.874856787595));
#8997=CARTESIAN_POINT('Ctrl Pts',(-20.5242278781285,-31.5771908845737,-243.861548009637));
#8998=CARTESIAN_POINT('Ctrl Pts',(-20.4520994356958,-31.4522607576094,-243.829731440123));
#8999=CARTESIAN_POINT('Ctrl Pts',(-20.3787725858297,-31.3252549280825,-243.811684937915));
#9000=CARTESIAN_POINT('Ctrl Pts',(-20.3361181427687,-31.2513752655322,-243.801187234792));
#9001=CARTESIAN_POINT('',(-20.5543989946097,-31.6294487912402,-243.874856787595));
#9002=CARTESIAN_POINT('Ctrl Pts',(-25.0611974589016,-29.4354527108672,-244.03583939639));
#9003=CARTESIAN_POINT('Ctrl Pts',(-20.7310704399794,-31.9354527108672,-244.03583939639));
#9004=CARTESIAN_POINT('Ctrl Pts',(-25.0339316492213,-29.3882269431914,-244.002367547805));
#9005=CARTESIAN_POINT('Ctrl Pts',(-20.7038046302991,-31.8882269431914,-244.002367547805));
#9006=CARTESIAN_POINT('Ctrl Pts',(-24.9783687477859,-29.2919891748893,-243.934157835876));
#9007=CARTESIAN_POINT('Ctrl Pts',(-20.6482417288637,-31.7919891748893,-243.934157835876));
#9008=CARTESIAN_POINT('Ctrl Pts',(-24.9161916071088,-29.1842952081673,-243.894866891824));
#9009=CARTESIAN_POINT('Ctrl Pts',(-20.5860645881866,-31.6842952081673,-243.894866891824));
#9010=CARTESIAN_POINT('Ctrl Pts',(-24.8845260135319,-29.1294487912402,-243.874856787595));
#9011=CARTESIAN_POINT('Ctrl Pts',(-20.5543989946097,-31.6294487912402,-243.874856787595));
#9012=CARTESIAN_POINT('',(-20.7310704399794,-31.9354527108672,-244.03583939639));
#9013=CARTESIAN_POINT('Ctrl Pts',(-20.7310704399794,-31.9354527108672,-244.03583939639));
#9014=CARTESIAN_POINT('Ctrl Pts',(-20.7038046302991,-31.8882269431914,-244.002367547805));
#9015=CARTESIAN_POINT('Ctrl Pts',(-20.6482417288637,-31.7919891748893,-243.934157835876));
#9016=CARTESIAN_POINT('Ctrl Pts',(-20.5860645881866,-31.6842952081673,-243.894866891824));
#9017=CARTESIAN_POINT('Ctrl Pts',(-20.5543989946097,-31.6294487912402,-243.874856787595));
#9018=CARTESIAN_POINT('',(-20.7310704399794,-31.9354527108672,-244.03583939639));
#9019=CARTESIAN_POINT('Ctrl Pts',(-25.1880730978634,-29.6552077637918,-244.318240242871));
#9020=CARTESIAN_POINT('Ctrl Pts',(-20.8579460789412,-32.1552077637918,-244.318240242871));
#9021=CARTESIAN_POINT('Ctrl Pts',(-25.1708817725294,-29.6254315148638,-244.262753657039));
#9022=CARTESIAN_POINT('Ctrl Pts',(-20.8407547536072,-32.1254315148638,-244.262753657039));
#9023=CARTESIAN_POINT('Ctrl Pts',(-25.1370107125154,-29.5667651180135,-244.153431691327));
#9024=CARTESIAN_POINT('Ctrl Pts',(-20.8068836935933,-32.0667651180135,-244.153431691327));
#9025=CARTESIAN_POINT('Ctrl Pts',(-25.0862127917595,-29.4787805383454,-244.074640137147));
#9026=CARTESIAN_POINT('Ctrl Pts',(-20.7560857728373,-31.9787805383454,-244.074640137147));
#9027=CARTESIAN_POINT('Ctrl Pts',(-25.0611974589016,-29.4354527108672,-244.03583939639));
#9028=CARTESIAN_POINT('Ctrl Pts',(-20.7310704399794,-31.9354527108672,-244.03583939639));
#9029=CARTESIAN_POINT('',(-20.8579460789412,-32.1552077637918,-244.318240242871));
#9030=CARTESIAN_POINT('Ctrl Pts',(-20.8579460789412,-32.1552077637918,-244.318240242871));
#9031=CARTESIAN_POINT('Ctrl Pts',(-20.8407547536072,-32.1254315148638,-244.262753657039));
#9032=CARTESIAN_POINT('Ctrl Pts',(-20.8068836935933,-32.0667651180135,-244.153431691327));
#9033=CARTESIAN_POINT('Ctrl Pts',(-20.7560857728373,-31.9787805383454,-244.074640137147));
#9034=CARTESIAN_POINT('Ctrl Pts',(-20.7310704399794,-31.9354527108672,-244.03583939639));
#9035=CARTESIAN_POINT('',(-20.8579460789412,-32.1552077637918,-244.318240242871));
#9036=CARTESIAN_POINT('Ctrl Pts',(-25.2365042559292,-29.7390929902311,-244.70705326167));
#9037=CARTESIAN_POINT('Ctrl Pts',(-20.906377237007,-32.2390929902311,-244.70705326167));
#9038=CARTESIAN_POINT('Ctrl Pts',(-25.2346112658348,-29.7358142352093,-244.638104889834));
#9039=CARTESIAN_POINT('Ctrl Pts',(-20.9044842469126,-32.2358142352093,-244.638104889834));
#9040=CARTESIAN_POINT('Ctrl Pts',(-25.2308817282659,-29.7293544866514,-244.502263955522));
#9041=CARTESIAN_POINT('Ctrl Pts',(-20.9007547093437,-32.2293544866514,-244.502263955522));
#9042=CARTESIAN_POINT('Ctrl Pts',(-25.2021979417056,-29.6796727109755,-244.378959452526));
#9043=CARTESIAN_POINT('Ctrl Pts',(-20.8720709227834,-32.1796727109755,-244.378959452526));
#9044=CARTESIAN_POINT('Ctrl Pts',(-25.1880730978634,-29.6552077637918,-244.318240242871));
#9045=CARTESIAN_POINT('Ctrl Pts',(-20.8579460789412,-32.1552077637918,-244.318240242871));
#9046=CARTESIAN_POINT('',(-20.906377237007,-32.2390929902311,-244.70705326167));
#9047=CARTESIAN_POINT('Ctrl Pts',(-20.906377237007,-32.2390929902311,-244.70705326167));
#9048=CARTESIAN_POINT('Ctrl Pts',(-20.9044842469126,-32.2358142352093,-244.638104889834));
#9049=CARTESIAN_POINT('Ctrl Pts',(-20.9007547093437,-32.2293544866514,-244.502263955522));
#9050=CARTESIAN_POINT('Ctrl Pts',(-20.8720709227834,-32.1796727109755,-244.378959452526));
#9051=CARTESIAN_POINT('Ctrl Pts',(-20.8579460789412,-32.1552077637918,-244.318240242871));
#9052=CARTESIAN_POINT('',(-20.906377237007,-32.2390929902311,-244.70705326167));
#9053=CARTESIAN_POINT('Ctrl Pts',(-25.1082642666485,-29.5169748132349,-245.303233223828));
#9054=CARTESIAN_POINT('Ctrl Pts',(-20.7781372477263,-32.0169748132349,-245.303233223828));
#9055=CARTESIAN_POINT('Ctrl Pts',(-25.1456657402748,-29.5817560658336,-245.219302584908));
#9056=CARTESIAN_POINT('Ctrl Pts',(-20.8155387213526,-32.0817560658336,-245.219302584908));
#9057=CARTESIAN_POINT('Ctrl Pts',(-25.2214538897863,-29.7130249913992,-245.049230467572));
#9058=CARTESIAN_POINT('Ctrl Pts',(-20.8913268708641,-32.2130249913992,-245.049230467572));
#9059=CARTESIAN_POINT('Ctrl Pts',(-25.231444177886,-29.73032867797,-244.82209653371));
#9060=CARTESIAN_POINT('Ctrl Pts',(-20.9013171589638,-32.23032867797,-244.82209653371));
#9061=CARTESIAN_POINT('Ctrl Pts',(-25.2365042559292,-29.7390929902311,-244.70705326167));
#9062=CARTESIAN_POINT('Ctrl Pts',(-20.906377237007,-32.2390929902311,-244.70705326167));
#9063=CARTESIAN_POINT('',(-20.7781372477263,-32.0169748132349,-245.303233223828));
#9064=CARTESIAN_POINT('Ctrl Pts',(-20.7781372477263,-32.0169748132349,-245.303233223828));
#9065=CARTESIAN_POINT('Ctrl Pts',(-20.8155387213526,-32.0817560658336,-245.219302584908));
#9066=CARTESIAN_POINT('Ctrl Pts',(-20.8913268708641,-32.2130249913992,-245.049230467572));
#9067=CARTESIAN_POINT('Ctrl Pts',(-20.9013171589638,-32.23032867797,-244.82209653371));
#9068=CARTESIAN_POINT('Ctrl Pts',(-20.906377237007,-32.2390929902311,-244.70705326167));
#9069=CARTESIAN_POINT('',(-20.7781372477263,-32.0169748132349,-245.303233223828));
#9070=CARTESIAN_POINT('Ctrl Pts',(-24.7412790648129,-28.8813377980296,-245.536521035108));
#9071=CARTESIAN_POINT('Ctrl Pts',(-20.4111520458907,-31.3813377980296,-245.536521035108));
#9072=CARTESIAN_POINT('Ctrl Pts',(-24.8139423082638,-29.0071942275295,-245.530704537833));
#9073=CARTESIAN_POINT('Ctrl Pts',(-20.4838152893417,-31.5071942275295,-245.530704537833));
#9074=CARTESIAN_POINT('Ctrl Pts',(-24.9475458405962,-29.2386023335997,-245.520009934278));
#9075=CARTESIAN_POINT('Ctrl Pts',(-20.617418821674,-31.7386023335997,-245.520009934278));
#9076=CARTESIAN_POINT('Ctrl Pts',(-25.0579196848927,-29.429775439748,-245.371137900909));
#9077=CARTESIAN_POINT('Ctrl Pts',(-20.7277926659705,-31.929775439748,-245.371137900909));
#9078=CARTESIAN_POINT('Ctrl Pts',(-25.1082642666485,-29.5169748132349,-245.303233223828));
#9079=CARTESIAN_POINT('Ctrl Pts',(-20.7781372477263,-32.0169748132349,-245.303233223828));
#9080=CARTESIAN_POINT('',(-20.4111520458907,-31.3813377980296,-245.536521035108));
#9081=CARTESIAN_POINT('Ctrl Pts',(-20.4111520458907,-31.3813377980296,-245.536521035108));
#9082=CARTESIAN_POINT('Ctrl Pts',(-20.4838152893417,-31.5071942275295,-245.530704537833));
#9083=CARTESIAN_POINT('Ctrl Pts',(-20.617418821674,-31.7386023335997,-245.520009934278));
#9084=CARTESIAN_POINT('Ctrl Pts',(-20.7277926659705,-31.929775439748,-245.371137900909));
#9085=CARTESIAN_POINT('Ctrl Pts',(-20.7781372477263,-32.0169748132349,-245.303233223828));
#9086=CARTESIAN_POINT('',(-20.4111520458907,-31.3813377980296,-245.536521035108));
#9087=CARTESIAN_POINT('Ctrl Pts',(-24.4704743019726,-28.4122901898586,-245.441023069295));
#9088=CARTESIAN_POINT('Ctrl Pts',(-20.1403472830504,-30.9122901898586,-245.441023069295));
#9089=CARTESIAN_POINT('Ctrl Pts',(-24.5137197018746,-28.4871934196825,-245.468874103703));
#9090=CARTESIAN_POINT('Ctrl Pts',(-20.1835926829524,-30.9871934196825,-245.468874103703));
#9091=CARTESIAN_POINT('Ctrl Pts',(-24.6017740176408,-28.6397079684153,-245.525583112839));
#9092=CARTESIAN_POINT('Ctrl Pts',(-20.2716469987186,-31.1397079684153,-245.525583112839));
#9093=CARTESIAN_POINT('Ctrl Pts',(-24.6942301571154,-28.799846699457,-245.532832155704));
#9094=CARTESIAN_POINT('Ctrl Pts',(-20.3641031381932,-31.299846699457,-245.532832155704));
#9095=CARTESIAN_POINT('Ctrl Pts',(-24.7412790648129,-28.8813377980296,-245.536521035108));
#9096=CARTESIAN_POINT('Ctrl Pts',(-20.4111520458907,-31.3813377980296,-245.536521035108));
#9097=CARTESIAN_POINT('',(-20.1403472830504,-30.9122901898586,-245.441023069295));
#9098=CARTESIAN_POINT('Ctrl Pts',(-20.1403472830504,-30.9122901898586,-245.441023069295));
#9099=CARTESIAN_POINT('Ctrl Pts',(-20.1835926829524,-30.9871934196825,-245.468874103703));
#9100=CARTESIAN_POINT('Ctrl Pts',(-20.2716469987186,-31.1397079684153,-245.525583112839));
#9101=CARTESIAN_POINT('Ctrl Pts',(-20.3641031381932,-31.299846699457,-245.532832155704));
#9102=CARTESIAN_POINT('Ctrl Pts',(-20.4111520458907,-31.3813377980296,-245.536521035108));
#9103=CARTESIAN_POINT('',(-20.1403472830504,-30.9122901898586,-245.441023069295));
#9104=CARTESIAN_POINT('Ctrl Pts',(-24.2078550449993,-27.957420293735,-245.113601642522));
#9105=CARTESIAN_POINT('Ctrl Pts',(-19.8777280260771,-30.457420293735,-245.113601642522));
#9106=CARTESIAN_POINT('Ctrl Pts',(-24.2511551900986,-28.0324183450221,-245.183842028259));
#9107=CARTESIAN_POINT('Ctrl Pts',(-19.9210281711765,-30.5324183450221,-245.183842028259));
#9108=CARTESIAN_POINT('Ctrl Pts',(-24.331953111512,-28.172364450056,-245.314910345786));
#9109=CARTESIAN_POINT('Ctrl Pts',(-20.0018260925898,-30.672364450056,-245.314910345786));
#9110=CARTESIAN_POINT('Ctrl Pts',(-24.4265653795483,-28.3362377053141,-245.401047425317));
#9111=CARTESIAN_POINT('Ctrl Pts',(-20.0964383606261,-30.8362377053141,-245.401047425317));
#9112=CARTESIAN_POINT('Ctrl Pts',(-24.4704743019726,-28.4122901898586,-245.441023069295));
#9113=CARTESIAN_POINT('Ctrl Pts',(-20.1403472830504,-30.9122901898586,-245.441023069295));
#9114=CARTESIAN_POINT('',(-19.8777280260771,-30.457420293735,-245.113601642522));
#9115=CARTESIAN_POINT('Ctrl Pts',(-19.8777280260771,-30.457420293735,-245.113601642522));
#9116=CARTESIAN_POINT('Ctrl Pts',(-19.9210281711765,-30.5324183450221,-245.183842028259));
#9117=CARTESIAN_POINT('Ctrl Pts',(-20.0018260925898,-30.672364450056,-245.314910345786));
#9118=CARTESIAN_POINT('Ctrl Pts',(-20.0964383606261,-30.8362377053141,-245.401047425317));
#9119=CARTESIAN_POINT('Ctrl Pts',(-20.1403472830504,-30.9122901898586,-245.441023069295));
#9120=CARTESIAN_POINT('',(-19.8777280260771,-30.457420293735,-245.113601642522));
#9121=CARTESIAN_POINT('Ctrl Pts',(-24.1587417117741,-27.8723535052598,-245.471036988172));
#9122=CARTESIAN_POINT('Ctrl Pts',(-19.8286146928519,-30.3723535052598,-245.471036988172));
#9123=CARTESIAN_POINT('Ctrl Pts',(-24.1704116431316,-27.8925664192918,-245.41646116714));
#9124=CARTESIAN_POINT('Ctrl Pts',(-19.8402846242094,-30.3925664192918,-245.41646116714));
#9125=CARTESIAN_POINT('Ctrl Pts',(-24.1949165130914,-27.935010099095,-245.301861230229));
#9126=CARTESIAN_POINT('Ctrl Pts',(-19.8647894941692,-30.435010099095,-245.301861230229));
#9127=CARTESIAN_POINT('Ctrl Pts',(-24.2034076396955,-27.9497171617869,-245.178312746905));
#9128=CARTESIAN_POINT('Ctrl Pts',(-19.8732806207733,-30.4497171617869,-245.178312746905));
#9129=CARTESIAN_POINT('Ctrl Pts',(-24.2078550449993,-27.957420293735,-245.113601642522));
#9130=CARTESIAN_POINT('Ctrl Pts',(-19.8777280260771,-30.457420293735,-245.113601642522));
#9131=CARTESIAN_POINT('Ctrl Pts',(-19.8286146928519,-30.3723535052598,-245.471036988172));
#9132=CARTESIAN_POINT('Ctrl Pts',(-19.8402846242094,-30.3925664192918,-245.41646116714));
#9133=CARTESIAN_POINT('Ctrl Pts',(-19.8647894941692,-30.435010099095,-245.301861230229));
#9134=CARTESIAN_POINT('Ctrl Pts',(-19.8732806207733,-30.4497171617869,-245.178312746905));
#9135=CARTESIAN_POINT('Ctrl Pts',(-19.8777280260771,-30.457420293735,-245.113601642522));
#9136=CARTESIAN_POINT('Origin',(-15.2835092774344,-12.5000000000002,-215.));
#9137=CARTESIAN_POINT('',(-18.4124924532559,-17.9195578365512,-246.647026496801));
#9138=CARTESIAN_POINT('',(-18.8313199869778,-18.6449884045664,-246.413738685521));
#9139=CARTESIAN_POINT('Ctrl Pts',(-18.4124924532559,-17.9195578365512,-246.647026496801));
#9140=CARTESIAN_POINT('Ctrl Pts',(-18.4924690314362,-18.058081333375,-246.64045444531));
#9141=CARTESIAN_POINT('Ctrl Pts',(-18.6416127754357,-18.3164058756133,-246.628198602571));
#9142=CARTESIAN_POINT('Ctrl Pts',(-18.7712152942314,-18.5408840229564,-246.481685746236));
#9143=CARTESIAN_POINT('Ctrl Pts',(-18.8313199869778,-18.6449884045664,-246.413738685521));
#9144=CARTESIAN_POINT('',(-18.0448259703304,-17.2827408078842,-246.483315187368));
#9145=CARTESIAN_POINT('Ctrl Pts',(-18.0448259703304,-17.2827408078842,-246.483315187368));
#9146=CARTESIAN_POINT('Ctrl Pts',(-18.0995799479194,-17.3775774789848,-246.531010655516));
#9147=CARTESIAN_POINT('Ctrl Pts',(-18.2166539987732,-17.5803556833115,-246.632992318027));
#9148=CARTESIAN_POINT('Ctrl Pts',(-18.3444597521214,-17.8017217416103,-246.642151136174));
#9149=CARTESIAN_POINT('Ctrl Pts',(-18.4124924532559,-17.9195578365512,-246.647026496801));
#9150=CARTESIAN_POINT('',(-17.8265454165127,-16.9046677983676,-246.037203031453));
#9151=CARTESIAN_POINT('Ctrl Pts',(-17.8265454165127,-16.9046677983676,-246.037203031453));
#9152=CARTESIAN_POINT('Ctrl Pts',(-17.853384263918,-16.9511540456901,-246.12695351713));
#9153=CARTESIAN_POINT('Ctrl Pts',(-17.9082523455586,-17.0461883508056,-246.310435203248));
#9154=CARTESIAN_POINT('Ctrl Pts',(-17.9986477065513,-17.2027577088135,-246.424861020085));
#9155=CARTESIAN_POINT('Ctrl Pts',(-18.0448259703304,-17.2827408078842,-246.483315187368));
#9156=CARTESIAN_POINT('',(-17.7576495997097,-16.7853367432359,-245.078130918416));
#9157=CARTESIAN_POINT('Ctrl Pts',(-17.7576495997097,-16.7853367432359,-245.078130918416));
#9158=CARTESIAN_POINT('Ctrl Pts',(-17.7575840663844,-16.7852232361869,-245.272732769451));
#9159=CARTESIAN_POINT('Ctrl Pts',(-17.7574738653782,-16.7850323624451,-245.599975736059));
#9160=CARTESIAN_POINT('Ctrl Pts',(-17.806623597185,-16.8701621951129,-245.911096652765));
#9161=CARTESIAN_POINT('Ctrl Pts',(-17.8265454165127,-16.9046677983676,-246.037203031453));
#9162=CARTESIAN_POINT('',(-17.7576495997097,-16.7853367432359,-242.573355990323));
#9163=CARTESIAN_POINT('',(-17.7576495997097,-16.7853367432359,-242.573355990323));
#9164=CARTESIAN_POINT('',(-17.9841162554409,-17.1775884971826,-242.573355990323));
#9165=CARTESIAN_POINT('',(-17.9841162554409,-17.1775884971826,-242.573355990323));
#9166=CARTESIAN_POINT('',(-17.9841162554409,-17.1775884971826,-242.922605830106));
#9167=CARTESIAN_POINT('',(-17.9841162554409,-17.1775884971826,-242.922605830106));
#9168=CARTESIAN_POINT('',(-18.4070362440731,-17.91010740503,-242.507871943387));
#9169=CARTESIAN_POINT('Ctrl Pts',(-18.4070362440731,-17.91010740503,-242.507871943387));
#9170=CARTESIAN_POINT('Ctrl Pts',(-18.3250106165938,-17.7680348507132,-242.52586627542));
#9171=CARTESIAN_POINT('Ctrl Pts',(-18.1592203423502,-17.4808776723223,-242.562236435995));
#9172=CARTESIAN_POINT('Ctrl Pts',(-18.0428910210424,-17.2793893774074,-242.801645622707));
#9173=CARTESIAN_POINT('Ctrl Pts',(-17.9841162554409,-17.1775884971826,-242.922605830106));
#9174=CARTESIAN_POINT('',(-18.7419607035305,-18.4902135855077,-242.698867875012));
#9175=CARTESIAN_POINT('Ctrl Pts',(-18.7419607035305,-18.4902135855077,-242.698867875012));
#9176=CARTESIAN_POINT('Ctrl Pts',(-18.6914418083324,-18.4027122922823,-242.643175199371));
#9177=CARTESIAN_POINT('Ctrl Pts',(-18.5872303936191,-18.2222128272703,-242.528291204085));
#9178=CARTESIAN_POINT('Ctrl Pts',(-18.4683081682863,-18.0162334908448,-242.514815162116));
#9179=CARTESIAN_POINT('Ctrl Pts',(-18.4070362440731,-17.91010740503,-242.507871943387));
#9180=CARTESIAN_POINT('',(-18.9595599762585,-18.8671065815626,-243.240477400693));
#9181=CARTESIAN_POINT('Ctrl Pts',(-18.9595599762585,-18.8671065815626,-243.240477400693));
#9182=CARTESIAN_POINT('Ctrl Pts',(-18.9324351785682,-18.820125053818,-243.131211975262));
#9183=CARTESIAN_POINT('Ctrl Pts',(-18.879665733069,-18.7287256931262,-242.918643535931));
#9184=CARTESIAN_POINT('Ctrl Pts',(-18.7869959368036,-18.5682168976675,-242.770743595096));
#9185=CARTESIAN_POINT('Ctrl Pts',(-18.7419607035305,-18.4902135855077,-242.698867875012));
#9186=CARTESIAN_POINT('',(-19.0345938793804,-18.99706911406,-244.005825477513));
#9187=CARTESIAN_POINT('Ctrl Pts',(-19.0345938793804,-18.99706911406,-244.005825477513));
#9188=CARTESIAN_POINT('Ctrl Pts',(-19.0317466838162,-18.9921376266836,-243.871573062132));
#9189=CARTESIAN_POINT('Ctrl Pts',(-19.0261726903776,-18.9824831868471,-243.60874528457));
#9190=CARTESIAN_POINT('Ctrl Pts',(-18.9814421559705,-18.9050076286043,-243.361452864968));
#9191=CARTESIAN_POINT('Ctrl Pts',(-18.9595599762585,-18.8671065815626,-243.240477400693));
#9192=CARTESIAN_POINT('',(-18.8708831659939,-18.7135138407312,-245.039932089719));
#9193=CARTESIAN_POINT('Ctrl Pts',(-18.8708831659939,-18.7135138407312,-245.039932089719));
#9194=CARTESIAN_POINT('Ctrl Pts',(-18.9186209249529,-18.7961980646876,-244.886291597509));
#9195=CARTESIAN_POINT('Ctrl Pts',(-19.0169642035214,-18.9665336197513,-244.569780934791));
#9196=CARTESIAN_POINT('Ctrl Pts',(-19.0286041774271,-18.9866946459547,-244.197429970475));
#9197=CARTESIAN_POINT('Ctrl Pts',(-19.0345938793804,-18.99706911406,-244.005825477513));
#9198=CARTESIAN_POINT('',(-18.4083999983456,-17.9124694967189,-245.471036988172));
#9199=CARTESIAN_POINT('Ctrl Pts',(-18.4083999983456,-17.9124694967189,-245.471036988172));
#9200=CARTESIAN_POINT('Ctrl Pts',(-18.501515865134,-18.0737509089873,-245.455247671782));
#9201=CARTESIAN_POINT('Ctrl Pts',(-18.6825075788251,-18.3872377528493,-245.424557569978));
#9202=CARTESIAN_POINT('Ctrl Pts',(-18.8093150682223,-18.6068747672655,-245.165641899201));
#9203=CARTESIAN_POINT('Ctrl Pts',(-18.8708831659939,-18.7135138407312,-245.039932089719));
#9204=CARTESIAN_POINT('',(-18.007308422723,-17.2177585092528,-245.091773825559));
#9205=CARTESIAN_POINT('Ctrl Pts',(-18.007308422723,-17.2177585092528,-245.091773825559));
#9206=CARTESIAN_POINT('Ctrl Pts',(-18.063851040646,-17.3156931962883,-245.202388787223));
#9207=CARTESIAN_POINT('Ctrl Pts',(-18.1757963789558,-17.5095882099115,-245.421388716134));
#9208=CARTESIAN_POINT('Ctrl Pts',(-18.3313935879552,-17.7790904814144,-245.454600291177));
#9209=CARTESIAN_POINT('Ctrl Pts',(-18.4083999983456,-17.9124694967189,-245.471036988172));
#9210=CARTESIAN_POINT('',(-18.0250443808224,-17.2484780898018,-245.722060161504));
#9211=CARTESIAN_POINT('Ctrl Pts',(-18.0250443808224,-17.2484780898018,-245.722060161504));
#9212=CARTESIAN_POINT('Ctrl Pts',(-18.0196559728034,-17.239145093341,-245.644625766129));
#9213=CARTESIAN_POINT('Ctrl Pts',(-18.0051193849551,-17.213966984619,-245.435726980647));
#9214=CARTESIAN_POINT('Ctrl Pts',(-18.0064629125864,-17.2162940427379,-245.224624835898));
#9215=CARTESIAN_POINT('Ctrl Pts',(-18.007308422723,-17.2177585092528,-245.091773825559));
#9216=CARTESIAN_POINT('',(-18.1505562655117,-17.4658710510375,-246.104052024755));
#9217=CARTESIAN_POINT('Ctrl Pts',(-18.1505562655117,-17.4658710510375,-246.104052024755));
#9218=CARTESIAN_POINT('Ctrl Pts',(-18.121999036153,-17.4164084788647,-246.052982571852));
#9219=CARTESIAN_POINT('Ctrl Pts',(-18.063310012001,-17.3147561071869,-245.948027839824));
#9220=CARTESIAN_POINT('Ctrl Pts',(-18.0380257083985,-17.2709624087134,-245.798717996839));
#9221=CARTESIAN_POINT('Ctrl Pts',(-18.0250443808224,-17.2484780898018,-245.722060161504));
#9222=CARTESIAN_POINT('',(-18.4138573996212,-17.9219219930056,-246.240477519902));
#9223=CARTESIAN_POINT('Ctrl Pts',(-18.4138573996212,-17.9219219930056,-246.240477519902));
#9224=CARTESIAN_POINT('Ctrl Pts',(-18.3623208519571,-17.8326580740048,-246.237580101524));
#9225=CARTESIAN_POINT('Ctrl Pts',(-18.2689853366309,-17.6709962193091,-246.232332717876));
#9226=CARTESIAN_POINT('Ctrl Pts',(-18.1871880178558,-17.5293191072676,-246.143731020262));
#9227=CARTESIAN_POINT('Ctrl Pts',(-18.1505562655117,-17.4658710510375,-246.104052024755));
#9228=CARTESIAN_POINT('',(-18.6635162226345,-18.3543437590225,-246.104052024755));
#9229=CARTESIAN_POINT('Ctrl Pts',(-18.6635162226345,-18.3543437590225,-246.104052024755));
#9230=CARTESIAN_POINT('Ctrl Pts',(-18.6282858845329,-18.2933230234627,-246.14376293682));
#9231=CARTESIAN_POINT('Ctrl Pts',(-18.5510638639001,-18.1595705602636,-246.230806009244));
#9232=CARTESIAN_POINT('Ctrl Pts',(-18.4621868293454,-18.0056310207887,-246.237070839341));
#9233=CARTESIAN_POINT('Ctrl Pts',(-18.4138573996212,-17.9219219930056,-246.240477519902));
#9234=CARTESIAN_POINT('',(-18.7467362276699,-18.49848503595,-245.782087403211));
#9235=CARTESIAN_POINT('Ctrl Pts',(-18.7467362276699,-18.49848503595,-245.782087403211));
#9236=CARTESIAN_POINT('Ctrl Pts',(-18.7405016857785,-18.4876864926322,-245.849193032233));
#9237=CARTESIAN_POINT('Ctrl Pts',(-18.7289180102574,-18.4676229780911,-245.973874178943));
#9238=CARTESIAN_POINT('Ctrl Pts',(-18.6841768760738,-18.3901290604969,-246.062928387993));
#9239=CARTESIAN_POINT('Ctrl Pts',(-18.6635162226345,-18.3543437590225,-246.104052024755));
#9240=CARTESIAN_POINT('',(-18.9854808441784,-18.9120028417762,-245.711145954999));
#9241=CARTESIAN_POINT('',(-18.9854808441784,-18.9120028417762,-245.711145954999));
#9242=CARTESIAN_POINT('Ctrl Pts',(-18.8313199869778,-18.6449884045664,-246.413738685521));
#9243=CARTESIAN_POINT('Ctrl Pts',(-18.8775719967753,-18.7250992354878,-246.322494127547));
#9244=CARTESIAN_POINT('Ctrl Pts',(-18.9750433225468,-18.8939245240052,-246.130205661077));
#9245=CARTESIAN_POINT('Ctrl Pts',(-18.9818854415884,-18.9057754218167,-245.855499030926));
#9246=CARTESIAN_POINT('Ctrl Pts',(-18.9854808441784,-18.9120028417762,-245.711145954999));
#9247=CARTESIAN_POINT('Ctrl Pts',(-18.4124924532559,-17.9195578365512,-246.647026496801));
#9248=CARTESIAN_POINT('Ctrl Pts',(-14.0823654343337,-20.4195578365512,-246.647026496801));
#9249=CARTESIAN_POINT('Ctrl Pts',(-18.4924690314362,-18.058081333375,-246.64045444531));
#9250=CARTESIAN_POINT('Ctrl Pts',(-14.162342012514,-20.558081333375,-246.64045444531));
#9251=CARTESIAN_POINT('Ctrl Pts',(-18.6416127754357,-18.3164058756133,-246.628198602571));
#9252=CARTESIAN_POINT('Ctrl Pts',(-14.3114857565135,-20.8164058756133,-246.628198602571));
#9253=CARTESIAN_POINT('Ctrl Pts',(-18.7712152942314,-18.5408840229564,-246.481685746236));
#9254=CARTESIAN_POINT('Ctrl Pts',(-14.4410882753092,-21.0408840229564,-246.481685746236));
#9255=CARTESIAN_POINT('Ctrl Pts',(-18.8313199869778,-18.6449884045664,-246.413738685521));
#9256=CARTESIAN_POINT('Ctrl Pts',(-14.5011929680556,-21.1449884045664,-246.413738685521));
#9257=CARTESIAN_POINT('',(-14.5011929680556,-21.1449884045664,-246.413738685521));
#9258=CARTESIAN_POINT('',(-14.5011929680556,-21.1449884045664,-246.413738685521));
#9259=CARTESIAN_POINT('',(-14.0823654343337,-20.4195578365512,-246.647026496801));
#9260=CARTESIAN_POINT('Ctrl Pts',(-14.0823654343337,-20.4195578365512,-246.647026496801));
#9261=CARTESIAN_POINT('Ctrl Pts',(-14.162342012514,-20.558081333375,-246.64045444531));
#9262=CARTESIAN_POINT('Ctrl Pts',(-14.3114857565135,-20.8164058756133,-246.628198602571));
#9263=CARTESIAN_POINT('Ctrl Pts',(-14.4410882753092,-21.0408840229564,-246.481685746236));
#9264=CARTESIAN_POINT('Ctrl Pts',(-14.5011929680556,-21.1449884045664,-246.413738685521));
#9265=CARTESIAN_POINT('',(-14.0823654343337,-20.4195578365512,-246.647026496801));
#9266=CARTESIAN_POINT('Ctrl Pts',(-18.0448259703304,-17.2827408078842,-246.483315187368));
#9267=CARTESIAN_POINT('Ctrl Pts',(-13.7146989514082,-19.7827408078842,-246.483315187368));
#9268=CARTESIAN_POINT('Ctrl Pts',(-18.0995799479194,-17.3775774789848,-246.531010655516));
#9269=CARTESIAN_POINT('Ctrl Pts',(-13.7694529289972,-19.8775774789848,-246.531010655516));
#9270=CARTESIAN_POINT('Ctrl Pts',(-18.2166539987732,-17.5803556833115,-246.632992318027));
#9271=CARTESIAN_POINT('Ctrl Pts',(-13.886526979851,-20.0803556833115,-246.632992318027));
#9272=CARTESIAN_POINT('Ctrl Pts',(-18.3444597521214,-17.8017217416103,-246.642151136174));
#9273=CARTESIAN_POINT('Ctrl Pts',(-14.0143327331993,-20.3017217416103,-246.642151136174));
#9274=CARTESIAN_POINT('Ctrl Pts',(-18.4124924532559,-17.9195578365512,-246.647026496801));
#9275=CARTESIAN_POINT('Ctrl Pts',(-14.0823654343337,-20.4195578365512,-246.647026496801));
#9276=CARTESIAN_POINT('',(-13.7146989514082,-19.7827408078842,-246.483315187368));
#9277=CARTESIAN_POINT('Ctrl Pts',(-13.7146989514082,-19.7827408078842,-246.483315187368));
#9278=CARTESIAN_POINT('Ctrl Pts',(-13.7694529289972,-19.8775774789848,-246.531010655516));
#9279=CARTESIAN_POINT('Ctrl Pts',(-13.886526979851,-20.0803556833115,-246.632992318027));
#9280=CARTESIAN_POINT('Ctrl Pts',(-14.0143327331993,-20.3017217416103,-246.642151136174));
#9281=CARTESIAN_POINT('Ctrl Pts',(-14.0823654343337,-20.4195578365512,-246.647026496801));
#9282=CARTESIAN_POINT('',(-13.7146989514082,-19.7827408078842,-246.483315187368));
#9283=CARTESIAN_POINT('Ctrl Pts',(-17.8265454165127,-16.9046677983676,-246.037203031453));
#9284=CARTESIAN_POINT('Ctrl Pts',(-13.4964183975905,-19.4046677983676,-246.037203031453));
#9285=CARTESIAN_POINT('Ctrl Pts',(-17.853384263918,-16.9511540456901,-246.12695351713));
#9286=CARTESIAN_POINT('Ctrl Pts',(-13.5232572449958,-19.4511540456901,-246.12695351713));
#9287=CARTESIAN_POINT('Ctrl Pts',(-17.9082523455586,-17.0461883508056,-246.310435203248));
#9288=CARTESIAN_POINT('Ctrl Pts',(-13.5781253266364,-19.5461883508056,-246.310435203248));
#9289=CARTESIAN_POINT('Ctrl Pts',(-17.9986477065513,-17.2027577088135,-246.424861020085));
#9290=CARTESIAN_POINT('Ctrl Pts',(-13.6685206876291,-19.7027577088135,-246.424861020085));
#9291=CARTESIAN_POINT('Ctrl Pts',(-18.0448259703304,-17.2827408078842,-246.483315187368));
#9292=CARTESIAN_POINT('Ctrl Pts',(-13.7146989514082,-19.7827408078842,-246.483315187368));
#9293=CARTESIAN_POINT('',(-13.4964183975905,-19.4046677983676,-246.037203031453));
#9294=CARTESIAN_POINT('Ctrl Pts',(-13.4964183975905,-19.4046677983676,-246.037203031453));
#9295=CARTESIAN_POINT('Ctrl Pts',(-13.5232572449958,-19.4511540456901,-246.12695351713));
#9296=CARTESIAN_POINT('Ctrl Pts',(-13.5781253266364,-19.5461883508056,-246.310435203248));
#9297=CARTESIAN_POINT('Ctrl Pts',(-13.6685206876291,-19.7027577088135,-246.424861020085));
#9298=CARTESIAN_POINT('Ctrl Pts',(-13.7146989514082,-19.7827408078842,-246.483315187368));
#9299=CARTESIAN_POINT('',(-13.4964183975905,-19.4046677983676,-246.037203031453));
#9300=CARTESIAN_POINT('Ctrl Pts',(-17.7576495997097,-16.7853367432359,-245.078130918416));
#9301=CARTESIAN_POINT('Ctrl Pts',(-13.4275225807875,-19.2853367432359,-245.078130918416));
#9302=CARTESIAN_POINT('Ctrl Pts',(-17.7575840663844,-16.7852232361869,-245.272732769451));
#9303=CARTESIAN_POINT('Ctrl Pts',(-13.4274570474622,-19.2852232361869,-245.272732769451));
#9304=CARTESIAN_POINT('Ctrl Pts',(-17.7574738653782,-16.7850323624451,-245.599975736059));
#9305=CARTESIAN_POINT('Ctrl Pts',(-13.427346846456,-19.2850323624451,-245.599975736059));
#9306=CARTESIAN_POINT('Ctrl Pts',(-17.806623597185,-16.8701621951129,-245.911096652765));
#9307=CARTESIAN_POINT('Ctrl Pts',(-13.4764965782629,-19.3701621951129,-245.911096652765));
#9308=CARTESIAN_POINT('Ctrl Pts',(-17.8265454165127,-16.9046677983676,-246.037203031453));
#9309=CARTESIAN_POINT('Ctrl Pts',(-13.4964183975905,-19.4046677983676,-246.037203031453));
#9310=CARTESIAN_POINT('',(-13.4275225807875,-19.2853367432359,-245.078130918416));
#9311=CARTESIAN_POINT('Ctrl Pts',(-13.4275225807875,-19.2853367432359,-245.078130918416));
#9312=CARTESIAN_POINT('Ctrl Pts',(-13.4274570474622,-19.2852232361869,-245.272732769451));
#9313=CARTESIAN_POINT('Ctrl Pts',(-13.427346846456,-19.2850323624451,-245.599975736059));
#9314=CARTESIAN_POINT('Ctrl Pts',(-13.4764965782629,-19.3701621951129,-245.911096652765));
#9315=CARTESIAN_POINT('Ctrl Pts',(-13.4964183975905,-19.4046677983676,-246.037203031453));
#9316=CARTESIAN_POINT('',(-13.4275225807875,-19.2853367432359,-245.078130918416));
#9317=CARTESIAN_POINT('Origin',(-13.4275225807875,-19.2853367432359,-243.82574345437));
#9318=CARTESIAN_POINT('',(-13.4275225807875,-19.2853367432359,-242.573355990323));
#9319=CARTESIAN_POINT('',(-13.4275225807875,-19.2853367432359,-229.412871727185));
#9320=CARTESIAN_POINT('',(-13.4275225807875,-19.2853367432359,-242.573355990323));
#9321=CARTESIAN_POINT('Origin',(-13.5407559086531,-19.4814626202092,-242.573355990323));
#9322=CARTESIAN_POINT('',(-13.6539892365187,-19.6775884971826,-242.573355990323));
#9323=CARTESIAN_POINT('',(-12.2470690835826,-17.2407313101047,-242.573355990323));
#9324=CARTESIAN_POINT('',(-13.6539892365187,-19.6775884971826,-242.573355990323));
#9325=CARTESIAN_POINT('Origin',(-13.6539892365187,-19.6775884971826,-242.747980910215));
#9326=CARTESIAN_POINT('',(-13.6539892365187,-19.6775884971826,-242.922605830106));
#9327=CARTESIAN_POINT('',(-13.6539892365187,-19.6775884971826,-228.873990455107));
#9328=CARTESIAN_POINT('',(-13.6539892365187,-19.6775884971826,-242.922605830106));
#9329=CARTESIAN_POINT('Ctrl Pts',(-18.4070362440731,-17.91010740503,-242.507871943387));
#9330=CARTESIAN_POINT('Ctrl Pts',(-14.0769092251509,-20.41010740503,-242.507871943387));
#9331=CARTESIAN_POINT('Ctrl Pts',(-18.3250106165938,-17.7680348507132,-242.52586627542));
#9332=CARTESIAN_POINT('Ctrl Pts',(-13.9948835976717,-20.2680348507132,-242.52586627542));
#9333=CARTESIAN_POINT('Ctrl Pts',(-18.1592203423502,-17.4808776723223,-242.562236435995));
#9334=CARTESIAN_POINT('Ctrl Pts',(-13.829093323428,-19.9808776723223,-242.562236435995));
#9335=CARTESIAN_POINT('Ctrl Pts',(-18.0428910210424,-17.2793893774074,-242.801645622707));
#9336=CARTESIAN_POINT('Ctrl Pts',(-13.7127640021202,-19.7793893774074,-242.801645622707));
#9337=CARTESIAN_POINT('Ctrl Pts',(-17.9841162554409,-17.1775884971826,-242.922605830106));
#9338=CARTESIAN_POINT('Ctrl Pts',(-13.6539892365187,-19.6775884971826,-242.922605830106));
#9339=CARTESIAN_POINT('',(-14.0769092251509,-20.41010740503,-242.507871943387));
#9340=CARTESIAN_POINT('Ctrl Pts',(-14.0769092251509,-20.41010740503,-242.507871943387));
#9341=CARTESIAN_POINT('Ctrl Pts',(-13.9948835976717,-20.2680348507132,-242.52586627542));
#9342=CARTESIAN_POINT('Ctrl Pts',(-13.829093323428,-19.9808776723223,-242.562236435995));
#9343=CARTESIAN_POINT('Ctrl Pts',(-13.7127640021202,-19.7793893774074,-242.801645622707));
#9344=CARTESIAN_POINT('Ctrl Pts',(-13.6539892365187,-19.6775884971826,-242.922605830106));
#9345=CARTESIAN_POINT('',(-14.0769092251509,-20.41010740503,-242.507871943387));
#9346=CARTESIAN_POINT('Ctrl Pts',(-18.7419607035305,-18.4902135855077,-242.698867875012));
#9347=CARTESIAN_POINT('Ctrl Pts',(-14.4118336846083,-20.9902135855077,-242.698867875012));
#9348=CARTESIAN_POINT('Ctrl Pts',(-18.6914418083324,-18.4027122922823,-242.643175199371));
#9349=CARTESIAN_POINT('Ctrl Pts',(-14.3613147894102,-20.9027122922823,-242.643175199371));
#9350=CARTESIAN_POINT('Ctrl Pts',(-18.5872303936191,-18.2222128272703,-242.528291204085));
#9351=CARTESIAN_POINT('Ctrl Pts',(-14.2571033746969,-20.7222128272703,-242.528291204085));
#9352=CARTESIAN_POINT('Ctrl Pts',(-18.4683081682863,-18.0162334908448,-242.514815162116));
#9353=CARTESIAN_POINT('Ctrl Pts',(-14.1381811493641,-20.5162334908448,-242.514815162116));
#9354=CARTESIAN_POINT('Ctrl Pts',(-18.4070362440731,-17.91010740503,-242.507871943387));
#9355=CARTESIAN_POINT('Ctrl Pts',(-14.0769092251509,-20.41010740503,-242.507871943387));
#9356=CARTESIAN_POINT('',(-14.4118336846083,-20.9902135855077,-242.698867875012));
#9357=CARTESIAN_POINT('Ctrl Pts',(-14.4118336846083,-20.9902135855077,-242.698867875012));
#9358=CARTESIAN_POINT('Ctrl Pts',(-14.3613147894102,-20.9027122922823,-242.643175199371));
#9359=CARTESIAN_POINT('Ctrl Pts',(-14.2571033746969,-20.7222128272703,-242.528291204085));
#9360=CARTESIAN_POINT('Ctrl Pts',(-14.1381811493641,-20.5162334908448,-242.514815162116));
#9361=CARTESIAN_POINT('Ctrl Pts',(-14.0769092251509,-20.41010740503,-242.507871943387));
#9362=CARTESIAN_POINT('',(-14.4118336846083,-20.9902135855077,-242.698867875012));
#9363=CARTESIAN_POINT('Ctrl Pts',(-18.9595599762585,-18.8671065815626,-243.240477400693));
#9364=CARTESIAN_POINT('Ctrl Pts',(-14.6294329573363,-21.3671065815626,-243.240477400693));
#9365=CARTESIAN_POINT('Ctrl Pts',(-18.9324351785682,-18.820125053818,-243.131211975262));
#9366=CARTESIAN_POINT('Ctrl Pts',(-14.602308159646,-21.320125053818,-243.131211975262));
#9367=CARTESIAN_POINT('Ctrl Pts',(-18.879665733069,-18.7287256931262,-242.918643535931));
#9368=CARTESIAN_POINT('Ctrl Pts',(-14.5495387141468,-21.2287256931262,-242.918643535931));
#9369=CARTESIAN_POINT('Ctrl Pts',(-18.7869959368036,-18.5682168976675,-242.770743595096));
#9370=CARTESIAN_POINT('Ctrl Pts',(-14.4568689178814,-21.0682168976675,-242.770743595096));
#9371=CARTESIAN_POINT('Ctrl Pts',(-18.7419607035305,-18.4902135855077,-242.698867875012));
#9372=CARTESIAN_POINT('Ctrl Pts',(-14.4118336846083,-20.9902135855077,-242.698867875012));
#9373=CARTESIAN_POINT('',(-14.6294329573363,-21.3671065815626,-243.240477400693));
#9374=CARTESIAN_POINT('Ctrl Pts',(-14.6294329573363,-21.3671065815626,-243.240477400693));
#9375=CARTESIAN_POINT('Ctrl Pts',(-14.602308159646,-21.320125053818,-243.131211975262));
#9376=CARTESIAN_POINT('Ctrl Pts',(-14.5495387141468,-21.2287256931262,-242.918643535931));
#9377=CARTESIAN_POINT('Ctrl Pts',(-14.4568689178814,-21.0682168976675,-242.770743595096));
#9378=CARTESIAN_POINT('Ctrl Pts',(-14.4118336846083,-20.9902135855077,-242.698867875012));
#9379=CARTESIAN_POINT('',(-14.6294329573363,-21.3671065815626,-243.240477400693));
#9380=CARTESIAN_POINT('Ctrl Pts',(-19.0345938793804,-18.99706911406,-244.005825477513));
#9381=CARTESIAN_POINT('Ctrl Pts',(-14.7044668604582,-21.49706911406,-244.005825477513));
#9382=CARTESIAN_POINT('Ctrl Pts',(-19.0317466838162,-18.9921376266836,-243.871573062132));
#9383=CARTESIAN_POINT('Ctrl Pts',(-14.701619664894,-21.4921376266836,-243.871573062132));
#9384=CARTESIAN_POINT('Ctrl Pts',(-19.0261726903776,-18.9824831868471,-243.60874528457));
#9385=CARTESIAN_POINT('Ctrl Pts',(-14.6960456714554,-21.4824831868471,-243.60874528457));
#9386=CARTESIAN_POINT('Ctrl Pts',(-18.9814421559705,-18.9050076286043,-243.361452864968));
#9387=CARTESIAN_POINT('Ctrl Pts',(-14.6513151370483,-21.4050076286043,-243.361452864968));
#9388=CARTESIAN_POINT('Ctrl Pts',(-18.9595599762585,-18.8671065815626,-243.240477400693));
#9389=CARTESIAN_POINT('Ctrl Pts',(-14.6294329573363,-21.3671065815626,-243.240477400693));
#9390=CARTESIAN_POINT('',(-14.7044668604582,-21.49706911406,-244.005825477513));
#9391=CARTESIAN_POINT('Ctrl Pts',(-14.7044668604582,-21.49706911406,-244.005825477513));
#9392=CARTESIAN_POINT('Ctrl Pts',(-14.701619664894,-21.4921376266836,-243.871573062132));
#9393=CARTESIAN_POINT('Ctrl Pts',(-14.6960456714554,-21.4824831868471,-243.60874528457));
#9394=CARTESIAN_POINT('Ctrl Pts',(-14.6513151370483,-21.4050076286043,-243.361452864968));
#9395=CARTESIAN_POINT('Ctrl Pts',(-14.6294329573363,-21.3671065815626,-243.240477400693));
#9396=CARTESIAN_POINT('',(-14.7044668604582,-21.49706911406,-244.005825477513));
#9397=CARTESIAN_POINT('Ctrl Pts',(-18.8708831659939,-18.7135138407312,-245.039932089719));
#9398=CARTESIAN_POINT('Ctrl Pts',(-14.5407561470717,-21.2135138407312,-245.039932089719));
#9399=CARTESIAN_POINT('Ctrl Pts',(-18.9186209249529,-18.7961980646876,-244.886291597509));
#9400=CARTESIAN_POINT('Ctrl Pts',(-14.5884939060307,-21.2961980646876,-244.886291597509));
#9401=CARTESIAN_POINT('Ctrl Pts',(-19.0169642035214,-18.9665336197513,-244.569780934791));
#9402=CARTESIAN_POINT('Ctrl Pts',(-14.6868371845992,-21.4665336197513,-244.569780934791));
#9403=CARTESIAN_POINT('Ctrl Pts',(-19.0286041774271,-18.9866946459547,-244.197429970475));
#9404=CARTESIAN_POINT('Ctrl Pts',(-14.6984771585049,-21.4866946459547,-244.197429970475));
#9405=CARTESIAN_POINT('Ctrl Pts',(-19.0345938793804,-18.99706911406,-244.005825477513));
#9406=CARTESIAN_POINT('Ctrl Pts',(-14.7044668604582,-21.49706911406,-244.005825477513));
#9407=CARTESIAN_POINT('',(-14.5407561470717,-21.2135138407312,-245.039932089719));
#9408=CARTESIAN_POINT('Ctrl Pts',(-14.5407561470717,-21.2135138407312,-245.039932089719));
#9409=CARTESIAN_POINT('Ctrl Pts',(-14.5884939060307,-21.2961980646876,-244.886291597509));
#9410=CARTESIAN_POINT('Ctrl Pts',(-14.6868371845992,-21.4665336197513,-244.569780934791));
#9411=CARTESIAN_POINT('Ctrl Pts',(-14.6984771585049,-21.4866946459547,-244.197429970475));
#9412=CARTESIAN_POINT('Ctrl Pts',(-14.7044668604582,-21.49706911406,-244.005825477513));
#9413=CARTESIAN_POINT('',(-14.5407561470717,-21.2135138407312,-245.039932089719));
#9414=CARTESIAN_POINT('Ctrl Pts',(-18.4083999983456,-17.9124694967189,-245.471036988172));
#9415=CARTESIAN_POINT('Ctrl Pts',(-14.0782729794234,-20.4124694967189,-245.471036988172));
#9416=CARTESIAN_POINT('Ctrl Pts',(-18.501515865134,-18.0737509089873,-245.455247671782));
#9417=CARTESIAN_POINT('Ctrl Pts',(-14.1713888462118,-20.5737509089873,-245.455247671782));
#9418=CARTESIAN_POINT('Ctrl Pts',(-18.6825075788251,-18.3872377528493,-245.424557569978));
#9419=CARTESIAN_POINT('Ctrl Pts',(-14.3523805599029,-20.8872377528493,-245.424557569978));
#9420=CARTESIAN_POINT('Ctrl Pts',(-18.8093150682223,-18.6068747672655,-245.165641899201));
#9421=CARTESIAN_POINT('Ctrl Pts',(-14.4791880493001,-21.1068747672655,-245.165641899201));
#9422=CARTESIAN_POINT('Ctrl Pts',(-18.8708831659939,-18.7135138407312,-245.039932089719));
#9423=CARTESIAN_POINT('Ctrl Pts',(-14.5407561470717,-21.2135138407312,-245.039932089719));
#9424=CARTESIAN_POINT('',(-14.0782729794234,-20.4124694967189,-245.471036988172));
#9425=CARTESIAN_POINT('Ctrl Pts',(-14.0782729794234,-20.4124694967189,-245.471036988172));
#9426=CARTESIAN_POINT('Ctrl Pts',(-14.1713888462118,-20.5737509089873,-245.455247671782));
#9427=CARTESIAN_POINT('Ctrl Pts',(-14.3523805599029,-20.8872377528493,-245.424557569978));
#9428=CARTESIAN_POINT('Ctrl Pts',(-14.4791880493001,-21.1068747672655,-245.165641899201));
#9429=CARTESIAN_POINT('Ctrl Pts',(-14.5407561470717,-21.2135138407312,-245.039932089719));
#9430=CARTESIAN_POINT('',(-14.0782729794234,-20.4124694967189,-245.471036988172));
#9431=CARTESIAN_POINT('Ctrl Pts',(-18.007308422723,-17.2177585092528,-245.091773825559));
#9432=CARTESIAN_POINT('Ctrl Pts',(-13.6771814038008,-19.7177585092528,-245.091773825559));
#9433=CARTESIAN_POINT('Ctrl Pts',(-18.063851040646,-17.3156931962883,-245.202388787223));
#9434=CARTESIAN_POINT('Ctrl Pts',(-13.7337240217238,-19.8156931962883,-245.202388787223));
#9435=CARTESIAN_POINT('Ctrl Pts',(-18.1757963789558,-17.5095882099115,-245.421388716134));
#9436=CARTESIAN_POINT('Ctrl Pts',(-13.8456693600336,-20.0095882099115,-245.421388716134));
#9437=CARTESIAN_POINT('Ctrl Pts',(-18.3313935879552,-17.7790904814144,-245.454600291177));
#9438=CARTESIAN_POINT('Ctrl Pts',(-14.001266569033,-20.2790904814144,-245.454600291177));
#9439=CARTESIAN_POINT('Ctrl Pts',(-18.4083999983456,-17.9124694967189,-245.471036988172));
#9440=CARTESIAN_POINT('Ctrl Pts',(-14.0782729794234,-20.4124694967189,-245.471036988172));
#9441=CARTESIAN_POINT('',(-13.6771814038008,-19.7177585092528,-245.091773825559));
#9442=CARTESIAN_POINT('Ctrl Pts',(-13.6771814038008,-19.7177585092528,-245.091773825559));
#9443=CARTESIAN_POINT('Ctrl Pts',(-13.7337240217238,-19.8156931962883,-245.202388787223));
#9444=CARTESIAN_POINT('Ctrl Pts',(-13.8456693600336,-20.0095882099115,-245.421388716134));
#9445=CARTESIAN_POINT('Ctrl Pts',(-14.001266569033,-20.2790904814144,-245.454600291177));
#9446=CARTESIAN_POINT('Ctrl Pts',(-14.0782729794234,-20.4124694967189,-245.471036988172));
#9447=CARTESIAN_POINT('',(-13.6771814038008,-19.7177585092528,-245.091773825559));
#9448=CARTESIAN_POINT('Ctrl Pts',(-18.0250443808224,-17.2484780898018,-245.722060161504));
#9449=CARTESIAN_POINT('Ctrl Pts',(-13.6949173619002,-19.7484780898018,-245.722060161504));
#9450=CARTESIAN_POINT('Ctrl Pts',(-18.0196559728034,-17.239145093341,-245.644625766129));
#9451=CARTESIAN_POINT('Ctrl Pts',(-13.6895289538812,-19.739145093341,-245.644625766129));
#9452=CARTESIAN_POINT('Ctrl Pts',(-18.0051193849551,-17.213966984619,-245.435726980647));
#9453=CARTESIAN_POINT('Ctrl Pts',(-13.6749923660329,-19.713966984619,-245.435726980647));
#9454=CARTESIAN_POINT('Ctrl Pts',(-18.0064629125864,-17.2162940427379,-245.224624835898));
#9455=CARTESIAN_POINT('Ctrl Pts',(-13.6763358936642,-19.7162940427379,-245.224624835898));
#9456=CARTESIAN_POINT('Ctrl Pts',(-18.007308422723,-17.2177585092528,-245.091773825559));
#9457=CARTESIAN_POINT('Ctrl Pts',(-13.6771814038008,-19.7177585092528,-245.091773825559));
#9458=CARTESIAN_POINT('',(-13.6949173619002,-19.7484780898018,-245.722060161504));
#9459=CARTESIAN_POINT('Ctrl Pts',(-13.6949173619002,-19.7484780898018,-245.722060161504));
#9460=CARTESIAN_POINT('Ctrl Pts',(-13.6895289538812,-19.739145093341,-245.644625766129));
#9461=CARTESIAN_POINT('Ctrl Pts',(-13.6749923660329,-19.713966984619,-245.435726980647));
#9462=CARTESIAN_POINT('Ctrl Pts',(-13.6763358936642,-19.7162940427379,-245.224624835898));
#9463=CARTESIAN_POINT('Ctrl Pts',(-13.6771814038008,-19.7177585092528,-245.091773825559));
#9464=CARTESIAN_POINT('',(-13.6949173619002,-19.7484780898018,-245.722060161504));
#9465=CARTESIAN_POINT('Ctrl Pts',(-18.1505562655117,-17.4658710510375,-246.104052024755));
#9466=CARTESIAN_POINT('Ctrl Pts',(-13.8204292465895,-19.9658710510375,-246.104052024755));
#9467=CARTESIAN_POINT('Ctrl Pts',(-18.121999036153,-17.4164084788647,-246.052982571852));
#9468=CARTESIAN_POINT('Ctrl Pts',(-13.7918720172308,-19.9164084788647,-246.052982571852));
#9469=CARTESIAN_POINT('Ctrl Pts',(-18.063310012001,-17.3147561071869,-245.948027839824));
#9470=CARTESIAN_POINT('Ctrl Pts',(-13.7331829930788,-19.8147561071869,-245.948027839824));
#9471=CARTESIAN_POINT('Ctrl Pts',(-18.0380257083985,-17.2709624087134,-245.798717996839));
#9472=CARTESIAN_POINT('Ctrl Pts',(-13.7078986894763,-19.7709624087134,-245.798717996839));
#9473=CARTESIAN_POINT('Ctrl Pts',(-18.0250443808224,-17.2484780898018,-245.722060161504));
#9474=CARTESIAN_POINT('Ctrl Pts',(-13.6949173619002,-19.7484780898018,-245.722060161504));
#9475=CARTESIAN_POINT('',(-13.8204292465895,-19.9658710510375,-246.104052024755));
#9476=CARTESIAN_POINT('Ctrl Pts',(-13.8204292465895,-19.9658710510375,-246.104052024755));
#9477=CARTESIAN_POINT('Ctrl Pts',(-13.7918720172308,-19.9164084788647,-246.052982571852));
#9478=CARTESIAN_POINT('Ctrl Pts',(-13.7331829930788,-19.8147561071869,-245.948027839824));
#9479=CARTESIAN_POINT('Ctrl Pts',(-13.7078986894763,-19.7709624087134,-245.798717996839));
#9480=CARTESIAN_POINT('Ctrl Pts',(-13.6949173619002,-19.7484780898018,-245.722060161504));
#9481=CARTESIAN_POINT('',(-13.8204292465895,-19.9658710510375,-246.104052024755));
#9482=CARTESIAN_POINT('Ctrl Pts',(-18.4138573996212,-17.9219219930056,-246.240477519902));
#9483=CARTESIAN_POINT('Ctrl Pts',(-14.083730380699,-20.4219219930056,-246.240477519902));
#9484=CARTESIAN_POINT('Ctrl Pts',(-18.3623208519571,-17.8326580740048,-246.237580101524));
#9485=CARTESIAN_POINT('Ctrl Pts',(-14.0321938330349,-20.3326580740048,-246.237580101524));
#9486=CARTESIAN_POINT('Ctrl Pts',(-18.2689853366309,-17.6709962193091,-246.232332717876));
#9487=CARTESIAN_POINT('Ctrl Pts',(-13.9388583177087,-20.1709962193091,-246.232332717876));
#9488=CARTESIAN_POINT('Ctrl Pts',(-18.1871880178558,-17.5293191072676,-246.143731020262));
#9489=CARTESIAN_POINT('Ctrl Pts',(-13.8570609989336,-20.0293191072676,-246.143731020262));
#9490=CARTESIAN_POINT('Ctrl Pts',(-18.1505562655117,-17.4658710510375,-246.104052024755));
#9491=CARTESIAN_POINT('Ctrl Pts',(-13.8204292465895,-19.9658710510375,-246.104052024755));
#9492=CARTESIAN_POINT('',(-14.083730380699,-20.4219219930056,-246.240477519902));
#9493=CARTESIAN_POINT('Ctrl Pts',(-14.083730380699,-20.4219219930056,-246.240477519902));
#9494=CARTESIAN_POINT('Ctrl Pts',(-14.0321938330349,-20.3326580740048,-246.237580101524));
#9495=CARTESIAN_POINT('Ctrl Pts',(-13.9388583177087,-20.1709962193091,-246.232332717876));
#9496=CARTESIAN_POINT('Ctrl Pts',(-13.8570609989336,-20.0293191072676,-246.143731020262));
#9497=CARTESIAN_POINT('Ctrl Pts',(-13.8204292465895,-19.9658710510375,-246.104052024755));
#9498=CARTESIAN_POINT('',(-14.083730380699,-20.4219219930056,-246.240477519902));
#9499=CARTESIAN_POINT('Ctrl Pts',(-18.6635162226345,-18.3543437590225,-246.104052024755));
#9500=CARTESIAN_POINT('Ctrl Pts',(-14.3333892037123,-20.8543437590225,-246.104052024755));
#9501=CARTESIAN_POINT('Ctrl Pts',(-18.6282858845329,-18.2933230234627,-246.14376293682));
#9502=CARTESIAN_POINT('Ctrl Pts',(-14.2981588656107,-20.7933230234627,-246.14376293682));
#9503=CARTESIAN_POINT('Ctrl Pts',(-18.5510638639001,-18.1595705602636,-246.230806009244));
#9504=CARTESIAN_POINT('Ctrl Pts',(-14.2209368449779,-20.6595705602636,-246.230806009244));
#9505=CARTESIAN_POINT('Ctrl Pts',(-18.4621868293454,-18.0056310207887,-246.237070839341));
#9506=CARTESIAN_POINT('Ctrl Pts',(-14.1320598104232,-20.5056310207887,-246.237070839341));
#9507=CARTESIAN_POINT('Ctrl Pts',(-18.4138573996212,-17.9219219930056,-246.240477519902));
#9508=CARTESIAN_POINT('Ctrl Pts',(-14.083730380699,-20.4219219930056,-246.240477519902));
#9509=CARTESIAN_POINT('',(-14.3333892037123,-20.8543437590225,-246.104052024755));
#9510=CARTESIAN_POINT('Ctrl Pts',(-14.3333892037123,-20.8543437590225,-246.104052024755));
#9511=CARTESIAN_POINT('Ctrl Pts',(-14.2981588656107,-20.7933230234627,-246.14376293682));
#9512=CARTESIAN_POINT('Ctrl Pts',(-14.2209368449779,-20.6595705602636,-246.230806009244));
#9513=CARTESIAN_POINT('Ctrl Pts',(-14.1320598104232,-20.5056310207887,-246.237070839341));
#9514=CARTESIAN_POINT('Ctrl Pts',(-14.083730380699,-20.4219219930056,-246.240477519902));
#9515=CARTESIAN_POINT('',(-14.3333892037123,-20.8543437590225,-246.104052024755));
#9516=CARTESIAN_POINT('Ctrl Pts',(-18.7467362276699,-18.49848503595,-245.782087403211));
#9517=CARTESIAN_POINT('Ctrl Pts',(-14.4166092087477,-20.99848503595,-245.782087403211));
#9518=CARTESIAN_POINT('Ctrl Pts',(-18.7405016857785,-18.4876864926322,-245.849193032233));
#9519=CARTESIAN_POINT('Ctrl Pts',(-14.4103746668563,-20.9876864926322,-245.849193032233));
#9520=CARTESIAN_POINT('Ctrl Pts',(-18.7289180102574,-18.4676229780911,-245.973874178943));
#9521=CARTESIAN_POINT('Ctrl Pts',(-14.3987909913352,-20.9676229780911,-245.973874178943));
#9522=CARTESIAN_POINT('Ctrl Pts',(-18.6841768760738,-18.3901290604969,-246.062928387993));
#9523=CARTESIAN_POINT('Ctrl Pts',(-14.3540498571516,-20.8901290604969,-246.062928387993));
#9524=CARTESIAN_POINT('Ctrl Pts',(-18.6635162226345,-18.3543437590225,-246.104052024755));
#9525=CARTESIAN_POINT('Ctrl Pts',(-14.3333892037123,-20.8543437590225,-246.104052024755));
#9526=CARTESIAN_POINT('',(-14.4166092087477,-20.99848503595,-245.782087403211));
#9527=CARTESIAN_POINT('Ctrl Pts',(-14.4166092087477,-20.99848503595,-245.782087403211));
#9528=CARTESIAN_POINT('Ctrl Pts',(-14.4103746668563,-20.9876864926322,-245.849193032233));
#9529=CARTESIAN_POINT('Ctrl Pts',(-14.3987909913352,-20.9676229780911,-245.973874178943));
#9530=CARTESIAN_POINT('Ctrl Pts',(-14.3540498571516,-20.8901290604969,-246.062928387993));
#9531=CARTESIAN_POINT('Ctrl Pts',(-14.3333892037123,-20.8543437590225,-246.104052024755));
#9532=CARTESIAN_POINT('',(-14.4166092087477,-20.99848503595,-245.782087403211));
#9533=CARTESIAN_POINT('Origin',(-14.535981517002,-21.2052439388631,-245.746616679105));
#9534=CARTESIAN_POINT('',(-14.6553538252562,-21.4120028417762,-245.711145954999));
#9535=CARTESIAN_POINT('',(-13.9007245497792,-20.1049465957712,-245.935379256877));
#9536=CARTESIAN_POINT('',(-14.6553538252562,-21.4120028417762,-245.711145954999));
#9537=CARTESIAN_POINT('Ctrl Pts',(-18.8313199869778,-18.6449884045664,-246.413738685521));
#9538=CARTESIAN_POINT('Ctrl Pts',(-14.5011929680556,-21.1449884045664,-246.413738685521));
#9539=CARTESIAN_POINT('Ctrl Pts',(-18.8775719967753,-18.7250992354878,-246.322494127547));
#9540=CARTESIAN_POINT('Ctrl Pts',(-14.5474449778531,-21.2250992354878,-246.322494127547));
#9541=CARTESIAN_POINT('Ctrl Pts',(-18.9750433225468,-18.8939245240052,-246.130205661077));
#9542=CARTESIAN_POINT('Ctrl Pts',(-14.6449163036246,-21.3939245240052,-246.130205661077));
#9543=CARTESIAN_POINT('Ctrl Pts',(-18.9818854415884,-18.9057754218167,-245.855499030926));
#9544=CARTESIAN_POINT('Ctrl Pts',(-14.6517584226662,-21.4057754218167,-245.855499030926));
#9545=CARTESIAN_POINT('Ctrl Pts',(-18.9854808441784,-18.9120028417762,-245.711145954999));
#9546=CARTESIAN_POINT('Ctrl Pts',(-14.6553538252562,-21.4120028417762,-245.711145954999));
#9547=CARTESIAN_POINT('Ctrl Pts',(-14.5011929680556,-21.1449884045664,-246.413738685521));
#9548=CARTESIAN_POINT('Ctrl Pts',(-14.5474449778531,-21.2250992354878,-246.322494127547));
#9549=CARTESIAN_POINT('Ctrl Pts',(-14.6449163036246,-21.3939245240052,-246.130205661077));
#9550=CARTESIAN_POINT('Ctrl Pts',(-14.6517584226662,-21.4057754218167,-245.855499030926));
#9551=CARTESIAN_POINT('Ctrl Pts',(-14.6553538252562,-21.4120028417762,-245.711145954999));
#9552=CARTESIAN_POINT('Origin',(-15.2835092774344,-12.5000000000002,-215.));
#9553=CARTESIAN_POINT('',(-20.8681543461468,-22.1728890012491,-241.471036630544));
#9554=CARTESIAN_POINT('',(-20.8681543461468,-22.1728890012491,-242.035839515599));
#9555=CARTESIAN_POINT('',(-20.8681543461468,-22.1728890012491,-241.471036630544));
#9556=CARTESIAN_POINT('',(-21.1137207142498,-22.5982224274337,-241.471036630544));
#9557=CARTESIAN_POINT('',(-21.1137207142498,-22.5982224274337,-241.471036630544));
#9558=CARTESIAN_POINT('',(-21.1137207142498,-22.5982224274337,-242.035839515599));
#9559=CARTESIAN_POINT('',(-21.1137207142498,-22.5982224274337,-242.035839515599));
#9560=CARTESIAN_POINT('',(-20.8681543461468,-22.1728890012491,-242.035839515599));
#9561=CARTESIAN_POINT('Origin',(-16.5380273272246,-24.6728890012491,-241.753438073072));
#9562=CARTESIAN_POINT('',(-16.5380273272246,-24.6728890012491,-242.035839515599));
#9563=CARTESIAN_POINT('',(-16.5380273272246,-24.6728890012491,-242.035839515599));
#9564=CARTESIAN_POINT('',(-16.5380273272246,-24.6728890012491,-241.471036630544));
#9565=CARTESIAN_POINT('',(-16.5380273272246,-24.6728890012491,-228.376719036536));
#9566=CARTESIAN_POINT('',(-16.5380273272246,-24.6728890012491,-241.471036630544));
#9567=CARTESIAN_POINT('Origin',(-16.6608105112761,-24.8855557143414,-241.471036630544));
#9568=CARTESIAN_POINT('',(-16.7835936953276,-25.0982224274337,-241.471036630544));
#9569=CARTESIAN_POINT('',(-13.8070963848941,-19.9427778571708,-241.471036630544));
#9570=CARTESIAN_POINT('',(-16.7835936953276,-25.0982224274337,-241.471036630544));
#9571=CARTESIAN_POINT('Origin',(-16.7835936953276,-25.0982224274337,-241.753438073072));
#9572=CARTESIAN_POINT('',(-16.7835936953276,-25.0982224274337,-242.035839515599));
#9573=CARTESIAN_POINT('',(-16.7835936953276,-25.0982224274337,-228.376719036536));
#9574=CARTESIAN_POINT('',(-16.7835936953276,-25.0982224274337,-242.035839515599));
#9575=CARTESIAN_POINT('Origin',(-16.6608105112761,-24.8855557143414,-242.035839515599));
#9576=CARTESIAN_POINT('',(-13.8070963848941,-19.9427778571708,-242.035839515599));
#9577=CARTESIAN_POINT('Origin',(-15.2835092774344,-12.5000000000002,-215.));
#9578=CARTESIAN_POINT('',(-20.2487822167065,-21.1001050042663,-243.888499694738));
#9579=CARTESIAN_POINT('',(-20.2487822167065,-21.1001050042663,-245.471036988172));
#9580=CARTESIAN_POINT('',(-20.2487822167065,-21.1001050042663,-243.888499694738));
#9581=CARTESIAN_POINT('',(-20.1348670117046,-20.9027980814485,-243.132701474103));
#9582=CARTESIAN_POINT('Ctrl Pts',(-20.1348670117046,-20.9027980814485,-243.132701474103));
#9583=CARTESIAN_POINT('Ctrl Pts',(-20.1678631531074,-20.9599490748118,-243.225807346993));
#9584=CARTESIAN_POINT('Ctrl Pts',(-20.2471759314045,-21.0973228365118,-243.449605801623));
#9585=CARTESIAN_POINT('Ctrl Pts',(-20.248190016759,-21.099079283869,-243.72668974719));
#9586=CARTESIAN_POINT('Ctrl Pts',(-20.2487822167065,-21.1001050042663,-243.888499694738));
#9587=CARTESIAN_POINT('',(-19.8640622488644,-20.4337504732776,-242.933520036611));
#9588=CARTESIAN_POINT('Ctrl Pts',(-19.8640622488644,-20.4337504732776,-242.933520036611));
#9589=CARTESIAN_POINT('Ctrl Pts',(-19.9143745576928,-20.5208939484145,-242.941483233815));
#9590=CARTESIAN_POINT('Ctrl Pts',(-20.0140054716445,-20.6934597533834,-242.957252349442));
#9591=CARTESIAN_POINT('Ctrl Pts',(-20.0948486040869,-20.8334841662166,-243.074608597053));
#9592=CARTESIAN_POINT('Ctrl Pts',(-20.1348670117046,-20.9027980814485,-243.132701474103));
#9593=CARTESIAN_POINT('',(-19.6928479067471,-20.1371985337459,-243.022196846875));
#9594=CARTESIAN_POINT('Ctrl Pts',(-19.6928479067471,-20.1371985337459,-243.022196846875));
#9595=CARTESIAN_POINT('Ctrl Pts',(-19.7187928855115,-20.1821365551673,-242.996342574142));
#9596=CARTESIAN_POINT('Ctrl Pts',(-19.7726731436312,-20.2754598997554,-242.942650686359));
#9597=CARTESIAN_POINT('Ctrl Pts',(-19.8328581492092,-20.3797033872703,-242.936637625999));
#9598=CARTESIAN_POINT('Ctrl Pts',(-19.8640622488644,-20.4337504732776,-242.933520036611));
#9599=CARTESIAN_POINT('',(-19.5912106625225,-19.9611576628077,-243.259577113065));
#9600=CARTESIAN_POINT('Ctrl Pts',(-19.5912106625225,-19.9611576628077,-243.259577113065));
#9601=CARTESIAN_POINT('Ctrl Pts',(-19.6028294014947,-19.9812819090274,-243.212244716104));
#9602=CARTESIAN_POINT('Ctrl Pts',(-19.6265118009307,-20.0223010280958,-243.115767401848));
#9603=CARTESIAN_POINT('Ctrl Pts',(-19.6704606489821,-20.0984226658548,-243.053775247621));
#9604=CARTESIAN_POINT('Ctrl Pts',(-19.6928479067471,-20.1371985337459,-243.022196846875));
#9605=CARTESIAN_POINT('',(-19.5625616900112,-19.9115361868335,-243.708417373571));
#9606=CARTESIAN_POINT('Ctrl Pts',(-19.5625616900112,-19.9115361868335,-243.708417373571));
#9607=CARTESIAN_POINT('Ctrl Pts',(-19.5627975254909,-19.9119446658666,-243.62038297212));
#9608=CARTESIAN_POINT('Ctrl Pts',(-19.563205251428,-19.9126508679051,-243.46818403723));
#9609=CARTESIAN_POINT('Ctrl Pts',(-19.582905405861,-19.9467725363,-243.321441373536));
#9610=CARTESIAN_POINT('Ctrl Pts',(-19.5912106625225,-19.9611576628077,-243.259577113065));
#9611=CARTESIAN_POINT('',(-19.5625616900112,-19.9115361868335,-245.471036988172));
#9612=CARTESIAN_POINT('',(-19.5625616900112,-19.9115361868335,-245.471036988172));
#9613=CARTESIAN_POINT('',(-19.3169953219082,-19.4862027606489,-245.471036988172));
#9614=CARTESIAN_POINT('',(-19.3169953219082,-19.4862027606489,-245.471036988172));
#9615=CARTESIAN_POINT('',(-19.3169953219082,-19.4862027606489,-243.689318257245));
#9616=CARTESIAN_POINT('',(-19.3169953219082,-19.4862027606489,-243.689318257245));
#9617=CARTESIAN_POINT('',(-19.3306376330044,-19.5098319366001,-243.211828428182));
#9618=CARTESIAN_POINT('Ctrl Pts',(-19.3306376330044,-19.5098319366001,-243.211828428182));
#9619=CARTESIAN_POINT('Ctrl Pts',(-19.3267006368906,-19.5030128593018,-243.274286995158));
#9620=CARTESIAN_POINT('Ctrl Pts',(-19.316713373796,-19.4857144121934,-243.432730164232));
#9621=CARTESIAN_POINT('Ctrl Pts',(-19.3168889550708,-19.4860185278823,-243.592518659083));
#9622=CARTESIAN_POINT('Ctrl Pts',(-19.3169953219082,-19.4862027606489,-243.689318257245));
#9623=CARTESIAN_POINT('',(-19.4070364824917,-19.642158625552,-242.848936277303));
#9624=CARTESIAN_POINT('Ctrl Pts',(-19.4070364824917,-19.642158625552,-242.848936277303));
#9625=CARTESIAN_POINT('Ctrl Pts',(-19.3900968583543,-19.6128183358849,-242.903386357731));
#9626=CARTESIAN_POINT('Ctrl Pts',(-19.3550103346829,-19.5520466942251,-243.016167138482));
#9627=CARTESIAN_POINT('Ctrl Pts',(-19.3389461155723,-19.5242226505416,-243.145128870778));
#9628=CARTESIAN_POINT('Ctrl Pts',(-19.3306376330044,-19.5098319366001,-243.211828428182));
#9629=CARTESIAN_POINT('',(-19.5714290730145,-19.9268949447253,-242.602005558881));
#9630=CARTESIAN_POINT('Ctrl Pts',(-19.5714290730145,-19.9268949447253,-242.602005558881));
#9631=CARTESIAN_POINT('Ctrl Pts',(-19.5377981936377,-19.8686445529415,-242.634015570499));
#9632=CARTESIAN_POINT('Ctrl Pts',(-19.4745464648658,-19.7590893450419,-242.69421883043));
#9633=CARTESIAN_POINT('Ctrl Pts',(-19.4285681666555,-19.6794525964962,-242.799590579325));
#9634=CARTESIAN_POINT('Ctrl Pts',(-19.4070364824917,-19.642158625552,-242.848936277303));
#9635=CARTESIAN_POINT('',(-19.8122205130245,-20.3439579528504,-242.507871943387));
#9636=CARTESIAN_POINT('Ctrl Pts',(-19.8122205130245,-20.3439579528504,-242.507871943387));
#9637=CARTESIAN_POINT('Ctrl Pts',(-19.7699000633803,-20.2706567838674,-242.51140957642));
#9638=CARTESIAN_POINT('Ctrl Pts',(-19.687214311913,-20.127440861264,-242.518321408601));
#9639=CARTESIAN_POINT('Ctrl Pts',(-19.6094109186779,-19.9926814311796,-242.574554058926));
#9640=CARTESIAN_POINT('Ctrl Pts',(-19.5714290730145,-19.9268949447253,-242.602005558881));
#9641=CARTESIAN_POINT('',(-20.2733387343075,-21.1426381404082,-242.985361772451));
#9642=CARTESIAN_POINT('Ctrl Pts',(-20.2733387343075,-21.1426381404082,-242.985361772451));
#9643=CARTESIAN_POINT('Ctrl Pts',(-20.2135067569016,-21.0390061156239,-242.846102322081));
#9644=CARTESIAN_POINT('Ctrl Pts',(-20.0920716783734,-20.828674389792,-242.563461115411));
#9645=CARTESIAN_POINT('Ctrl Pts',(-19.9064068716908,-20.5070935114402,-242.526580965691));
#9646=CARTESIAN_POINT('Ctrl Pts',(-19.8122205130245,-20.3439579528504,-242.507871943387));
#9647=CARTESIAN_POINT('',(-20.2733387343075,-21.1426381404082,-242.57335658637));
#9648=CARTESIAN_POINT('',(-20.2733387343075,-21.1426381404082,-242.57335658637));
#9649=CARTESIAN_POINT('',(-20.4943485848095,-21.5254384304509,-242.57335658637));
#9650=CARTESIAN_POINT('',(-20.4943485848095,-21.5254384304509,-242.57335658637));
#9651=CARTESIAN_POINT('',(-20.4943485848095,-21.5254384304509,-245.471036988172));
#9652=CARTESIAN_POINT('',(-20.4943485848095,-21.5254384304509,-245.471036988172));
#9653=CARTESIAN_POINT('',(-20.2487822167065,-21.1001050042663,-245.471036988172));
#9654=CARTESIAN_POINT('Origin',(-15.9186551977843,-23.6001050042663,-244.679768341455));
#9655=CARTESIAN_POINT('',(-15.9186551977843,-23.6001050042663,-245.471036988172));
#9656=CARTESIAN_POINT('',(-15.9186551977843,-23.6001050042663,-245.471036988172));
#9657=CARTESIAN_POINT('',(-15.9186551977843,-23.6001050042663,-243.888499694738));
#9658=CARTESIAN_POINT('',(-15.9186551977843,-23.6001050042663,-229.839884170727));
#9659=CARTESIAN_POINT('',(-15.9186551977843,-23.6001050042663,-243.888499694738));
#9660=CARTESIAN_POINT('Ctrl Pts',(-20.1348670117046,-20.9027980814485,-243.132701474103));
#9661=CARTESIAN_POINT('Ctrl Pts',(-15.8047399927825,-23.4027980814485,-243.132701474103));
#9662=CARTESIAN_POINT('Ctrl Pts',(-20.1678631531074,-20.9599490748118,-243.225807346993));
#9663=CARTESIAN_POINT('Ctrl Pts',(-15.8377361341852,-23.4599490748118,-243.225807346993));
#9664=CARTESIAN_POINT('Ctrl Pts',(-20.2471759314045,-21.0973228365118,-243.449605801623));
#9665=CARTESIAN_POINT('Ctrl Pts',(-15.9170489124823,-23.5973228365118,-243.449605801623));
#9666=CARTESIAN_POINT('Ctrl Pts',(-20.248190016759,-21.099079283869,-243.72668974719));
#9667=CARTESIAN_POINT('Ctrl Pts',(-15.9180629978368,-23.599079283869,-243.72668974719));
#9668=CARTESIAN_POINT('Ctrl Pts',(-20.2487822167065,-21.1001050042663,-243.888499694738));
#9669=CARTESIAN_POINT('Ctrl Pts',(-15.9186551977843,-23.6001050042663,-243.888499694738));
#9670=CARTESIAN_POINT('',(-15.8047399927825,-23.4027980814485,-243.132701474103));
#9671=CARTESIAN_POINT('Ctrl Pts',(-15.8047399927825,-23.4027980814485,-243.132701474103));
#9672=CARTESIAN_POINT('Ctrl Pts',(-15.8377361341852,-23.4599490748118,-243.225807346993));
#9673=CARTESIAN_POINT('Ctrl Pts',(-15.9170489124823,-23.5973228365118,-243.449605801623));
#9674=CARTESIAN_POINT('Ctrl Pts',(-15.9180629978368,-23.599079283869,-243.72668974719));
#9675=CARTESIAN_POINT('Ctrl Pts',(-15.9186551977843,-23.6001050042663,-243.888499694738));
#9676=CARTESIAN_POINT('',(-15.8047399927825,-23.4027980814485,-243.132701474103));
#9677=CARTESIAN_POINT('Ctrl Pts',(-19.8640622488644,-20.4337504732776,-242.933520036611));
#9678=CARTESIAN_POINT('Ctrl Pts',(-15.5339352299422,-22.9337504732776,-242.933520036611));
#9679=CARTESIAN_POINT('Ctrl Pts',(-19.9143745576928,-20.5208939484145,-242.941483233815));
#9680=CARTESIAN_POINT('Ctrl Pts',(-15.5842475387706,-23.0208939484145,-242.941483233815));
#9681=CARTESIAN_POINT('Ctrl Pts',(-20.0140054716445,-20.6934597533834,-242.957252349442));
#9682=CARTESIAN_POINT('Ctrl Pts',(-15.6838784527223,-23.1934597533834,-242.957252349442));
#9683=CARTESIAN_POINT('Ctrl Pts',(-20.0948486040869,-20.8334841662166,-243.074608597053));
#9684=CARTESIAN_POINT('Ctrl Pts',(-15.7647215851647,-23.3334841662166,-243.074608597053));
#9685=CARTESIAN_POINT('Ctrl Pts',(-20.1348670117046,-20.9027980814485,-243.132701474103));
#9686=CARTESIAN_POINT('Ctrl Pts',(-15.8047399927825,-23.4027980814485,-243.132701474103));
#9687=CARTESIAN_POINT('',(-15.5339352299422,-22.9337504732776,-242.933520036611));
#9688=CARTESIAN_POINT('Ctrl Pts',(-15.5339352299422,-22.9337504732776,-242.933520036611));
#9689=CARTESIAN_POINT('Ctrl Pts',(-15.5842475387706,-23.0208939484145,-242.941483233815));
#9690=CARTESIAN_POINT('Ctrl Pts',(-15.6838784527223,-23.1934597533834,-242.957252349442));
#9691=CARTESIAN_POINT('Ctrl Pts',(-15.7647215851647,-23.3334841662166,-243.074608597053));
#9692=CARTESIAN_POINT('Ctrl Pts',(-15.8047399927825,-23.4027980814485,-243.132701474103));
#9693=CARTESIAN_POINT('',(-15.5339352299422,-22.9337504732776,-242.933520036611));
#9694=CARTESIAN_POINT('Ctrl Pts',(-19.6928479067471,-20.1371985337459,-243.022196846875));
#9695=CARTESIAN_POINT('Ctrl Pts',(-15.3627208878249,-22.6371985337459,-243.022196846875));
#9696=CARTESIAN_POINT('Ctrl Pts',(-19.7187928855115,-20.1821365551673,-242.996342574142));
#9697=CARTESIAN_POINT('Ctrl Pts',(-15.3886658665894,-22.6821365551673,-242.996342574142));
#9698=CARTESIAN_POINT('Ctrl Pts',(-19.7726731436312,-20.2754598997554,-242.942650686359));
#9699=CARTESIAN_POINT('Ctrl Pts',(-15.442546124709,-22.7754598997554,-242.942650686359));
#9700=CARTESIAN_POINT('Ctrl Pts',(-19.8328581492092,-20.3797033872703,-242.936637625999));
#9701=CARTESIAN_POINT('Ctrl Pts',(-15.502731130287,-22.8797033872703,-242.936637625999));
#9702=CARTESIAN_POINT('Ctrl Pts',(-19.8640622488644,-20.4337504732776,-242.933520036611));
#9703=CARTESIAN_POINT('Ctrl Pts',(-15.5339352299422,-22.9337504732776,-242.933520036611));
#9704=CARTESIAN_POINT('',(-15.3627208878249,-22.6371985337459,-243.022196846875));
#9705=CARTESIAN_POINT('Ctrl Pts',(-15.3627208878249,-22.6371985337459,-243.022196846875));
#9706=CARTESIAN_POINT('Ctrl Pts',(-15.3886658665894,-22.6821365551673,-242.996342574142));
#9707=CARTESIAN_POINT('Ctrl Pts',(-15.442546124709,-22.7754598997554,-242.942650686359));
#9708=CARTESIAN_POINT('Ctrl Pts',(-15.502731130287,-22.8797033872703,-242.936637625999));
#9709=CARTESIAN_POINT('Ctrl Pts',(-15.5339352299422,-22.9337504732776,-242.933520036611));
#9710=CARTESIAN_POINT('',(-15.3627208878249,-22.6371985337459,-243.022196846875));
#9711=CARTESIAN_POINT('Ctrl Pts',(-19.5912106625225,-19.9611576628077,-243.259577113065));
#9712=CARTESIAN_POINT('Ctrl Pts',(-15.2610836436003,-22.4611576628077,-243.259577113065));
#9713=CARTESIAN_POINT('Ctrl Pts',(-19.6028294014947,-19.9812819090274,-243.212244716104));
#9714=CARTESIAN_POINT('Ctrl Pts',(-15.2727023825725,-22.4812819090274,-243.212244716104));
#9715=CARTESIAN_POINT('Ctrl Pts',(-19.6265118009307,-20.0223010280958,-243.115767401848));
#9716=CARTESIAN_POINT('Ctrl Pts',(-15.2963847820085,-22.5223010280958,-243.115767401848));
#9717=CARTESIAN_POINT('Ctrl Pts',(-19.6704606489821,-20.0984226658548,-243.053775247621));
#9718=CARTESIAN_POINT('Ctrl Pts',(-15.3403336300599,-22.5984226658548,-243.053775247621));
#9719=CARTESIAN_POINT('Ctrl Pts',(-19.6928479067471,-20.1371985337459,-243.022196846875));
#9720=CARTESIAN_POINT('Ctrl Pts',(-15.3627208878249,-22.6371985337459,-243.022196846875));
#9721=CARTESIAN_POINT('',(-15.2610836436003,-22.4611576628077,-243.259577113065));
#9722=CARTESIAN_POINT('Ctrl Pts',(-15.2610836436003,-22.4611576628077,-243.259577113065));
#9723=CARTESIAN_POINT('Ctrl Pts',(-15.2727023825725,-22.4812819090274,-243.212244716104));
#9724=CARTESIAN_POINT('Ctrl Pts',(-15.2963847820085,-22.5223010280958,-243.115767401848));
#9725=CARTESIAN_POINT('Ctrl Pts',(-15.3403336300599,-22.5984226658548,-243.053775247621));
#9726=CARTESIAN_POINT('Ctrl Pts',(-15.3627208878249,-22.6371985337459,-243.022196846875));
#9727=CARTESIAN_POINT('',(-15.2610836436003,-22.4611576628077,-243.259577113065));
#9728=CARTESIAN_POINT('Ctrl Pts',(-19.5625616900112,-19.9115361868335,-243.708417373571));
#9729=CARTESIAN_POINT('Ctrl Pts',(-15.232434671089,-22.4115361868335,-243.708417373571));
#9730=CARTESIAN_POINT('Ctrl Pts',(-19.5627975254909,-19.9119446658666,-243.62038297212));
#9731=CARTESIAN_POINT('Ctrl Pts',(-15.2326705065687,-22.4119446658666,-243.62038297212));
#9732=CARTESIAN_POINT('Ctrl Pts',(-19.563205251428,-19.9126508679051,-243.46818403723));
#9733=CARTESIAN_POINT('Ctrl Pts',(-15.2330782325058,-22.4126508679051,-243.46818403723));
#9734=CARTESIAN_POINT('Ctrl Pts',(-19.582905405861,-19.9467725363,-243.321441373536));
#9735=CARTESIAN_POINT('Ctrl Pts',(-15.2527783869388,-22.4467725363,-243.321441373536));
#9736=CARTESIAN_POINT('Ctrl Pts',(-19.5912106625225,-19.9611576628077,-243.259577113065));
#9737=CARTESIAN_POINT('Ctrl Pts',(-15.2610836436003,-22.4611576628077,-243.259577113065));
#9738=CARTESIAN_POINT('',(-15.232434671089,-22.4115361868335,-243.708417373571));
#9739=CARTESIAN_POINT('Ctrl Pts',(-15.232434671089,-22.4115361868335,-243.708417373571));
#9740=CARTESIAN_POINT('Ctrl Pts',(-15.2326705065688,-22.4119446658666,-243.62038297212));
#9741=CARTESIAN_POINT('Ctrl Pts',(-15.2330782325058,-22.4126508679051,-243.46818403723));
#9742=CARTESIAN_POINT('Ctrl Pts',(-15.2527783869388,-22.4467725363,-243.321441373536));
#9743=CARTESIAN_POINT('Ctrl Pts',(-15.2610836436003,-22.4611576628077,-243.259577113065));
#9744=CARTESIAN_POINT('',(-15.232434671089,-22.4115361868335,-243.708417373571));
#9745=CARTESIAN_POINT('Origin',(-15.232434671089,-22.4115361868335,-244.589727180871));
#9746=CARTESIAN_POINT('',(-15.232434671089,-22.4115361868335,-245.471036988172));
#9747=CARTESIAN_POINT('',(-15.232434671089,-22.4115361868335,-229.794863590436));
#9748=CARTESIAN_POINT('',(-15.232434671089,-22.4115361868335,-245.471036988172));
#9749=CARTESIAN_POINT('Origin',(-15.1096514870375,-22.1988694737412,-245.471036988172));
#9750=CARTESIAN_POINT('',(-14.986868302986,-21.9862027606489,-245.471036988172));
#9751=CARTESIAN_POINT('',(-13.0315168727748,-18.5994347368707,-245.471036988172));
#9752=CARTESIAN_POINT('',(-14.986868302986,-21.9862027606489,-245.471036988172));
#9753=CARTESIAN_POINT('Origin',(-14.986868302986,-21.9862027606489,-244.580177622708));
#9754=CARTESIAN_POINT('',(-14.986868302986,-21.9862027606489,-243.689318257245));
#9755=CARTESIAN_POINT('',(-14.986868302986,-21.9862027606489,-229.790088811354));
#9756=CARTESIAN_POINT('',(-14.986868302986,-21.9862027606489,-243.689318257245));
#9757=CARTESIAN_POINT('Ctrl Pts',(-19.3306376330044,-19.5098319366001,-243.211828428182));
#9758=CARTESIAN_POINT('Ctrl Pts',(-15.0005106140822,-22.0098319366001,-243.211828428182));
#9759=CARTESIAN_POINT('Ctrl Pts',(-19.3267006368906,-19.5030128593018,-243.274286995158));
#9760=CARTESIAN_POINT('Ctrl Pts',(-14.9965736179684,-22.0030128593018,-243.274286995158));
#9761=CARTESIAN_POINT('Ctrl Pts',(-19.316713373796,-19.4857144121934,-243.432730164232));
#9762=CARTESIAN_POINT('Ctrl Pts',(-14.9865863548738,-21.9857144121934,-243.432730164232));
#9763=CARTESIAN_POINT('Ctrl Pts',(-19.3168889550708,-19.4860185278823,-243.592518659083));
#9764=CARTESIAN_POINT('Ctrl Pts',(-14.9867619361486,-21.9860185278823,-243.592518659083));
#9765=CARTESIAN_POINT('Ctrl Pts',(-19.3169953219082,-19.4862027606489,-243.689318257245));
#9766=CARTESIAN_POINT('Ctrl Pts',(-14.986868302986,-21.9862027606489,-243.689318257245));
#9767=CARTESIAN_POINT('',(-15.0005106140822,-22.0098319366001,-243.211828428182));
#9768=CARTESIAN_POINT('Ctrl Pts',(-15.0005106140822,-22.0098319366001,-243.211828428182));
#9769=CARTESIAN_POINT('Ctrl Pts',(-14.9965736179684,-22.0030128593018,-243.274286995158));
#9770=CARTESIAN_POINT('Ctrl Pts',(-14.9865863548738,-21.9857144121934,-243.432730164232));
#9771=CARTESIAN_POINT('Ctrl Pts',(-14.9867619361486,-21.9860185278823,-243.592518659083));
#9772=CARTESIAN_POINT('Ctrl Pts',(-14.986868302986,-21.9862027606489,-243.689318257245));
#9773=CARTESIAN_POINT('',(-15.0005106140822,-22.0098319366001,-243.211828428182));
#9774=CARTESIAN_POINT('Ctrl Pts',(-19.4070364824917,-19.642158625552,-242.848936277303));
#9775=CARTESIAN_POINT('Ctrl Pts',(-15.0769094635695,-22.142158625552,-242.848936277303));
#9776=CARTESIAN_POINT('Ctrl Pts',(-19.3900968583543,-19.6128183358849,-242.903386357731));
#9777=CARTESIAN_POINT('Ctrl Pts',(-15.0599698394321,-22.1128183358849,-242.903386357731));
#9778=CARTESIAN_POINT('Ctrl Pts',(-19.3550103346829,-19.5520466942251,-243.016167138482));
#9779=CARTESIAN_POINT('Ctrl Pts',(-15.0248833157607,-22.0520466942251,-243.016167138482));
#9780=CARTESIAN_POINT('Ctrl Pts',(-19.3389461155723,-19.5242226505416,-243.145128870778));
#9781=CARTESIAN_POINT('Ctrl Pts',(-15.0088190966501,-22.0242226505416,-243.145128870778));
#9782=CARTESIAN_POINT('Ctrl Pts',(-19.3306376330044,-19.5098319366001,-243.211828428182));
#9783=CARTESIAN_POINT('Ctrl Pts',(-15.0005106140822,-22.0098319366001,-243.211828428182));
#9784=CARTESIAN_POINT('',(-15.0769094635695,-22.142158625552,-242.848936277303));
#9785=CARTESIAN_POINT('Ctrl Pts',(-15.0769094635695,-22.142158625552,-242.848936277303));
#9786=CARTESIAN_POINT('Ctrl Pts',(-15.0599698394321,-22.1128183358849,-242.903386357731));
#9787=CARTESIAN_POINT('Ctrl Pts',(-15.0248833157608,-22.0520466942251,-243.016167138482));
#9788=CARTESIAN_POINT('Ctrl Pts',(-15.0088190966501,-22.0242226505416,-243.145128870778));
#9789=CARTESIAN_POINT('Ctrl Pts',(-15.0005106140822,-22.0098319366001,-243.211828428182));
#9790=CARTESIAN_POINT('',(-15.0769094635695,-22.142158625552,-242.848936277303));
#9791=CARTESIAN_POINT('Ctrl Pts',(-19.5714290730145,-19.9268949447253,-242.602005558881));
#9792=CARTESIAN_POINT('Ctrl Pts',(-15.2413020540923,-22.4268949447253,-242.602005558881));
#9793=CARTESIAN_POINT('Ctrl Pts',(-19.5377981936377,-19.8686445529415,-242.634015570499));
#9794=CARTESIAN_POINT('Ctrl Pts',(-15.2076711747155,-22.3686445529415,-242.634015570499));
#9795=CARTESIAN_POINT('Ctrl Pts',(-19.4745464648658,-19.7590893450419,-242.69421883043));
#9796=CARTESIAN_POINT('Ctrl Pts',(-15.1444194459436,-22.2590893450419,-242.69421883043));
#9797=CARTESIAN_POINT('Ctrl Pts',(-19.4285681666555,-19.6794525964962,-242.799590579325));
#9798=CARTESIAN_POINT('Ctrl Pts',(-15.0984411477333,-22.1794525964962,-242.799590579325));
#9799=CARTESIAN_POINT('Ctrl Pts',(-19.4070364824917,-19.642158625552,-242.848936277303));
#9800=CARTESIAN_POINT('Ctrl Pts',(-15.0769094635695,-22.142158625552,-242.848936277303));
#9801=CARTESIAN_POINT('',(-15.2413020540923,-22.4268949447253,-242.602005558881));
#9802=CARTESIAN_POINT('Ctrl Pts',(-15.2413020540923,-22.4268949447253,-242.602005558881));
#9803=CARTESIAN_POINT('Ctrl Pts',(-15.2076711747155,-22.3686445529415,-242.634015570499));
#9804=CARTESIAN_POINT('Ctrl Pts',(-15.1444194459436,-22.2590893450419,-242.69421883043));
#9805=CARTESIAN_POINT('Ctrl Pts',(-15.0984411477333,-22.1794525964962,-242.799590579325));
#9806=CARTESIAN_POINT('Ctrl Pts',(-15.0769094635695,-22.142158625552,-242.848936277303));
#9807=CARTESIAN_POINT('',(-15.2413020540923,-22.4268949447253,-242.602005558881));
#9808=CARTESIAN_POINT('Ctrl Pts',(-19.8122205130245,-20.3439579528504,-242.507871943387));
#9809=CARTESIAN_POINT('Ctrl Pts',(-15.4820934941023,-22.8439579528504,-242.507871943387));
#9810=CARTESIAN_POINT('Ctrl Pts',(-19.7699000633803,-20.2706567838674,-242.51140957642));
#9811=CARTESIAN_POINT('Ctrl Pts',(-15.4397730444581,-22.7706567838674,-242.51140957642));
#9812=CARTESIAN_POINT('Ctrl Pts',(-19.687214311913,-20.127440861264,-242.518321408601));
#9813=CARTESIAN_POINT('Ctrl Pts',(-15.3570872929908,-22.627440861264,-242.518321408601));
#9814=CARTESIAN_POINT('Ctrl Pts',(-19.6094109186779,-19.9926814311796,-242.574554058926));
#9815=CARTESIAN_POINT('Ctrl Pts',(-15.2792838997557,-22.4926814311796,-242.574554058926));
#9816=CARTESIAN_POINT('Ctrl Pts',(-19.5714290730145,-19.9268949447253,-242.602005558881));
#9817=CARTESIAN_POINT('Ctrl Pts',(-15.2413020540923,-22.4268949447253,-242.602005558881));
#9818=CARTESIAN_POINT('',(-15.4820934941023,-22.8439579528504,-242.507871943387));
#9819=CARTESIAN_POINT('Ctrl Pts',(-15.4820934941023,-22.8439579528504,-242.507871943387));
#9820=CARTESIAN_POINT('Ctrl Pts',(-15.4397730444581,-22.7706567838674,-242.51140957642));
#9821=CARTESIAN_POINT('Ctrl Pts',(-15.3570872929908,-22.627440861264,-242.518321408601));
#9822=CARTESIAN_POINT('Ctrl Pts',(-15.2792838997557,-22.4926814311796,-242.574554058926));
#9823=CARTESIAN_POINT('Ctrl Pts',(-15.2413020540923,-22.4268949447253,-242.602005558881));
#9824=CARTESIAN_POINT('',(-15.4820934941023,-22.8439579528504,-242.507871943387));
#9825=CARTESIAN_POINT('Ctrl Pts',(-20.2733387343075,-21.1426381404082,-242.985361772451));
#9826=CARTESIAN_POINT('Ctrl Pts',(-15.9432117153853,-23.6426381404082,-242.985361772451));
#9827=CARTESIAN_POINT('Ctrl Pts',(-20.2135067569016,-21.0390061156239,-242.846102322081));
#9828=CARTESIAN_POINT('Ctrl Pts',(-15.8833797379794,-23.5390061156239,-242.846102322081));
#9829=CARTESIAN_POINT('Ctrl Pts',(-20.0920716783734,-20.828674389792,-242.563461115411));
#9830=CARTESIAN_POINT('Ctrl Pts',(-15.7619446594512,-23.328674389792,-242.563461115411));
#9831=CARTESIAN_POINT('Ctrl Pts',(-19.9064068716908,-20.5070935114402,-242.526580965691));
#9832=CARTESIAN_POINT('Ctrl Pts',(-15.5762798527686,-23.0070935114402,-242.526580965691));
#9833=CARTESIAN_POINT('Ctrl Pts',(-19.8122205130245,-20.3439579528504,-242.507871943387));
#9834=CARTESIAN_POINT('Ctrl Pts',(-15.4820934941023,-22.8439579528504,-242.507871943387));
#9835=CARTESIAN_POINT('',(-15.9432117153853,-23.6426381404082,-242.985361772451));
#9836=CARTESIAN_POINT('Ctrl Pts',(-15.9432117153853,-23.6426381404082,-242.985361772451));
#9837=CARTESIAN_POINT('Ctrl Pts',(-15.8833797379794,-23.5390061156239,-242.846102322081));
#9838=CARTESIAN_POINT('Ctrl Pts',(-15.7619446594512,-23.328674389792,-242.563461115411));
#9839=CARTESIAN_POINT('Ctrl Pts',(-15.5762798527686,-23.0070935114402,-242.526580965691));
#9840=CARTESIAN_POINT('Ctrl Pts',(-15.4820934941023,-22.8439579528504,-242.507871943387));
#9841=CARTESIAN_POINT('',(-15.9432117153853,-23.6426381404082,-242.985361772451));
#9842=CARTESIAN_POINT('Origin',(-15.9432117153853,-23.6426381404082,-242.77935917941));
#9843=CARTESIAN_POINT('',(-15.9432117153853,-23.6426381404082,-242.57335658637));
#9844=CARTESIAN_POINT('',(-15.9432117153853,-23.6426381404082,-228.889679589705));
#9845=CARTESIAN_POINT('',(-15.9432117153853,-23.6426381404082,-242.57335658637));
#9846=CARTESIAN_POINT('Origin',(-16.0537166406363,-23.8340382854296,-242.57335658637));
#9847=CARTESIAN_POINT('',(-16.1642215658873,-24.0254384304509,-242.57335658637));
#9848=CARTESIAN_POINT('',(-13.5035494495742,-19.4170191427149,-242.57335658637));
#9849=CARTESIAN_POINT('',(-16.1642215658873,-24.0254384304509,-242.57335658637));
#9850=CARTESIAN_POINT('Origin',(-16.1642215658873,-24.0254384304509,-244.022196787271));
#9851=CARTESIAN_POINT('',(-16.1642215658873,-24.0254384304509,-245.471036988172));
#9852=CARTESIAN_POINT('',(-16.1642215658873,-24.0254384304509,-229.511098393635));
#9853=CARTESIAN_POINT('',(-16.1642215658873,-24.0254384304509,-245.471036988172));
#9854=CARTESIAN_POINT('Origin',(-16.0414383818358,-23.8127717173586,-245.471036988172));
#9855=CARTESIAN_POINT('',(-13.497410320174,-19.4063858586794,-245.471036988172));
#9856=CARTESIAN_POINT('Origin',(-15.2835092774344,-12.5000000000002,-215.));
#9857=CARTESIAN_POINT('',(-27.8517838112499,-34.2688900560428,-245.086316424283));
#9858=CARTESIAN_POINT('',(-27.4752490512516,-33.6167127209099,-244.829836445722));
#9859=CARTESIAN_POINT('Ctrl Pts',(-27.8517838112499,-34.2688900560428,-245.086316424283));
#9860=CARTESIAN_POINT('Ctrl Pts',(-27.781274916314,-34.1467650676283,-245.076891107776));
#9861=CARTESIAN_POINT('Ctrl Pts',(-27.6441350086603,-33.9092317798267,-245.058558852866));
#9862=CARTESIAN_POINT('Ctrl Pts',(-27.5304730368696,-33.7123634697967,-244.904626340136));
#9863=CARTESIAN_POINT('Ctrl Pts',(-27.4752490512516,-33.6167127209099,-244.829836445722));
#9864=CARTESIAN_POINT('',(-28.1914836458351,-34.8572674288671,-244.898049193296));
#9865=CARTESIAN_POINT('Ctrl Pts',(-28.1914836458351,-34.8572674288671,-244.898049193296));
#9866=CARTESIAN_POINT('Ctrl Pts',(-28.13811385838,-34.7648282454056,-244.952960468241));
#9867=CARTESIAN_POINT('Ctrl Pts',(-28.0313977610195,-34.5799905427918,-245.062758862476));
#9868=CARTESIAN_POINT('Ctrl Pts',(-27.9116463460662,-34.3725750078145,-245.078465055469));
#9869=CARTESIAN_POINT('Ctrl Pts',(-27.8517838112499,-34.2688900560428,-245.086316424283));
#9870=CARTESIAN_POINT('',(-28.4227251551535,-35.2577894718254,-244.329154449376));
#9871=CARTESIAN_POINT('Ctrl Pts',(-28.4227251551535,-35.2577894718254,-244.329154449376));
#9872=CARTESIAN_POINT('Ctrl Pts',(-28.3953261499722,-35.2103330027745,-244.447004240268));
#9873=CARTESIAN_POINT('Ctrl Pts',(-28.342119684855,-35.1181767019004,-244.675858198529));
#9874=CARTESIAN_POINT('Ctrl Pts',(-28.2406842587561,-34.9424853902098,-244.825477362549));
#9875=CARTESIAN_POINT('Ctrl Pts',(-28.1914836458351,-34.8572674288671,-244.898049193296));
#9876=CARTESIAN_POINT('',(-28.4970771438863,-35.3865708939544,-243.438295083913));
#9877=CARTESIAN_POINT('Ctrl Pts',(-28.4970771438863,-35.3865708939544,-243.438295083913));
#9878=CARTESIAN_POINT('Ctrl Pts',(-28.4947454573279,-35.3825322943679,-243.598903965967));
#9879=CARTESIAN_POINT('Ctrl Pts',(-28.4903324011471,-35.3748886568462,-243.902879651331));
#9880=CARTESIAN_POINT('Ctrl Pts',(-28.4443923005378,-35.295318068486,-244.192539536475));
#9881=CARTESIAN_POINT('Ctrl Pts',(-28.4227251551535,-35.2577894718254,-244.329154449376));
#9882=CARTESIAN_POINT('',(-28.4343213505532,-35.2778746714323,-242.670218306455));
#9883=CARTESIAN_POINT('Ctrl Pts',(-28.4343213505532,-35.2778746714323,-242.670218306455));
#9884=CARTESIAN_POINT('Ctrl Pts',(-28.4526251087356,-35.3095777105735,-242.795443304541));
#9885=CARTESIAN_POINT('Ctrl Pts',(-28.4892945172034,-35.3730909891234,-243.046316734985));
#9886=CARTESIAN_POINT('Ctrl Pts',(-28.49448001756,-35.3820725392035,-243.307488695422));
#9887=CARTESIAN_POINT('Ctrl Pts',(-28.4970771438863,-35.3865708939544,-243.438295083913));
#9888=CARTESIAN_POINT('',(-28.2167224876072,-34.9009823851405,-242.076766448888));
#9889=CARTESIAN_POINT('Ctrl Pts',(-28.2167224876072,-34.9009823851405,-242.076766448888));
#9890=CARTESIAN_POINT('Ctrl Pts',(-28.2645891206241,-34.983889825513,-242.157280143676));
#9891=CARTESIAN_POINT('Ctrl Pts',(-28.3611665815494,-35.1511668947016,-242.319727504651));
#9892=CARTESIAN_POINT('Ctrl Pts',(-28.4097947394118,-35.2353933347978,-242.552709199099));
#9893=CARTESIAN_POINT('Ctrl Pts',(-28.4343213505532,-35.2778746714323,-242.670218306455));
#9894=CARTESIAN_POINT('',(-27.8313200465824,-34.2334457759245,-241.855757194432));
#9895=CARTESIAN_POINT('Ctrl Pts',(-27.8313200465824,-34.2334457759245,-241.855757194432));
#9896=CARTESIAN_POINT('Ctrl Pts',(-27.9035276515135,-34.3585130163581,-241.862914945542));
#9897=CARTESIAN_POINT('Ctrl Pts',(-28.0408713474682,-34.5963992758509,-241.876529467073));
#9898=CARTESIAN_POINT('Ctrl Pts',(-28.1601526144281,-34.8030004906166,-242.012351849937));
#9899=CARTESIAN_POINT('Ctrl Pts',(-28.2167224876072,-34.9009823851405,-242.076766448888));
#9900=CARTESIAN_POINT('',(-27.4984413675453,-33.6568829910759,-242.054938631925));
#9901=CARTESIAN_POINT('Ctrl Pts',(-27.4984413675453,-33.6568829910759,-242.054938631925));
#9902=CARTESIAN_POINT('Ctrl Pts',(-27.5469629830299,-33.7409248943604,-241.996886063165));
#9903=CARTESIAN_POINT('Ctrl Pts',(-27.649280601647,-33.9181442083147,-241.874470506081));
#9904=CARTESIAN_POINT('Ctrl Pts',(-27.7685901294859,-34.1247943723587,-241.862205711613));
#9905=CARTESIAN_POINT('Ctrl Pts',(-27.8313200465824,-34.2334457759245,-241.855757194432));
#9906=CARTESIAN_POINT('',(-27.2965313784268,-33.3071646313668,-242.690682369145));
#9907=CARTESIAN_POINT('Ctrl Pts',(-27.2965313784268,-33.3071646313668,-242.690682369145));
#9908=CARTESIAN_POINT('Ctrl Pts',(-27.3201193428126,-33.3480201841303,-242.558618067266));
#9909=CARTESIAN_POINT('Ctrl Pts',(-27.3635488642929,-33.4232423218825,-242.315464849742));
#9910=CARTESIAN_POINT('Ctrl Pts',(-27.4561396182282,-33.5836142120096,-242.136638611471));
#9911=CARTESIAN_POINT('Ctrl Pts',(-27.4984413675453,-33.6568829910759,-242.054938631925));
#9912=CARTESIAN_POINT('',(-27.0359584979202,-32.855839163255,-242.567899185094));
#9913=CARTESIAN_POINT('',(-27.0359584979202,-32.855839163255,-242.567899185094));
#9914=CARTESIAN_POINT('',(-27.3210880450394,-33.3496980256044,-241.70841749278));
#9915=CARTESIAN_POINT('Ctrl Pts',(-27.3210880450394,-33.3496980256044,-241.70841749278));
#9916=CARTESIAN_POINT('Ctrl Pts',(-27.2576463362359,-33.2398137626378,-241.823487548901));
#9917=CARTESIAN_POINT('Ctrl Pts',(-27.1264553163341,-33.0125842506711,-242.061440755196));
#9918=CARTESIAN_POINT('Ctrl Pts',(-27.0667772719381,-32.9092188456808,-242.395424305048));
#9919=CARTESIAN_POINT('Ctrl Pts',(-27.0359584979202,-32.855839163255,-242.567899185094));
#9920=CARTESIAN_POINT('',(-27.82586294333,-34.2239937958292,-241.40282388297));
#9921=CARTESIAN_POINT('Ctrl Pts',(-27.82586294333,-34.2239937958292,-241.40282388297));
#9922=CARTESIAN_POINT('Ctrl Pts',(-27.73143092094,-34.0604327351882,-241.413190157276));
#9923=CARTESIAN_POINT('Ctrl Pts',(-27.5504400504094,-33.7469473517231,-241.433058428266));
#9924=CARTESIAN_POINT('Ctrl Pts',(-27.3952890029106,-33.4782178546076,-241.619332131121));
#9925=CARTESIAN_POINT('Ctrl Pts',(-27.3210880450394,-33.3496980256044,-241.70841749278));
#9926=CARTESIAN_POINT('',(-28.3108561403539,-35.0640266543998,-241.644297796163));
#9927=CARTESIAN_POINT('Ctrl Pts',(-28.3108561403539,-35.0640266543998,-241.644297796163));
#9928=CARTESIAN_POINT('Ctrl Pts',(-28.2349800335029,-34.9326053822534,-241.573871746466));
#9929=CARTESIAN_POINT('Ctrl Pts',(-28.0811291474839,-34.666127830879,-241.431071718969));
#9930=CARTESIAN_POINT('Ctrl Pts',(-27.9117219696889,-34.3727059917712,-241.412325069011));
#9931=CARTESIAN_POINT('Ctrl Pts',(-27.82586294333,-34.2239937958292,-241.40282388297));
#9932=CARTESIAN_POINT('',(-28.6505559935655,-35.6524040594861,-242.350982385549));
#9933=CARTESIAN_POINT('Ctrl Pts',(-28.6505559935655,-35.6524040594861,-242.350982385549));
#9934=CARTESIAN_POINT('Ctrl Pts',(-28.6069569772793,-35.5768883481184,-242.205673884762));
#9935=CARTESIAN_POINT('Ctrl Pts',(-28.5206771695896,-35.4274473375325,-241.918117178867));
#9936=CARTESIAN_POINT('Ctrl Pts',(-28.3802984944051,-35.1843043398137,-241.734921041073));
#9937=CARTESIAN_POINT('Ctrl Pts',(-28.3108561403539,-35.0640266543998,-241.644297796163));
#9938=CARTESIAN_POINT('',(-28.7699284322049,-35.8591631882329,-243.441023784551));
#9939=CARTESIAN_POINT('Ctrl Pts',(-28.7699284322049,-35.8591631882329,-243.441023784551));
#9940=CARTESIAN_POINT('Ctrl Pts',(-28.7659430783883,-35.8522603529363,-243.243367284862));
#9941=CARTESIAN_POINT('Ctrl Pts',(-28.7583251675516,-35.8390657443197,-242.865551497314));
#9942=CARTESIAN_POINT('Ctrl Pts',(-28.6853525615383,-35.712673483144,-242.517126732879));
#9943=CARTESIAN_POINT('Ctrl Pts',(-28.6505559935655,-35.6524040594861,-242.350982385549));
#9944=CARTESIAN_POINT('',(-28.6641985468056,-35.6760336548428,-244.513329225453));
#9945=CARTESIAN_POINT('Ctrl Pts',(-28.6641985468056,-35.6760336548428,-244.513329225453));
#9946=CARTESIAN_POINT('Ctrl Pts',(-28.695034677703,-35.729443400266,-244.342500731646));
#9947=CARTESIAN_POINT('Ctrl Pts',(-28.7575954568378,-35.8378018482886,-243.995921463756));
#9948=CARTESIAN_POINT('Ctrl Pts',(-28.7657786996731,-35.85197564065,-243.627732740231));
#9949=CARTESIAN_POINT('Ctrl Pts',(-28.7699284322049,-35.8591631882329,-243.441023784551));
#9950=CARTESIAN_POINT('',(-28.3558766088869,-35.1420043932796,-245.275948601636));
#9951=CARTESIAN_POINT('Ctrl Pts',(-28.3558766088869,-35.1420043932796,-245.275948601636));
#9952=CARTESIAN_POINT('Ctrl Pts',(-28.4198735280156,-35.2528503087384,-245.175922978447));
#9953=CARTESIAN_POINT('Ctrl Pts',(-28.551928215285,-35.4815757364665,-244.96952472414));
#9954=CARTESIAN_POINT('Ctrl Pts',(-28.6260156751995,-35.6098989812422,-244.668480224989));
#9955=CARTESIAN_POINT('Ctrl Pts',(-28.6641985468056,-35.6760336548428,-244.513329225453));
#9956=CARTESIAN_POINT('',(-27.8299556962635,-34.2310826518529,-245.539249735746));
#9957=CARTESIAN_POINT('Ctrl Pts',(-27.8299556962635,-34.2310826518529,-245.539249735746));
#9958=CARTESIAN_POINT('Ctrl Pts',(-27.9296071225453,-34.4036839852196,-245.532075655738));
#9959=CARTESIAN_POINT('Ctrl Pts',(-28.1146760910399,-34.7242328415566,-245.518752217867));
#9960=CARTESIAN_POINT('Ctrl Pts',(-28.2797073560799,-35.0100753774433,-245.352624100479));
#9961=CARTESIAN_POINT('Ctrl Pts',(-28.3558766088869,-35.1420043932796,-245.275948601636));
#9962=CARTESIAN_POINT('',(-27.3013063065197,-33.3154350494263,-245.196821647557));
#9963=CARTESIAN_POINT('Ctrl Pts',(-27.3013063065197,-33.3154350494263,-245.196821647557));
#9964=CARTESIAN_POINT('Ctrl Pts',(-27.3790479375678,-33.4500875042649,-245.296665104005));
#9965=CARTESIAN_POINT('Ctrl Pts',(-27.5399782510276,-33.7288269836553,-245.503347656538));
#9966=CARTESIAN_POINT('Ctrl Pts',(-27.7311397826876,-34.059928468943,-245.527015347125));
#9967=CARTESIAN_POINT('Ctrl Pts',(-27.8299556962635,-34.2310826518529,-245.539249735746));
#9968=CARTESIAN_POINT('',(-27.0018519751217,-32.7967649328984,-244.202278810414));
#9969=CARTESIAN_POINT('Ctrl Pts',(-27.0018519751217,-32.7967649328984,-244.202278810414));
#9970=CARTESIAN_POINT('Ctrl Pts',(-27.0330150958403,-32.8507410413054,-244.40325883612));
#9971=CARTESIAN_POINT('Ctrl Pts',(-27.092167717109,-32.9531963867437,-244.784751288383));
#9972=CARTESIAN_POINT('Ctrl Pts',(-27.2341323091326,-33.1990862730044,-245.064467244152));
#9973=CARTESIAN_POINT('Ctrl Pts',(-27.3013063065197,-33.3154350494263,-245.196821647557));
#9974=CARTESIAN_POINT('',(-27.2665177575733,-33.2551795151296,-244.068581419858));
#9975=CARTESIAN_POINT('',(-27.2665177575733,-33.2551795151296,-244.068581419858));
#9976=CARTESIAN_POINT('Ctrl Pts',(-27.4752490512516,-33.6167127209099,-244.829836445722));
#9977=CARTESIAN_POINT('Ctrl Pts',(-27.4275063592057,-33.5340199525964,-244.728898868552));
#9978=CARTESIAN_POINT('Ctrl Pts',(-27.3250260563327,-33.3565188612452,-244.512235060201));
#9979=CARTESIAN_POINT('Ctrl Pts',(-27.2868882383428,-33.2904622227969,-244.223045626484));
#9980=CARTESIAN_POINT('Ctrl Pts',(-27.2665177575733,-33.2551795151296,-244.068581419858));
#9981=CARTESIAN_POINT('Ctrl Pts',(-27.8517838112499,-34.2688900560428,-245.086316424283));
#9982=CARTESIAN_POINT('Ctrl Pts',(-23.5216567923277,-36.7688900560428,-245.086316424283));
#9983=CARTESIAN_POINT('Ctrl Pts',(-27.781274916314,-34.1467650676283,-245.076891107776));
#9984=CARTESIAN_POINT('Ctrl Pts',(-23.4511478973918,-36.6467650676283,-245.076891107776));
#9985=CARTESIAN_POINT('Ctrl Pts',(-27.6441350086603,-33.9092317798267,-245.058558852866));
#9986=CARTESIAN_POINT('Ctrl Pts',(-23.3140079897381,-36.4092317798267,-245.058558852866));
#9987=CARTESIAN_POINT('Ctrl Pts',(-27.5304730368696,-33.7123634697967,-244.904626340136));
#9988=CARTESIAN_POINT('Ctrl Pts',(-23.2003460179474,-36.2123634697967,-244.904626340136));
#9989=CARTESIAN_POINT('Ctrl Pts',(-27.4752490512516,-33.6167127209099,-244.829836445722));
#9990=CARTESIAN_POINT('Ctrl Pts',(-23.1451220323294,-36.1167127209099,-244.829836445722));
#9991=CARTESIAN_POINT('',(-23.1451220323294,-36.1167127209099,-244.829836445722));
#9992=CARTESIAN_POINT('',(-23.1451220323294,-36.1167127209099,-244.829836445722));
#9993=CARTESIAN_POINT('',(-23.5216567923277,-36.7688900560428,-245.086316424283));
#9994=CARTESIAN_POINT('Ctrl Pts',(-23.5216567923277,-36.7688900560428,-245.086316424283));
#9995=CARTESIAN_POINT('Ctrl Pts',(-23.4511478973918,-36.6467650676283,-245.076891107776));
#9996=CARTESIAN_POINT('Ctrl Pts',(-23.3140079897381,-36.4092317798267,-245.058558852866));
#9997=CARTESIAN_POINT('Ctrl Pts',(-23.2003460179474,-36.2123634697967,-244.904626340136));
#9998=CARTESIAN_POINT('Ctrl Pts',(-23.1451220323294,-36.1167127209099,-244.829836445722));
#9999=CARTESIAN_POINT('',(-23.5216567923277,-36.7688900560428,-245.086316424283));
#10000=CARTESIAN_POINT('Ctrl Pts',(-28.1914836458351,-34.8572674288671,
-244.898049193296));
#10001=CARTESIAN_POINT('Ctrl Pts',(-23.8613566269129,-37.3572674288671,
-244.898049193296));
#10002=CARTESIAN_POINT('Ctrl Pts',(-28.13811385838,-34.7648282454056,-244.952960468241));
#10003=CARTESIAN_POINT('Ctrl Pts',(-23.8079868394578,-37.2648282454056,
-244.952960468241));
#10004=CARTESIAN_POINT('Ctrl Pts',(-28.0313977610195,-34.5799905427918,
-245.062758862476));
#10005=CARTESIAN_POINT('Ctrl Pts',(-23.7012707420973,-37.0799905427918,
-245.062758862476));
#10006=CARTESIAN_POINT('Ctrl Pts',(-27.9116463460662,-34.3725750078145,
-245.078465055469));
#10007=CARTESIAN_POINT('Ctrl Pts',(-23.581519327144,-36.8725750078145,-245.078465055469));
#10008=CARTESIAN_POINT('Ctrl Pts',(-27.8517838112499,-34.2688900560428,
-245.086316424283));
#10009=CARTESIAN_POINT('Ctrl Pts',(-23.5216567923277,-36.7688900560428,
-245.086316424283));
#10010=CARTESIAN_POINT('',(-23.8613566269129,-37.3572674288671,-244.898049193296));
#10011=CARTESIAN_POINT('Ctrl Pts',(-23.8613566269129,-37.3572674288671,
-244.898049193296));
#10012=CARTESIAN_POINT('Ctrl Pts',(-23.8079868394578,-37.2648282454056,
-244.952960468241));
#10013=CARTESIAN_POINT('Ctrl Pts',(-23.7012707420973,-37.0799905427918,
-245.062758862476));
#10014=CARTESIAN_POINT('Ctrl Pts',(-23.581519327144,-36.8725750078145,-245.078465055469));
#10015=CARTESIAN_POINT('Ctrl Pts',(-23.5216567923277,-36.7688900560428,
-245.086316424283));
#10016=CARTESIAN_POINT('',(-23.8613566269129,-37.3572674288671,-244.898049193296));
#10017=CARTESIAN_POINT('Ctrl Pts',(-28.4227251551535,-35.2577894718254,
-244.329154449376));
#10018=CARTESIAN_POINT('Ctrl Pts',(-24.0925981362313,-37.7577894718254,
-244.329154449376));
#10019=CARTESIAN_POINT('Ctrl Pts',(-28.3953261499722,-35.2103330027745,
-244.447004240268));
#10020=CARTESIAN_POINT('Ctrl Pts',(-24.06519913105,-37.7103330027745,-244.447004240268));
#10021=CARTESIAN_POINT('Ctrl Pts',(-28.342119684855,-35.1181767019004,-244.675858198529));
#10022=CARTESIAN_POINT('Ctrl Pts',(-24.0119926659328,-37.6181767019004,
-244.675858198529));
#10023=CARTESIAN_POINT('Ctrl Pts',(-28.2406842587561,-34.9424853902098,
-244.825477362549));
#10024=CARTESIAN_POINT('Ctrl Pts',(-23.910557239834,-37.4424853902098,-244.825477362549));
#10025=CARTESIAN_POINT('Ctrl Pts',(-28.1914836458351,-34.8572674288671,
-244.898049193296));
#10026=CARTESIAN_POINT('Ctrl Pts',(-23.8613566269129,-37.3572674288671,
-244.898049193296));
#10027=CARTESIAN_POINT('',(-24.0925981362313,-37.7577894718254,-244.329154449376));
#10028=CARTESIAN_POINT('Ctrl Pts',(-24.0925981362313,-37.7577894718254,
-244.329154449376));
#10029=CARTESIAN_POINT('Ctrl Pts',(-24.06519913105,-37.7103330027745,-244.447004240268));
#10030=CARTESIAN_POINT('Ctrl Pts',(-24.0119926659328,-37.6181767019004,
-244.675858198529));
#10031=CARTESIAN_POINT('Ctrl Pts',(-23.910557239834,-37.4424853902098,-244.825477362549));
#10032=CARTESIAN_POINT('Ctrl Pts',(-23.8613566269129,-37.3572674288671,
-244.898049193296));
#10033=CARTESIAN_POINT('',(-24.0925981362313,-37.7577894718254,-244.329154449376));
#10034=CARTESIAN_POINT('Ctrl Pts',(-28.4970771438863,-35.3865708939544,
-243.438295083913));
#10035=CARTESIAN_POINT('Ctrl Pts',(-24.1669501249641,-37.8865708939544,
-243.438295083913));
#10036=CARTESIAN_POINT('Ctrl Pts',(-28.4947454573279,-35.3825322943679,
-243.598903965967));
#10037=CARTESIAN_POINT('Ctrl Pts',(-24.1646184384057,-37.8825322943679,
-243.598903965967));
#10038=CARTESIAN_POINT('Ctrl Pts',(-28.4903324011471,-35.3748886568462,
-243.902879651331));
#10039=CARTESIAN_POINT('Ctrl Pts',(-24.1602053822249,-37.8748886568462,
-243.902879651331));
#10040=CARTESIAN_POINT('Ctrl Pts',(-28.4443923005378,-35.295318068486,-244.192539536475));
#10041=CARTESIAN_POINT('Ctrl Pts',(-24.1142652816156,-37.795318068486,-244.192539536475));
#10042=CARTESIAN_POINT('Ctrl Pts',(-28.4227251551535,-35.2577894718254,
-244.329154449376));
#10043=CARTESIAN_POINT('Ctrl Pts',(-24.0925981362313,-37.7577894718254,
-244.329154449376));
#10044=CARTESIAN_POINT('',(-24.1669501249641,-37.8865708939544,-243.438295083913));
#10045=CARTESIAN_POINT('Ctrl Pts',(-24.1669501249641,-37.8865708939544,
-243.438295083913));
#10046=CARTESIAN_POINT('Ctrl Pts',(-24.1646184384057,-37.8825322943679,
-243.598903965967));
#10047=CARTESIAN_POINT('Ctrl Pts',(-24.1602053822249,-37.8748886568462,
-243.902879651331));
#10048=CARTESIAN_POINT('Ctrl Pts',(-24.1142652816156,-37.795318068486,-244.192539536475));
#10049=CARTESIAN_POINT('Ctrl Pts',(-24.0925981362313,-37.7577894718254,
-244.329154449376));
#10050=CARTESIAN_POINT('',(-24.1669501249641,-37.8865708939544,-243.438295083913));
#10051=CARTESIAN_POINT('Ctrl Pts',(-28.4343213505532,-35.2778746714323,
-242.670218306455));
#10052=CARTESIAN_POINT('Ctrl Pts',(-24.104194331631,-37.7778746714323,-242.670218306455));
#10053=CARTESIAN_POINT('Ctrl Pts',(-28.4526251087356,-35.3095777105735,
-242.795443304541));
#10054=CARTESIAN_POINT('Ctrl Pts',(-24.1224980898134,-37.8095777105735,
-242.795443304541));
#10055=CARTESIAN_POINT('Ctrl Pts',(-28.4892945172034,-35.3730909891234,
-243.046316734985));
#10056=CARTESIAN_POINT('Ctrl Pts',(-24.1591674982812,-37.8730909891234,
-243.046316734985));
#10057=CARTESIAN_POINT('Ctrl Pts',(-28.49448001756,-35.3820725392035,-243.307488695422));
#10058=CARTESIAN_POINT('Ctrl Pts',(-24.1643529986378,-37.8820725392035,
-243.307488695422));
#10059=CARTESIAN_POINT('Ctrl Pts',(-28.4970771438863,-35.3865708939544,
-243.438295083913));
#10060=CARTESIAN_POINT('Ctrl Pts',(-24.1669501249641,-37.8865708939544,
-243.438295083913));
#10061=CARTESIAN_POINT('',(-24.104194331631,-37.7778746714323,-242.670218306455));
#10062=CARTESIAN_POINT('Ctrl Pts',(-24.104194331631,-37.7778746714323,-242.670218306455));
#10063=CARTESIAN_POINT('Ctrl Pts',(-24.1224980898134,-37.8095777105735,
-242.795443304541));
#10064=CARTESIAN_POINT('Ctrl Pts',(-24.1591674982812,-37.8730909891234,
-243.046316734985));
#10065=CARTESIAN_POINT('Ctrl Pts',(-24.1643529986378,-37.8820725392035,
-243.307488695422));
#10066=CARTESIAN_POINT('Ctrl Pts',(-24.1669501249641,-37.8865708939544,
-243.438295083913));
#10067=CARTESIAN_POINT('',(-24.104194331631,-37.7778746714323,-242.670218306455));
#10068=CARTESIAN_POINT('Ctrl Pts',(-28.2167224876072,-34.9009823851405,
-242.076766448888));
#10069=CARTESIAN_POINT('Ctrl Pts',(-23.886595468685,-37.4009823851405,-242.076766448888));
#10070=CARTESIAN_POINT('Ctrl Pts',(-28.2645891206241,-34.983889825513,-242.157280143676));
#10071=CARTESIAN_POINT('Ctrl Pts',(-23.9344621017019,-37.483889825513,-242.157280143676));
#10072=CARTESIAN_POINT('Ctrl Pts',(-28.3611665815494,-35.1511668947016,
-242.319727504651));
#10073=CARTESIAN_POINT('Ctrl Pts',(-24.0310395626272,-37.6511668947016,
-242.319727504651));
#10074=CARTESIAN_POINT('Ctrl Pts',(-28.4097947394118,-35.2353933347978,
-242.552709199099));
#10075=CARTESIAN_POINT('Ctrl Pts',(-24.0796677204896,-37.7353933347978,
-242.552709199099));
#10076=CARTESIAN_POINT('Ctrl Pts',(-28.4343213505532,-35.2778746714323,
-242.670218306455));
#10077=CARTESIAN_POINT('Ctrl Pts',(-24.104194331631,-37.7778746714323,-242.670218306455));
#10078=CARTESIAN_POINT('',(-23.886595468685,-37.4009823851405,-242.076766448888));
#10079=CARTESIAN_POINT('Ctrl Pts',(-23.886595468685,-37.4009823851405,-242.076766448888));
#10080=CARTESIAN_POINT('Ctrl Pts',(-23.9344621017019,-37.483889825513,-242.157280143676));
#10081=CARTESIAN_POINT('Ctrl Pts',(-24.0310395626272,-37.6511668947016,
-242.319727504651));
#10082=CARTESIAN_POINT('Ctrl Pts',(-24.0796677204896,-37.7353933347978,
-242.552709199099));
#10083=CARTESIAN_POINT('Ctrl Pts',(-24.104194331631,-37.7778746714323,-242.670218306455));
#10084=CARTESIAN_POINT('',(-23.886595468685,-37.4009823851405,-242.076766448888));
#10085=CARTESIAN_POINT('Ctrl Pts',(-27.8313200465824,-34.2334457759245,
-241.855757194432));
#10086=CARTESIAN_POINT('Ctrl Pts',(-23.5011930276602,-36.7334457759245,
-241.855757194432));
#10087=CARTESIAN_POINT('Ctrl Pts',(-27.9035276515135,-34.3585130163581,
-241.862914945542));
#10088=CARTESIAN_POINT('Ctrl Pts',(-23.5734006325914,-36.8585130163581,
-241.862914945542));
#10089=CARTESIAN_POINT('Ctrl Pts',(-28.0408713474682,-34.5963992758509,
-241.876529467073));
#10090=CARTESIAN_POINT('Ctrl Pts',(-23.710744328546,-37.0963992758509,-241.876529467073));
#10091=CARTESIAN_POINT('Ctrl Pts',(-28.1601526144281,-34.8030004906166,
-242.012351849937));
#10092=CARTESIAN_POINT('Ctrl Pts',(-23.8300255955059,-37.3030004906166,
-242.012351849937));
#10093=CARTESIAN_POINT('Ctrl Pts',(-28.2167224876072,-34.9009823851405,
-242.076766448888));
#10094=CARTESIAN_POINT('Ctrl Pts',(-23.886595468685,-37.4009823851405,-242.076766448888));
#10095=CARTESIAN_POINT('',(-23.5011930276602,-36.7334457759245,-241.855757194432));
#10096=CARTESIAN_POINT('Ctrl Pts',(-23.5011930276602,-36.7334457759245,
-241.855757194432));
#10097=CARTESIAN_POINT('Ctrl Pts',(-23.5734006325914,-36.8585130163581,
-241.862914945542));
#10098=CARTESIAN_POINT('Ctrl Pts',(-23.710744328546,-37.0963992758509,-241.876529467073));
#10099=CARTESIAN_POINT('Ctrl Pts',(-23.8300255955059,-37.3030004906166,
-242.012351849937));
#10100=CARTESIAN_POINT('Ctrl Pts',(-23.886595468685,-37.4009823851405,-242.076766448888));
#10101=CARTESIAN_POINT('',(-23.5011930276602,-36.7334457759245,-241.855757194432));
#10102=CARTESIAN_POINT('Ctrl Pts',(-27.4984413675453,-33.6568829910759,
-242.054938631925));
#10103=CARTESIAN_POINT('Ctrl Pts',(-23.1683143486231,-36.1568829910759,
-242.054938631925));
#10104=CARTESIAN_POINT('Ctrl Pts',(-27.5469629830299,-33.7409248943604,
-241.996886063165));
#10105=CARTESIAN_POINT('Ctrl Pts',(-23.2168359641077,-36.2409248943604,
-241.996886063165));
#10106=CARTESIAN_POINT('Ctrl Pts',(-27.649280601647,-33.9181442083147,-241.874470506081));
#10107=CARTESIAN_POINT('Ctrl Pts',(-23.3191535827248,-36.4181442083147,
-241.874470506081));
#10108=CARTESIAN_POINT('Ctrl Pts',(-27.7685901294859,-34.1247943723587,
-241.862205711613));
#10109=CARTESIAN_POINT('Ctrl Pts',(-23.4384631105637,-36.6247943723587,
-241.862205711613));
#10110=CARTESIAN_POINT('Ctrl Pts',(-27.8313200465824,-34.2334457759245,
-241.855757194432));
#10111=CARTESIAN_POINT('Ctrl Pts',(-23.5011930276602,-36.7334457759245,
-241.855757194432));
#10112=CARTESIAN_POINT('',(-23.1683143486231,-36.1568829910759,-242.054938631925));
#10113=CARTESIAN_POINT('Ctrl Pts',(-23.1683143486231,-36.1568829910759,
-242.054938631925));
#10114=CARTESIAN_POINT('Ctrl Pts',(-23.2168359641077,-36.2409248943604,
-241.996886063165));
#10115=CARTESIAN_POINT('Ctrl Pts',(-23.3191535827248,-36.4181442083147,
-241.874470506081));
#10116=CARTESIAN_POINT('Ctrl Pts',(-23.4384631105637,-36.6247943723587,
-241.862205711613));
#10117=CARTESIAN_POINT('Ctrl Pts',(-23.5011930276602,-36.7334457759245,
-241.855757194432));
#10118=CARTESIAN_POINT('',(-23.1683143486231,-36.1568829910759,-242.054938631925));
#10119=CARTESIAN_POINT('Ctrl Pts',(-27.2965313784268,-33.3071646313668,
-242.690682369145));
#10120=CARTESIAN_POINT('Ctrl Pts',(-22.9664043595046,-35.8071646313668,
-242.690682369145));
#10121=CARTESIAN_POINT('Ctrl Pts',(-27.3201193428126,-33.3480201841303,
-242.558618067266));
#10122=CARTESIAN_POINT('Ctrl Pts',(-22.9899923238904,-35.8480201841303,
-242.558618067266));
#10123=CARTESIAN_POINT('Ctrl Pts',(-27.3635488642929,-33.4232423218825,
-242.315464849742));
#10124=CARTESIAN_POINT('Ctrl Pts',(-23.0334218453707,-35.9232423218825,
-242.315464849742));
#10125=CARTESIAN_POINT('Ctrl Pts',(-27.4561396182282,-33.5836142120096,
-242.136638611471));
#10126=CARTESIAN_POINT('Ctrl Pts',(-23.1260125993061,-36.0836142120096,
-242.136638611471));
#10127=CARTESIAN_POINT('Ctrl Pts',(-27.4984413675453,-33.6568829910759,
-242.054938631925));
#10128=CARTESIAN_POINT('Ctrl Pts',(-23.1683143486231,-36.1568829910759,
-242.054938631925));
#10129=CARTESIAN_POINT('',(-22.9664043595046,-35.8071646313668,-242.690682369145));
#10130=CARTESIAN_POINT('Ctrl Pts',(-22.9664043595046,-35.8071646313668,
-242.690682369145));
#10131=CARTESIAN_POINT('Ctrl Pts',(-22.9899923238904,-35.8480201841303,
-242.558618067266));
#10132=CARTESIAN_POINT('Ctrl Pts',(-23.0334218453707,-35.9232423218825,
-242.315464849742));
#10133=CARTESIAN_POINT('Ctrl Pts',(-23.1260125993061,-36.0836142120096,
-242.136638611471));
#10134=CARTESIAN_POINT('Ctrl Pts',(-23.1683143486231,-36.1568829910759,
-242.054938631925));
#10135=CARTESIAN_POINT('',(-22.9664043595046,-35.8071646313668,-242.690682369145));
#10136=CARTESIAN_POINT('Origin',(-22.8361179192513,-35.5815018973109,-242.62929077712));
#10137=CARTESIAN_POINT('',(-22.705831478998,-35.355839163255,-242.567899185094));
#10138=CARTESIAN_POINT('',(-15.6654038549353,-23.1614608113669,-239.250416110546));
#10139=CARTESIAN_POINT('',(-22.705831478998,-35.355839163255,-242.567899185094));
#10140=CARTESIAN_POINT('Ctrl Pts',(-27.3210880450394,-33.3496980256044,
-241.70841749278));
#10141=CARTESIAN_POINT('Ctrl Pts',(-22.9909610261172,-35.8496980256044,
-241.70841749278));
#10142=CARTESIAN_POINT('Ctrl Pts',(-27.2576463362359,-33.2398137626378,
-241.823487548901));
#10143=CARTESIAN_POINT('Ctrl Pts',(-22.9275193173137,-35.7398137626378,
-241.823487548901));
#10144=CARTESIAN_POINT('Ctrl Pts',(-27.1264553163341,-33.0125842506711,
-242.061440755196));
#10145=CARTESIAN_POINT('Ctrl Pts',(-22.7963282974119,-35.5125842506711,
-242.061440755196));
#10146=CARTESIAN_POINT('Ctrl Pts',(-27.0667772719381,-32.9092188456808,
-242.395424305048));
#10147=CARTESIAN_POINT('Ctrl Pts',(-22.7366502530159,-35.4092188456808,
-242.395424305048));
#10148=CARTESIAN_POINT('Ctrl Pts',(-27.0359584979202,-32.855839163255,-242.567899185094));
#10149=CARTESIAN_POINT('Ctrl Pts',(-22.705831478998,-35.355839163255,-242.567899185094));
#10150=CARTESIAN_POINT('',(-22.9909610261172,-35.8496980256044,-241.70841749278));
#10151=CARTESIAN_POINT('Ctrl Pts',(-22.9909610261172,-35.8496980256044,
-241.70841749278));
#10152=CARTESIAN_POINT('Ctrl Pts',(-22.9275193173137,-35.7398137626378,
-241.823487548901));
#10153=CARTESIAN_POINT('Ctrl Pts',(-22.7963282974119,-35.5125842506711,
-242.061440755196));
#10154=CARTESIAN_POINT('Ctrl Pts',(-22.7366502530159,-35.4092188456808,
-242.395424305048));
#10155=CARTESIAN_POINT('Ctrl Pts',(-22.705831478998,-35.355839163255,-242.567899185094));
#10156=CARTESIAN_POINT('',(-22.9909610261172,-35.8496980256044,-241.70841749278));
#10157=CARTESIAN_POINT('Ctrl Pts',(-27.82586294333,-34.2239937958292,-241.40282388297));
#10158=CARTESIAN_POINT('Ctrl Pts',(-23.4957359244078,-36.7239937958292,
-241.40282388297));
#10159=CARTESIAN_POINT('Ctrl Pts',(-27.73143092094,-34.0604327351882,-241.413190157276));
#10160=CARTESIAN_POINT('Ctrl Pts',(-23.4013039020178,-36.5604327351882,
-241.413190157276));
#10161=CARTESIAN_POINT('Ctrl Pts',(-27.5504400504094,-33.7469473517231,
-241.433058428266));
#10162=CARTESIAN_POINT('Ctrl Pts',(-23.2203130314872,-36.2469473517231,
-241.433058428266));
#10163=CARTESIAN_POINT('Ctrl Pts',(-27.3952890029106,-33.4782178546076,
-241.619332131121));
#10164=CARTESIAN_POINT('Ctrl Pts',(-23.0651619839884,-35.9782178546076,
-241.619332131121));
#10165=CARTESIAN_POINT('Ctrl Pts',(-27.3210880450394,-33.3496980256044,
-241.70841749278));
#10166=CARTESIAN_POINT('Ctrl Pts',(-22.9909610261172,-35.8496980256044,
-241.70841749278));
#10167=CARTESIAN_POINT('',(-23.4957359244078,-36.7239937958292,-241.40282388297));
#10168=CARTESIAN_POINT('Ctrl Pts',(-23.4957359244078,-36.7239937958292,
-241.40282388297));
#10169=CARTESIAN_POINT('Ctrl Pts',(-23.4013039020178,-36.5604327351882,
-241.413190157276));
#10170=CARTESIAN_POINT('Ctrl Pts',(-23.2203130314872,-36.2469473517231,
-241.433058428266));
#10171=CARTESIAN_POINT('Ctrl Pts',(-23.0651619839884,-35.9782178546076,
-241.619332131121));
#10172=CARTESIAN_POINT('Ctrl Pts',(-22.9909610261172,-35.8496980256044,
-241.70841749278));
#10173=CARTESIAN_POINT('',(-23.4957359244078,-36.7239937958292,-241.40282388297));
#10174=CARTESIAN_POINT('Ctrl Pts',(-28.3108561403539,-35.0640266543998,
-241.644297796163));
#10175=CARTESIAN_POINT('Ctrl Pts',(-23.9807291214317,-37.5640266543998,
-241.644297796163));
#10176=CARTESIAN_POINT('Ctrl Pts',(-28.2349800335029,-34.9326053822534,
-241.573871746466));
#10177=CARTESIAN_POINT('Ctrl Pts',(-23.9048530145807,-37.4326053822534,
-241.573871746466));
#10178=CARTESIAN_POINT('Ctrl Pts',(-28.0811291474839,-34.666127830879,-241.431071718969));
#10179=CARTESIAN_POINT('Ctrl Pts',(-23.7510021285617,-37.166127830879,-241.431071718969));
#10180=CARTESIAN_POINT('Ctrl Pts',(-27.9117219696889,-34.3727059917712,
-241.412325069011));
#10181=CARTESIAN_POINT('Ctrl Pts',(-23.5815949507667,-36.8727059917712,
-241.412325069011));
#10182=CARTESIAN_POINT('Ctrl Pts',(-27.82586294333,-34.2239937958292,-241.40282388297));
#10183=CARTESIAN_POINT('Ctrl Pts',(-23.4957359244078,-36.7239937958292,
-241.40282388297));
#10184=CARTESIAN_POINT('',(-23.9807291214317,-37.5640266543998,-241.644297796163));
#10185=CARTESIAN_POINT('Ctrl Pts',(-23.9807291214317,-37.5640266543998,
-241.644297796163));
#10186=CARTESIAN_POINT('Ctrl Pts',(-23.9048530145807,-37.4326053822534,
-241.573871746466));
#10187=CARTESIAN_POINT('Ctrl Pts',(-23.7510021285617,-37.166127830879,-241.431071718969));
#10188=CARTESIAN_POINT('Ctrl Pts',(-23.5815949507667,-36.8727059917712,
-241.412325069011));
#10189=CARTESIAN_POINT('Ctrl Pts',(-23.4957359244078,-36.7239937958292,
-241.40282388297));
#10190=CARTESIAN_POINT('',(-23.9807291214317,-37.5640266543998,-241.644297796163));
#10191=CARTESIAN_POINT('Ctrl Pts',(-28.6505559935655,-35.6524040594861,
-242.350982385549));
#10192=CARTESIAN_POINT('Ctrl Pts',(-24.3204289746433,-38.1524040594861,
-242.350982385549));
#10193=CARTESIAN_POINT('Ctrl Pts',(-28.6069569772793,-35.5768883481184,
-242.205673884762));
#10194=CARTESIAN_POINT('Ctrl Pts',(-24.2768299583572,-38.0768883481184,
-242.205673884762));
#10195=CARTESIAN_POINT('Ctrl Pts',(-28.5206771695896,-35.4274473375325,
-241.918117178867));
#10196=CARTESIAN_POINT('Ctrl Pts',(-24.1905501506674,-37.9274473375325,
-241.918117178867));
#10197=CARTESIAN_POINT('Ctrl Pts',(-28.3802984944051,-35.1843043398137,
-241.734921041073));
#10198=CARTESIAN_POINT('Ctrl Pts',(-24.0501714754829,-37.6843043398137,
-241.734921041073));
#10199=CARTESIAN_POINT('Ctrl Pts',(-28.3108561403539,-35.0640266543998,
-241.644297796163));
#10200=CARTESIAN_POINT('Ctrl Pts',(-23.9807291214317,-37.5640266543998,
-241.644297796163));
#10201=CARTESIAN_POINT('',(-24.3204289746433,-38.1524040594861,-242.350982385549));
#10202=CARTESIAN_POINT('Ctrl Pts',(-24.3204289746433,-38.1524040594861,
-242.350982385549));
#10203=CARTESIAN_POINT('Ctrl Pts',(-24.2768299583572,-38.0768883481184,
-242.205673884762));
#10204=CARTESIAN_POINT('Ctrl Pts',(-24.1905501506674,-37.9274473375325,
-241.918117178867));
#10205=CARTESIAN_POINT('Ctrl Pts',(-24.0501714754829,-37.6843043398137,
-241.734921041073));
#10206=CARTESIAN_POINT('Ctrl Pts',(-23.9807291214317,-37.5640266543998,
-241.644297796163));
#10207=CARTESIAN_POINT('',(-24.3204289746433,-38.1524040594861,-242.350982385549));
#10208=CARTESIAN_POINT('Ctrl Pts',(-28.7699284322049,-35.8591631882329,
-243.441023784551));
#10209=CARTESIAN_POINT('Ctrl Pts',(-24.4398014132827,-38.3591631882329,
-243.441023784551));
#10210=CARTESIAN_POINT('Ctrl Pts',(-28.7659430783883,-35.8522603529363,
-243.243367284862));
#10211=CARTESIAN_POINT('Ctrl Pts',(-24.4358160594661,-38.3522603529363,
-243.243367284862));
#10212=CARTESIAN_POINT('Ctrl Pts',(-28.7583251675516,-35.8390657443197,
-242.865551497314));
#10213=CARTESIAN_POINT('Ctrl Pts',(-24.4281981486294,-38.3390657443197,
-242.865551497314));
#10214=CARTESIAN_POINT('Ctrl Pts',(-28.6853525615383,-35.712673483144,-242.517126732879));
#10215=CARTESIAN_POINT('Ctrl Pts',(-24.3552255426161,-38.212673483144,-242.517126732879));
#10216=CARTESIAN_POINT('Ctrl Pts',(-28.6505559935655,-35.6524040594861,
-242.350982385549));
#10217=CARTESIAN_POINT('Ctrl Pts',(-24.3204289746433,-38.1524040594861,
-242.350982385549));
#10218=CARTESIAN_POINT('',(-24.4398014132827,-38.3591631882329,-243.441023784551));
#10219=CARTESIAN_POINT('Ctrl Pts',(-24.4398014132827,-38.3591631882329,
-243.441023784551));
#10220=CARTESIAN_POINT('Ctrl Pts',(-24.4358160594661,-38.3522603529363,
-243.243367284862));
#10221=CARTESIAN_POINT('Ctrl Pts',(-24.4281981486294,-38.3390657443197,
-242.865551497314));
#10222=CARTESIAN_POINT('Ctrl Pts',(-24.3552255426161,-38.212673483144,-242.517126732879));
#10223=CARTESIAN_POINT('Ctrl Pts',(-24.3204289746433,-38.1524040594861,
-242.350982385549));
#10224=CARTESIAN_POINT('',(-24.4398014132827,-38.3591631882329,-243.441023784551));
#10225=CARTESIAN_POINT('Ctrl Pts',(-28.6641985468056,-35.6760336548428,
-244.513329225453));
#10226=CARTESIAN_POINT('Ctrl Pts',(-24.3340715278834,-38.1760336548428,
-244.513329225453));
#10227=CARTESIAN_POINT('Ctrl Pts',(-28.695034677703,-35.729443400266,-244.342500731646));
#10228=CARTESIAN_POINT('Ctrl Pts',(-24.3649076587808,-38.229443400266,-244.342500731646));
#10229=CARTESIAN_POINT('Ctrl Pts',(-28.7575954568378,-35.8378018482886,
-243.995921463756));
#10230=CARTESIAN_POINT('Ctrl Pts',(-24.4274684379156,-38.3378018482886,
-243.995921463756));
#10231=CARTESIAN_POINT('Ctrl Pts',(-28.7657786996731,-35.85197564065,-243.627732740231));
#10232=CARTESIAN_POINT('Ctrl Pts',(-24.4356516807509,-38.35197564065,-243.627732740231));
#10233=CARTESIAN_POINT('Ctrl Pts',(-28.7699284322049,-35.8591631882329,
-243.441023784551));
#10234=CARTESIAN_POINT('Ctrl Pts',(-24.4398014132827,-38.3591631882329,
-243.441023784551));
#10235=CARTESIAN_POINT('',(-24.3340715278834,-38.1760336548428,-244.513329225453));
#10236=CARTESIAN_POINT('Ctrl Pts',(-24.3340715278834,-38.1760336548428,
-244.513329225453));
#10237=CARTESIAN_POINT('Ctrl Pts',(-24.3649076587808,-38.229443400266,-244.342500731646));
#10238=CARTESIAN_POINT('Ctrl Pts',(-24.4274684379156,-38.3378018482886,
-243.995921463756));
#10239=CARTESIAN_POINT('Ctrl Pts',(-24.4356516807509,-38.35197564065,-243.627732740231));
#10240=CARTESIAN_POINT('Ctrl Pts',(-24.4398014132827,-38.3591631882329,
-243.441023784551));
#10241=CARTESIAN_POINT('',(-24.3340715278834,-38.1760336548428,-244.513329225453));
#10242=CARTESIAN_POINT('Ctrl Pts',(-28.3558766088869,-35.1420043932796,
-245.275948601636));
#10243=CARTESIAN_POINT('Ctrl Pts',(-24.0257495899647,-37.6420043932796,
-245.275948601636));
#10244=CARTESIAN_POINT('Ctrl Pts',(-28.4198735280156,-35.2528503087384,
-245.175922978447));
#10245=CARTESIAN_POINT('Ctrl Pts',(-24.0897465090934,-37.7528503087384,
-245.175922978447));
#10246=CARTESIAN_POINT('Ctrl Pts',(-28.551928215285,-35.4815757364665,-244.96952472414));
#10247=CARTESIAN_POINT('Ctrl Pts',(-24.2218011963628,-37.9815757364665,
-244.96952472414));
#10248=CARTESIAN_POINT('Ctrl Pts',(-28.6260156751995,-35.6098989812422,
-244.668480224989));
#10249=CARTESIAN_POINT('Ctrl Pts',(-24.2958886562773,-38.1098989812422,
-244.668480224989));
#10250=CARTESIAN_POINT('Ctrl Pts',(-28.6641985468056,-35.6760336548428,
-244.513329225453));
#10251=CARTESIAN_POINT('Ctrl Pts',(-24.3340715278834,-38.1760336548428,
-244.513329225453));
#10252=CARTESIAN_POINT('',(-24.0257495899647,-37.6420043932796,-245.275948601636));
#10253=CARTESIAN_POINT('Ctrl Pts',(-24.0257495899647,-37.6420043932796,
-245.275948601636));
#10254=CARTESIAN_POINT('Ctrl Pts',(-24.0897465090934,-37.7528503087384,
-245.175922978447));
#10255=CARTESIAN_POINT('Ctrl Pts',(-24.2218011963628,-37.9815757364665,
-244.96952472414));
#10256=CARTESIAN_POINT('Ctrl Pts',(-24.2958886562773,-38.1098989812422,
-244.668480224989));
#10257=CARTESIAN_POINT('Ctrl Pts',(-24.3340715278834,-38.1760336548428,
-244.513329225453));
#10258=CARTESIAN_POINT('',(-24.0257495899647,-37.6420043932796,-245.275948601636));
#10259=CARTESIAN_POINT('Ctrl Pts',(-27.8299556962635,-34.2310826518529,
-245.539249735746));
#10260=CARTESIAN_POINT('Ctrl Pts',(-23.4998286773413,-36.7310826518529,
-245.539249735746));
#10261=CARTESIAN_POINT('Ctrl Pts',(-27.9296071225453,-34.4036839852196,
-245.532075655738));
#10262=CARTESIAN_POINT('Ctrl Pts',(-23.5994801036231,-36.9036839852196,
-245.532075655738));
#10263=CARTESIAN_POINT('Ctrl Pts',(-28.1146760910399,-34.7242328415566,
-245.518752217867));
#10264=CARTESIAN_POINT('Ctrl Pts',(-23.7845490721177,-37.2242328415566,
-245.518752217867));
#10265=CARTESIAN_POINT('Ctrl Pts',(-28.2797073560799,-35.0100753774433,
-245.352624100479));
#10266=CARTESIAN_POINT('Ctrl Pts',(-23.9495803371577,-37.5100753774433,
-245.352624100479));
#10267=CARTESIAN_POINT('Ctrl Pts',(-28.3558766088869,-35.1420043932796,
-245.275948601636));
#10268=CARTESIAN_POINT('Ctrl Pts',(-24.0257495899647,-37.6420043932796,
-245.275948601636));
#10269=CARTESIAN_POINT('',(-23.4998286773413,-36.7310826518529,-245.539249735746));
#10270=CARTESIAN_POINT('Ctrl Pts',(-23.4998286773413,-36.7310826518529,
-245.539249735746));
#10271=CARTESIAN_POINT('Ctrl Pts',(-23.5994801036231,-36.9036839852196,
-245.532075655738));
#10272=CARTESIAN_POINT('Ctrl Pts',(-23.7845490721177,-37.2242328415566,
-245.518752217867));
#10273=CARTESIAN_POINT('Ctrl Pts',(-23.9495803371577,-37.5100753774433,
-245.352624100479));
#10274=CARTESIAN_POINT('Ctrl Pts',(-24.0257495899647,-37.6420043932796,
-245.275948601636));
#10275=CARTESIAN_POINT('',(-23.4998286773413,-36.7310826518529,-245.539249735746));
#10276=CARTESIAN_POINT('Ctrl Pts',(-27.3013063065197,-33.3154350494263,
-245.196821647557));
#10277=CARTESIAN_POINT('Ctrl Pts',(-22.9711792875975,-35.8154350494263,
-245.196821647557));
#10278=CARTESIAN_POINT('Ctrl Pts',(-27.3790479375678,-33.4500875042649,
-245.296665104005));
#10279=CARTESIAN_POINT('Ctrl Pts',(-23.0489209186456,-35.9500875042649,
-245.296665104005));
#10280=CARTESIAN_POINT('Ctrl Pts',(-27.5399782510276,-33.7288269836553,
-245.503347656538));
#10281=CARTESIAN_POINT('Ctrl Pts',(-23.2098512321054,-36.2288269836553,
-245.503347656538));
#10282=CARTESIAN_POINT('Ctrl Pts',(-27.7311397826876,-34.059928468943,-245.527015347125));
#10283=CARTESIAN_POINT('Ctrl Pts',(-23.4010127637654,-36.559928468943,-245.527015347125));
#10284=CARTESIAN_POINT('Ctrl Pts',(-27.8299556962635,-34.2310826518529,
-245.539249735746));
#10285=CARTESIAN_POINT('Ctrl Pts',(-23.4998286773413,-36.7310826518529,
-245.539249735746));
#10286=CARTESIAN_POINT('',(-22.9711792875975,-35.8154350494263,-245.196821647557));
#10287=CARTESIAN_POINT('Ctrl Pts',(-22.9711792875975,-35.8154350494263,
-245.196821647557));
#10288=CARTESIAN_POINT('Ctrl Pts',(-23.0489209186456,-35.9500875042649,
-245.296665104005));
#10289=CARTESIAN_POINT('Ctrl Pts',(-23.2098512321054,-36.2288269836553,
-245.503347656538));
#10290=CARTESIAN_POINT('Ctrl Pts',(-23.4010127637654,-36.559928468943,-245.527015347125));
#10291=CARTESIAN_POINT('Ctrl Pts',(-23.4998286773413,-36.7310826518529,
-245.539249735746));
#10292=CARTESIAN_POINT('',(-22.9711792875975,-35.8154350494263,-245.196821647557));
#10293=CARTESIAN_POINT('Ctrl Pts',(-27.0018519751217,-32.7967649328984,
-244.202278810414));
#10294=CARTESIAN_POINT('Ctrl Pts',(-22.6717249561995,-35.2967649328984,
-244.202278810414));
#10295=CARTESIAN_POINT('Ctrl Pts',(-27.0330150958403,-32.8507410413054,
-244.40325883612));
#10296=CARTESIAN_POINT('Ctrl Pts',(-22.7028880769181,-35.3507410413054,
-244.40325883612));
#10297=CARTESIAN_POINT('Ctrl Pts',(-27.092167717109,-32.9531963867437,-244.784751288383));
#10298=CARTESIAN_POINT('Ctrl Pts',(-22.7620406981869,-35.4531963867437,
-244.784751288383));
#10299=CARTESIAN_POINT('Ctrl Pts',(-27.2341323091326,-33.1990862730044,
-245.064467244152));
#10300=CARTESIAN_POINT('Ctrl Pts',(-22.9040052902105,-35.6990862730044,
-245.064467244152));
#10301=CARTESIAN_POINT('Ctrl Pts',(-27.3013063065197,-33.3154350494263,
-245.196821647557));
#10302=CARTESIAN_POINT('Ctrl Pts',(-22.9711792875975,-35.8154350494263,
-245.196821647557));
#10303=CARTESIAN_POINT('',(-22.6717249561995,-35.2967649328984,-244.202278810414));
#10304=CARTESIAN_POINT('Ctrl Pts',(-22.6717249561995,-35.2967649328984,
-244.202278810414));
#10305=CARTESIAN_POINT('Ctrl Pts',(-22.7028880769181,-35.3507410413054,
-244.40325883612));
#10306=CARTESIAN_POINT('Ctrl Pts',(-22.7620406981869,-35.4531963867437,
-244.784751288383));
#10307=CARTESIAN_POINT('Ctrl Pts',(-22.9040052902105,-35.6990862730044,
-245.064467244152));
#10308=CARTESIAN_POINT('Ctrl Pts',(-22.9711792875975,-35.8154350494263,
-245.196821647557));
#10309=CARTESIAN_POINT('',(-22.6717249561995,-35.2967649328984,-244.202278810414));
#10310=CARTESIAN_POINT('Origin',(-22.8040578474253,-35.525972224014,-244.135430115136));
#10311=CARTESIAN_POINT('',(-22.9363907386511,-35.7551795151296,-244.068581419858));
#10312=CARTESIAN_POINT('',(-18.963472779112,-28.8738837549049,-246.075523001669));
#10313=CARTESIAN_POINT('',(-22.9363907386511,-35.7551795151296,-244.068581419858));
#10314=CARTESIAN_POINT('Ctrl Pts',(-27.4752490512516,-33.6167127209099,
-244.829836445722));
#10315=CARTESIAN_POINT('Ctrl Pts',(-23.1451220323294,-36.1167127209099,
-244.829836445722));
#10316=CARTESIAN_POINT('Ctrl Pts',(-27.4275063592057,-33.5340199525964,
-244.728898868552));
#10317=CARTESIAN_POINT('Ctrl Pts',(-23.0973793402835,-36.0340199525964,
-244.728898868552));
#10318=CARTESIAN_POINT('Ctrl Pts',(-27.3250260563327,-33.3565188612452,
-244.512235060201));
#10319=CARTESIAN_POINT('Ctrl Pts',(-22.9948990374105,-35.8565188612452,
-244.512235060201));
#10320=CARTESIAN_POINT('Ctrl Pts',(-27.2868882383428,-33.2904622227969,
-244.223045626484));
#10321=CARTESIAN_POINT('Ctrl Pts',(-22.9567612194206,-35.7904622227969,
-244.223045626484));
#10322=CARTESIAN_POINT('Ctrl Pts',(-27.2665177575733,-33.2551795151296,
-244.068581419858));
#10323=CARTESIAN_POINT('Ctrl Pts',(-22.9363907386511,-35.7551795151296,
-244.068581419858));
#10324=CARTESIAN_POINT('Ctrl Pts',(-23.1451220323294,-36.1167127209099,
-244.829836445722));
#10325=CARTESIAN_POINT('Ctrl Pts',(-23.0973793402835,-36.0340199525964,
-244.728898868552));
#10326=CARTESIAN_POINT('Ctrl Pts',(-22.9948990374105,-35.8565188612452,
-244.512235060201));
#10327=CARTESIAN_POINT('Ctrl Pts',(-22.9567612194206,-35.7904622227969,
-244.223045626484));
#10328=CARTESIAN_POINT('Ctrl Pts',(-22.9363907386511,-35.7551795151296,
-244.068581419858));
#10329=CARTESIAN_POINT('Origin',(-15.2835092774344,-12.5000000000002,-215.));
#10330=CARTESIAN_POINT('',(-20.8681543461468,-22.1728890012491,-242.57335658637));
#10331=CARTESIAN_POINT('',(-20.8681543461468,-22.1728890012491,-245.471036988172));
#10332=CARTESIAN_POINT('',(-20.8681543461468,-22.1728890012491,-242.57335658637));
#10333=CARTESIAN_POINT('',(-21.1137207142498,-22.5982224274337,-242.57335658637));
#10334=CARTESIAN_POINT('',(-21.1137207142498,-22.5982224274337,-242.57335658637));
#10335=CARTESIAN_POINT('',(-21.1137207142498,-22.5982224274337,-245.471036988172));
#10336=CARTESIAN_POINT('',(-21.1137207142498,-22.5982224274337,-245.471036988172));
#10337=CARTESIAN_POINT('',(-20.8681543461468,-22.1728890012491,-245.471036988172));
#10338=CARTESIAN_POINT('Origin',(-16.5380273272246,-24.6728890012491,-244.022196787271));
#10339=CARTESIAN_POINT('',(-16.5380273272246,-24.6728890012491,-245.471036988172));
#10340=CARTESIAN_POINT('',(-16.5380273272246,-24.6728890012491,-245.471036988172));
#10341=CARTESIAN_POINT('',(-16.5380273272246,-24.6728890012491,-242.57335658637));
#10342=CARTESIAN_POINT('',(-16.5380273272246,-24.6728890012491,-229.511098393635));
#10343=CARTESIAN_POINT('',(-16.5380273272246,-24.6728890012491,-242.57335658637));
#10344=CARTESIAN_POINT('Origin',(-16.6608105112761,-24.8855557143414,-242.57335658637));
#10345=CARTESIAN_POINT('',(-16.7835936953276,-25.0982224274337,-242.57335658637));
#10346=CARTESIAN_POINT('',(-13.8070963848941,-19.9427778571708,-242.57335658637));
#10347=CARTESIAN_POINT('',(-16.7835936953276,-25.0982224274337,-242.57335658637));
#10348=CARTESIAN_POINT('Origin',(-16.7835936953276,-25.0982224274337,-244.022196787271));
#10349=CARTESIAN_POINT('',(-16.7835936953276,-25.0982224274337,-245.471036988172));
#10350=CARTESIAN_POINT('',(-16.7835936953276,-25.0982224274337,-229.511098393635));
#10351=CARTESIAN_POINT('',(-16.7835936953276,-25.0982224274337,-245.471036988172));
#10352=CARTESIAN_POINT('Origin',(-16.6608105112761,-24.8855557143414,-245.471036988172));
#10353=CARTESIAN_POINT('',(-13.8070963848941,-19.9427778571708,-245.471036988172));
#10354=CARTESIAN_POINT('Origin',(-15.2835092774344,-12.5000000000002,-215.));
#10355=CARTESIAN_POINT('',(-22.1410061709072,-24.3775330322409,-246.647026496801));
#10356=CARTESIAN_POINT('',(-22.5598325125362,-25.1029615354906,-246.413738685521));
#10357=CARTESIAN_POINT('Ctrl Pts',(-22.1410061709072,-24.3775330322409,
-246.647026496801));
#10358=CARTESIAN_POINT('Ctrl Pts',(-22.2209827762794,-24.5160565761623,
-246.640454572167));
#10359=CARTESIAN_POINT('Ctrl Pts',(-22.3701262061388,-24.7743805742939,
-246.628198995975));
#10360=CARTESIAN_POINT('Ctrl Pts',(-22.4997282227126,-24.9988578517632,
-246.481685739575));
#10361=CARTESIAN_POINT('Ctrl Pts',(-22.5598325125362,-25.1029615354906,
-246.413738685521));
#10362=CARTESIAN_POINT('',(-21.7733390919354,-23.7407149711912,-246.483315187368));
#10363=CARTESIAN_POINT('Ctrl Pts',(-21.7733390919354,-23.7407149711912,
-246.483315187368));
#10364=CARTESIAN_POINT('Ctrl Pts',(-21.828093269984,-23.8355519894981,-246.531010658035));
#10365=CARTESIAN_POINT('Ctrl Pts',(-21.9451675531589,-24.0383305962167,
-246.632992154938));
#10366=CARTESIAN_POINT('Ctrl Pts',(-22.0729734784611,-24.2596969523485,
-246.642151084205));
#10367=CARTESIAN_POINT('Ctrl Pts',(-22.1410061709072,-24.3775330322409,
-246.647026496801));
#10368=CARTESIAN_POINT('',(-21.5550579420712,-23.3626409292919,-246.037203031453));
#10369=CARTESIAN_POINT('Ctrl Pts',(-21.5550579420712,-23.3626409292919,
-246.037203031453));
#10370=CARTESIAN_POINT('Ctrl Pts',(-21.5818970111279,-23.4091275605259,
-246.126953489853));
#10371=CARTESIAN_POINT('Ctrl Pts',(-21.6367654836556,-23.5041625426777,
-246.310434912054));
#10372=CARTESIAN_POINT('Ctrl Pts',(-21.7271608669345,-23.6607319392863,
-246.424860963655));
#10373=CARTESIAN_POINT('Ctrl Pts',(-21.7733390919354,-23.7407149711912,
-246.483315187368));
#10374=CARTESIAN_POINT('',(-21.4861633173611,-23.2433119389256,-245.078130918416));
#10375=CARTESIAN_POINT('Ctrl Pts',(-21.4861633173611,-23.2433119389256,
-245.078130918416));
#10376=CARTESIAN_POINT('Ctrl Pts',(-21.4860979417753,-23.2431987050894,
-245.272732683071));
#10377=CARTESIAN_POINT('Ctrl Pts',(-21.4859880060947,-23.2430082909051,
-245.599975294679));
#10378=CARTESIAN_POINT('Ctrl Pts',(-21.5351366019221,-23.3281361559988,
-245.911096609842));
#10379=CARTESIAN_POINT('Ctrl Pts',(-21.5550579420712,-23.3626409292919,
-246.037203031453));
#10380=CARTESIAN_POINT('',(-21.4861633173611,-23.2433119389256,-242.573355990323));
#10381=CARTESIAN_POINT('',(-21.4861633173611,-23.2433119389256,-242.573355990323));
#10382=CARTESIAN_POINT('',(-21.7126293770458,-23.6355626604895,-242.573355990323));
#10383=CARTESIAN_POINT('',(-21.7126293770458,-23.6355626604895,-242.573355990323));
#10384=CARTESIAN_POINT('',(-21.7126293770458,-23.6355626604895,-242.922605830106));
#10385=CARTESIAN_POINT('',(-21.7126293770458,-23.6355626604895,-242.922605830106));
#10386=CARTESIAN_POINT('',(-22.1355487696316,-24.3680805359542,-242.507871943387));
#10387=CARTESIAN_POINT('Ctrl Pts',(-22.1355487696316,-24.3680805359542,
-242.507871943387));
#10388=CARTESIAN_POINT('Ctrl Pts',(-22.0535231188798,-24.2260079413282,
-242.525866212449));
#10389=CARTESIAN_POINT('Ctrl Pts',(-21.8877329551162,-23.9388509542945,
-242.562236211189));
#10390=CARTESIAN_POINT('Ctrl Pts',(-21.7714039355242,-23.7373631819665,
-242.801645622015));
#10391=CARTESIAN_POINT('Ctrl Pts',(-21.7126293770458,-23.6355626604895,
-242.922605830106));
#10392=CARTESIAN_POINT('',(-22.4704738251354,-24.9481877488147,-242.698867875012));
#10393=CARTESIAN_POINT('Ctrl Pts',(-22.4704738251354,-24.9481877488147,
-242.698867875012));
#10394=CARTESIAN_POINT('Ctrl Pts',(-22.4199549287884,-24.8606864535993,
-242.643175200878));
#10395=CARTESIAN_POINT('Ctrl Pts',(-22.3157433368995,-24.6801866817101,
-242.528291015993));
#10396=CARTESIAN_POINT('Ctrl Pts',(-22.196820899705,-24.4742069783294,-242.514815105391));
#10397=CARTESIAN_POINT('Ctrl Pts',(-22.1355487696316,-24.3680805359542,
-242.507871943387));
#10398=CARTESIAN_POINT('',(-22.6880730978634,-25.3250807448696,-243.240477400693));
#10399=CARTESIAN_POINT('Ctrl Pts',(-22.6880730978634,-25.3250807448696,
-243.240477400693));
#10400=CARTESIAN_POINT('Ctrl Pts',(-22.6609483001731,-25.278099217125,-243.131211975262));
#10401=CARTESIAN_POINT('Ctrl Pts',(-22.6081788546739,-25.1866998564331,
-242.918643535931));
#10402=CARTESIAN_POINT('Ctrl Pts',(-22.5155090584085,-25.0261910609745,
-242.770743595096));
#10403=CARTESIAN_POINT('Ctrl Pts',(-22.4704738251354,-24.9481877488147,
-242.698867875012));
#10404=CARTESIAN_POINT('',(-22.7631070009853,-25.455043277367,-244.005825477513));
#10405=CARTESIAN_POINT('Ctrl Pts',(-22.7631070009853,-25.455043277367,-244.005825477513));
#10406=CARTESIAN_POINT('Ctrl Pts',(-22.7602595109537,-25.4501112799581,
-243.871573100162));
#10407=CARTESIAN_POINT('Ctrl Pts',(-22.7546849442803,-25.4404558472496,
-243.608745550186));
#10408=CARTESIAN_POINT('Ctrl Pts',(-22.7099549835973,-25.3629812827262,
-243.361452902801));
#10409=CARTESIAN_POINT('Ctrl Pts',(-22.6880730978634,-25.3250807448696,
-243.240477400693));
#10410=CARTESIAN_POINT('',(-22.5993962875988,-25.1714880040382,-245.039932089719));
#10411=CARTESIAN_POINT('Ctrl Pts',(-22.5993962875988,-25.1714880040382,
-245.039932089719));
#10412=CARTESIAN_POINT('Ctrl Pts',(-22.6471340465578,-25.2541722279946,
-244.886291597509));
#10413=CARTESIAN_POINT('Ctrl Pts',(-22.7454773251263,-25.4245077830582,
-244.569780934791));
#10414=CARTESIAN_POINT('Ctrl Pts',(-22.757117299032,-25.4446688092616,-244.197429970475));
#10415=CARTESIAN_POINT('Ctrl Pts',(-22.7631070009853,-25.455043277367,-244.005825477513));
#10416=CARTESIAN_POINT('',(-22.1369131199505,-24.3704436600259,-245.471036988172));
#10417=CARTESIAN_POINT('Ctrl Pts',(-22.1369131199505,-24.3704436600259,
-245.471036988172));
#10418=CARTESIAN_POINT('Ctrl Pts',(-22.2300294706912,-24.5317259105242,
-245.455247982434));
#10419=CARTESIAN_POINT('Ctrl Pts',(-22.4110214278388,-24.8452131760651,
-245.424558602672));
#10420=CARTESIAN_POINT('Ctrl Pts',(-22.5378285967462,-25.0648496353767,
-245.165641891299));
#10421=CARTESIAN_POINT('Ctrl Pts',(-22.5993962875988,-25.1714880040382,
-245.039932089719));
#10422=CARTESIAN_POINT('',(-21.7358221403744,-23.6757337049425,-245.091773825559));
#10423=CARTESIAN_POINT('Ctrl Pts',(-21.7358221403744,-23.6757337049425,
-245.091773825559));
#10424=CARTESIAN_POINT('Ctrl Pts',(-21.7923645517321,-23.7736680341964,
-245.202388787888));
#10425=CARTESIAN_POINT('Ctrl Pts',(-21.9043095939098,-23.9675625349037,
-245.421388938857));
#10426=CARTESIAN_POINT('Ctrl Pts',(-22.0599066874748,-24.2370646064683,
-245.454600353602));
#10427=CARTESIAN_POINT('Ctrl Pts',(-22.1369131199505,-24.3704436600259,
-245.471036988172));
#10428=CARTESIAN_POINT('',(-21.7535569063809,-23.706451220726,-245.722060161504));
#10429=CARTESIAN_POINT('Ctrl Pts',(-21.7535569063809,-23.706451220726,-245.722060161504));
#10430=CARTESIAN_POINT('Ctrl Pts',(-21.7481684549462,-23.6971181490672,
-245.644625767773));
#10431=CARTESIAN_POINT('Ctrl Pts',(-21.7336317510079,-23.6719398392713,
-245.435727001592));
#10432=CARTESIAN_POINT('Ctrl Pts',(-21.7349761082081,-23.6742683342457,
-245.22462484057));
#10433=CARTESIAN_POINT('Ctrl Pts',(-21.7358221403744,-23.6757337049425,
-245.091773825559));
#10434=CARTESIAN_POINT('',(-21.8790687910702,-23.9238441819617,-246.104052024755));
#10435=CARTESIAN_POINT('Ctrl Pts',(-21.8790687910702,-23.9238441819617,
-246.104052024755));
#10436=CARTESIAN_POINT('Ctrl Pts',(-21.8505115617114,-23.874381609789,-246.052982571852));
#10437=CARTESIAN_POINT('Ctrl Pts',(-21.7918225375595,-23.7727292381111,
-245.948027839824));
#10438=CARTESIAN_POINT('Ctrl Pts',(-21.766538233957,-23.7289355396376,-245.798717996839));
#10439=CARTESIAN_POINT('Ctrl Pts',(-21.7535569063809,-23.706451220726,-245.722060161504));
#10440=CARTESIAN_POINT('',(-22.1423705212261,-24.3798961563126,-246.240477519902));
#10441=CARTESIAN_POINT('Ctrl Pts',(-22.1423705212261,-24.3798961563126,
-246.240477519902));
#10442=CARTESIAN_POINT('Ctrl Pts',(-22.0908342074442,-24.2906326424075,
-246.237579906043));
#10443=CARTESIAN_POINT('Ctrl Pts',(-21.9974985852297,-24.1289706025758,
-246.232332138543));
#10444=CARTESIAN_POINT('Ctrl Pts',(-21.9157009443556,-23.9872929326427,
-246.143731033108));
#10445=CARTESIAN_POINT('Ctrl Pts',(-21.8790687910702,-23.9238441819617,
-246.104052024755));
#10446=CARTESIAN_POINT('',(-22.3920293442394,-24.8123179223295,-246.104052024755));
#10447=CARTESIAN_POINT('Ctrl Pts',(-22.3920293442394,-24.8123179223295,
-246.104052024755));
#10448=CARTESIAN_POINT('Ctrl Pts',(-22.3567988060684,-24.7512968402392,
-246.143762944366));
#10449=CARTESIAN_POINT('Ctrl Pts',(-22.2795767103487,-24.6175442469857,
-246.230805623658));
#10450=CARTESIAN_POINT('Ctrl Pts',(-22.1906997304116,-24.4636048021114,
-246.237070712237));
#10451=CARTESIAN_POINT('Ctrl Pts',(-22.1423705212261,-24.3798961563126,
-246.240477519902));
#10452=CARTESIAN_POINT('',(-22.4752487532284,-24.9564581668742,-245.782087403211));
#10453=CARTESIAN_POINT('Ctrl Pts',(-22.4752487532284,-24.9564581668742,
-245.782087403211));
#10454=CARTESIAN_POINT('Ctrl Pts',(-22.4690144512081,-24.9456600390253,
-245.849193052818));
#10455=CARTESIAN_POINT('Ctrl Pts',(-22.4574312122665,-24.9255972806622,
-245.973874335695));
#10456=CARTESIAN_POINT('Ctrl Pts',(-22.4126900360161,-24.8481032902061,
-246.06292841176));
#10457=CARTESIAN_POINT('Ctrl Pts',(-22.3920293442394,-24.8123179223295,
-246.104052024755));
#10458=CARTESIAN_POINT('',(-22.7139939657833,-25.3699770050832,-245.711145954999));
#10459=CARTESIAN_POINT('',(-22.7139939657833,-25.3699770050832,-245.711145954999));
#10460=CARTESIAN_POINT('Ctrl Pts',(-22.5598325125362,-25.1029615354906,
-246.413738685521));
#10461=CARTESIAN_POINT('Ctrl Pts',(-22.6060847701836,-25.1830727957006,
-246.32249419248));
#10462=CARTESIAN_POINT('Ctrl Pts',(-22.7035565161071,-25.3518988119425,
-246.130206064396));
#10463=CARTESIAN_POINT('Ctrl Pts',(-22.7103985902106,-25.3637496319189,
-245.855499080291));
#10464=CARTESIAN_POINT('Ctrl Pts',(-22.7139939657833,-25.3699770050832,
-245.711145954999));
#10465=CARTESIAN_POINT('Ctrl Pts',(-22.1410061709072,-24.3775330322409,
-246.647026496801));
#10466=CARTESIAN_POINT('Ctrl Pts',(-17.810879151985,-26.8775330322409,-246.647026496801));
#10467=CARTESIAN_POINT('Ctrl Pts',(-22.2209827762794,-24.5160565761623,
-246.640454572167));
#10468=CARTESIAN_POINT('Ctrl Pts',(-17.8908557573572,-27.0160565761623,
-246.640454572167));
#10469=CARTESIAN_POINT('Ctrl Pts',(-22.3701262061388,-24.7743805742939,
-246.628198995975));
#10470=CARTESIAN_POINT('Ctrl Pts',(-18.0399991872166,-27.2743805742939,
-246.628198995975));
#10471=CARTESIAN_POINT('Ctrl Pts',(-22.4997282227126,-24.9988578517632,
-246.481685739575));
#10472=CARTESIAN_POINT('Ctrl Pts',(-18.1696012037904,-27.4988578517632,
-246.481685739575));
#10473=CARTESIAN_POINT('Ctrl Pts',(-22.5598325125362,-25.1029615354906,
-246.413738685521));
#10474=CARTESIAN_POINT('Ctrl Pts',(-18.2297054936141,-27.6029615354906,
-246.413738685521));
#10475=CARTESIAN_POINT('',(-18.2297054936141,-27.6029615354906,-246.413738685521));
#10476=CARTESIAN_POINT('',(-18.2297054936141,-27.6029615354906,-246.413738685521));
#10477=CARTESIAN_POINT('',(-17.810879151985,-26.8775330322409,-246.647026496801));
#10478=CARTESIAN_POINT('Ctrl Pts',(-17.810879151985,-26.8775330322409,-246.647026496801));
#10479=CARTESIAN_POINT('Ctrl Pts',(-17.8908557573572,-27.0160565761623,
-246.640454572167));
#10480=CARTESIAN_POINT('Ctrl Pts',(-18.0399991872166,-27.2743805742939,
-246.628198995975));
#10481=CARTESIAN_POINT('Ctrl Pts',(-18.1696012037904,-27.4988578517632,
-246.481685739575));
#10482=CARTESIAN_POINT('Ctrl Pts',(-18.2297054936141,-27.6029615354906,
-246.413738685521));
#10483=CARTESIAN_POINT('',(-17.810879151985,-26.8775330322409,-246.647026496801));
#10484=CARTESIAN_POINT('Ctrl Pts',(-21.7733390919354,-23.7407149711912,
-246.483315187368));
#10485=CARTESIAN_POINT('Ctrl Pts',(-17.4432120730132,-26.2407149711912,
-246.483315187368));
#10486=CARTESIAN_POINT('Ctrl Pts',(-21.828093269984,-23.8355519894981,-246.531010658035));
#10487=CARTESIAN_POINT('Ctrl Pts',(-17.4979662510618,-26.3355519894981,
-246.531010658035));
#10488=CARTESIAN_POINT('Ctrl Pts',(-21.9451675531589,-24.0383305962167,
-246.632992154938));
#10489=CARTESIAN_POINT('Ctrl Pts',(-17.6150405342367,-26.5383305962167,
-246.632992154938));
#10490=CARTESIAN_POINT('Ctrl Pts',(-22.0729734784611,-24.2596969523485,
-246.642151084205));
#10491=CARTESIAN_POINT('Ctrl Pts',(-17.7428464595389,-26.7596969523485,
-246.642151084205));
#10492=CARTESIAN_POINT('Ctrl Pts',(-22.1410061709072,-24.3775330322409,
-246.647026496801));
#10493=CARTESIAN_POINT('Ctrl Pts',(-17.810879151985,-26.8775330322409,-246.647026496801));
#10494=CARTESIAN_POINT('',(-17.4432120730132,-26.2407149711912,-246.483315187368));
#10495=CARTESIAN_POINT('Ctrl Pts',(-17.4432120730132,-26.2407149711912,
-246.483315187368));
#10496=CARTESIAN_POINT('Ctrl Pts',(-17.4979662510618,-26.3355519894981,
-246.531010658035));
#10497=CARTESIAN_POINT('Ctrl Pts',(-17.6150405342367,-26.5383305962167,
-246.632992154938));
#10498=CARTESIAN_POINT('Ctrl Pts',(-17.7428464595389,-26.7596969523485,
-246.642151084205));
#10499=CARTESIAN_POINT('Ctrl Pts',(-17.810879151985,-26.8775330322409,-246.647026496801));
#10500=CARTESIAN_POINT('',(-17.4432120730132,-26.2407149711912,-246.483315187368));
#10501=CARTESIAN_POINT('Ctrl Pts',(-21.5550579420712,-23.3626409292919,
-246.037203031453));
#10502=CARTESIAN_POINT('Ctrl Pts',(-17.224930923149,-25.8626409292919,-246.037203031453));
#10503=CARTESIAN_POINT('Ctrl Pts',(-21.5818970111279,-23.4091275605259,
-246.126953489853));
#10504=CARTESIAN_POINT('Ctrl Pts',(-17.2517699922057,-25.9091275605259,
-246.126953489853));
#10505=CARTESIAN_POINT('Ctrl Pts',(-21.6367654836556,-23.5041625426777,
-246.310434912054));
#10506=CARTESIAN_POINT('Ctrl Pts',(-17.3066384647334,-26.0041625426777,
-246.310434912054));
#10507=CARTESIAN_POINT('Ctrl Pts',(-21.7271608669345,-23.6607319392863,
-246.424860963655));
#10508=CARTESIAN_POINT('Ctrl Pts',(-17.3970338480123,-26.1607319392863,
-246.424860963655));
#10509=CARTESIAN_POINT('Ctrl Pts',(-21.7733390919354,-23.7407149711912,
-246.483315187368));
#10510=CARTESIAN_POINT('Ctrl Pts',(-17.4432120730132,-26.2407149711912,
-246.483315187368));
#10511=CARTESIAN_POINT('',(-17.224930923149,-25.8626409292919,-246.037203031453));
#10512=CARTESIAN_POINT('Ctrl Pts',(-17.224930923149,-25.8626409292919,-246.037203031453));
#10513=CARTESIAN_POINT('Ctrl Pts',(-17.2517699922057,-25.9091275605259,
-246.126953489853));
#10514=CARTESIAN_POINT('Ctrl Pts',(-17.3066384647334,-26.0041625426777,
-246.310434912054));
#10515=CARTESIAN_POINT('Ctrl Pts',(-17.3970338480123,-26.1607319392863,
-246.424860963655));
#10516=CARTESIAN_POINT('Ctrl Pts',(-17.4432120730132,-26.2407149711912,
-246.483315187368));
#10517=CARTESIAN_POINT('',(-17.224930923149,-25.8626409292919,-246.037203031453));
#10518=CARTESIAN_POINT('Ctrl Pts',(-21.4861633173611,-23.2433119389256,
-245.078130918416));
#10519=CARTESIAN_POINT('Ctrl Pts',(-17.1560362984389,-25.7433119389256,
-245.078130918416));
#10520=CARTESIAN_POINT('Ctrl Pts',(-21.4860979417753,-23.2431987050894,
-245.272732683071));
#10521=CARTESIAN_POINT('Ctrl Pts',(-17.1559709228531,-25.7431987050894,
-245.272732683071));
#10522=CARTESIAN_POINT('Ctrl Pts',(-21.4859880060947,-23.2430082909051,
-245.599975294679));
#10523=CARTESIAN_POINT('Ctrl Pts',(-17.1558609871725,-25.7430082909051,
-245.599975294679));
#10524=CARTESIAN_POINT('Ctrl Pts',(-21.5351366019221,-23.3281361559988,
-245.911096609842));
#10525=CARTESIAN_POINT('Ctrl Pts',(-17.2050095829999,-25.8281361559988,
-245.911096609842));
#10526=CARTESIAN_POINT('Ctrl Pts',(-21.5550579420712,-23.3626409292919,
-246.037203031453));
#10527=CARTESIAN_POINT('Ctrl Pts',(-17.224930923149,-25.8626409292919,-246.037203031453));
#10528=CARTESIAN_POINT('',(-17.1560362984389,-25.7433119389256,-245.078130918416));
#10529=CARTESIAN_POINT('Ctrl Pts',(-17.1560362984389,-25.7433119389256,
-245.078130918416));
#10530=CARTESIAN_POINT('Ctrl Pts',(-17.1559709228531,-25.7431987050894,
-245.272732683071));
#10531=CARTESIAN_POINT('Ctrl Pts',(-17.1558609871725,-25.7430082909051,
-245.599975294679));
#10532=CARTESIAN_POINT('Ctrl Pts',(-17.2050095829999,-25.8281361559988,
-245.911096609842));
#10533=CARTESIAN_POINT('Ctrl Pts',(-17.224930923149,-25.8626409292919,-246.037203031453));
#10534=CARTESIAN_POINT('',(-17.1560362984389,-25.7433119389256,-245.078130918416));
#10535=CARTESIAN_POINT('Origin',(-17.1560362984389,-25.7433119389256,-243.82574345437));
#10536=CARTESIAN_POINT('',(-17.1560362984389,-25.7433119389256,-242.573355990323));
#10537=CARTESIAN_POINT('',(-17.1560362984389,-25.7433119389256,-229.412871727185));
#10538=CARTESIAN_POINT('',(-17.1560362984389,-25.7433119389256,-242.573355990323));
#10539=CARTESIAN_POINT('Origin',(-17.2692693282813,-25.9394372997076,-242.573355990323));
#10540=CARTESIAN_POINT('',(-17.3825023581236,-26.1355626604895,-242.573355990323));
#10541=CARTESIAN_POINT('',(-14.1113257933967,-20.4697186498539,-242.573355990323));
#10542=CARTESIAN_POINT('',(-17.3825023581236,-26.1355626604895,-242.573355990323));
#10543=CARTESIAN_POINT('Origin',(-17.3825023581236,-26.1355626604895,-242.747980910215));
#10544=CARTESIAN_POINT('',(-17.3825023581236,-26.1355626604895,-242.922605830106));
#10545=CARTESIAN_POINT('',(-17.3825023581236,-26.1355626604895,-228.873990455107));
#10546=CARTESIAN_POINT('',(-17.3825023581236,-26.1355626604895,-242.922605830106));
#10547=CARTESIAN_POINT('Ctrl Pts',(-22.1355487696316,-24.3680805359542,
-242.507871943387));
#10548=CARTESIAN_POINT('Ctrl Pts',(-17.8054217507094,-26.8680805359542,
-242.507871943387));
#10549=CARTESIAN_POINT('Ctrl Pts',(-22.0535231188798,-24.2260079413282,
-242.525866212449));
#10550=CARTESIAN_POINT('Ctrl Pts',(-17.7233960999576,-26.7260079413282,
-242.525866212449));
#10551=CARTESIAN_POINT('Ctrl Pts',(-21.8877329551162,-23.9388509542945,
-242.562236211189));
#10552=CARTESIAN_POINT('Ctrl Pts',(-17.557605936194,-26.4388509542945,-242.562236211189));
#10553=CARTESIAN_POINT('Ctrl Pts',(-21.7714039355242,-23.7373631819665,
-242.801645622015));
#10554=CARTESIAN_POINT('Ctrl Pts',(-17.441276916602,-26.2373631819665,-242.801645622015));
#10555=CARTESIAN_POINT('Ctrl Pts',(-21.7126293770458,-23.6355626604895,
-242.922605830106));
#10556=CARTESIAN_POINT('Ctrl Pts',(-17.3825023581236,-26.1355626604895,
-242.922605830106));
#10557=CARTESIAN_POINT('',(-17.8054217507094,-26.8680805359542,-242.507871943387));
#10558=CARTESIAN_POINT('Ctrl Pts',(-17.8054217507094,-26.8680805359542,
-242.507871943387));
#10559=CARTESIAN_POINT('Ctrl Pts',(-17.7233960999576,-26.7260079413282,
-242.525866212449));
#10560=CARTESIAN_POINT('Ctrl Pts',(-17.557605936194,-26.4388509542945,-242.562236211189));
#10561=CARTESIAN_POINT('Ctrl Pts',(-17.441276916602,-26.2373631819665,-242.801645622015));
#10562=CARTESIAN_POINT('Ctrl Pts',(-17.3825023581236,-26.1355626604895,
-242.922605830106));
#10563=CARTESIAN_POINT('',(-17.8054217507094,-26.8680805359542,-242.507871943387));
#10564=CARTESIAN_POINT('Ctrl Pts',(-22.4704738251354,-24.9481877488147,
-242.698867875012));
#10565=CARTESIAN_POINT('Ctrl Pts',(-18.1403468062132,-27.4481877488147,
-242.698867875012));
#10566=CARTESIAN_POINT('Ctrl Pts',(-22.4199549287884,-24.8606864535993,
-242.643175200878));
#10567=CARTESIAN_POINT('Ctrl Pts',(-18.0898279098662,-27.3606864535993,
-242.643175200878));
#10568=CARTESIAN_POINT('Ctrl Pts',(-22.3157433368995,-24.6801866817101,
-242.528291015993));
#10569=CARTESIAN_POINT('Ctrl Pts',(-17.9856163179773,-27.1801866817101,
-242.528291015993));
#10570=CARTESIAN_POINT('Ctrl Pts',(-22.196820899705,-24.4742069783294,-242.514815105391));
#10571=CARTESIAN_POINT('Ctrl Pts',(-17.8666938807829,-26.9742069783294,
-242.514815105391));
#10572=CARTESIAN_POINT('Ctrl Pts',(-22.1355487696316,-24.3680805359542,
-242.507871943387));
#10573=CARTESIAN_POINT('Ctrl Pts',(-17.8054217507094,-26.8680805359542,
-242.507871943387));
#10574=CARTESIAN_POINT('',(-18.1403468062132,-27.4481877488147,-242.698867875012));
#10575=CARTESIAN_POINT('Ctrl Pts',(-18.1403468062132,-27.4481877488147,
-242.698867875012));
#10576=CARTESIAN_POINT('Ctrl Pts',(-18.0898279098662,-27.3606864535993,
-242.643175200878));
#10577=CARTESIAN_POINT('Ctrl Pts',(-17.9856163179773,-27.1801866817101,
-242.528291015993));
#10578=CARTESIAN_POINT('Ctrl Pts',(-17.8666938807829,-26.9742069783294,
-242.514815105391));
#10579=CARTESIAN_POINT('Ctrl Pts',(-17.8054217507094,-26.8680805359542,
-242.507871943387));
#10580=CARTESIAN_POINT('',(-18.1403468062132,-27.4481877488147,-242.698867875012));
#10581=CARTESIAN_POINT('Ctrl Pts',(-22.6880730978634,-25.3250807448696,
-243.240477400693));
#10582=CARTESIAN_POINT('Ctrl Pts',(-18.3579460789412,-27.8250807448696,
-243.240477400693));
#10583=CARTESIAN_POINT('Ctrl Pts',(-22.6609483001731,-25.278099217125,-243.131211975262));
#10584=CARTESIAN_POINT('Ctrl Pts',(-18.3308212812509,-27.778099217125,-243.131211975262));
#10585=CARTESIAN_POINT('Ctrl Pts',(-22.6081788546739,-25.1866998564331,
-242.918643535931));
#10586=CARTESIAN_POINT('Ctrl Pts',(-18.2780518357517,-27.6866998564331,
-242.918643535931));
#10587=CARTESIAN_POINT('Ctrl Pts',(-22.5155090584085,-25.0261910609745,
-242.770743595096));
#10588=CARTESIAN_POINT('Ctrl Pts',(-18.1853820394864,-27.5261910609745,
-242.770743595096));
#10589=CARTESIAN_POINT('Ctrl Pts',(-22.4704738251354,-24.9481877488147,
-242.698867875012));
#10590=CARTESIAN_POINT('Ctrl Pts',(-18.1403468062132,-27.4481877488147,
-242.698867875012));
#10591=CARTESIAN_POINT('',(-18.3579460789412,-27.8250807448696,-243.240477400693));
#10592=CARTESIAN_POINT('Ctrl Pts',(-18.3579460789412,-27.8250807448696,
-243.240477400693));
#10593=CARTESIAN_POINT('Ctrl Pts',(-18.3308212812509,-27.778099217125,-243.131211975262));
#10594=CARTESIAN_POINT('Ctrl Pts',(-18.2780518357517,-27.6866998564331,
-242.918643535931));
#10595=CARTESIAN_POINT('Ctrl Pts',(-18.1853820394864,-27.5261910609745,
-242.770743595096));
#10596=CARTESIAN_POINT('Ctrl Pts',(-18.1403468062132,-27.4481877488147,
-242.698867875012));
#10597=CARTESIAN_POINT('',(-18.3579460789412,-27.8250807448696,-243.240477400693));
#10598=CARTESIAN_POINT('Ctrl Pts',(-22.7631070009853,-25.455043277367,-244.005825477513));
#10599=CARTESIAN_POINT('Ctrl Pts',(-18.4329799820632,-27.955043277367,-244.005825477513));
#10600=CARTESIAN_POINT('Ctrl Pts',(-22.7602595109537,-25.4501112799581,
-243.871573100162));
#10601=CARTESIAN_POINT('Ctrl Pts',(-18.4301324920315,-27.9501112799581,
-243.871573100162));
#10602=CARTESIAN_POINT('Ctrl Pts',(-22.7546849442803,-25.4404558472496,
-243.608745550186));
#10603=CARTESIAN_POINT('Ctrl Pts',(-18.4245579253581,-27.9404558472496,
-243.608745550186));
#10604=CARTESIAN_POINT('Ctrl Pts',(-22.7099549835973,-25.3629812827262,
-243.361452902801));
#10605=CARTESIAN_POINT('Ctrl Pts',(-18.3798279646752,-27.8629812827262,
-243.361452902801));
#10606=CARTESIAN_POINT('Ctrl Pts',(-22.6880730978634,-25.3250807448696,
-243.240477400693));
#10607=CARTESIAN_POINT('Ctrl Pts',(-18.3579460789412,-27.8250807448696,
-243.240477400693));
#10608=CARTESIAN_POINT('',(-18.4329799820632,-27.955043277367,-244.005825477513));
#10609=CARTESIAN_POINT('Ctrl Pts',(-18.4329799820632,-27.955043277367,-244.005825477513));
#10610=CARTESIAN_POINT('Ctrl Pts',(-18.4301324920315,-27.9501112799581,
-243.871573100162));
#10611=CARTESIAN_POINT('Ctrl Pts',(-18.4245579253581,-27.9404558472496,
-243.608745550186));
#10612=CARTESIAN_POINT('Ctrl Pts',(-18.3798279646752,-27.8629812827262,
-243.361452902801));
#10613=CARTESIAN_POINT('Ctrl Pts',(-18.3579460789412,-27.8250807448696,
-243.240477400693));
#10614=CARTESIAN_POINT('',(-18.4329799820632,-27.955043277367,-244.005825477513));
#10615=CARTESIAN_POINT('Ctrl Pts',(-22.5993962875988,-25.1714880040382,
-245.039932089719));
#10616=CARTESIAN_POINT('Ctrl Pts',(-18.2692692686766,-27.6714880040382,
-245.039932089719));
#10617=CARTESIAN_POINT('Ctrl Pts',(-22.6471340465578,-25.2541722279946,
-244.886291597509));
#10618=CARTESIAN_POINT('Ctrl Pts',(-18.3170070276356,-27.7541722279946,
-244.886291597509));
#10619=CARTESIAN_POINT('Ctrl Pts',(-22.7454773251263,-25.4245077830582,
-244.569780934791));
#10620=CARTESIAN_POINT('Ctrl Pts',(-18.4153503062042,-27.9245077830582,
-244.569780934791));
#10621=CARTESIAN_POINT('Ctrl Pts',(-22.757117299032,-25.4446688092616,-244.197429970475));
#10622=CARTESIAN_POINT('Ctrl Pts',(-18.4269902801098,-27.9446688092616,
-244.197429970475));
#10623=CARTESIAN_POINT('Ctrl Pts',(-22.7631070009853,-25.455043277367,-244.005825477513));
#10624=CARTESIAN_POINT('Ctrl Pts',(-18.4329799820632,-27.955043277367,-244.005825477513));
#10625=CARTESIAN_POINT('',(-18.2692692686766,-27.6714880040382,-245.039932089719));
#10626=CARTESIAN_POINT('Ctrl Pts',(-18.2692692686766,-27.6714880040382,
-245.039932089719));
#10627=CARTESIAN_POINT('Ctrl Pts',(-18.3170070276356,-27.7541722279946,
-244.886291597509));
#10628=CARTESIAN_POINT('Ctrl Pts',(-18.4153503062042,-27.9245077830582,
-244.569780934791));
#10629=CARTESIAN_POINT('Ctrl Pts',(-18.4269902801098,-27.9446688092616,
-244.197429970475));
#10630=CARTESIAN_POINT('Ctrl Pts',(-18.4329799820632,-27.955043277367,-244.005825477513));
#10631=CARTESIAN_POINT('',(-18.2692692686766,-27.6714880040382,-245.039932089719));
#10632=CARTESIAN_POINT('Ctrl Pts',(-22.1369131199505,-24.3704436600259,
-245.471036988172));
#10633=CARTESIAN_POINT('Ctrl Pts',(-17.8067861010283,-26.8704436600259,
-245.471036988172));
#10634=CARTESIAN_POINT('Ctrl Pts',(-22.2300294706912,-24.5317259105242,
-245.455247982434));
#10635=CARTESIAN_POINT('Ctrl Pts',(-17.899902451769,-27.0317259105242,-245.455247982434));
#10636=CARTESIAN_POINT('Ctrl Pts',(-22.4110214278388,-24.8452131760651,
-245.424558602672));
#10637=CARTESIAN_POINT('Ctrl Pts',(-18.0808944089166,-27.3452131760651,
-245.424558602672));
#10638=CARTESIAN_POINT('Ctrl Pts',(-22.5378285967462,-25.0648496353767,
-245.165641891299));
#10639=CARTESIAN_POINT('Ctrl Pts',(-18.207701577824,-27.5648496353767,-245.165641891299));
#10640=CARTESIAN_POINT('Ctrl Pts',(-22.5993962875988,-25.1714880040382,
-245.039932089719));
#10641=CARTESIAN_POINT('Ctrl Pts',(-18.2692692686766,-27.6714880040382,
-245.039932089719));
#10642=CARTESIAN_POINT('',(-17.8067861010283,-26.8704436600259,-245.471036988172));
#10643=CARTESIAN_POINT('Ctrl Pts',(-17.8067861010283,-26.8704436600259,
-245.471036988172));
#10644=CARTESIAN_POINT('Ctrl Pts',(-17.899902451769,-27.0317259105242,-245.455247982434));
#10645=CARTESIAN_POINT('Ctrl Pts',(-18.0808944089166,-27.3452131760651,
-245.424558602672));
#10646=CARTESIAN_POINT('Ctrl Pts',(-18.207701577824,-27.5648496353767,-245.165641891299));
#10647=CARTESIAN_POINT('Ctrl Pts',(-18.2692692686766,-27.6714880040382,
-245.039932089719));
#10648=CARTESIAN_POINT('',(-17.8067861010283,-26.8704436600259,-245.471036988172));
#10649=CARTESIAN_POINT('Ctrl Pts',(-21.7358221403744,-23.6757337049425,
-245.091773825559));
#10650=CARTESIAN_POINT('Ctrl Pts',(-17.4056951214522,-26.1757337049425,
-245.091773825559));
#10651=CARTESIAN_POINT('Ctrl Pts',(-21.7923645517321,-23.7736680341964,
-245.202388787888));
#10652=CARTESIAN_POINT('Ctrl Pts',(-17.4622375328099,-26.2736680341964,
-245.202388787888));
#10653=CARTESIAN_POINT('Ctrl Pts',(-21.9043095939098,-23.9675625349037,
-245.421388938857));
#10654=CARTESIAN_POINT('Ctrl Pts',(-17.5741825749876,-26.4675625349037,
-245.421388938857));
#10655=CARTESIAN_POINT('Ctrl Pts',(-22.0599066874748,-24.2370646064683,
-245.454600353602));
#10656=CARTESIAN_POINT('Ctrl Pts',(-17.7297796685526,-26.7370646064683,
-245.454600353602));
#10657=CARTESIAN_POINT('Ctrl Pts',(-22.1369131199505,-24.3704436600259,
-245.471036988172));
#10658=CARTESIAN_POINT('Ctrl Pts',(-17.8067861010283,-26.8704436600259,
-245.471036988172));
#10659=CARTESIAN_POINT('',(-17.4056951214522,-26.1757337049425,-245.091773825559));
#10660=CARTESIAN_POINT('Ctrl Pts',(-17.4056951214522,-26.1757337049425,
-245.091773825559));
#10661=CARTESIAN_POINT('Ctrl Pts',(-17.4622375328099,-26.2736680341964,
-245.202388787888));
#10662=CARTESIAN_POINT('Ctrl Pts',(-17.5741825749876,-26.4675625349037,
-245.421388938857));
#10663=CARTESIAN_POINT('Ctrl Pts',(-17.7297796685526,-26.7370646064683,
-245.454600353602));
#10664=CARTESIAN_POINT('Ctrl Pts',(-17.8067861010283,-26.8704436600259,
-245.471036988172));
#10665=CARTESIAN_POINT('',(-17.4056951214522,-26.1757337049425,-245.091773825559));
#10666=CARTESIAN_POINT('Ctrl Pts',(-21.7535569063809,-23.706451220726,-245.722060161504));
#10667=CARTESIAN_POINT('Ctrl Pts',(-17.4234298874587,-26.206451220726,-245.722060161504));
#10668=CARTESIAN_POINT('Ctrl Pts',(-21.7481684549462,-23.6971181490672,
-245.644625767773));
#10669=CARTESIAN_POINT('Ctrl Pts',(-17.418041436024,-26.1971181490672,-245.644625767773));
#10670=CARTESIAN_POINT('Ctrl Pts',(-21.7336317510079,-23.6719398392713,
-245.435727001592));
#10671=CARTESIAN_POINT('Ctrl Pts',(-17.4035047320857,-26.1719398392713,
-245.435727001592));
#10672=CARTESIAN_POINT('Ctrl Pts',(-21.7349761082081,-23.6742683342457,
-245.22462484057));
#10673=CARTESIAN_POINT('Ctrl Pts',(-17.4048490892859,-26.1742683342457,
-245.22462484057));
#10674=CARTESIAN_POINT('Ctrl Pts',(-21.7358221403744,-23.6757337049425,
-245.091773825559));
#10675=CARTESIAN_POINT('Ctrl Pts',(-17.4056951214522,-26.1757337049425,
-245.091773825559));
#10676=CARTESIAN_POINT('',(-17.4234298874587,-26.206451220726,-245.722060161504));
#10677=CARTESIAN_POINT('Ctrl Pts',(-17.4234298874587,-26.206451220726,-245.722060161504));
#10678=CARTESIAN_POINT('Ctrl Pts',(-17.418041436024,-26.1971181490672,-245.644625767773));
#10679=CARTESIAN_POINT('Ctrl Pts',(-17.4035047320857,-26.1719398392713,
-245.435727001592));
#10680=CARTESIAN_POINT('Ctrl Pts',(-17.4048490892859,-26.1742683342457,
-245.22462484057));
#10681=CARTESIAN_POINT('Ctrl Pts',(-17.4056951214522,-26.1757337049425,
-245.091773825559));
#10682=CARTESIAN_POINT('',(-17.4234298874587,-26.206451220726,-245.722060161504));
#10683=CARTESIAN_POINT('Ctrl Pts',(-21.8790687910702,-23.9238441819617,
-246.104052024755));
#10684=CARTESIAN_POINT('Ctrl Pts',(-17.548941772148,-26.4238441819617,-246.104052024755));
#10685=CARTESIAN_POINT('Ctrl Pts',(-21.8505115617114,-23.874381609789,-246.052982571852));
#10686=CARTESIAN_POINT('Ctrl Pts',(-17.5203845427893,-26.374381609789,-246.052982571852));
#10687=CARTESIAN_POINT('Ctrl Pts',(-21.7918225375595,-23.7727292381111,
-245.948027839824));
#10688=CARTESIAN_POINT('Ctrl Pts',(-17.4616955186373,-26.2727292381111,
-245.948027839824));
#10689=CARTESIAN_POINT('Ctrl Pts',(-21.766538233957,-23.7289355396376,-245.798717996839));
#10690=CARTESIAN_POINT('Ctrl Pts',(-17.4364112150348,-26.2289355396376,
-245.798717996839));
#10691=CARTESIAN_POINT('Ctrl Pts',(-21.7535569063809,-23.706451220726,-245.722060161504));
#10692=CARTESIAN_POINT('Ctrl Pts',(-17.4234298874587,-26.206451220726,-245.722060161504));
#10693=CARTESIAN_POINT('',(-17.548941772148,-26.4238441819617,-246.104052024755));
#10694=CARTESIAN_POINT('Ctrl Pts',(-17.548941772148,-26.4238441819617,-246.104052024755));
#10695=CARTESIAN_POINT('Ctrl Pts',(-17.5203845427893,-26.374381609789,-246.052982571852));
#10696=CARTESIAN_POINT('Ctrl Pts',(-17.4616955186373,-26.2727292381111,
-245.948027839824));
#10697=CARTESIAN_POINT('Ctrl Pts',(-17.4364112150348,-26.2289355396376,
-245.798717996839));
#10698=CARTESIAN_POINT('Ctrl Pts',(-17.4234298874587,-26.206451220726,-245.722060161504));
#10699=CARTESIAN_POINT('',(-17.548941772148,-26.4238441819617,-246.104052024755));
#10700=CARTESIAN_POINT('Ctrl Pts',(-22.1423705212261,-24.3798961563126,
-246.240477519902));
#10701=CARTESIAN_POINT('Ctrl Pts',(-17.8122435023039,-26.8798961563126,
-246.240477519902));
#10702=CARTESIAN_POINT('Ctrl Pts',(-22.0908342074442,-24.2906326424075,
-246.237579906043));
#10703=CARTESIAN_POINT('Ctrl Pts',(-17.760707188522,-26.7906326424075,-246.237579906043));
#10704=CARTESIAN_POINT('Ctrl Pts',(-21.9974985852297,-24.1289706025758,
-246.232332138543));
#10705=CARTESIAN_POINT('Ctrl Pts',(-17.6673715663075,-26.6289706025758,
-246.232332138543));
#10706=CARTESIAN_POINT('Ctrl Pts',(-21.9157009443556,-23.9872929326427,
-246.143731033108));
#10707=CARTESIAN_POINT('Ctrl Pts',(-17.5855739254334,-26.4872929326427,
-246.143731033108));
#10708=CARTESIAN_POINT('Ctrl Pts',(-21.8790687910702,-23.9238441819617,
-246.104052024755));
#10709=CARTESIAN_POINT('Ctrl Pts',(-17.548941772148,-26.4238441819617,-246.104052024755));
#10710=CARTESIAN_POINT('',(-17.8122435023039,-26.8798961563126,-246.240477519902));
#10711=CARTESIAN_POINT('Ctrl Pts',(-17.8122435023039,-26.8798961563126,
-246.240477519902));
#10712=CARTESIAN_POINT('Ctrl Pts',(-17.760707188522,-26.7906326424075,-246.237579906043));
#10713=CARTESIAN_POINT('Ctrl Pts',(-17.6673715663075,-26.6289706025758,
-246.232332138543));
#10714=CARTESIAN_POINT('Ctrl Pts',(-17.5855739254334,-26.4872929326427,
-246.143731033108));
#10715=CARTESIAN_POINT('Ctrl Pts',(-17.548941772148,-26.4238441819617,-246.104052024755));
#10716=CARTESIAN_POINT('',(-17.8122435023039,-26.8798961563126,-246.240477519902));
#10717=CARTESIAN_POINT('Ctrl Pts',(-22.3920293442394,-24.8123179223295,
-246.104052024755));
#10718=CARTESIAN_POINT('Ctrl Pts',(-18.0619023253172,-27.3123179223295,
-246.104052024755));
#10719=CARTESIAN_POINT('Ctrl Pts',(-22.3567988060684,-24.7512968402392,
-246.143762944366));
#10720=CARTESIAN_POINT('Ctrl Pts',(-18.0266717871462,-27.2512968402392,
-246.143762944366));
#10721=CARTESIAN_POINT('Ctrl Pts',(-22.2795767103487,-24.6175442469857,
-246.230805623658));
#10722=CARTESIAN_POINT('Ctrl Pts',(-17.9494496914265,-27.1175442469857,
-246.230805623658));
#10723=CARTESIAN_POINT('Ctrl Pts',(-22.1906997304116,-24.4636048021114,
-246.237070712237));
#10724=CARTESIAN_POINT('Ctrl Pts',(-17.8605727114894,-26.9636048021114,
-246.237070712237));
#10725=CARTESIAN_POINT('Ctrl Pts',(-22.1423705212261,-24.3798961563126,
-246.240477519902));
#10726=CARTESIAN_POINT('Ctrl Pts',(-17.8122435023039,-26.8798961563126,
-246.240477519902));
#10727=CARTESIAN_POINT('',(-18.0619023253172,-27.3123179223295,-246.104052024755));
#10728=CARTESIAN_POINT('Ctrl Pts',(-18.0619023253172,-27.3123179223295,
-246.104052024755));
#10729=CARTESIAN_POINT('Ctrl Pts',(-18.0266717871462,-27.2512968402392,
-246.143762944366));
#10730=CARTESIAN_POINT('Ctrl Pts',(-17.9494496914265,-27.1175442469857,
-246.230805623658));
#10731=CARTESIAN_POINT('Ctrl Pts',(-17.8605727114894,-26.9636048021114,
-246.237070712237));
#10732=CARTESIAN_POINT('Ctrl Pts',(-17.8122435023039,-26.8798961563126,
-246.240477519902));
#10733=CARTESIAN_POINT('',(-18.0619023253172,-27.3123179223295,-246.104052024755));
#10734=CARTESIAN_POINT('Ctrl Pts',(-22.4752487532284,-24.9564581668742,
-245.782087403211));
#10735=CARTESIAN_POINT('Ctrl Pts',(-18.1451217343062,-27.4564581668742,
-245.782087403211));
#10736=CARTESIAN_POINT('Ctrl Pts',(-22.4690144512081,-24.9456600390253,
-245.849193052818));
#10737=CARTESIAN_POINT('Ctrl Pts',(-18.1388874322859,-27.4456600390253,
-245.849193052818));
#10738=CARTESIAN_POINT('Ctrl Pts',(-22.4574312122665,-24.9255972806622,
-245.973874335695));
#10739=CARTESIAN_POINT('Ctrl Pts',(-18.1273041933443,-27.4255972806622,
-245.973874335695));
#10740=CARTESIAN_POINT('Ctrl Pts',(-22.4126900360161,-24.8481032902061,
-246.06292841176));
#10741=CARTESIAN_POINT('Ctrl Pts',(-18.0825630170939,-27.3481032902061,
-246.06292841176));
#10742=CARTESIAN_POINT('Ctrl Pts',(-22.3920293442394,-24.8123179223295,
-246.104052024755));
#10743=CARTESIAN_POINT('Ctrl Pts',(-18.0619023253172,-27.3123179223295,
-246.104052024755));
#10744=CARTESIAN_POINT('',(-18.1451217343062,-27.4564581668742,-245.782087403211));
#10745=CARTESIAN_POINT('Ctrl Pts',(-18.1451217343062,-27.4564581668742,
-245.782087403211));
#10746=CARTESIAN_POINT('Ctrl Pts',(-18.1388874322859,-27.4456600390253,
-245.849193052818));
#10747=CARTESIAN_POINT('Ctrl Pts',(-18.1273041933443,-27.4255972806622,
-245.973874335695));
#10748=CARTESIAN_POINT('Ctrl Pts',(-18.0825630170939,-27.3481032902061,
-246.06292841176));
#10749=CARTESIAN_POINT('Ctrl Pts',(-18.0619023253172,-27.3123179223295,
-246.104052024755));
#10750=CARTESIAN_POINT('',(-18.1451217343062,-27.4564581668742,-245.782087403211));
#10751=CARTESIAN_POINT('Origin',(-18.2644943405837,-27.6632175859787,-245.746616679105));
#10752=CARTESIAN_POINT('',(-18.3838669468611,-27.8699770050832,-245.711145954999));
#10753=CARTESIAN_POINT('',(-15.8052400059271,-23.4036641296195,-246.477366678882));
#10754=CARTESIAN_POINT('',(-18.3838669468611,-27.8699770050832,-245.711145954999));
#10755=CARTESIAN_POINT('Ctrl Pts',(-22.5598325125362,-25.1029615354906,
-246.413738685521));
#10756=CARTESIAN_POINT('Ctrl Pts',(-18.2297054936141,-27.6029615354906,
-246.413738685521));
#10757=CARTESIAN_POINT('Ctrl Pts',(-22.6060847701836,-25.1830727957006,
-246.32249419248));
#10758=CARTESIAN_POINT('Ctrl Pts',(-18.2759577512614,-27.6830727957006,
-246.32249419248));
#10759=CARTESIAN_POINT('Ctrl Pts',(-22.7035565161071,-25.3518988119425,
-246.130206064396));
#10760=CARTESIAN_POINT('Ctrl Pts',(-18.3734294971849,-27.8518988119425,
-246.130206064396));
#10761=CARTESIAN_POINT('Ctrl Pts',(-22.7103985902106,-25.3637496319189,
-245.855499080291));
#10762=CARTESIAN_POINT('Ctrl Pts',(-18.3802715712884,-27.8637496319189,
-245.855499080291));
#10763=CARTESIAN_POINT('Ctrl Pts',(-22.7139939657833,-25.3699770050832,
-245.711145954999));
#10764=CARTESIAN_POINT('Ctrl Pts',(-18.3838669468611,-27.8699770050832,
-245.711145954999));
#10765=CARTESIAN_POINT('Ctrl Pts',(-18.2297054936141,-27.6029615354906,
-246.413738685521));
#10766=CARTESIAN_POINT('Ctrl Pts',(-18.2759577512614,-27.6830727957006,
-246.32249419248));
#10767=CARTESIAN_POINT('Ctrl Pts',(-18.3734294971849,-27.8518988119425,
-246.130206064396));
#10768=CARTESIAN_POINT('Ctrl Pts',(-18.3802715712884,-27.8637496319189,
-245.855499080291));
#10769=CARTESIAN_POINT('Ctrl Pts',(-18.3838669468611,-27.8699770050832,
-245.711145954999));
#10770=CARTESIAN_POINT('Origin',(-15.2835092774344,-12.5000000000002,-215.));
#10771=CARTESIAN_POINT('',(-23.3565588585522,-26.4829320465189,-243.953983741674));
#10772=CARTESIAN_POINT('',(-23.3565588585522,-26.4829320465189,-245.471036988172));
#10773=CARTESIAN_POINT('',(-23.3565588585522,-26.4829320465189,-243.953983741674));
#10774=CARTESIAN_POINT('',(-23.3156313292172,-26.4120434862824,-243.380995946797));
#10775=CARTESIAN_POINT('Ctrl Pts',(-23.3156313292172,-26.4120434862824,
-243.380995946797));
#10776=CARTESIAN_POINT('Ctrl Pts',(-23.3275652525179,-26.4327136477729,
-243.471906567744));
#10777=CARTESIAN_POINT('Ctrl Pts',(-23.3522174022475,-26.4754124236202,
-243.659702498981));
#10778=CARTESIAN_POINT('Ctrl Pts',(-23.3550813346418,-26.4803729000367,
-243.853831271641));
#10779=CARTESIAN_POINT('Ctrl Pts',(-23.3565588585522,-26.4829320465189,
-243.953983741674));
#10780=CARTESIAN_POINT('',(-23.2242264143612,-26.2537255296903,-243.112237411412));
#10781=CARTESIAN_POINT('Ctrl Pts',(-23.2242264143612,-26.2537255296903,
-243.112237411412));
#10782=CARTESIAN_POINT('Ctrl Pts',(-23.2441943489022,-26.2883110068376,
-243.148489892229));
#10783=CARTESIAN_POINT('Ctrl Pts',(-23.2854044064064,-26.3596889202177,
-243.223308187333));
#10784=CARTESIAN_POINT('Ctrl Pts',(-23.305350118756,-26.3942359074003,-243.327360945565));
#10785=CARTESIAN_POINT('Ctrl Pts',(-23.3156313292172,-26.4120434862824,
-243.380995946797));
#10786=CARTESIAN_POINT('',(-23.0796148173,-26.0032508962167,-243.015375095281));
#10787=CARTESIAN_POINT('Ctrl Pts',(-23.0796148173,-26.0032508962167,-243.015375095281));
#10788=CARTESIAN_POINT('Ctrl Pts',(-23.1057583471514,-26.0485328182084,
-243.019403582085));
#10789=CARTESIAN_POINT('Ctrl Pts',(-23.1580213277448,-26.1390549559512,
-243.027456845317));
#10790=CARTESIAN_POINT('Ctrl Pts',(-23.202164831564,-26.2155137473902,-243.083985904253));
#10791=CARTESIAN_POINT('Ctrl Pts',(-23.2242264143612,-26.2537255296903,
-243.112237411412));
#10792=CARTESIAN_POINT('',(-22.8995330921795,-25.6913401987933,-243.121787267598));
#10793=CARTESIAN_POINT('Ctrl Pts',(-22.8995330921795,-25.6913401987933,
-243.121787267598));
#10794=CARTESIAN_POINT('Ctrl Pts',(-22.9289068052469,-25.742216962233,-243.09076487982));
#10795=CARTESIAN_POINT('Ctrl Pts',(-22.9854264241987,-25.840111813882,-243.031072952817));
#10796=CARTESIAN_POINT('Ctrl Pts',(-23.0490546880289,-25.9503191996333,
-243.020468382678));
#10797=CARTESIAN_POINT('Ctrl Pts',(-23.0796148173,-26.0032508962167,-243.015375095281));
#10798=CARTESIAN_POINT('',(-22.8149493328716,-25.5448368301769,-242.666125851544));
#10799=CARTESIAN_POINT('',(-22.8149493328716,-25.5448368301769,-242.666125851544));
#10800=CARTESIAN_POINT('',(-23.0673368565228,-25.9819848443371,-242.507871943387));
#10801=CARTESIAN_POINT('Ctrl Pts',(-23.0673368565228,-25.9819848443371,
-242.507871943387));
#10802=CARTESIAN_POINT('Ctrl Pts',(-23.024796560861,-25.9083028908819,-242.515715600609));
#10803=CARTESIAN_POINT('Ctrl Pts',(-22.9351326414284,-25.7530004268189,
-242.532247997439));
#10804=CARTESIAN_POINT('Ctrl Pts',(-22.8563527595531,-25.6165496687966,
-242.620004622371));
#10805=CARTESIAN_POINT('Ctrl Pts',(-22.8149493328716,-25.5448368301769,
-242.666125851544));
#10806=CARTESIAN_POINT('',(-23.2249082914974,-26.2549065755348,-242.606098609838));
#10807=CARTESIAN_POINT('Ctrl Pts',(-23.2249082914974,-26.2549065755348,
-242.606098609838));
#10808=CARTESIAN_POINT('Ctrl Pts',(-23.2004770181829,-26.2125903688605,
-242.577449452588));
#10809=CARTESIAN_POINT('Ctrl Pts',(-23.1517496792205,-26.12819214206,-242.520309688387));
#10810=CARTESIAN_POINT('Ctrl Pts',(-23.095422365446,-26.0306303727487,-242.512010181951));
#10811=CARTESIAN_POINT('Ctrl Pts',(-23.0673368565228,-25.9819848443371,
-242.507871943387));
#10812=CARTESIAN_POINT('',(-23.3811153761532,-26.5254651826608,-243.012646990689));
#10813=CARTESIAN_POINT('Ctrl Pts',(-23.3811153761532,-26.5254651826608,
-243.012646990689));
#10814=CARTESIAN_POINT('Ctrl Pts',(-23.3564966304546,-26.4828242642922,
-242.923391843339));
#10815=CARTESIAN_POINT('Ctrl Pts',(-23.314623179537,-26.4102973198147,-242.771579842944));
#10816=CARTESIAN_POINT('Ctrl Pts',(-23.2510887789001,-26.3002525098831,
-242.654389138126));
#10817=CARTESIAN_POINT('Ctrl Pts',(-23.2249082914974,-26.2549065755348,
-242.606098609838));
#10818=CARTESIAN_POINT('',(-23.3811153761532,-26.5254651826608,-242.57335658637));
#10819=CARTESIAN_POINT('',(-23.3811153761532,-26.5254651826608,-242.57335658637));
#10820=CARTESIAN_POINT('',(-23.6021252266552,-26.9082654727035,-242.57335658637));
#10821=CARTESIAN_POINT('',(-23.6021252266552,-26.9082654727035,-242.57335658637));
#10822=CARTESIAN_POINT('',(-23.6021252266552,-26.9082654727035,-245.471036988172));
#10823=CARTESIAN_POINT('',(-23.6021252266552,-26.9082654727035,-245.471036988172));
#10824=CARTESIAN_POINT('',(-23.3565588585522,-26.4829320465189,-245.471036988172));
#10825=CARTESIAN_POINT('Origin',(-19.02643183963,-28.9829320465189,-244.712510364923));
#10826=CARTESIAN_POINT('',(-19.02643183963,-28.9829320465189,-245.471036988172));
#10827=CARTESIAN_POINT('',(-19.02643183963,-28.9829320465189,-245.471036988172));
#10828=CARTESIAN_POINT('',(-19.02643183963,-28.9829320465189,-243.953983741674));
#10829=CARTESIAN_POINT('',(-19.02643183963,-28.9829320465189,-229.856255182461));
#10830=CARTESIAN_POINT('',(-19.02643183963,-28.9829320465189,-243.953983741674));
#10831=CARTESIAN_POINT('Ctrl Pts',(-23.3156313292172,-26.4120434862824,
-243.380995946797));
#10832=CARTESIAN_POINT('Ctrl Pts',(-18.985504310295,-28.9120434862824,-243.380995946797));
#10833=CARTESIAN_POINT('Ctrl Pts',(-23.3275652525179,-26.4327136477729,
-243.471906567744));
#10834=CARTESIAN_POINT('Ctrl Pts',(-18.9974382335957,-28.9327136477729,
-243.471906567744));
#10835=CARTESIAN_POINT('Ctrl Pts',(-23.3522174022475,-26.4754124236202,
-243.659702498981));
#10836=CARTESIAN_POINT('Ctrl Pts',(-19.0220903833253,-28.9754124236202,
-243.659702498981));
#10837=CARTESIAN_POINT('Ctrl Pts',(-23.3550813346418,-26.4803729000367,
-243.853831271641));
#10838=CARTESIAN_POINT('Ctrl Pts',(-19.0249543157196,-28.9803729000367,
-243.853831271641));
#10839=CARTESIAN_POINT('Ctrl Pts',(-23.3565588585522,-26.4829320465189,
-243.953983741674));
#10840=CARTESIAN_POINT('Ctrl Pts',(-19.02643183963,-28.9829320465189,-243.953983741674));
#10841=CARTESIAN_POINT('',(-18.985504310295,-28.9120434862824,-243.380995946797));
#10842=CARTESIAN_POINT('Ctrl Pts',(-18.985504310295,-28.9120434862824,-243.380995946797));
#10843=CARTESIAN_POINT('Ctrl Pts',(-18.9974382335957,-28.9327136477729,
-243.471906567744));
#10844=CARTESIAN_POINT('Ctrl Pts',(-19.0220903833253,-28.9754124236202,
-243.659702498981));
#10845=CARTESIAN_POINT('Ctrl Pts',(-19.0249543157196,-28.9803729000367,
-243.853831271641));
#10846=CARTESIAN_POINT('Ctrl Pts',(-19.02643183963,-28.9829320465189,-243.953983741674));
#10847=CARTESIAN_POINT('',(-18.985504310295,-28.9120434862824,-243.380995946797));
#10848=CARTESIAN_POINT('Ctrl Pts',(-23.2242264143612,-26.2537255296903,
-243.112237411412));
#10849=CARTESIAN_POINT('Ctrl Pts',(-18.894099395439,-28.7537255296903,-243.112237411412));
#10850=CARTESIAN_POINT('Ctrl Pts',(-23.2441943489022,-26.2883110068376,
-243.148489892229));
#10851=CARTESIAN_POINT('Ctrl Pts',(-18.91406732998,-28.7883110068376,-243.148489892229));
#10852=CARTESIAN_POINT('Ctrl Pts',(-23.2854044064064,-26.3596889202177,
-243.223308187333));
#10853=CARTESIAN_POINT('Ctrl Pts',(-18.9552773874842,-28.8596889202177,
-243.223308187333));
#10854=CARTESIAN_POINT('Ctrl Pts',(-23.305350118756,-26.3942359074003,-243.327360945565));
#10855=CARTESIAN_POINT('Ctrl Pts',(-18.9752230998338,-28.8942359074003,
-243.327360945565));
#10856=CARTESIAN_POINT('Ctrl Pts',(-23.3156313292172,-26.4120434862824,
-243.380995946797));
#10857=CARTESIAN_POINT('Ctrl Pts',(-18.985504310295,-28.9120434862824,-243.380995946797));
#10858=CARTESIAN_POINT('',(-18.894099395439,-28.7537255296903,-243.112237411412));
#10859=CARTESIAN_POINT('Ctrl Pts',(-18.894099395439,-28.7537255296903,-243.112237411412));
#10860=CARTESIAN_POINT('Ctrl Pts',(-18.91406732998,-28.7883110068376,-243.148489892229));
#10861=CARTESIAN_POINT('Ctrl Pts',(-18.9552773874842,-28.8596889202177,
-243.223308187333));
#10862=CARTESIAN_POINT('Ctrl Pts',(-18.9752230998338,-28.8942359074003,
-243.327360945565));
#10863=CARTESIAN_POINT('Ctrl Pts',(-18.985504310295,-28.9120434862824,-243.380995946797));
#10864=CARTESIAN_POINT('',(-18.894099395439,-28.7537255296903,-243.112237411412));
#10865=CARTESIAN_POINT('Ctrl Pts',(-23.0796148173,-26.0032508962167,-243.015375095281));
#10866=CARTESIAN_POINT('Ctrl Pts',(-18.7494877983779,-28.5032508962167,
-243.015375095281));
#10867=CARTESIAN_POINT('Ctrl Pts',(-23.1057583471514,-26.0485328182084,
-243.019403582085));
#10868=CARTESIAN_POINT('Ctrl Pts',(-18.7756313282292,-28.5485328182084,
-243.019403582085));
#10869=CARTESIAN_POINT('Ctrl Pts',(-23.1580213277448,-26.1390549559512,
-243.027456845317));
#10870=CARTESIAN_POINT('Ctrl Pts',(-18.8278943088226,-28.6390549559512,
-243.027456845317));
#10871=CARTESIAN_POINT('Ctrl Pts',(-23.202164831564,-26.2155137473902,-243.083985904253));
#10872=CARTESIAN_POINT('Ctrl Pts',(-18.8720378126418,-28.7155137473902,
-243.083985904253));
#10873=CARTESIAN_POINT('Ctrl Pts',(-23.2242264143612,-26.2537255296903,
-243.112237411412));
#10874=CARTESIAN_POINT('Ctrl Pts',(-18.894099395439,-28.7537255296903,-243.112237411412));
#10875=CARTESIAN_POINT('',(-18.7494877983779,-28.5032508962167,-243.015375095281));
#10876=CARTESIAN_POINT('Ctrl Pts',(-18.7494877983779,-28.5032508962167,
-243.015375095281));
#10877=CARTESIAN_POINT('Ctrl Pts',(-18.7756313282292,-28.5485328182084,
-243.019403582085));
#10878=CARTESIAN_POINT('Ctrl Pts',(-18.8278943088226,-28.6390549559512,
-243.027456845317));
#10879=CARTESIAN_POINT('Ctrl Pts',(-18.8720378126418,-28.7155137473902,
-243.083985904253));
#10880=CARTESIAN_POINT('Ctrl Pts',(-18.894099395439,-28.7537255296903,-243.112237411412));
#10881=CARTESIAN_POINT('',(-18.7494877983779,-28.5032508962167,-243.015375095281));
#10882=CARTESIAN_POINT('Ctrl Pts',(-22.8995330921795,-25.6913401987933,
-243.121787267598));
#10883=CARTESIAN_POINT('Ctrl Pts',(-18.5694060732573,-28.1913401987933,
-243.121787267598));
#10884=CARTESIAN_POINT('Ctrl Pts',(-22.9289068052469,-25.742216962233,-243.09076487982));
#10885=CARTESIAN_POINT('Ctrl Pts',(-18.5987797863247,-28.242216962233,-243.09076487982));
#10886=CARTESIAN_POINT('Ctrl Pts',(-22.9854264241987,-25.840111813882,-243.031072952817));
#10887=CARTESIAN_POINT('Ctrl Pts',(-18.6552994052765,-28.340111813882,-243.031072952817));
#10888=CARTESIAN_POINT('Ctrl Pts',(-23.0490546880289,-25.9503191996333,
-243.020468382678));
#10889=CARTESIAN_POINT('Ctrl Pts',(-18.7189276691067,-28.4503191996333,
-243.020468382678));
#10890=CARTESIAN_POINT('Ctrl Pts',(-23.0796148173,-26.0032508962167,-243.015375095281));
#10891=CARTESIAN_POINT('Ctrl Pts',(-18.7494877983779,-28.5032508962167,
-243.015375095281));
#10892=CARTESIAN_POINT('',(-18.5694060732573,-28.1913401987933,-243.121787267598));
#10893=CARTESIAN_POINT('Ctrl Pts',(-18.5694060732573,-28.1913401987933,
-243.121787267598));
#10894=CARTESIAN_POINT('Ctrl Pts',(-18.5987797863247,-28.242216962233,-243.09076487982));
#10895=CARTESIAN_POINT('Ctrl Pts',(-18.6552994052765,-28.340111813882,-243.031072952817));
#10896=CARTESIAN_POINT('Ctrl Pts',(-18.7189276691067,-28.4503191996333,
-243.020468382678));
#10897=CARTESIAN_POINT('Ctrl Pts',(-18.7494877983779,-28.5032508962167,
-243.015375095281));
#10898=CARTESIAN_POINT('',(-18.5694060732573,-28.1913401987933,-243.121787267598));
#10899=CARTESIAN_POINT('Origin',(-18.5271141936034,-28.1180885144851,-242.893956559571));
#10900=CARTESIAN_POINT('',(-18.4848223139494,-28.0448368301769,-242.666125851544));
#10901=CARTESIAN_POINT('',(-15.7930478320726,-23.3825466650488,-228.165259702463));
#10902=CARTESIAN_POINT('',(-18.4848223139494,-28.0448368301769,-242.666125851544));
#10903=CARTESIAN_POINT('Ctrl Pts',(-23.0673368565228,-25.9819848443371,
-242.507871943387));
#10904=CARTESIAN_POINT('Ctrl Pts',(-18.7372098376006,-28.4819848443371,
-242.507871943387));
#10905=CARTESIAN_POINT('Ctrl Pts',(-23.024796560861,-25.9083028908819,-242.515715600609));
#10906=CARTESIAN_POINT('Ctrl Pts',(-18.6946695419388,-28.4083028908819,
-242.515715600609));
#10907=CARTESIAN_POINT('Ctrl Pts',(-22.9351326414284,-25.7530004268189,
-242.532247997439));
#10908=CARTESIAN_POINT('Ctrl Pts',(-18.6050056225062,-28.2530004268189,
-242.532247997439));
#10909=CARTESIAN_POINT('Ctrl Pts',(-22.8563527595531,-25.6165496687966,
-242.620004622371));
#10910=CARTESIAN_POINT('Ctrl Pts',(-18.5262257406309,-28.1165496687966,
-242.620004622371));
#10911=CARTESIAN_POINT('Ctrl Pts',(-22.8149493328716,-25.5448368301769,
-242.666125851544));
#10912=CARTESIAN_POINT('Ctrl Pts',(-18.4848223139494,-28.0448368301769,
-242.666125851544));
#10913=CARTESIAN_POINT('',(-18.7372098376006,-28.4819848443371,-242.507871943387));
#10914=CARTESIAN_POINT('Ctrl Pts',(-18.7372098376006,-28.4819848443371,
-242.507871943387));
#10915=CARTESIAN_POINT('Ctrl Pts',(-18.6946695419388,-28.4083028908819,
-242.515715600609));
#10916=CARTESIAN_POINT('Ctrl Pts',(-18.6050056225062,-28.2530004268189,
-242.532247997439));
#10917=CARTESIAN_POINT('Ctrl Pts',(-18.5262257406309,-28.1165496687966,
-242.620004622371));
#10918=CARTESIAN_POINT('Ctrl Pts',(-18.4848223139494,-28.0448368301769,
-242.666125851544));
#10919=CARTESIAN_POINT('',(-18.7372098376006,-28.4819848443371,-242.507871943387));
#10920=CARTESIAN_POINT('Ctrl Pts',(-23.2249082914974,-26.2549065755348,
-242.606098609838));
#10921=CARTESIAN_POINT('Ctrl Pts',(-18.8947812725752,-28.7549065755348,
-242.606098609838));
#10922=CARTESIAN_POINT('Ctrl Pts',(-23.2004770181829,-26.2125903688605,
-242.577449452588));
#10923=CARTESIAN_POINT('Ctrl Pts',(-18.8703499992607,-28.7125903688605,
-242.577449452588));
#10924=CARTESIAN_POINT('Ctrl Pts',(-23.1517496792205,-26.12819214206,-242.520309688387));
#10925=CARTESIAN_POINT('Ctrl Pts',(-18.8216226602983,-28.62819214206,-242.520309688387));
#10926=CARTESIAN_POINT('Ctrl Pts',(-23.095422365446,-26.0306303727487,-242.512010181951));
#10927=CARTESIAN_POINT('Ctrl Pts',(-18.7652953465238,-28.5306303727487,
-242.512010181951));
#10928=CARTESIAN_POINT('Ctrl Pts',(-23.0673368565228,-25.9819848443371,
-242.507871943387));
#10929=CARTESIAN_POINT('Ctrl Pts',(-18.7372098376006,-28.4819848443371,
-242.507871943387));
#10930=CARTESIAN_POINT('',(-18.8947812725752,-28.7549065755348,-242.606098609838));
#10931=CARTESIAN_POINT('Ctrl Pts',(-18.8947812725752,-28.7549065755348,
-242.606098609838));
#10932=CARTESIAN_POINT('Ctrl Pts',(-18.8703499992607,-28.7125903688605,
-242.577449452588));
#10933=CARTESIAN_POINT('Ctrl Pts',(-18.8216226602983,-28.62819214206,-242.520309688387));
#10934=CARTESIAN_POINT('Ctrl Pts',(-18.7652953465238,-28.5306303727487,
-242.512010181951));
#10935=CARTESIAN_POINT('Ctrl Pts',(-18.7372098376006,-28.4819848443371,
-242.507871943387));
#10936=CARTESIAN_POINT('',(-18.8947812725752,-28.7549065755348,-242.606098609838));
#10937=CARTESIAN_POINT('Ctrl Pts',(-23.3811153761532,-26.5254651826608,
-243.012646990689));
#10938=CARTESIAN_POINT('Ctrl Pts',(-19.050988357231,-29.0254651826608,-243.012646990689));
#10939=CARTESIAN_POINT('Ctrl Pts',(-23.3564966304546,-26.4828242642922,
-242.923391843339));
#10940=CARTESIAN_POINT('Ctrl Pts',(-19.0263696115324,-28.9828242642922,
-242.923391843339));
#10941=CARTESIAN_POINT('Ctrl Pts',(-23.314623179537,-26.4102973198147,-242.771579842944));
#10942=CARTESIAN_POINT('Ctrl Pts',(-18.9844961606148,-28.9102973198147,
-242.771579842944));
#10943=CARTESIAN_POINT('Ctrl Pts',(-23.2510887789001,-26.3002525098831,
-242.654389138126));
#10944=CARTESIAN_POINT('Ctrl Pts',(-18.9209617599779,-28.8002525098831,
-242.654389138126));
#10945=CARTESIAN_POINT('Ctrl Pts',(-23.2249082914974,-26.2549065755348,
-242.606098609838));
#10946=CARTESIAN_POINT('Ctrl Pts',(-18.8947812725752,-28.7549065755348,
-242.606098609838));
#10947=CARTESIAN_POINT('',(-19.050988357231,-29.0254651826608,-243.012646990689));
#10948=CARTESIAN_POINT('Ctrl Pts',(-19.050988357231,-29.0254651826608,-243.012646990689));
#10949=CARTESIAN_POINT('Ctrl Pts',(-19.0263696115324,-28.9828242642922,
-242.923391843339));
#10950=CARTESIAN_POINT('Ctrl Pts',(-18.9844961606148,-28.9102973198147,
-242.771579842944));
#10951=CARTESIAN_POINT('Ctrl Pts',(-18.9209617599779,-28.8002525098831,
-242.654389138126));
#10952=CARTESIAN_POINT('Ctrl Pts',(-18.8947812725752,-28.7549065755348,
-242.606098609838));
#10953=CARTESIAN_POINT('',(-19.050988357231,-29.0254651826608,-243.012646990689));
#10954=CARTESIAN_POINT('Origin',(-19.050988357231,-29.0254651826608,-242.793001788529));
#10955=CARTESIAN_POINT('',(-19.050988357231,-29.0254651826608,-242.57335658637));
#10956=CARTESIAN_POINT('',(-19.050988357231,-29.0254651826608,-228.896500894265));
#10957=CARTESIAN_POINT('',(-19.050988357231,-29.0254651826608,-242.57335658637));
#10958=CARTESIAN_POINT('Origin',(-19.161493282482,-29.2168653276821,-242.57335658637));
#10959=CARTESIAN_POINT('',(-19.271998207733,-29.4082654727035,-242.57335658637));
#10960=CARTESIAN_POINT('',(-15.0574377704971,-22.1084326638412,-242.57335658637));
#10961=CARTESIAN_POINT('',(-19.271998207733,-29.4082654727035,-242.57335658637));
#10962=CARTESIAN_POINT('Origin',(-19.271998207733,-29.4082654727035,-244.022196787271));
#10963=CARTESIAN_POINT('',(-19.271998207733,-29.4082654727035,-245.471036988172));
#10964=CARTESIAN_POINT('',(-19.271998207733,-29.4082654727035,-229.511098393635));
#10965=CARTESIAN_POINT('',(-19.271998207733,-29.4082654727035,-245.471036988172));
#10966=CARTESIAN_POINT('Origin',(-19.1492150236815,-29.1955987596112,-245.471036988172));
#10967=CARTESIAN_POINT('',(-15.0512986410968,-22.0977993798057,-245.471036988172));
#10968=CARTESIAN_POINT('Origin',(-15.2835092774344,-12.5000000000002,-215.));
#10969=CARTESIAN_POINT('',(-26.4616065017368,-31.8610323244367,-243.8857709941));
#10970=CARTESIAN_POINT('',(-26.4616065017368,-31.8610323244367,-245.471036988172));
#10971=CARTESIAN_POINT('',(-26.4616065017368,-31.8610323244367,-243.8857709941));
#10972=CARTESIAN_POINT('',(-26.4206788233902,-31.7901435061045,-243.350982623967));
#10973=CARTESIAN_POINT('Ctrl Pts',(-26.4206788233902,-31.7901435061045,
-243.350982623967));
#10974=CARTESIAN_POINT('Ctrl Pts',(-26.4325707461479,-31.8107409205205,
-243.427287260596));
#10975=CARTESIAN_POINT('Ctrl Pts',(-26.4596603215073,-31.8576614413985,
-243.601107781157));
#10976=CARTESIAN_POINT('Ctrl Pts',(-26.4609070619188,-31.8598208591351,
-243.783465574062));
#10977=CARTESIAN_POINT('Ctrl Pts',(-26.4616065017368,-31.8610323244367,
-243.8857709941));
#10978=CARTESIAN_POINT('',(-26.2835710040714,-31.5526657969294,-243.044024663838));
#10979=CARTESIAN_POINT('Ctrl Pts',(-26.2835710040714,-31.5526657969294,
-243.044024663838));
#10980=CARTESIAN_POINT('Ctrl Pts',(-26.31321437914,-31.6040096286559,-243.084588911168));
#10981=CARTESIAN_POINT('Ctrl Pts',(-26.3715632863385,-31.7050729004899,
-243.164434053549));
#10982=CARTESIAN_POINT('Ctrl Pts',(-26.4044833526274,-31.7620921278908,
-243.28946966698));
#10983=CARTESIAN_POINT('Ctrl Pts',(-26.4206788233902,-31.7901435061045,
-243.350982623967));
#10984=CARTESIAN_POINT('',(-26.0782505861904,-31.1970404013282,-242.930791335973));
#10985=CARTESIAN_POINT('Ctrl Pts',(-26.0782505861904,-31.1970404013282,
-242.930791335973));
#10986=CARTESIAN_POINT('Ctrl Pts',(-26.1141839459136,-31.2592788060554,
-242.935619763838));
#10987=CARTESIAN_POINT('Ctrl Pts',(-26.1864766371583,-31.3844934203072,
-242.945333858138));
#10988=CARTESIAN_POINT('Ctrl Pts',(-26.2510793284856,-31.4963885639916,
-243.010998755703));
#10989=CARTESIAN_POINT('Ctrl Pts',(-26.2835710040714,-31.5526657969294,
-243.044024663838));
#10990=CARTESIAN_POINT('',(-25.8524661056187,-30.8059702094174,-243.098595100316));
#10991=CARTESIAN_POINT('Ctrl Pts',(-25.8524661056187,-30.8059702094174,
-243.098595100316));
#10992=CARTESIAN_POINT('Ctrl Pts',(-25.8832394291592,-30.8592711693074,
-243.049708082404));
#10993=CARTESIAN_POINT('Ctrl Pts',(-25.9490762659692,-30.9733039156719,
-242.94511857922));
#10994=CARTESIAN_POINT('Ctrl Pts',(-26.0333616885049,-31.1192905498412,
-242.935770144107));
#10995=CARTESIAN_POINT('Ctrl Pts',(-26.0782505861904,-31.1970404013282,
-242.930791335973));
#10996=CARTESIAN_POINT('',(-25.7726569763805,-30.6677367426692,-243.634747820768));
#10997=CARTESIAN_POINT('Ctrl Pts',(-25.7726569763805,-30.6677367426692,
-243.634747820768));
#10998=CARTESIAN_POINT('Ctrl Pts',(-25.7739333483615,-30.6699474837895,
-243.525191993424));
#10999=CARTESIAN_POINT('Ctrl Pts',(-25.7761993411481,-30.6738722984254,
-243.330693275026));
#11000=CARTESIAN_POINT('Ctrl Pts',(-25.8292830174659,-30.7658159228605,
-243.16914683385));
#11001=CARTESIAN_POINT('Ctrl Pts',(-25.8524661056187,-30.8059702094174,
-243.098595100316));
#11002=CARTESIAN_POINT('',(-25.7726569763805,-30.6677367426692,-245.471036988172));
#11003=CARTESIAN_POINT('',(-25.7726569763805,-30.6677367426692,-245.471036988172));
#11004=CARTESIAN_POINT('',(-25.5270909063007,-30.2424038326759,-245.471036988172));
#11005=CARTESIAN_POINT('',(-25.5270909063007,-30.2424038326759,-245.471036988172));
#11006=CARTESIAN_POINT('',(-25.5270909063007,-30.2424038326759,-243.634747820768));
#11007=CARTESIAN_POINT('',(-25.5270909063007,-30.2424038326759,-243.634747820768));
#11008=CARTESIAN_POINT('',(-25.5782504669811,-30.3310147910672,-242.985361772451));
#11009=CARTESIAN_POINT('Ctrl Pts',(-25.5782504669811,-30.3310147910672,
-242.985361772451));
#11010=CARTESIAN_POINT('Ctrl Pts',(-25.5634004568959,-30.3052938191068,
-243.076057602753));
#11011=CARTESIAN_POINT('Ctrl Pts',(-25.5289395245671,-30.245605733437,-243.286526339989));
#11012=CARTESIAN_POINT('Ctrl Pts',(-25.5277613680292,-30.2435651064542,
-243.508453939466));
#11013=CARTESIAN_POINT('Ctrl Pts',(-25.5270909063007,-30.2424038326759,
-243.634747820768));
#11014=CARTESIAN_POINT('',(-25.7481004587795,-30.6252036065272,-242.634748178395));
#11015=CARTESIAN_POINT('Ctrl Pts',(-25.7481004587795,-30.6252036065272,
-242.634748178395));
#11016=CARTESIAN_POINT('Ctrl Pts',(-25.7115718316665,-30.5619341684368,
-242.680128702997));
#11017=CARTESIAN_POINT('Ctrl Pts',(-25.6402487686958,-30.43839899962,-242.7687353184));
#11018=CARTESIAN_POINT('Ctrl Pts',(-25.5985788384195,-30.3662245632337,
-242.914333003927));
#11019=CARTESIAN_POINT('Ctrl Pts',(-25.5782504669811,-30.3310147910672,
-242.985361772451));
#11020=CARTESIAN_POINT('',(-26.0277729026463,-31.1096104887814,-242.507871943387));
#11021=CARTESIAN_POINT('Ctrl Pts',(-26.0277729026463,-31.1096104887814,
-242.507871943387));
#11022=CARTESIAN_POINT('Ctrl Pts',(-25.9768971599008,-31.0214911174735,
-242.512097618937));
#11023=CARTESIAN_POINT('Ctrl Pts',(-25.8796874412648,-30.8531189458065,
-242.520171736564));
#11024=CARTESIAN_POINT('Ctrl Pts',(-25.7905749686777,-30.6987716156974,
-242.597764442461));
#11025=CARTESIAN_POINT('Ctrl Pts',(-25.7481004587795,-30.6252036065272,
-242.634748178395));
#11026=CARTESIAN_POINT('',(-26.4616065017368,-31.8610323244367,-242.906234818372));
#11027=CARTESIAN_POINT('Ctrl Pts',(-26.4616065017368,-31.8610323244367,
-242.906234818372));
#11028=CARTESIAN_POINT('Ctrl Pts',(-26.4006117178773,-31.7553862597953,
-242.790045849441));
#11029=CARTESIAN_POINT('Ctrl Pts',(-26.2787771539943,-31.5443626050319,
-242.557963178399));
#11030=CARTESIAN_POINT('Ctrl Pts',(-26.1113699919277,-31.2544048947817,
-242.524554853828));
#11031=CARTESIAN_POINT('Ctrl Pts',(-26.0277729026463,-31.1096104887814,
-242.507871943387));
#11032=CARTESIAN_POINT('',(-26.4616065017368,-31.8610323244367,-241.471036630544));
#11033=CARTESIAN_POINT('',(-26.4616065017368,-31.8610323244367,-241.471036630544));
#11034=CARTESIAN_POINT('',(-26.7071727208283,-32.2863654925256,-241.471036630544));
#11035=CARTESIAN_POINT('',(-26.7071727208283,-32.2863654925256,-241.471036630544));
#11036=CARTESIAN_POINT('',(-26.7071727208283,-32.2863654925256,-245.471036988172));
#11037=CARTESIAN_POINT('',(-26.7071727208283,-32.2863654925256,-245.471036988172));
#11038=CARTESIAN_POINT('',(-26.4616065017368,-31.8610323244367,-245.471036988172));
#11039=CARTESIAN_POINT('Origin',(-22.1314794828147,-34.3610323244367,-244.678403991136));
#11040=CARTESIAN_POINT('',(-22.1314794828147,-34.3610323244367,-245.471036988172));
#11041=CARTESIAN_POINT('',(-22.1314794828147,-34.3610323244367,-245.471036988172));
#11042=CARTESIAN_POINT('',(-22.1314794828147,-34.3610323244367,-243.8857709941));
#11043=CARTESIAN_POINT('',(-22.1314794828147,-34.3610323244367,-229.839201995568));
#11044=CARTESIAN_POINT('',(-22.1314794828147,-34.3610323244367,-243.8857709941));
#11045=CARTESIAN_POINT('Ctrl Pts',(-26.4206788233902,-31.7901435061045,
-243.350982623967));
#11046=CARTESIAN_POINT('Ctrl Pts',(-22.090551804468,-34.2901435061045,-243.350982623967));
#11047=CARTESIAN_POINT('Ctrl Pts',(-26.4325707461479,-31.8107409205205,
-243.427287260596));
#11048=CARTESIAN_POINT('Ctrl Pts',(-22.1024437272257,-34.3107409205205,
-243.427287260596));
#11049=CARTESIAN_POINT('Ctrl Pts',(-26.4596603215073,-31.8576614413985,
-243.601107781157));
#11050=CARTESIAN_POINT('Ctrl Pts',(-22.1295333025851,-34.3576614413985,
-243.601107781157));
#11051=CARTESIAN_POINT('Ctrl Pts',(-26.4609070619188,-31.8598208591351,
-243.783465574062));
#11052=CARTESIAN_POINT('Ctrl Pts',(-22.1307800429967,-34.3598208591351,
-243.783465574062));
#11053=CARTESIAN_POINT('Ctrl Pts',(-26.4616065017368,-31.8610323244367,
-243.8857709941));
#11054=CARTESIAN_POINT('Ctrl Pts',(-22.1314794828147,-34.3610323244367,
-243.8857709941));
#11055=CARTESIAN_POINT('',(-22.090551804468,-34.2901435061045,-243.350982623967));
#11056=CARTESIAN_POINT('Ctrl Pts',(-22.090551804468,-34.2901435061045,-243.350982623967));
#11057=CARTESIAN_POINT('Ctrl Pts',(-22.1024437272257,-34.3107409205205,
-243.427287260596));
#11058=CARTESIAN_POINT('Ctrl Pts',(-22.1295333025851,-34.3576614413985,
-243.601107781157));
#11059=CARTESIAN_POINT('Ctrl Pts',(-22.1307800429967,-34.3598208591351,
-243.783465574062));
#11060=CARTESIAN_POINT('Ctrl Pts',(-22.1314794828147,-34.3610323244367,
-243.8857709941));
#11061=CARTESIAN_POINT('',(-22.090551804468,-34.2901435061045,-243.350982623967));
#11062=CARTESIAN_POINT('Ctrl Pts',(-26.2835710040714,-31.5526657969294,
-243.044024663838));
#11063=CARTESIAN_POINT('Ctrl Pts',(-21.9534439851492,-34.0526657969294,
-243.044024663838));
#11064=CARTESIAN_POINT('Ctrl Pts',(-26.31321437914,-31.6040096286559,-243.084588911168));
#11065=CARTESIAN_POINT('Ctrl Pts',(-21.9830873602178,-34.1040096286559,
-243.084588911168));
#11066=CARTESIAN_POINT('Ctrl Pts',(-26.3715632863385,-31.7050729004899,
-243.164434053549));
#11067=CARTESIAN_POINT('Ctrl Pts',(-22.0414362674163,-34.2050729004899,
-243.164434053549));
#11068=CARTESIAN_POINT('Ctrl Pts',(-26.4044833526274,-31.7620921278908,
-243.28946966698));
#11069=CARTESIAN_POINT('Ctrl Pts',(-22.0743563337052,-34.2620921278908,
-243.28946966698));
#11070=CARTESIAN_POINT('Ctrl Pts',(-26.4206788233902,-31.7901435061045,
-243.350982623967));
#11071=CARTESIAN_POINT('Ctrl Pts',(-22.090551804468,-34.2901435061045,-243.350982623967));
#11072=CARTESIAN_POINT('',(-21.9534439851492,-34.0526657969294,-243.044024663838));
#11073=CARTESIAN_POINT('Ctrl Pts',(-21.9534439851492,-34.0526657969294,
-243.044024663838));
#11074=CARTESIAN_POINT('Ctrl Pts',(-21.9830873602178,-34.1040096286559,
-243.084588911168));
#11075=CARTESIAN_POINT('Ctrl Pts',(-22.0414362674163,-34.2050729004899,
-243.164434053549));
#11076=CARTESIAN_POINT('Ctrl Pts',(-22.0743563337052,-34.2620921278908,
-243.28946966698));
#11077=CARTESIAN_POINT('Ctrl Pts',(-22.090551804468,-34.2901435061045,-243.350982623967));
#11078=CARTESIAN_POINT('',(-21.9534439851492,-34.0526657969294,-243.044024663838));
#11079=CARTESIAN_POINT('Ctrl Pts',(-26.0782505861904,-31.1970404013282,
-242.930791335973));
#11080=CARTESIAN_POINT('Ctrl Pts',(-21.7481235672682,-33.6970404013282,
-242.930791335973));
#11081=CARTESIAN_POINT('Ctrl Pts',(-26.1141839459136,-31.2592788060554,
-242.935619763838));
#11082=CARTESIAN_POINT('Ctrl Pts',(-21.7840569269914,-33.7592788060554,
-242.935619763838));
#11083=CARTESIAN_POINT('Ctrl Pts',(-26.1864766371583,-31.3844934203072,
-242.945333858138));
#11084=CARTESIAN_POINT('Ctrl Pts',(-21.8563496182362,-33.8844934203072,
-242.945333858138));
#11085=CARTESIAN_POINT('Ctrl Pts',(-26.2510793284856,-31.4963885639916,
-243.010998755703));
#11086=CARTESIAN_POINT('Ctrl Pts',(-21.9209523095634,-33.9963885639916,
-243.010998755703));
#11087=CARTESIAN_POINT('Ctrl Pts',(-26.2835710040714,-31.5526657969294,
-243.044024663838));
#11088=CARTESIAN_POINT('Ctrl Pts',(-21.9534439851492,-34.0526657969294,
-243.044024663838));
#11089=CARTESIAN_POINT('',(-21.7481235672682,-33.6970404013282,-242.930791335973));
#11090=CARTESIAN_POINT('Ctrl Pts',(-21.7481235672682,-33.6970404013282,
-242.930791335973));
#11091=CARTESIAN_POINT('Ctrl Pts',(-21.7840569269914,-33.7592788060554,
-242.935619763838));
#11092=CARTESIAN_POINT('Ctrl Pts',(-21.8563496182362,-33.8844934203072,
-242.945333858138));
#11093=CARTESIAN_POINT('Ctrl Pts',(-21.9209523095634,-33.9963885639916,
-243.010998755703));
#11094=CARTESIAN_POINT('Ctrl Pts',(-21.9534439851492,-34.0526657969294,
-243.044024663838));
#11095=CARTESIAN_POINT('',(-21.7481235672682,-33.6970404013282,-242.930791335973));
#11096=CARTESIAN_POINT('Ctrl Pts',(-25.8524661056187,-30.8059702094174,
-243.098595100316));
#11097=CARTESIAN_POINT('Ctrl Pts',(-21.5223390866965,-33.3059702094174,
-243.098595100316));
#11098=CARTESIAN_POINT('Ctrl Pts',(-25.8832394291592,-30.8592711693074,
-243.049708082404));
#11099=CARTESIAN_POINT('Ctrl Pts',(-21.553112410237,-33.3592711693074,-243.049708082404));
#11100=CARTESIAN_POINT('Ctrl Pts',(-25.9490762659692,-30.9733039156719,
-242.94511857922));
#11101=CARTESIAN_POINT('Ctrl Pts',(-21.618949247047,-33.4733039156719,-242.94511857922));
#11102=CARTESIAN_POINT('Ctrl Pts',(-26.0333616885049,-31.1192905498412,
-242.935770144107));
#11103=CARTESIAN_POINT('Ctrl Pts',(-21.7032346695827,-33.6192905498412,
-242.935770144107));
#11104=CARTESIAN_POINT('Ctrl Pts',(-26.0782505861904,-31.1970404013282,
-242.930791335973));
#11105=CARTESIAN_POINT('Ctrl Pts',(-21.7481235672682,-33.6970404013282,
-242.930791335973));
#11106=CARTESIAN_POINT('',(-21.5223390866965,-33.3059702094174,-243.098595100316));
#11107=CARTESIAN_POINT('Ctrl Pts',(-21.5223390866965,-33.3059702094174,
-243.098595100316));
#11108=CARTESIAN_POINT('Ctrl Pts',(-21.553112410237,-33.3592711693074,-243.049708082404));
#11109=CARTESIAN_POINT('Ctrl Pts',(-21.618949247047,-33.4733039156719,-242.94511857922));
#11110=CARTESIAN_POINT('Ctrl Pts',(-21.7032346695827,-33.6192905498412,
-242.935770144107));
#11111=CARTESIAN_POINT('Ctrl Pts',(-21.7481235672682,-33.6970404013282,
-242.930791335973));
#11112=CARTESIAN_POINT('',(-21.5223390866965,-33.3059702094174,-243.098595100316));
#11113=CARTESIAN_POINT('Ctrl Pts',(-25.7726569763805,-30.6677367426692,
-243.634747820768));
#11114=CARTESIAN_POINT('Ctrl Pts',(-21.4425299574584,-33.1677367426691,
-243.634747820768));
#11115=CARTESIAN_POINT('Ctrl Pts',(-25.7739333483615,-30.6699474837895,
-243.525191993424));
#11116=CARTESIAN_POINT('Ctrl Pts',(-21.4438063294393,-33.1699474837895,
-243.525191993424));
#11117=CARTESIAN_POINT('Ctrl Pts',(-25.7761993411481,-30.6738722984254,
-243.330693275026));
#11118=CARTESIAN_POINT('Ctrl Pts',(-21.4460723222259,-33.1738722984254,
-243.330693275026));
#11119=CARTESIAN_POINT('Ctrl Pts',(-25.8292830174659,-30.7658159228605,
-243.16914683385));
#11120=CARTESIAN_POINT('Ctrl Pts',(-21.4991559985437,-33.2658159228605,
-243.16914683385));
#11121=CARTESIAN_POINT('Ctrl Pts',(-25.8524661056187,-30.8059702094174,
-243.098595100316));
#11122=CARTESIAN_POINT('Ctrl Pts',(-21.5223390866965,-33.3059702094174,
-243.098595100316));
#11123=CARTESIAN_POINT('',(-21.4425299574584,-33.1677367426691,-243.634747820768));
#11124=CARTESIAN_POINT('Ctrl Pts',(-21.4425299574584,-33.1677367426691,
-243.634747820768));
#11125=CARTESIAN_POINT('Ctrl Pts',(-21.4438063294393,-33.1699474837895,
-243.525191993424));
#11126=CARTESIAN_POINT('Ctrl Pts',(-21.4460723222259,-33.1738722984254,
-243.330693275026));
#11127=CARTESIAN_POINT('Ctrl Pts',(-21.4991559985437,-33.2658159228605,
-243.16914683385));
#11128=CARTESIAN_POINT('Ctrl Pts',(-21.5223390866965,-33.3059702094174,
-243.098595100316));
#11129=CARTESIAN_POINT('',(-21.4425299574584,-33.1677367426691,-243.634747820768));
#11130=CARTESIAN_POINT('Origin',(-21.4425299574584,-33.1677367426691,-244.55289240447));
#11131=CARTESIAN_POINT('',(-21.4425299574584,-33.1677367426691,-245.471036988172));
#11132=CARTESIAN_POINT('',(-21.4425299574584,-33.1677367426691,-229.776446202235));
#11133=CARTESIAN_POINT('',(-21.4425299574584,-33.1677367426691,-245.471036988172));
#11134=CARTESIAN_POINT('Origin',(-21.3197469224185,-32.9550702876725,-245.471036988172));
#11135=CARTESIAN_POINT('',(-21.1969638873786,-32.7424038326759,-245.471036988172));
#11136=CARTESIAN_POINT('',(-16.1365645904653,-23.9775351438364,-245.471036988172));
#11137=CARTESIAN_POINT('',(-21.1969638873786,-32.7424038326759,-245.471036988172));
#11138=CARTESIAN_POINT('Origin',(-21.1969638873786,-32.7424038326759,-244.55289240447));
#11139=CARTESIAN_POINT('',(-21.1969638873786,-32.7424038326759,-243.634747820768));
#11140=CARTESIAN_POINT('',(-21.1969638873786,-32.7424038326759,-229.776446202235));
#11141=CARTESIAN_POINT('',(-21.1969638873786,-32.7424038326759,-243.634747820768));
#11142=CARTESIAN_POINT('Ctrl Pts',(-25.5782504669811,-30.3310147910672,
-242.985361772451));
#11143=CARTESIAN_POINT('Ctrl Pts',(-21.2481234480589,-32.8310147910672,
-242.985361772451));
#11144=CARTESIAN_POINT('Ctrl Pts',(-25.5634004568959,-30.3052938191068,
-243.076057602753));
#11145=CARTESIAN_POINT('Ctrl Pts',(-21.2332734379737,-32.8052938191068,
-243.076057602753));
#11146=CARTESIAN_POINT('Ctrl Pts',(-25.5289395245671,-30.245605733437,-243.286526339989));
#11147=CARTESIAN_POINT('Ctrl Pts',(-21.1988125056449,-32.745605733437,-243.286526339989));
#11148=CARTESIAN_POINT('Ctrl Pts',(-25.5277613680292,-30.2435651064542,
-243.508453939466));
#11149=CARTESIAN_POINT('Ctrl Pts',(-21.197634349107,-32.7435651064542,-243.508453939466));
#11150=CARTESIAN_POINT('Ctrl Pts',(-25.5270909063007,-30.2424038326759,
-243.634747820768));
#11151=CARTESIAN_POINT('Ctrl Pts',(-21.1969638873786,-32.7424038326759,
-243.634747820768));
#11152=CARTESIAN_POINT('',(-21.2481234480589,-32.8310147910672,-242.985361772451));
#11153=CARTESIAN_POINT('Ctrl Pts',(-21.2481234480589,-32.8310147910672,
-242.985361772451));
#11154=CARTESIAN_POINT('Ctrl Pts',(-21.2332734379737,-32.8052938191068,
-243.076057602753));
#11155=CARTESIAN_POINT('Ctrl Pts',(-21.1988125056449,-32.745605733437,-243.286526339989));
#11156=CARTESIAN_POINT('Ctrl Pts',(-21.197634349107,-32.7435651064542,-243.508453939466));
#11157=CARTESIAN_POINT('Ctrl Pts',(-21.1969638873786,-32.7424038326759,
-243.634747820768));
#11158=CARTESIAN_POINT('',(-21.2481234480589,-32.8310147910672,-242.985361772451));
#11159=CARTESIAN_POINT('Ctrl Pts',(-25.7481004587795,-30.6252036065272,
-242.634748178395));
#11160=CARTESIAN_POINT('Ctrl Pts',(-21.4179734398573,-33.1252036065272,
-242.634748178395));
#11161=CARTESIAN_POINT('Ctrl Pts',(-25.7115718316665,-30.5619341684368,
-242.680128702997));
#11162=CARTESIAN_POINT('Ctrl Pts',(-21.3814448127443,-33.0619341684368,
-242.680128702997));
#11163=CARTESIAN_POINT('Ctrl Pts',(-25.6402487686958,-30.43839899962,-242.7687353184));
#11164=CARTESIAN_POINT('Ctrl Pts',(-21.3101217497736,-32.93839899962,-242.7687353184));
#11165=CARTESIAN_POINT('Ctrl Pts',(-25.5985788384195,-30.3662245632337,
-242.914333003927));
#11166=CARTESIAN_POINT('Ctrl Pts',(-21.2684518194973,-32.8662245632337,
-242.914333003927));
#11167=CARTESIAN_POINT('Ctrl Pts',(-25.5782504669811,-30.3310147910672,
-242.985361772451));
#11168=CARTESIAN_POINT('Ctrl Pts',(-21.2481234480589,-32.8310147910672,
-242.985361772451));
#11169=CARTESIAN_POINT('',(-21.4179734398573,-33.1252036065272,-242.634748178395));
#11170=CARTESIAN_POINT('Ctrl Pts',(-21.4179734398573,-33.1252036065272,
-242.634748178395));
#11171=CARTESIAN_POINT('Ctrl Pts',(-21.3814448127443,-33.0619341684368,
-242.680128702997));
#11172=CARTESIAN_POINT('Ctrl Pts',(-21.3101217497736,-32.93839899962,-242.7687353184));
#11173=CARTESIAN_POINT('Ctrl Pts',(-21.2684518194973,-32.8662245632337,
-242.914333003927));
#11174=CARTESIAN_POINT('Ctrl Pts',(-21.2481234480589,-32.8310147910672,
-242.985361772451));
#11175=CARTESIAN_POINT('',(-21.4179734398573,-33.1252036065272,-242.634748178395));
#11176=CARTESIAN_POINT('Ctrl Pts',(-26.0277729026463,-31.1096104887814,
-242.507871943387));
#11177=CARTESIAN_POINT('Ctrl Pts',(-21.6976458837241,-33.6096104887814,
-242.507871943387));
#11178=CARTESIAN_POINT('Ctrl Pts',(-25.9768971599008,-31.0214911174735,
-242.512097618937));
#11179=CARTESIAN_POINT('Ctrl Pts',(-21.6467701409787,-33.5214911174735,
-242.512097618937));
#11180=CARTESIAN_POINT('Ctrl Pts',(-25.8796874412648,-30.8531189458065,
-242.520171736564));
#11181=CARTESIAN_POINT('Ctrl Pts',(-21.5495604223427,-33.3531189458065,
-242.520171736564));
#11182=CARTESIAN_POINT('Ctrl Pts',(-25.7905749686777,-30.6987716156974,
-242.597764442461));
#11183=CARTESIAN_POINT('Ctrl Pts',(-21.4604479497555,-33.1987716156974,
-242.597764442461));
#11184=CARTESIAN_POINT('Ctrl Pts',(-25.7481004587795,-30.6252036065272,
-242.634748178395));
#11185=CARTESIAN_POINT('Ctrl Pts',(-21.4179734398573,-33.1252036065272,
-242.634748178395));
#11186=CARTESIAN_POINT('',(-21.6976458837241,-33.6096104887814,-242.507871943387));
#11187=CARTESIAN_POINT('Ctrl Pts',(-21.6976458837241,-33.6096104887814,
-242.507871943387));
#11188=CARTESIAN_POINT('Ctrl Pts',(-21.6467701409787,-33.5214911174735,
-242.512097618937));
#11189=CARTESIAN_POINT('Ctrl Pts',(-21.5495604223427,-33.3531189458065,
-242.520171736564));
#11190=CARTESIAN_POINT('Ctrl Pts',(-21.4604479497555,-33.1987716156974,
-242.597764442461));
#11191=CARTESIAN_POINT('Ctrl Pts',(-21.4179734398573,-33.1252036065272,
-242.634748178395));
#11192=CARTESIAN_POINT('',(-21.6976458837241,-33.6096104887814,-242.507871943387));
#11193=CARTESIAN_POINT('Ctrl Pts',(-26.4616065017368,-31.8610323244367,
-242.906234818372));
#11194=CARTESIAN_POINT('Ctrl Pts',(-22.1314794828147,-34.3610323244367,
-242.906234818372));
#11195=CARTESIAN_POINT('Ctrl Pts',(-26.4006117178773,-31.7553862597953,
-242.790045849441));
#11196=CARTESIAN_POINT('Ctrl Pts',(-22.0704846989551,-34.2553862597954,
-242.790045849441));
#11197=CARTESIAN_POINT('Ctrl Pts',(-26.2787771539943,-31.5443626050319,
-242.557963178399));
#11198=CARTESIAN_POINT('Ctrl Pts',(-21.9486501350721,-34.0443626050319,
-242.557963178399));
#11199=CARTESIAN_POINT('Ctrl Pts',(-26.1113699919277,-31.2544048947817,
-242.524554853828));
#11200=CARTESIAN_POINT('Ctrl Pts',(-21.7812429730055,-33.7544048947817,
-242.524554853828));
#11201=CARTESIAN_POINT('Ctrl Pts',(-26.0277729026463,-31.1096104887814,
-242.507871943387));
#11202=CARTESIAN_POINT('Ctrl Pts',(-21.6976458837241,-33.6096104887814,
-242.507871943387));
#11203=CARTESIAN_POINT('',(-22.1314794828147,-34.3610323244367,-242.906234818372));
#11204=CARTESIAN_POINT('Ctrl Pts',(-22.1314794828147,-34.3610323244367,
-242.906234818372));
#11205=CARTESIAN_POINT('Ctrl Pts',(-22.0704846989551,-34.2553862597954,
-242.790045849441));
#11206=CARTESIAN_POINT('Ctrl Pts',(-21.9486501350721,-34.0443626050319,
-242.557963178399));
#11207=CARTESIAN_POINT('Ctrl Pts',(-21.7812429730055,-33.7544048947817,
-242.524554853828));
#11208=CARTESIAN_POINT('Ctrl Pts',(-21.6976458837241,-33.6096104887814,
-242.507871943387));
#11209=CARTESIAN_POINT('',(-22.1314794828147,-34.3610323244367,-242.906234818372));
#11210=CARTESIAN_POINT('Origin',(-22.1314794828147,-34.3610323244367,-242.188635724458));
#11211=CARTESIAN_POINT('',(-22.1314794828147,-34.3610323244367,-241.471036630544));
#11212=CARTESIAN_POINT('',(-22.1314794828147,-34.3610323244367,-228.594317862229));
#11213=CARTESIAN_POINT('',(-22.1314794828147,-34.3610323244367,-241.471036630544));
#11214=CARTESIAN_POINT('Origin',(-22.2542625923604,-34.5736989084812,-241.471036630544));
#11215=CARTESIAN_POINT('',(-22.3770457019061,-34.7863654925256,-241.471036630544));
#11216=CARTESIAN_POINT('',(-16.6038224254363,-24.7868494542407,-241.471036630544));
#11217=CARTESIAN_POINT('',(-22.3770457019061,-34.7863654925256,-241.471036630544));
#11218=CARTESIAN_POINT('Origin',(-22.3770457019061,-34.7863654925256,-243.471036809358));
#11219=CARTESIAN_POINT('',(-22.3770457019061,-34.7863654925256,-245.471036988172));
#11220=CARTESIAN_POINT('',(-22.3770457019061,-34.7863654925256,-229.235518404679));
#11221=CARTESIAN_POINT('',(-22.3770457019061,-34.7863654925256,-245.471036988172));
#11222=CARTESIAN_POINT('Origin',(-22.2542625923604,-34.5736989084812,-245.471036988172));
#11223=CARTESIAN_POINT('',(-16.6038224254363,-24.7868494542407,-245.471036988172));
#11224=CARTESIAN_POINT('Origin',(-15.8234249142531,-23.4351613147711,-247.226224130924));
#11225=CARTESIAN_POINT('',(-21.4525900388519,-20.1851613147711,-252.773775869076));
#11226=CARTESIAN_POINT('',(-21.4525900388519,-20.1851613147711,-247.226224130924));
#11227=CARTESIAN_POINT('',(-21.4525900388519,-20.1851613147711,-231.113112065462));
#11228=CARTESIAN_POINT('',(-15.8234249142531,-23.4351613147711,-252.773775869076));
#11229=CARTESIAN_POINT('',(-15.8234249142531,-23.4351613147711,-252.773775869076));
#11230=CARTESIAN_POINT('',(-15.8234249142531,-23.4351613147711,-247.226224130924));
#11231=CARTESIAN_POINT('',(-15.8234249142531,-23.4351613147711,-231.113112065462));
#11232=CARTESIAN_POINT('',(-15.8234249142531,-23.4351613147711,-247.226224130924));
#11233=CARTESIAN_POINT('Origin',(-22.6162674167484,-35.2007096569063,-247.226224130924));
#11234=CARTESIAN_POINT('',(-28.2454325413472,-31.9507096569063,-247.226224130924));
#11235=CARTESIAN_POINT('',(-22.4139899622291,-21.8503548284532,-247.226224130924));
#11236=CARTESIAN_POINT('',(-22.6162674167484,-35.2007096569063,-247.226224130924));
#11237=CARTESIAN_POINT('',(-16.7848248376303,-25.1003548284532,-247.226224130924));
#11238=CARTESIAN_POINT('',(-22.6162674167484,-35.2007096569063,-247.226224130924));
#11239=CARTESIAN_POINT('Origin',(-22.6162674167484,-35.2007096569063,-252.773775869076));
#11240=CARTESIAN_POINT('',(-28.2454325413472,-31.9507096569063,-252.773775869076));
#11241=CARTESIAN_POINT('',(-28.2454325413472,-31.9507096569063,-233.886887934538));
#11242=CARTESIAN_POINT('',(-22.6162674167484,-35.2007096569063,-252.773775869076));
#11243=CARTESIAN_POINT('',(-22.6162674167484,-35.2007096569063,-233.886887934538));
#11244=CARTESIAN_POINT('',(-22.6162674167484,-35.2007096569063,-252.773775869076));
#11245=CARTESIAN_POINT('Origin',(-15.8234249142531,-23.4351613147711,-252.773775869076));
#11246=CARTESIAN_POINT('',(-19.0175687109815,-15.9675806573856,-252.773775869076));
#11247=CARTESIAN_POINT('',(-13.3884035863826,-19.2175806573856,-252.773775869076));
#11248=CARTESIAN_POINT('Origin',(-48.4811497558378,-75.0000000000001,-215.));
#11249=CARTESIAN_POINT('',(-69.7381712820491,-75.0000000000001,-241.780291609728));
#11250=CARTESIAN_POINT('',(-69.7381712820491,-75.0000000000001,-242.34509330269));
#11251=CARTESIAN_POINT('',(-69.7381712820491,-75.0000000000001,-241.780291609728));
#11252=CARTESIAN_POINT('',(-70.2293040182551,-75.0000000000001,-241.780291609728));
#11253=CARTESIAN_POINT('',(-70.2293040182551,-75.0000000000001,-241.780291609728));
#11254=CARTESIAN_POINT('',(-70.2293040182551,-75.0000000000001,-242.34509330269));
#11255=CARTESIAN_POINT('',(-70.2293040182551,-75.0000000000001,-242.34509330269));
#11256=CARTESIAN_POINT('',(-69.7381712820491,-75.0000000000001,-242.34509330269));
#11257=CARTESIAN_POINT('Origin',(-69.7381712820491,-80.0000000000001,-242.062692456209));
#11258=CARTESIAN_POINT('',(-69.7381712820491,-80.0000000000001,-242.34509330269));
#11259=CARTESIAN_POINT('',(-69.7381712820491,-80.0000000000001,-242.34509330269));
#11260=CARTESIAN_POINT('',(-69.7381712820491,-80.0000000000001,-241.780291609728));
#11261=CARTESIAN_POINT('',(-69.7381712820491,-80.0000000000001,-228.531346228104));
#11262=CARTESIAN_POINT('',(-69.7381712820491,-80.0000000000001,-241.780291609728));
#11263=CARTESIAN_POINT('Origin',(-69.9837376501521,-80.0000000000001,-241.780291609728));
#11264=CARTESIAN_POINT('',(-70.2293040182551,-80.0000000000001,-241.780291609728));
#11265=CARTESIAN_POINT('',(-59.232443702995,-80.0000000000001,-241.780291609728));
#11266=CARTESIAN_POINT('',(-70.2293040182551,-80.0000000000001,-241.780291609728));
#11267=CARTESIAN_POINT('Origin',(-70.2293040182551,-80.0000000000001,-242.062692456209));
#11268=CARTESIAN_POINT('',(-70.2293040182551,-80.0000000000001,-242.34509330269));
#11269=CARTESIAN_POINT('',(-70.2293040182551,-80.0000000000001,-228.531346228104));
#11270=CARTESIAN_POINT('',(-70.2293040182551,-80.0000000000001,-242.34509330269));
#11271=CARTESIAN_POINT('Origin',(-69.9837376501521,-80.0000000000001,-242.34509330269));
#11272=CARTESIAN_POINT('',(-59.232443702995,-80.0000000000001,-242.34509330269));
#11273=CARTESIAN_POINT('Origin',(-48.4811497558378,-75.0000000000001,-215.));
#11274=CARTESIAN_POINT('',(-69.7381712820491,-75.0000000000001,-242.882610373461));
#11275=CARTESIAN_POINT('',(-69.7381712820491,-75.0000000000001,-245.780291371309));
#11276=CARTESIAN_POINT('',(-69.7381712820491,-75.0000000000001,-242.882610373461));
#11277=CARTESIAN_POINT('',(-70.2293040182551,-75.0000000000001,-242.882610373461));
#11278=CARTESIAN_POINT('',(-70.2293040182551,-75.0000000000001,-242.882610373461));
#11279=CARTESIAN_POINT('',(-70.2293040182551,-75.0000000000001,-245.780291371309));
#11280=CARTESIAN_POINT('',(-70.2293040182551,-75.0000000000001,-245.780291371309));
#11281=CARTESIAN_POINT('',(-69.7381712820491,-75.0000000000001,-245.780291371309));
#11282=CARTESIAN_POINT('Origin',(-69.7381712820491,-80.0000000000001,-244.331450872385));
#11283=CARTESIAN_POINT('',(-69.7381712820491,-80.0000000000001,-245.780291371309));
#11284=CARTESIAN_POINT('',(-69.7381712820491,-80.0000000000001,-245.780291371309));
#11285=CARTESIAN_POINT('',(-69.7381712820491,-80.0000000000001,-242.882610373461));
#11286=CARTESIAN_POINT('',(-69.7381712820491,-80.0000000000001,-229.665725436192));
#11287=CARTESIAN_POINT('',(-69.7381712820491,-80.0000000000001,-242.882610373461));
#11288=CARTESIAN_POINT('Origin',(-69.9837376501521,-80.0000000000001,-242.882610373461));
#11289=CARTESIAN_POINT('',(-70.2293040182551,-80.0000000000001,-242.882610373461));
#11290=CARTESIAN_POINT('',(-59.232443702995,-80.0000000000001,-242.882610373461));
#11291=CARTESIAN_POINT('',(-70.2293040182551,-80.0000000000001,-242.882610373461));
#11292=CARTESIAN_POINT('Origin',(-70.2293040182551,-80.0000000000001,-244.331450872385));
#11293=CARTESIAN_POINT('',(-70.2293040182551,-80.0000000000001,-245.780291371309));
#11294=CARTESIAN_POINT('',(-70.2293040182551,-80.0000000000001,-229.665725436192));
#11295=CARTESIAN_POINT('',(-70.2293040182551,-80.0000000000001,-245.780291371309));
#11296=CARTESIAN_POINT('Origin',(-69.9837376501521,-80.0000000000001,-245.780291371309));
#11297=CARTESIAN_POINT('',(-59.232443702995,-80.0000000000001,-245.780291371309));
#11298=CARTESIAN_POINT('Origin',(-48.4811497558378,-75.0000000000001,-215.));
#11299=CARTESIAN_POINT('',(-66.2756885912379,-75.0000000000001,-245.441956334078));
#11300=CARTESIAN_POINT('',(-65.7927419569453,-75.0000000000001,-245.264602713549));
#11301=CARTESIAN_POINT('Ctrl Pts',(-66.2756885912379,-75.0000000000001,
-245.441956334078));
#11302=CARTESIAN_POINT('Ctrl Pts',(-66.1841749084205,-75.0000000000001,
-245.43538888794));
#11303=CARTESIAN_POINT('Ctrl Pts',(-66.0059080132733,-75.0000000000001,
-245.422595629098));
#11304=CARTESIAN_POINT('Ctrl Pts',(-65.8625209647428,-75.0000000000001,
-245.316321026848));
#11305=CARTESIAN_POINT('Ctrl Pts',(-65.7927419569453,-75.0000000000001,
-245.264602713549));
#11306=CARTESIAN_POINT('',(-66.8595899965724,-75.0000000000001,-245.177290253603));
#11307=CARTESIAN_POINT('Ctrl Pts',(-66.8595899965724,-75.0000000000001,
-245.177290253603));
#11308=CARTESIAN_POINT('Ctrl Pts',(-66.7786737318647,-75.0000000000001,
-245.254482137059));
#11309=CARTESIAN_POINT('Ctrl Pts',(-66.6150253057431,-75.0000000000001,
-245.410598219315));
#11310=CARTESIAN_POINT('Ctrl Pts',(-66.3896344995537,-75.0000000000001,
-245.431426589676));
#11311=CARTESIAN_POINT('Ctrl Pts',(-66.2756885912379,-75.0000000000001,
-245.441956334078));
#11312=CARTESIAN_POINT('',(-67.0833279516658,-75.0000000000001,-244.328722767794));
#11313=CARTESIAN_POINT('Ctrl Pts',(-67.0833279516658,-75.0000000000001,
-244.328722767794));
#11314=CARTESIAN_POINT('Ctrl Pts',(-67.0804604348306,-75.0000000000001,
-244.501323160562));
#11315=CARTESIAN_POINT('Ctrl Pts',(-67.0754265535197,-75.0000000000001,
-244.80432047195));
#11316=CARTESIAN_POINT('Ctrl Pts',(-66.9245295366094,-75.0000000000001,
-245.065073461365));
#11317=CARTESIAN_POINT('Ctrl Pts',(-66.8595899965724,-75.0000000000001,
-245.177290253603));
#11318=CARTESIAN_POINT('',(-66.8514050867519,-75.0000000000001,-243.486976437532));
#11319=CARTESIAN_POINT('Ctrl Pts',(-66.8514050867519,-75.0000000000001,
-243.486976437532));
#11320=CARTESIAN_POINT('Ctrl Pts',(-66.9187533876146,-75.0000000000001,
-243.598641179187));
#11321=CARTESIAN_POINT('Ctrl Pts',(-67.0738598868992,-75.0000000000001,
-243.855810654136));
#11322=CARTESIAN_POINT('Ctrl Pts',(-67.0799067038916,-75.0000000000001,
-244.157837845043));
#11323=CARTESIAN_POINT('Ctrl Pts',(-67.0833279516658,-75.0000000000001,
-244.328722767794));
#11324=CARTESIAN_POINT('',(-66.2484027769527,-75.0000000000001,-243.220946602785));
#11325=CARTESIAN_POINT('Ctrl Pts',(-66.2484027769527,-75.0000000000001,
-243.220946602785));
#11326=CARTESIAN_POINT('Ctrl Pts',(-66.3657228416825,-75.0000000000001,
-243.231379399158));
#11327=CARTESIAN_POINT('Ctrl Pts',(-66.5970369689906,-75.0000000000001,
-243.251949224055));
#11328=CARTESIAN_POINT('Ctrl Pts',(-66.7674324038464,-75.0000000000001,
-243.409388625643));
#11329=CARTESIAN_POINT('Ctrl Pts',(-66.8514050867519,-75.0000000000001,
-243.486976437532));
#11330=CARTESIAN_POINT('',(-65.8295764353236,-75.0000000000001,-243.368285708391));
#11331=CARTESIAN_POINT('Ctrl Pts',(-65.8295764353236,-75.0000000000001,
-243.368285708391));
#11332=CARTESIAN_POINT('Ctrl Pts',(-65.8911708936356,-75.0000000000001,
-243.325316978686));
#11333=CARTESIAN_POINT('Ctrl Pts',(-66.0170073351012,-75.0000000000001,
-243.237532587225));
#11334=CARTESIAN_POINT('Ctrl Pts',(-66.1701966254285,-75.0000000000001,
-243.226552270736));
#11335=CARTESIAN_POINT('Ctrl Pts',(-66.2484027769527,-75.0000000000001,
-243.220946602785));
#11336=CARTESIAN_POINT('',(-65.5881025221309,-75.0000000000001,-243.807576708757));
#11337=CARTESIAN_POINT('Ctrl Pts',(-65.5881025221309,-75.0000000000001,
-243.807576708757));
#11338=CARTESIAN_POINT('Ctrl Pts',(-65.6127906123623,-75.0000000000001,
-243.718463858818));
#11339=CARTESIAN_POINT('Ctrl Pts',(-65.6587650563237,-75.0000000000001,
-243.55251689057));
#11340=CARTESIAN_POINT('Ctrl Pts',(-65.7755189224886,-75.0000000000001,
-243.426590251997));
#11341=CARTESIAN_POINT('Ctrl Pts',(-65.8295764353236,-75.0000000000001,
-243.368285708391));
#11342=CARTESIAN_POINT('',(-65.1106132891139,-75.0000000000001,-243.733906559908));
#11343=CARTESIAN_POINT('',(-65.1106132891139,-75.0000000000001,-243.733906559908));
#11344=CARTESIAN_POINT('',(-65.4953338530025,-75.0000000000001,-243.05587153908));
#11345=CARTESIAN_POINT('Ctrl Pts',(-65.4953338530025,-75.0000000000001,
-243.05587153908));
#11346=CARTESIAN_POINT('Ctrl Pts',(-65.4037535553844,-75.0000000000001,
-243.146678276717));
#11347=CARTESIAN_POINT('Ctrl Pts',(-65.2125195362351,-75.0000000000001,
-243.336296981349));
#11348=CARTESIAN_POINT('Ctrl Pts',(-65.1455248214774,-75.0000000000001,
-243.597691557766));
#11349=CARTESIAN_POINT('Ctrl Pts',(-65.1106132891139,-75.0000000000001,
-243.733906559908));
#11350=CARTESIAN_POINT('',(-66.2675024893245,-75.0000000000001,-242.817126326525));
#11351=CARTESIAN_POINT('Ctrl Pts',(-66.2675024893245,-75.0000000000001,
-242.817126326525));
#11352=CARTESIAN_POINT('Ctrl Pts',(-66.1205203394259,-75.0000000000001,
-242.824633716605));
#11353=CARTESIAN_POINT('Ctrl Pts',(-65.8422203015564,-75.0000000000001,
-242.838848415091));
#11354=CARTESIAN_POINT('Ctrl Pts',(-65.6065408898927,-75.0000000000001,
-242.986296902607));
#11355=CARTESIAN_POINT('Ctrl Pts',(-65.4953338530025,-75.0000000000001,
-243.05587153908));
#11356=CARTESIAN_POINT('',(-66.9591810133418,-75.0000000000001,-242.993116192781));
#11357=CARTESIAN_POINT('Ctrl Pts',(-66.9591810133418,-75.0000000000001,
-242.993116192781));
#11358=CARTESIAN_POINT('Ctrl Pts',(-66.850435414126,-75.0000000000001,-242.941786771141));
#11359=CARTESIAN_POINT('Ctrl Pts',(-66.631311978932,-75.0000000000001,-242.838357489612));
#11360=CARTESIAN_POINT('Ctrl Pts',(-66.3893730485133,-75.0000000000001,
-242.824238438197));
#11361=CARTESIAN_POINT('Ctrl Pts',(-66.2675024893245,-75.0000000000001,
-242.817126326525));
#11362=CARTESIAN_POINT('',(-67.4325777914485,-75.0000000000001,-243.521082215273));
#11363=CARTESIAN_POINT('Ctrl Pts',(-67.4325777914485,-75.0000000000001,
-243.521082215273));
#11364=CARTESIAN_POINT('Ctrl Pts',(-67.3748173004109,-75.0000000000001,
-243.411563062301));
#11365=CARTESIAN_POINT('Ctrl Pts',(-67.2610628722323,-75.0000000000001,
-243.195874303477));
#11366=CARTESIAN_POINT('Ctrl Pts',(-67.05876108175,-75.0000000000001,-243.059998868698));
#11367=CARTESIAN_POINT('Ctrl Pts',(-66.9591810133418,-75.0000000000001,
-242.993116192781));
#11368=CARTESIAN_POINT('',(-67.588102998968,-75.0000000000001,-244.34236507889));
#11369=CARTESIAN_POINT('Ctrl Pts',(-67.588102998968,-75.0000000000001,-244.34236507889));
#11370=CARTESIAN_POINT('Ctrl Pts',(-67.5830539429749,-75.0000000000001,
-244.194165390697));
#11371=CARTESIAN_POINT('Ctrl Pts',(-67.5734466401677,-75.0000000000001,
-243.912172225573));
#11372=CARTESIAN_POINT('Ctrl Pts',(-67.4779071290343,-75.0000000000001,
-243.646928711958));
#11373=CARTESIAN_POINT('Ctrl Pts',(-67.4325777914485,-75.0000000000001,
-243.521082215273));
#11374=CARTESIAN_POINT('',(-67.2265746023616,-75.0000000000001,-245.456962399446));
#11375=CARTESIAN_POINT('Ctrl Pts',(-67.2265746023616,-75.0000000000001,
-245.456962399446));
#11376=CARTESIAN_POINT('Ctrl Pts',(-67.3318151565593,-75.0000000000001,
-245.304370056656));
#11377=CARTESIAN_POINT('Ctrl Pts',(-67.5621036561705,-75.0000000000001,
-244.970465869803));
#11378=CARTESIAN_POINT('Ctrl Pts',(-67.578953460708,-75.0000000000001,-244.563402674431));
#11379=CARTESIAN_POINT('Ctrl Pts',(-67.588102998968,-75.0000000000001,-244.34236507889));
#11380=CARTESIAN_POINT('',(-66.2702311899623,-75.0000000000001,-245.845775418245));
#11381=CARTESIAN_POINT('Ctrl Pts',(-66.2702311899623,-75.0000000000001,
-245.845775418245));
#11382=CARTESIAN_POINT('Ctrl Pts',(-66.4566910644256,-75.0000000000001,
-245.831767529423));
#11383=CARTESIAN_POINT('Ctrl Pts',(-66.8179681442544,-75.0000000000001,
-245.804626412962));
#11384=CARTESIAN_POINT('Ctrl Pts',(-67.0933304304437,-75.0000000000001,
-245.570333597252));
#11385=CARTESIAN_POINT('Ctrl Pts',(-67.2265746023616,-75.0000000000001,
-245.456962399446));
#11386=CARTESIAN_POINT('',(-65.4694129850825,-75.0000000000001,-245.563374571764));
#11387=CARTESIAN_POINT('Ctrl Pts',(-65.4694129850825,-75.0000000000001,
-245.563374571764));
#11388=CARTESIAN_POINT('Ctrl Pts',(-65.586281979455,-75.0000000000001,-245.645725402247));
#11389=CARTESIAN_POINT('Ctrl Pts',(-65.8263490226648,-75.0000000000001,
-245.814886782357));
#11390=CARTESIAN_POINT('Ctrl Pts',(-66.1196925939839,-75.0000000000001,
-245.835299818591));
#11391=CARTESIAN_POINT('Ctrl Pts',(-66.2702311899623,-75.0000000000001,
-245.845775418245));
#11392=CARTESIAN_POINT('',(-65.0642289545497,-75.0000000000001,-244.781656079256));
#11393=CARTESIAN_POINT('Ctrl Pts',(-65.0642289545497,-75.0000000000001,
-244.781656079256));
#11394=CARTESIAN_POINT('Ctrl Pts',(-65.0983606241439,-75.0000000000001,
-244.936793485931));
#11395=CARTESIAN_POINT('Ctrl Pts',(-65.1637840990234,-75.0000000000001,
-245.2341603698));
#11396=CARTESIAN_POINT('Ctrl Pts',(-65.3705280976499,-75.0000000000001,
-245.456858758674));
#11397=CARTESIAN_POINT('Ctrl Pts',(-65.4694129850825,-75.0000000000001,
-245.563374571764));
#11398=CARTESIAN_POINT('',(-65.5471755888423,-75.0000000000001,-244.718899540865));
#11399=CARTESIAN_POINT('',(-65.5471755888423,-75.0000000000001,-244.718899540865));
#11400=CARTESIAN_POINT('Ctrl Pts',(-65.7927419569453,-75.0000000000001,
-245.264602713549));
#11401=CARTESIAN_POINT('Ctrl Pts',(-65.7335022085765,-75.0000000000001,
-245.19261828086));
#11402=CARTESIAN_POINT('Ctrl Pts',(-65.6027263567477,-75.0000000000001,
-245.033707654762));
#11403=CARTESIAN_POINT('Ctrl Pts',(-65.5668179548829,-75.0000000000001,
-244.830213505349));
#11404=CARTESIAN_POINT('Ctrl Pts',(-65.5471755888423,-75.0000000000001,
-244.718899540865));
#11405=CARTESIAN_POINT('Ctrl Pts',(-66.2756885912379,-75.0000000000001,
-245.441956334078));
#11406=CARTESIAN_POINT('Ctrl Pts',(-66.2756885912379,-80.0000000000001,
-245.441956334078));
#11407=CARTESIAN_POINT('Ctrl Pts',(-66.1841749084205,-75.0000000000001,
-245.43538888794));
#11408=CARTESIAN_POINT('Ctrl Pts',(-66.1841749084205,-80.0000000000001,
-245.43538888794));
#11409=CARTESIAN_POINT('Ctrl Pts',(-66.0059080132733,-75.0000000000001,
-245.422595629098));
#11410=CARTESIAN_POINT('Ctrl Pts',(-66.0059080132733,-80.0000000000001,
-245.422595629098));
#11411=CARTESIAN_POINT('Ctrl Pts',(-65.8625209647428,-75.0000000000001,
-245.316321026848));
#11412=CARTESIAN_POINT('Ctrl Pts',(-65.8625209647428,-80.0000000000001,
-245.316321026848));
#11413=CARTESIAN_POINT('Ctrl Pts',(-65.7927419569453,-75.0000000000001,
-245.264602713549));
#11414=CARTESIAN_POINT('Ctrl Pts',(-65.7927419569453,-80.0000000000001,
-245.264602713549));
#11415=CARTESIAN_POINT('',(-65.7927419569453,-80.0000000000001,-245.264602713549));
#11416=CARTESIAN_POINT('',(-65.7927419569453,-80.0000000000001,-245.264602713549));
#11417=CARTESIAN_POINT('',(-66.2756885912379,-80.0000000000001,-245.441956334078));
#11418=CARTESIAN_POINT('Ctrl Pts',(-66.2756885912379,-80.0000000000001,
-245.441956334078));
#11419=CARTESIAN_POINT('Ctrl Pts',(-66.1841749084205,-80.0000000000001,
-245.43538888794));
#11420=CARTESIAN_POINT('Ctrl Pts',(-66.0059080132733,-80.0000000000001,
-245.422595629098));
#11421=CARTESIAN_POINT('Ctrl Pts',(-65.8625209647428,-80.0000000000001,
-245.316321026848));
#11422=CARTESIAN_POINT('Ctrl Pts',(-65.7927419569453,-80.0000000000001,
-245.264602713549));
#11423=CARTESIAN_POINT('',(-66.2756885912379,-80.0000000000001,-245.441956334078));
#11424=CARTESIAN_POINT('Ctrl Pts',(-66.8595899965724,-75.0000000000001,
-245.177290253603));
#11425=CARTESIAN_POINT('Ctrl Pts',(-66.8595899965724,-80.0000000000001,
-245.177290253603));
#11426=CARTESIAN_POINT('Ctrl Pts',(-66.7786737318647,-75.0000000000001,
-245.254482137059));
#11427=CARTESIAN_POINT('Ctrl Pts',(-66.7786737318647,-80.0000000000001,
-245.254482137059));
#11428=CARTESIAN_POINT('Ctrl Pts',(-66.6150253057431,-75.0000000000001,
-245.410598219315));
#11429=CARTESIAN_POINT('Ctrl Pts',(-66.6150253057431,-80.0000000000001,
-245.410598219315));
#11430=CARTESIAN_POINT('Ctrl Pts',(-66.3896344995537,-75.0000000000001,
-245.431426589676));
#11431=CARTESIAN_POINT('Ctrl Pts',(-66.3896344995537,-80.0000000000001,
-245.431426589676));
#11432=CARTESIAN_POINT('Ctrl Pts',(-66.2756885912379,-75.0000000000001,
-245.441956334078));
#11433=CARTESIAN_POINT('Ctrl Pts',(-66.2756885912379,-80.0000000000001,
-245.441956334078));
#11434=CARTESIAN_POINT('',(-66.8595899965724,-80.0000000000001,-245.177290253603));
#11435=CARTESIAN_POINT('Ctrl Pts',(-66.8595899965724,-80.0000000000001,
-245.177290253603));
#11436=CARTESIAN_POINT('Ctrl Pts',(-66.7786737318647,-80.0000000000001,
-245.254482137059));
#11437=CARTESIAN_POINT('Ctrl Pts',(-66.6150253057431,-80.0000000000001,
-245.410598219315));
#11438=CARTESIAN_POINT('Ctrl Pts',(-66.3896344995537,-80.0000000000001,
-245.431426589676));
#11439=CARTESIAN_POINT('Ctrl Pts',(-66.2756885912379,-80.0000000000001,
-245.441956334078));
#11440=CARTESIAN_POINT('',(-66.8595899965724,-80.0000000000001,-245.177290253603));
#11441=CARTESIAN_POINT('Ctrl Pts',(-67.0833279516658,-75.0000000000001,
-244.328722767794));
#11442=CARTESIAN_POINT('Ctrl Pts',(-67.0833279516658,-80.0000000000001,
-244.328722767794));
#11443=CARTESIAN_POINT('Ctrl Pts',(-67.0804604348306,-75.0000000000001,
-244.501323160562));
#11444=CARTESIAN_POINT('Ctrl Pts',(-67.0804604348306,-80.0000000000001,
-244.501323160562));
#11445=CARTESIAN_POINT('Ctrl Pts',(-67.0754265535197,-75.0000000000001,
-244.80432047195));
#11446=CARTESIAN_POINT('Ctrl Pts',(-67.0754265535197,-80.0000000000001,
-244.80432047195));
#11447=CARTESIAN_POINT('Ctrl Pts',(-66.9245295366094,-75.0000000000001,
-245.065073461365));
#11448=CARTESIAN_POINT('Ctrl Pts',(-66.9245295366094,-80.0000000000001,
-245.065073461365));
#11449=CARTESIAN_POINT('Ctrl Pts',(-66.8595899965724,-75.0000000000001,
-245.177290253603));
#11450=CARTESIAN_POINT('Ctrl Pts',(-66.8595899965724,-80.0000000000001,
-245.177290253603));
#11451=CARTESIAN_POINT('',(-67.0833279516658,-80.0000000000001,-244.328722767794));
#11452=CARTESIAN_POINT('Ctrl Pts',(-67.0833279516658,-80.0000000000001,
-244.328722767794));
#11453=CARTESIAN_POINT('Ctrl Pts',(-67.0804604348306,-80.0000000000001,
-244.501323160562));
#11454=CARTESIAN_POINT('Ctrl Pts',(-67.0754265535197,-80.0000000000001,
-244.80432047195));
#11455=CARTESIAN_POINT('Ctrl Pts',(-66.9245295366094,-80.0000000000001,
-245.065073461365));
#11456=CARTESIAN_POINT('Ctrl Pts',(-66.8595899965724,-80.0000000000001,
-245.177290253603));
#11457=CARTESIAN_POINT('',(-67.0833279516658,-80.0000000000001,-244.328722767794));
#11458=CARTESIAN_POINT('Ctrl Pts',(-66.8514050867519,-75.0000000000001,
-243.486976437532));
#11459=CARTESIAN_POINT('Ctrl Pts',(-66.8514050867519,-80.0000000000001,
-243.486976437532));
#11460=CARTESIAN_POINT('Ctrl Pts',(-66.9187533876146,-75.0000000000001,
-243.598641179187));
#11461=CARTESIAN_POINT('Ctrl Pts',(-66.9187533876146,-80.0000000000001,
-243.598641179187));
#11462=CARTESIAN_POINT('Ctrl Pts',(-67.0738598868992,-75.0000000000001,
-243.855810654136));
#11463=CARTESIAN_POINT('Ctrl Pts',(-67.0738598868992,-80.0000000000001,
-243.855810654136));
#11464=CARTESIAN_POINT('Ctrl Pts',(-67.0799067038916,-75.0000000000001,
-244.157837845043));
#11465=CARTESIAN_POINT('Ctrl Pts',(-67.0799067038916,-80.0000000000001,
-244.157837845043));
#11466=CARTESIAN_POINT('Ctrl Pts',(-67.0833279516658,-75.0000000000001,
-244.328722767794));
#11467=CARTESIAN_POINT('Ctrl Pts',(-67.0833279516658,-80.0000000000001,
-244.328722767794));
#11468=CARTESIAN_POINT('',(-66.8514050867519,-80.0000000000001,-243.486976437532));
#11469=CARTESIAN_POINT('Ctrl Pts',(-66.8514050867519,-80.0000000000001,
-243.486976437532));
#11470=CARTESIAN_POINT('Ctrl Pts',(-66.9187533876146,-80.0000000000001,
-243.598641179187));
#11471=CARTESIAN_POINT('Ctrl Pts',(-67.0738598868992,-80.0000000000001,
-243.855810654136));
#11472=CARTESIAN_POINT('Ctrl Pts',(-67.0799067038916,-80.0000000000001,
-244.157837845043));
#11473=CARTESIAN_POINT('Ctrl Pts',(-67.0833279516658,-80.0000000000001,
-244.328722767794));
#11474=CARTESIAN_POINT('',(-66.8514050867519,-80.0000000000001,-243.486976437532));
#11475=CARTESIAN_POINT('Ctrl Pts',(-66.2484027769527,-75.0000000000001,
-243.220946602785));
#11476=CARTESIAN_POINT('Ctrl Pts',(-66.2484027769527,-80.0000000000001,
-243.220946602785));
#11477=CARTESIAN_POINT('Ctrl Pts',(-66.3657228416825,-75.0000000000001,
-243.231379399158));
#11478=CARTESIAN_POINT('Ctrl Pts',(-66.3657228416825,-80.0000000000001,
-243.231379399158));
#11479=CARTESIAN_POINT('Ctrl Pts',(-66.5970369689906,-75.0000000000001,
-243.251949224055));
#11480=CARTESIAN_POINT('Ctrl Pts',(-66.5970369689906,-80.0000000000001,
-243.251949224055));
#11481=CARTESIAN_POINT('Ctrl Pts',(-66.7674324038464,-75.0000000000001,
-243.409388625643));
#11482=CARTESIAN_POINT('Ctrl Pts',(-66.7674324038464,-80.0000000000001,
-243.409388625643));
#11483=CARTESIAN_POINT('Ctrl Pts',(-66.8514050867519,-75.0000000000001,
-243.486976437532));
#11484=CARTESIAN_POINT('Ctrl Pts',(-66.8514050867519,-80.0000000000001,
-243.486976437532));
#11485=CARTESIAN_POINT('',(-66.2484027769527,-80.0000000000001,-243.220946602785));
#11486=CARTESIAN_POINT('Ctrl Pts',(-66.2484027769527,-80.0000000000001,
-243.220946602785));
#11487=CARTESIAN_POINT('Ctrl Pts',(-66.3657228416825,-80.0000000000001,
-243.231379399158));
#11488=CARTESIAN_POINT('Ctrl Pts',(-66.5970369689906,-80.0000000000001,
-243.251949224055));
#11489=CARTESIAN_POINT('Ctrl Pts',(-66.7674324038464,-80.0000000000001,
-243.409388625643));
#11490=CARTESIAN_POINT('Ctrl Pts',(-66.8514050867519,-80.0000000000001,
-243.486976437532));
#11491=CARTESIAN_POINT('',(-66.2484027769527,-80.0000000000001,-243.220946602785));
#11492=CARTESIAN_POINT('Ctrl Pts',(-65.8295764353236,-75.0000000000001,
-243.368285708391));
#11493=CARTESIAN_POINT('Ctrl Pts',(-65.8295764353236,-80.0000000000001,
-243.368285708391));
#11494=CARTESIAN_POINT('Ctrl Pts',(-65.8911708936356,-75.0000000000001,
-243.325316978686));
#11495=CARTESIAN_POINT('Ctrl Pts',(-65.8911708936356,-80.0000000000001,
-243.325316978686));
#11496=CARTESIAN_POINT('Ctrl Pts',(-66.0170073351012,-75.0000000000001,
-243.237532587225));
#11497=CARTESIAN_POINT('Ctrl Pts',(-66.0170073351012,-80.0000000000001,
-243.237532587225));
#11498=CARTESIAN_POINT('Ctrl Pts',(-66.1701966254285,-75.0000000000001,
-243.226552270736));
#11499=CARTESIAN_POINT('Ctrl Pts',(-66.1701966254285,-80.0000000000001,
-243.226552270736));
#11500=CARTESIAN_POINT('Ctrl Pts',(-66.2484027769527,-75.0000000000001,
-243.220946602785));
#11501=CARTESIAN_POINT('Ctrl Pts',(-66.2484027769527,-80.0000000000001,
-243.220946602785));
#11502=CARTESIAN_POINT('',(-65.8295764353236,-80.0000000000001,-243.368285708391));
#11503=CARTESIAN_POINT('Ctrl Pts',(-65.8295764353236,-80.0000000000001,
-243.368285708391));
#11504=CARTESIAN_POINT('Ctrl Pts',(-65.8911708936356,-80.0000000000001,
-243.325316978686));
#11505=CARTESIAN_POINT('Ctrl Pts',(-66.0170073351012,-80.0000000000001,
-243.237532587225));
#11506=CARTESIAN_POINT('Ctrl Pts',(-66.1701966254285,-80.0000000000001,
-243.226552270736));
#11507=CARTESIAN_POINT('Ctrl Pts',(-66.2484027769527,-80.0000000000001,
-243.220946602785));
#11508=CARTESIAN_POINT('',(-65.8295764353236,-80.0000000000001,-243.368285708391));
#11509=CARTESIAN_POINT('Ctrl Pts',(-65.5881025221309,-75.0000000000001,
-243.807576708757));
#11510=CARTESIAN_POINT('Ctrl Pts',(-65.5881025221309,-80.0000000000001,
-243.807576708757));
#11511=CARTESIAN_POINT('Ctrl Pts',(-65.6127906123623,-75.0000000000001,
-243.718463858818));
#11512=CARTESIAN_POINT('Ctrl Pts',(-65.6127906123623,-80.0000000000001,
-243.718463858818));
#11513=CARTESIAN_POINT('Ctrl Pts',(-65.6587650563237,-75.0000000000001,
-243.55251689057));
#11514=CARTESIAN_POINT('Ctrl Pts',(-65.6587650563237,-80.0000000000001,
-243.55251689057));
#11515=CARTESIAN_POINT('Ctrl Pts',(-65.7755189224886,-75.0000000000001,
-243.426590251997));
#11516=CARTESIAN_POINT('Ctrl Pts',(-65.7755189224886,-80.0000000000001,
-243.426590251997));
#11517=CARTESIAN_POINT('Ctrl Pts',(-65.8295764353236,-75.0000000000001,
-243.368285708391));
#11518=CARTESIAN_POINT('Ctrl Pts',(-65.8295764353236,-80.0000000000001,
-243.368285708391));
#11519=CARTESIAN_POINT('',(-65.5881025221309,-80.0000000000001,-243.807576708757));
#11520=CARTESIAN_POINT('Ctrl Pts',(-65.5881025221309,-80.0000000000001,
-243.807576708757));
#11521=CARTESIAN_POINT('Ctrl Pts',(-65.6127906123623,-80.0000000000001,
-243.718463858818));
#11522=CARTESIAN_POINT('Ctrl Pts',(-65.6587650563237,-80.0000000000001,
-243.55251689057));
#11523=CARTESIAN_POINT('Ctrl Pts',(-65.7755189224886,-80.0000000000001,
-243.426590251997));
#11524=CARTESIAN_POINT('Ctrl Pts',(-65.8295764353236,-80.0000000000001,
-243.368285708391));
#11525=CARTESIAN_POINT('',(-65.5881025221309,-80.0000000000001,-243.807576708757));
#11526=CARTESIAN_POINT('Origin',(-65.3493579056224,-80.0000000000001,-243.770741634333));
#11527=CARTESIAN_POINT('',(-65.1106132891139,-80.0000000000001,-243.733906559908));
#11528=CARTESIAN_POINT('',(-54.9434898248725,-80.0000000000001,-242.165256531405));
#11529=CARTESIAN_POINT('',(-65.1106132891139,-80.0000000000001,-243.733906559908));
#11530=CARTESIAN_POINT('Ctrl Pts',(-65.4953338530025,-75.0000000000001,
-243.05587153908));
#11531=CARTESIAN_POINT('Ctrl Pts',(-65.4953338530025,-80.0000000000001,
-243.05587153908));
#11532=CARTESIAN_POINT('Ctrl Pts',(-65.4037535553844,-75.0000000000001,
-243.146678276717));
#11533=CARTESIAN_POINT('Ctrl Pts',(-65.4037535553844,-80.0000000000001,
-243.146678276717));
#11534=CARTESIAN_POINT('Ctrl Pts',(-65.2125195362351,-75.0000000000001,
-243.336296981349));
#11535=CARTESIAN_POINT('Ctrl Pts',(-65.2125195362351,-80.0000000000001,
-243.336296981349));
#11536=CARTESIAN_POINT('Ctrl Pts',(-65.1455248214774,-75.0000000000001,
-243.597691557766));
#11537=CARTESIAN_POINT('Ctrl Pts',(-65.1455248214774,-80.0000000000001,
-243.597691557766));
#11538=CARTESIAN_POINT('Ctrl Pts',(-65.1106132891139,-75.0000000000001,
-243.733906559908));
#11539=CARTESIAN_POINT('Ctrl Pts',(-65.1106132891139,-80.0000000000001,
-243.733906559908));
#11540=CARTESIAN_POINT('',(-65.4953338530025,-80.0000000000001,-243.05587153908));
#11541=CARTESIAN_POINT('Ctrl Pts',(-65.4953338530025,-80.0000000000001,
-243.05587153908));
#11542=CARTESIAN_POINT('Ctrl Pts',(-65.4037535553844,-80.0000000000001,
-243.146678276717));
#11543=CARTESIAN_POINT('Ctrl Pts',(-65.2125195362351,-80.0000000000001,
-243.336296981349));
#11544=CARTESIAN_POINT('Ctrl Pts',(-65.1455248214774,-80.0000000000001,
-243.597691557766));
#11545=CARTESIAN_POINT('Ctrl Pts',(-65.1106132891139,-80.0000000000001,
-243.733906559908));
#11546=CARTESIAN_POINT('',(-65.4953338530025,-80.0000000000001,-243.05587153908));
#11547=CARTESIAN_POINT('Ctrl Pts',(-66.2675024893245,-75.0000000000001,
-242.817126326525));
#11548=CARTESIAN_POINT('Ctrl Pts',(-66.2675024893245,-80.0000000000001,
-242.817126326525));
#11549=CARTESIAN_POINT('Ctrl Pts',(-66.1205203394259,-75.0000000000001,
-242.824633716605));
#11550=CARTESIAN_POINT('Ctrl Pts',(-66.1205203394259,-80.0000000000001,
-242.824633716605));
#11551=CARTESIAN_POINT('Ctrl Pts',(-65.8422203015564,-75.0000000000001,
-242.838848415091));
#11552=CARTESIAN_POINT('Ctrl Pts',(-65.8422203015564,-80.0000000000001,
-242.838848415091));
#11553=CARTESIAN_POINT('Ctrl Pts',(-65.6065408898927,-75.0000000000001,
-242.986296902607));
#11554=CARTESIAN_POINT('Ctrl Pts',(-65.6065408898927,-80.0000000000001,
-242.986296902607));
#11555=CARTESIAN_POINT('Ctrl Pts',(-65.4953338530025,-75.0000000000001,
-243.05587153908));
#11556=CARTESIAN_POINT('Ctrl Pts',(-65.4953338530025,-80.0000000000001,
-243.05587153908));
#11557=CARTESIAN_POINT('',(-66.2675024893245,-80.0000000000001,-242.817126326525));
#11558=CARTESIAN_POINT('Ctrl Pts',(-66.2675024893245,-80.0000000000001,
-242.817126326525));
#11559=CARTESIAN_POINT('Ctrl Pts',(-66.1205203394259,-80.0000000000001,
-242.824633716605));
#11560=CARTESIAN_POINT('Ctrl Pts',(-65.8422203015564,-80.0000000000001,
-242.838848415091));
#11561=CARTESIAN_POINT('Ctrl Pts',(-65.6065408898927,-80.0000000000001,
-242.986296902607));
#11562=CARTESIAN_POINT('Ctrl Pts',(-65.4953338530025,-80.0000000000001,
-243.05587153908));
#11563=CARTESIAN_POINT('',(-66.2675024893245,-80.0000000000001,-242.817126326525));
#11564=CARTESIAN_POINT('Ctrl Pts',(-66.9591810133418,-75.0000000000001,
-242.993116192781));
#11565=CARTESIAN_POINT('Ctrl Pts',(-66.9591810133418,-80.0000000000001,
-242.993116192781));
#11566=CARTESIAN_POINT('Ctrl Pts',(-66.850435414126,-75.0000000000001,-242.941786771141));
#11567=CARTESIAN_POINT('Ctrl Pts',(-66.850435414126,-80.0000000000001,-242.941786771141));
#11568=CARTESIAN_POINT('Ctrl Pts',(-66.631311978932,-75.0000000000001,-242.838357489612));
#11569=CARTESIAN_POINT('Ctrl Pts',(-66.631311978932,-80.0000000000001,-242.838357489612));
#11570=CARTESIAN_POINT('Ctrl Pts',(-66.3893730485133,-75.0000000000001,
-242.824238438197));
#11571=CARTESIAN_POINT('Ctrl Pts',(-66.3893730485133,-80.0000000000001,
-242.824238438197));
#11572=CARTESIAN_POINT('Ctrl Pts',(-66.2675024893245,-75.0000000000001,
-242.817126326525));
#11573=CARTESIAN_POINT('Ctrl Pts',(-66.2675024893245,-80.0000000000001,
-242.817126326525));
#11574=CARTESIAN_POINT('',(-66.9591810133418,-80.0000000000001,-242.993116192781));
#11575=CARTESIAN_POINT('Ctrl Pts',(-66.9591810133418,-80.0000000000001,
-242.993116192781));
#11576=CARTESIAN_POINT('Ctrl Pts',(-66.850435414126,-80.0000000000001,-242.941786771141));
#11577=CARTESIAN_POINT('Ctrl Pts',(-66.631311978932,-80.0000000000001,-242.838357489612));
#11578=CARTESIAN_POINT('Ctrl Pts',(-66.3893730485133,-80.0000000000001,
-242.824238438197));
#11579=CARTESIAN_POINT('Ctrl Pts',(-66.2675024893245,-80.0000000000001,
-242.817126326525));
#11580=CARTESIAN_POINT('',(-66.9591810133418,-80.0000000000001,-242.993116192781));
#11581=CARTESIAN_POINT('Ctrl Pts',(-67.4325777914485,-75.0000000000001,
-243.521082215273));
#11582=CARTESIAN_POINT('Ctrl Pts',(-67.4325777914485,-80.0000000000001,
-243.521082215273));
#11583=CARTESIAN_POINT('Ctrl Pts',(-67.3748173004109,-75.0000000000001,
-243.411563062301));
#11584=CARTESIAN_POINT('Ctrl Pts',(-67.3748173004109,-80.0000000000001,
-243.411563062301));
#11585=CARTESIAN_POINT('Ctrl Pts',(-67.2610628722323,-75.0000000000001,
-243.195874303477));
#11586=CARTESIAN_POINT('Ctrl Pts',(-67.2610628722323,-80.0000000000001,
-243.195874303477));
#11587=CARTESIAN_POINT('Ctrl Pts',(-67.05876108175,-75.0000000000001,-243.059998868698));
#11588=CARTESIAN_POINT('Ctrl Pts',(-67.05876108175,-80.0000000000001,-243.059998868698));
#11589=CARTESIAN_POINT('Ctrl Pts',(-66.9591810133418,-75.0000000000001,
-242.993116192781));
#11590=CARTESIAN_POINT('Ctrl Pts',(-66.9591810133418,-80.0000000000001,
-242.993116192781));
#11591=CARTESIAN_POINT('',(-67.4325777914485,-80.0000000000001,-243.521082215273));
#11592=CARTESIAN_POINT('Ctrl Pts',(-67.4325777914485,-80.0000000000001,
-243.521082215273));
#11593=CARTESIAN_POINT('Ctrl Pts',(-67.3748173004109,-80.0000000000001,
-243.411563062301));
#11594=CARTESIAN_POINT('Ctrl Pts',(-67.2610628722323,-80.0000000000001,
-243.195874303477));
#11595=CARTESIAN_POINT('Ctrl Pts',(-67.05876108175,-80.0000000000001,-243.059998868698));
#11596=CARTESIAN_POINT('Ctrl Pts',(-66.9591810133418,-80.0000000000001,
-242.993116192781));
#11597=CARTESIAN_POINT('',(-67.4325777914485,-80.0000000000001,-243.521082215273));
#11598=CARTESIAN_POINT('Ctrl Pts',(-67.588102998968,-75.0000000000001,-244.34236507889));
#11599=CARTESIAN_POINT('Ctrl Pts',(-67.588102998968,-80.0000000000001,-244.34236507889));
#11600=CARTESIAN_POINT('Ctrl Pts',(-67.5830539429749,-75.0000000000001,
-244.194165390697));
#11601=CARTESIAN_POINT('Ctrl Pts',(-67.5830539429749,-80.0000000000001,
-244.194165390697));
#11602=CARTESIAN_POINT('Ctrl Pts',(-67.5734466401677,-75.0000000000001,
-243.912172225573));
#11603=CARTESIAN_POINT('Ctrl Pts',(-67.5734466401677,-80.0000000000001,
-243.912172225573));
#11604=CARTESIAN_POINT('Ctrl Pts',(-67.4779071290343,-75.0000000000001,
-243.646928711958));
#11605=CARTESIAN_POINT('Ctrl Pts',(-67.4779071290343,-80.0000000000001,
-243.646928711958));
#11606=CARTESIAN_POINT('Ctrl Pts',(-67.4325777914485,-75.0000000000001,
-243.521082215273));
#11607=CARTESIAN_POINT('Ctrl Pts',(-67.4325777914485,-80.0000000000001,
-243.521082215273));
#11608=CARTESIAN_POINT('',(-67.588102998968,-80.0000000000001,-244.34236507889));
#11609=CARTESIAN_POINT('Ctrl Pts',(-67.588102998968,-80.0000000000001,-244.34236507889));
#11610=CARTESIAN_POINT('Ctrl Pts',(-67.5830539429749,-80.0000000000001,
-244.194165390697));
#11611=CARTESIAN_POINT('Ctrl Pts',(-67.5734466401677,-80.0000000000001,
-243.912172225573));
#11612=CARTESIAN_POINT('Ctrl Pts',(-67.4779071290343,-80.0000000000001,
-243.646928711958));
#11613=CARTESIAN_POINT('Ctrl Pts',(-67.4325777914485,-80.0000000000001,
-243.521082215273));
#11614=CARTESIAN_POINT('',(-67.588102998968,-80.0000000000001,-244.34236507889));
#11615=CARTESIAN_POINT('Ctrl Pts',(-67.2265746023616,-75.0000000000001,
-245.456962399446));
#11616=CARTESIAN_POINT('Ctrl Pts',(-67.2265746023616,-80.0000000000001,
-245.456962399446));
#11617=CARTESIAN_POINT('Ctrl Pts',(-67.3318151565593,-75.0000000000001,
-245.304370056656));
#11618=CARTESIAN_POINT('Ctrl Pts',(-67.3318151565593,-80.0000000000001,
-245.304370056656));
#11619=CARTESIAN_POINT('Ctrl Pts',(-67.5621036561705,-75.0000000000001,
-244.970465869803));
#11620=CARTESIAN_POINT('Ctrl Pts',(-67.5621036561705,-80.0000000000001,
-244.970465869803));
#11621=CARTESIAN_POINT('Ctrl Pts',(-67.578953460708,-75.0000000000001,-244.563402674431));
#11622=CARTESIAN_POINT('Ctrl Pts',(-67.578953460708,-80.0000000000001,-244.563402674431));
#11623=CARTESIAN_POINT('Ctrl Pts',(-67.588102998968,-75.0000000000001,-244.34236507889));
#11624=CARTESIAN_POINT('Ctrl Pts',(-67.588102998968,-80.0000000000001,-244.34236507889));
#11625=CARTESIAN_POINT('',(-67.2265746023616,-80.0000000000001,-245.456962399446));
#11626=CARTESIAN_POINT('Ctrl Pts',(-67.2265746023616,-80.0000000000001,
-245.456962399446));
#11627=CARTESIAN_POINT('Ctrl Pts',(-67.3318151565593,-80.0000000000001,
-245.304370056656));
#11628=CARTESIAN_POINT('Ctrl Pts',(-67.5621036561705,-80.0000000000001,
-244.970465869803));
#11629=CARTESIAN_POINT('Ctrl Pts',(-67.578953460708,-80.0000000000001,-244.563402674431));
#11630=CARTESIAN_POINT('Ctrl Pts',(-67.588102998968,-80.0000000000001,-244.34236507889));
#11631=CARTESIAN_POINT('',(-67.2265746023616,-80.0000000000001,-245.456962399446));
#11632=CARTESIAN_POINT('Ctrl Pts',(-66.2702311899623,-75.0000000000001,
-245.845775418245));
#11633=CARTESIAN_POINT('Ctrl Pts',(-66.2702311899623,-80.0000000000001,
-245.845775418245));
#11634=CARTESIAN_POINT('Ctrl Pts',(-66.4566910644256,-75.0000000000001,
-245.831767529423));
#11635=CARTESIAN_POINT('Ctrl Pts',(-66.4566910644256,-80.0000000000001,
-245.831767529423));
#11636=CARTESIAN_POINT('Ctrl Pts',(-66.8179681442544,-75.0000000000001,
-245.804626412962));
#11637=CARTESIAN_POINT('Ctrl Pts',(-66.8179681442544,-80.0000000000001,
-245.804626412962));
#11638=CARTESIAN_POINT('Ctrl Pts',(-67.0933304304437,-75.0000000000001,
-245.570333597252));
#11639=CARTESIAN_POINT('Ctrl Pts',(-67.0933304304437,-80.0000000000001,
-245.570333597252));
#11640=CARTESIAN_POINT('Ctrl Pts',(-67.2265746023616,-75.0000000000001,
-245.456962399446));
#11641=CARTESIAN_POINT('Ctrl Pts',(-67.2265746023616,-80.0000000000001,
-245.456962399446));
#11642=CARTESIAN_POINT('',(-66.2702311899623,-80.0000000000001,-245.845775418245));
#11643=CARTESIAN_POINT('Ctrl Pts',(-66.2702311899623,-80.0000000000001,
-245.845775418245));
#11644=CARTESIAN_POINT('Ctrl Pts',(-66.4566910644256,-80.0000000000001,
-245.831767529423));
#11645=CARTESIAN_POINT('Ctrl Pts',(-66.8179681442544,-80.0000000000001,
-245.804626412962));
#11646=CARTESIAN_POINT('Ctrl Pts',(-67.0933304304437,-80.0000000000001,
-245.570333597252));
#11647=CARTESIAN_POINT('Ctrl Pts',(-67.2265746023616,-80.0000000000001,
-245.456962399446));
#11648=CARTESIAN_POINT('',(-66.2702311899623,-80.0000000000001,-245.845775418245));
#11649=CARTESIAN_POINT('Ctrl Pts',(-65.4694129850825,-75.0000000000001,
-245.563374571764));
#11650=CARTESIAN_POINT('Ctrl Pts',(-65.4694129850825,-80.0000000000001,
-245.563374571764));
#11651=CARTESIAN_POINT('Ctrl Pts',(-65.586281979455,-75.0000000000001,-245.645725402247));
#11652=CARTESIAN_POINT('Ctrl Pts',(-65.586281979455,-80.0000000000001,-245.645725402247));
#11653=CARTESIAN_POINT('Ctrl Pts',(-65.8263490226648,-75.0000000000001,
-245.814886782357));
#11654=CARTESIAN_POINT('Ctrl Pts',(-65.8263490226648,-80.0000000000001,
-245.814886782357));
#11655=CARTESIAN_POINT('Ctrl Pts',(-66.1196925939839,-75.0000000000001,
-245.835299818591));
#11656=CARTESIAN_POINT('Ctrl Pts',(-66.1196925939839,-80.0000000000001,
-245.835299818591));
#11657=CARTESIAN_POINT('Ctrl Pts',(-66.2702311899623,-75.0000000000001,
-245.845775418245));
#11658=CARTESIAN_POINT('Ctrl Pts',(-66.2702311899623,-80.0000000000001,
-245.845775418245));
#11659=CARTESIAN_POINT('',(-65.4694129850825,-80.0000000000001,-245.563374571764));
#11660=CARTESIAN_POINT('Ctrl Pts',(-65.4694129850825,-80.0000000000001,
-245.563374571764));
#11661=CARTESIAN_POINT('Ctrl Pts',(-65.586281979455,-80.0000000000001,-245.645725402247));
#11662=CARTESIAN_POINT('Ctrl Pts',(-65.8263490226648,-80.0000000000001,
-245.814886782357));
#11663=CARTESIAN_POINT('Ctrl Pts',(-66.1196925939839,-80.0000000000001,
-245.835299818591));
#11664=CARTESIAN_POINT('Ctrl Pts',(-66.2702311899623,-80.0000000000001,
-245.845775418245));
#11665=CARTESIAN_POINT('',(-65.4694129850825,-80.0000000000001,-245.563374571764));
#11666=CARTESIAN_POINT('Ctrl Pts',(-65.0642289545497,-75.0000000000001,
-244.781656079256));
#11667=CARTESIAN_POINT('Ctrl Pts',(-65.0642289545497,-80.0000000000001,
-244.781656079256));
#11668=CARTESIAN_POINT('Ctrl Pts',(-65.0983606241439,-75.0000000000001,
-244.936793485931));
#11669=CARTESIAN_POINT('Ctrl Pts',(-65.0983606241439,-80.0000000000001,
-244.936793485931));
#11670=CARTESIAN_POINT('Ctrl Pts',(-65.1637840990234,-75.0000000000001,
-245.2341603698));
#11671=CARTESIAN_POINT('Ctrl Pts',(-65.1637840990234,-80.0000000000001,
-245.2341603698));
#11672=CARTESIAN_POINT('Ctrl Pts',(-65.3705280976499,-75.0000000000001,
-245.456858758674));
#11673=CARTESIAN_POINT('Ctrl Pts',(-65.3705280976499,-80.0000000000001,
-245.456858758674));
#11674=CARTESIAN_POINT('Ctrl Pts',(-65.4694129850825,-75.0000000000001,
-245.563374571764));
#11675=CARTESIAN_POINT('Ctrl Pts',(-65.4694129850825,-80.0000000000001,
-245.563374571764));
#11676=CARTESIAN_POINT('',(-65.0642289545497,-80.0000000000001,-244.781656079256));
#11677=CARTESIAN_POINT('Ctrl Pts',(-65.0642289545497,-80.0000000000001,
-244.781656079256));
#11678=CARTESIAN_POINT('Ctrl Pts',(-65.0983606241439,-80.0000000000001,
-244.936793485931));
#11679=CARTESIAN_POINT('Ctrl Pts',(-65.1637840990234,-80.0000000000001,
-245.2341603698));
#11680=CARTESIAN_POINT('Ctrl Pts',(-65.3705280976499,-80.0000000000001,
-245.456858758674));
#11681=CARTESIAN_POINT('Ctrl Pts',(-65.4694129850825,-80.0000000000001,
-245.563374571764));
#11682=CARTESIAN_POINT('',(-65.0642289545497,-80.0000000000001,-244.781656079256));
#11683=CARTESIAN_POINT('Origin',(-65.305702271696,-80.0000000000001,-244.75027781006));
#11684=CARTESIAN_POINT('',(-65.5471755888423,-80.0000000000001,-244.718899540865));
#11685=CARTESIAN_POINT('',(-58.9339684445963,-80.0000000000001,-245.578253263547));
#11686=CARTESIAN_POINT('',(-65.5471755888423,-80.0000000000001,-244.718899540865));
#11687=CARTESIAN_POINT('Ctrl Pts',(-65.7927419569453,-75.0000000000001,
-245.264602713549));
#11688=CARTESIAN_POINT('Ctrl Pts',(-65.7927419569453,-80.0000000000001,
-245.264602713549));
#11689=CARTESIAN_POINT('Ctrl Pts',(-65.7335022085765,-75.0000000000001,
-245.19261828086));
#11690=CARTESIAN_POINT('Ctrl Pts',(-65.7335022085765,-80.0000000000001,
-245.19261828086));
#11691=CARTESIAN_POINT('Ctrl Pts',(-65.6027263567477,-75.0000000000001,
-245.033707654762));
#11692=CARTESIAN_POINT('Ctrl Pts',(-65.6027263567477,-80.0000000000001,
-245.033707654762));
#11693=CARTESIAN_POINT('Ctrl Pts',(-65.5668179548829,-75.0000000000001,
-244.830213505349));
#11694=CARTESIAN_POINT('Ctrl Pts',(-65.5668179548829,-80.0000000000001,
-244.830213505349));
#11695=CARTESIAN_POINT('Ctrl Pts',(-65.5471755888423,-75.0000000000001,
-244.718899540865));
#11696=CARTESIAN_POINT('Ctrl Pts',(-65.5471755888423,-80.0000000000001,
-244.718899540865));
#11697=CARTESIAN_POINT('Ctrl Pts',(-65.7927419569453,-80.0000000000001,
-245.264602713549));
#11698=CARTESIAN_POINT('Ctrl Pts',(-65.7335022085765,-80.0000000000001,
-245.19261828086));
#11699=CARTESIAN_POINT('Ctrl Pts',(-65.6027263567477,-80.0000000000001,
-245.033707654762));
#11700=CARTESIAN_POINT('Ctrl Pts',(-65.5668179548829,-80.0000000000001,
-244.830213505349));
#11701=CARTESIAN_POINT('Ctrl Pts',(-65.5471755888423,-80.0000000000001,
-244.718899540865));
#11702=CARTESIAN_POINT('Origin',(-48.4811497558378,-75.0000000000001,-215.));
#11703=CARTESIAN_POINT('',(-77.3166157629451,-75.0000000000001,-245.690250210726));
#11704=CARTESIAN_POINT('',(-77.8923316624126,-75.0000000000001,-245.214124731981));
#11705=CARTESIAN_POINT('Ctrl Pts',(-77.3166157629451,-75.0000000000001,
-245.690250210726));
#11706=CARTESIAN_POINT('Ctrl Pts',(-77.4318748738926,-75.0000000000001,
-245.631566181224));
#11707=CARTESIAN_POINT('Ctrl Pts',(-77.6593810697803,-75.0000000000001,
-245.515731691426));
#11708=CARTESIAN_POINT('Ctrl Pts',(-77.8153698597352,-75.0000000000001,
-245.313769103076));
#11709=CARTESIAN_POINT('Ctrl Pts',(-77.8923316624126,-75.0000000000001,
-245.214124731981));
#11710=CARTESIAN_POINT('',(-76.40665668511,-75.0000000000001,-245.848504118883));
#11711=CARTESIAN_POINT('Ctrl Pts',(-76.40665668511,-75.0000000000001,-245.848504118883));
#11712=CARTESIAN_POINT('Ctrl Pts',(-76.5746075642481,-75.0000000000001,
-245.844240905456));
#11713=CARTESIAN_POINT('Ctrl Pts',(-76.8860938851361,-75.0000000000001,
-245.836334232551));
#11714=CARTESIAN_POINT('Ctrl Pts',(-77.1808087466915,-75.0000000000001,
-245.736332038733));
#11715=CARTESIAN_POINT('Ctrl Pts',(-77.3166157629451,-75.0000000000001,
-245.690250210726));
#11716=CARTESIAN_POINT('',(-75.6358518030604,-75.0000000000001,-245.691615157091));
#11717=CARTESIAN_POINT('Ctrl Pts',(-75.6358518030604,-75.0000000000001,
-245.691615157091));
#11718=CARTESIAN_POINT('Ctrl Pts',(-75.7558045144425,-75.0000000000001,
-245.737360446354));
#11719=CARTESIAN_POINT('Ctrl Pts',(-76.0039618222276,-75.0000000000001,
-245.83199797223));
#11720=CARTESIAN_POINT('Ctrl Pts',(-76.2694819822644,-75.0000000000001,
-245.84288143538));
#11721=CARTESIAN_POINT('Ctrl Pts',(-76.40665668511,-75.0000000000001,-245.848504118883));
#11722=CARTESIAN_POINT('',(-75.1106132891139,-75.0000000000001,-245.252324156725));
#11723=CARTESIAN_POINT('Ctrl Pts',(-75.1106132891139,-75.0000000000001,
-245.252324156725));
#11724=CARTESIAN_POINT('Ctrl Pts',(-75.1798232788929,-75.0000000000001,
-245.341957565173));
#11725=CARTESIAN_POINT('Ctrl Pts',(-75.3225210096561,-75.0000000000001,
-245.526764469884));
#11726=CARTESIAN_POINT('Ctrl Pts',(-75.5293415366584,-75.0000000000001,
-245.635577605147));
#11727=CARTESIAN_POINT('Ctrl Pts',(-75.6358518030604,-75.0000000000001,
-245.691615157091));
#11728=CARTESIAN_POINT('',(-74.9278022673091,-75.0000000000001,-244.650686793291));
#11729=CARTESIAN_POINT('Ctrl Pts',(-74.9278022673091,-75.0000000000001,
-244.650686793291));
#11730=CARTESIAN_POINT('Ctrl Pts',(-74.9358350280426,-75.0000000000001,
-244.756201340168));
#11731=CARTESIAN_POINT('Ctrl Pts',(-74.9521275618013,-75.0000000000001,
-244.970212360049));
#11732=CARTESIAN_POINT('Ctrl Pts',(-75.0572962567529,-75.0000000000001,
-245.157417416239));
#11733=CARTESIAN_POINT('Ctrl Pts',(-75.1106132891139,-75.0000000000001,
-245.252324156725));
#11734=CARTESIAN_POINT('',(-75.0942422773799,-75.0000000000001,-244.081792645418));
#11735=CARTESIAN_POINT('Ctrl Pts',(-75.0942422773799,-75.0000000000001,
-244.081792645418));
#11736=CARTESIAN_POINT('Ctrl Pts',(-75.0457031763148,-75.0000000000001,
-244.168304038553));
#11737=CARTESIAN_POINT('Ctrl Pts',(-74.946558620015,-75.0000000000001,-244.345009694387));
#11738=CARTESIAN_POINT('Ctrl Pts',(-74.9341406559175,-75.0000000000001,
-244.547388445689));
#11739=CARTESIAN_POINT('Ctrl Pts',(-74.9278022673091,-75.0000000000001,
-244.650686793291));
#11740=CARTESIAN_POINT('',(-75.6099309351405,-75.0000000000001,-243.673879914247));
#11741=CARTESIAN_POINT('Ctrl Pts',(-75.6099309351405,-75.0000000000001,
-243.673879914247));
#11742=CARTESIAN_POINT('Ctrl Pts',(-75.5033382465133,-75.0000000000001,
-243.72799193761));
#11743=CARTESIAN_POINT('Ctrl Pts',(-75.3035777659132,-75.0000000000001,
-243.829400804695));
#11744=CARTESIAN_POINT('Ctrl Pts',(-75.1608228265256,-75.0000000000001,
-244.001517736118));
#11745=CARTESIAN_POINT('Ctrl Pts',(-75.0942422773799,-75.0000000000001,
-244.081792645418));
#11746=CARTESIAN_POINT('',(-76.4953328993281,-75.0000000000001,-243.418763689958));
#11747=CARTESIAN_POINT('Ctrl Pts',(-76.4953328993281,-75.0000000000001,
-243.418763689958));
#11748=CARTESIAN_POINT('Ctrl Pts',(-76.3125800895172,-75.0000000000001,
-243.459592695592));
#11749=CARTESIAN_POINT('Ctrl Pts',(-76.0121019712337,-75.0000000000001,
-243.526722841481));
#11750=CARTESIAN_POINT('Ctrl Pts',(-75.7231430856244,-75.0000000000001,
-243.632454830958));
#11751=CARTESIAN_POINT('Ctrl Pts',(-75.6099309351405,-75.0000000000001,
-243.673879914247));
#11752=CARTESIAN_POINT('',(-77.293423595663,-75.0000000000001,-243.133634142839));
#11753=CARTESIAN_POINT('Ctrl Pts',(-77.293423595663,-75.0000000000001,-243.133634142839));
#11754=CARTESIAN_POINT('Ctrl Pts',(-77.2028255025795,-75.0000000000001,
-243.184125541973));
#11755=CARTESIAN_POINT('Ctrl Pts',(-76.9538007129765,-75.0000000000001,
-243.322910030898));
#11756=CARTESIAN_POINT('Ctrl Pts',(-76.6735959408206,-75.0000000000001,
-243.381493538612));
#11757=CARTESIAN_POINT('Ctrl Pts',(-76.4953328993281,-75.0000000000001,
-243.418763689958));
#11758=CARTESIAN_POINT('',(-77.4489488031825,-75.0000000000001,-242.778926901781));
#11759=CARTESIAN_POINT('Ctrl Pts',(-77.4489488031825,-75.0000000000001,
-242.778926901781));
#11760=CARTESIAN_POINT('Ctrl Pts',(-77.4427114938278,-75.0000000000001,
-242.847375744448));
#11761=CARTESIAN_POINT('Ctrl Pts',(-77.4303511074693,-75.0000000000001,
-242.983019832795));
#11762=CARTESIAN_POINT('Ctrl Pts',(-77.338784017695,-75.0000000000001,-243.083739650655));
#11763=CARTESIAN_POINT('Ctrl Pts',(-77.293423595663,-75.0000000000001,-243.133634142839));
#11764=CARTESIAN_POINT('',(-77.2293033029994,-75.0000000000001,-242.354643158876));
#11765=CARTESIAN_POINT('Ctrl Pts',(-77.2293033029994,-75.0000000000001,
-242.354643158876));
#11766=CARTESIAN_POINT('Ctrl Pts',(-77.2933414091533,-75.0000000000001,
-242.414707234876));
#11767=CARTESIAN_POINT('Ctrl Pts',(-77.4169196515371,-75.0000000000001,
-242.530616548694));
#11768=CARTESIAN_POINT('Ctrl Pts',(-77.4385346652531,-75.0000000000001,
-242.698189881488));
#11769=CARTESIAN_POINT('Ctrl Pts',(-77.4489488031825,-75.0000000000001,
-242.778926901781));
#11770=CARTESIAN_POINT('',(-76.5294398691615,-75.0000000000001,-242.178654484712));
#11771=CARTESIAN_POINT('Ctrl Pts',(-76.5294398691615,-75.0000000000001,
-242.178654484712));
#11772=CARTESIAN_POINT('Ctrl Pts',(-76.6712580934796,-75.0000000000001,
-242.180809063006));
#11773=CARTESIAN_POINT('Ctrl Pts',(-76.9197249198415,-75.0000000000001,
-242.184583903886));
#11774=CARTESIAN_POINT('Ctrl Pts',(-77.1363304295453,-75.0000000000001,
-242.303570802232));
#11775=CARTESIAN_POINT('Ctrl Pts',(-77.2293033029994,-75.0000000000001,
-242.354643158876));
#11776=CARTESIAN_POINT('',(-75.832304539915,-75.0000000000001,-242.372379116976));
#11777=CARTESIAN_POINT('Ctrl Pts',(-75.832304539915,-75.0000000000001,-242.372379116976));
#11778=CARTESIAN_POINT('Ctrl Pts',(-75.9273781399198,-75.0000000000001,
-242.316054414648));
#11779=CARTESIAN_POINT('Ctrl Pts',(-76.1412105555838,-75.0000000000001,
-242.189373115531));
#11780=CARTESIAN_POINT('Ctrl Pts',(-76.3908142857351,-75.0000000000001,
-242.182481801195));
#11781=CARTESIAN_POINT('Ctrl Pts',(-76.5294398691615,-75.0000000000001,
-242.178654484712));
#11782=CARTESIAN_POINT('',(-75.5553604986629,-75.0000000000001,-242.945365719759));
#11783=CARTESIAN_POINT('Ctrl Pts',(-75.5553604986629,-75.0000000000001,
-242.945365719759));
#11784=CARTESIAN_POINT('Ctrl Pts',(-75.57443649221,-75.0000000000001,-242.829006359685));
#11785=CARTESIAN_POINT('Ctrl Pts',(-75.6103605573733,-75.0000000000001,
-242.609877472724));
#11786=CARTESIAN_POINT('Ctrl Pts',(-75.7614465390675,-75.0000000000001,
-242.448203018575));
#11787=CARTESIAN_POINT('Ctrl Pts',(-75.832304539915,-75.0000000000001,-242.372379116976));
#11788=CARTESIAN_POINT('',(-75.0478567507228,-75.0000000000001,-242.907167487108));
#11789=CARTESIAN_POINT('',(-75.0478567507228,-75.0000000000001,-242.907167487108));
#11790=CARTESIAN_POINT('',(-75.2443100836238,-75.0000000000001,-242.276880555117));
#11791=CARTESIAN_POINT('Ctrl Pts',(-75.2443100836238,-75.0000000000001,
-242.276880555117));
#11792=CARTESIAN_POINT('Ctrl Pts',(-75.1903924927643,-75.0000000000001,
-242.373567038993));
#11793=CARTESIAN_POINT('Ctrl Pts',(-75.0809312257543,-75.0000000000001,
-242.569855946919));
#11794=CARTESIAN_POINT('Ctrl Pts',(-75.0589902228165,-75.0000000000001,
-242.793622264818));
#11795=CARTESIAN_POINT('Ctrl Pts',(-75.0478567507228,-75.0000000000001,
-242.907167487108));
#11796=CARTESIAN_POINT('',(-75.7668198969325,-75.0000000000001,-241.85532551285));
#11797=CARTESIAN_POINT('Ctrl Pts',(-75.7668198969325,-75.0000000000001,
-241.85532551285));
#11798=CARTESIAN_POINT('Ctrl Pts',(-75.661007153875,-75.0000000000001,-241.907380481556));
#11799=CARTESIAN_POINT('Ctrl Pts',(-75.4549757258622,-75.0000000000001,
-242.008738401481));
#11800=CARTESIAN_POINT('Ctrl Pts',(-75.3132492700482,-75.0000000000001,
-242.18913249273));
#11801=CARTESIAN_POINT('Ctrl Pts',(-75.2443100836238,-75.0000000000001,
-242.276880555117));
#11802=CARTESIAN_POINT('',(-76.5512676861247,-75.0000000000001,-241.712078862154));
#11803=CARTESIAN_POINT('Ctrl Pts',(-76.5512676861247,-75.0000000000001,
-241.712078862154));
#11804=CARTESIAN_POINT('Ctrl Pts',(-76.4104203959605,-75.0000000000001,
-241.716809956587));
#11805=CARTESIAN_POINT('Ctrl Pts',(-76.141673155782,-75.0000000000001,-241.725837241175));
#11806=CARTESIAN_POINT('Ctrl Pts',(-75.8876923353487,-75.0000000000001,
-241.813571672449));
#11807=CARTESIAN_POINT('Ctrl Pts',(-75.7668198969325,-75.0000000000001,
-241.85532551285));
#11808=CARTESIAN_POINT('',(-77.2852374937495,-75.0000000000001,-241.848504357302));
#11809=CARTESIAN_POINT('Ctrl Pts',(-77.2852374937495,-75.0000000000001,
-241.848504357302));
#11810=CARTESIAN_POINT('Ctrl Pts',(-77.1701212418863,-75.0000000000001,
-241.808724234915));
#11811=CARTESIAN_POINT('Ctrl Pts',(-76.9323995330026,-75.0000000000001,
-241.726575984602));
#11812=CARTESIAN_POINT('Ctrl Pts',(-76.680952174815,-75.0000000000001,-241.717011674585));
#11813=CARTESIAN_POINT('Ctrl Pts',(-76.5512676861247,-75.0000000000001,
-241.712078862154));
#11814=CARTESIAN_POINT('',(-77.787283840414,-75.0000000000001,-242.248230986559));
#11815=CARTESIAN_POINT('Ctrl Pts',(-77.787283840414,-75.0000000000001,-242.248230986559));
#11816=CARTESIAN_POINT('Ctrl Pts',(-77.7216249801681,-75.0000000000001,
-242.165038669076));
#11817=CARTESIAN_POINT('Ctrl Pts',(-77.5856743601586,-75.0000000000001,
-241.99278397109));
#11818=CARTESIAN_POINT('Ctrl Pts',(-77.3876327243563,-75.0000000000001,
-241.897677897494));
#11819=CARTESIAN_POINT('Ctrl Pts',(-77.2852374937495,-75.0000000000001,
-241.848504357302));
#11820=CARTESIAN_POINT('',(-77.9591803576907,-75.0000000000001,-242.814397625887));
#11821=CARTESIAN_POINT('Ctrl Pts',(-77.9591803576907,-75.0000000000001,
-242.814397625887));
#11822=CARTESIAN_POINT('Ctrl Pts',(-77.9517360434153,-75.0000000000001,
-242.714661965822));
#11823=CARTESIAN_POINT('Ctrl Pts',(-77.9366971574098,-75.0000000000001,
-242.51317756217));
#11824=CARTESIAN_POINT('Ctrl Pts',(-77.8374189177231,-75.0000000000001,
-242.337132814844));
#11825=CARTESIAN_POINT('Ctrl Pts',(-77.787283840414,-75.0000000000001,-242.248230986559));
#11826=CARTESIAN_POINT('',(-77.8186621096095,-75.0000000000001,-243.312351517641));
#11827=CARTESIAN_POINT('Ctrl Pts',(-77.8186621096095,-75.0000000000001,
-243.312351517641));
#11828=CARTESIAN_POINT('Ctrl Pts',(-77.8596448712627,-75.0000000000001,
-243.235456402459));
#11829=CARTESIAN_POINT('Ctrl Pts',(-77.9426353540539,-75.0000000000001,
-243.079743061636));
#11830=CARTESIAN_POINT('Ctrl Pts',(-77.9536201346063,-75.0000000000001,
-242.903571363747));
#11831=CARTESIAN_POINT('Ctrl Pts',(-77.9591803576907,-75.0000000000001,
-242.814397625887));
#11832=CARTESIAN_POINT('',(-77.391649666067,-75.0000000000001,-243.684793524706));
#11833=CARTESIAN_POINT('Ctrl Pts',(-77.391649666067,-75.0000000000001,-243.684793524706));
#11834=CARTESIAN_POINT('Ctrl Pts',(-77.4796132048895,-75.0000000000001,
-243.633977330768));
#11835=CARTESIAN_POINT('Ctrl Pts',(-77.6464986660913,-75.0000000000001,
-243.537568249512));
#11836=CARTESIAN_POINT('Ctrl Pts',(-77.7633852105679,-75.0000000000001,
-243.384662353761));
#11837=CARTESIAN_POINT('Ctrl Pts',(-77.8186621096095,-75.0000000000001,
-243.312351517641));
#11838=CARTESIAN_POINT('',(-76.6194804336986,-75.0000000000001,-243.934452347719));
#11839=CARTESIAN_POINT('Ctrl Pts',(-76.6194804336986,-75.0000000000001,
-243.934452347719));
#11840=CARTESIAN_POINT('Ctrl Pts',(-76.7774078732052,-75.0000000000001,
-243.896719974533));
#11841=CARTESIAN_POINT('Ctrl Pts',(-77.0415442614925,-75.0000000000001,
-243.833611924367));
#11842=CARTESIAN_POINT('Ctrl Pts',(-77.2912451968851,-75.0000000000001,
-243.727472192979));
#11843=CARTESIAN_POINT('Ctrl Pts',(-77.391649666067,-75.0000000000001,-243.684793524706));
#11844=CARTESIAN_POINT('',(-75.9073390390834,-75.0000000000001,-244.129540734255));
#11845=CARTESIAN_POINT('Ctrl Pts',(-75.9073390390834,-75.0000000000001,
-244.129540734255));
#11846=CARTESIAN_POINT('Ctrl Pts',(-75.9932794625661,-75.0000000000001,
-244.101989590844));
#11847=CARTESIAN_POINT('Ctrl Pts',(-76.2278014617547,-75.0000000000001,
-244.026805539255));
#11848=CARTESIAN_POINT('Ctrl Pts',(-76.4675730054311,-75.0000000000001,
-243.970270292575));
#11849=CARTESIAN_POINT('Ctrl Pts',(-76.6194804336986,-75.0000000000001,
-243.934452347719));
#11850=CARTESIAN_POINT('',(-75.5471749927959,-75.0000000000001,-244.365557246172));
#11851=CARTESIAN_POINT('Ctrl Pts',(-75.5471749927959,-75.0000000000001,
-244.365557246172));
#11852=CARTESIAN_POINT('Ctrl Pts',(-75.5932059511609,-75.0000000000001,
-244.319256721));
#11853=CARTESIAN_POINT('Ctrl Pts',(-75.6963215759834,-75.0000000000001,
-244.215537229765));
#11854=CARTESIAN_POINT('Ctrl Pts',(-75.8321465322439,-75.0000000000001,
-244.160184132113));
#11855=CARTESIAN_POINT('Ctrl Pts',(-75.9073390390834,-75.0000000000001,
-244.129540734255));
#11856=CARTESIAN_POINT('',(-75.438034715887,-75.0000000000001,-244.69434361931));
#11857=CARTESIAN_POINT('Ctrl Pts',(-75.438034715887,-75.0000000000001,-244.69434361931));
#11858=CARTESIAN_POINT('Ctrl Pts',(-75.4422968823837,-75.0000000000001,
-244.633948305463));
#11859=CARTESIAN_POINT('Ctrl Pts',(-75.4506924865872,-75.0000000000001,
-244.514981777241));
#11860=CARTESIAN_POINT('Ctrl Pts',(-75.5153445917111,-75.0000000000001,
-244.414853672465));
#11861=CARTESIAN_POINT('Ctrl Pts',(-75.5471749927959,-75.0000000000001,
-244.365557246172));
#11862=CARTESIAN_POINT('',(-75.5512680437526,-75.0000000000001,-245.036771111452));
#11863=CARTESIAN_POINT('Ctrl Pts',(-75.5512680437526,-75.0000000000001,
-245.036771111452));
#11864=CARTESIAN_POINT('Ctrl Pts',(-75.5182430207057,-75.0000000000001,
-244.983637638726));
#11865=CARTESIAN_POINT('Ctrl Pts',(-75.4529296399001,-75.0000000000001,
-244.878555903198));
#11866=CARTESIAN_POINT('Ctrl Pts',(-75.4429622165893,-75.0000000000001,
-244.755284256364));
#11867=CARTESIAN_POINT('Ctrl Pts',(-75.438034715887,-75.0000000000001,-244.69434361931));
#11868=CARTESIAN_POINT('',(-75.8964248325786,-75.0000000000001,-245.28370242592));
#11869=CARTESIAN_POINT('Ctrl Pts',(-75.8964248325786,-75.0000000000001,
-245.28370242592));
#11870=CARTESIAN_POINT('Ctrl Pts',(-75.8255427569892,-75.0000000000001,
-245.25286337037));
#11871=CARTESIAN_POINT('Ctrl Pts',(-75.6926168263021,-75.0000000000001,
-245.195030552603));
#11872=CARTESIAN_POINT('Ctrl Pts',(-75.5962484664752,-75.0000000000001,
-245.087132893382));
#11873=CARTESIAN_POINT('Ctrl Pts',(-75.5512680437526,-75.0000000000001,
-245.036771111452));
#11874=CARTESIAN_POINT('',(-76.431213202711,-75.0000000000001,-245.373742394411));
#11875=CARTESIAN_POINT('Ctrl Pts',(-76.431213202711,-75.0000000000001,-245.373742394411));
#11876=CARTESIAN_POINT('Ctrl Pts',(-76.3353792803468,-75.0000000000001,
-245.37080507019));
#11877=CARTESIAN_POINT('Ctrl Pts',(-76.1528875453653,-75.0000000000001,
-245.365211670901));
#11878=CARTESIAN_POINT('Ctrl Pts',(-75.9789978775875,-75.0000000000001,
-245.309945876601));
#11879=CARTESIAN_POINT('Ctrl Pts',(-75.8964248325786,-75.0000000000001,
-245.28370242592));
#11880=CARTESIAN_POINT('',(-77.0451285269221,-75.0000000000001,-245.255052857363));
#11881=CARTESIAN_POINT('Ctrl Pts',(-77.0451285269221,-75.0000000000001,
-245.255052857363));
#11882=CARTESIAN_POINT('Ctrl Pts',(-76.9494661904751,-75.0000000000001,
-245.289658826314));
#11883=CARTESIAN_POINT('Ctrl Pts',(-76.7511691715508,-75.0000000000001,
-245.361393019047));
#11884=CARTESIAN_POINT('Ctrl Pts',(-76.5403362333377,-75.0000000000001,
-245.369530560917));
#11885=CARTESIAN_POINT('Ctrl Pts',(-76.431213202711,-75.0000000000001,-245.373742394411));
#11886=CARTESIAN_POINT('',(-77.4475844528636,-75.0000000000001,-244.944002442324));
#11887=CARTESIAN_POINT('Ctrl Pts',(-77.4475844528636,-75.0000000000001,
-244.944002442324));
#11888=CARTESIAN_POINT('Ctrl Pts',(-77.3957442310202,-75.0000000000001,
-245.00616863545));
#11889=CARTESIAN_POINT('Ctrl Pts',(-77.2847646665803,-75.0000000000001,
-245.139254042702));
#11890=CARTESIAN_POINT('Ctrl Pts',(-77.1284345157075,-75.0000000000001,
-245.214797098072));
#11891=CARTESIAN_POINT('Ctrl Pts',(-77.0451285269221,-75.0000000000001,
-245.255052857363));
#11892=CARTESIAN_POINT('',(-77.6126595165691,-75.0000000000001,-244.451505951845));
#11893=CARTESIAN_POINT('Ctrl Pts',(-77.6126595165691,-75.0000000000001,
-244.451505951845));
#11894=CARTESIAN_POINT('Ctrl Pts',(-77.5985738645324,-75.0000000000001,
-244.544492090076));
#11895=CARTESIAN_POINT('Ctrl Pts',(-77.5722109215439,-75.0000000000001,
-244.71852650854));
#11896=CARTESIAN_POINT('Ctrl Pts',(-77.4871824381825,-75.0000000000001,
-244.872361218671));
#11897=CARTESIAN_POINT('Ctrl Pts',(-77.4475844528636,-75.0000000000001,
-244.944002442324));
#11898=CARTESIAN_POINT('',(-78.1119771625957,-75.0000000000001,-244.495161585771));
#11899=CARTESIAN_POINT('',(-78.1119771625957,-75.0000000000001,-244.495161585771));
#11900=CARTESIAN_POINT('Ctrl Pts',(-77.8923316624126,-75.0000000000001,
-245.214124731981));
#11901=CARTESIAN_POINT('Ctrl Pts',(-77.9536883659081,-75.0000000000001,
-245.103775342635));
#11902=CARTESIAN_POINT('Ctrl Pts',(-78.07817011373,-75.0000000000001,-244.879896221457));
#11903=CARTESIAN_POINT('Ctrl Pts',(-78.1006019270098,-75.0000000000001,
-244.624615272674));
#11904=CARTESIAN_POINT('Ctrl Pts',(-78.1119771625957,-75.0000000000001,
-244.495161585771));
#11905=CARTESIAN_POINT('Ctrl Pts',(-77.3166157629451,-75.0000000000001,
-245.690250210726));
#11906=CARTESIAN_POINT('Ctrl Pts',(-77.3166157629451,-80.0000000000001,
-245.690250210726));
#11907=CARTESIAN_POINT('Ctrl Pts',(-77.4318748738926,-75.0000000000001,
-245.631566181224));
#11908=CARTESIAN_POINT('Ctrl Pts',(-77.4318748738926,-80.0000000000001,
-245.631566181224));
#11909=CARTESIAN_POINT('Ctrl Pts',(-77.6593810697803,-75.0000000000001,
-245.515731691426));
#11910=CARTESIAN_POINT('Ctrl Pts',(-77.6593810697803,-80.0000000000001,
-245.515731691426));
#11911=CARTESIAN_POINT('Ctrl Pts',(-77.8153698597352,-75.0000000000001,
-245.313769103076));
#11912=CARTESIAN_POINT('Ctrl Pts',(-77.8153698597352,-80.0000000000001,
-245.313769103076));
#11913=CARTESIAN_POINT('Ctrl Pts',(-77.8923316624126,-75.0000000000001,
-245.214124731981));
#11914=CARTESIAN_POINT('Ctrl Pts',(-77.8923316624126,-80.0000000000001,
-245.214124731981));
#11915=CARTESIAN_POINT('',(-77.8923316624126,-80.0000000000001,-245.214124731981));
#11916=CARTESIAN_POINT('',(-77.8923316624126,-80.0000000000001,-245.214124731981));
#11917=CARTESIAN_POINT('',(-77.3166157629451,-80.0000000000001,-245.690250210726));
#11918=CARTESIAN_POINT('Ctrl Pts',(-77.3166157629451,-80.0000000000001,
-245.690250210726));
#11919=CARTESIAN_POINT('Ctrl Pts',(-77.4318748738926,-80.0000000000001,
-245.631566181224));
#11920=CARTESIAN_POINT('Ctrl Pts',(-77.6593810697803,-80.0000000000001,
-245.515731691426));
#11921=CARTESIAN_POINT('Ctrl Pts',(-77.8153698597352,-80.0000000000001,
-245.313769103076));
#11922=CARTESIAN_POINT('Ctrl Pts',(-77.8923316624126,-80.0000000000001,
-245.214124731981));
#11923=CARTESIAN_POINT('',(-77.3166157629451,-80.0000000000001,-245.690250210726));
#11924=CARTESIAN_POINT('Ctrl Pts',(-76.40665668511,-75.0000000000001,-245.848504118883));
#11925=CARTESIAN_POINT('Ctrl Pts',(-76.40665668511,-80.0000000000001,-245.848504118883));
#11926=CARTESIAN_POINT('Ctrl Pts',(-76.5746075642481,-75.0000000000001,
-245.844240905456));
#11927=CARTESIAN_POINT('Ctrl Pts',(-76.5746075642481,-80.0000000000001,
-245.844240905456));
#11928=CARTESIAN_POINT('Ctrl Pts',(-76.8860938851361,-75.0000000000001,
-245.836334232551));
#11929=CARTESIAN_POINT('Ctrl Pts',(-76.8860938851361,-80.0000000000001,
-245.836334232551));
#11930=CARTESIAN_POINT('Ctrl Pts',(-77.1808087466915,-75.0000000000001,
-245.736332038733));
#11931=CARTESIAN_POINT('Ctrl Pts',(-77.1808087466915,-80.0000000000001,
-245.736332038733));
#11932=CARTESIAN_POINT('Ctrl Pts',(-77.3166157629451,-75.0000000000001,
-245.690250210726));
#11933=CARTESIAN_POINT('Ctrl Pts',(-77.3166157629451,-80.0000000000001,
-245.690250210726));
#11934=CARTESIAN_POINT('',(-76.40665668511,-80.0000000000001,-245.848504118883));
#11935=CARTESIAN_POINT('Ctrl Pts',(-76.40665668511,-80.0000000000001,-245.848504118883));
#11936=CARTESIAN_POINT('Ctrl Pts',(-76.5746075642481,-80.0000000000001,
-245.844240905456));
#11937=CARTESIAN_POINT('Ctrl Pts',(-76.8860938851361,-80.0000000000001,
-245.836334232551));
#11938=CARTESIAN_POINT('Ctrl Pts',(-77.1808087466915,-80.0000000000001,
-245.736332038733));
#11939=CARTESIAN_POINT('Ctrl Pts',(-77.3166157629451,-80.0000000000001,
-245.690250210726));
#11940=CARTESIAN_POINT('',(-76.40665668511,-80.0000000000001,-245.848504118883));
#11941=CARTESIAN_POINT('Ctrl Pts',(-75.6358518030604,-75.0000000000001,
-245.691615157091));
#11942=CARTESIAN_POINT('Ctrl Pts',(-75.6358518030604,-80.0000000000001,
-245.691615157091));
#11943=CARTESIAN_POINT('Ctrl Pts',(-75.7558045144425,-75.0000000000001,
-245.737360446354));
#11944=CARTESIAN_POINT('Ctrl Pts',(-75.7558045144425,-80.0000000000001,
-245.737360446354));
#11945=CARTESIAN_POINT('Ctrl Pts',(-76.0039618222276,-75.0000000000001,
-245.83199797223));
#11946=CARTESIAN_POINT('Ctrl Pts',(-76.0039618222276,-80.0000000000001,
-245.83199797223));
#11947=CARTESIAN_POINT('Ctrl Pts',(-76.2694819822644,-75.0000000000001,
-245.84288143538));
#11948=CARTESIAN_POINT('Ctrl Pts',(-76.2694819822644,-80.0000000000001,
-245.84288143538));
#11949=CARTESIAN_POINT('Ctrl Pts',(-76.40665668511,-75.0000000000001,-245.848504118883));
#11950=CARTESIAN_POINT('Ctrl Pts',(-76.40665668511,-80.0000000000001,-245.848504118883));
#11951=CARTESIAN_POINT('',(-75.6358518030604,-80.0000000000001,-245.691615157091));
#11952=CARTESIAN_POINT('Ctrl Pts',(-75.6358518030604,-80.0000000000001,
-245.691615157091));
#11953=CARTESIAN_POINT('Ctrl Pts',(-75.7558045144425,-80.0000000000001,
-245.737360446354));
#11954=CARTESIAN_POINT('Ctrl Pts',(-76.0039618222276,-80.0000000000001,
-245.83199797223));
#11955=CARTESIAN_POINT('Ctrl Pts',(-76.2694819822644,-80.0000000000001,
-245.84288143538));
#11956=CARTESIAN_POINT('Ctrl Pts',(-76.40665668511,-80.0000000000001,-245.848504118883));
#11957=CARTESIAN_POINT('',(-75.6358518030604,-80.0000000000001,-245.691615157091));
#11958=CARTESIAN_POINT('Ctrl Pts',(-75.1106132891139,-75.0000000000001,
-245.252324156725));
#11959=CARTESIAN_POINT('Ctrl Pts',(-75.1106132891139,-80.0000000000001,
-245.252324156725));
#11960=CARTESIAN_POINT('Ctrl Pts',(-75.1798232788929,-75.0000000000001,
-245.341957565173));
#11961=CARTESIAN_POINT('Ctrl Pts',(-75.1798232788929,-80.0000000000001,
-245.341957565173));
#11962=CARTESIAN_POINT('Ctrl Pts',(-75.3225210096561,-75.0000000000001,
-245.526764469884));
#11963=CARTESIAN_POINT('Ctrl Pts',(-75.3225210096561,-80.0000000000001,
-245.526764469884));
#11964=CARTESIAN_POINT('Ctrl Pts',(-75.5293415366584,-75.0000000000001,
-245.635577605147));
#11965=CARTESIAN_POINT('Ctrl Pts',(-75.5293415366584,-80.0000000000001,
-245.635577605147));
#11966=CARTESIAN_POINT('Ctrl Pts',(-75.6358518030604,-75.0000000000001,
-245.691615157091));
#11967=CARTESIAN_POINT('Ctrl Pts',(-75.6358518030604,-80.0000000000001,
-245.691615157091));
#11968=CARTESIAN_POINT('',(-75.1106132891139,-80.0000000000001,-245.252324156725));
#11969=CARTESIAN_POINT('Ctrl Pts',(-75.1106132891139,-80.0000000000001,
-245.252324156725));
#11970=CARTESIAN_POINT('Ctrl Pts',(-75.1798232788929,-80.0000000000001,
-245.341957565173));
#11971=CARTESIAN_POINT('Ctrl Pts',(-75.3225210096561,-80.0000000000001,
-245.526764469884));
#11972=CARTESIAN_POINT('Ctrl Pts',(-75.5293415366584,-80.0000000000001,
-245.635577605147));
#11973=CARTESIAN_POINT('Ctrl Pts',(-75.6358518030604,-80.0000000000001,
-245.691615157091));
#11974=CARTESIAN_POINT('',(-75.1106132891139,-80.0000000000001,-245.252324156725));
#11975=CARTESIAN_POINT('Ctrl Pts',(-74.9278022673091,-75.0000000000001,
-244.650686793291));
#11976=CARTESIAN_POINT('Ctrl Pts',(-74.9278022673091,-80.0000000000001,
-244.650686793291));
#11977=CARTESIAN_POINT('Ctrl Pts',(-74.9358350280426,-75.0000000000001,
-244.756201340168));
#11978=CARTESIAN_POINT('Ctrl Pts',(-74.9358350280426,-80.0000000000001,
-244.756201340168));
#11979=CARTESIAN_POINT('Ctrl Pts',(-74.9521275618013,-75.0000000000001,
-244.970212360049));
#11980=CARTESIAN_POINT('Ctrl Pts',(-74.9521275618013,-80.0000000000001,
-244.970212360049));
#11981=CARTESIAN_POINT('Ctrl Pts',(-75.0572962567529,-75.0000000000001,
-245.157417416239));
#11982=CARTESIAN_POINT('Ctrl Pts',(-75.0572962567529,-80.0000000000001,
-245.157417416239));
#11983=CARTESIAN_POINT('Ctrl Pts',(-75.1106132891139,-75.0000000000001,
-245.252324156725));
#11984=CARTESIAN_POINT('Ctrl Pts',(-75.1106132891139,-80.0000000000001,
-245.252324156725));
#11985=CARTESIAN_POINT('',(-74.9278022673091,-80.0000000000001,-244.650686793291));
#11986=CARTESIAN_POINT('Ctrl Pts',(-74.9278022673091,-80.0000000000001,
-244.650686793291));
#11987=CARTESIAN_POINT('Ctrl Pts',(-74.9358350280426,-80.0000000000001,
-244.756201340168));
#11988=CARTESIAN_POINT('Ctrl Pts',(-74.9521275618013,-80.0000000000001,
-244.970212360049));
#11989=CARTESIAN_POINT('Ctrl Pts',(-75.0572962567529,-80.0000000000001,
-245.157417416239));
#11990=CARTESIAN_POINT('Ctrl Pts',(-75.1106132891139,-80.0000000000001,
-245.252324156725));
#11991=CARTESIAN_POINT('',(-74.9278022673091,-80.0000000000001,-244.650686793291));
#11992=CARTESIAN_POINT('Ctrl Pts',(-75.0942422773799,-75.0000000000001,
-244.081792645418));
#11993=CARTESIAN_POINT('Ctrl Pts',(-75.0942422773799,-80.0000000000001,
-244.081792645418));
#11994=CARTESIAN_POINT('Ctrl Pts',(-75.0457031763148,-75.0000000000001,
-244.168304038553));
#11995=CARTESIAN_POINT('Ctrl Pts',(-75.0457031763148,-80.0000000000001,
-244.168304038553));
#11996=CARTESIAN_POINT('Ctrl Pts',(-74.946558620015,-75.0000000000001,-244.345009694387));
#11997=CARTESIAN_POINT('Ctrl Pts',(-74.946558620015,-80.0000000000001,-244.345009694387));
#11998=CARTESIAN_POINT('Ctrl Pts',(-74.9341406559175,-75.0000000000001,
-244.547388445689));
#11999=CARTESIAN_POINT('Ctrl Pts',(-74.9341406559175,-80.0000000000001,
-244.547388445689));
#12000=CARTESIAN_POINT('Ctrl Pts',(-74.9278022673091,-75.0000000000001,
-244.650686793291));
#12001=CARTESIAN_POINT('Ctrl Pts',(-74.9278022673091,-80.0000000000001,
-244.650686793291));
#12002=CARTESIAN_POINT('',(-75.0942422773799,-80.0000000000001,-244.081792645418));
#12003=CARTESIAN_POINT('Ctrl Pts',(-75.0942422773799,-80.0000000000001,
-244.081792645418));
#12004=CARTESIAN_POINT('Ctrl Pts',(-75.0457031763148,-80.0000000000001,
-244.168304038553));
#12005=CARTESIAN_POINT('Ctrl Pts',(-74.946558620015,-80.0000000000001,-244.345009694387));
#12006=CARTESIAN_POINT('Ctrl Pts',(-74.9341406559175,-80.0000000000001,
-244.547388445689));
#12007=CARTESIAN_POINT('Ctrl Pts',(-74.9278022673091,-80.0000000000001,
-244.650686793291));
#12008=CARTESIAN_POINT('',(-75.0942422773799,-80.0000000000001,-244.081792645418));
#12009=CARTESIAN_POINT('Ctrl Pts',(-75.6099309351405,-75.0000000000001,
-243.673879914247));
#12010=CARTESIAN_POINT('Ctrl Pts',(-75.6099309351405,-80.0000000000001,
-243.673879914247));
#12011=CARTESIAN_POINT('Ctrl Pts',(-75.5033382465133,-75.0000000000001,
-243.72799193761));
#12012=CARTESIAN_POINT('Ctrl Pts',(-75.5033382465133,-80.0000000000001,
-243.72799193761));
#12013=CARTESIAN_POINT('Ctrl Pts',(-75.3035777659132,-75.0000000000001,
-243.829400804695));
#12014=CARTESIAN_POINT('Ctrl Pts',(-75.3035777659132,-80.0000000000001,
-243.829400804695));
#12015=CARTESIAN_POINT('Ctrl Pts',(-75.1608228265256,-75.0000000000001,
-244.001517736118));
#12016=CARTESIAN_POINT('Ctrl Pts',(-75.1608228265256,-80.0000000000001,
-244.001517736118));
#12017=CARTESIAN_POINT('Ctrl Pts',(-75.0942422773799,-75.0000000000001,
-244.081792645418));
#12018=CARTESIAN_POINT('Ctrl Pts',(-75.0942422773799,-80.0000000000001,
-244.081792645418));
#12019=CARTESIAN_POINT('',(-75.6099309351405,-80.0000000000001,-243.673879914247));
#12020=CARTESIAN_POINT('Ctrl Pts',(-75.6099309351405,-80.0000000000001,
-243.673879914247));
#12021=CARTESIAN_POINT('Ctrl Pts',(-75.5033382465133,-80.0000000000001,
-243.72799193761));
#12022=CARTESIAN_POINT('Ctrl Pts',(-75.3035777659132,-80.0000000000001,
-243.829400804695));
#12023=CARTESIAN_POINT('Ctrl Pts',(-75.1608228265256,-80.0000000000001,
-244.001517736118));
#12024=CARTESIAN_POINT('Ctrl Pts',(-75.0942422773799,-80.0000000000001,
-244.081792645418));
#12025=CARTESIAN_POINT('',(-75.6099309351405,-80.0000000000001,-243.673879914247));
#12026=CARTESIAN_POINT('Ctrl Pts',(-76.4953328993281,-75.0000000000001,
-243.418763689958));
#12027=CARTESIAN_POINT('Ctrl Pts',(-76.4953328993281,-80.0000000000001,
-243.418763689958));
#12028=CARTESIAN_POINT('Ctrl Pts',(-76.3125800895172,-75.0000000000001,
-243.459592695592));
#12029=CARTESIAN_POINT('Ctrl Pts',(-76.3125800895172,-80.0000000000001,
-243.459592695592));
#12030=CARTESIAN_POINT('Ctrl Pts',(-76.0121019712337,-75.0000000000001,
-243.526722841481));
#12031=CARTESIAN_POINT('Ctrl Pts',(-76.0121019712337,-80.0000000000001,
-243.526722841481));
#12032=CARTESIAN_POINT('Ctrl Pts',(-75.7231430856244,-75.0000000000001,
-243.632454830958));
#12033=CARTESIAN_POINT('Ctrl Pts',(-75.7231430856244,-80.0000000000001,
-243.632454830958));
#12034=CARTESIAN_POINT('Ctrl Pts',(-75.6099309351405,-75.0000000000001,
-243.673879914247));
#12035=CARTESIAN_POINT('Ctrl Pts',(-75.6099309351405,-80.0000000000001,
-243.673879914247));
#12036=CARTESIAN_POINT('',(-76.4953328993281,-80.0000000000001,-243.418763689958));
#12037=CARTESIAN_POINT('Ctrl Pts',(-76.4953328993281,-80.0000000000001,
-243.418763689958));
#12038=CARTESIAN_POINT('Ctrl Pts',(-76.3125800895172,-80.0000000000001,
-243.459592695592));
#12039=CARTESIAN_POINT('Ctrl Pts',(-76.0121019712337,-80.0000000000001,
-243.526722841481));
#12040=CARTESIAN_POINT('Ctrl Pts',(-75.7231430856244,-80.0000000000001,
-243.632454830958));
#12041=CARTESIAN_POINT('Ctrl Pts',(-75.6099309351405,-80.0000000000001,
-243.673879914247));
#12042=CARTESIAN_POINT('',(-76.4953328993281,-80.0000000000001,-243.418763689958));
#12043=CARTESIAN_POINT('Ctrl Pts',(-77.293423595663,-75.0000000000001,-243.133634142839));
#12044=CARTESIAN_POINT('Ctrl Pts',(-77.293423595663,-80.0000000000001,-243.133634142839));
#12045=CARTESIAN_POINT('Ctrl Pts',(-77.2028255025795,-75.0000000000001,
-243.184125541973));
#12046=CARTESIAN_POINT('Ctrl Pts',(-77.2028255025795,-80.0000000000001,
-243.184125541973));
#12047=CARTESIAN_POINT('Ctrl Pts',(-76.9538007129765,-75.0000000000001,
-243.322910030898));
#12048=CARTESIAN_POINT('Ctrl Pts',(-76.9538007129765,-80.0000000000001,
-243.322910030898));
#12049=CARTESIAN_POINT('Ctrl Pts',(-76.6735959408206,-75.0000000000001,
-243.381493538612));
#12050=CARTESIAN_POINT('Ctrl Pts',(-76.6735959408206,-80.0000000000001,
-243.381493538612));
#12051=CARTESIAN_POINT('Ctrl Pts',(-76.4953328993281,-75.0000000000001,
-243.418763689958));
#12052=CARTESIAN_POINT('Ctrl Pts',(-76.4953328993281,-80.0000000000001,
-243.418763689958));
#12053=CARTESIAN_POINT('',(-77.293423595663,-80.0000000000001,-243.133634142839));
#12054=CARTESIAN_POINT('Ctrl Pts',(-77.293423595663,-80.0000000000001,-243.133634142839));
#12055=CARTESIAN_POINT('Ctrl Pts',(-77.2028255025795,-80.0000000000001,
-243.184125541973));
#12056=CARTESIAN_POINT('Ctrl Pts',(-76.9538007129765,-80.0000000000001,
-243.322910030898));
#12057=CARTESIAN_POINT('Ctrl Pts',(-76.6735959408206,-80.0000000000001,
-243.381493538612));
#12058=CARTESIAN_POINT('Ctrl Pts',(-76.4953328993281,-80.0000000000001,
-243.418763689958));
#12059=CARTESIAN_POINT('',(-77.293423595663,-80.0000000000001,-243.133634142839));
#12060=CARTESIAN_POINT('Ctrl Pts',(-77.4489488031825,-75.0000000000001,
-242.778926901781));
#12061=CARTESIAN_POINT('Ctrl Pts',(-77.4489488031825,-80.0000000000001,
-242.778926901781));
#12062=CARTESIAN_POINT('Ctrl Pts',(-77.4427114938278,-75.0000000000001,
-242.847375744448));
#12063=CARTESIAN_POINT('Ctrl Pts',(-77.4427114938278,-80.0000000000001,
-242.847375744448));
#12064=CARTESIAN_POINT('Ctrl Pts',(-77.4303511074693,-75.0000000000001,
-242.983019832795));
#12065=CARTESIAN_POINT('Ctrl Pts',(-77.4303511074693,-80.0000000000001,
-242.983019832795));
#12066=CARTESIAN_POINT('Ctrl Pts',(-77.338784017695,-75.0000000000001,-243.083739650655));
#12067=CARTESIAN_POINT('Ctrl Pts',(-77.338784017695,-80.0000000000001,-243.083739650655));
#12068=CARTESIAN_POINT('Ctrl Pts',(-77.293423595663,-75.0000000000001,-243.133634142839));
#12069=CARTESIAN_POINT('Ctrl Pts',(-77.293423595663,-80.0000000000001,-243.133634142839));
#12070=CARTESIAN_POINT('',(-77.4489488031825,-80.0000000000001,-242.778926901781));
#12071=CARTESIAN_POINT('Ctrl Pts',(-77.4489488031825,-80.0000000000001,
-242.778926901781));
#12072=CARTESIAN_POINT('Ctrl Pts',(-77.4427114938278,-80.0000000000001,
-242.847375744448));
#12073=CARTESIAN_POINT('Ctrl Pts',(-77.4303511074693,-80.0000000000001,
-242.983019832795));
#12074=CARTESIAN_POINT('Ctrl Pts',(-77.338784017695,-80.0000000000001,-243.083739650655));
#12075=CARTESIAN_POINT('Ctrl Pts',(-77.293423595663,-80.0000000000001,-243.133634142839));
#12076=CARTESIAN_POINT('',(-77.4489488031825,-80.0000000000001,-242.778926901781));
#12077=CARTESIAN_POINT('Ctrl Pts',(-77.2293033029994,-75.0000000000001,
-242.354643158876));
#12078=CARTESIAN_POINT('Ctrl Pts',(-77.2293033029994,-80.0000000000001,
-242.354643158876));
#12079=CARTESIAN_POINT('Ctrl Pts',(-77.2933414091533,-75.0000000000001,
-242.414707234876));
#12080=CARTESIAN_POINT('Ctrl Pts',(-77.2933414091533,-80.0000000000001,
-242.414707234876));
#12081=CARTESIAN_POINT('Ctrl Pts',(-77.4169196515371,-75.0000000000001,
-242.530616548694));
#12082=CARTESIAN_POINT('Ctrl Pts',(-77.4169196515371,-80.0000000000001,
-242.530616548694));
#12083=CARTESIAN_POINT('Ctrl Pts',(-77.4385346652531,-75.0000000000001,
-242.698189881488));
#12084=CARTESIAN_POINT('Ctrl Pts',(-77.4385346652531,-80.0000000000001,
-242.698189881488));
#12085=CARTESIAN_POINT('Ctrl Pts',(-77.4489488031825,-75.0000000000001,
-242.778926901781));
#12086=CARTESIAN_POINT('Ctrl Pts',(-77.4489488031825,-80.0000000000001,
-242.778926901781));
#12087=CARTESIAN_POINT('',(-77.2293033029994,-80.0000000000001,-242.354643158876));
#12088=CARTESIAN_POINT('Ctrl Pts',(-77.2293033029994,-80.0000000000001,
-242.354643158876));
#12089=CARTESIAN_POINT('Ctrl Pts',(-77.2933414091533,-80.0000000000001,
-242.414707234876));
#12090=CARTESIAN_POINT('Ctrl Pts',(-77.4169196515371,-80.0000000000001,
-242.530616548694));
#12091=CARTESIAN_POINT('Ctrl Pts',(-77.4385346652531,-80.0000000000001,
-242.698189881488));
#12092=CARTESIAN_POINT('Ctrl Pts',(-77.4489488031825,-80.0000000000001,
-242.778926901781));
#12093=CARTESIAN_POINT('',(-77.2293033029994,-80.0000000000001,-242.354643158876));
#12094=CARTESIAN_POINT('Ctrl Pts',(-76.5294398691615,-75.0000000000001,
-242.178654484712));
#12095=CARTESIAN_POINT('Ctrl Pts',(-76.5294398691615,-80.0000000000001,
-242.178654484712));
#12096=CARTESIAN_POINT('Ctrl Pts',(-76.6712580934796,-75.0000000000001,
-242.180809063006));
#12097=CARTESIAN_POINT('Ctrl Pts',(-76.6712580934796,-80.0000000000001,
-242.180809063006));
#12098=CARTESIAN_POINT('Ctrl Pts',(-76.9197249198415,-75.0000000000001,
-242.184583903886));
#12099=CARTESIAN_POINT('Ctrl Pts',(-76.9197249198415,-80.0000000000001,
-242.184583903886));
#12100=CARTESIAN_POINT('Ctrl Pts',(-77.1363304295453,-75.0000000000001,
-242.303570802232));
#12101=CARTESIAN_POINT('Ctrl Pts',(-77.1363304295453,-80.0000000000001,
-242.303570802232));
#12102=CARTESIAN_POINT('Ctrl Pts',(-77.2293033029994,-75.0000000000001,
-242.354643158876));
#12103=CARTESIAN_POINT('Ctrl Pts',(-77.2293033029994,-80.0000000000001,
-242.354643158876));
#12104=CARTESIAN_POINT('',(-76.5294398691615,-80.0000000000001,-242.178654484712));
#12105=CARTESIAN_POINT('Ctrl Pts',(-76.5294398691615,-80.0000000000001,
-242.178654484712));
#12106=CARTESIAN_POINT('Ctrl Pts',(-76.6712580934796,-80.0000000000001,
-242.180809063006));
#12107=CARTESIAN_POINT('Ctrl Pts',(-76.9197249198415,-80.0000000000001,
-242.184583903886));
#12108=CARTESIAN_POINT('Ctrl Pts',(-77.1363304295453,-80.0000000000001,
-242.303570802232));
#12109=CARTESIAN_POINT('Ctrl Pts',(-77.2293033029994,-80.0000000000001,
-242.354643158876));
#12110=CARTESIAN_POINT('',(-76.5294398691615,-80.0000000000001,-242.178654484712));
#12111=CARTESIAN_POINT('Ctrl Pts',(-75.832304539915,-75.0000000000001,-242.372379116976));
#12112=CARTESIAN_POINT('Ctrl Pts',(-75.832304539915,-80.0000000000001,-242.372379116976));
#12113=CARTESIAN_POINT('Ctrl Pts',(-75.9273781399198,-75.0000000000001,
-242.316054414648));
#12114=CARTESIAN_POINT('Ctrl Pts',(-75.9273781399198,-80.0000000000001,
-242.316054414648));
#12115=CARTESIAN_POINT('Ctrl Pts',(-76.1412105555838,-75.0000000000001,
-242.189373115531));
#12116=CARTESIAN_POINT('Ctrl Pts',(-76.1412105555838,-80.0000000000001,
-242.189373115531));
#12117=CARTESIAN_POINT('Ctrl Pts',(-76.3908142857351,-75.0000000000001,
-242.182481801195));
#12118=CARTESIAN_POINT('Ctrl Pts',(-76.3908142857351,-80.0000000000001,
-242.182481801195));
#12119=CARTESIAN_POINT('Ctrl Pts',(-76.5294398691615,-75.0000000000001,
-242.178654484712));
#12120=CARTESIAN_POINT('Ctrl Pts',(-76.5294398691615,-80.0000000000001,
-242.178654484712));
#12121=CARTESIAN_POINT('',(-75.832304539915,-80.0000000000001,-242.372379116976));
#12122=CARTESIAN_POINT('Ctrl Pts',(-75.832304539915,-80.0000000000001,-242.372379116976));
#12123=CARTESIAN_POINT('Ctrl Pts',(-75.9273781399198,-80.0000000000001,
-242.316054414648));
#12124=CARTESIAN_POINT('Ctrl Pts',(-76.1412105555838,-80.0000000000001,
-242.189373115531));
#12125=CARTESIAN_POINT('Ctrl Pts',(-76.3908142857351,-80.0000000000001,
-242.182481801195));
#12126=CARTESIAN_POINT('Ctrl Pts',(-76.5294398691615,-80.0000000000001,
-242.178654484712));
#12127=CARTESIAN_POINT('',(-75.832304539915,-80.0000000000001,-242.372379116976));
#12128=CARTESIAN_POINT('Ctrl Pts',(-75.5553604986629,-75.0000000000001,
-242.945365719759));
#12129=CARTESIAN_POINT('Ctrl Pts',(-75.5553604986629,-80.0000000000001,
-242.945365719759));
#12130=CARTESIAN_POINT('Ctrl Pts',(-75.57443649221,-75.0000000000001,-242.829006359685));
#12131=CARTESIAN_POINT('Ctrl Pts',(-75.57443649221,-80.0000000000001,-242.829006359685));
#12132=CARTESIAN_POINT('Ctrl Pts',(-75.6103605573733,-75.0000000000001,
-242.609877472724));
#12133=CARTESIAN_POINT('Ctrl Pts',(-75.6103605573733,-80.0000000000001,
-242.609877472724));
#12134=CARTESIAN_POINT('Ctrl Pts',(-75.7614465390675,-75.0000000000001,
-242.448203018575));
#12135=CARTESIAN_POINT('Ctrl Pts',(-75.7614465390675,-80.0000000000001,
-242.448203018575));
#12136=CARTESIAN_POINT('Ctrl Pts',(-75.832304539915,-75.0000000000001,-242.372379116976));
#12137=CARTESIAN_POINT('Ctrl Pts',(-75.832304539915,-80.0000000000001,-242.372379116976));
#12138=CARTESIAN_POINT('',(-75.5553604986629,-80.0000000000001,-242.945365719759));
#12139=CARTESIAN_POINT('Ctrl Pts',(-75.5553604986629,-80.0000000000001,
-242.945365719759));
#12140=CARTESIAN_POINT('Ctrl Pts',(-75.57443649221,-80.0000000000001,-242.829006359685));
#12141=CARTESIAN_POINT('Ctrl Pts',(-75.6103605573733,-80.0000000000001,
-242.609877472724));
#12142=CARTESIAN_POINT('Ctrl Pts',(-75.7614465390675,-80.0000000000001,
-242.448203018575));
#12143=CARTESIAN_POINT('Ctrl Pts',(-75.832304539915,-80.0000000000001,-242.372379116976));
#12144=CARTESIAN_POINT('',(-75.5553604986629,-80.0000000000001,-242.945365719759));
#12145=CARTESIAN_POINT('Origin',(-75.3016086246928,-80.0000000000001,-242.926266603433));
#12146=CARTESIAN_POINT('',(-75.0478567507228,-80.0000000000001,-242.907167487108));
#12147=CARTESIAN_POINT('',(-60.9218801495922,-80.0000000000001,-241.843949052132));
#12148=CARTESIAN_POINT('',(-75.0478567507228,-80.0000000000001,-242.907167487108));
#12149=CARTESIAN_POINT('Ctrl Pts',(-75.2443100836238,-75.0000000000001,
-242.276880555117));
#12150=CARTESIAN_POINT('Ctrl Pts',(-75.2443100836238,-80.0000000000001,
-242.276880555117));
#12151=CARTESIAN_POINT('Ctrl Pts',(-75.1903924927643,-75.0000000000001,
-242.373567038993));
#12152=CARTESIAN_POINT('Ctrl Pts',(-75.1903924927643,-80.0000000000001,
-242.373567038993));
#12153=CARTESIAN_POINT('Ctrl Pts',(-75.0809312257543,-75.0000000000001,
-242.569855946919));
#12154=CARTESIAN_POINT('Ctrl Pts',(-75.0809312257543,-80.0000000000001,
-242.569855946919));
#12155=CARTESIAN_POINT('Ctrl Pts',(-75.0589902228165,-75.0000000000001,
-242.793622264818));
#12156=CARTESIAN_POINT('Ctrl Pts',(-75.0589902228165,-80.0000000000001,
-242.793622264818));
#12157=CARTESIAN_POINT('Ctrl Pts',(-75.0478567507228,-75.0000000000001,
-242.907167487108));
#12158=CARTESIAN_POINT('Ctrl Pts',(-75.0478567507228,-80.0000000000001,
-242.907167487108));
#12159=CARTESIAN_POINT('',(-75.2443100836238,-80.0000000000001,-242.276880555117));
#12160=CARTESIAN_POINT('Ctrl Pts',(-75.2443100836238,-80.0000000000001,
-242.276880555117));
#12161=CARTESIAN_POINT('Ctrl Pts',(-75.1903924927643,-80.0000000000001,
-242.373567038993));
#12162=CARTESIAN_POINT('Ctrl Pts',(-75.0809312257543,-80.0000000000001,
-242.569855946919));
#12163=CARTESIAN_POINT('Ctrl Pts',(-75.0589902228165,-80.0000000000001,
-242.793622264818));
#12164=CARTESIAN_POINT('Ctrl Pts',(-75.0478567507228,-80.0000000000001,
-242.907167487108));
#12165=CARTESIAN_POINT('',(-75.2443100836238,-80.0000000000001,-242.276880555117));
#12166=CARTESIAN_POINT('Ctrl Pts',(-75.7668198969325,-75.0000000000001,
-241.85532551285));
#12167=CARTESIAN_POINT('Ctrl Pts',(-75.7668198969325,-80.0000000000001,
-241.85532551285));
#12168=CARTESIAN_POINT('Ctrl Pts',(-75.661007153875,-75.0000000000001,-241.907380481556));
#12169=CARTESIAN_POINT('Ctrl Pts',(-75.661007153875,-80.0000000000001,-241.907380481556));
#12170=CARTESIAN_POINT('Ctrl Pts',(-75.4549757258622,-75.0000000000001,
-242.008738401481));
#12171=CARTESIAN_POINT('Ctrl Pts',(-75.4549757258622,-80.0000000000001,
-242.008738401481));
#12172=CARTESIAN_POINT('Ctrl Pts',(-75.3132492700482,-75.0000000000001,
-242.18913249273));
#12173=CARTESIAN_POINT('Ctrl Pts',(-75.3132492700482,-80.0000000000001,
-242.18913249273));
#12174=CARTESIAN_POINT('Ctrl Pts',(-75.2443100836238,-75.0000000000001,
-242.276880555117));
#12175=CARTESIAN_POINT('Ctrl Pts',(-75.2443100836238,-80.0000000000001,
-242.276880555117));
#12176=CARTESIAN_POINT('',(-75.7668198969325,-80.0000000000001,-241.85532551285));
#12177=CARTESIAN_POINT('Ctrl Pts',(-75.7668198969325,-80.0000000000001,
-241.85532551285));
#12178=CARTESIAN_POINT('Ctrl Pts',(-75.661007153875,-80.0000000000001,-241.907380481556));
#12179=CARTESIAN_POINT('Ctrl Pts',(-75.4549757258622,-80.0000000000001,
-242.008738401481));
#12180=CARTESIAN_POINT('Ctrl Pts',(-75.3132492700482,-80.0000000000001,
-242.18913249273));
#12181=CARTESIAN_POINT('Ctrl Pts',(-75.2443100836238,-80.0000000000001,
-242.276880555117));
#12182=CARTESIAN_POINT('',(-75.7668198969325,-80.0000000000001,-241.85532551285));
#12183=CARTESIAN_POINT('Ctrl Pts',(-76.5512676861247,-75.0000000000001,
-241.712078862154));
#12184=CARTESIAN_POINT('Ctrl Pts',(-76.5512676861247,-80.0000000000001,
-241.712078862154));
#12185=CARTESIAN_POINT('Ctrl Pts',(-76.4104203959605,-75.0000000000001,
-241.716809956587));
#12186=CARTESIAN_POINT('Ctrl Pts',(-76.4104203959605,-80.0000000000001,
-241.716809956587));
#12187=CARTESIAN_POINT('Ctrl Pts',(-76.141673155782,-75.0000000000001,-241.725837241175));
#12188=CARTESIAN_POINT('Ctrl Pts',(-76.141673155782,-80.0000000000001,-241.725837241175));
#12189=CARTESIAN_POINT('Ctrl Pts',(-75.8876923353487,-75.0000000000001,
-241.813571672449));
#12190=CARTESIAN_POINT('Ctrl Pts',(-75.8876923353487,-80.0000000000001,
-241.813571672449));
#12191=CARTESIAN_POINT('Ctrl Pts',(-75.7668198969325,-75.0000000000001,
-241.85532551285));
#12192=CARTESIAN_POINT('Ctrl Pts',(-75.7668198969325,-80.0000000000001,
-241.85532551285));
#12193=CARTESIAN_POINT('',(-76.5512676861247,-80.0000000000001,-241.712078862154));
#12194=CARTESIAN_POINT('Ctrl Pts',(-76.5512676861247,-80.0000000000001,
-241.712078862154));
#12195=CARTESIAN_POINT('Ctrl Pts',(-76.4104203959605,-80.0000000000001,
-241.716809956587));
#12196=CARTESIAN_POINT('Ctrl Pts',(-76.141673155782,-80.0000000000001,-241.725837241175));
#12197=CARTESIAN_POINT('Ctrl Pts',(-75.8876923353487,-80.0000000000001,
-241.813571672449));
#12198=CARTESIAN_POINT('Ctrl Pts',(-75.7668198969325,-80.0000000000001,
-241.85532551285));
#12199=CARTESIAN_POINT('',(-76.5512676861247,-80.0000000000001,-241.712078862154));
#12200=CARTESIAN_POINT('Ctrl Pts',(-77.2852374937495,-75.0000000000001,
-241.848504357302));
#12201=CARTESIAN_POINT('Ctrl Pts',(-77.2852374937495,-80.0000000000001,
-241.848504357302));
#12202=CARTESIAN_POINT('Ctrl Pts',(-77.1701212418863,-75.0000000000001,
-241.808724234915));
#12203=CARTESIAN_POINT('Ctrl Pts',(-77.1701212418863,-80.0000000000001,
-241.808724234915));
#12204=CARTESIAN_POINT('Ctrl Pts',(-76.9323995330026,-75.0000000000001,
-241.726575984602));
#12205=CARTESIAN_POINT('Ctrl Pts',(-76.9323995330026,-80.0000000000001,
-241.726575984602));
#12206=CARTESIAN_POINT('Ctrl Pts',(-76.680952174815,-75.0000000000001,-241.717011674585));
#12207=CARTESIAN_POINT('Ctrl Pts',(-76.680952174815,-80.0000000000001,-241.717011674585));
#12208=CARTESIAN_POINT('Ctrl Pts',(-76.5512676861247,-75.0000000000001,
-241.712078862154));
#12209=CARTESIAN_POINT('Ctrl Pts',(-76.5512676861247,-80.0000000000001,
-241.712078862154));
#12210=CARTESIAN_POINT('',(-77.2852374937495,-80.0000000000001,-241.848504357302));
#12211=CARTESIAN_POINT('Ctrl Pts',(-77.2852374937495,-80.0000000000001,
-241.848504357302));
#12212=CARTESIAN_POINT('Ctrl Pts',(-77.1701212418863,-80.0000000000001,
-241.808724234915));
#12213=CARTESIAN_POINT('Ctrl Pts',(-76.9323995330026,-80.0000000000001,
-241.726575984602));
#12214=CARTESIAN_POINT('Ctrl Pts',(-76.680952174815,-80.0000000000001,-241.717011674585));
#12215=CARTESIAN_POINT('Ctrl Pts',(-76.5512676861247,-80.0000000000001,
-241.712078862154));
#12216=CARTESIAN_POINT('',(-77.2852374937495,-80.0000000000001,-241.848504357302));
#12217=CARTESIAN_POINT('Ctrl Pts',(-77.787283840414,-75.0000000000001,-242.248230986559));
#12218=CARTESIAN_POINT('Ctrl Pts',(-77.787283840414,-80.0000000000001,-242.248230986559));
#12219=CARTESIAN_POINT('Ctrl Pts',(-77.7216249801681,-75.0000000000001,
-242.165038669076));
#12220=CARTESIAN_POINT('Ctrl Pts',(-77.7216249801681,-80.0000000000001,
-242.165038669076));
#12221=CARTESIAN_POINT('Ctrl Pts',(-77.5856743601586,-75.0000000000001,
-241.99278397109));
#12222=CARTESIAN_POINT('Ctrl Pts',(-77.5856743601586,-80.0000000000001,
-241.99278397109));
#12223=CARTESIAN_POINT('Ctrl Pts',(-77.3876327243563,-75.0000000000001,
-241.897677897494));
#12224=CARTESIAN_POINT('Ctrl Pts',(-77.3876327243563,-80.0000000000001,
-241.897677897494));
#12225=CARTESIAN_POINT('Ctrl Pts',(-77.2852374937495,-75.0000000000001,
-241.848504357302));
#12226=CARTESIAN_POINT('Ctrl Pts',(-77.2852374937495,-80.0000000000001,
-241.848504357302));
#12227=CARTESIAN_POINT('',(-77.787283840414,-80.0000000000001,-242.248230986559));
#12228=CARTESIAN_POINT('Ctrl Pts',(-77.787283840414,-80.0000000000001,-242.248230986559));
#12229=CARTESIAN_POINT('Ctrl Pts',(-77.7216249801681,-80.0000000000001,
-242.165038669076));
#12230=CARTESIAN_POINT('Ctrl Pts',(-77.5856743601586,-80.0000000000001,
-241.99278397109));
#12231=CARTESIAN_POINT('Ctrl Pts',(-77.3876327243563,-80.0000000000001,
-241.897677897494));
#12232=CARTESIAN_POINT('Ctrl Pts',(-77.2852374937495,-80.0000000000001,
-241.848504357302));
#12233=CARTESIAN_POINT('',(-77.787283840414,-80.0000000000001,-242.248230986559));
#12234=CARTESIAN_POINT('Ctrl Pts',(-77.9591803576907,-75.0000000000001,
-242.814397625887));
#12235=CARTESIAN_POINT('Ctrl Pts',(-77.9591803576907,-80.0000000000001,
-242.814397625887));
#12236=CARTESIAN_POINT('Ctrl Pts',(-77.9517360434153,-75.0000000000001,
-242.714661965822));
#12237=CARTESIAN_POINT('Ctrl Pts',(-77.9517360434153,-80.0000000000001,
-242.714661965822));
#12238=CARTESIAN_POINT('Ctrl Pts',(-77.9366971574098,-75.0000000000001,
-242.51317756217));
#12239=CARTESIAN_POINT('Ctrl Pts',(-77.9366971574098,-80.0000000000001,
-242.51317756217));
#12240=CARTESIAN_POINT('Ctrl Pts',(-77.8374189177231,-75.0000000000001,
-242.337132814844));
#12241=CARTESIAN_POINT('Ctrl Pts',(-77.8374189177231,-80.0000000000001,
-242.337132814844));
#12242=CARTESIAN_POINT('Ctrl Pts',(-77.787283840414,-75.0000000000001,-242.248230986559));
#12243=CARTESIAN_POINT('Ctrl Pts',(-77.787283840414,-80.0000000000001,-242.248230986559));
#12244=CARTESIAN_POINT('',(-77.9591803576907,-80.0000000000001,-242.814397625887));
#12245=CARTESIAN_POINT('Ctrl Pts',(-77.9591803576907,-80.0000000000001,
-242.814397625887));
#12246=CARTESIAN_POINT('Ctrl Pts',(-77.9517360434153,-80.0000000000001,
-242.714661965822));
#12247=CARTESIAN_POINT('Ctrl Pts',(-77.9366971574098,-80.0000000000001,
-242.51317756217));
#12248=CARTESIAN_POINT('Ctrl Pts',(-77.8374189177231,-80.0000000000001,
-242.337132814844));
#12249=CARTESIAN_POINT('Ctrl Pts',(-77.787283840414,-80.0000000000001,-242.248230986559));
#12250=CARTESIAN_POINT('',(-77.9591803576907,-80.0000000000001,-242.814397625887));
#12251=CARTESIAN_POINT('Ctrl Pts',(-77.8186621096095,-75.0000000000001,
-243.312351517641));
#12252=CARTESIAN_POINT('Ctrl Pts',(-77.8186621096095,-80.0000000000001,
-243.312351517641));
#12253=CARTESIAN_POINT('Ctrl Pts',(-77.8596448712627,-75.0000000000001,
-243.235456402459));
#12254=CARTESIAN_POINT('Ctrl Pts',(-77.8596448712627,-80.0000000000001,
-243.235456402459));
#12255=CARTESIAN_POINT('Ctrl Pts',(-77.9426353540539,-75.0000000000001,
-243.079743061636));
#12256=CARTESIAN_POINT('Ctrl Pts',(-77.9426353540539,-80.0000000000001,
-243.079743061636));
#12257=CARTESIAN_POINT('Ctrl Pts',(-77.9536201346063,-75.0000000000001,
-242.903571363747));
#12258=CARTESIAN_POINT('Ctrl Pts',(-77.9536201346063,-80.0000000000001,
-242.903571363747));
#12259=CARTESIAN_POINT('Ctrl Pts',(-77.9591803576907,-75.0000000000001,
-242.814397625887));
#12260=CARTESIAN_POINT('Ctrl Pts',(-77.9591803576907,-80.0000000000001,
-242.814397625887));
#12261=CARTESIAN_POINT('',(-77.8186621096095,-80.0000000000001,-243.312351517641));
#12262=CARTESIAN_POINT('Ctrl Pts',(-77.8186621096095,-80.0000000000001,
-243.312351517641));
#12263=CARTESIAN_POINT('Ctrl Pts',(-77.8596448712627,-80.0000000000001,
-243.235456402459));
#12264=CARTESIAN_POINT('Ctrl Pts',(-77.9426353540539,-80.0000000000001,
-243.079743061636));
#12265=CARTESIAN_POINT('Ctrl Pts',(-77.9536201346063,-80.0000000000001,
-242.903571363747));
#12266=CARTESIAN_POINT('Ctrl Pts',(-77.9591803576907,-80.0000000000001,
-242.814397625887));
#12267=CARTESIAN_POINT('',(-77.8186621096095,-80.0000000000001,-243.312351517641));
#12268=CARTESIAN_POINT('Ctrl Pts',(-77.391649666067,-75.0000000000001,-243.684793524706));
#12269=CARTESIAN_POINT('Ctrl Pts',(-77.391649666067,-80.0000000000001,-243.684793524706));
#12270=CARTESIAN_POINT('Ctrl Pts',(-77.4796132048895,-75.0000000000001,
-243.633977330768));
#12271=CARTESIAN_POINT('Ctrl Pts',(-77.4796132048895,-80.0000000000001,
-243.633977330768));
#12272=CARTESIAN_POINT('Ctrl Pts',(-77.6464986660913,-75.0000000000001,
-243.537568249512));
#12273=CARTESIAN_POINT('Ctrl Pts',(-77.6464986660913,-80.0000000000001,
-243.537568249512));
#12274=CARTESIAN_POINT('Ctrl Pts',(-77.7633852105679,-75.0000000000001,
-243.384662353761));
#12275=CARTESIAN_POINT('Ctrl Pts',(-77.7633852105679,-80.0000000000001,
-243.384662353761));
#12276=CARTESIAN_POINT('Ctrl Pts',(-77.8186621096095,-75.0000000000001,
-243.312351517641));
#12277=CARTESIAN_POINT('Ctrl Pts',(-77.8186621096095,-80.0000000000001,
-243.312351517641));
#12278=CARTESIAN_POINT('',(-77.391649666067,-80.0000000000001,-243.684793524706));
#12279=CARTESIAN_POINT('Ctrl Pts',(-77.391649666067,-80.0000000000001,-243.684793524706));
#12280=CARTESIAN_POINT('Ctrl Pts',(-77.4796132048895,-80.0000000000001,
-243.633977330768));
#12281=CARTESIAN_POINT('Ctrl Pts',(-77.6464986660913,-80.0000000000001,
-243.537568249512));
#12282=CARTESIAN_POINT('Ctrl Pts',(-77.7633852105679,-80.0000000000001,
-243.384662353761));
#12283=CARTESIAN_POINT('Ctrl Pts',(-77.8186621096095,-80.0000000000001,
-243.312351517641));
#12284=CARTESIAN_POINT('',(-77.391649666067,-80.0000000000001,-243.684793524706));
#12285=CARTESIAN_POINT('Ctrl Pts',(-76.6194804336986,-75.0000000000001,
-243.934452347719));
#12286=CARTESIAN_POINT('Ctrl Pts',(-76.6194804336986,-80.0000000000001,
-243.934452347719));
#12287=CARTESIAN_POINT('Ctrl Pts',(-76.7774078732052,-75.0000000000001,
-243.896719974533));
#12288=CARTESIAN_POINT('Ctrl Pts',(-76.7774078732052,-80.0000000000001,
-243.896719974533));
#12289=CARTESIAN_POINT('Ctrl Pts',(-77.0415442614925,-75.0000000000001,
-243.833611924367));
#12290=CARTESIAN_POINT('Ctrl Pts',(-77.0415442614925,-80.0000000000001,
-243.833611924367));
#12291=CARTESIAN_POINT('Ctrl Pts',(-77.2912451968851,-75.0000000000001,
-243.727472192979));
#12292=CARTESIAN_POINT('Ctrl Pts',(-77.2912451968851,-80.0000000000001,
-243.727472192979));
#12293=CARTESIAN_POINT('Ctrl Pts',(-77.391649666067,-75.0000000000001,-243.684793524706));
#12294=CARTESIAN_POINT('Ctrl Pts',(-77.391649666067,-80.0000000000001,-243.684793524706));
#12295=CARTESIAN_POINT('',(-76.6194804336986,-80.0000000000001,-243.934452347719));
#12296=CARTESIAN_POINT('Ctrl Pts',(-76.6194804336986,-80.0000000000001,
-243.934452347719));
#12297=CARTESIAN_POINT('Ctrl Pts',(-76.7774078732052,-80.0000000000001,
-243.896719974533));
#12298=CARTESIAN_POINT('Ctrl Pts',(-77.0415442614925,-80.0000000000001,
-243.833611924367));
#12299=CARTESIAN_POINT('Ctrl Pts',(-77.2912451968851,-80.0000000000001,
-243.727472192979));
#12300=CARTESIAN_POINT('Ctrl Pts',(-77.391649666067,-80.0000000000001,-243.684793524706));
#12301=CARTESIAN_POINT('',(-76.6194804336986,-80.0000000000001,-243.934452347719));
#12302=CARTESIAN_POINT('Ctrl Pts',(-75.9073390390834,-75.0000000000001,
-244.129540734255));
#12303=CARTESIAN_POINT('Ctrl Pts',(-75.9073390390834,-80.0000000000001,
-244.129540734255));
#12304=CARTESIAN_POINT('Ctrl Pts',(-75.9932794625661,-75.0000000000001,
-244.101989590844));
#12305=CARTESIAN_POINT('Ctrl Pts',(-75.9932794625661,-80.0000000000001,
-244.101989590844));
#12306=CARTESIAN_POINT('Ctrl Pts',(-76.2278014617547,-75.0000000000001,
-244.026805539255));
#12307=CARTESIAN_POINT('Ctrl Pts',(-76.2278014617547,-80.0000000000001,
-244.026805539255));
#12308=CARTESIAN_POINT('Ctrl Pts',(-76.4675730054311,-75.0000000000001,
-243.970270292575));
#12309=CARTESIAN_POINT('Ctrl Pts',(-76.4675730054311,-80.0000000000001,
-243.970270292575));
#12310=CARTESIAN_POINT('Ctrl Pts',(-76.6194804336986,-75.0000000000001,
-243.934452347719));
#12311=CARTESIAN_POINT('Ctrl Pts',(-76.6194804336986,-80.0000000000001,
-243.934452347719));
#12312=CARTESIAN_POINT('',(-75.9073390390834,-80.0000000000001,-244.129540734255));
#12313=CARTESIAN_POINT('Ctrl Pts',(-75.9073390390834,-80.0000000000001,
-244.129540734255));
#12314=CARTESIAN_POINT('Ctrl Pts',(-75.9932794625661,-80.0000000000001,
-244.101989590844));
#12315=CARTESIAN_POINT('Ctrl Pts',(-76.2278014617547,-80.0000000000001,
-244.026805539255));
#12316=CARTESIAN_POINT('Ctrl Pts',(-76.4675730054311,-80.0000000000001,
-243.970270292575));
#12317=CARTESIAN_POINT('Ctrl Pts',(-76.6194804336986,-80.0000000000001,
-243.934452347719));
#12318=CARTESIAN_POINT('',(-75.9073390390834,-80.0000000000001,-244.129540734255));
#12319=CARTESIAN_POINT('Ctrl Pts',(-75.5471749927959,-75.0000000000001,
-244.365557246172));
#12320=CARTESIAN_POINT('Ctrl Pts',(-75.5471749927959,-80.0000000000001,
-244.365557246172));
#12321=CARTESIAN_POINT('Ctrl Pts',(-75.5932059511609,-75.0000000000001,
-244.319256721));
#12322=CARTESIAN_POINT('Ctrl Pts',(-75.5932059511609,-80.0000000000001,
-244.319256721));
#12323=CARTESIAN_POINT('Ctrl Pts',(-75.6963215759834,-75.0000000000001,
-244.215537229765));
#12324=CARTESIAN_POINT('Ctrl Pts',(-75.6963215759834,-80.0000000000001,
-244.215537229765));
#12325=CARTESIAN_POINT('Ctrl Pts',(-75.8321465322439,-75.0000000000001,
-244.160184132113));
#12326=CARTESIAN_POINT('Ctrl Pts',(-75.8321465322439,-80.0000000000001,
-244.160184132113));
#12327=CARTESIAN_POINT('Ctrl Pts',(-75.9073390390834,-75.0000000000001,
-244.129540734255));
#12328=CARTESIAN_POINT('Ctrl Pts',(-75.9073390390834,-80.0000000000001,
-244.129540734255));
#12329=CARTESIAN_POINT('',(-75.5471749927959,-80.0000000000001,-244.365557246172));
#12330=CARTESIAN_POINT('Ctrl Pts',(-75.5471749927959,-80.0000000000001,
-244.365557246172));
#12331=CARTESIAN_POINT('Ctrl Pts',(-75.5932059511609,-80.0000000000001,
-244.319256721));
#12332=CARTESIAN_POINT('Ctrl Pts',(-75.6963215759834,-80.0000000000001,
-244.215537229765));
#12333=CARTESIAN_POINT('Ctrl Pts',(-75.8321465322439,-80.0000000000001,
-244.160184132113));
#12334=CARTESIAN_POINT('Ctrl Pts',(-75.9073390390834,-80.0000000000001,
-244.129540734255));
#12335=CARTESIAN_POINT('',(-75.5471749927959,-80.0000000000001,-244.365557246172));
#12336=CARTESIAN_POINT('Ctrl Pts',(-75.438034715887,-75.0000000000001,-244.69434361931));
#12337=CARTESIAN_POINT('Ctrl Pts',(-75.438034715887,-80.0000000000001,-244.69434361931));
#12338=CARTESIAN_POINT('Ctrl Pts',(-75.4422968823837,-75.0000000000001,
-244.633948305463));
#12339=CARTESIAN_POINT('Ctrl Pts',(-75.4422968823837,-80.0000000000001,
-244.633948305463));
#12340=CARTESIAN_POINT('Ctrl Pts',(-75.4506924865872,-75.0000000000001,
-244.514981777241));
#12341=CARTESIAN_POINT('Ctrl Pts',(-75.4506924865872,-80.0000000000001,
-244.514981777241));
#12342=CARTESIAN_POINT('Ctrl Pts',(-75.5153445917111,-75.0000000000001,
-244.414853672465));
#12343=CARTESIAN_POINT('Ctrl Pts',(-75.5153445917111,-80.0000000000001,
-244.414853672465));
#12344=CARTESIAN_POINT('Ctrl Pts',(-75.5471749927959,-75.0000000000001,
-244.365557246172));
#12345=CARTESIAN_POINT('Ctrl Pts',(-75.5471749927959,-80.0000000000001,
-244.365557246172));
#12346=CARTESIAN_POINT('',(-75.438034715887,-80.0000000000001,-244.69434361931));
#12347=CARTESIAN_POINT('Ctrl Pts',(-75.438034715887,-80.0000000000001,-244.69434361931));
#12348=CARTESIAN_POINT('Ctrl Pts',(-75.4422968823837,-80.0000000000001,
-244.633948305463));
#12349=CARTESIAN_POINT('Ctrl Pts',(-75.4506924865872,-80.0000000000001,
-244.514981777241));
#12350=CARTESIAN_POINT('Ctrl Pts',(-75.5153445917111,-80.0000000000001,
-244.414853672465));
#12351=CARTESIAN_POINT('Ctrl Pts',(-75.5471749927959,-80.0000000000001,
-244.365557246172));
#12352=CARTESIAN_POINT('',(-75.438034715887,-80.0000000000001,-244.69434361931));
#12353=CARTESIAN_POINT('Ctrl Pts',(-75.5512680437526,-75.0000000000001,
-245.036771111452));
#12354=CARTESIAN_POINT('Ctrl Pts',(-75.5512680437526,-80.0000000000001,
-245.036771111452));
#12355=CARTESIAN_POINT('Ctrl Pts',(-75.5182430207057,-75.0000000000001,
-244.983637638726));
#12356=CARTESIAN_POINT('Ctrl Pts',(-75.5182430207057,-80.0000000000001,
-244.983637638726));
#12357=CARTESIAN_POINT('Ctrl Pts',(-75.4529296399001,-75.0000000000001,
-244.878555903198));
#12358=CARTESIAN_POINT('Ctrl Pts',(-75.4529296399001,-80.0000000000001,
-244.878555903198));
#12359=CARTESIAN_POINT('Ctrl Pts',(-75.4429622165893,-75.0000000000001,
-244.755284256364));
#12360=CARTESIAN_POINT('Ctrl Pts',(-75.4429622165893,-80.0000000000001,
-244.755284256364));
#12361=CARTESIAN_POINT('Ctrl Pts',(-75.438034715887,-75.0000000000001,-244.69434361931));
#12362=CARTESIAN_POINT('Ctrl Pts',(-75.438034715887,-80.0000000000001,-244.69434361931));
#12363=CARTESIAN_POINT('',(-75.5512680437526,-80.0000000000001,-245.036771111452));
#12364=CARTESIAN_POINT('Ctrl Pts',(-75.5512680437526,-80.0000000000001,
-245.036771111452));
#12365=CARTESIAN_POINT('Ctrl Pts',(-75.5182430207057,-80.0000000000001,
-244.983637638726));
#12366=CARTESIAN_POINT('Ctrl Pts',(-75.4529296399001,-80.0000000000001,
-244.878555903198));
#12367=CARTESIAN_POINT('Ctrl Pts',(-75.4429622165893,-80.0000000000001,
-244.755284256364));
#12368=CARTESIAN_POINT('Ctrl Pts',(-75.438034715887,-80.0000000000001,-244.69434361931));
#12369=CARTESIAN_POINT('',(-75.5512680437526,-80.0000000000001,-245.036771111452));
#12370=CARTESIAN_POINT('Ctrl Pts',(-75.8964248325786,-75.0000000000001,
-245.28370242592));
#12371=CARTESIAN_POINT('Ctrl Pts',(-75.8964248325786,-80.0000000000001,
-245.28370242592));
#12372=CARTESIAN_POINT('Ctrl Pts',(-75.8255427569892,-75.0000000000001,
-245.25286337037));
#12373=CARTESIAN_POINT('Ctrl Pts',(-75.8255427569892,-80.0000000000001,
-245.25286337037));
#12374=CARTESIAN_POINT('Ctrl Pts',(-75.6926168263021,-75.0000000000001,
-245.195030552603));
#12375=CARTESIAN_POINT('Ctrl Pts',(-75.6926168263021,-80.0000000000001,
-245.195030552603));
#12376=CARTESIAN_POINT('Ctrl Pts',(-75.5962484664752,-75.0000000000001,
-245.087132893382));
#12377=CARTESIAN_POINT('Ctrl Pts',(-75.5962484664752,-80.0000000000001,
-245.087132893382));
#12378=CARTESIAN_POINT('Ctrl Pts',(-75.5512680437526,-75.0000000000001,
-245.036771111452));
#12379=CARTESIAN_POINT('Ctrl Pts',(-75.5512680437526,-80.0000000000001,
-245.036771111452));
#12380=CARTESIAN_POINT('',(-75.8964248325786,-80.0000000000001,-245.28370242592));
#12381=CARTESIAN_POINT('Ctrl Pts',(-75.8964248325786,-80.0000000000001,
-245.28370242592));
#12382=CARTESIAN_POINT('Ctrl Pts',(-75.8255427569892,-80.0000000000001,
-245.25286337037));
#12383=CARTESIAN_POINT('Ctrl Pts',(-75.6926168263021,-80.0000000000001,
-245.195030552603));
#12384=CARTESIAN_POINT('Ctrl Pts',(-75.5962484664752,-80.0000000000001,
-245.087132893382));
#12385=CARTESIAN_POINT('Ctrl Pts',(-75.5512680437526,-80.0000000000001,
-245.036771111452));
#12386=CARTESIAN_POINT('',(-75.8964248325786,-80.0000000000001,-245.28370242592));
#12387=CARTESIAN_POINT('Ctrl Pts',(-76.431213202711,-75.0000000000001,-245.373742394411));
#12388=CARTESIAN_POINT('Ctrl Pts',(-76.431213202711,-80.0000000000001,-245.373742394411));
#12389=CARTESIAN_POINT('Ctrl Pts',(-76.3353792803468,-75.0000000000001,
-245.37080507019));
#12390=CARTESIAN_POINT('Ctrl Pts',(-76.3353792803468,-80.0000000000001,
-245.37080507019));
#12391=CARTESIAN_POINT('Ctrl Pts',(-76.1528875453653,-75.0000000000001,
-245.365211670901));
#12392=CARTESIAN_POINT('Ctrl Pts',(-76.1528875453653,-80.0000000000001,
-245.365211670901));
#12393=CARTESIAN_POINT('Ctrl Pts',(-75.9789978775875,-75.0000000000001,
-245.309945876601));
#12394=CARTESIAN_POINT('Ctrl Pts',(-75.9789978775875,-80.0000000000001,
-245.309945876601));
#12395=CARTESIAN_POINT('Ctrl Pts',(-75.8964248325786,-75.0000000000001,
-245.28370242592));
#12396=CARTESIAN_POINT('Ctrl Pts',(-75.8964248325786,-80.0000000000001,
-245.28370242592));
#12397=CARTESIAN_POINT('',(-76.431213202711,-80.0000000000001,-245.373742394411));
#12398=CARTESIAN_POINT('Ctrl Pts',(-76.431213202711,-80.0000000000001,-245.373742394411));
#12399=CARTESIAN_POINT('Ctrl Pts',(-76.3353792803468,-80.0000000000001,
-245.37080507019));
#12400=CARTESIAN_POINT('Ctrl Pts',(-76.1528875453653,-80.0000000000001,
-245.365211670901));
#12401=CARTESIAN_POINT('Ctrl Pts',(-75.9789978775875,-80.0000000000001,
-245.309945876601));
#12402=CARTESIAN_POINT('Ctrl Pts',(-75.8964248325786,-80.0000000000001,
-245.28370242592));
#12403=CARTESIAN_POINT('',(-76.431213202711,-80.0000000000001,-245.373742394411));
#12404=CARTESIAN_POINT('Ctrl Pts',(-77.0451285269221,-75.0000000000001,
-245.255052857363));
#12405=CARTESIAN_POINT('Ctrl Pts',(-77.0451285269221,-80.0000000000001,
-245.255052857363));
#12406=CARTESIAN_POINT('Ctrl Pts',(-76.9494661904751,-75.0000000000001,
-245.289658826314));
#12407=CARTESIAN_POINT('Ctrl Pts',(-76.9494661904751,-80.0000000000001,
-245.289658826314));
#12408=CARTESIAN_POINT('Ctrl Pts',(-76.7511691715508,-75.0000000000001,
-245.361393019047));
#12409=CARTESIAN_POINT('Ctrl Pts',(-76.7511691715508,-80.0000000000001,
-245.361393019047));
#12410=CARTESIAN_POINT('Ctrl Pts',(-76.5403362333377,-75.0000000000001,
-245.369530560917));
#12411=CARTESIAN_POINT('Ctrl Pts',(-76.5403362333377,-80.0000000000001,
-245.369530560917));
#12412=CARTESIAN_POINT('Ctrl Pts',(-76.431213202711,-75.0000000000001,-245.373742394411));
#12413=CARTESIAN_POINT('Ctrl Pts',(-76.431213202711,-80.0000000000001,-245.373742394411));
#12414=CARTESIAN_POINT('',(-77.0451285269221,-80.0000000000001,-245.255052857363));
#12415=CARTESIAN_POINT('Ctrl Pts',(-77.0451285269221,-80.0000000000001,
-245.255052857363));
#12416=CARTESIAN_POINT('Ctrl Pts',(-76.9494661904751,-80.0000000000001,
-245.289658826314));
#12417=CARTESIAN_POINT('Ctrl Pts',(-76.7511691715508,-80.0000000000001,
-245.361393019047));
#12418=CARTESIAN_POINT('Ctrl Pts',(-76.5403362333377,-80.0000000000001,
-245.369530560917));
#12419=CARTESIAN_POINT('Ctrl Pts',(-76.431213202711,-80.0000000000001,-245.373742394411));
#12420=CARTESIAN_POINT('',(-77.0451285269221,-80.0000000000001,-245.255052857363));
#12421=CARTESIAN_POINT('Ctrl Pts',(-77.4475844528636,-75.0000000000001,
-244.944002442324));
#12422=CARTESIAN_POINT('Ctrl Pts',(-77.4475844528636,-80.0000000000001,
-244.944002442324));
#12423=CARTESIAN_POINT('Ctrl Pts',(-77.3957442310202,-75.0000000000001,
-245.00616863545));
#12424=CARTESIAN_POINT('Ctrl Pts',(-77.3957442310202,-80.0000000000001,
-245.00616863545));
#12425=CARTESIAN_POINT('Ctrl Pts',(-77.2847646665803,-75.0000000000001,
-245.139254042702));
#12426=CARTESIAN_POINT('Ctrl Pts',(-77.2847646665803,-80.0000000000001,
-245.139254042702));
#12427=CARTESIAN_POINT('Ctrl Pts',(-77.1284345157075,-75.0000000000001,
-245.214797098072));
#12428=CARTESIAN_POINT('Ctrl Pts',(-77.1284345157075,-80.0000000000001,
-245.214797098072));
#12429=CARTESIAN_POINT('Ctrl Pts',(-77.0451285269221,-75.0000000000001,
-245.255052857363));
#12430=CARTESIAN_POINT('Ctrl Pts',(-77.0451285269221,-80.0000000000001,
-245.255052857363));
#12431=CARTESIAN_POINT('',(-77.4475844528636,-80.0000000000001,-244.944002442324));
#12432=CARTESIAN_POINT('Ctrl Pts',(-77.4475844528636,-80.0000000000001,
-244.944002442324));
#12433=CARTESIAN_POINT('Ctrl Pts',(-77.3957442310202,-80.0000000000001,
-245.00616863545));
#12434=CARTESIAN_POINT('Ctrl Pts',(-77.2847646665803,-80.0000000000001,
-245.139254042702));
#12435=CARTESIAN_POINT('Ctrl Pts',(-77.1284345157075,-80.0000000000001,
-245.214797098072));
#12436=CARTESIAN_POINT('Ctrl Pts',(-77.0451285269221,-80.0000000000001,
-245.255052857363));
#12437=CARTESIAN_POINT('',(-77.4475844528636,-80.0000000000001,-244.944002442324));
#12438=CARTESIAN_POINT('Ctrl Pts',(-77.6126595165691,-75.0000000000001,
-244.451505951845));
#12439=CARTESIAN_POINT('Ctrl Pts',(-77.6126595165691,-80.0000000000001,
-244.451505951845));
#12440=CARTESIAN_POINT('Ctrl Pts',(-77.5985738645324,-75.0000000000001,
-244.544492090076));
#12441=CARTESIAN_POINT('Ctrl Pts',(-77.5985738645324,-80.0000000000001,
-244.544492090076));
#12442=CARTESIAN_POINT('Ctrl Pts',(-77.5722109215439,-75.0000000000001,
-244.71852650854));
#12443=CARTESIAN_POINT('Ctrl Pts',(-77.5722109215439,-80.0000000000001,
-244.71852650854));
#12444=CARTESIAN_POINT('Ctrl Pts',(-77.4871824381825,-75.0000000000001,
-244.872361218671));
#12445=CARTESIAN_POINT('Ctrl Pts',(-77.4871824381825,-80.0000000000001,
-244.872361218671));
#12446=CARTESIAN_POINT('Ctrl Pts',(-77.4475844528636,-75.0000000000001,
-244.944002442324));
#12447=CARTESIAN_POINT('Ctrl Pts',(-77.4475844528636,-80.0000000000001,
-244.944002442324));
#12448=CARTESIAN_POINT('',(-77.6126595165691,-80.0000000000001,-244.451505951845));
#12449=CARTESIAN_POINT('Ctrl Pts',(-77.6126595165691,-80.0000000000001,
-244.451505951845));
#12450=CARTESIAN_POINT('Ctrl Pts',(-77.5985738645324,-80.0000000000001,
-244.544492090076));
#12451=CARTESIAN_POINT('Ctrl Pts',(-77.5722109215439,-80.0000000000001,
-244.71852650854));
#12452=CARTESIAN_POINT('Ctrl Pts',(-77.4871824381825,-80.0000000000001,
-244.872361218671));
#12453=CARTESIAN_POINT('Ctrl Pts',(-77.4475844528636,-80.0000000000001,
-244.944002442324));
#12454=CARTESIAN_POINT('',(-77.6126595165691,-80.0000000000001,-244.451505951845));
#12455=CARTESIAN_POINT('Origin',(-77.8623183395824,-80.0000000000001,-244.473333768808));
#12456=CARTESIAN_POINT('',(-78.1119771625957,-80.0000000000001,-244.495161585771));
#12457=CARTESIAN_POINT('',(-62.0045173707131,-80.0000000000001,-243.086876952224));
#12458=CARTESIAN_POINT('',(-78.1119771625957,-80.0000000000001,-244.495161585771));
#12459=CARTESIAN_POINT('Ctrl Pts',(-77.8923316624126,-75.0000000000001,
-245.214124731981));
#12460=CARTESIAN_POINT('Ctrl Pts',(-77.8923316624126,-80.0000000000001,
-245.214124731981));
#12461=CARTESIAN_POINT('Ctrl Pts',(-77.9536883659081,-75.0000000000001,
-245.103775342635));
#12462=CARTESIAN_POINT('Ctrl Pts',(-77.9536883659081,-80.0000000000001,
-245.103775342635));
#12463=CARTESIAN_POINT('Ctrl Pts',(-78.07817011373,-75.0000000000001,-244.879896221457));
#12464=CARTESIAN_POINT('Ctrl Pts',(-78.07817011373,-80.0000000000001,-244.879896221457));
#12465=CARTESIAN_POINT('Ctrl Pts',(-78.1006019270098,-75.0000000000001,
-244.624615272674));
#12466=CARTESIAN_POINT('Ctrl Pts',(-78.1006019270098,-80.0000000000001,
-244.624615272674));
#12467=CARTESIAN_POINT('Ctrl Pts',(-78.1119771625957,-75.0000000000001,
-244.495161585771));
#12468=CARTESIAN_POINT('Ctrl Pts',(-78.1119771625957,-80.0000000000001,
-244.495161585771));
#12469=CARTESIAN_POINT('Ctrl Pts',(-77.8923316624126,-80.0000000000001,
-245.214124731981));
#12470=CARTESIAN_POINT('Ctrl Pts',(-77.9536883659081,-80.0000000000001,
-245.103775342635));
#12471=CARTESIAN_POINT('Ctrl Pts',(-78.07817011373,-80.0000000000001,-244.879896221457));
#12472=CARTESIAN_POINT('Ctrl Pts',(-78.1006019270098,-80.0000000000001,
-244.624615272674));
#12473=CARTESIAN_POINT('Ctrl Pts',(-78.1119771625957,-80.0000000000001,
-244.495161585771));
#12474=CARTESIAN_POINT('Origin',(-48.4811497558378,-75.0000000000001,-215.));
#12475=CARTESIAN_POINT('',(-68.3016087439021,-75.0000000000001,-245.324629359209));
#12476=CARTESIAN_POINT('',(-68.1338049795589,-75.0000000000001,-245.360100083315));
#12477=CARTESIAN_POINT('Ctrl Pts',(-68.3016087439021,-75.0000000000001,
-245.324629359209));
#12478=CARTESIAN_POINT('Ctrl Pts',(-68.2781765422278,-75.0000000000001,
-245.334936560972));
#12479=CARTESIAN_POINT('Ctrl Pts',(-68.2248929586738,-75.0000000000001,
-245.358374590994));
#12480=CARTESIAN_POINT('Ctrl Pts',(-68.1665120605689,-75.0000000000001,
-245.359480508507));
#12481=CARTESIAN_POINT('Ctrl Pts',(-68.1338049795589,-75.0000000000001,
-245.360100083315));
#12482=CARTESIAN_POINT('',(-68.38619250321,-75.0000000000001,-245.229131989443));
#12483=CARTESIAN_POINT('Ctrl Pts',(-68.38619250321,-75.0000000000001,-245.229131989443));
#12484=CARTESIAN_POINT('Ctrl Pts',(-68.3760665439505,-75.0000000000001,
-245.248190564386));
#12485=CARTESIAN_POINT('Ctrl Pts',(-68.3555536191142,-75.0000000000001,
-245.286798967333));
#12486=CARTESIAN_POINT('Ctrl Pts',(-68.3197422568169,-75.0000000000001,
-245.311912712874));
#12487=CARTESIAN_POINT('Ctrl Pts',(-68.3016087439021,-75.0000000000001,
-245.324629359209));
#12488=CARTESIAN_POINT('',(-68.4121133711299,-75.0000000000001,-244.959008507692));
#12489=CARTESIAN_POINT('Ctrl Pts',(-68.4121133711299,-75.0000000000001,
-244.959008507692));
#12490=CARTESIAN_POINT('Ctrl Pts',(-68.4128378887155,-75.0000000000001,
-245.016874355403));
#12491=CARTESIAN_POINT('Ctrl Pts',(-68.4139796733685,-75.0000000000001,
-245.108066533703));
#12492=CARTESIAN_POINT('Ctrl Pts',(-68.3936295053642,-75.0000000000001,
-245.196729839458));
#12493=CARTESIAN_POINT('Ctrl Pts',(-68.38619250321,-75.0000000000001,-245.229131989443));
#12494=CARTESIAN_POINT('',(-68.4121133711299,-75.0000000000001,-243.264602236711));
#12495=CARTESIAN_POINT('',(-68.4121133711299,-75.0000000000001,-243.264602236711));
#12496=CARTESIAN_POINT('',(-67.918251934286,-75.0000000000001,-243.264602236711));
#12497=CARTESIAN_POINT('',(-67.918251934286,-75.0000000000001,-243.264602236711));
#12498=CARTESIAN_POINT('',(-67.918251934286,-75.0000000000001,-242.882610373461));
#12499=CARTESIAN_POINT('',(-67.918251934286,-75.0000000000001,-242.882610373461));
#12500=CARTESIAN_POINT('',(-68.4121133711299,-75.0000000000001,-242.882610373461));
#12501=CARTESIAN_POINT('',(-68.4121133711299,-75.0000000000001,-242.882610373461));
#12502=CARTESIAN_POINT('',(-68.4121133711299,-75.0000000000001,-241.870331578218));
#12503=CARTESIAN_POINT('',(-68.4121133711299,-75.0000000000001,-241.870331578218));
#12504=CARTESIAN_POINT('',(-68.9005174066981,-75.0000000000001,-242.165012173616));
#12505=CARTESIAN_POINT('',(-68.9005174066981,-75.0000000000001,-242.165012173616));
#12506=CARTESIAN_POINT('',(-68.9005174066981,-75.0000000000001,-242.882610373461));
#12507=CARTESIAN_POINT('',(-68.9005174066981,-75.0000000000001,-242.882610373461));
#12508=CARTESIAN_POINT('',(-69.2606808569392,-75.0000000000001,-242.882610373461));
#12509=CARTESIAN_POINT('',(-69.2606808569392,-75.0000000000001,-242.882610373461));
#12510=CARTESIAN_POINT('',(-69.2606808569392,-75.0000000000001,-243.264602236711));
#12511=CARTESIAN_POINT('',(-69.2606808569392,-75.0000000000001,-243.264602236711));
#12512=CARTESIAN_POINT('',(-68.9005174066981,-75.0000000000001,-243.264602236711));
#12513=CARTESIAN_POINT('',(-68.9005174066981,-75.0000000000001,-243.264602236711));
#12514=CARTESIAN_POINT('',(-68.9005174066981,-75.0000000000001,-244.9317238855));
#12515=CARTESIAN_POINT('',(-68.9005174066981,-75.0000000000001,-244.9317238855));
#12516=CARTESIAN_POINT('',(-68.8404895689448,-75.0000000000001,-245.511532835924));
#12517=CARTESIAN_POINT('Ctrl Pts',(-68.8404895689448,-75.0000000000001,
-245.511532835924));
#12518=CARTESIAN_POINT('Ctrl Pts',(-68.8577427034528,-75.0000000000001,
-245.440530972862));
#12519=CARTESIAN_POINT('Ctrl Pts',(-68.9039124889616,-75.0000000000001,
-245.250528351207));
#12520=CARTESIAN_POINT('Ctrl Pts',(-68.9018248919577,-75.0000000000001,
-245.054499154921));
#12521=CARTESIAN_POINT('Ctrl Pts',(-68.9005174066981,-75.0000000000001,
-244.9317238855));
#12522=CARTESIAN_POINT('',(-68.6331226255855,-75.0000000000001,-245.733907036745));
#12523=CARTESIAN_POINT('Ctrl Pts',(-68.6331226255855,-75.0000000000001,
-245.733907036745));
#12524=CARTESIAN_POINT('Ctrl Pts',(-68.678237259367,-75.0000000000001,-245.704301248022));
#12525=CARTESIAN_POINT('Ctrl Pts',(-68.7655807732329,-75.0000000000001,
-245.646983402325));
#12526=CARTESIAN_POINT('Ctrl Pts',(-68.8160760773441,-75.0000000000001,
-245.555677468523));
#12527=CARTESIAN_POINT('Ctrl Pts',(-68.8404895689448,-75.0000000000001,
-245.511532835924));
#12528=CARTESIAN_POINT('',(-68.2183887388667,-75.0000000000001,-245.818490796053));
#12529=CARTESIAN_POINT('Ctrl Pts',(-68.2183887388667,-75.0000000000001,
-245.818490796053));
#12530=CARTESIAN_POINT('Ctrl Pts',(-68.2987245080775,-75.0000000000001,
-245.816945408927));
#12531=CARTESIAN_POINT('Ctrl Pts',(-68.4425533472524,-75.0000000000001,
-245.814178630957));
#12532=CARTESIAN_POINT('Ctrl Pts',(-68.5747601082207,-75.0000000000001,
-245.758490497165));
#12533=CARTESIAN_POINT('Ctrl Pts',(-68.6331226255855,-75.0000000000001,
-245.733907036745));
#12534=CARTESIAN_POINT('',(-67.8473116781673,-75.0000000000001,-245.774833970034));
#12535=CARTESIAN_POINT('Ctrl Pts',(-67.8473116781673,-75.0000000000001,
-245.774833970034));
#12536=CARTESIAN_POINT('Ctrl Pts',(-67.9125897189188,-75.0000000000001,
-245.787550630058));
#12537=CARTESIAN_POINT('Ctrl Pts',(-68.0352151484579,-75.0000000000001,
-245.81143899864));
#12538=CARTESIAN_POINT('Ctrl Pts',(-68.1600214409467,-75.0000000000001,
-245.816243778022));
#12539=CARTESIAN_POINT('Ctrl Pts',(-68.2183887388667,-75.0000000000001,
-245.818490796053));
#12540=CARTESIAN_POINT('',(-67.918251934286,-75.0000000000001,-245.341000370943));
#12541=CARTESIAN_POINT('',(-67.918251934286,-75.0000000000001,-245.341000370943));
#12542=CARTESIAN_POINT('Ctrl Pts',(-68.1338049795589,-75.0000000000001,
-245.360100083315));
#12543=CARTESIAN_POINT('Ctrl Pts',(-68.102159883977,-75.0000000000001,-245.358976624513));
#12544=CARTESIAN_POINT('Ctrl Pts',(-68.0299877631149,-75.0000000000001,
-245.356414382153));
#12545=CARTESIAN_POINT('Ctrl Pts',(-67.9584325471359,-75.0000000000001,
-245.346543305769));
#12546=CARTESIAN_POINT('Ctrl Pts',(-67.918251934286,-75.0000000000001,-245.341000370943));
#12547=CARTESIAN_POINT('Ctrl Pts',(-68.3016087439021,-75.0000000000001,
-245.324629359209));
#12548=CARTESIAN_POINT('Ctrl Pts',(-68.3016087439021,-80.0000000000001,
-245.324629359209));
#12549=CARTESIAN_POINT('Ctrl Pts',(-68.2781765422278,-75.0000000000001,
-245.334936560972));
#12550=CARTESIAN_POINT('Ctrl Pts',(-68.2781765422278,-80.0000000000001,
-245.334936560972));
#12551=CARTESIAN_POINT('Ctrl Pts',(-68.2248929586738,-75.0000000000001,
-245.358374590994));
#12552=CARTESIAN_POINT('Ctrl Pts',(-68.2248929586738,-80.0000000000001,
-245.358374590994));
#12553=CARTESIAN_POINT('Ctrl Pts',(-68.1665120605689,-75.0000000000001,
-245.359480508507));
#12554=CARTESIAN_POINT('Ctrl Pts',(-68.1665120605689,-80.0000000000001,
-245.359480508507));
#12555=CARTESIAN_POINT('Ctrl Pts',(-68.1338049795589,-75.0000000000001,
-245.360100083315));
#12556=CARTESIAN_POINT('Ctrl Pts',(-68.1338049795589,-80.0000000000001,
-245.360100083315));
#12557=CARTESIAN_POINT('',(-68.1338049795589,-80.0000000000001,-245.360100083315));
#12558=CARTESIAN_POINT('',(-68.1338049795589,-80.0000000000001,-245.360100083315));
#12559=CARTESIAN_POINT('',(-68.3016087439021,-80.0000000000001,-245.324629359209));
#12560=CARTESIAN_POINT('Ctrl Pts',(-68.3016087439021,-80.0000000000001,
-245.324629359209));
#12561=CARTESIAN_POINT('Ctrl Pts',(-68.2781765422278,-80.0000000000001,
-245.334936560972));
#12562=CARTESIAN_POINT('Ctrl Pts',(-68.2248929586738,-80.0000000000001,
-245.358374590994));
#12563=CARTESIAN_POINT('Ctrl Pts',(-68.1665120605689,-80.0000000000001,
-245.359480508507));
#12564=CARTESIAN_POINT('Ctrl Pts',(-68.1338049795589,-80.0000000000001,
-245.360100083315));
#12565=CARTESIAN_POINT('',(-68.3016087439021,-80.0000000000001,-245.324629359209));
#12566=CARTESIAN_POINT('Ctrl Pts',(-68.38619250321,-75.0000000000001,-245.229131989443));
#12567=CARTESIAN_POINT('Ctrl Pts',(-68.38619250321,-80.0000000000001,-245.229131989443));
#12568=CARTESIAN_POINT('Ctrl Pts',(-68.3760665439505,-75.0000000000001,
-245.248190564386));
#12569=CARTESIAN_POINT('Ctrl Pts',(-68.3760665439505,-80.0000000000001,
-245.248190564386));
#12570=CARTESIAN_POINT('Ctrl Pts',(-68.3555536191142,-75.0000000000001,
-245.286798967333));
#12571=CARTESIAN_POINT('Ctrl Pts',(-68.3555536191142,-80.0000000000001,
-245.286798967333));
#12572=CARTESIAN_POINT('Ctrl Pts',(-68.3197422568169,-75.0000000000001,
-245.311912712874));
#12573=CARTESIAN_POINT('Ctrl Pts',(-68.3197422568169,-80.0000000000001,
-245.311912712874));
#12574=CARTESIAN_POINT('Ctrl Pts',(-68.3016087439021,-75.0000000000001,
-245.324629359209));
#12575=CARTESIAN_POINT('Ctrl Pts',(-68.3016087439021,-80.0000000000001,
-245.324629359209));
#12576=CARTESIAN_POINT('',(-68.38619250321,-80.0000000000001,-245.229131989443));
#12577=CARTESIAN_POINT('Ctrl Pts',(-68.38619250321,-80.0000000000001,-245.229131989443));
#12578=CARTESIAN_POINT('Ctrl Pts',(-68.3760665439505,-80.0000000000001,
-245.248190564386));
#12579=CARTESIAN_POINT('Ctrl Pts',(-68.3555536191142,-80.0000000000001,
-245.286798967333));
#12580=CARTESIAN_POINT('Ctrl Pts',(-68.3197422568169,-80.0000000000001,
-245.311912712874));
#12581=CARTESIAN_POINT('Ctrl Pts',(-68.3016087439021,-80.0000000000001,
-245.324629359209));
#12582=CARTESIAN_POINT('',(-68.38619250321,-80.0000000000001,-245.229131989443));
#12583=CARTESIAN_POINT('Ctrl Pts',(-68.4121133711299,-75.0000000000001,
-244.959008507692));
#12584=CARTESIAN_POINT('Ctrl Pts',(-68.4121133711299,-80.0000000000001,
-244.959008507692));
#12585=CARTESIAN_POINT('Ctrl Pts',(-68.4128378887155,-75.0000000000001,
-245.016874355403));
#12586=CARTESIAN_POINT('Ctrl Pts',(-68.4128378887155,-80.0000000000001,
-245.016874355403));
#12587=CARTESIAN_POINT('Ctrl Pts',(-68.4139796733685,-75.0000000000001,
-245.108066533703));
#12588=CARTESIAN_POINT('Ctrl Pts',(-68.4139796733685,-80.0000000000001,
-245.108066533703));
#12589=CARTESIAN_POINT('Ctrl Pts',(-68.3936295053642,-75.0000000000001,
-245.196729839458));
#12590=CARTESIAN_POINT('Ctrl Pts',(-68.3936295053642,-80.0000000000001,
-245.196729839458));
#12591=CARTESIAN_POINT('Ctrl Pts',(-68.38619250321,-75.0000000000001,-245.229131989443));
#12592=CARTESIAN_POINT('Ctrl Pts',(-68.38619250321,-80.0000000000001,-245.229131989443));
#12593=CARTESIAN_POINT('',(-68.4121133711299,-80.0000000000001,-244.959008507692));
#12594=CARTESIAN_POINT('Ctrl Pts',(-68.4121133711299,-80.0000000000001,
-244.959008507692));
#12595=CARTESIAN_POINT('Ctrl Pts',(-68.4128378887155,-80.0000000000001,
-245.016874355403));
#12596=CARTESIAN_POINT('Ctrl Pts',(-68.4139796733685,-80.0000000000001,
-245.108066533703));
#12597=CARTESIAN_POINT('Ctrl Pts',(-68.3936295053642,-80.0000000000001,
-245.196729839458));
#12598=CARTESIAN_POINT('Ctrl Pts',(-68.38619250321,-80.0000000000001,-245.229131989443));
#12599=CARTESIAN_POINT('',(-68.4121133711299,-80.0000000000001,-244.959008507692));
#12600=CARTESIAN_POINT('Origin',(-68.4121133711299,-80.0000000000001,-244.111805372202));
#12601=CARTESIAN_POINT('',(-68.4121133711299,-80.0000000000001,-243.264602236711));
#12602=CARTESIAN_POINT('',(-68.4121133711299,-80.0000000000001,-229.555902686101));
#12603=CARTESIAN_POINT('',(-68.4121133711299,-80.0000000000001,-243.264602236711));
#12604=CARTESIAN_POINT('Origin',(-68.165182652708,-80.0000000000001,-243.264602236711));
#12605=CARTESIAN_POINT('',(-67.918251934286,-80.0000000000001,-243.264602236711));
#12606=CARTESIAN_POINT('',(-58.3231662042729,-80.0000000000001,-243.264602236711));
#12607=CARTESIAN_POINT('',(-67.918251934286,-80.0000000000001,-243.264602236711));
#12608=CARTESIAN_POINT('Origin',(-67.918251934286,-80.0000000000001,-243.073606305086));
#12609=CARTESIAN_POINT('',(-67.918251934286,-80.0000000000001,-242.882610373461));
#12610=CARTESIAN_POINT('',(-67.918251934286,-80.0000000000001,-229.036803152543));
#12611=CARTESIAN_POINT('',(-67.918251934286,-80.0000000000001,-242.882610373461));
#12612=CARTESIAN_POINT('Origin',(-68.165182652708,-80.0000000000001,-242.882610373461));
#12613=CARTESIAN_POINT('',(-68.4121133711299,-80.0000000000001,-242.882610373461));
#12614=CARTESIAN_POINT('',(-58.3231662042729,-80.0000000000001,-242.882610373461));
#12615=CARTESIAN_POINT('',(-68.4121133711299,-80.0000000000001,-242.882610373461));
#12616=CARTESIAN_POINT('Origin',(-68.4121133711299,-80.0000000000001,-242.376470975839));
#12617=CARTESIAN_POINT('',(-68.4121133711299,-80.0000000000001,-241.870331578218));
#12618=CARTESIAN_POINT('',(-68.4121133711299,-80.0000000000001,-228.68823548792));
#12619=CARTESIAN_POINT('',(-68.4121133711299,-80.0000000000001,-241.870331578218));
#12620=CARTESIAN_POINT('Origin',(-68.656315388914,-80.0000000000001,-242.017671875917));
#12621=CARTESIAN_POINT('',(-68.9005174066981,-80.0000000000001,-242.165012173616));
#12622=CARTESIAN_POINT('',(-55.2855597813848,-80.0000000000001,-233.950371165015));
#12623=CARTESIAN_POINT('',(-68.9005174066981,-80.0000000000001,-242.165012173616));
#12624=CARTESIAN_POINT('Origin',(-68.9005174066981,-80.0000000000001,-242.523811273538));
#12625=CARTESIAN_POINT('',(-68.9005174066981,-80.0000000000001,-242.882610373461));
#12626=CARTESIAN_POINT('',(-68.9005174066981,-80.0000000000001,-228.761905636769));
#12627=CARTESIAN_POINT('',(-68.9005174066981,-80.0000000000001,-242.882610373461));
#12628=CARTESIAN_POINT('Origin',(-69.0805991318187,-80.0000000000001,-242.882610373461));
#12629=CARTESIAN_POINT('',(-69.2606808569392,-80.0000000000001,-242.882610373461));
#12630=CARTESIAN_POINT('',(-58.7808744438282,-80.0000000000001,-242.882610373461));
#12631=CARTESIAN_POINT('',(-69.2606808569392,-80.0000000000001,-242.882610373461));
#12632=CARTESIAN_POINT('Origin',(-69.2606808569392,-80.0000000000001,-243.073606305086));
#12633=CARTESIAN_POINT('',(-69.2606808569392,-80.0000000000001,-243.264602236711));
#12634=CARTESIAN_POINT('',(-69.2606808569392,-80.0000000000001,-229.036803152543));
#12635=CARTESIAN_POINT('',(-69.2606808569392,-80.0000000000001,-243.264602236711));
#12636=CARTESIAN_POINT('Origin',(-69.0805991318187,-80.0000000000001,-243.264602236711));
#12637=CARTESIAN_POINT('',(-68.9005174066981,-80.0000000000001,-243.264602236711));
#12638=CARTESIAN_POINT('',(-58.7808744438282,-80.0000000000001,-243.264602236711));
#12639=CARTESIAN_POINT('',(-68.9005174066981,-80.0000000000001,-243.264602236711));
#12640=CARTESIAN_POINT('Origin',(-68.9005174066981,-80.0000000000001,-244.098163061106));
#12641=CARTESIAN_POINT('',(-68.9005174066981,-80.0000000000001,-244.9317238855));
#12642=CARTESIAN_POINT('',(-68.9005174066981,-80.0000000000001,-229.549081530553));
#12643=CARTESIAN_POINT('',(-68.9005174066981,-80.0000000000001,-244.9317238855));
#12644=CARTESIAN_POINT('Ctrl Pts',(-68.8404895689448,-75.0000000000001,
-245.511532835924));
#12645=CARTESIAN_POINT('Ctrl Pts',(-68.8404895689448,-80.0000000000001,
-245.511532835924));
#12646=CARTESIAN_POINT('Ctrl Pts',(-68.8577427034528,-75.0000000000001,
-245.440530972862));
#12647=CARTESIAN_POINT('Ctrl Pts',(-68.8577427034528,-80.0000000000001,
-245.440530972862));
#12648=CARTESIAN_POINT('Ctrl Pts',(-68.9039124889616,-75.0000000000001,
-245.250528351207));
#12649=CARTESIAN_POINT('Ctrl Pts',(-68.9039124889616,-80.0000000000001,
-245.250528351207));
#12650=CARTESIAN_POINT('Ctrl Pts',(-68.9018248919577,-75.0000000000001,
-245.054499154921));
#12651=CARTESIAN_POINT('Ctrl Pts',(-68.9018248919577,-80.0000000000001,
-245.054499154921));
#12652=CARTESIAN_POINT('Ctrl Pts',(-68.9005174066981,-75.0000000000001,
-244.9317238855));
#12653=CARTESIAN_POINT('Ctrl Pts',(-68.9005174066981,-80.0000000000001,
-244.9317238855));
#12654=CARTESIAN_POINT('',(-68.8404895689448,-80.0000000000001,-245.511532835924));
#12655=CARTESIAN_POINT('Ctrl Pts',(-68.8404895689448,-80.0000000000001,
-245.511532835924));
#12656=CARTESIAN_POINT('Ctrl Pts',(-68.8577427034528,-80.0000000000001,
-245.440530972862));
#12657=CARTESIAN_POINT('Ctrl Pts',(-68.9039124889616,-80.0000000000001,
-245.250528351207));
#12658=CARTESIAN_POINT('Ctrl Pts',(-68.9018248919577,-80.0000000000001,
-245.054499154921));
#12659=CARTESIAN_POINT('Ctrl Pts',(-68.9005174066981,-80.0000000000001,
-244.9317238855));
#12660=CARTESIAN_POINT('',(-68.8404895689448,-80.0000000000001,-245.511532835924));
#12661=CARTESIAN_POINT('Ctrl Pts',(-68.6331226255855,-75.0000000000001,
-245.733907036745));
#12662=CARTESIAN_POINT('Ctrl Pts',(-68.6331226255855,-80.0000000000001,
-245.733907036745));
#12663=CARTESIAN_POINT('Ctrl Pts',(-68.678237259367,-75.0000000000001,-245.704301248022));
#12664=CARTESIAN_POINT('Ctrl Pts',(-68.678237259367,-80.0000000000001,-245.704301248022));
#12665=CARTESIAN_POINT('Ctrl Pts',(-68.7655807732329,-75.0000000000001,
-245.646983402325));
#12666=CARTESIAN_POINT('Ctrl Pts',(-68.7655807732329,-80.0000000000001,
-245.646983402325));
#12667=CARTESIAN_POINT('Ctrl Pts',(-68.8160760773441,-75.0000000000001,
-245.555677468523));
#12668=CARTESIAN_POINT('Ctrl Pts',(-68.8160760773441,-80.0000000000001,
-245.555677468523));
#12669=CARTESIAN_POINT('Ctrl Pts',(-68.8404895689448,-75.0000000000001,
-245.511532835924));
#12670=CARTESIAN_POINT('Ctrl Pts',(-68.8404895689448,-80.0000000000001,
-245.511532835924));
#12671=CARTESIAN_POINT('',(-68.6331226255855,-80.0000000000001,-245.733907036745));
#12672=CARTESIAN_POINT('Ctrl Pts',(-68.6331226255855,-80.0000000000001,
-245.733907036745));
#12673=CARTESIAN_POINT('Ctrl Pts',(-68.678237259367,-80.0000000000001,-245.704301248022));
#12674=CARTESIAN_POINT('Ctrl Pts',(-68.7655807732329,-80.0000000000001,
-245.646983402325));
#12675=CARTESIAN_POINT('Ctrl Pts',(-68.8160760773441,-80.0000000000001,
-245.555677468523));
#12676=CARTESIAN_POINT('Ctrl Pts',(-68.8404895689448,-80.0000000000001,
-245.511532835924));
#12677=CARTESIAN_POINT('',(-68.6331226255855,-80.0000000000001,-245.733907036745));
#12678=CARTESIAN_POINT('Ctrl Pts',(-68.2183887388667,-75.0000000000001,
-245.818490796053));
#12679=CARTESIAN_POINT('Ctrl Pts',(-68.2183887388667,-80.0000000000001,
-245.818490796053));
#12680=CARTESIAN_POINT('Ctrl Pts',(-68.2987245080775,-75.0000000000001,
-245.816945408927));
#12681=CARTESIAN_POINT('Ctrl Pts',(-68.2987245080775,-80.0000000000001,
-245.816945408927));
#12682=CARTESIAN_POINT('Ctrl Pts',(-68.4425533472524,-75.0000000000001,
-245.814178630957));
#12683=CARTESIAN_POINT('Ctrl Pts',(-68.4425533472524,-80.0000000000001,
-245.814178630957));
#12684=CARTESIAN_POINT('Ctrl Pts',(-68.5747601082207,-75.0000000000001,
-245.758490497165));
#12685=CARTESIAN_POINT('Ctrl Pts',(-68.5747601082207,-80.0000000000001,
-245.758490497165));
#12686=CARTESIAN_POINT('Ctrl Pts',(-68.6331226255855,-75.0000000000001,
-245.733907036745));
#12687=CARTESIAN_POINT('Ctrl Pts',(-68.6331226255855,-80.0000000000001,
-245.733907036745));
#12688=CARTESIAN_POINT('',(-68.2183887388667,-80.0000000000001,-245.818490796053));
#12689=CARTESIAN_POINT('Ctrl Pts',(-68.2183887388667,-80.0000000000001,
-245.818490796053));
#12690=CARTESIAN_POINT('Ctrl Pts',(-68.2987245080775,-80.0000000000001,
-245.816945408927));
#12691=CARTESIAN_POINT('Ctrl Pts',(-68.4425533472524,-80.0000000000001,
-245.814178630957));
#12692=CARTESIAN_POINT('Ctrl Pts',(-68.5747601082207,-80.0000000000001,
-245.758490497165));
#12693=CARTESIAN_POINT('Ctrl Pts',(-68.6331226255855,-80.0000000000001,
-245.733907036745));
#12694=CARTESIAN_POINT('',(-68.2183887388667,-80.0000000000001,-245.818490796053));
#12695=CARTESIAN_POINT('Ctrl Pts',(-67.8473116781673,-75.0000000000001,
-245.774833970034));
#12696=CARTESIAN_POINT('Ctrl Pts',(-67.8473116781673,-80.0000000000001,
-245.774833970034));
#12697=CARTESIAN_POINT('Ctrl Pts',(-67.9125897189188,-75.0000000000001,
-245.787550630058));
#12698=CARTESIAN_POINT('Ctrl Pts',(-67.9125897189188,-80.0000000000001,
-245.787550630058));
#12699=CARTESIAN_POINT('Ctrl Pts',(-68.0352151484579,-75.0000000000001,
-245.81143899864));
#12700=CARTESIAN_POINT('Ctrl Pts',(-68.0352151484579,-80.0000000000001,
-245.81143899864));
#12701=CARTESIAN_POINT('Ctrl Pts',(-68.1600214409467,-75.0000000000001,
-245.816243778022));
#12702=CARTESIAN_POINT('Ctrl Pts',(-68.1600214409467,-80.0000000000001,
-245.816243778022));
#12703=CARTESIAN_POINT('Ctrl Pts',(-68.2183887388667,-75.0000000000001,
-245.818490796053));
#12704=CARTESIAN_POINT('Ctrl Pts',(-68.2183887388667,-80.0000000000001,
-245.818490796053));
#12705=CARTESIAN_POINT('',(-67.8473116781673,-80.0000000000001,-245.774833970034));
#12706=CARTESIAN_POINT('Ctrl Pts',(-67.8473116781673,-80.0000000000001,
-245.774833970034));
#12707=CARTESIAN_POINT('Ctrl Pts',(-67.9125897189188,-80.0000000000001,
-245.787550630058));
#12708=CARTESIAN_POINT('Ctrl Pts',(-68.0352151484579,-80.0000000000001,
-245.81143899864));
#12709=CARTESIAN_POINT('Ctrl Pts',(-68.1600214409467,-80.0000000000001,
-245.816243778022));
#12710=CARTESIAN_POINT('Ctrl Pts',(-68.2183887388667,-80.0000000000001,
-245.818490796053));
#12711=CARTESIAN_POINT('',(-67.8473116781673,-80.0000000000001,-245.774833970034));
#12712=CARTESIAN_POINT('Origin',(-67.8827818062266,-80.0000000000001,-245.557917170488));
#12713=CARTESIAN_POINT('',(-67.918251934286,-80.0000000000001,-245.341000370943));
#12714=CARTESIAN_POINT('',(-70.0634938064493,-80.0000000000001,-232.221820186956));
#12715=CARTESIAN_POINT('',(-67.918251934286,-80.0000000000001,-245.341000370943));
#12716=CARTESIAN_POINT('Ctrl Pts',(-68.1338049795589,-75.0000000000001,
-245.360100083315));
#12717=CARTESIAN_POINT('Ctrl Pts',(-68.1338049795589,-80.0000000000001,
-245.360100083315));
#12718=CARTESIAN_POINT('Ctrl Pts',(-68.102159883977,-75.0000000000001,-245.358976624513));
#12719=CARTESIAN_POINT('Ctrl Pts',(-68.102159883977,-80.0000000000001,-245.358976624513));
#12720=CARTESIAN_POINT('Ctrl Pts',(-68.0299877631149,-75.0000000000001,
-245.356414382153));
#12721=CARTESIAN_POINT('Ctrl Pts',(-68.0299877631149,-80.0000000000001,
-245.356414382153));
#12722=CARTESIAN_POINT('Ctrl Pts',(-67.9584325471359,-75.0000000000001,
-245.346543305769));
#12723=CARTESIAN_POINT('Ctrl Pts',(-67.9584325471359,-80.0000000000001,
-245.346543305769));
#12724=CARTESIAN_POINT('Ctrl Pts',(-67.918251934286,-75.0000000000001,-245.341000370943));
#12725=CARTESIAN_POINT('Ctrl Pts',(-67.918251934286,-80.0000000000001,-245.341000370943));
#12726=CARTESIAN_POINT('Ctrl Pts',(-68.1338049795589,-80.0000000000001,
-245.360100083315));
#12727=CARTESIAN_POINT('Ctrl Pts',(-68.102159883977,-80.0000000000001,-245.358976624513));
#12728=CARTESIAN_POINT('Ctrl Pts',(-68.0299877631149,-80.0000000000001,
-245.356414382153));
#12729=CARTESIAN_POINT('Ctrl Pts',(-67.9584325471359,-80.0000000000001,
-245.346543305769));
#12730=CARTESIAN_POINT('Ctrl Pts',(-67.918251934286,-80.0000000000001,-245.341000370943));
#12731=CARTESIAN_POINT('Origin',(-48.4811497558378,-75.0000000000001,-215.));
#12732=CARTESIAN_POINT('',(-64.1529049303493,-75.0000000000001,-244.195024781191));
#12733=CARTESIAN_POINT('',(-64.1529049303493,-75.0000000000001,-245.780291371309));
#12734=CARTESIAN_POINT('',(-64.1529049303493,-75.0000000000001,-244.195024781191));
#12735=CARTESIAN_POINT('',(-64.0710498716792,-75.0000000000001,-243.660236411058));
#12736=CARTESIAN_POINT('Ctrl Pts',(-64.0710498716792,-75.0000000000001,
-243.660236411058));
#12737=CARTESIAN_POINT('Ctrl Pts',(-64.0948338727766,-75.0000000000001,
-243.736541039665));
#12738=CARTESIAN_POINT('Ctrl Pts',(-64.1490133641518,-75.0000000000001,
-243.910361497817));
#12739=CARTESIAN_POINT('Ctrl Pts',(-64.1515063363418,-75.0000000000001,
-244.092719348862));
#12740=CARTESIAN_POINT('Ctrl Pts',(-64.1529049303493,-75.0000000000001,
-244.195024781191));
#12741=CARTESIAN_POINT('',(-63.7968339350185,-75.0000000000001,-243.353279643022));
#12742=CARTESIAN_POINT('Ctrl Pts',(-63.7968339350185,-75.0000000000001,
-243.353279643022));
#12743=CARTESIAN_POINT('Ctrl Pts',(-63.8561207965236,-75.0000000000001,
-243.393843662896));
#12744=CARTESIAN_POINT('Ctrl Pts',(-63.9728187279482,-75.0000000000001,
-243.473688287648));
#12745=CARTESIAN_POINT('Ctrl Pts',(-64.0386589268258,-75.0000000000001,
-243.59872363875));
#12746=CARTESIAN_POINT('Ctrl Pts',(-64.0710498716792,-75.0000000000001,
-243.660236411058));
#12747=CARTESIAN_POINT('',(-63.3861936953029,-75.0000000000001,-243.240046315157));
#12748=CARTESIAN_POINT('Ctrl Pts',(-63.3861936953029,-75.0000000000001,
-243.240046315157));
#12749=CARTESIAN_POINT('Ctrl Pts',(-63.4580604238926,-75.0000000000001,
-243.24487471952));
#12750=CARTESIAN_POINT('Ctrl Pts',(-63.6026456404239,-75.0000000000001,
-243.254588754152));
#12751=CARTESIAN_POINT('Ctrl Pts',(-63.7318507853151,-75.0000000000001,
-243.320253734745));
#12752=CARTESIAN_POINT('Ctrl Pts',(-63.7968339350185,-75.0000000000001,
-243.353279643022));
#12753=CARTESIAN_POINT('',(-62.9346241381129,-75.0000000000001,-243.407848887407));
#12754=CARTESIAN_POINT('Ctrl Pts',(-62.9346241381129,-75.0000000000001,
-243.407848887407));
#12755=CARTESIAN_POINT('Ctrl Pts',(-62.9961709749198,-75.0000000000001,
-243.358961785599));
#12756=CARTESIAN_POINT('Ctrl Pts',(-63.1278448513935,-75.0000000000001,
-243.254372264209));
#12757=CARTESIAN_POINT('Ctrl Pts',(-63.2964159085059,-75.0000000000001,
-243.245024669154));
#12758=CARTESIAN_POINT('Ctrl Pts',(-63.3861936953029,-75.0000000000001,
-243.240046315157));
#12759=CARTESIAN_POINT('',(-62.7750064756831,-75.0000000000001,-243.944002203905));
#12760=CARTESIAN_POINT('Ctrl Pts',(-62.7750064756831,-75.0000000000001,
-243.944002203905));
#12761=CARTESIAN_POINT('Ctrl Pts',(-62.7775588583529,-75.0000000000001,
-243.834445933321));
#12762=CARTESIAN_POINT('Ctrl Pts',(-62.7820901915112,-75.0000000000001,
-243.63994690013));
#12763=CARTESIAN_POINT('Ctrl Pts',(-62.8882579358822,-75.0000000000001,
-243.478400417968));
#12764=CARTESIAN_POINT('Ctrl Pts',(-62.9346241381129,-75.0000000000001,
-243.407848887407));
#12765=CARTESIAN_POINT('',(-62.7750064756831,-75.0000000000001,-245.780291371309));
#12766=CARTESIAN_POINT('',(-62.7750064756831,-75.0000000000001,-245.780291371309));
#12767=CARTESIAN_POINT('',(-62.2838737394771,-75.0000000000001,-245.780291371309));
#12768=CARTESIAN_POINT('',(-62.2838737394771,-75.0000000000001,-245.780291371309));
#12769=CARTESIAN_POINT('',(-62.2838737394771,-75.0000000000001,-243.944002203905));
#12770=CARTESIAN_POINT('',(-62.2838737394771,-75.0000000000001,-243.944002203905));
#12771=CARTESIAN_POINT('',(-62.3861934568843,-75.0000000000001,-243.294615559542));
#12772=CARTESIAN_POINT('Ctrl Pts',(-62.3861934568843,-75.0000000000001,
-243.294615559542));
#12773=CARTESIAN_POINT('Ctrl Pts',(-62.3564931927631,-75.0000000000001,
-243.385311577655));
#12774=CARTESIAN_POINT('Ctrl Pts',(-62.287570863182,-75.0000000000001,-243.595780441722));
#12775=CARTESIAN_POINT('Ctrl Pts',(-62.2852146210633,-75.0000000000001,
-243.817708310026));
#12776=CARTESIAN_POINT('Ctrl Pts',(-62.2838737394771,-75.0000000000001,
-243.944002203905));
#12777=CARTESIAN_POINT('',(-62.725894632574,-75.0000000000001,-242.944001965486));
#12778=CARTESIAN_POINT('Ctrl Pts',(-62.725894632574,-75.0000000000001,-242.944001965486));
#12779=CARTESIAN_POINT('Ctrl Pts',(-62.6528369157204,-75.0000000000001,
-242.9893824134));
#12780=CARTESIAN_POINT('Ctrl Pts',(-62.5101901492321,-75.0000000000001,
-243.077988715862));
#12781=CARTESIAN_POINT('Ctrl Pts',(-62.4268501760751,-75.0000000000001,
-243.22358675558));
#12782=CARTESIAN_POINT('Ctrl Pts',(-62.3861934568843,-75.0000000000001,
-243.294615559542));
#12783=CARTESIAN_POINT('',(-63.2852377321681,-75.0000000000001,-242.817126326525));
#12784=CARTESIAN_POINT('Ctrl Pts',(-63.2852377321681,-75.0000000000001,
-242.817126326525));
#12785=CARTESIAN_POINT('Ctrl Pts',(-63.183486640529,-75.0000000000001,-242.821351776838));
#12786=CARTESIAN_POINT('Ctrl Pts',(-62.989067761623,-75.0000000000001,-242.829425472163));
#12787=CARTESIAN_POINT('Ctrl Pts',(-62.8108434456352,-75.0000000000001,
-242.907018185464));
#12788=CARTESIAN_POINT('Ctrl Pts',(-62.725894632574,-75.0000000000001,-242.944001965486));
#12789=CARTESIAN_POINT('',(-64.1529049303493,-75.0000000000001,-243.215489201509));
#12790=CARTESIAN_POINT('Ctrl Pts',(-64.1529049303493,-75.0000000000001,
-243.215489201509));
#12791=CARTESIAN_POINT('Ctrl Pts',(-64.0309153626302,-75.0000000000001,
-243.099300232578));
#12792=CARTESIAN_POINT('Ctrl Pts',(-63.7872462348641,-75.0000000000001,
-242.867217561537));
#12793=CARTESIAN_POINT('Ctrl Pts',(-63.452431910731,-75.0000000000001,-242.833809236966));
#12794=CARTESIAN_POINT('Ctrl Pts',(-63.2852377321681,-75.0000000000001,
-242.817126326525));
#12795=CARTESIAN_POINT('',(-64.1529049303493,-75.0000000000001,-241.780291609728));
#12796=CARTESIAN_POINT('',(-64.1529049303493,-75.0000000000001,-241.780291609728));
#12797=CARTESIAN_POINT('',(-64.6440376665553,-75.0000000000001,-241.780291609728));
#12798=CARTESIAN_POINT('',(-64.6440376665553,-75.0000000000001,-241.780291609728));
#12799=CARTESIAN_POINT('',(-64.6440376665553,-75.0000000000001,-245.780291371309));
#12800=CARTESIAN_POINT('',(-64.6440376665553,-75.0000000000001,-245.780291371309));
#12801=CARTESIAN_POINT('',(-64.1529049303493,-75.0000000000001,-245.780291371309));
#12802=CARTESIAN_POINT('Origin',(-64.1529049303493,-80.0000000000001,-244.98765807625));
#12803=CARTESIAN_POINT('',(-64.1529049303493,-80.0000000000001,-245.780291371309));
#12804=CARTESIAN_POINT('',(-64.1529049303493,-80.0000000000001,-245.780291371309));
#12805=CARTESIAN_POINT('',(-64.1529049303493,-80.0000000000001,-244.195024781191));
#12806=CARTESIAN_POINT('',(-64.1529049303493,-80.0000000000001,-229.993829038125));
#12807=CARTESIAN_POINT('',(-64.1529049303493,-80.0000000000001,-244.195024781191));
#12808=CARTESIAN_POINT('Ctrl Pts',(-64.0710498716792,-75.0000000000001,
-243.660236411058));
#12809=CARTESIAN_POINT('Ctrl Pts',(-64.0710498716792,-80.0000000000001,
-243.660236411058));
#12810=CARTESIAN_POINT('Ctrl Pts',(-64.0948338727766,-75.0000000000001,
-243.736541039665));
#12811=CARTESIAN_POINT('Ctrl Pts',(-64.0948338727766,-80.0000000000001,
-243.736541039665));
#12812=CARTESIAN_POINT('Ctrl Pts',(-64.1490133641518,-75.0000000000001,
-243.910361497817));
#12813=CARTESIAN_POINT('Ctrl Pts',(-64.1490133641518,-80.0000000000001,
-243.910361497817));
#12814=CARTESIAN_POINT('Ctrl Pts',(-64.1515063363418,-75.0000000000001,
-244.092719348862));
#12815=CARTESIAN_POINT('Ctrl Pts',(-64.1515063363418,-80.0000000000001,
-244.092719348862));
#12816=CARTESIAN_POINT('Ctrl Pts',(-64.1529049303493,-75.0000000000001,
-244.195024781191));
#12817=CARTESIAN_POINT('Ctrl Pts',(-64.1529049303493,-80.0000000000001,
-244.195024781191));
#12818=CARTESIAN_POINT('',(-64.0710498716792,-80.0000000000001,-243.660236411058));
#12819=CARTESIAN_POINT('Ctrl Pts',(-64.0710498716792,-80.0000000000001,
-243.660236411058));
#12820=CARTESIAN_POINT('Ctrl Pts',(-64.0948338727766,-80.0000000000001,
-243.736541039665));
#12821=CARTESIAN_POINT('Ctrl Pts',(-64.1490133641518,-80.0000000000001,
-243.910361497817));
#12822=CARTESIAN_POINT('Ctrl Pts',(-64.1515063363418,-80.0000000000001,
-244.092719348862));
#12823=CARTESIAN_POINT('Ctrl Pts',(-64.1529049303493,-80.0000000000001,
-244.195024781191));
#12824=CARTESIAN_POINT('',(-64.0710498716792,-80.0000000000001,-243.660236411058));
#12825=CARTESIAN_POINT('Ctrl Pts',(-63.7968339350185,-75.0000000000001,
-243.353279643022));
#12826=CARTESIAN_POINT('Ctrl Pts',(-63.7968339350185,-80.0000000000001,
-243.353279643022));
#12827=CARTESIAN_POINT('Ctrl Pts',(-63.8561207965236,-75.0000000000001,
-243.393843662896));
#12828=CARTESIAN_POINT('Ctrl Pts',(-63.8561207965236,-80.0000000000001,
-243.393843662896));
#12829=CARTESIAN_POINT('Ctrl Pts',(-63.9728187279482,-75.0000000000001,
-243.473688287648));
#12830=CARTESIAN_POINT('Ctrl Pts',(-63.9728187279482,-80.0000000000001,
-243.473688287648));
#12831=CARTESIAN_POINT('Ctrl Pts',(-64.0386589268258,-75.0000000000001,
-243.59872363875));
#12832=CARTESIAN_POINT('Ctrl Pts',(-64.0386589268258,-80.0000000000001,
-243.59872363875));
#12833=CARTESIAN_POINT('Ctrl Pts',(-64.0710498716792,-75.0000000000001,
-243.660236411058));
#12834=CARTESIAN_POINT('Ctrl Pts',(-64.0710498716792,-80.0000000000001,
-243.660236411058));
#12835=CARTESIAN_POINT('',(-63.7968339350185,-80.0000000000001,-243.353279643022));
#12836=CARTESIAN_POINT('Ctrl Pts',(-63.7968339350185,-80.0000000000001,
-243.353279643022));
#12837=CARTESIAN_POINT('Ctrl Pts',(-63.8561207965236,-80.0000000000001,
-243.393843662896));
#12838=CARTESIAN_POINT('Ctrl Pts',(-63.9728187279482,-80.0000000000001,
-243.473688287648));
#12839=CARTESIAN_POINT('Ctrl Pts',(-64.0386589268258,-80.0000000000001,
-243.59872363875));
#12840=CARTESIAN_POINT('Ctrl Pts',(-64.0710498716792,-80.0000000000001,
-243.660236411058));
#12841=CARTESIAN_POINT('',(-63.7968339350185,-80.0000000000001,-243.353279643022));
#12842=CARTESIAN_POINT('Ctrl Pts',(-63.3861936953029,-75.0000000000001,
-243.240046315157));
#12843=CARTESIAN_POINT('Ctrl Pts',(-63.3861936953029,-80.0000000000001,
-243.240046315157));
#12844=CARTESIAN_POINT('Ctrl Pts',(-63.4580604238926,-75.0000000000001,
-243.24487471952));
#12845=CARTESIAN_POINT('Ctrl Pts',(-63.4580604238926,-80.0000000000001,
-243.24487471952));
#12846=CARTESIAN_POINT('Ctrl Pts',(-63.6026456404239,-75.0000000000001,
-243.254588754152));
#12847=CARTESIAN_POINT('Ctrl Pts',(-63.6026456404239,-80.0000000000001,
-243.254588754152));
#12848=CARTESIAN_POINT('Ctrl Pts',(-63.7318507853151,-75.0000000000001,
-243.320253734745));
#12849=CARTESIAN_POINT('Ctrl Pts',(-63.7318507853151,-80.0000000000001,
-243.320253734745));
#12850=CARTESIAN_POINT('Ctrl Pts',(-63.7968339350185,-75.0000000000001,
-243.353279643022));
#12851=CARTESIAN_POINT('Ctrl Pts',(-63.7968339350185,-80.0000000000001,
-243.353279643022));
#12852=CARTESIAN_POINT('',(-63.3861936953029,-80.0000000000001,-243.240046315157));
#12853=CARTESIAN_POINT('Ctrl Pts',(-63.3861936953029,-80.0000000000001,
-243.240046315157));
#12854=CARTESIAN_POINT('Ctrl Pts',(-63.4580604238926,-80.0000000000001,
-243.24487471952));
#12855=CARTESIAN_POINT('Ctrl Pts',(-63.6026456404239,-80.0000000000001,
-243.254588754152));
#12856=CARTESIAN_POINT('Ctrl Pts',(-63.7318507853151,-80.0000000000001,
-243.320253734745));
#12857=CARTESIAN_POINT('Ctrl Pts',(-63.7968339350185,-80.0000000000001,
-243.353279643022));
#12858=CARTESIAN_POINT('',(-63.3861936953029,-80.0000000000001,-243.240046315157));
#12859=CARTESIAN_POINT('Ctrl Pts',(-62.9346241381129,-75.0000000000001,
-243.407848887407));
#12860=CARTESIAN_POINT('Ctrl Pts',(-62.9346241381129,-80.0000000000001,
-243.407848887407));
#12861=CARTESIAN_POINT('Ctrl Pts',(-62.9961709749198,-75.0000000000001,
-243.358961785599));
#12862=CARTESIAN_POINT('Ctrl Pts',(-62.9961709749198,-80.0000000000001,
-243.358961785599));
#12863=CARTESIAN_POINT('Ctrl Pts',(-63.1278448513935,-75.0000000000001,
-243.254372264209));
#12864=CARTESIAN_POINT('Ctrl Pts',(-63.1278448513935,-80.0000000000001,
-243.254372264209));
#12865=CARTESIAN_POINT('Ctrl Pts',(-63.2964159085059,-75.0000000000001,
-243.245024669154));
#12866=CARTESIAN_POINT('Ctrl Pts',(-63.2964159085059,-80.0000000000001,
-243.245024669154));
#12867=CARTESIAN_POINT('Ctrl Pts',(-63.3861936953029,-75.0000000000001,
-243.240046315157));
#12868=CARTESIAN_POINT('Ctrl Pts',(-63.3861936953029,-80.0000000000001,
-243.240046315157));
#12869=CARTESIAN_POINT('',(-62.9346241381129,-80.0000000000001,-243.407848887407));
#12870=CARTESIAN_POINT('Ctrl Pts',(-62.9346241381129,-80.0000000000001,
-243.407848887407));
#12871=CARTESIAN_POINT('Ctrl Pts',(-62.9961709749198,-80.0000000000001,
-243.358961785599));
#12872=CARTESIAN_POINT('Ctrl Pts',(-63.1278448513935,-80.0000000000001,
-243.254372264209));
#12873=CARTESIAN_POINT('Ctrl Pts',(-63.2964159085059,-80.0000000000001,
-243.245024669154));
#12874=CARTESIAN_POINT('Ctrl Pts',(-63.3861936953029,-80.0000000000001,
-243.240046315157));
#12875=CARTESIAN_POINT('',(-62.9346241381129,-80.0000000000001,-243.407848887407));
#12876=CARTESIAN_POINT('Ctrl Pts',(-62.7750064756831,-75.0000000000001,
-243.944002203905));
#12877=CARTESIAN_POINT('Ctrl Pts',(-62.7750064756831,-80.0000000000001,
-243.944002203905));
#12878=CARTESIAN_POINT('Ctrl Pts',(-62.7775588583529,-75.0000000000001,
-243.834445933321));
#12879=CARTESIAN_POINT('Ctrl Pts',(-62.7775588583529,-80.0000000000001,
-243.834445933321));
#12880=CARTESIAN_POINT('Ctrl Pts',(-62.7820901915112,-75.0000000000001,
-243.63994690013));
#12881=CARTESIAN_POINT('Ctrl Pts',(-62.7820901915112,-80.0000000000001,
-243.63994690013));
#12882=CARTESIAN_POINT('Ctrl Pts',(-62.8882579358822,-75.0000000000001,
-243.478400417968));
#12883=CARTESIAN_POINT('Ctrl Pts',(-62.8882579358822,-80.0000000000001,
-243.478400417968));
#12884=CARTESIAN_POINT('Ctrl Pts',(-62.9346241381129,-75.0000000000001,
-243.407848887407));
#12885=CARTESIAN_POINT('Ctrl Pts',(-62.9346241381129,-80.0000000000001,
-243.407848887407));
#12886=CARTESIAN_POINT('',(-62.7750064756831,-80.0000000000001,-243.944002203905));
#12887=CARTESIAN_POINT('Ctrl Pts',(-62.7750064756831,-80.0000000000001,
-243.944002203905));
#12888=CARTESIAN_POINT('Ctrl Pts',(-62.7775588583529,-80.0000000000001,
-243.834445933321));
#12889=CARTESIAN_POINT('Ctrl Pts',(-62.7820901915112,-80.0000000000001,
-243.63994690013));
#12890=CARTESIAN_POINT('Ctrl Pts',(-62.8882579358822,-80.0000000000001,
-243.478400417968));
#12891=CARTESIAN_POINT('Ctrl Pts',(-62.9346241381129,-80.0000000000001,
-243.407848887407));
#12892=CARTESIAN_POINT('',(-62.7750064756831,-80.0000000000001,-243.944002203905));
#12893=CARTESIAN_POINT('Origin',(-62.7750064756831,-80.0000000000001,-244.862146787607));
#12894=CARTESIAN_POINT('',(-62.7750064756831,-80.0000000000001,-245.780291371309));
#12895=CARTESIAN_POINT('',(-62.7750064756831,-80.0000000000001,-229.931073393804));
#12896=CARTESIAN_POINT('',(-62.7750064756831,-80.0000000000001,-245.780291371309));
#12897=CARTESIAN_POINT('Origin',(-62.5294401075801,-80.0000000000001,-245.780291371309));
#12898=CARTESIAN_POINT('',(-62.2838737394771,-80.0000000000001,-245.780291371309));
#12899=CARTESIAN_POINT('',(-55.505294931709,-80.0000000000001,-245.780291371309));
#12900=CARTESIAN_POINT('',(-62.2838737394771,-80.0000000000001,-245.780291371309));
#12901=CARTESIAN_POINT('Origin',(-62.2838737394771,-80.0000000000001,-244.862146787607));
#12902=CARTESIAN_POINT('',(-62.2838737394771,-80.0000000000001,-243.944002203905));
#12903=CARTESIAN_POINT('',(-62.2838737394771,-80.0000000000001,-229.931073393804));
#12904=CARTESIAN_POINT('',(-62.2838737394771,-80.0000000000001,-243.944002203905));
#12905=CARTESIAN_POINT('Ctrl Pts',(-62.3861934568843,-75.0000000000001,
-243.294615559542));
#12906=CARTESIAN_POINT('Ctrl Pts',(-62.3861934568843,-80.0000000000001,
-243.294615559542));
#12907=CARTESIAN_POINT('Ctrl Pts',(-62.3564931927631,-75.0000000000001,
-243.385311577655));
#12908=CARTESIAN_POINT('Ctrl Pts',(-62.3564931927631,-80.0000000000001,
-243.385311577655));
#12909=CARTESIAN_POINT('Ctrl Pts',(-62.287570863182,-75.0000000000001,-243.595780441722));
#12910=CARTESIAN_POINT('Ctrl Pts',(-62.287570863182,-80.0000000000001,-243.595780441722));
#12911=CARTESIAN_POINT('Ctrl Pts',(-62.2852146210633,-75.0000000000001,
-243.817708310026));
#12912=CARTESIAN_POINT('Ctrl Pts',(-62.2852146210633,-80.0000000000001,
-243.817708310026));
#12913=CARTESIAN_POINT('Ctrl Pts',(-62.2838737394771,-75.0000000000001,
-243.944002203905));
#12914=CARTESIAN_POINT('Ctrl Pts',(-62.2838737394771,-80.0000000000001,
-243.944002203905));
#12915=CARTESIAN_POINT('',(-62.3861934568843,-80.0000000000001,-243.294615559542));
#12916=CARTESIAN_POINT('Ctrl Pts',(-62.3861934568843,-80.0000000000001,
-243.294615559542));
#12917=CARTESIAN_POINT('Ctrl Pts',(-62.3564931927631,-80.0000000000001,
-243.385311577655));
#12918=CARTESIAN_POINT('Ctrl Pts',(-62.287570863182,-80.0000000000001,-243.595780441722));
#12919=CARTESIAN_POINT('Ctrl Pts',(-62.2852146210633,-80.0000000000001,
-243.817708310026));
#12920=CARTESIAN_POINT('Ctrl Pts',(-62.2838737394771,-80.0000000000001,
-243.944002203905));
#12921=CARTESIAN_POINT('',(-62.3861934568843,-80.0000000000001,-243.294615559542));
#12922=CARTESIAN_POINT('Ctrl Pts',(-62.725894632574,-75.0000000000001,-242.944001965486));
#12923=CARTESIAN_POINT('Ctrl Pts',(-62.725894632574,-80.0000000000001,-242.944001965486));
#12924=CARTESIAN_POINT('Ctrl Pts',(-62.6528369157204,-75.0000000000001,
-242.9893824134));
#12925=CARTESIAN_POINT('Ctrl Pts',(-62.6528369157204,-80.0000000000001,
-242.9893824134));
#12926=CARTESIAN_POINT('Ctrl Pts',(-62.5101901492321,-75.0000000000001,
-243.077988715862));
#12927=CARTESIAN_POINT('Ctrl Pts',(-62.5101901492321,-80.0000000000001,
-243.077988715862));
#12928=CARTESIAN_POINT('Ctrl Pts',(-62.4268501760751,-75.0000000000001,
-243.22358675558));
#12929=CARTESIAN_POINT('Ctrl Pts',(-62.4268501760751,-80.0000000000001,
-243.22358675558));
#12930=CARTESIAN_POINT('Ctrl Pts',(-62.3861934568843,-75.0000000000001,
-243.294615559542));
#12931=CARTESIAN_POINT('Ctrl Pts',(-62.3861934568843,-80.0000000000001,
-243.294615559542));
#12932=CARTESIAN_POINT('',(-62.725894632574,-80.0000000000001,-242.944001965486));
#12933=CARTESIAN_POINT('Ctrl Pts',(-62.725894632574,-80.0000000000001,-242.944001965486));
#12934=CARTESIAN_POINT('Ctrl Pts',(-62.6528369157204,-80.0000000000001,
-242.9893824134));
#12935=CARTESIAN_POINT('Ctrl Pts',(-62.5101901492321,-80.0000000000001,
-243.077988715862));
#12936=CARTESIAN_POINT('Ctrl Pts',(-62.4268501760751,-80.0000000000001,
-243.22358675558));
#12937=CARTESIAN_POINT('Ctrl Pts',(-62.3861934568843,-80.0000000000001,
-243.294615559542));
#12938=CARTESIAN_POINT('',(-62.725894632574,-80.0000000000001,-242.944001965486));
#12939=CARTESIAN_POINT('Ctrl Pts',(-63.2852377321681,-75.0000000000001,
-242.817126326525));
#12940=CARTESIAN_POINT('Ctrl Pts',(-63.2852377321681,-80.0000000000001,
-242.817126326525));
#12941=CARTESIAN_POINT('Ctrl Pts',(-63.183486640529,-75.0000000000001,-242.821351776838));
#12942=CARTESIAN_POINT('Ctrl Pts',(-63.183486640529,-80.0000000000001,-242.821351776838));
#12943=CARTESIAN_POINT('Ctrl Pts',(-62.989067761623,-75.0000000000001,-242.829425472163));
#12944=CARTESIAN_POINT('Ctrl Pts',(-62.989067761623,-80.0000000000001,-242.829425472163));
#12945=CARTESIAN_POINT('Ctrl Pts',(-62.8108434456352,-75.0000000000001,
-242.907018185464));
#12946=CARTESIAN_POINT('Ctrl Pts',(-62.8108434456352,-80.0000000000001,
-242.907018185464));
#12947=CARTESIAN_POINT('Ctrl Pts',(-62.725894632574,-75.0000000000001,-242.944001965486));
#12948=CARTESIAN_POINT('Ctrl Pts',(-62.725894632574,-80.0000000000001,-242.944001965486));
#12949=CARTESIAN_POINT('',(-63.2852377321681,-80.0000000000001,-242.817126326525));
#12950=CARTESIAN_POINT('Ctrl Pts',(-63.2852377321681,-80.0000000000001,
-242.817126326525));
#12951=CARTESIAN_POINT('Ctrl Pts',(-63.183486640529,-80.0000000000001,-242.821351776838));
#12952=CARTESIAN_POINT('Ctrl Pts',(-62.989067761623,-80.0000000000001,-242.829425472163));
#12953=CARTESIAN_POINT('Ctrl Pts',(-62.8108434456352,-80.0000000000001,
-242.907018185464));
#12954=CARTESIAN_POINT('Ctrl Pts',(-62.725894632574,-80.0000000000001,-242.944001965486));
#12955=CARTESIAN_POINT('',(-63.2852377321681,-80.0000000000001,-242.817126326525));
#12956=CARTESIAN_POINT('Ctrl Pts',(-64.1529049303493,-75.0000000000001,
-243.215489201509));
#12957=CARTESIAN_POINT('Ctrl Pts',(-64.1529049303493,-80.0000000000001,
-243.215489201509));
#12958=CARTESIAN_POINT('Ctrl Pts',(-64.0309153626302,-75.0000000000001,
-243.099300232578));
#12959=CARTESIAN_POINT('Ctrl Pts',(-64.0309153626302,-80.0000000000001,
-243.099300232578));
#12960=CARTESIAN_POINT('Ctrl Pts',(-63.7872462348641,-75.0000000000001,
-242.867217561537));
#12961=CARTESIAN_POINT('Ctrl Pts',(-63.7872462348641,-80.0000000000001,
-242.867217561537));
#12962=CARTESIAN_POINT('Ctrl Pts',(-63.452431910731,-75.0000000000001,-242.833809236966));
#12963=CARTESIAN_POINT('Ctrl Pts',(-63.452431910731,-80.0000000000001,-242.833809236966));
#12964=CARTESIAN_POINT('Ctrl Pts',(-63.2852377321681,-75.0000000000001,
-242.817126326525));
#12965=CARTESIAN_POINT('Ctrl Pts',(-63.2852377321681,-80.0000000000001,
-242.817126326525));
#12966=CARTESIAN_POINT('',(-64.1529049303493,-80.0000000000001,-243.215489201509));
#12967=CARTESIAN_POINT('Ctrl Pts',(-64.1529049303493,-80.0000000000001,
-243.215489201509));
#12968=CARTESIAN_POINT('Ctrl Pts',(-64.0309153626302,-80.0000000000001,
-243.099300232578));
#12969=CARTESIAN_POINT('Ctrl Pts',(-63.7872462348641,-80.0000000000001,
-242.867217561537));
#12970=CARTESIAN_POINT('Ctrl Pts',(-63.452431910731,-80.0000000000001,-242.833809236966));
#12971=CARTESIAN_POINT('Ctrl Pts',(-63.2852377321681,-80.0000000000001,
-242.817126326525));
#12972=CARTESIAN_POINT('',(-64.1529049303493,-80.0000000000001,-243.215489201509));
#12973=CARTESIAN_POINT('Origin',(-64.1529049303493,-80.0000000000001,-242.497890405619));
#12974=CARTESIAN_POINT('',(-64.1529049303493,-80.0000000000001,-241.780291609728));
#12975=CARTESIAN_POINT('',(-64.1529049303493,-80.0000000000001,-228.748945202809));
#12976=CARTESIAN_POINT('',(-64.1529049303493,-80.0000000000001,-241.780291609728));
#12977=CARTESIAN_POINT('Origin',(-64.3984712984523,-80.0000000000001,-241.780291609728));
#12978=CARTESIAN_POINT('',(-64.6440376665553,-80.0000000000001,-241.780291609728));
#12979=CARTESIAN_POINT('',(-56.439810527145,-80.0000000000001,-241.780291609728));
#12980=CARTESIAN_POINT('',(-64.6440376665553,-80.0000000000001,-241.780291609728));
#12981=CARTESIAN_POINT('Origin',(-64.6440376665553,-80.0000000000001,-243.780291490518));
#12982=CARTESIAN_POINT('',(-64.6440376665553,-80.0000000000001,-245.780291371309));
#12983=CARTESIAN_POINT('',(-64.6440376665553,-80.0000000000001,-229.390145745259));
#12984=CARTESIAN_POINT('',(-64.6440376665553,-80.0000000000001,-245.780291371309));
#12985=CARTESIAN_POINT('Origin',(-64.3984712984523,-80.0000000000001,-245.780291371309));
#12986=CARTESIAN_POINT('',(-56.439810527145,-80.0000000000001,-245.780291371309));
#12987=CARTESIAN_POINT('Origin',(-48.4811497558378,-75.0000000000001,-215.));
#12988=CARTESIAN_POINT('',(-72.6331235792598,-75.0000000000001,-243.551096730196));
#12989=CARTESIAN_POINT('',(-73.2197536852321,-75.0000000000001,-245.780291371309));
#12990=CARTESIAN_POINT('',(-72.6331235792598,-75.0000000000001,-243.551096730196));
#12991=CARTESIAN_POINT('',(-72.5212540056666,-75.0000000000001,-244.044956974947));
#12992=CARTESIAN_POINT('',(-72.5212540056666,-75.0000000000001,-244.044956974947));
#12993=CARTESIAN_POINT('',(-72.0601357843837,-75.0000000000001,-245.780291371309));
#12994=CARTESIAN_POINT('',(-72.0601357843837,-75.0000000000001,-245.780291371309));
#12995=CARTESIAN_POINT('',(-71.5499033358058,-75.0000000000001,-245.780291371309));
#12996=CARTESIAN_POINT('',(-71.5499033358058,-75.0000000000001,-245.780291371309));
#12997=CARTESIAN_POINT('',(-70.6440379049739,-75.0000000000001,-242.882610373461));
#12998=CARTESIAN_POINT('',(-70.6440379049739,-75.0000000000001,-242.882610373461));
#12999=CARTESIAN_POINT('',(-71.1215271379909,-75.0000000000001,-242.882610373461));
#13000=CARTESIAN_POINT('',(-71.1215271379909,-75.0000000000001,-242.882610373461));
#13001=CARTESIAN_POINT('',(-71.6181160833797,-75.0000000000001,-244.557918124163));
#13002=CARTESIAN_POINT('',(-71.6181160833797,-75.0000000000001,-244.557918124163));
#13003=CARTESIAN_POINT('',(-71.7845560934505,-75.0000000000001,-245.11726241585));
#13004=CARTESIAN_POINT('',(-71.7845560934505,-75.0000000000001,-245.11726241585));
#13005=CARTESIAN_POINT('',(-71.9291664984187,-75.0000000000001,-244.563374333345));
#13006=CARTESIAN_POINT('',(-71.9291664984187,-75.0000000000001,-244.563374333345));
#13007=CARTESIAN_POINT('',(-72.3630000975093,-75.0000000000001,-242.882610373461));
#13008=CARTESIAN_POINT('',(-72.3630000975093,-75.0000000000001,-242.882610373461));
#13009=CARTESIAN_POINT('',(-72.8677751448115,-75.0000000000001,-242.882610373461));
#13010=CARTESIAN_POINT('',(-72.8677751448115,-75.0000000000001,-242.882610373461));
#13011=CARTESIAN_POINT('',(-73.328893962141,-75.0000000000001,-244.579745345079));
#13012=CARTESIAN_POINT('',(-73.328893962141,-75.0000000000001,-244.579745345079));
#13013=CARTESIAN_POINT('',(-73.4789623644313,-75.0000000000001,-245.177290253603));
#13014=CARTESIAN_POINT('Ctrl Pts',(-73.4789623644313,-75.0000000000001,
-245.177290253603));
#13015=CARTESIAN_POINT('Ctrl Pts',(-73.4646609452724,-75.0000000000001,
-245.119758368293));
#13016=CARTESIAN_POINT('Ctrl Pts',(-73.4151179972015,-75.0000000000001,
-244.920456524564));
#13017=CARTESIAN_POINT('Ctrl Pts',(-73.3647338579878,-75.0000000000001,
-244.721365407026));
#13018=CARTESIAN_POINT('Ctrl Pts',(-73.328893962141,-75.0000000000001,-244.579745345079));
#13019=CARTESIAN_POINT('',(-73.6508585836848,-75.0000000000001,-244.555189423525));
#13020=CARTESIAN_POINT('',(-73.6508585836848,-75.0000000000001,-244.555189423525));
#13021=CARTESIAN_POINT('',(-74.1119768049678,-75.0000000000001,-242.882610373461));
#13022=CARTESIAN_POINT('',(-74.1119768049678,-75.0000000000001,-242.882610373461));
#13023=CARTESIAN_POINT('',(-74.6194805529079,-75.0000000000001,-242.882610373461));
#13024=CARTESIAN_POINT('',(-74.6194805529079,-75.0000000000001,-242.882610373461));
#13025=CARTESIAN_POINT('',(-73.7327136423549,-75.0000000000001,-245.780291371309));
#13026=CARTESIAN_POINT('',(-73.7327136423549,-75.0000000000001,-245.780291371309));
#13027=CARTESIAN_POINT('',(-73.2197536852321,-75.0000000000001,-245.780291371309));
#13028=CARTESIAN_POINT('Origin',(-72.9264386322459,-80.0000000000001,-244.665694050753));
#13029=CARTESIAN_POINT('',(-73.2197536852321,-80.0000000000001,-245.780291371309));
#13030=CARTESIAN_POINT('',(-73.2197536852321,-80.0000000000001,-245.780291371309));
#13031=CARTESIAN_POINT('',(-72.6331235792598,-80.0000000000001,-243.551096730196));
#13032=CARTESIAN_POINT('',(-68.4842459222733,-80.0000000000001,-227.785359947458));
#13033=CARTESIAN_POINT('',(-72.6331235792598,-80.0000000000001,-243.551096730196));
#13034=CARTESIAN_POINT('Origin',(-72.5771887924632,-80.0000000000001,-243.798026852571));
#13035=CARTESIAN_POINT('',(-72.5212540056666,-80.0000000000001,-244.044956974947));
#13036=CARTESIAN_POINT('',(-75.091639431425,-80.0000000000001,-232.697714514847));
#13037=CARTESIAN_POINT('',(-72.5212540056666,-80.0000000000001,-244.044956974947));
#13038=CARTESIAN_POINT('Origin',(-72.2906948950252,-80.0000000000001,-244.912624173128));
#13039=CARTESIAN_POINT('',(-72.0601357843837,-80.0000000000001,-245.780291371309));
#13040=CARTESIAN_POINT('',(-75.2176795605382,-80.0000000000001,-233.897450768013));
#13041=CARTESIAN_POINT('',(-72.0601357843837,-80.0000000000001,-245.780291371309));
#13042=CARTESIAN_POINT('Origin',(-71.8050195600947,-80.0000000000001,-245.780291371309));
#13043=CARTESIAN_POINT('',(-71.5499033358058,-80.0000000000001,-245.780291371309));
#13044=CARTESIAN_POINT('',(-60.1430846579663,-80.0000000000001,-245.780291371309));
#13045=CARTESIAN_POINT('',(-71.5499033358058,-80.0000000000001,-245.780291371309));
#13046=CARTESIAN_POINT('Origin',(-71.0969706203899,-80.0000000000001,-244.331450872385));
#13047=CARTESIAN_POINT('',(-70.6440379049739,-80.0000000000001,-242.882610373461));
#13048=CARTESIAN_POINT('',(-65.9136556062835,-80.0000000000001,-227.751070485813));
#13049=CARTESIAN_POINT('',(-70.6440379049739,-80.0000000000001,-242.882610373461));
#13050=CARTESIAN_POINT('Origin',(-70.8827825214824,-80.0000000000001,-242.882610373461));
#13051=CARTESIAN_POINT('',(-71.1215271379909,-80.0000000000001,-242.882610373461));
#13052=CARTESIAN_POINT('',(-59.6819661386601,-80.0000000000001,-242.882610373461));
#13053=CARTESIAN_POINT('',(-71.1215271379909,-80.0000000000001,-242.882610373461));
#13054=CARTESIAN_POINT('Origin',(-71.3698216106853,-80.0000000000001,-243.720264248812));
#13055=CARTESIAN_POINT('',(-71.6181160833797,-80.0000000000001,-244.557918124163));
#13056=CARTESIAN_POINT('',(-66.5327115921398,-80.0000000000001,-227.401641008573));
#13057=CARTESIAN_POINT('',(-71.6181160833797,-80.0000000000001,-244.557918124163));
#13058=CARTESIAN_POINT('Origin',(-71.7013360884151,-80.0000000000001,-244.837590270006));
#13059=CARTESIAN_POINT('',(-71.7845560934505,-80.0000000000001,-245.11726241585));
#13060=CARTESIAN_POINT('',(-66.6787751513892,-80.0000000000001,-227.958591112408));
#13061=CARTESIAN_POINT('',(-71.7845560934505,-80.0000000000001,-245.11726241585));
#13062=CARTESIAN_POINT('Origin',(-71.8568612959346,-80.0000000000001,-244.840318374597));
#13063=CARTESIAN_POINT('',(-71.9291664984187,-80.0000000000001,-244.563374333345));
#13064=CARTESIAN_POINT('',(-74.7578197195951,-80.0000000000001,-233.729041153165));
#13065=CARTESIAN_POINT('',(-71.9291664984187,-80.0000000000001,-244.563374333345));
#13066=CARTESIAN_POINT('Origin',(-72.146083297964,-80.0000000000001,-243.722992353403));
#13067=CARTESIAN_POINT('',(-72.3630000975093,-80.0000000000001,-242.882610373461));
#13068=CARTESIAN_POINT('',(-74.8823931926143,-80.0000000000001,-233.121943786291));
#13069=CARTESIAN_POINT('',(-72.3630000975093,-80.0000000000001,-242.882610373461));
#13070=CARTESIAN_POINT('Origin',(-72.6153876211604,-80.0000000000001,-242.882610373461));
#13071=CARTESIAN_POINT('',(-72.8677751448115,-80.0000000000001,-242.882610373461));
#13072=CARTESIAN_POINT('',(-60.5482686884991,-80.0000000000001,-242.882610373461));
#13073=CARTESIAN_POINT('',(-72.8677751448115,-80.0000000000001,-242.882610373461));
#13074=CARTESIAN_POINT('Origin',(-73.0983345534762,-80.0000000000001,-243.73117785927));
#13075=CARTESIAN_POINT('',(-73.328893962141,-80.0000000000001,-244.579745345079));
#13076=CARTESIAN_POINT('',(-68.6172881399854,-80.0000000000001,-227.238811267453));
#13077=CARTESIAN_POINT('',(-73.328893962141,-80.0000000000001,-244.579745345079));
#13078=CARTESIAN_POINT('Ctrl Pts',(-73.4789623644313,-75.0000000000001,
-245.177290253603));
#13079=CARTESIAN_POINT('Ctrl Pts',(-73.4789623644313,-80.0000000000001,
-245.177290253603));
#13080=CARTESIAN_POINT('Ctrl Pts',(-73.4646609452724,-75.0000000000001,
-245.119758368293));
#13081=CARTESIAN_POINT('Ctrl Pts',(-73.4646609452724,-80.0000000000001,
-245.119758368293));
#13082=CARTESIAN_POINT('Ctrl Pts',(-73.4151179972015,-75.0000000000001,
-244.920456524564));
#13083=CARTESIAN_POINT('Ctrl Pts',(-73.4151179972015,-80.0000000000001,
-244.920456524564));
#13084=CARTESIAN_POINT('Ctrl Pts',(-73.3647338579878,-75.0000000000001,
-244.721365407026));
#13085=CARTESIAN_POINT('Ctrl Pts',(-73.3647338579878,-80.0000000000001,
-244.721365407026));
#13086=CARTESIAN_POINT('Ctrl Pts',(-73.328893962141,-75.0000000000001,-244.579745345079));
#13087=CARTESIAN_POINT('Ctrl Pts',(-73.328893962141,-80.0000000000001,-244.579745345079));
#13088=CARTESIAN_POINT('',(-73.4789623644313,-80.0000000000001,-245.177290253603));
#13089=CARTESIAN_POINT('Ctrl Pts',(-73.4789623644313,-80.0000000000001,
-245.177290253603));
#13090=CARTESIAN_POINT('Ctrl Pts',(-73.4646609452724,-80.0000000000001,
-245.119758368293));
#13091=CARTESIAN_POINT('Ctrl Pts',(-73.4151179972015,-80.0000000000001,
-244.920456524564));
#13092=CARTESIAN_POINT('Ctrl Pts',(-73.3647338579878,-80.0000000000001,
-244.721365407026));
#13093=CARTESIAN_POINT('Ctrl Pts',(-73.328893962141,-80.0000000000001,-244.579745345079));
#13094=CARTESIAN_POINT('',(-73.4789623644313,-80.0000000000001,-245.177290253603));
#13095=CARTESIAN_POINT('Origin',(-73.5649104740581,-80.0000000000001,-244.866239838564));
#13096=CARTESIAN_POINT('',(-73.6508585836848,-80.0000000000001,-244.555189423525));
#13097=CARTESIAN_POINT('',(-76.5088201473781,-80.0000000000001,-234.212086655903));
#13098=CARTESIAN_POINT('',(-73.6508585836848,-80.0000000000001,-244.555189423525));
#13099=CARTESIAN_POINT('Origin',(-73.8814176943263,-80.0000000000001,-243.718899898493));
#13100=CARTESIAN_POINT('',(-74.1119768049678,-80.0000000000001,-242.882610373461));
#13101=CARTESIAN_POINT('',(-76.663468440531,-80.0000000000001,-233.627778837671));
#13102=CARTESIAN_POINT('',(-74.1119768049678,-80.0000000000001,-242.882610373461));
#13103=CARTESIAN_POINT('Origin',(-74.3657286789378,-80.0000000000001,-242.882610373461));
#13104=CARTESIAN_POINT('',(-74.6194805529079,-80.0000000000001,-242.882610373461));
#13105=CARTESIAN_POINT('',(-61.4234392173878,-80.0000000000001,-242.882610373461));
#13106=CARTESIAN_POINT('',(-74.6194805529079,-80.0000000000001,-242.882610373461));
#13107=CARTESIAN_POINT('Origin',(-74.1760970976314,-80.0000000000001,-244.331450872385));
#13108=CARTESIAN_POINT('',(-73.7327136423549,-80.0000000000001,-245.780291371309));
#13109=CARTESIAN_POINT('',(-77.1797080297966,-80.0000000000001,-234.516575937958));
#13110=CARTESIAN_POINT('',(-73.7327136423549,-80.0000000000001,-245.780291371309));
#13111=CARTESIAN_POINT('Origin',(-73.4762336637935,-80.0000000000001,-245.780291371309));
#13112=CARTESIAN_POINT('',(-60.9786917098156,-80.0000000000001,-245.780291371309));
#13113=CARTESIAN_POINT('Origin',(-77.0708473939216,-80.0000000000001,-255.208959868517));
#13114=CARTESIAN_POINT('',(-77.0708473939216,-73.5000000000001,-247.02194677539));
#13115=CARTESIAN_POINT('',(-77.0708473939216,-73.5000000000001,-255.208959868517));
#13116=CARTESIAN_POINT('',(-77.0708473939216,-73.5000000000001,-235.104479934259));
#13117=CARTESIAN_POINT('',(-77.0708473939216,-80.0000000000001,-247.02194677539));
#13118=CARTESIAN_POINT('',(-77.0708473939216,-80.0000000000001,-247.02194677539));
#13119=CARTESIAN_POINT('',(-77.0708473939216,-80.0000000000001,-255.208959868517));
#13120=CARTESIAN_POINT('',(-77.0708473939216,-80.0000000000001,-235.104479934259));
#13121=CARTESIAN_POINT('',(-77.0708473939216,-80.0000000000001,-255.208959868517));
#13122=CARTESIAN_POINT('Origin',(-64.084550763444,-80.0000000000001,-255.208959868517));
#13123=CARTESIAN_POINT('',(-64.084550763444,-73.5000000000001,-255.208959868517));
#13124=CARTESIAN_POINT('',(-56.2828502596409,-73.5000000000001,-255.208959868517));
#13125=CARTESIAN_POINT('',(-64.084550763444,-80.0000000000001,-255.208959868517));
#13126=CARTESIAN_POINT('',(-56.2828502596409,-80.0000000000001,-255.208959868517));
#13127=CARTESIAN_POINT('',(-64.084550763444,-80.0000000000001,-255.208959868517));
#13128=CARTESIAN_POINT('Origin',(-64.084550763444,-80.0000000000001,-247.02194677539));
#13129=CARTESIAN_POINT('',(-64.084550763444,-73.5000000000001,-247.02194677539));
#13130=CARTESIAN_POINT('',(-64.084550763444,-73.5000000000001,-231.010973387695));
#13131=CARTESIAN_POINT('',(-64.084550763444,-80.0000000000001,-247.02194677539));
#13132=CARTESIAN_POINT('',(-64.084550763444,-80.0000000000001,-231.010973387695));
#13133=CARTESIAN_POINT('',(-64.084550763444,-80.0000000000001,-247.02194677539));
#13134=CARTESIAN_POINT('Origin',(-77.0708473939216,-80.0000000000001,-247.02194677539));
#13135=CARTESIAN_POINT('',(-62.7759985748797,-73.5000000000001,-247.02194677539));
#13136=CARTESIAN_POINT('',(-62.7759985748797,-80.0000000000001,-247.02194677539));
#13137=CARTESIAN_POINT('Origin',(-123.536684750489,43.4999999999999,-215.));
#13138=CARTESIAN_POINT('',(-119.783908000757,43.4999999999999,-258.5));
#13139=CARTESIAN_POINT('',(-119.783908000757,43.4999999999999,-215.));
#13140=CARTESIAN_POINT('',(-52.2339265055705,43.4999999999999,-258.5));
#13141=CARTESIAN_POINT('',(-104.772801001827,43.4999999999999,-258.5));
#13142=CARTESIAN_POINT('',(-52.2339265055705,43.4999999999999,-215.));
#13143=CARTESIAN_POINT('Origin',(-155.435287123216,-18.2500000000002,-215.));
#13144=CARTESIAN_POINT('',(-153.55889874835,-15.0000000000002,-258.5));
#13145=CARTESIAN_POINT('',(-153.55889874835,-15.0000000000002,-215.));
#13146=CARTESIAN_POINT('',(-146.053345248885,-2.00000000000013,-258.5));
#13147=CARTESIAN_POINT('Origin',(-117.907519625891,-76.7500000000001,-215.));
#13148=CARTESIAN_POINT('',(-119.783908000757,-73.5000000000001,-258.5));
#13149=CARTESIAN_POINT('',(-119.783908000757,-73.5000000000001,-215.));
#13150=CARTESIAN_POINT('',(-127.289461500222,-60.5000000000001,-258.5));
#13151=CARTESIAN_POINT('Origin',(-48.4811497558378,-73.5000000000001,-215.));
#13152=CARTESIAN_POINT('',(-52.2339265055704,-73.5000000000001,-258.5));
#13153=CARTESIAN_POINT('',(-52.2339265055704,-73.5000000000001,-215.));
#13154=CARTESIAN_POINT('',(-67.2450335045007,-73.5000000000001,-258.5));
#13155=CARTESIAN_POINT('Origin',(-16.582547383111,-11.7500000000002,-215.));
#13156=CARTESIAN_POINT('',(-18.4589357579773,-15.0000000000002,-258.5));
#13157=CARTESIAN_POINT('',(-18.4589357579773,-15.0000000000002,-215.));
#13158=CARTESIAN_POINT('',(-25.9644892574424,-28.0000000000002,-258.5));
#13159=CARTESIAN_POINT('Origin',(-54.1103148804368,46.7499999999999,-215.));
#13160=CARTESIAN_POINT('',(-44.7283730061054,30.4999999999999,-258.5));
#13161=CARTESIAN_POINT('Origin',(-86.0089172531637,-15.0000000000001,-258.5));
#13162=CARTESIAN_POINT('Origin',(-123.536684750489,49.9999999999999,-215.));
#13163=CARTESIAN_POINT('',(-48.4811497558379,49.9999999999999,-265.));
#13164=CARTESIAN_POINT('',(-48.4811497558379,49.9999999999999,-215.));
#13165=CARTESIAN_POINT('',(-123.536684750489,49.9999999999999,-265.));
#13166=CARTESIAN_POINT('',(-123.536684750489,49.9999999999999,-265.));
#13167=CARTESIAN_POINT('',(-123.536684750489,49.9999999999999,-215.));
#13168=CARTESIAN_POINT('Origin',(-161.064452247815,-15.0000000000002,-215.));
#13169=CARTESIAN_POINT('',(-161.064452247815,-15.0000000000002,-265.));
#13170=CARTESIAN_POINT('',(-161.064452247815,-15.0000000000002,-265.));
#13171=CARTESIAN_POINT('',(-161.064452247815,-15.0000000000002,-215.));
#13172=CARTESIAN_POINT('Origin',(-123.536684750489,-80.0000000000001,-215.));
#13173=CARTESIAN_POINT('',(-123.536684750489,-80.0000000000001,-265.));
#13174=CARTESIAN_POINT('',(-123.536684750489,-80.0000000000001,-265.));
#13175=CARTESIAN_POINT('',(-123.536684750489,-80.0000000000001,-215.));
#13176=CARTESIAN_POINT('Origin',(-48.4811497558378,-80.0000000000001,-215.));
#13177=CARTESIAN_POINT('',(-48.4811497558378,-80.0000000000001,-265.));
#13178=CARTESIAN_POINT('',(-48.4811497558378,-80.0000000000001,-265.));
#13179=CARTESIAN_POINT('',(-48.4811497558378,-80.0000000000001,-215.));
#13180=CARTESIAN_POINT('Origin',(-10.9533822585122,-15.0000000000002,-215.));
#13181=CARTESIAN_POINT('',(-10.9533822585122,-15.0000000000002,-265.));
#13182=CARTESIAN_POINT('',(-10.9533822585122,-15.0000000000002,-265.));
#13183=CARTESIAN_POINT('',(-10.9533822585122,-15.0000000000002,-215.));
#13184=CARTESIAN_POINT('Origin',(-48.4811497558379,49.9999999999999,-215.));
#13185=CARTESIAN_POINT('',(-48.4811497558379,49.9999999999999,-265.));
#13186=CARTESIAN_POINT('Origin',(-86.0089172531637,-15.0000000000001,-265.));
#13187=CARTESIAN_POINT('',(0.,0.,0.));
#13188=CARTESIAN_POINT('',(0.,0.,0.));
#13189=UNCERTAINTY_MEASURE_WITH_UNIT(LENGTH_MEASURE(0.01),#13197,
'DISTANCE_ACCURACY_VALUE',
'Maximum model space distance between geometric entities at asserted c
onnectivities');
#13190=UNCERTAINTY_MEASURE_WITH_UNIT(LENGTH_MEASURE(0.01),#13197,
'DISTANCE_ACCURACY_VALUE',
'Maximum model space distance between geometric entities at asserted c
onnectivities');
#13191=UNCERTAINTY_MEASURE_WITH_UNIT(LENGTH_MEASURE(0.01),#13197,
'DISTANCE_ACCURACY_VALUE',
'Maximum model space distance between geometric entities at asserted c
onnectivities');
#13192=UNCERTAINTY_MEASURE_WITH_UNIT(LENGTH_MEASURE(0.01),#13197,
'DISTANCE_ACCURACY_VALUE',
'Maximum model space distance between geometric entities at asserted c
onnectivities');
#13193=(
GEOMETRIC_REPRESENTATION_CONTEXT(3)
GLOBAL_UNCERTAINTY_ASSIGNED_CONTEXT((#13189))
GLOBAL_UNIT_ASSIGNED_CONTEXT((#13197,#13199,#13200))
REPRESENTATION_CONTEXT('','3D')
);
#13194=(
GEOMETRIC_REPRESENTATION_CONTEXT(3)
GLOBAL_UNCERTAINTY_ASSIGNED_CONTEXT((#13190))
GLOBAL_UNIT_ASSIGNED_CONTEXT((#13197,#13199,#13200))
REPRESENTATION_CONTEXT('','3D')
);
#13195=(
GEOMETRIC_REPRESENTATION_CONTEXT(3)
GLOBAL_UNCERTAINTY_ASSIGNED_CONTEXT((#13191))
GLOBAL_UNIT_ASSIGNED_CONTEXT((#13197,#13199,#13200))
REPRESENTATION_CONTEXT('','3D')
);
#13196=(
GEOMETRIC_REPRESENTATION_CONTEXT(3)
GLOBAL_UNCERTAINTY_ASSIGNED_CONTEXT((#13192))
GLOBAL_UNIT_ASSIGNED_CONTEXT((#13197,#13199,#13200))
REPRESENTATION_CONTEXT('','3D')
);
#13197=(
LENGTH_UNIT()
NAMED_UNIT(*)
SI_UNIT(.MILLI.,.METRE.)
);
#13198=(
LENGTH_UNIT()
NAMED_UNIT(*)
SI_UNIT($,.METRE.)
);
#13199=(
NAMED_UNIT(*)
PLANE_ANGLE_UNIT()
SI_UNIT($,.RADIAN.)
);
#13200=(
NAMED_UNIT(*)
SI_UNIT($,.STERADIAN.)
SOLID_ANGLE_UNIT()
);
#13201=SHAPE_DEFINITION_REPRESENTATION(#13204,#13209);
#13202=SHAPE_DEFINITION_REPRESENTATION(#13205,#13210);
#13203=SHAPE_DEFINITION_REPRESENTATION(#13206,#13211);
#13204=PRODUCT_DEFINITION_SHAPE('',$,#13213);
#13205=PRODUCT_DEFINITION_SHAPE('',$,#13214);
#13206=PRODUCT_DEFINITION_SHAPE('',$,#13215);
#13207=PRODUCT_DEFINITION_SHAPE($,$,#17);
#13208=PRODUCT_DEFINITION_SHAPE($,$,#18);
#13209=SHAPE_REPRESENTATION('',(#6672,#6856),#13193);
#13210=SHAPE_REPRESENTATION('',(#6673,#6855),#13194);
#13211=SHAPE_REPRESENTATION('',(#6674),#13195);
#13212=PRODUCT_DEFINITION_CONTEXT('part definition',#13223,'design');
#13213=PRODUCT_DEFINITION('2025-12-08-00-33-07-883','Arm (1)',#13216,#13212);
#13214=PRODUCT_DEFINITION('2025-12-08-00-40-28-529','Arm',#13217,#13212);
#13215=PRODUCT_DEFINITION('2025-12-08-02-46-55-253','Base',#13218,#13212);
#13216=PRODUCT_DEFINITION_FORMATION('',$,#13225);
#13217=PRODUCT_DEFINITION_FORMATION('',$,#13226);
#13218=PRODUCT_DEFINITION_FORMATION('',$,#13227);
#13219=PRODUCT_RELATED_PRODUCT_CATEGORY('Arm (1)','Arm (1)',(#13225));
#13220=PRODUCT_RELATED_PRODUCT_CATEGORY('Arm','Arm',(#13226));
#13221=PRODUCT_RELATED_PRODUCT_CATEGORY('Base','Base',(#13227));
#13222=APPLICATION_PROTOCOL_DEFINITION('international standard',
'automotive_design',2009,#13223);
#13223=APPLICATION_CONTEXT(
'Core Data for Automotive Mechanical Design Process');
#13224=PRODUCT_CONTEXT('part definition',#13223,'mechanical');
#13225=PRODUCT('2025-12-08-00-33-07-883','Arm (1)',$,(#13224));
#13226=PRODUCT('2025-12-08-00-40-28-529','Arm',$,(#13224));
#13227=PRODUCT('2025-12-08-02-46-55-253','Base',$,(#13224));
#13228=PRESENTATION_STYLE_ASSIGNMENT((#13240));
#13229=PRESENTATION_STYLE_ASSIGNMENT((#13241));
#13230=PRESENTATION_STYLE_ASSIGNMENT((#13242));
#13231=PRESENTATION_STYLE_ASSIGNMENT((#13243));
#13232=PRESENTATION_STYLE_ASSIGNMENT((#13244));
#13233=PRESENTATION_STYLE_ASSIGNMENT((#13245));
#13234=PRESENTATION_STYLE_ASSIGNMENT((#13246));
#13235=PRESENTATION_STYLE_ASSIGNMENT((#13247));
#13236=PRESENTATION_STYLE_ASSIGNMENT((#13248));
#13237=PRESENTATION_STYLE_ASSIGNMENT((#13249));
#13238=PRESENTATION_STYLE_ASSIGNMENT((#13250));
#13239=PRESENTATION_STYLE_ASSIGNMENT((#13251));
#13240=SURFACE_STYLE_USAGE(.BOTH.,#13252);
#13241=SURFACE_STYLE_USAGE(.BOTH.,#13253);
#13242=SURFACE_STYLE_USAGE(.BOTH.,#13254);
#13243=SURFACE_STYLE_USAGE(.BOTH.,#13255);
#13244=SURFACE_STYLE_USAGE(.BOTH.,#13256);
#13245=SURFACE_STYLE_USAGE(.BOTH.,#13257);
#13246=SURFACE_STYLE_USAGE(.BOTH.,#13258);
#13247=SURFACE_STYLE_USAGE(.BOTH.,#13259);
#13248=SURFACE_STYLE_USAGE(.BOTH.,#13260);
#13249=SURFACE_STYLE_USAGE(.BOTH.,#13261);
#13250=SURFACE_STYLE_USAGE(.BOTH.,#13262);
#13251=SURFACE_STYLE_USAGE(.BOTH.,#13263);
#13252=SURFACE_SIDE_STYLE('',(#13264));
#13253=SURFACE_SIDE_STYLE('',(#13265));
#13254=SURFACE_SIDE_STYLE('',(#13266));
#13255=SURFACE_SIDE_STYLE('',(#13267));
#13256=SURFACE_SIDE_STYLE('',(#13268));
#13257=SURFACE_SIDE_STYLE('',(#13269));
#13258=SURFACE_SIDE_STYLE('',(#13270));
#13259=SURFACE_SIDE_STYLE('',(#13271));
#13260=SURFACE_SIDE_STYLE('',(#13272));
#13261=SURFACE_SIDE_STYLE('',(#13273));
#13262=SURFACE_SIDE_STYLE('',(#13274));
#13263=SURFACE_SIDE_STYLE('',(#13275));
#13264=SURFACE_STYLE_FILL_AREA(#13276);
#13265=SURFACE_STYLE_FILL_AREA(#13277);
#13266=SURFACE_STYLE_FILL_AREA(#13278);
#13267=SURFACE_STYLE_FILL_AREA(#13279);
#13268=SURFACE_STYLE_FILL_AREA(#13280);
#13269=SURFACE_STYLE_FILL_AREA(#13281);
#13270=SURFACE_STYLE_FILL_AREA(#13282);
#13271=SURFACE_STYLE_FILL_AREA(#13283);
#13272=SURFACE_STYLE_FILL_AREA(#13284);
#13273=SURFACE_STYLE_FILL_AREA(#13285);
#13274=SURFACE_STYLE_FILL_AREA(#13286);
#13275=SURFACE_STYLE_FILL_AREA(#13287);
#13276=FILL_AREA_STYLE('Steel - Satin',(#13288));
#13277=FILL_AREA_STYLE('Plastic - Matte (Black)',(#13289));
#13278=FILL_AREA_STYLE('Aluminum - Satin',(#13290));
#13279=FILL_AREA_STYLE('Aluminum - Polished',(#13291));
#13280=FILL_AREA_STYLE('Paek (Beige)',(#13292));
#13281=FILL_AREA_STYLE('Copper - Patina',(#13293));
#13282=FILL_AREA_STYLE('Plastic - Matte (Yellow)',(#13294));
#13283=FILL_AREA_STYLE('Plastic - Matte (Red)',(#13295));
#13284=FILL_AREA_STYLE('Stainless Steel - Polished',(#13296));
#13285=FILL_AREA_STYLE('Plastic - Matte (Green)',(#13297));
#13286=FILL_AREA_STYLE('Plastic - Matte (Blue)',(#13298));
#13287=FILL_AREA_STYLE('Opaque(64,64,64)',(#13299));
#13288=FILL_AREA_STYLE_COLOUR('Steel - Satin',#13300);
#13289=FILL_AREA_STYLE_COLOUR('Plastic - Matte (Black)',#13301);
#13290=FILL_AREA_STYLE_COLOUR('Aluminum - Satin',#13302);
#13291=FILL_AREA_STYLE_COLOUR('Aluminum - Polished',#13303);
#13292=FILL_AREA_STYLE_COLOUR('Paek (Beige)',#13304);
#13293=FILL_AREA_STYLE_COLOUR('Copper - Patina',#13305);
#13294=FILL_AREA_STYLE_COLOUR('Plastic - Matte (Yellow)',#13306);
#13295=FILL_AREA_STYLE_COLOUR('Plastic - Matte (Red)',#13307);
#13296=FILL_AREA_STYLE_COLOUR('Stainless Steel - Polished',#13308);
#13297=FILL_AREA_STYLE_COLOUR('Plastic - Matte (Green)',#13309);
#13298=FILL_AREA_STYLE_COLOUR('Plastic - Matte (Blue)',#13310);
#13299=FILL_AREA_STYLE_COLOUR('Opaque(64,64,64)',#13311);
#13300=COLOUR_RGB('Steel - Satin',0.627450980392157,0.627450980392157,0.627450980392157);
#13301=COLOUR_RGB('Plastic - Matte (Black)',0.0980392156862745,0.0980392156862745,
0.0980392156862745);
#13302=COLOUR_RGB('Aluminum - Satin',0.96078431372549,0.96078431372549,
0.964705882352941);
#13303=COLOUR_RGB('Aluminum - Polished',0.96078431372549,0.96078431372549,
0.964705882352941);
#13304=COLOUR_RGB('Paek (Beige)',0.898039215686275,0.792156862745098,0.619607843137255);
#13305=COLOUR_RGB('Copper - Patina',0.929411764705882,0.807843137254902,
0.764705882352941);
#13306=COLOUR_RGB('Plastic - Matte (Yellow)',0.909803921568627,0.67843137254902,
0.137254901960784);
#13307=COLOUR_RGB('Plastic - Matte (Red)',0.768627450980392,0.207843137254902,
0.152941176470588);
#13308=COLOUR_RGB('Stainless Steel - Polished',0.796078431372549,0.796078431372549,
0.796078431372549);
#13309=COLOUR_RGB('Plastic - Matte (Green)',0.266666666666667,0.588235294117647,
0.282352941176471);
#13310=COLOUR_RGB('Plastic - Matte (Blue)',0.188235294117647,0.231372549019608,
0.588235294117647);
#13311=COLOUR_RGB('Opaque(64,64,64)',0.250980392156863,0.250980392156863,
0.250980392156863);
ENDSEC;
END-ISO-10303-21;
