ISO-10303-21;
HEADER;
/* Generated by software containing ST-Developer
 * from STEP Tools, Inc. (www.steptools.com) 
 */

FILE_DESCRIPTION(
/* description */ (''),
/* implementation_level */ '2;1');

FILE_NAME(
/* name */ 'Forearm 1.step',
/* time_stamp */ '2026-01-04T20:44:38Z',
/* author */ (''),
/* organization */ (''),
/* preprocessor_version */ 'ST-DEVELOPER v20.1',
/* originating_system */ 'Autodesk Translation Framework v14.21.0.0',
/* authorisation */ '');

FILE_SCHEMA (('AUTOMOTIVE_DESIGN { 1 0 10303 214 3 1 1 }'));
ENDSEC;

DATA;
#10=MECHANICAL_DESIGN_GEOMETRIC_PRESENTATION_REPRESENTATION('',(#21),#2336);
#11=ITEM_DEFINED_TRANSFORMATION($,$,#1399,#1535);
#12=ITEM_DEFINED_TRANSFORMATION($,$,#1398,#1536);
#13=(
REPRESENTATION_RELATIONSHIP($,$,#2351,#2350)
REPRESENTATION_RELATIONSHIP_WITH_TRANSFORMATION(#11)
SHAPE_REPRESENTATION_RELATIONSHIP()
);
#14=(
REPRESENTATION_RELATIONSHIP($,$,#2350,#2349)
REPRESENTATION_RELATIONSHIP_WITH_TRANSFORMATION(#12)
SHAPE_REPRESENTATION_RELATIONSHIP()
);
#15=CONTEXT_DEPENDENT_SHAPE_REPRESENTATION(#13,#2347);
#16=CONTEXT_DEPENDENT_SHAPE_REPRESENTATION(#14,#2348);
#17=NEXT_ASSEMBLY_USAGE_OCCURRENCE('Forearm 1:1','Forearm 1:1',
'Forearm 1:1',#2354,#2355,'Forearm 1:1');
#18=NEXT_ASSEMBLY_USAGE_OCCURRENCE('Arm:1','Arm:1','Arm:1',#2353,#2354,
'Arm:1');
#19=SHAPE_REPRESENTATION_RELATIONSHIP('SRR','None',#2351,#20);
#20=ADVANCED_BREP_SHAPE_REPRESENTATION('',(#22),#2335);
#21=STYLED_ITEM('',(#2369),#22);
#22=MANIFOLD_SOLID_BREP('Body1',#1384);
#23=FACE_BOUND('',#221,.T.);
#24=FACE_BOUND('',#222,.T.);
#25=FACE_BOUND('',#223,.T.);
#26=FACE_BOUND('',#224,.T.);
#27=FACE_BOUND('',#225,.T.);
#28=FACE_BOUND('',#226,.T.);
#29=FACE_BOUND('',#227,.T.);
#30=FACE_BOUND('',#228,.T.);
#31=FACE_BOUND('',#229,.T.);
#32=FACE_BOUND('',#230,.T.);
#33=FACE_BOUND('',#231,.T.);
#34=FACE_BOUND('',#232,.T.);
#35=FACE_BOUND('',#233,.T.);
#36=FACE_BOUND('',#234,.T.);
#37=FACE_BOUND('',#268,.T.);
#38=FACE_BOUND('',#269,.T.);
#39=FACE_BOUND('',#270,.T.);
#40=FACE_BOUND('',#271,.T.);
#41=FACE_BOUND('',#272,.T.);
#42=FACE_BOUND('',#273,.T.);
#43=FACE_BOUND('',#274,.T.);
#44=FACE_BOUND('',#276,.T.);
#45=FACE_BOUND('',#277,.T.);
#46=FACE_BOUND('',#278,.T.);
#47=FACE_BOUND('',#279,.T.);
#48=FACE_BOUND('',#280,.T.);
#49=FACE_BOUND('',#281,.T.);
#50=FACE_BOUND('',#282,.T.);
#51=FACE_BOUND('',#310,.T.);
#52=FACE_BOUND('',#311,.T.);
#53=FACE_BOUND('',#312,.T.);
#54=FACE_BOUND('',#313,.T.);
#55=FACE_BOUND('',#314,.T.);
#56=FACE_BOUND('',#320,.T.);
#57=PLANE('',#1403);
#58=PLANE('',#1407);
#59=PLANE('',#1411);
#60=PLANE('',#1415);
#61=PLANE('',#1419);
#62=PLANE('',#1420);
#63=PLANE('',#1424);
#64=PLANE('',#1431);
#65=PLANE('',#1435);
#66=PLANE('',#1436);
#67=PLANE('',#1453);
#68=PLANE('',#1456);
#69=PLANE('',#1459);
#70=PLANE('',#1462);
#71=PLANE('',#1465);
#72=PLANE('',#1468);
#73=PLANE('',#1471);
#74=PLANE('',#1474);
#75=PLANE('',#1477);
#76=PLANE('',#1480);
#77=PLANE('',#1483);
#78=PLANE('',#1486);
#79=PLANE('',#1489);
#80=PLANE('',#1492);
#81=PLANE('',#1496);
#82=PLANE('',#1500);
#83=PLANE('',#1501);
#84=PLANE('',#1502);
#85=PLANE('',#1503);
#86=PLANE('',#1504);
#87=PLANE('',#1505);
#88=PLANE('',#1506);
#89=PLANE('',#1507);
#90=PLANE('',#1508);
#91=PLANE('',#1509);
#92=PLANE('',#1510);
#93=PLANE('',#1511);
#94=PLANE('',#1512);
#95=PLANE('',#1513);
#96=PLANE('',#1514);
#97=PLANE('',#1515);
#98=PLANE('',#1516);
#99=PLANE('',#1517);
#100=PLANE('',#1518);
#101=PLANE('',#1519);
#102=PLANE('',#1520);
#103=PLANE('',#1521);
#104=PLANE('',#1522);
#105=PLANE('',#1523);
#106=PLANE('',#1524);
#107=PLANE('',#1525);
#108=PLANE('',#1526);
#109=PLANE('',#1527);
#110=PLANE('',#1528);
#111=PLANE('',#1529);
#112=PLANE('',#1530);
#113=PLANE('',#1531);
#114=PLANE('',#1532);
#115=PLANE('',#1533);
#116=PLANE('',#1534);
#117=FACE_OUTER_BOUND('',#202,.T.);
#118=FACE_OUTER_BOUND('',#203,.T.);
#119=FACE_OUTER_BOUND('',#204,.T.);
#120=FACE_OUTER_BOUND('',#205,.T.);
#121=FACE_OUTER_BOUND('',#206,.T.);
#122=FACE_OUTER_BOUND('',#207,.T.);
#123=FACE_OUTER_BOUND('',#208,.T.);
#124=FACE_OUTER_BOUND('',#209,.T.);
#125=FACE_OUTER_BOUND('',#210,.T.);
#126=FACE_OUTER_BOUND('',#211,.T.);
#127=FACE_OUTER_BOUND('',#212,.T.);
#128=FACE_OUTER_BOUND('',#213,.T.);
#129=FACE_OUTER_BOUND('',#214,.T.);
#130=FACE_OUTER_BOUND('',#215,.T.);
#131=FACE_OUTER_BOUND('',#216,.T.);
#132=FACE_OUTER_BOUND('',#217,.T.);
#133=FACE_OUTER_BOUND('',#218,.T.);
#134=FACE_OUTER_BOUND('',#219,.T.);
#135=FACE_OUTER_BOUND('',#220,.T.);
#136=FACE_OUTER_BOUND('',#235,.T.);
#137=FACE_OUTER_BOUND('',#236,.T.);
#138=FACE_OUTER_BOUND('',#237,.T.);
#139=FACE_OUTER_BOUND('',#238,.T.);
#140=FACE_OUTER_BOUND('',#239,.T.);
#141=FACE_OUTER_BOUND('',#240,.T.);
#142=FACE_OUTER_BOUND('',#241,.T.);
#143=FACE_OUTER_BOUND('',#242,.T.);
#144=FACE_OUTER_BOUND('',#243,.T.);
#145=FACE_OUTER_BOUND('',#244,.T.);
#146=FACE_OUTER_BOUND('',#245,.T.);
#147=FACE_OUTER_BOUND('',#246,.T.);
#148=FACE_OUTER_BOUND('',#247,.T.);
#149=FACE_OUTER_BOUND('',#248,.T.);
#150=FACE_OUTER_BOUND('',#249,.T.);
#151=FACE_OUTER_BOUND('',#250,.T.);
#152=FACE_OUTER_BOUND('',#251,.T.);
#153=FACE_OUTER_BOUND('',#252,.T.);
#154=FACE_OUTER_BOUND('',#253,.T.);
#155=FACE_OUTER_BOUND('',#254,.T.);
#156=FACE_OUTER_BOUND('',#255,.T.);
#157=FACE_OUTER_BOUND('',#256,.T.);
#158=FACE_OUTER_BOUND('',#257,.T.);
#159=FACE_OUTER_BOUND('',#258,.T.);
#160=FACE_OUTER_BOUND('',#259,.T.);
#161=FACE_OUTER_BOUND('',#260,.T.);
#162=FACE_OUTER_BOUND('',#261,.T.);
#163=FACE_OUTER_BOUND('',#262,.T.);
#164=FACE_OUTER_BOUND('',#263,.T.);
#165=FACE_OUTER_BOUND('',#264,.T.);
#166=FACE_OUTER_BOUND('',#265,.T.);
#167=FACE_OUTER_BOUND('',#266,.T.);
#168=FACE_OUTER_BOUND('',#267,.T.);
#169=FACE_OUTER_BOUND('',#275,.T.);
#170=FACE_OUTER_BOUND('',#283,.T.);
#171=FACE_OUTER_BOUND('',#284,.T.);
#172=FACE_OUTER_BOUND('',#285,.T.);
#173=FACE_OUTER_BOUND('',#286,.T.);
#174=FACE_OUTER_BOUND('',#287,.T.);
#175=FACE_OUTER_BOUND('',#288,.T.);
#176=FACE_OUTER_BOUND('',#289,.T.);
#177=FACE_OUTER_BOUND('',#290,.T.);
#178=FACE_OUTER_BOUND('',#291,.T.);
#179=FACE_OUTER_BOUND('',#292,.T.);
#180=FACE_OUTER_BOUND('',#293,.T.);
#181=FACE_OUTER_BOUND('',#294,.T.);
#182=FACE_OUTER_BOUND('',#295,.T.);
#183=FACE_OUTER_BOUND('',#296,.T.);
#184=FACE_OUTER_BOUND('',#297,.T.);
#185=FACE_OUTER_BOUND('',#298,.T.);
#186=FACE_OUTER_BOUND('',#299,.T.);
#187=FACE_OUTER_BOUND('',#300,.T.);
#188=FACE_OUTER_BOUND('',#301,.T.);
#189=FACE_OUTER_BOUND('',#302,.T.);
#190=FACE_OUTER_BOUND('',#303,.T.);
#191=FACE_OUTER_BOUND('',#304,.T.);
#192=FACE_OUTER_BOUND('',#305,.T.);
#193=FACE_OUTER_BOUND('',#306,.T.);
#194=FACE_OUTER_BOUND('',#307,.T.);
#195=FACE_OUTER_BOUND('',#308,.T.);
#196=FACE_OUTER_BOUND('',#309,.T.);
#197=FACE_OUTER_BOUND('',#315,.T.);
#198=FACE_OUTER_BOUND('',#316,.T.);
#199=FACE_OUTER_BOUND('',#317,.T.);
#200=FACE_OUTER_BOUND('',#318,.T.);
#201=FACE_OUTER_BOUND('',#319,.T.);
#202=EDGE_LOOP('',(#920,#921,#922,#923));
#203=EDGE_LOOP('',(#924));
#204=EDGE_LOOP('',(#925,#926,#927,#928));
#205=EDGE_LOOP('',(#929));
#206=EDGE_LOOP('',(#930,#931,#932,#933));
#207=EDGE_LOOP('',(#934));
#208=EDGE_LOOP('',(#935,#936,#937,#938));
#209=EDGE_LOOP('',(#939));
#210=EDGE_LOOP('',(#940,#941,#942,#943));
#211=EDGE_LOOP('',(#944));
#212=EDGE_LOOP('',(#945,#946));
#213=EDGE_LOOP('',(#947,#948,#949,#950));
#214=EDGE_LOOP('',(#951,#952));
#215=EDGE_LOOP('',(#953,#954,#955,#956));
#216=EDGE_LOOP('',(#957,#958,#959,#960));
#217=EDGE_LOOP('',(#961));
#218=EDGE_LOOP('',(#962,#963,#964,#965));
#219=EDGE_LOOP('',(#966));
#220=EDGE_LOOP('',(#967,#968,#969,#970,#971,#972,#973,#974,#975,#976,#977,
#978,#979,#980,#981,#982));
#221=EDGE_LOOP('',(#983));
#222=EDGE_LOOP('',(#984));
#223=EDGE_LOOP('',(#985));
#224=EDGE_LOOP('',(#986));
#225=EDGE_LOOP('',(#987));
#226=EDGE_LOOP('',(#988));
#227=EDGE_LOOP('',(#989));
#228=EDGE_LOOP('',(#990));
#229=EDGE_LOOP('',(#991));
#230=EDGE_LOOP('',(#992));
#231=EDGE_LOOP('',(#993));
#232=EDGE_LOOP('',(#994));
#233=EDGE_LOOP('',(#995));
#234=EDGE_LOOP('',(#996));
#235=EDGE_LOOP('',(#997,#998,#999,#1000));
#236=EDGE_LOOP('',(#1001));
#237=EDGE_LOOP('',(#1002,#1003,#1004,#1005));
#238=EDGE_LOOP('',(#1006));
#239=EDGE_LOOP('',(#1007,#1008,#1009,#1010));
#240=EDGE_LOOP('',(#1011));
#241=EDGE_LOOP('',(#1012,#1013,#1014,#1015));
#242=EDGE_LOOP('',(#1016));
#243=EDGE_LOOP('',(#1017,#1018,#1019,#1020));
#244=EDGE_LOOP('',(#1021));
#245=EDGE_LOOP('',(#1022,#1023,#1024,#1025));
#246=EDGE_LOOP('',(#1026));
#247=EDGE_LOOP('',(#1027,#1028,#1029,#1030));
#248=EDGE_LOOP('',(#1031));
#249=EDGE_LOOP('',(#1032,#1033,#1034,#1035));
#250=EDGE_LOOP('',(#1036));
#251=EDGE_LOOP('',(#1037,#1038,#1039,#1040));
#252=EDGE_LOOP('',(#1041));
#253=EDGE_LOOP('',(#1042,#1043,#1044,#1045));
#254=EDGE_LOOP('',(#1046));
#255=EDGE_LOOP('',(#1047,#1048,#1049,#1050));
#256=EDGE_LOOP('',(#1051));
#257=EDGE_LOOP('',(#1052,#1053,#1054,#1055));
#258=EDGE_LOOP('',(#1056));
#259=EDGE_LOOP('',(#1057,#1058,#1059,#1060));
#260=EDGE_LOOP('',(#1061));
#261=EDGE_LOOP('',(#1062,#1063,#1064,#1065));
#262=EDGE_LOOP('',(#1066));
#263=EDGE_LOOP('',(#1067,#1068,#1069,#1070));
#264=EDGE_LOOP('',(#1071));
#265=EDGE_LOOP('',(#1072,#1073,#1074,#1075));
#266=EDGE_LOOP('',(#1076));
#267=EDGE_LOOP('',(#1077,#1078,#1079,#1080));
#268=EDGE_LOOP('',(#1081));
#269=EDGE_LOOP('',(#1082));
#270=EDGE_LOOP('',(#1083,#1084,#1085,#1086));
#271=EDGE_LOOP('',(#1087,#1088,#1089,#1090));
#272=EDGE_LOOP('',(#1091,#1092,#1093,#1094));
#273=EDGE_LOOP('',(#1095,#1096,#1097,#1098));
#274=EDGE_LOOP('',(#1099,#1100,#1101,#1102));
#275=EDGE_LOOP('',(#1103,#1104,#1105,#1106,#1107,#1108,#1109,#1110,#1111,
#1112,#1113,#1114));
#276=EDGE_LOOP('',(#1115));
#277=EDGE_LOOP('',(#1116));
#278=EDGE_LOOP('',(#1117));
#279=EDGE_LOOP('',(#1118));
#280=EDGE_LOOP('',(#1119));
#281=EDGE_LOOP('',(#1120));
#282=EDGE_LOOP('',(#1121));
#283=EDGE_LOOP('',(#1122,#1123,#1124,#1125));
#284=EDGE_LOOP('',(#1126,#1127,#1128,#1129));
#285=EDGE_LOOP('',(#1130,#1131,#1132,#1133));
#286=EDGE_LOOP('',(#1134,#1135,#1136,#1137));
#287=EDGE_LOOP('',(#1138,#1139,#1140,#1141));
#288=EDGE_LOOP('',(#1142,#1143,#1144,#1145));
#289=EDGE_LOOP('',(#1146,#1147,#1148,#1149));
#290=EDGE_LOOP('',(#1150,#1151,#1152,#1153));
#291=EDGE_LOOP('',(#1154,#1155,#1156,#1157));
#292=EDGE_LOOP('',(#1158,#1159,#1160,#1161));
#293=EDGE_LOOP('',(#1162,#1163,#1164,#1165));
#294=EDGE_LOOP('',(#1166,#1167,#1168,#1169));
#295=EDGE_LOOP('',(#1170,#1171,#1172,#1173));
#296=EDGE_LOOP('',(#1174,#1175,#1176,#1177));
#297=EDGE_LOOP('',(#1178,#1179,#1180,#1181));
#298=EDGE_LOOP('',(#1182,#1183,#1184,#1185));
#299=EDGE_LOOP('',(#1186,#1187,#1188,#1189));
#300=EDGE_LOOP('',(#1190,#1191,#1192,#1193));
#301=EDGE_LOOP('',(#1194,#1195,#1196,#1197));
#302=EDGE_LOOP('',(#1198,#1199,#1200,#1201));
#303=EDGE_LOOP('',(#1202,#1203,#1204,#1205));
#304=EDGE_LOOP('',(#1206,#1207,#1208,#1209));
#305=EDGE_LOOP('',(#1210,#1211,#1212,#1213));
#306=EDGE_LOOP('',(#1214,#1215,#1216,#1217));
#307=EDGE_LOOP('',(#1218,#1219,#1220,#1221));
#308=EDGE_LOOP('',(#1222,#1223,#1224,#1225));
#309=EDGE_LOOP('',(#1226,#1227,#1228,#1229));
#310=EDGE_LOOP('',(#1230,#1231,#1232,#1233));
#311=EDGE_LOOP('',(#1234,#1235,#1236,#1237));
#312=EDGE_LOOP('',(#1238,#1239,#1240,#1241));
#313=EDGE_LOOP('',(#1242,#1243,#1244,#1245));
#314=EDGE_LOOP('',(#1246,#1247,#1248,#1249));
#315=EDGE_LOOP('',(#1250,#1251,#1252,#1253));
#316=EDGE_LOOP('',(#1254,#1255,#1256,#1257));
#317=EDGE_LOOP('',(#1258,#1259,#1260,#1261));
#318=EDGE_LOOP('',(#1262,#1263,#1264,#1265));
#319=EDGE_LOOP('',(#1266,#1267,#1268,#1269));
#320=EDGE_LOOP('',(#1270,#1271,#1272,#1273));
#321=LINE('',#1951,#448);
#322=LINE('',#1958,#449);
#323=LINE('',#1965,#450);
#324=LINE('',#1972,#451);
#325=LINE('',#1979,#452);
#326=LINE('',#1985,#453);
#327=LINE('',#1989,#454);
#328=LINE('',#1992,#455);
#329=LINE('',#1996,#456);
#330=LINE('',#2000,#457);
#331=LINE('',#2003,#458);
#332=LINE('',#2008,#459);
#333=LINE('',#2015,#460);
#334=LINE('',#2020,#461);
#335=LINE('',#2022,#462);
#336=LINE('',#2024,#463);
#337=LINE('',#2026,#464);
#338=LINE('',#2027,#465);
#339=LINE('',#2029,#466);
#340=LINE('',#2031,#467);
#341=LINE('',#2033,#468);
#342=LINE('',#2035,#469);
#343=LINE('',#2036,#470);
#344=LINE('',#2067,#471);
#345=LINE('',#2072,#472);
#346=LINE('',#2077,#473);
#347=LINE('',#2082,#474);
#348=LINE('',#2087,#475);
#349=LINE('',#2092,#476);
#350=LINE('',#2097,#477);
#351=LINE('',#2102,#478);
#352=LINE('',#2107,#479);
#353=LINE('',#2112,#480);
#354=LINE('',#2117,#481);
#355=LINE('',#2122,#482);
#356=LINE('',#2127,#483);
#357=LINE('',#2132,#484);
#358=LINE('',#2139,#485);
#359=LINE('',#2146,#486);
#360=LINE('',#2151,#487);
#361=LINE('',#2153,#488);
#362=LINE('',#2154,#489);
#363=LINE('',#2157,#490);
#364=LINE('',#2159,#491);
#365=LINE('',#2161,#492);
#366=LINE('',#2162,#493);
#367=LINE('',#2165,#494);
#368=LINE('',#2167,#495);
#369=LINE('',#2169,#496);
#370=LINE('',#2170,#497);
#371=LINE('',#2173,#498);
#372=LINE('',#2175,#499);
#373=LINE('',#2177,#500);
#374=LINE('',#2178,#501);
#375=LINE('',#2181,#502);
#376=LINE('',#2183,#503);
#377=LINE('',#2185,#504);
#378=LINE('',#2186,#505);
#379=LINE('',#2189,#506);
#380=LINE('',#2191,#507);
#381=LINE('',#2193,#508);
#382=LINE('',#2194,#509);
#383=LINE('',#2197,#510);
#384=LINE('',#2199,#511);
#385=LINE('',#2200,#512);
#386=LINE('',#2202,#513);
#387=LINE('',#2204,#514);
#388=LINE('',#2205,#515);
#389=LINE('',#2207,#516);
#390=LINE('',#2209,#517);
#391=LINE('',#2214,#518);
#392=LINE('',#2215,#519);
#393=LINE('',#2216,#520);
#394=LINE('',#2219,#521);
#395=LINE('',#2220,#522);
#396=LINE('',#2224,#523);
#397=LINE('',#2225,#524);
#398=LINE('',#2226,#525);
#399=LINE('',#2229,#526);
#400=LINE('',#2230,#527);
#401=LINE('',#2234,#528);
#402=LINE('',#2235,#529);
#403=LINE('',#2236,#530);
#404=LINE('',#2239,#531);
#405=LINE('',#2240,#532);
#406=LINE('',#2244,#533);
#407=LINE('',#2245,#534);
#408=LINE('',#2246,#535);
#409=LINE('',#2249,#536);
#410=LINE('',#2250,#537);
#411=LINE('',#2254,#538);
#412=LINE('',#2255,#539);
#413=LINE('',#2256,#540);
#414=LINE('',#2259,#541);
#415=LINE('',#2260,#542);
#416=LINE('',#2263,#543);
#417=LINE('',#2264,#544);
#418=LINE('',#2267,#545);
#419=LINE('',#2268,#546);
#420=LINE('',#2270,#547);
#421=LINE('',#2273,#548);
#422=LINE('',#2274,#549);
#423=LINE('',#2276,#550);
#424=LINE('',#2279,#551);
#425=LINE('',#2280,#552);
#426=LINE('',#2282,#553);
#427=LINE('',#2285,#554);
#428=LINE('',#2286,#555);
#429=LINE('',#2288,#556);
#430=LINE('',#2291,#557);
#431=LINE('',#2292,#558);
#432=LINE('',#2294,#559);
#433=LINE('',#2297,#560);
#434=LINE('',#2298,#561);
#435=LINE('',#2300,#562);
#436=LINE('',#2304,#563);
#437=LINE('',#2306,#564);
#438=LINE('',#2308,#565);
#439=LINE('',#2309,#566);
#440=LINE('',#2313,#567);
#441=LINE('',#2314,#568);
#442=LINE('',#2315,#569);
#443=LINE('',#2318,#570);
#444=LINE('',#2319,#571);
#445=LINE('',#2322,#572);
#446=LINE('',#2323,#573);
#447=LINE('',#2325,#574);
#448=VECTOR('',#1547,2.55000000000001);
#449=VECTOR('',#1556,2.55);
#450=VECTOR('',#1565,2.55);
#451=VECTOR('',#1574,2.55000000000001);
#452=VECTOR('',#1583,2.55000000000001);
#453=VECTOR('',#1590,10.);
#454=VECTOR('',#1595,10.);
#455=VECTOR('',#1598,10.);
#456=VECTOR('',#1601,10.);
#457=VECTOR('',#1606,10.);
#458=VECTOR('',#1609,10.);
#459=VECTOR('',#1614,2.55);
#460=VECTOR('',#1623,2.55000000000001);
#461=VECTOR('',#1630,10.);
#462=VECTOR('',#1631,10.);
#463=VECTOR('',#1632,10.);
#464=VECTOR('',#1633,10.);
#465=VECTOR('',#1634,10.);
#466=VECTOR('',#1635,10.);
#467=VECTOR('',#1636,10.);
#468=VECTOR('',#1637,10.);
#469=VECTOR('',#1638,10.);
#470=VECTOR('',#1639,10.);
#471=VECTOR('',#1670,2.55000000000001);
#472=VECTOR('',#1677,2.55000000000001);
#473=VECTOR('',#1684,2.55);
#474=VECTOR('',#1691,2.55);
#475=VECTOR('',#1698,2.55);
#476=VECTOR('',#1705,2.55000000000001);
#477=VECTOR('',#1712,2.55000000000001);
#478=VECTOR('',#1719,2.55000000000001);
#479=VECTOR('',#1726,2.55);
#480=VECTOR('',#1733,2.55);
#481=VECTOR('',#1740,2.55);
#482=VECTOR('',#1747,2.55);
#483=VECTOR('',#1754,2.55000000000001);
#484=VECTOR('',#1761,2.54999999999999);
#485=VECTOR('',#1770,2.55000000000001);
#486=VECTOR('',#1779,2.55);
#487=VECTOR('',#1786,10.);
#488=VECTOR('',#1787,10.);
#489=VECTOR('',#1788,10.);
#490=VECTOR('',#1789,10.);
#491=VECTOR('',#1790,10.);
#492=VECTOR('',#1791,10.);
#493=VECTOR('',#1792,10.);
#494=VECTOR('',#1793,10.);
#495=VECTOR('',#1794,10.);
#496=VECTOR('',#1795,10.);
#497=VECTOR('',#1796,10.);
#498=VECTOR('',#1797,10.);
#499=VECTOR('',#1798,10.);
#500=VECTOR('',#1799,10.);
#501=VECTOR('',#1800,10.);
#502=VECTOR('',#1801,10.);
#503=VECTOR('',#1802,10.);
#504=VECTOR('',#1803,10.);
#505=VECTOR('',#1804,10.);
#506=VECTOR('',#1805,10.);
#507=VECTOR('',#1806,10.);
#508=VECTOR('',#1807,10.);
#509=VECTOR('',#1808,10.);
#510=VECTOR('',#1811,10.);
#511=VECTOR('',#1812,10.);
#512=VECTOR('',#1813,10.);
#513=VECTOR('',#1814,10.);
#514=VECTOR('',#1815,10.);
#515=VECTOR('',#1816,10.);
#516=VECTOR('',#1819,10.);
#517=VECTOR('',#1822,10.);
#518=VECTOR('',#1827,10.);
#519=VECTOR('',#1828,10.);
#520=VECTOR('',#1829,10.);
#521=VECTOR('',#1832,10.);
#522=VECTOR('',#1833,10.);
#523=VECTOR('',#1836,10.);
#524=VECTOR('',#1837,10.);
#525=VECTOR('',#1838,10.);
#526=VECTOR('',#1841,10.);
#527=VECTOR('',#1842,10.);
#528=VECTOR('',#1845,10.);
#529=VECTOR('',#1846,10.);
#530=VECTOR('',#1847,10.);
#531=VECTOR('',#1850,10.);
#532=VECTOR('',#1851,10.);
#533=VECTOR('',#1854,10.);
#534=VECTOR('',#1855,10.);
#535=VECTOR('',#1856,10.);
#536=VECTOR('',#1859,10.);
#537=VECTOR('',#1860,10.);
#538=VECTOR('',#1863,10.);
#539=VECTOR('',#1864,10.);
#540=VECTOR('',#1865,10.);
#541=VECTOR('',#1868,10.);
#542=VECTOR('',#1869,10.);
#543=VECTOR('',#1872,10.);
#544=VECTOR('',#1873,10.);
#545=VECTOR('',#1876,10.);
#546=VECTOR('',#1877,10.);
#547=VECTOR('',#1880,10.);
#548=VECTOR('',#1883,10.);
#549=VECTOR('',#1884,10.);
#550=VECTOR('',#1887,10.);
#551=VECTOR('',#1890,10.);
#552=VECTOR('',#1891,10.);
#553=VECTOR('',#1894,10.);
#554=VECTOR('',#1897,10.);
#555=VECTOR('',#1898,10.);
#556=VECTOR('',#1901,10.);
#557=VECTOR('',#1904,10.);
#558=VECTOR('',#1905,10.);
#559=VECTOR('',#1908,10.);
#560=VECTOR('',#1911,10.);
#561=VECTOR('',#1912,10.);
#562=VECTOR('',#1915,10.);
#563=VECTOR('',#1918,10.);
#564=VECTOR('',#1919,10.);
#565=VECTOR('',#1920,10.);
#566=VECTOR('',#1921,10.);
#567=VECTOR('',#1924,10.);
#568=VECTOR('',#1925,10.);
#569=VECTOR('',#1926,10.);
#570=VECTOR('',#1929,10.);
#571=VECTOR('',#1930,10.);
#572=VECTOR('',#1933,10.);
#573=VECTOR('',#1934,10.);
#574=VECTOR('',#1937,10.);
#575=CIRCLE('',#1401,2.55000000000001);
#576=CIRCLE('',#1402,2.55000000000001);
#577=CIRCLE('',#1405,2.55);
#578=CIRCLE('',#1406,2.55);
#579=CIRCLE('',#1409,2.55);
#580=CIRCLE('',#1410,2.55);
#581=CIRCLE('',#1413,2.55000000000001);
#582=CIRCLE('',#1414,2.55000000000001);
#583=CIRCLE('',#1417,2.55000000000001);
#584=CIRCLE('',#1418,2.55000000000001);
#585=CIRCLE('',#1421,2.55);
#586=CIRCLE('',#1423,2.55);
#587=CIRCLE('',#1425,2.55000000000001);
#588=CIRCLE('',#1427,2.55000000000001);
#589=CIRCLE('',#1429,2.55);
#590=CIRCLE('',#1430,2.55);
#591=CIRCLE('',#1433,2.55000000000001);
#592=CIRCLE('',#1434,2.55000000000001);
#593=CIRCLE('',#1437,2.54999999999999);
#594=CIRCLE('',#1438,2.55000000000001);
#595=CIRCLE('',#1439,2.55);
#596=CIRCLE('',#1440,2.55);
#597=CIRCLE('',#1441,2.55);
#598=CIRCLE('',#1442,2.55);
#599=CIRCLE('',#1443,2.55000000000001);
#600=CIRCLE('',#1444,2.55000000000001);
#601=CIRCLE('',#1445,2.55000000000001);
#602=CIRCLE('',#1446,2.55);
#603=CIRCLE('',#1447,2.55);
#604=CIRCLE('',#1448,2.55);
#605=CIRCLE('',#1449,2.55000000000001);
#606=CIRCLE('',#1450,2.55000000000001);
#607=CIRCLE('',#1452,2.55000000000001);
#608=CIRCLE('',#1455,2.55000000000001);
#609=CIRCLE('',#1458,2.55);
#610=CIRCLE('',#1461,2.55);
#611=CIRCLE('',#1464,2.55);
#612=CIRCLE('',#1467,2.55000000000001);
#613=CIRCLE('',#1470,2.55000000000001);
#614=CIRCLE('',#1473,2.55000000000001);
#615=CIRCLE('',#1476,2.55);
#616=CIRCLE('',#1479,2.55);
#617=CIRCLE('',#1482,2.55);
#618=CIRCLE('',#1485,2.55);
#619=CIRCLE('',#1488,2.55000000000001);
#620=CIRCLE('',#1491,2.54999999999999);
#621=CIRCLE('',#1494,2.55000000000001);
#622=CIRCLE('',#1495,2.55000000000001);
#623=CIRCLE('',#1498,2.55);
#624=CIRCLE('',#1499,2.55);
#625=VERTEX_POINT('',#1948);
#626=VERTEX_POINT('',#1950);
#627=VERTEX_POINT('',#1955);
#628=VERTEX_POINT('',#1957);
#629=VERTEX_POINT('',#1962);
#630=VERTEX_POINT('',#1964);
#631=VERTEX_POINT('',#1969);
#632=VERTEX_POINT('',#1971);
#633=VERTEX_POINT('',#1976);
#634=VERTEX_POINT('',#1978);
#635=VERTEX_POINT('',#1983);
#636=VERTEX_POINT('',#1984);
#637=VERTEX_POINT('',#1988);
#638=VERTEX_POINT('',#1990);
#639=VERTEX_POINT('',#1994);
#640=VERTEX_POINT('',#1995);
#641=VERTEX_POINT('',#1999);
#642=VERTEX_POINT('',#2001);
#643=VERTEX_POINT('',#2005);
#644=VERTEX_POINT('',#2007);
#645=VERTEX_POINT('',#2012);
#646=VERTEX_POINT('',#2014);
#647=VERTEX_POINT('',#2019);
#648=VERTEX_POINT('',#2021);
#649=VERTEX_POINT('',#2023);
#650=VERTEX_POINT('',#2025);
#651=VERTEX_POINT('',#2028);
#652=VERTEX_POINT('',#2030);
#653=VERTEX_POINT('',#2032);
#654=VERTEX_POINT('',#2034);
#655=VERTEX_POINT('',#2037);
#656=VERTEX_POINT('',#2039);
#657=VERTEX_POINT('',#2041);
#658=VERTEX_POINT('',#2043);
#659=VERTEX_POINT('',#2045);
#660=VERTEX_POINT('',#2047);
#661=VERTEX_POINT('',#2049);
#662=VERTEX_POINT('',#2051);
#663=VERTEX_POINT('',#2053);
#664=VERTEX_POINT('',#2055);
#665=VERTEX_POINT('',#2057);
#666=VERTEX_POINT('',#2059);
#667=VERTEX_POINT('',#2061);
#668=VERTEX_POINT('',#2063);
#669=VERTEX_POINT('',#2066);
#670=VERTEX_POINT('',#2071);
#671=VERTEX_POINT('',#2076);
#672=VERTEX_POINT('',#2081);
#673=VERTEX_POINT('',#2086);
#674=VERTEX_POINT('',#2091);
#675=VERTEX_POINT('',#2096);
#676=VERTEX_POINT('',#2101);
#677=VERTEX_POINT('',#2106);
#678=VERTEX_POINT('',#2111);
#679=VERTEX_POINT('',#2116);
#680=VERTEX_POINT('',#2121);
#681=VERTEX_POINT('',#2126);
#682=VERTEX_POINT('',#2131);
#683=VERTEX_POINT('',#2136);
#684=VERTEX_POINT('',#2138);
#685=VERTEX_POINT('',#2143);
#686=VERTEX_POINT('',#2145);
#687=VERTEX_POINT('',#2150);
#688=VERTEX_POINT('',#2152);
#689=VERTEX_POINT('',#2155);
#690=VERTEX_POINT('',#2156);
#691=VERTEX_POINT('',#2158);
#692=VERTEX_POINT('',#2160);
#693=VERTEX_POINT('',#2163);
#694=VERTEX_POINT('',#2164);
#695=VERTEX_POINT('',#2166);
#696=VERTEX_POINT('',#2168);
#697=VERTEX_POINT('',#2171);
#698=VERTEX_POINT('',#2172);
#699=VERTEX_POINT('',#2174);
#700=VERTEX_POINT('',#2176);
#701=VERTEX_POINT('',#2179);
#702=VERTEX_POINT('',#2180);
#703=VERTEX_POINT('',#2182);
#704=VERTEX_POINT('',#2184);
#705=VERTEX_POINT('',#2187);
#706=VERTEX_POINT('',#2188);
#707=VERTEX_POINT('',#2190);
#708=VERTEX_POINT('',#2192);
#709=VERTEX_POINT('',#2196);
#710=VERTEX_POINT('',#2198);
#711=VERTEX_POINT('',#2201);
#712=VERTEX_POINT('',#2203);
#713=VERTEX_POINT('',#2212);
#714=VERTEX_POINT('',#2213);
#715=VERTEX_POINT('',#2218);
#716=VERTEX_POINT('',#2222);
#717=VERTEX_POINT('',#2223);
#718=VERTEX_POINT('',#2228);
#719=VERTEX_POINT('',#2232);
#720=VERTEX_POINT('',#2233);
#721=VERTEX_POINT('',#2238);
#722=VERTEX_POINT('',#2242);
#723=VERTEX_POINT('',#2243);
#724=VERTEX_POINT('',#2248);
#725=VERTEX_POINT('',#2252);
#726=VERTEX_POINT('',#2253);
#727=VERTEX_POINT('',#2258);
#728=VERTEX_POINT('',#2262);
#729=VERTEX_POINT('',#2266);
#730=VERTEX_POINT('',#2272);
#731=VERTEX_POINT('',#2278);
#732=VERTEX_POINT('',#2284);
#733=VERTEX_POINT('',#2290);
#734=VERTEX_POINT('',#2296);
#735=VERTEX_POINT('',#2302);
#736=VERTEX_POINT('',#2303);
#737=VERTEX_POINT('',#2305);
#738=VERTEX_POINT('',#2307);
#739=VERTEX_POINT('',#2311);
#740=VERTEX_POINT('',#2312);
#741=VERTEX_POINT('',#2317);
#742=VERTEX_POINT('',#2321);
#743=EDGE_CURVE('',#625,#625,#575,.T.);
#744=EDGE_CURVE('',#625,#626,#321,.T.);
#745=EDGE_CURVE('',#626,#626,#576,.T.);
#746=EDGE_CURVE('',#627,#627,#577,.T.);
#747=EDGE_CURVE('',#627,#628,#322,.T.);
#748=EDGE_CURVE('',#628,#628,#578,.T.);
#749=EDGE_CURVE('',#629,#629,#579,.T.);
#750=EDGE_CURVE('',#629,#630,#323,.T.);
#751=EDGE_CURVE('',#630,#630,#580,.T.);
#752=EDGE_CURVE('',#631,#631,#581,.T.);
#753=EDGE_CURVE('',#631,#632,#324,.T.);
#754=EDGE_CURVE('',#632,#632,#582,.T.);
#755=EDGE_CURVE('',#633,#633,#583,.T.);
#756=EDGE_CURVE('',#633,#634,#325,.T.);
#757=EDGE_CURVE('',#634,#634,#584,.T.);
#758=EDGE_CURVE('',#635,#636,#326,.T.);
#759=EDGE_CURVE('',#636,#635,#585,.T.);
#760=EDGE_CURVE('',#637,#635,#327,.T.);
#761=EDGE_CURVE('',#638,#637,#586,.T.);
#762=EDGE_CURVE('',#636,#638,#328,.T.);
#763=EDGE_CURVE('',#639,#640,#329,.T.);
#764=EDGE_CURVE('',#640,#639,#587,.T.);
#765=EDGE_CURVE('',#641,#639,#330,.T.);
#766=EDGE_CURVE('',#642,#641,#588,.T.);
#767=EDGE_CURVE('',#640,#642,#331,.T.);
#768=EDGE_CURVE('',#643,#643,#589,.T.);
#769=EDGE_CURVE('',#643,#644,#332,.T.);
#770=EDGE_CURVE('',#644,#644,#590,.T.);
#771=EDGE_CURVE('',#645,#645,#591,.T.);
#772=EDGE_CURVE('',#645,#646,#333,.T.);
#773=EDGE_CURVE('',#646,#646,#592,.T.);
#774=EDGE_CURVE('',#638,#647,#334,.T.);
#775=EDGE_CURVE('',#648,#647,#335,.F.);
#776=EDGE_CURVE('',#648,#649,#336,.T.);
#777=EDGE_CURVE('',#649,#650,#337,.F.);
#778=EDGE_CURVE('',#650,#641,#338,.T.);
#779=EDGE_CURVE('',#642,#651,#339,.T.);
#780=EDGE_CURVE('',#652,#651,#340,.T.);
#781=EDGE_CURVE('',#652,#653,#341,.T.);
#782=EDGE_CURVE('',#653,#654,#342,.T.);
#783=EDGE_CURVE('',#654,#637,#343,.T.);
#784=EDGE_CURVE('',#655,#655,#593,.T.);
#785=EDGE_CURVE('',#656,#656,#594,.T.);
#786=EDGE_CURVE('',#657,#657,#595,.T.);
#787=EDGE_CURVE('',#658,#658,#596,.T.);
#788=EDGE_CURVE('',#659,#659,#597,.T.);
#789=EDGE_CURVE('',#660,#660,#598,.T.);
#790=EDGE_CURVE('',#661,#661,#599,.T.);
#791=EDGE_CURVE('',#662,#662,#600,.T.);
#792=EDGE_CURVE('',#663,#663,#601,.T.);
#793=EDGE_CURVE('',#664,#664,#602,.T.);
#794=EDGE_CURVE('',#665,#665,#603,.T.);
#795=EDGE_CURVE('',#666,#666,#604,.T.);
#796=EDGE_CURVE('',#667,#667,#605,.T.);
#797=EDGE_CURVE('',#668,#668,#606,.T.);
#798=EDGE_CURVE('',#668,#669,#344,.T.);
#799=EDGE_CURVE('',#669,#669,#607,.T.);
#800=EDGE_CURVE('',#667,#670,#345,.T.);
#801=EDGE_CURVE('',#670,#670,#608,.T.);
#802=EDGE_CURVE('',#666,#671,#346,.T.);
#803=EDGE_CURVE('',#671,#671,#609,.T.);
#804=EDGE_CURVE('',#665,#672,#347,.T.);
#805=EDGE_CURVE('',#672,#672,#610,.T.);
#806=EDGE_CURVE('',#664,#673,#348,.T.);
#807=EDGE_CURVE('',#673,#673,#611,.T.);
#808=EDGE_CURVE('',#663,#674,#349,.T.);
#809=EDGE_CURVE('',#674,#674,#612,.T.);
#810=EDGE_CURVE('',#662,#675,#350,.T.);
#811=EDGE_CURVE('',#675,#675,#613,.T.);
#812=EDGE_CURVE('',#661,#676,#351,.T.);
#813=EDGE_CURVE('',#676,#676,#614,.T.);
#814=EDGE_CURVE('',#660,#677,#352,.T.);
#815=EDGE_CURVE('',#677,#677,#615,.T.);
#816=EDGE_CURVE('',#659,#678,#353,.T.);
#817=EDGE_CURVE('',#678,#678,#616,.T.);
#818=EDGE_CURVE('',#658,#679,#354,.T.);
#819=EDGE_CURVE('',#679,#679,#617,.T.);
#820=EDGE_CURVE('',#657,#680,#355,.T.);
#821=EDGE_CURVE('',#680,#680,#618,.T.);
#822=EDGE_CURVE('',#656,#681,#356,.T.);
#823=EDGE_CURVE('',#681,#681,#619,.T.);
#824=EDGE_CURVE('',#655,#682,#357,.T.);
#825=EDGE_CURVE('',#682,#682,#620,.T.);
#826=EDGE_CURVE('',#683,#683,#621,.T.);
#827=EDGE_CURVE('',#683,#684,#358,.T.);
#828=EDGE_CURVE('',#684,#684,#622,.T.);
#829=EDGE_CURVE('',#685,#685,#623,.T.);
#830=EDGE_CURVE('',#685,#686,#359,.T.);
#831=EDGE_CURVE('',#686,#686,#624,.T.);
#832=EDGE_CURVE('',#687,#652,#360,.T.);
#833=EDGE_CURVE('',#688,#687,#361,.T.);
#834=EDGE_CURVE('',#653,#688,#362,.T.);
#835=EDGE_CURVE('',#689,#690,#363,.T.);
#836=EDGE_CURVE('',#691,#689,#364,.T.);
#837=EDGE_CURVE('',#692,#691,#365,.T.);
#838=EDGE_CURVE('',#690,#692,#366,.T.);
#839=EDGE_CURVE('',#693,#694,#367,.T.);
#840=EDGE_CURVE('',#695,#693,#368,.T.);
#841=EDGE_CURVE('',#696,#695,#369,.T.);
#842=EDGE_CURVE('',#694,#696,#370,.T.);
#843=EDGE_CURVE('',#697,#698,#371,.T.);
#844=EDGE_CURVE('',#699,#697,#372,.T.);
#845=EDGE_CURVE('',#700,#699,#373,.T.);
#846=EDGE_CURVE('',#698,#700,#374,.T.);
#847=EDGE_CURVE('',#701,#702,#375,.T.);
#848=EDGE_CURVE('',#703,#701,#376,.T.);
#849=EDGE_CURVE('',#704,#703,#377,.T.);
#850=EDGE_CURVE('',#702,#704,#378,.T.);
#851=EDGE_CURVE('',#705,#706,#379,.T.);
#852=EDGE_CURVE('',#707,#705,#380,.T.);
#853=EDGE_CURVE('',#708,#707,#381,.T.);
#854=EDGE_CURVE('',#706,#708,#382,.T.);
#855=EDGE_CURVE('',#654,#709,#383,.T.);
#856=EDGE_CURVE('',#709,#710,#384,.T.);
#857=EDGE_CURVE('',#710,#651,#385,.T.);
#858=EDGE_CURVE('',#650,#711,#386,.T.);
#859=EDGE_CURVE('',#711,#712,#387,.T.);
#860=EDGE_CURVE('',#712,#647,#388,.T.);
#861=EDGE_CURVE('',#688,#709,#389,.T.);
#862=EDGE_CURVE('',#687,#710,#390,.T.);
#863=EDGE_CURVE('',#713,#714,#391,.T.);
#864=EDGE_CURVE('',#689,#714,#392,.T.);
#865=EDGE_CURVE('',#690,#713,#393,.T.);
#866=EDGE_CURVE('',#715,#713,#394,.T.);
#867=EDGE_CURVE('',#692,#715,#395,.T.);
#868=EDGE_CURVE('',#716,#717,#396,.T.);
#869=EDGE_CURVE('',#693,#717,#397,.T.);
#870=EDGE_CURVE('',#694,#716,#398,.T.);
#871=EDGE_CURVE('',#718,#716,#399,.T.);
#872=EDGE_CURVE('',#696,#718,#400,.T.);
#873=EDGE_CURVE('',#719,#720,#401,.T.);
#874=EDGE_CURVE('',#697,#720,#402,.T.);
#875=EDGE_CURVE('',#698,#719,#403,.T.);
#876=EDGE_CURVE('',#721,#719,#404,.T.);
#877=EDGE_CURVE('',#700,#721,#405,.T.);
#878=EDGE_CURVE('',#722,#723,#406,.T.);
#879=EDGE_CURVE('',#701,#723,#407,.T.);
#880=EDGE_CURVE('',#702,#722,#408,.T.);
#881=EDGE_CURVE('',#724,#722,#409,.T.);
#882=EDGE_CURVE('',#704,#724,#410,.T.);
#883=EDGE_CURVE('',#725,#726,#411,.T.);
#884=EDGE_CURVE('',#705,#726,#412,.T.);
#885=EDGE_CURVE('',#706,#725,#413,.T.);
#886=EDGE_CURVE('',#727,#725,#414,.T.);
#887=EDGE_CURVE('',#708,#727,#415,.T.);
#888=EDGE_CURVE('',#648,#728,#416,.F.);
#889=EDGE_CURVE('',#728,#712,#417,.F.);
#890=EDGE_CURVE('',#728,#729,#418,.F.);
#891=EDGE_CURVE('',#729,#711,#419,.F.);
#892=EDGE_CURVE('',#729,#649,#420,.F.);
#893=EDGE_CURVE('',#730,#727,#421,.T.);
#894=EDGE_CURVE('',#707,#730,#422,.T.);
#895=EDGE_CURVE('',#726,#730,#423,.T.);
#896=EDGE_CURVE('',#731,#724,#424,.T.);
#897=EDGE_CURVE('',#703,#731,#425,.T.);
#898=EDGE_CURVE('',#723,#731,#426,.T.);
#899=EDGE_CURVE('',#732,#721,#427,.T.);
#900=EDGE_CURVE('',#699,#732,#428,.T.);
#901=EDGE_CURVE('',#720,#732,#429,.T.);
#902=EDGE_CURVE('',#733,#718,#430,.T.);
#903=EDGE_CURVE('',#695,#733,#431,.T.);
#904=EDGE_CURVE('',#717,#733,#432,.T.);
#905=EDGE_CURVE('',#734,#715,#433,.T.);
#906=EDGE_CURVE('',#691,#734,#434,.T.);
#907=EDGE_CURVE('',#714,#734,#435,.T.);
#908=EDGE_CURVE('',#735,#736,#436,.T.);
#909=EDGE_CURVE('',#737,#735,#437,.T.);
#910=EDGE_CURVE('',#738,#737,#438,.T.);
#911=EDGE_CURVE('',#736,#738,#439,.T.);
#912=EDGE_CURVE('',#739,#740,#440,.F.);
#913=EDGE_CURVE('',#739,#736,#441,.T.);
#914=EDGE_CURVE('',#740,#738,#442,.T.);
#915=EDGE_CURVE('',#740,#741,#443,.F.);
#916=EDGE_CURVE('',#741,#737,#444,.T.);
#917=EDGE_CURVE('',#742,#739,#445,.F.);
#918=EDGE_CURVE('',#742,#735,#446,.T.);
#919=EDGE_CURVE('',#741,#742,#447,.F.);
#920=ORIENTED_EDGE('',*,*,#743,.F.);
#921=ORIENTED_EDGE('',*,*,#744,.T.);
#922=ORIENTED_EDGE('',*,*,#745,.T.);
#923=ORIENTED_EDGE('',*,*,#744,.F.);
#924=ORIENTED_EDGE('',*,*,#745,.F.);
#925=ORIENTED_EDGE('',*,*,#746,.F.);
#926=ORIENTED_EDGE('',*,*,#747,.T.);
#927=ORIENTED_EDGE('',*,*,#748,.T.);
#928=ORIENTED_EDGE('',*,*,#747,.F.);
#929=ORIENTED_EDGE('',*,*,#748,.F.);
#930=ORIENTED_EDGE('',*,*,#749,.F.);
#931=ORIENTED_EDGE('',*,*,#750,.T.);
#932=ORIENTED_EDGE('',*,*,#751,.T.);
#933=ORIENTED_EDGE('',*,*,#750,.F.);
#934=ORIENTED_EDGE('',*,*,#751,.F.);
#935=ORIENTED_EDGE('',*,*,#752,.F.);
#936=ORIENTED_EDGE('',*,*,#753,.T.);
#937=ORIENTED_EDGE('',*,*,#754,.T.);
#938=ORIENTED_EDGE('',*,*,#753,.F.);
#939=ORIENTED_EDGE('',*,*,#754,.F.);
#940=ORIENTED_EDGE('',*,*,#755,.F.);
#941=ORIENTED_EDGE('',*,*,#756,.T.);
#942=ORIENTED_EDGE('',*,*,#757,.T.);
#943=ORIENTED_EDGE('',*,*,#756,.F.);
#944=ORIENTED_EDGE('',*,*,#757,.F.);
#945=ORIENTED_EDGE('',*,*,#758,.F.);
#946=ORIENTED_EDGE('',*,*,#759,.F.);
#947=ORIENTED_EDGE('',*,*,#760,.F.);
#948=ORIENTED_EDGE('',*,*,#761,.F.);
#949=ORIENTED_EDGE('',*,*,#762,.F.);
#950=ORIENTED_EDGE('',*,*,#759,.T.);
#951=ORIENTED_EDGE('',*,*,#763,.F.);
#952=ORIENTED_EDGE('',*,*,#764,.F.);
#953=ORIENTED_EDGE('',*,*,#765,.F.);
#954=ORIENTED_EDGE('',*,*,#766,.F.);
#955=ORIENTED_EDGE('',*,*,#767,.F.);
#956=ORIENTED_EDGE('',*,*,#764,.T.);
#957=ORIENTED_EDGE('',*,*,#768,.F.);
#958=ORIENTED_EDGE('',*,*,#769,.T.);
#959=ORIENTED_EDGE('',*,*,#770,.T.);
#960=ORIENTED_EDGE('',*,*,#769,.F.);
#961=ORIENTED_EDGE('',*,*,#770,.F.);
#962=ORIENTED_EDGE('',*,*,#771,.F.);
#963=ORIENTED_EDGE('',*,*,#772,.T.);
#964=ORIENTED_EDGE('',*,*,#773,.T.);
#965=ORIENTED_EDGE('',*,*,#772,.F.);
#966=ORIENTED_EDGE('',*,*,#773,.F.);
#967=ORIENTED_EDGE('',*,*,#760,.T.);
#968=ORIENTED_EDGE('',*,*,#758,.T.);
#969=ORIENTED_EDGE('',*,*,#762,.T.);
#970=ORIENTED_EDGE('',*,*,#774,.T.);
#971=ORIENTED_EDGE('',*,*,#775,.F.);
#972=ORIENTED_EDGE('',*,*,#776,.T.);
#973=ORIENTED_EDGE('',*,*,#777,.T.);
#974=ORIENTED_EDGE('',*,*,#778,.T.);
#975=ORIENTED_EDGE('',*,*,#765,.T.);
#976=ORIENTED_EDGE('',*,*,#763,.T.);
#977=ORIENTED_EDGE('',*,*,#767,.T.);
#978=ORIENTED_EDGE('',*,*,#779,.T.);
#979=ORIENTED_EDGE('',*,*,#780,.F.);
#980=ORIENTED_EDGE('',*,*,#781,.T.);
#981=ORIENTED_EDGE('',*,*,#782,.T.);
#982=ORIENTED_EDGE('',*,*,#783,.T.);
#983=ORIENTED_EDGE('',*,*,#784,.T.);
#984=ORIENTED_EDGE('',*,*,#785,.T.);
#985=ORIENTED_EDGE('',*,*,#786,.T.);
#986=ORIENTED_EDGE('',*,*,#787,.T.);
#987=ORIENTED_EDGE('',*,*,#788,.T.);
#988=ORIENTED_EDGE('',*,*,#789,.T.);
#989=ORIENTED_EDGE('',*,*,#790,.T.);
#990=ORIENTED_EDGE('',*,*,#791,.T.);
#991=ORIENTED_EDGE('',*,*,#792,.T.);
#992=ORIENTED_EDGE('',*,*,#793,.T.);
#993=ORIENTED_EDGE('',*,*,#794,.T.);
#994=ORIENTED_EDGE('',*,*,#795,.T.);
#995=ORIENTED_EDGE('',*,*,#796,.T.);
#996=ORIENTED_EDGE('',*,*,#797,.T.);
#997=ORIENTED_EDGE('',*,*,#797,.F.);
#998=ORIENTED_EDGE('',*,*,#798,.T.);
#999=ORIENTED_EDGE('',*,*,#799,.T.);
#1000=ORIENTED_EDGE('',*,*,#798,.F.);
#1001=ORIENTED_EDGE('',*,*,#799,.F.);
#1002=ORIENTED_EDGE('',*,*,#796,.F.);
#1003=ORIENTED_EDGE('',*,*,#800,.T.);
#1004=ORIENTED_EDGE('',*,*,#801,.T.);
#1005=ORIENTED_EDGE('',*,*,#800,.F.);
#1006=ORIENTED_EDGE('',*,*,#801,.F.);
#1007=ORIENTED_EDGE('',*,*,#795,.F.);
#1008=ORIENTED_EDGE('',*,*,#802,.T.);
#1009=ORIENTED_EDGE('',*,*,#803,.T.);
#1010=ORIENTED_EDGE('',*,*,#802,.F.);
#1011=ORIENTED_EDGE('',*,*,#803,.F.);
#1012=ORIENTED_EDGE('',*,*,#794,.F.);
#1013=ORIENTED_EDGE('',*,*,#804,.T.);
#1014=ORIENTED_EDGE('',*,*,#805,.T.);
#1015=ORIENTED_EDGE('',*,*,#804,.F.);
#1016=ORIENTED_EDGE('',*,*,#805,.F.);
#1017=ORIENTED_EDGE('',*,*,#793,.F.);
#1018=ORIENTED_EDGE('',*,*,#806,.T.);
#1019=ORIENTED_EDGE('',*,*,#807,.T.);
#1020=ORIENTED_EDGE('',*,*,#806,.F.);
#1021=ORIENTED_EDGE('',*,*,#807,.F.);
#1022=ORIENTED_EDGE('',*,*,#792,.F.);
#1023=ORIENTED_EDGE('',*,*,#808,.T.);
#1024=ORIENTED_EDGE('',*,*,#809,.T.);
#1025=ORIENTED_EDGE('',*,*,#808,.F.);
#1026=ORIENTED_EDGE('',*,*,#809,.F.);
#1027=ORIENTED_EDGE('',*,*,#791,.F.);
#1028=ORIENTED_EDGE('',*,*,#810,.T.);
#1029=ORIENTED_EDGE('',*,*,#811,.T.);
#1030=ORIENTED_EDGE('',*,*,#810,.F.);
#1031=ORIENTED_EDGE('',*,*,#811,.F.);
#1032=ORIENTED_EDGE('',*,*,#790,.F.);
#1033=ORIENTED_EDGE('',*,*,#812,.T.);
#1034=ORIENTED_EDGE('',*,*,#813,.T.);
#1035=ORIENTED_EDGE('',*,*,#812,.F.);
#1036=ORIENTED_EDGE('',*,*,#813,.F.);
#1037=ORIENTED_EDGE('',*,*,#789,.F.);
#1038=ORIENTED_EDGE('',*,*,#814,.T.);
#1039=ORIENTED_EDGE('',*,*,#815,.T.);
#1040=ORIENTED_EDGE('',*,*,#814,.F.);
#1041=ORIENTED_EDGE('',*,*,#815,.F.);
#1042=ORIENTED_EDGE('',*,*,#788,.F.);
#1043=ORIENTED_EDGE('',*,*,#816,.T.);
#1044=ORIENTED_EDGE('',*,*,#817,.T.);
#1045=ORIENTED_EDGE('',*,*,#816,.F.);
#1046=ORIENTED_EDGE('',*,*,#817,.F.);
#1047=ORIENTED_EDGE('',*,*,#787,.F.);
#1048=ORIENTED_EDGE('',*,*,#818,.T.);
#1049=ORIENTED_EDGE('',*,*,#819,.T.);
#1050=ORIENTED_EDGE('',*,*,#818,.F.);
#1051=ORIENTED_EDGE('',*,*,#819,.F.);
#1052=ORIENTED_EDGE('',*,*,#786,.F.);
#1053=ORIENTED_EDGE('',*,*,#820,.T.);
#1054=ORIENTED_EDGE('',*,*,#821,.T.);
#1055=ORIENTED_EDGE('',*,*,#820,.F.);
#1056=ORIENTED_EDGE('',*,*,#821,.F.);
#1057=ORIENTED_EDGE('',*,*,#785,.F.);
#1058=ORIENTED_EDGE('',*,*,#822,.T.);
#1059=ORIENTED_EDGE('',*,*,#823,.T.);
#1060=ORIENTED_EDGE('',*,*,#822,.F.);
#1061=ORIENTED_EDGE('',*,*,#823,.F.);
#1062=ORIENTED_EDGE('',*,*,#784,.F.);
#1063=ORIENTED_EDGE('',*,*,#824,.T.);
#1064=ORIENTED_EDGE('',*,*,#825,.T.);
#1065=ORIENTED_EDGE('',*,*,#824,.F.);
#1066=ORIENTED_EDGE('',*,*,#825,.F.);
#1067=ORIENTED_EDGE('',*,*,#826,.F.);
#1068=ORIENTED_EDGE('',*,*,#827,.T.);
#1069=ORIENTED_EDGE('',*,*,#828,.T.);
#1070=ORIENTED_EDGE('',*,*,#827,.F.);
#1071=ORIENTED_EDGE('',*,*,#828,.F.);
#1072=ORIENTED_EDGE('',*,*,#829,.F.);
#1073=ORIENTED_EDGE('',*,*,#830,.T.);
#1074=ORIENTED_EDGE('',*,*,#831,.T.);
#1075=ORIENTED_EDGE('',*,*,#830,.F.);
#1076=ORIENTED_EDGE('',*,*,#831,.F.);
#1077=ORIENTED_EDGE('',*,*,#781,.F.);
#1078=ORIENTED_EDGE('',*,*,#832,.F.);
#1079=ORIENTED_EDGE('',*,*,#833,.F.);
#1080=ORIENTED_EDGE('',*,*,#834,.F.);
#1081=ORIENTED_EDGE('',*,*,#826,.T.);
#1082=ORIENTED_EDGE('',*,*,#829,.T.);
#1083=ORIENTED_EDGE('',*,*,#835,.F.);
#1084=ORIENTED_EDGE('',*,*,#836,.F.);
#1085=ORIENTED_EDGE('',*,*,#837,.F.);
#1086=ORIENTED_EDGE('',*,*,#838,.F.);
#1087=ORIENTED_EDGE('',*,*,#839,.F.);
#1088=ORIENTED_EDGE('',*,*,#840,.F.);
#1089=ORIENTED_EDGE('',*,*,#841,.F.);
#1090=ORIENTED_EDGE('',*,*,#842,.F.);
#1091=ORIENTED_EDGE('',*,*,#843,.F.);
#1092=ORIENTED_EDGE('',*,*,#844,.F.);
#1093=ORIENTED_EDGE('',*,*,#845,.F.);
#1094=ORIENTED_EDGE('',*,*,#846,.F.);
#1095=ORIENTED_EDGE('',*,*,#847,.F.);
#1096=ORIENTED_EDGE('',*,*,#848,.F.);
#1097=ORIENTED_EDGE('',*,*,#849,.F.);
#1098=ORIENTED_EDGE('',*,*,#850,.F.);
#1099=ORIENTED_EDGE('',*,*,#851,.F.);
#1100=ORIENTED_EDGE('',*,*,#852,.F.);
#1101=ORIENTED_EDGE('',*,*,#853,.F.);
#1102=ORIENTED_EDGE('',*,*,#854,.F.);
#1103=ORIENTED_EDGE('',*,*,#761,.T.);
#1104=ORIENTED_EDGE('',*,*,#783,.F.);
#1105=ORIENTED_EDGE('',*,*,#855,.T.);
#1106=ORIENTED_EDGE('',*,*,#856,.T.);
#1107=ORIENTED_EDGE('',*,*,#857,.T.);
#1108=ORIENTED_EDGE('',*,*,#779,.F.);
#1109=ORIENTED_EDGE('',*,*,#766,.T.);
#1110=ORIENTED_EDGE('',*,*,#778,.F.);
#1111=ORIENTED_EDGE('',*,*,#858,.T.);
#1112=ORIENTED_EDGE('',*,*,#859,.T.);
#1113=ORIENTED_EDGE('',*,*,#860,.T.);
#1114=ORIENTED_EDGE('',*,*,#774,.F.);
#1115=ORIENTED_EDGE('',*,*,#743,.T.);
#1116=ORIENTED_EDGE('',*,*,#746,.T.);
#1117=ORIENTED_EDGE('',*,*,#749,.T.);
#1118=ORIENTED_EDGE('',*,*,#752,.T.);
#1119=ORIENTED_EDGE('',*,*,#755,.T.);
#1120=ORIENTED_EDGE('',*,*,#768,.T.);
#1121=ORIENTED_EDGE('',*,*,#771,.T.);
#1122=ORIENTED_EDGE('',*,*,#834,.T.);
#1123=ORIENTED_EDGE('',*,*,#861,.T.);
#1124=ORIENTED_EDGE('',*,*,#855,.F.);
#1125=ORIENTED_EDGE('',*,*,#782,.F.);
#1126=ORIENTED_EDGE('',*,*,#833,.T.);
#1127=ORIENTED_EDGE('',*,*,#862,.T.);
#1128=ORIENTED_EDGE('',*,*,#856,.F.);
#1129=ORIENTED_EDGE('',*,*,#861,.F.);
#1130=ORIENTED_EDGE('',*,*,#832,.T.);
#1131=ORIENTED_EDGE('',*,*,#780,.T.);
#1132=ORIENTED_EDGE('',*,*,#857,.F.);
#1133=ORIENTED_EDGE('',*,*,#862,.F.);
#1134=ORIENTED_EDGE('',*,*,#863,.T.);
#1135=ORIENTED_EDGE('',*,*,#864,.F.);
#1136=ORIENTED_EDGE('',*,*,#835,.T.);
#1137=ORIENTED_EDGE('',*,*,#865,.T.);
#1138=ORIENTED_EDGE('',*,*,#866,.T.);
#1139=ORIENTED_EDGE('',*,*,#865,.F.);
#1140=ORIENTED_EDGE('',*,*,#838,.T.);
#1141=ORIENTED_EDGE('',*,*,#867,.T.);
#1142=ORIENTED_EDGE('',*,*,#868,.T.);
#1143=ORIENTED_EDGE('',*,*,#869,.F.);
#1144=ORIENTED_EDGE('',*,*,#839,.T.);
#1145=ORIENTED_EDGE('',*,*,#870,.T.);
#1146=ORIENTED_EDGE('',*,*,#871,.T.);
#1147=ORIENTED_EDGE('',*,*,#870,.F.);
#1148=ORIENTED_EDGE('',*,*,#842,.T.);
#1149=ORIENTED_EDGE('',*,*,#872,.T.);
#1150=ORIENTED_EDGE('',*,*,#873,.T.);
#1151=ORIENTED_EDGE('',*,*,#874,.F.);
#1152=ORIENTED_EDGE('',*,*,#843,.T.);
#1153=ORIENTED_EDGE('',*,*,#875,.T.);
#1154=ORIENTED_EDGE('',*,*,#876,.T.);
#1155=ORIENTED_EDGE('',*,*,#875,.F.);
#1156=ORIENTED_EDGE('',*,*,#846,.T.);
#1157=ORIENTED_EDGE('',*,*,#877,.T.);
#1158=ORIENTED_EDGE('',*,*,#878,.T.);
#1159=ORIENTED_EDGE('',*,*,#879,.F.);
#1160=ORIENTED_EDGE('',*,*,#847,.T.);
#1161=ORIENTED_EDGE('',*,*,#880,.T.);
#1162=ORIENTED_EDGE('',*,*,#881,.T.);
#1163=ORIENTED_EDGE('',*,*,#880,.F.);
#1164=ORIENTED_EDGE('',*,*,#850,.T.);
#1165=ORIENTED_EDGE('',*,*,#882,.T.);
#1166=ORIENTED_EDGE('',*,*,#883,.T.);
#1167=ORIENTED_EDGE('',*,*,#884,.F.);
#1168=ORIENTED_EDGE('',*,*,#851,.T.);
#1169=ORIENTED_EDGE('',*,*,#885,.T.);
#1170=ORIENTED_EDGE('',*,*,#886,.T.);
#1171=ORIENTED_EDGE('',*,*,#885,.F.);
#1172=ORIENTED_EDGE('',*,*,#854,.T.);
#1173=ORIENTED_EDGE('',*,*,#887,.T.);
#1174=ORIENTED_EDGE('',*,*,#888,.F.);
#1175=ORIENTED_EDGE('',*,*,#775,.T.);
#1176=ORIENTED_EDGE('',*,*,#860,.F.);
#1177=ORIENTED_EDGE('',*,*,#889,.F.);
#1178=ORIENTED_EDGE('',*,*,#890,.F.);
#1179=ORIENTED_EDGE('',*,*,#889,.T.);
#1180=ORIENTED_EDGE('',*,*,#859,.F.);
#1181=ORIENTED_EDGE('',*,*,#891,.F.);
#1182=ORIENTED_EDGE('',*,*,#892,.F.);
#1183=ORIENTED_EDGE('',*,*,#891,.T.);
#1184=ORIENTED_EDGE('',*,*,#858,.F.);
#1185=ORIENTED_EDGE('',*,*,#777,.F.);
#1186=ORIENTED_EDGE('',*,*,#893,.T.);
#1187=ORIENTED_EDGE('',*,*,#887,.F.);
#1188=ORIENTED_EDGE('',*,*,#853,.T.);
#1189=ORIENTED_EDGE('',*,*,#894,.T.);
#1190=ORIENTED_EDGE('',*,*,#895,.T.);
#1191=ORIENTED_EDGE('',*,*,#894,.F.);
#1192=ORIENTED_EDGE('',*,*,#852,.T.);
#1193=ORIENTED_EDGE('',*,*,#884,.T.);
#1194=ORIENTED_EDGE('',*,*,#896,.T.);
#1195=ORIENTED_EDGE('',*,*,#882,.F.);
#1196=ORIENTED_EDGE('',*,*,#849,.T.);
#1197=ORIENTED_EDGE('',*,*,#897,.T.);
#1198=ORIENTED_EDGE('',*,*,#898,.T.);
#1199=ORIENTED_EDGE('',*,*,#897,.F.);
#1200=ORIENTED_EDGE('',*,*,#848,.T.);
#1201=ORIENTED_EDGE('',*,*,#879,.T.);
#1202=ORIENTED_EDGE('',*,*,#899,.T.);
#1203=ORIENTED_EDGE('',*,*,#877,.F.);
#1204=ORIENTED_EDGE('',*,*,#845,.T.);
#1205=ORIENTED_EDGE('',*,*,#900,.T.);
#1206=ORIENTED_EDGE('',*,*,#901,.T.);
#1207=ORIENTED_EDGE('',*,*,#900,.F.);
#1208=ORIENTED_EDGE('',*,*,#844,.T.);
#1209=ORIENTED_EDGE('',*,*,#874,.T.);
#1210=ORIENTED_EDGE('',*,*,#902,.T.);
#1211=ORIENTED_EDGE('',*,*,#872,.F.);
#1212=ORIENTED_EDGE('',*,*,#841,.T.);
#1213=ORIENTED_EDGE('',*,*,#903,.T.);
#1214=ORIENTED_EDGE('',*,*,#904,.T.);
#1215=ORIENTED_EDGE('',*,*,#903,.F.);
#1216=ORIENTED_EDGE('',*,*,#840,.T.);
#1217=ORIENTED_EDGE('',*,*,#869,.T.);
#1218=ORIENTED_EDGE('',*,*,#905,.T.);
#1219=ORIENTED_EDGE('',*,*,#867,.F.);
#1220=ORIENTED_EDGE('',*,*,#837,.T.);
#1221=ORIENTED_EDGE('',*,*,#906,.T.);
#1222=ORIENTED_EDGE('',*,*,#907,.T.);
#1223=ORIENTED_EDGE('',*,*,#906,.F.);
#1224=ORIENTED_EDGE('',*,*,#836,.T.);
#1225=ORIENTED_EDGE('',*,*,#864,.T.);
#1226=ORIENTED_EDGE('',*,*,#908,.F.);
#1227=ORIENTED_EDGE('',*,*,#909,.F.);
#1228=ORIENTED_EDGE('',*,*,#910,.F.);
#1229=ORIENTED_EDGE('',*,*,#911,.F.);
#1230=ORIENTED_EDGE('',*,*,#883,.F.);
#1231=ORIENTED_EDGE('',*,*,#886,.F.);
#1232=ORIENTED_EDGE('',*,*,#893,.F.);
#1233=ORIENTED_EDGE('',*,*,#895,.F.);
#1234=ORIENTED_EDGE('',*,*,#878,.F.);
#1235=ORIENTED_EDGE('',*,*,#881,.F.);
#1236=ORIENTED_EDGE('',*,*,#896,.F.);
#1237=ORIENTED_EDGE('',*,*,#898,.F.);
#1238=ORIENTED_EDGE('',*,*,#873,.F.);
#1239=ORIENTED_EDGE('',*,*,#876,.F.);
#1240=ORIENTED_EDGE('',*,*,#899,.F.);
#1241=ORIENTED_EDGE('',*,*,#901,.F.);
#1242=ORIENTED_EDGE('',*,*,#868,.F.);
#1243=ORIENTED_EDGE('',*,*,#871,.F.);
#1244=ORIENTED_EDGE('',*,*,#902,.F.);
#1245=ORIENTED_EDGE('',*,*,#904,.F.);
#1246=ORIENTED_EDGE('',*,*,#863,.F.);
#1247=ORIENTED_EDGE('',*,*,#866,.F.);
#1248=ORIENTED_EDGE('',*,*,#905,.F.);
#1249=ORIENTED_EDGE('',*,*,#907,.F.);
#1250=ORIENTED_EDGE('',*,*,#912,.F.);
#1251=ORIENTED_EDGE('',*,*,#913,.T.);
#1252=ORIENTED_EDGE('',*,*,#911,.T.);
#1253=ORIENTED_EDGE('',*,*,#914,.F.);
#1254=ORIENTED_EDGE('',*,*,#915,.F.);
#1255=ORIENTED_EDGE('',*,*,#914,.T.);
#1256=ORIENTED_EDGE('',*,*,#910,.T.);
#1257=ORIENTED_EDGE('',*,*,#916,.F.);
#1258=ORIENTED_EDGE('',*,*,#917,.F.);
#1259=ORIENTED_EDGE('',*,*,#918,.T.);
#1260=ORIENTED_EDGE('',*,*,#908,.T.);
#1261=ORIENTED_EDGE('',*,*,#913,.F.);
#1262=ORIENTED_EDGE('',*,*,#919,.F.);
#1263=ORIENTED_EDGE('',*,*,#916,.T.);
#1264=ORIENTED_EDGE('',*,*,#909,.T.);
#1265=ORIENTED_EDGE('',*,*,#918,.F.);
#1266=ORIENTED_EDGE('',*,*,#776,.F.);
#1267=ORIENTED_EDGE('',*,*,#888,.T.);
#1268=ORIENTED_EDGE('',*,*,#890,.T.);
#1269=ORIENTED_EDGE('',*,*,#892,.T.);
#1270=ORIENTED_EDGE('',*,*,#915,.T.);
#1271=ORIENTED_EDGE('',*,*,#919,.T.);
#1272=ORIENTED_EDGE('',*,*,#917,.T.);
#1273=ORIENTED_EDGE('',*,*,#912,.T.);
#1274=CYLINDRICAL_SURFACE('',#1400,2.55000000000001);
#1275=CYLINDRICAL_SURFACE('',#1404,2.55);
#1276=CYLINDRICAL_SURFACE('',#1408,2.55);
#1277=CYLINDRICAL_SURFACE('',#1412,2.55000000000001);
#1278=CYLINDRICAL_SURFACE('',#1416,2.55000000000001);
#1279=CYLINDRICAL_SURFACE('',#1422,2.55);
#1280=CYLINDRICAL_SURFACE('',#1426,2.55000000000001);
#1281=CYLINDRICAL_SURFACE('',#1428,2.55);
#1282=CYLINDRICAL_SURFACE('',#1432,2.55000000000001);
#1283=CYLINDRICAL_SURFACE('',#1451,2.55000000000001);
#1284=CYLINDRICAL_SURFACE('',#1454,2.55000000000001);
#1285=CYLINDRICAL_SURFACE('',#1457,2.55);
#1286=CYLINDRICAL_SURFACE('',#1460,2.55);
#1287=CYLINDRICAL_SURFACE('',#1463,2.55);
#1288=CYLINDRICAL_SURFACE('',#1466,2.55000000000001);
#1289=CYLINDRICAL_SURFACE('',#1469,2.55000000000001);
#1290=CYLINDRICAL_SURFACE('',#1472,2.55000000000001);
#1291=CYLINDRICAL_SURFACE('',#1475,2.55);
#1292=CYLINDRICAL_SURFACE('',#1478,2.55);
#1293=CYLINDRICAL_SURFACE('',#1481,2.55);
#1294=CYLINDRICAL_SURFACE('',#1484,2.55);
#1295=CYLINDRICAL_SURFACE('',#1487,2.55000000000001);
#1296=CYLINDRICAL_SURFACE('',#1490,2.54999999999999);
#1297=CYLINDRICAL_SURFACE('',#1493,2.55000000000001);
#1298=CYLINDRICAL_SURFACE('',#1497,2.55);
#1299=ADVANCED_FACE('',(#117),#1274,.F.);
#1300=ADVANCED_FACE('',(#118),#57,.T.);
#1301=ADVANCED_FACE('',(#119),#1275,.F.);
#1302=ADVANCED_FACE('',(#120),#58,.T.);
#1303=ADVANCED_FACE('',(#121),#1276,.F.);
#1304=ADVANCED_FACE('',(#122),#59,.T.);
#1305=ADVANCED_FACE('',(#123),#1277,.F.);
#1306=ADVANCED_FACE('',(#124),#60,.T.);
#1307=ADVANCED_FACE('',(#125),#1278,.F.);
#1308=ADVANCED_FACE('',(#126),#61,.T.);
#1309=ADVANCED_FACE('',(#127),#62,.T.);
#1310=ADVANCED_FACE('',(#128),#1279,.F.);
#1311=ADVANCED_FACE('',(#129),#63,.T.);
#1312=ADVANCED_FACE('',(#130),#1280,.F.);
#1313=ADVANCED_FACE('',(#131),#1281,.F.);
#1314=ADVANCED_FACE('',(#132),#64,.T.);
#1315=ADVANCED_FACE('',(#133),#1282,.F.);
#1316=ADVANCED_FACE('',(#134),#65,.T.);
#1317=ADVANCED_FACE('',(#135,#23,#24,#25,#26,#27,#28,#29,#30,#31,#32,#33,
#34,#35,#36),#66,.T.);
#1318=ADVANCED_FACE('',(#136),#1283,.F.);
#1319=ADVANCED_FACE('',(#137),#67,.T.);
#1320=ADVANCED_FACE('',(#138),#1284,.F.);
#1321=ADVANCED_FACE('',(#139),#68,.T.);
#1322=ADVANCED_FACE('',(#140),#1285,.F.);
#1323=ADVANCED_FACE('',(#141),#69,.T.);
#1324=ADVANCED_FACE('',(#142),#1286,.F.);
#1325=ADVANCED_FACE('',(#143),#70,.T.);
#1326=ADVANCED_FACE('',(#144),#1287,.F.);
#1327=ADVANCED_FACE('',(#145),#71,.T.);
#1328=ADVANCED_FACE('',(#146),#1288,.F.);
#1329=ADVANCED_FACE('',(#147),#72,.T.);
#1330=ADVANCED_FACE('',(#148),#1289,.F.);
#1331=ADVANCED_FACE('',(#149),#73,.T.);
#1332=ADVANCED_FACE('',(#150),#1290,.F.);
#1333=ADVANCED_FACE('',(#151),#74,.T.);
#1334=ADVANCED_FACE('',(#152),#1291,.F.);
#1335=ADVANCED_FACE('',(#153),#75,.T.);
#1336=ADVANCED_FACE('',(#154),#1292,.F.);
#1337=ADVANCED_FACE('',(#155),#76,.T.);
#1338=ADVANCED_FACE('',(#156),#1293,.F.);
#1339=ADVANCED_FACE('',(#157),#77,.T.);
#1340=ADVANCED_FACE('',(#158),#1294,.F.);
#1341=ADVANCED_FACE('',(#159),#78,.T.);
#1342=ADVANCED_FACE('',(#160),#1295,.F.);
#1343=ADVANCED_FACE('',(#161),#79,.T.);
#1344=ADVANCED_FACE('',(#162),#1296,.F.);
#1345=ADVANCED_FACE('',(#163),#80,.T.);
#1346=ADVANCED_FACE('',(#164),#1297,.F.);
#1347=ADVANCED_FACE('',(#165),#81,.T.);
#1348=ADVANCED_FACE('',(#166),#1298,.F.);
#1349=ADVANCED_FACE('',(#167),#82,.T.);
#1350=ADVANCED_FACE('',(#168,#37,#38,#39,#40,#41,#42,#43),#83,.F.);
#1351=ADVANCED_FACE('',(#169,#44,#45,#46,#47,#48,#49,#50),#84,.T.);
#1352=ADVANCED_FACE('',(#170),#85,.T.);
#1353=ADVANCED_FACE('',(#171),#86,.T.);
#1354=ADVANCED_FACE('',(#172),#87,.T.);
#1355=ADVANCED_FACE('',(#173),#88,.T.);
#1356=ADVANCED_FACE('',(#174),#89,.T.);
#1357=ADVANCED_FACE('',(#175),#90,.T.);
#1358=ADVANCED_FACE('',(#176),#91,.T.);
#1359=ADVANCED_FACE('',(#177),#92,.T.);
#1360=ADVANCED_FACE('',(#178),#93,.T.);
#1361=ADVANCED_FACE('',(#179),#94,.T.);
#1362=ADVANCED_FACE('',(#180),#95,.T.);
#1363=ADVANCED_FACE('',(#181),#96,.T.);
#1364=ADVANCED_FACE('',(#182),#97,.T.);
#1365=ADVANCED_FACE('',(#183),#98,.F.);
#1366=ADVANCED_FACE('',(#184),#99,.F.);
#1367=ADVANCED_FACE('',(#185),#100,.F.);
#1368=ADVANCED_FACE('',(#186),#101,.T.);
#1369=ADVANCED_FACE('',(#187),#102,.T.);
#1370=ADVANCED_FACE('',(#188),#103,.T.);
#1371=ADVANCED_FACE('',(#189),#104,.T.);
#1372=ADVANCED_FACE('',(#190),#105,.T.);
#1373=ADVANCED_FACE('',(#191),#106,.T.);
#1374=ADVANCED_FACE('',(#192),#107,.T.);
#1375=ADVANCED_FACE('',(#193),#108,.T.);
#1376=ADVANCED_FACE('',(#194),#109,.T.);
#1377=ADVANCED_FACE('',(#195),#110,.T.);
#1378=ADVANCED_FACE('',(#196,#51,#52,#53,#54,#55),#111,.F.);
#1379=ADVANCED_FACE('',(#197),#112,.F.);
#1380=ADVANCED_FACE('',(#198),#113,.F.);
#1381=ADVANCED_FACE('',(#199),#114,.F.);
#1382=ADVANCED_FACE('',(#200),#115,.F.);
#1383=ADVANCED_FACE('',(#201,#56),#116,.T.);
#1384=CLOSED_SHELL('',(#1299,#1300,#1301,#1302,#1303,#1304,#1305,#1306,
#1307,#1308,#1309,#1310,#1311,#1312,#1313,#1314,#1315,#1316,#1317,#1318,
#1319,#1320,#1321,#1322,#1323,#1324,#1325,#1326,#1327,#1328,#1329,#1330,
#1331,#1332,#1333,#1334,#1335,#1336,#1337,#1338,#1339,#1340,#1341,#1342,
#1343,#1344,#1345,#1346,#1347,#1348,#1349,#1350,#1351,#1352,#1353,#1354,
#1355,#1356,#1357,#1358,#1359,#1360,#1361,#1362,#1363,#1364,#1365,#1366,
#1367,#1368,#1369,#1370,#1371,#1372,#1373,#1374,#1375,#1376,#1377,#1378,
#1379,#1380,#1381,#1382,#1383));
#1385=DERIVED_UNIT_ELEMENT(#1387,1.);
#1386=DERIVED_UNIT_ELEMENT(#2338,-3.);
#1387=(
MASS_UNIT()
NAMED_UNIT(*)
SI_UNIT(.KILO.,.GRAM.)
);
#1388=DERIVED_UNIT((#1385,#1386));
#1389=MEASURE_REPRESENTATION_ITEM('density measure',
POSITIVE_RATIO_MEASURE(7850.),#1388);
#1390=PROPERTY_DEFINITION_REPRESENTATION(#1395,#1392);
#1391=PROPERTY_DEFINITION_REPRESENTATION(#1396,#1393);
#1392=REPRESENTATION('material name',(#1394),#2335);
#1393=REPRESENTATION('density',(#1389),#2335);
#1394=DESCRIPTIVE_REPRESENTATION_ITEM('Steel','Steel');
#1395=PROPERTY_DEFINITION('material property','material name',#2355);
#1396=PROPERTY_DEFINITION('material property','density of part',#2355);
#1397=AXIS2_PLACEMENT_3D('',#1944,#1537,#1538);
#1398=AXIS2_PLACEMENT_3D('',#1945,#1539,#1540);
#1399=AXIS2_PLACEMENT_3D('',#1946,#1541,#1542);
#1400=AXIS2_PLACEMENT_3D('',#1947,#1543,#1544);
#1401=AXIS2_PLACEMENT_3D('',#1949,#1545,#1546);
#1402=AXIS2_PLACEMENT_3D('',#1952,#1548,#1549);
#1403=AXIS2_PLACEMENT_3D('',#1953,#1550,#1551);
#1404=AXIS2_PLACEMENT_3D('',#1954,#1552,#1553);
#1405=AXIS2_PLACEMENT_3D('',#1956,#1554,#1555);
#1406=AXIS2_PLACEMENT_3D('',#1959,#1557,#1558);
#1407=AXIS2_PLACEMENT_3D('',#1960,#1559,#1560);
#1408=AXIS2_PLACEMENT_3D('',#1961,#1561,#1562);
#1409=AXIS2_PLACEMENT_3D('',#1963,#1563,#1564);
#1410=AXIS2_PLACEMENT_3D('',#1966,#1566,#1567);
#1411=AXIS2_PLACEMENT_3D('',#1967,#1568,#1569);
#1412=AXIS2_PLACEMENT_3D('',#1968,#1570,#1571);
#1413=AXIS2_PLACEMENT_3D('',#1970,#1572,#1573);
#1414=AXIS2_PLACEMENT_3D('',#1973,#1575,#1576);
#1415=AXIS2_PLACEMENT_3D('',#1974,#1577,#1578);
#1416=AXIS2_PLACEMENT_3D('',#1975,#1579,#1580);
#1417=AXIS2_PLACEMENT_3D('',#1977,#1581,#1582);
#1418=AXIS2_PLACEMENT_3D('',#1980,#1584,#1585);
#1419=AXIS2_PLACEMENT_3D('',#1981,#1586,#1587);
#1420=AXIS2_PLACEMENT_3D('',#1982,#1588,#1589);
#1421=AXIS2_PLACEMENT_3D('',#1986,#1591,#1592);
#1422=AXIS2_PLACEMENT_3D('',#1987,#1593,#1594);
#1423=AXIS2_PLACEMENT_3D('',#1991,#1596,#1597);
#1424=AXIS2_PLACEMENT_3D('',#1993,#1599,#1600);
#1425=AXIS2_PLACEMENT_3D('',#1997,#1602,#1603);
#1426=AXIS2_PLACEMENT_3D('',#1998,#1604,#1605);
#1427=AXIS2_PLACEMENT_3D('',#2002,#1607,#1608);
#1428=AXIS2_PLACEMENT_3D('',#2004,#1610,#1611);
#1429=AXIS2_PLACEMENT_3D('',#2006,#1612,#1613);
#1430=AXIS2_PLACEMENT_3D('',#2009,#1615,#1616);
#1431=AXIS2_PLACEMENT_3D('',#2010,#1617,#1618);
#1432=AXIS2_PLACEMENT_3D('',#2011,#1619,#1620);
#1433=AXIS2_PLACEMENT_3D('',#2013,#1621,#1622);
#1434=AXIS2_PLACEMENT_3D('',#2016,#1624,#1625);
#1435=AXIS2_PLACEMENT_3D('',#2017,#1626,#1627);
#1436=AXIS2_PLACEMENT_3D('',#2018,#1628,#1629);
#1437=AXIS2_PLACEMENT_3D('',#2038,#1640,#1641);
#1438=AXIS2_PLACEMENT_3D('',#2040,#1642,#1643);
#1439=AXIS2_PLACEMENT_3D('',#2042,#1644,#1645);
#1440=AXIS2_PLACEMENT_3D('',#2044,#1646,#1647);
#1441=AXIS2_PLACEMENT_3D('',#2046,#1648,#1649);
#1442=AXIS2_PLACEMENT_3D('',#2048,#1650,#1651);
#1443=AXIS2_PLACEMENT_3D('',#2050,#1652,#1653);
#1444=AXIS2_PLACEMENT_3D('',#2052,#1654,#1655);
#1445=AXIS2_PLACEMENT_3D('',#2054,#1656,#1657);
#1446=AXIS2_PLACEMENT_3D('',#2056,#1658,#1659);
#1447=AXIS2_PLACEMENT_3D('',#2058,#1660,#1661);
#1448=AXIS2_PLACEMENT_3D('',#2060,#1662,#1663);
#1449=AXIS2_PLACEMENT_3D('',#2062,#1664,#1665);
#1450=AXIS2_PLACEMENT_3D('',#2064,#1666,#1667);
#1451=AXIS2_PLACEMENT_3D('',#2065,#1668,#1669);
#1452=AXIS2_PLACEMENT_3D('',#2068,#1671,#1672);
#1453=AXIS2_PLACEMENT_3D('',#2069,#1673,#1674);
#1454=AXIS2_PLACEMENT_3D('',#2070,#1675,#1676);
#1455=AXIS2_PLACEMENT_3D('',#2073,#1678,#1679);
#1456=AXIS2_PLACEMENT_3D('',#2074,#1680,#1681);
#1457=AXIS2_PLACEMENT_3D('',#2075,#1682,#1683);
#1458=AXIS2_PLACEMENT_3D('',#2078,#1685,#1686);
#1459=AXIS2_PLACEMENT_3D('',#2079,#1687,#1688);
#1460=AXIS2_PLACEMENT_3D('',#2080,#1689,#1690);
#1461=AXIS2_PLACEMENT_3D('',#2083,#1692,#1693);
#1462=AXIS2_PLACEMENT_3D('',#2084,#1694,#1695);
#1463=AXIS2_PLACEMENT_3D('',#2085,#1696,#1697);
#1464=AXIS2_PLACEMENT_3D('',#2088,#1699,#1700);
#1465=AXIS2_PLACEMENT_3D('',#2089,#1701,#1702);
#1466=AXIS2_PLACEMENT_3D('',#2090,#1703,#1704);
#1467=AXIS2_PLACEMENT_3D('',#2093,#1706,#1707);
#1468=AXIS2_PLACEMENT_3D('',#2094,#1708,#1709);
#1469=AXIS2_PLACEMENT_3D('',#2095,#1710,#1711);
#1470=AXIS2_PLACEMENT_3D('',#2098,#1713,#1714);
#1471=AXIS2_PLACEMENT_3D('',#2099,#1715,#1716);
#1472=AXIS2_PLACEMENT_3D('',#2100,#1717,#1718);
#1473=AXIS2_PLACEMENT_3D('',#2103,#1720,#1721);
#1474=AXIS2_PLACEMENT_3D('',#2104,#1722,#1723);
#1475=AXIS2_PLACEMENT_3D('',#2105,#1724,#1725);
#1476=AXIS2_PLACEMENT_3D('',#2108,#1727,#1728);
#1477=AXIS2_PLACEMENT_3D('',#2109,#1729,#1730);
#1478=AXIS2_PLACEMENT_3D('',#2110,#1731,#1732);
#1479=AXIS2_PLACEMENT_3D('',#2113,#1734,#1735);
#1480=AXIS2_PLACEMENT_3D('',#2114,#1736,#1737);
#1481=AXIS2_PLACEMENT_3D('',#2115,#1738,#1739);
#1482=AXIS2_PLACEMENT_3D('',#2118,#1741,#1742);
#1483=AXIS2_PLACEMENT_3D('',#2119,#1743,#1744);
#1484=AXIS2_PLACEMENT_3D('',#2120,#1745,#1746);
#1485=AXIS2_PLACEMENT_3D('',#2123,#1748,#1749);
#1486=AXIS2_PLACEMENT_3D('',#2124,#1750,#1751);
#1487=AXIS2_PLACEMENT_3D('',#2125,#1752,#1753);
#1488=AXIS2_PLACEMENT_3D('',#2128,#1755,#1756);
#1489=AXIS2_PLACEMENT_3D('',#2129,#1757,#1758);
#1490=AXIS2_PLACEMENT_3D('',#2130,#1759,#1760);
#1491=AXIS2_PLACEMENT_3D('',#2133,#1762,#1763);
#1492=AXIS2_PLACEMENT_3D('',#2134,#1764,#1765);
#1493=AXIS2_PLACEMENT_3D('',#2135,#1766,#1767);
#1494=AXIS2_PLACEMENT_3D('',#2137,#1768,#1769);
#1495=AXIS2_PLACEMENT_3D('',#2140,#1771,#1772);
#1496=AXIS2_PLACEMENT_3D('',#2141,#1773,#1774);
#1497=AXIS2_PLACEMENT_3D('',#2142,#1775,#1776);
#1498=AXIS2_PLACEMENT_3D('',#2144,#1777,#1778);
#1499=AXIS2_PLACEMENT_3D('',#2147,#1780,#1781);
#1500=AXIS2_PLACEMENT_3D('',#2148,#1782,#1783);
#1501=AXIS2_PLACEMENT_3D('',#2149,#1784,#1785);
#1502=AXIS2_PLACEMENT_3D('',#2195,#1809,#1810);
#1503=AXIS2_PLACEMENT_3D('',#2206,#1817,#1818);
#1504=AXIS2_PLACEMENT_3D('',#2208,#1820,#1821);
#1505=AXIS2_PLACEMENT_3D('',#2210,#1823,#1824);
#1506=AXIS2_PLACEMENT_3D('',#2211,#1825,#1826);
#1507=AXIS2_PLACEMENT_3D('',#2217,#1830,#1831);
#1508=AXIS2_PLACEMENT_3D('',#2221,#1834,#1835);
#1509=AXIS2_PLACEMENT_3D('',#2227,#1839,#1840);
#1510=AXIS2_PLACEMENT_3D('',#2231,#1843,#1844);
#1511=AXIS2_PLACEMENT_3D('',#2237,#1848,#1849);
#1512=AXIS2_PLACEMENT_3D('',#2241,#1852,#1853);
#1513=AXIS2_PLACEMENT_3D('',#2247,#1857,#1858);
#1514=AXIS2_PLACEMENT_3D('',#2251,#1861,#1862);
#1515=AXIS2_PLACEMENT_3D('',#2257,#1866,#1867);
#1516=AXIS2_PLACEMENT_3D('',#2261,#1870,#1871);
#1517=AXIS2_PLACEMENT_3D('',#2265,#1874,#1875);
#1518=AXIS2_PLACEMENT_3D('',#2269,#1878,#1879);
#1519=AXIS2_PLACEMENT_3D('',#2271,#1881,#1882);
#1520=AXIS2_PLACEMENT_3D('',#2275,#1885,#1886);
#1521=AXIS2_PLACEMENT_3D('',#2277,#1888,#1889);
#1522=AXIS2_PLACEMENT_3D('',#2281,#1892,#1893);
#1523=AXIS2_PLACEMENT_3D('',#2283,#1895,#1896);
#1524=AXIS2_PLACEMENT_3D('',#2287,#1899,#1900);
#1525=AXIS2_PLACEMENT_3D('',#2289,#1902,#1903);
#1526=AXIS2_PLACEMENT_3D('',#2293,#1906,#1907);
#1527=AXIS2_PLACEMENT_3D('',#2295,#1909,#1910);
#1528=AXIS2_PLACEMENT_3D('',#2299,#1913,#1914);
#1529=AXIS2_PLACEMENT_3D('',#2301,#1916,#1917);
#1530=AXIS2_PLACEMENT_3D('',#2310,#1922,#1923);
#1531=AXIS2_PLACEMENT_3D('',#2316,#1927,#1928);
#1532=AXIS2_PLACEMENT_3D('',#2320,#1931,#1932);
#1533=AXIS2_PLACEMENT_3D('',#2324,#1935,#1936);
#1534=AXIS2_PLACEMENT_3D('',#2326,#1938,#1939);
#1535=AXIS2_PLACEMENT_3D('',#2327,#1940,#1941);
#1536=AXIS2_PLACEMENT_3D('',#2328,#1942,#1943);
#1537=DIRECTION('axis',(0.,0.,1.));
#1538=DIRECTION('refdir',(1.,0.,0.));
#1539=DIRECTION('axis',(0.,0.,1.));
#1540=DIRECTION('refdir',(1.,0.,0.));
#1541=DIRECTION('axis',(0.,0.,1.));
#1542=DIRECTION('refdir',(1.,0.,0.));
#1543=DIRECTION('center_axis',(0.,0.,1.));
#1544=DIRECTION('ref_axis',(1.,0.,0.));
#1545=DIRECTION('center_axis',(0.,0.,1.));
#1546=DIRECTION('ref_axis',(1.,0.,0.));
#1547=DIRECTION('',(0.,0.,1.));
#1548=DIRECTION('center_axis',(0.,0.,1.));
#1549=DIRECTION('ref_axis',(1.,0.,0.));
#1550=DIRECTION('center_axis',(0.,0.,-1.));
#1551=DIRECTION('ref_axis',(1.,0.,0.));
#1552=DIRECTION('center_axis',(0.,0.,1.));
#1553=DIRECTION('ref_axis',(1.,0.,0.));
#1554=DIRECTION('center_axis',(0.,0.,1.));
#1555=DIRECTION('ref_axis',(1.,0.,0.));
#1556=DIRECTION('',(0.,0.,1.));
#1557=DIRECTION('center_axis',(0.,0.,1.));
#1558=DIRECTION('ref_axis',(1.,0.,0.));
#1559=DIRECTION('center_axis',(0.,0.,-1.));
#1560=DIRECTION('ref_axis',(1.,0.,0.));
#1561=DIRECTION('center_axis',(0.,0.,1.));
#1562=DIRECTION('ref_axis',(1.,0.,0.));
#1563=DIRECTION('center_axis',(0.,0.,1.));
#1564=DIRECTION('ref_axis',(1.,0.,0.));
#1565=DIRECTION('',(0.,0.,1.));
#1566=DIRECTION('center_axis',(0.,0.,1.));
#1567=DIRECTION('ref_axis',(1.,0.,0.));
#1568=DIRECTION('center_axis',(0.,0.,-1.));
#1569=DIRECTION('ref_axis',(1.,0.,0.));
#1570=DIRECTION('center_axis',(0.,0.,1.));
#1571=DIRECTION('ref_axis',(1.,0.,0.));
#1572=DIRECTION('center_axis',(0.,0.,1.));
#1573=DIRECTION('ref_axis',(1.,0.,0.));
#1574=DIRECTION('',(0.,0.,1.));
#1575=DIRECTION('center_axis',(0.,0.,1.));
#1576=DIRECTION('ref_axis',(1.,0.,0.));
#1577=DIRECTION('center_axis',(0.,0.,-1.));
#1578=DIRECTION('ref_axis',(1.,0.,0.));
#1579=DIRECTION('center_axis',(0.,0.,1.));
#1580=DIRECTION('ref_axis',(1.,0.,0.));
#1581=DIRECTION('center_axis',(0.,0.,1.));
#1582=DIRECTION('ref_axis',(1.,0.,0.));
#1583=DIRECTION('',(0.,0.,1.));
#1584=DIRECTION('center_axis',(0.,0.,1.));
#1585=DIRECTION('ref_axis',(1.,0.,0.));
#1586=DIRECTION('center_axis',(0.,0.,-1.));
#1587=DIRECTION('ref_axis',(1.,0.,0.));
#1588=DIRECTION('center_axis',(0.,0.,-1.));
#1589=DIRECTION('ref_axis',(1.,0.,0.));
#1590=DIRECTION('',(-1.,-5.26422409407486E-16,0.));
#1591=DIRECTION('center_axis',(0.,0.,1.));
#1592=DIRECTION('ref_axis',(1.,0.,0.));
#1593=DIRECTION('center_axis',(0.,0.,1.));
#1594=DIRECTION('ref_axis',(1.,0.,0.));
#1595=DIRECTION('',(0.,0.,1.));
#1596=DIRECTION('center_axis',(0.,0.,1.));
#1597=DIRECTION('ref_axis',(1.,0.,0.));
#1598=DIRECTION('',(0.,0.,-1.));
#1599=DIRECTION('center_axis',(0.,0.,-1.));
#1600=DIRECTION('ref_axis',(1.,0.,0.));
#1601=DIRECTION('',(-1.,-5.26422409407486E-16,0.));
#1602=DIRECTION('center_axis',(0.,0.,1.));
#1603=DIRECTION('ref_axis',(1.,0.,0.));
#1604=DIRECTION('center_axis',(0.,0.,1.));
#1605=DIRECTION('ref_axis',(1.,0.,0.));
#1606=DIRECTION('',(0.,0.,1.));
#1607=DIRECTION('center_axis',(0.,0.,1.));
#1608=DIRECTION('ref_axis',(1.,0.,0.));
#1609=DIRECTION('',(0.,0.,-1.));
#1610=DIRECTION('center_axis',(0.,0.,1.));
#1611=DIRECTION('ref_axis',(1.,0.,0.));
#1612=DIRECTION('center_axis',(0.,0.,1.));
#1613=DIRECTION('ref_axis',(1.,0.,0.));
#1614=DIRECTION('',(0.,0.,1.));
#1615=DIRECTION('center_axis',(0.,0.,1.));
#1616=DIRECTION('ref_axis',(1.,0.,0.));
#1617=DIRECTION('center_axis',(0.,0.,-1.));
#1618=DIRECTION('ref_axis',(1.,0.,0.));
#1619=DIRECTION('center_axis',(0.,0.,1.));
#1620=DIRECTION('ref_axis',(1.,0.,0.));
#1621=DIRECTION('center_axis',(0.,0.,1.));
#1622=DIRECTION('ref_axis',(1.,0.,0.));
#1623=DIRECTION('',(0.,0.,1.));
#1624=DIRECTION('center_axis',(0.,0.,1.));
#1625=DIRECTION('ref_axis',(1.,0.,0.));
#1626=DIRECTION('center_axis',(0.,0.,-1.));
#1627=DIRECTION('ref_axis',(1.,0.,0.));
#1628=DIRECTION('center_axis',(-5.26422409407486E-16,1.,0.));
#1629=DIRECTION('ref_axis',(0.,0.,1.));
#1630=DIRECTION('',(-1.,-5.26422409407486E-16,0.));
#1631=DIRECTION('',(0.,0.,1.));
#1632=DIRECTION('',(-1.,-5.26422409407486E-16,0.));
#1633=DIRECTION('',(0.,0.,1.));
#1634=DIRECTION('',(-1.,-5.26422409407486E-16,0.));
#1635=DIRECTION('',(-1.,-5.26422409407486E-16,0.));
#1636=DIRECTION('',(0.,0.,-1.));
#1637=DIRECTION('',(1.,5.26422409407486E-16,0.));
#1638=DIRECTION('',(0.,0.,-1.));
#1639=DIRECTION('',(-1.,-5.26422409407486E-16,0.));
#1640=DIRECTION('center_axis',(5.26422409407486E-16,-1.,0.));
#1641=DIRECTION('ref_axis',(-1.,0.,0.));
#1642=DIRECTION('center_axis',(5.26422409407486E-16,-1.,0.));
#1643=DIRECTION('ref_axis',(-1.,0.,0.));
#1644=DIRECTION('center_axis',(5.26422409407486E-16,-1.,0.));
#1645=DIRECTION('ref_axis',(-1.,0.,0.));
#1646=DIRECTION('center_axis',(5.26422409407486E-16,-1.,0.));
#1647=DIRECTION('ref_axis',(-1.,0.,0.));
#1648=DIRECTION('center_axis',(5.26422409407486E-16,-1.,0.));
#1649=DIRECTION('ref_axis',(-1.,0.,0.));
#1650=DIRECTION('center_axis',(5.26422409407486E-16,-1.,0.));
#1651=DIRECTION('ref_axis',(-1.,0.,0.));
#1652=DIRECTION('center_axis',(5.26422409407486E-16,-1.,0.));
#1653=DIRECTION('ref_axis',(-1.,0.,0.));
#1654=DIRECTION('center_axis',(5.26422409407486E-16,-1.,0.));
#1655=DIRECTION('ref_axis',(-1.,0.,0.));
#1656=DIRECTION('center_axis',(5.26422409407486E-16,-1.,0.));
#1657=DIRECTION('ref_axis',(-1.,0.,0.));
#1658=DIRECTION('center_axis',(5.26422409407486E-16,-1.,0.));
#1659=DIRECTION('ref_axis',(-1.,0.,0.));
#1660=DIRECTION('center_axis',(5.26422409407486E-16,-1.,0.));
#1661=DIRECTION('ref_axis',(-1.,0.,0.));
#1662=DIRECTION('center_axis',(5.26422409407486E-16,-1.,0.));
#1663=DIRECTION('ref_axis',(-1.,0.,0.));
#1664=DIRECTION('center_axis',(5.26422409407486E-16,-1.,0.));
#1665=DIRECTION('ref_axis',(-1.,0.,0.));
#1666=DIRECTION('center_axis',(5.26422409407486E-16,-1.,0.));
#1667=DIRECTION('ref_axis',(-1.,0.,0.));
#1668=DIRECTION('center_axis',(0.,-1.,0.));
#1669=DIRECTION('ref_axis',(-1.,0.,0.));
#1670=DIRECTION('',(0.,-1.,0.));
#1671=DIRECTION('center_axis',(5.26422409407486E-16,-1.,0.));
#1672=DIRECTION('ref_axis',(-1.,-5.26422409407486E-16,0.));
#1673=DIRECTION('center_axis',(-5.26422409407486E-16,1.,0.));
#1674=DIRECTION('ref_axis',(-1.,-5.26422409407486E-16,0.));
#1675=DIRECTION('center_axis',(0.,-1.,0.));
#1676=DIRECTION('ref_axis',(-1.,0.,0.));
#1677=DIRECTION('',(0.,-1.,0.));
#1678=DIRECTION('center_axis',(5.26422409407486E-16,-1.,0.));
#1679=DIRECTION('ref_axis',(-1.,-5.26422409407486E-16,0.));
#1680=DIRECTION('center_axis',(-5.26422409407486E-16,1.,0.));
#1681=DIRECTION('ref_axis',(-1.,-5.26422409407486E-16,0.));
#1682=DIRECTION('center_axis',(0.,-1.,0.));
#1683=DIRECTION('ref_axis',(-1.,0.,0.));
#1684=DIRECTION('',(0.,-1.,0.));
#1685=DIRECTION('center_axis',(5.26422409407486E-16,-1.,0.));
#1686=DIRECTION('ref_axis',(-1.,-5.26422409407486E-16,0.));
#1687=DIRECTION('center_axis',(-5.26422409407486E-16,1.,0.));
#1688=DIRECTION('ref_axis',(-1.,-5.26422409407486E-16,0.));
#1689=DIRECTION('center_axis',(0.,-1.,0.));
#1690=DIRECTION('ref_axis',(-1.,0.,0.));
#1691=DIRECTION('',(0.,-1.,0.));
#1692=DIRECTION('center_axis',(5.26422409407486E-16,-1.,0.));
#1693=DIRECTION('ref_axis',(-1.,-5.26422409407486E-16,0.));
#1694=DIRECTION('center_axis',(-5.26422409407486E-16,1.,0.));
#1695=DIRECTION('ref_axis',(-1.,-5.26422409407486E-16,0.));
#1696=DIRECTION('center_axis',(0.,-1.,0.));
#1697=DIRECTION('ref_axis',(-1.,0.,0.));
#1698=DIRECTION('',(0.,-1.,0.));
#1699=DIRECTION('center_axis',(5.26422409407486E-16,-1.,0.));
#1700=DIRECTION('ref_axis',(-1.,-5.26422409407486E-16,0.));
#1701=DIRECTION('center_axis',(-5.26422409407486E-16,1.,0.));
#1702=DIRECTION('ref_axis',(-1.,-5.26422409407486E-16,0.));
#1703=DIRECTION('center_axis',(0.,-1.,0.));
#1704=DIRECTION('ref_axis',(-1.,0.,0.));
#1705=DIRECTION('',(0.,-1.,0.));
#1706=DIRECTION('center_axis',(5.26422409407486E-16,-1.,0.));
#1707=DIRECTION('ref_axis',(-1.,-5.26422409407486E-16,0.));
#1708=DIRECTION('center_axis',(-5.26422409407486E-16,1.,0.));
#1709=DIRECTION('ref_axis',(-1.,-5.26422409407486E-16,0.));
#1710=DIRECTION('center_axis',(0.,-1.,0.));
#1711=DIRECTION('ref_axis',(-1.,0.,0.));
#1712=DIRECTION('',(0.,-1.,0.));
#1713=DIRECTION('center_axis',(5.26422409407486E-16,-1.,0.));
#1714=DIRECTION('ref_axis',(-1.,-5.26422409407486E-16,0.));
#1715=DIRECTION('center_axis',(-5.26422409407486E-16,1.,0.));
#1716=DIRECTION('ref_axis',(-1.,-5.26422409407486E-16,0.));
#1717=DIRECTION('center_axis',(0.,-1.,0.));
#1718=DIRECTION('ref_axis',(-1.,0.,0.));
#1719=DIRECTION('',(0.,-1.,0.));
#1720=DIRECTION('center_axis',(5.26422409407486E-16,-1.,0.));
#1721=DIRECTION('ref_axis',(-1.,-5.26422409407486E-16,0.));
#1722=DIRECTION('center_axis',(-5.26422409407486E-16,1.,0.));
#1723=DIRECTION('ref_axis',(-1.,-5.26422409407486E-16,0.));
#1724=DIRECTION('center_axis',(0.,-1.,0.));
#1725=DIRECTION('ref_axis',(-1.,0.,0.));
#1726=DIRECTION('',(0.,-1.,0.));
#1727=DIRECTION('center_axis',(5.26422409407486E-16,-1.,0.));
#1728=DIRECTION('ref_axis',(-1.,-5.26422409407486E-16,0.));
#1729=DIRECTION('center_axis',(-5.26422409407486E-16,1.,0.));
#1730=DIRECTION('ref_axis',(-1.,-5.26422409407486E-16,0.));
#1731=DIRECTION('center_axis',(0.,-1.,0.));
#1732=DIRECTION('ref_axis',(-1.,0.,0.));
#1733=DIRECTION('',(0.,-1.,0.));
#1734=DIRECTION('center_axis',(5.26422409407486E-16,-1.,0.));
#1735=DIRECTION('ref_axis',(-1.,-5.26422409407486E-16,0.));
#1736=DIRECTION('center_axis',(-5.26422409407486E-16,1.,0.));
#1737=DIRECTION('ref_axis',(-1.,-5.26422409407486E-16,0.));
#1738=DIRECTION('center_axis',(0.,-1.,0.));
#1739=DIRECTION('ref_axis',(-1.,0.,0.));
#1740=DIRECTION('',(0.,-1.,0.));
#1741=DIRECTION('center_axis',(5.26422409407486E-16,-1.,0.));
#1742=DIRECTION('ref_axis',(-1.,-5.26422409407486E-16,0.));
#1743=DIRECTION('center_axis',(-5.26422409407486E-16,1.,0.));
#1744=DIRECTION('ref_axis',(-1.,-5.26422409407486E-16,0.));
#1745=DIRECTION('center_axis',(0.,-1.,0.));
#1746=DIRECTION('ref_axis',(-1.,0.,0.));
#1747=DIRECTION('',(0.,-1.,0.));
#1748=DIRECTION('center_axis',(5.26422409407486E-16,-1.,0.));
#1749=DIRECTION('ref_axis',(-1.,-5.26422409407486E-16,0.));
#1750=DIRECTION('center_axis',(-5.26422409407486E-16,1.,0.));
#1751=DIRECTION('ref_axis',(-1.,-5.26422409407486E-16,0.));
#1752=DIRECTION('center_axis',(0.,-1.,0.));
#1753=DIRECTION('ref_axis',(-1.,0.,0.));
#1754=DIRECTION('',(0.,-1.,0.));
#1755=DIRECTION('center_axis',(5.26422409407486E-16,-1.,0.));
#1756=DIRECTION('ref_axis',(-1.,-5.26422409407486E-16,0.));
#1757=DIRECTION('center_axis',(-5.26422409407486E-16,1.,0.));
#1758=DIRECTION('ref_axis',(-1.,-5.26422409407486E-16,0.));
#1759=DIRECTION('center_axis',(0.,-1.,0.));
#1760=DIRECTION('ref_axis',(-1.,0.,0.));
#1761=DIRECTION('',(0.,-1.,0.));
#1762=DIRECTION('center_axis',(5.26422409407486E-16,-1.,0.));
#1763=DIRECTION('ref_axis',(-1.,-5.26422409407486E-16,0.));
#1764=DIRECTION('center_axis',(-5.26422409407486E-16,1.,0.));
#1765=DIRECTION('ref_axis',(-1.,-5.26422409407486E-16,0.));
#1766=DIRECTION('center_axis',(0.,0.,-1.));
#1767=DIRECTION('ref_axis',(-1.,0.,0.));
#1768=DIRECTION('center_axis',(0.,0.,-1.));
#1769=DIRECTION('ref_axis',(-1.,0.,0.));
#1770=DIRECTION('',(0.,0.,-1.));
#1771=DIRECTION('center_axis',(0.,0.,-1.));
#1772=DIRECTION('ref_axis',(-1.,0.,0.));
#1773=DIRECTION('center_axis',(0.,0.,1.));
#1774=DIRECTION('ref_axis',(-1.,0.,0.));
#1775=DIRECTION('center_axis',(0.,0.,-1.));
#1776=DIRECTION('ref_axis',(-1.,0.,0.));
#1777=DIRECTION('center_axis',(0.,0.,-1.));
#1778=DIRECTION('ref_axis',(-1.,0.,0.));
#1779=DIRECTION('',(0.,0.,-1.));
#1780=DIRECTION('center_axis',(0.,0.,-1.));
#1781=DIRECTION('ref_axis',(-1.,0.,0.));
#1782=DIRECTION('center_axis',(0.,0.,1.));
#1783=DIRECTION('ref_axis',(-1.,0.,0.));
#1784=DIRECTION('center_axis',(0.,0.,-1.));
#1785=DIRECTION('ref_axis',(1.,0.,0.));
#1786=DIRECTION('',(-0.5,0.866025403784439,0.));
#1787=DIRECTION('',(-1.,-1.53837014910685E-16,0.));
#1788=DIRECTION('',(-0.5,-0.866025403784439,0.));
#1789=DIRECTION('',(-1.,0.,0.));
#1790=DIRECTION('',(0.,1.,0.));
#1791=DIRECTION('',(1.,0.,0.));
#1792=DIRECTION('',(0.,-1.,0.));
#1793=DIRECTION('',(-1.,0.,0.));
#1794=DIRECTION('',(0.,1.,0.));
#1795=DIRECTION('',(1.,0.,0.));
#1796=DIRECTION('',(0.,-1.,0.));
#1797=DIRECTION('',(-1.,0.,0.));
#1798=DIRECTION('',(0.,1.,0.));
#1799=DIRECTION('',(1.,0.,0.));
#1800=DIRECTION('',(0.,-1.,0.));
#1801=DIRECTION('',(-1.,0.,0.));
#1802=DIRECTION('',(0.,1.,0.));
#1803=DIRECTION('',(1.,0.,0.));
#1804=DIRECTION('',(0.,-1.,0.));
#1805=DIRECTION('',(-1.,0.,0.));
#1806=DIRECTION('',(0.,1.,0.));
#1807=DIRECTION('',(1.,0.,0.));
#1808=DIRECTION('',(0.,-1.,0.));
#1809=DIRECTION('center_axis',(0.,0.,-1.));
#1810=DIRECTION('ref_axis',(-1.,0.,0.));
#1811=DIRECTION('',(-0.5,-0.866025403784439,0.));
#1812=DIRECTION('',(-1.,-1.53837014910685E-16,0.));
#1813=DIRECTION('',(-0.5,0.866025403784439,0.));
#1814=DIRECTION('',(0.5,-0.866025403784439,0.));
#1815=DIRECTION('',(1.,1.53837014910685E-16,0.));
#1816=DIRECTION('',(0.5,0.866025403784439,0.));
#1817=DIRECTION('center_axis',(0.866025403784439,-0.5,0.));
#1818=DIRECTION('ref_axis',(-0.5,-0.866025403784439,0.));
#1819=DIRECTION('',(0.,0.,-1.));
#1820=DIRECTION('center_axis',(1.53837014910685E-16,-1.,0.));
#1821=DIRECTION('ref_axis',(-1.,-1.53837014910685E-16,0.));
#1822=DIRECTION('',(0.,0.,-1.));
#1823=DIRECTION('center_axis',(-0.866025403784439,-0.5,0.));
#1824=DIRECTION('ref_axis',(-0.5,0.866025403784439,0.));
#1825=DIRECTION('center_axis',(0.,-1.,0.));
#1826=DIRECTION('ref_axis',(-1.,0.,0.));
#1827=DIRECTION('',(1.,0.,0.));
#1828=DIRECTION('',(0.,0.,-1.));
#1829=DIRECTION('',(0.,0.,-1.));
#1830=DIRECTION('center_axis',(1.,0.,0.));
#1831=DIRECTION('ref_axis',(0.,-1.,0.));
#1832=DIRECTION('',(0.,1.,0.));
#1833=DIRECTION('',(0.,0.,-1.));
#1834=DIRECTION('center_axis',(0.,-1.,0.));
#1835=DIRECTION('ref_axis',(-1.,0.,0.));
#1836=DIRECTION('',(1.,0.,0.));
#1837=DIRECTION('',(0.,0.,-1.));
#1838=DIRECTION('',(0.,0.,-1.));
#1839=DIRECTION('center_axis',(1.,0.,0.));
#1840=DIRECTION('ref_axis',(0.,-1.,0.));
#1841=DIRECTION('',(0.,1.,0.));
#1842=DIRECTION('',(0.,0.,-1.));
#1843=DIRECTION('center_axis',(0.,-1.,0.));
#1844=DIRECTION('ref_axis',(-1.,0.,0.));
#1845=DIRECTION('',(1.,0.,0.));
#1846=DIRECTION('',(0.,0.,-1.));
#1847=DIRECTION('',(0.,0.,-1.));
#1848=DIRECTION('center_axis',(1.,0.,0.));
#1849=DIRECTION('ref_axis',(0.,-1.,0.));
#1850=DIRECTION('',(0.,1.,0.));
#1851=DIRECTION('',(0.,0.,-1.));
#1852=DIRECTION('center_axis',(0.,-1.,0.));
#1853=DIRECTION('ref_axis',(-1.,0.,0.));
#1854=DIRECTION('',(1.,0.,0.));
#1855=DIRECTION('',(0.,0.,-1.));
#1856=DIRECTION('',(0.,0.,-1.));
#1857=DIRECTION('center_axis',(1.,0.,0.));
#1858=DIRECTION('ref_axis',(0.,-1.,0.));
#1859=DIRECTION('',(0.,1.,0.));
#1860=DIRECTION('',(0.,0.,-1.));
#1861=DIRECTION('center_axis',(0.,-1.,0.));
#1862=DIRECTION('ref_axis',(-1.,0.,0.));
#1863=DIRECTION('',(1.,0.,0.));
#1864=DIRECTION('',(0.,0.,-1.));
#1865=DIRECTION('',(0.,0.,-1.));
#1866=DIRECTION('center_axis',(1.,0.,0.));
#1867=DIRECTION('ref_axis',(0.,-1.,0.));
#1868=DIRECTION('',(0.,1.,0.));
#1869=DIRECTION('',(0.,0.,-1.));
#1870=DIRECTION('center_axis',(0.866025403784439,-0.5,0.));
#1871=DIRECTION('ref_axis',(-0.5,-0.866025403784439,0.));
#1872=DIRECTION('',(0.5,0.866025403784439,0.));
#1873=DIRECTION('',(0.,0.,1.));
#1874=DIRECTION('center_axis',(1.53837014910685E-16,-1.,0.));
#1875=DIRECTION('ref_axis',(-1.,-1.53837014910685E-16,0.));
#1876=DIRECTION('',(1.,1.53837014910685E-16,0.));
#1877=DIRECTION('',(0.,0.,1.));
#1878=DIRECTION('center_axis',(-0.866025403784439,-0.5,0.));
#1879=DIRECTION('ref_axis',(-0.5,0.866025403784439,0.));
#1880=DIRECTION('',(0.5,-0.866025403784439,0.));
#1881=DIRECTION('center_axis',(0.,1.,0.));
#1882=DIRECTION('ref_axis',(1.,0.,0.));
#1883=DIRECTION('',(-1.,0.,0.));
#1884=DIRECTION('',(0.,0.,-1.));
#1885=DIRECTION('center_axis',(-1.,0.,0.));
#1886=DIRECTION('ref_axis',(0.,1.,0.));
#1887=DIRECTION('',(0.,-1.,0.));
#1888=DIRECTION('center_axis',(0.,1.,0.));
#1889=DIRECTION('ref_axis',(1.,0.,0.));
#1890=DIRECTION('',(-1.,0.,0.));
#1891=DIRECTION('',(0.,0.,-1.));
#1892=DIRECTION('center_axis',(-1.,0.,0.));
#1893=DIRECTION('ref_axis',(0.,1.,0.));
#1894=DIRECTION('',(0.,-1.,0.));
#1895=DIRECTION('center_axis',(0.,1.,0.));
#1896=DIRECTION('ref_axis',(1.,0.,0.));
#1897=DIRECTION('',(-1.,0.,0.));
#1898=DIRECTION('',(0.,0.,-1.));
#1899=DIRECTION('center_axis',(-1.,0.,0.));
#1900=DIRECTION('ref_axis',(0.,1.,0.));
#1901=DIRECTION('',(0.,-1.,0.));
#1902=DIRECTION('center_axis',(0.,1.,0.));
#1903=DIRECTION('ref_axis',(1.,0.,0.));
#1904=DIRECTION('',(-1.,0.,0.));
#1905=DIRECTION('',(0.,0.,-1.));
#1906=DIRECTION('center_axis',(-1.,0.,0.));
#1907=DIRECTION('ref_axis',(0.,1.,0.));
#1908=DIRECTION('',(0.,-1.,0.));
#1909=DIRECTION('center_axis',(0.,1.,0.));
#1910=DIRECTION('ref_axis',(1.,0.,0.));
#1911=DIRECTION('',(-1.,0.,0.));
#1912=DIRECTION('',(0.,0.,-1.));
#1913=DIRECTION('center_axis',(-1.,0.,0.));
#1914=DIRECTION('ref_axis',(0.,1.,0.));
#1915=DIRECTION('',(0.,-1.,0.));
#1916=DIRECTION('center_axis',(0.,0.,1.));
#1917=DIRECTION('ref_axis',(1.,0.,0.));
#1918=DIRECTION('',(-1.,0.,0.));
#1919=DIRECTION('',(0.,1.,0.));
#1920=DIRECTION('',(1.,0.,0.));
#1921=DIRECTION('',(0.,-1.,0.));
#1922=DIRECTION('center_axis',(-1.,0.,0.));
#1923=DIRECTION('ref_axis',(0.,-1.,0.));
#1924=DIRECTION('',(0.,1.,0.));
#1925=DIRECTION('',(0.,0.,1.));
#1926=DIRECTION('',(0.,0.,1.));
#1927=DIRECTION('center_axis',(0.,-1.,0.));
#1928=DIRECTION('ref_axis',(1.,0.,0.));
#1929=DIRECTION('',(-1.,0.,0.));
#1930=DIRECTION('',(0.,0.,1.));
#1931=DIRECTION('center_axis',(0.,1.,0.));
#1932=DIRECTION('ref_axis',(-1.,0.,0.));
#1933=DIRECTION('',(1.,0.,0.));
#1934=DIRECTION('',(0.,0.,1.));
#1935=DIRECTION('center_axis',(1.,0.,0.));
#1936=DIRECTION('ref_axis',(0.,1.,0.));
#1937=DIRECTION('',(0.,-1.,0.));
#1938=DIRECTION('center_axis',(0.,0.,-1.));
#1939=DIRECTION('ref_axis',(1.,0.,0.));
#1940=DIRECTION('',(0.,0.,1.));
#1941=DIRECTION('',(1.,0.,0.));
#1942=DIRECTION('',(0.,0.,1.));
#1943=DIRECTION('',(1.,0.,0.));
#1944=CARTESIAN_POINT('',(0.,0.,0.));
#1945=CARTESIAN_POINT('',(0.,0.,0.));
#1946=CARTESIAN_POINT('',(0.,0.,0.));
#1947=CARTESIAN_POINT('Origin',(-113.164372503151,-61.7653718043597,-215.));
#1948=CARTESIAN_POINT('',(-115.714372503151,-61.7653718043597,-215.));
#1949=CARTESIAN_POINT('Origin',(-113.164372503151,-61.7653718043597,-215.));
#1950=CARTESIAN_POINT('',(-115.714372503151,-61.7653718043597,-212.9));
#1951=CARTESIAN_POINT('',(-115.714372503151,-61.7653718043597,-215.));
#1952=CARTESIAN_POINT('Origin',(-113.164372503151,-61.7653718043597,-212.9));
#1953=CARTESIAN_POINT('Origin',(-113.164372503151,-61.7653718043597,-212.9));
#1954=CARTESIAN_POINT('Origin',(-40.8534620031766,-30.5884572681202,-215.));
#1955=CARTESIAN_POINT('',(-43.4034620031766,-30.5884572681202,-215.));
#1956=CARTESIAN_POINT('Origin',(-40.8534620031766,-30.5884572681202,-215.));
#1957=CARTESIAN_POINT('',(-43.4034620031766,-30.5884572681202,-212.9));
#1958=CARTESIAN_POINT('',(-43.4034620031766,-30.5884572681202,-215.));
#1959=CARTESIAN_POINT('Origin',(-40.8534620031766,-30.5884572681202,-212.9));
#1960=CARTESIAN_POINT('Origin',(-40.8534620031766,-30.5884572681202,-212.9));
#1961=CARTESIAN_POINT('Origin',(-49.8534620031767,-46.17691453624,-215.));
#1962=CARTESIAN_POINT('',(-52.4034620031767,-46.17691453624,-215.));
#1963=CARTESIAN_POINT('Origin',(-49.8534620031767,-46.17691453624,-215.));
#1964=CARTESIAN_POINT('',(-52.4034620031767,-46.17691453624,-212.9));
#1965=CARTESIAN_POINT('',(-52.4034620031767,-46.17691453624,-215.));
#1966=CARTESIAN_POINT('Origin',(-49.8534620031767,-46.17691453624,-212.9));
#1967=CARTESIAN_POINT('Origin',(-49.8534620031767,-46.17691453624,-212.9));
#1968=CARTESIAN_POINT('Origin',(-122.164372503151,-46.1769145362398,-215.));
#1969=CARTESIAN_POINT('',(-124.714372503151,-46.1769145362398,-215.));
#1970=CARTESIAN_POINT('Origin',(-122.164372503151,-46.1769145362398,-215.));
#1971=CARTESIAN_POINT('',(-124.714372503151,-46.1769145362398,-212.9));
#1972=CARTESIAN_POINT('',(-124.714372503151,-46.1769145362398,-215.));
#1973=CARTESIAN_POINT('Origin',(-122.164372503151,-46.1769145362398,-212.9));
#1974=CARTESIAN_POINT('Origin',(-122.164372503151,-46.1769145362398,-212.9));
#1975=CARTESIAN_POINT('Origin',(-86.0089172531638,-61.9000000000001,-215.));
#1976=CARTESIAN_POINT('',(-88.5589172531638,-61.9000000000001,-215.));
#1977=CARTESIAN_POINT('Origin',(-86.0089172531638,-61.9000000000001,-215.));
#1978=CARTESIAN_POINT('',(-88.5589172531638,-61.9000000000001,-212.9));
#1979=CARTESIAN_POINT('',(-88.5589172531638,-61.9000000000001,-215.));
#1980=CARTESIAN_POINT('Origin',(-86.0089172531638,-61.9000000000001,-212.9));
#1981=CARTESIAN_POINT('Origin',(-86.0089172531638,-61.9000000000001,-212.9));
#1982=CARTESIAN_POINT('Origin',(-31.8534620031765,-15.0000000000003,-212.9));
#1983=CARTESIAN_POINT('',(-29.3034620031765,-14.9999999999999,-212.9));
#1984=CARTESIAN_POINT('',(-34.4034620031765,-15.0000000000003,-212.9));
#1985=CARTESIAN_POINT('',(-58.9311896281701,-15.,-212.9));
#1986=CARTESIAN_POINT('Origin',(-31.8534620031765,-15.0000000000003,-212.9));
#1987=CARTESIAN_POINT('Origin',(-31.8534620031765,-15.0000000000003,-215.));
#1988=CARTESIAN_POINT('',(-29.3034620031765,-14.9999999999999,-215.));
#1989=CARTESIAN_POINT('',(-29.3034620031765,-14.9999999999999,-215.));
#1990=CARTESIAN_POINT('',(-34.4034620031765,-15.0000000000003,-215.));
#1991=CARTESIAN_POINT('Origin',(-31.8534620031765,-15.0000000000003,-215.));
#1992=CARTESIAN_POINT('',(-34.4034620031765,-15.,-215.));
#1993=CARTESIAN_POINT('Origin',(-140.164372503151,-15.,-212.9));
#1994=CARTESIAN_POINT('',(-137.614372503151,-15.,-212.9));
#1995=CARTESIAN_POINT('',(-142.714372503151,-15.,-212.9));
#1996=CARTESIAN_POINT('',(-113.086644878157,-15.,-212.9));
#1997=CARTESIAN_POINT('Origin',(-140.164372503151,-15.,-212.9));
#1998=CARTESIAN_POINT('Origin',(-140.164372503151,-15.,-215.));
#1999=CARTESIAN_POINT('',(-137.614372503151,-15.,-215.));
#2000=CARTESIAN_POINT('',(-137.614372503151,-15.,-215.));
#2001=CARTESIAN_POINT('',(-142.714372503151,-15.,-215.));
#2002=CARTESIAN_POINT('Origin',(-140.164372503151,-15.,-215.));
#2003=CARTESIAN_POINT('',(-142.714372503151,-15.,-215.));
#2004=CARTESIAN_POINT('Origin',(-58.8534620031768,-61.7653718043598,-215.));
#2005=CARTESIAN_POINT('',(-61.4034620031768,-61.7653718043598,-215.));
#2006=CARTESIAN_POINT('Origin',(-58.8534620031768,-61.7653718043598,-215.));
#2007=CARTESIAN_POINT('',(-61.4034620031768,-61.7653718043598,-212.9));
#2008=CARTESIAN_POINT('',(-61.4034620031768,-61.7653718043598,-215.));
#2009=CARTESIAN_POINT('Origin',(-58.8534620031768,-61.7653718043598,-212.9));
#2010=CARTESIAN_POINT('Origin',(-58.8534620031768,-61.7653718043598,-212.9));
#2011=CARTESIAN_POINT('Origin',(-131.164372503151,-30.5884572681199,-215.));
#2012=CARTESIAN_POINT('',(-133.714372503151,-30.5884572681199,-215.));
#2013=CARTESIAN_POINT('Origin',(-131.164372503151,-30.5884572681199,-215.));
#2014=CARTESIAN_POINT('',(-133.714372503151,-30.5884572681199,-212.9));
#2015=CARTESIAN_POINT('',(-133.714372503151,-30.5884572681199,-215.));
#2016=CARTESIAN_POINT('Origin',(-131.164372503151,-30.5884572681199,-212.9));
#2017=CARTESIAN_POINT('Origin',(-131.164372503151,-30.5884572681199,-212.9));
#2018=CARTESIAN_POINT('Origin',(-86.0089172531638,-15.,-130.));
#2019=CARTESIAN_POINT('',(-35.4330336721524,-15.,-215.));
#2020=CARTESIAN_POINT('',(-86.0089172531638,-15.,-215.));
#2021=CARTESIAN_POINT('',(-35.4330336721524,-15.,-51.2));
#2022=CARTESIAN_POINT('',(-35.4330336721525,-15.,-45.));
#2023=CARTESIAN_POINT('',(-136.584800834175,-15.,-51.2));
#2024=CARTESIAN_POINT('',(-86.0089172531638,-15.,-51.2));
#2025=CARTESIAN_POINT('',(-136.584800834175,-15.,-215.));
#2026=CARTESIAN_POINT('',(-136.584800834175,-15.,-45.));
#2027=CARTESIAN_POINT('',(-86.0089172531638,-15.,-215.));
#2028=CARTESIAN_POINT('',(-143.743944172126,-15.,-215.));
#2029=CARTESIAN_POINT('',(-86.0089172531638,-15.,-215.));
#2030=CARTESIAN_POINT('',(-143.743944172126,-15.,-45.));
#2031=CARTESIAN_POINT('',(-143.743944172126,-15.,-45.));
#2032=CARTESIAN_POINT('',(-28.2738903342011,-15.,-45.));
#2033=CARTESIAN_POINT('',(-86.0089172531638,-15.,-45.));
#2034=CARTESIAN_POINT('',(-28.2738903342011,-15.,-215.));
#2035=CARTESIAN_POINT('',(-28.2738903342011,-15.,-45.));
#2036=CARTESIAN_POINT('',(-86.0089172531638,-15.,-215.));
#2037=CARTESIAN_POINT('',(-107.031325132074,-15.,-48.1));
#2038=CARTESIAN_POINT('Origin',(-109.581325132073,-15.,-48.1));
#2039=CARTESIAN_POINT('',(-137.031325132073,-15.,-104.766666666667));
#2040=CARTESIAN_POINT('Origin',(-139.581325132073,-15.,-104.766666666667));
#2041=CARTESIAN_POINT('',(-29.886509374254,-14.9999999999999,-48.1));
#2042=CARTESIAN_POINT('Origin',(-32.436509374254,-15.,-48.1));
#2043=CARTESIAN_POINT('',(-29.886509374254,-14.9999999999999,-161.433333333333));
#2044=CARTESIAN_POINT('Origin',(-32.436509374254,-15.,-161.433333333333));
#2045=CARTESIAN_POINT('',(-29.886509374254,-14.9999999999999,-189.766666666667));
#2046=CARTESIAN_POINT('Origin',(-32.436509374254,-15.,-189.766666666667));
#2047=CARTESIAN_POINT('',(-59.886509374254,-15.,-48.1));
#2048=CARTESIAN_POINT('Origin',(-62.436509374254,-15.,-48.1));
#2049=CARTESIAN_POINT('',(-137.031325132073,-15.,-133.1));
#2050=CARTESIAN_POINT('Origin',(-139.581325132073,-15.,-133.1));
#2051=CARTESIAN_POINT('',(-137.031325132073,-15.,-189.766666666667));
#2052=CARTESIAN_POINT('Origin',(-139.581325132073,-15.,-189.766666666667));
#2053=CARTESIAN_POINT('',(-137.031325132073,-15.,-76.4333333333333));
#2054=CARTESIAN_POINT('Origin',(-139.581325132073,-15.,-76.4333333333333));
#2055=CARTESIAN_POINT('',(-29.886509374254,-14.9999999999999,-76.4333333333333));
#2056=CARTESIAN_POINT('Origin',(-32.436509374254,-15.,-76.4333333333333));
#2057=CARTESIAN_POINT('',(-29.886509374254,-14.9999999999999,-133.1));
#2058=CARTESIAN_POINT('Origin',(-32.436509374254,-15.,-133.1));
#2059=CARTESIAN_POINT('',(-29.886509374254,-14.9999999999999,-104.766666666667));
#2060=CARTESIAN_POINT('Origin',(-32.436509374254,-15.,-104.766666666667));
#2061=CARTESIAN_POINT('',(-137.031325132073,-15.,-48.1));
#2062=CARTESIAN_POINT('Origin',(-139.581325132073,-15.,-48.1));
#2063=CARTESIAN_POINT('',(-137.031325132073,-15.,-161.433333333333));
#2064=CARTESIAN_POINT('Origin',(-139.581325132073,-15.,-161.433333333333));
#2065=CARTESIAN_POINT('Origin',(-139.581325132073,-15.,-161.433333333333));
#2066=CARTESIAN_POINT('',(-137.031325132073,-17.1,-161.433333333333));
#2067=CARTESIAN_POINT('',(-137.031325132073,-15.,-161.433333333333));
#2068=CARTESIAN_POINT('Origin',(-139.581325132073,-17.1,-161.433333333333));
#2069=CARTESIAN_POINT('Origin',(-139.581325132073,-17.1,-161.433333333333));
#2070=CARTESIAN_POINT('Origin',(-139.581325132073,-15.,-48.1));
#2071=CARTESIAN_POINT('',(-137.031325132073,-17.1,-48.1));
#2072=CARTESIAN_POINT('',(-137.031325132073,-15.,-48.1));
#2073=CARTESIAN_POINT('Origin',(-139.581325132073,-17.1,-48.1));
#2074=CARTESIAN_POINT('Origin',(-139.581325132073,-17.1,-48.1));
#2075=CARTESIAN_POINT('Origin',(-32.436509374254,-15.,-104.766666666667));
#2076=CARTESIAN_POINT('',(-29.886509374254,-17.0999999999999,-104.766666666667));
#2077=CARTESIAN_POINT('',(-29.886509374254,-15.,-104.766666666667));
#2078=CARTESIAN_POINT('Origin',(-32.436509374254,-17.1,-104.766666666667));
#2079=CARTESIAN_POINT('Origin',(-32.436509374254,-17.1,-104.766666666667));
#2080=CARTESIAN_POINT('Origin',(-32.436509374254,-15.,-133.1));
#2081=CARTESIAN_POINT('',(-29.886509374254,-17.0999999999999,-133.1));
#2082=CARTESIAN_POINT('',(-29.886509374254,-15.,-133.1));
#2083=CARTESIAN_POINT('Origin',(-32.436509374254,-17.1,-133.1));
#2084=CARTESIAN_POINT('Origin',(-32.436509374254,-17.1,-133.1));
#2085=CARTESIAN_POINT('Origin',(-32.436509374254,-15.,-76.4333333333333));
#2086=CARTESIAN_POINT('',(-29.886509374254,-17.0999999999999,-76.4333333333333));
#2087=CARTESIAN_POINT('',(-29.886509374254,-15.,-76.4333333333333));
#2088=CARTESIAN_POINT('Origin',(-32.436509374254,-17.1,-76.4333333333333));
#2089=CARTESIAN_POINT('Origin',(-32.436509374254,-17.1,-76.4333333333333));
#2090=CARTESIAN_POINT('Origin',(-139.581325132073,-15.,-76.4333333333333));
#2091=CARTESIAN_POINT('',(-137.031325132073,-17.1,-76.4333333333333));
#2092=CARTESIAN_POINT('',(-137.031325132073,-15.,-76.4333333333333));
#2093=CARTESIAN_POINT('Origin',(-139.581325132073,-17.1,-76.4333333333333));
#2094=CARTESIAN_POINT('Origin',(-139.581325132073,-17.1,-76.4333333333333));
#2095=CARTESIAN_POINT('Origin',(-139.581325132073,-15.,-189.766666666667));
#2096=CARTESIAN_POINT('',(-137.031325132073,-17.1,-189.766666666667));
#2097=CARTESIAN_POINT('',(-137.031325132073,-15.,-189.766666666667));
#2098=CARTESIAN_POINT('Origin',(-139.581325132073,-17.1,-189.766666666667));
#2099=CARTESIAN_POINT('Origin',(-139.581325132073,-17.1,-189.766666666667));
#2100=CARTESIAN_POINT('Origin',(-139.581325132073,-15.,-133.1));
#2101=CARTESIAN_POINT('',(-137.031325132073,-17.1,-133.1));
#2102=CARTESIAN_POINT('',(-137.031325132073,-15.,-133.1));
#2103=CARTESIAN_POINT('Origin',(-139.581325132073,-17.1,-133.1));
#2104=CARTESIAN_POINT('Origin',(-139.581325132073,-17.1,-133.1));
#2105=CARTESIAN_POINT('Origin',(-62.436509374254,-15.,-48.1));
#2106=CARTESIAN_POINT('',(-59.886509374254,-17.1,-48.1));
#2107=CARTESIAN_POINT('',(-59.886509374254,-15.,-48.1));
#2108=CARTESIAN_POINT('Origin',(-62.436509374254,-17.1,-48.1));
#2109=CARTESIAN_POINT('Origin',(-62.436509374254,-17.1,-48.1));
#2110=CARTESIAN_POINT('Origin',(-32.436509374254,-15.,-189.766666666667));
#2111=CARTESIAN_POINT('',(-29.886509374254,-17.0999999999999,-189.766666666667));
#2112=CARTESIAN_POINT('',(-29.886509374254,-15.,-189.766666666667));
#2113=CARTESIAN_POINT('Origin',(-32.436509374254,-17.1,-189.766666666667));
#2114=CARTESIAN_POINT('Origin',(-32.436509374254,-17.1,-189.766666666667));
#2115=CARTESIAN_POINT('Origin',(-32.436509374254,-15.,-161.433333333333));
#2116=CARTESIAN_POINT('',(-29.886509374254,-17.0999999999999,-161.433333333333));
#2117=CARTESIAN_POINT('',(-29.886509374254,-15.,-161.433333333333));
#2118=CARTESIAN_POINT('Origin',(-32.436509374254,-17.1,-161.433333333333));
#2119=CARTESIAN_POINT('Origin',(-32.436509374254,-17.1,-161.433333333333));
#2120=CARTESIAN_POINT('Origin',(-32.436509374254,-15.,-48.1));
#2121=CARTESIAN_POINT('',(-29.886509374254,-17.0999999999999,-48.1));
#2122=CARTESIAN_POINT('',(-29.886509374254,-15.,-48.1));
#2123=CARTESIAN_POINT('Origin',(-32.436509374254,-17.1,-48.1));
#2124=CARTESIAN_POINT('Origin',(-32.436509374254,-17.1,-48.1));
#2125=CARTESIAN_POINT('Origin',(-139.581325132073,-15.,-104.766666666667));
#2126=CARTESIAN_POINT('',(-137.031325132073,-17.1,-104.766666666667));
#2127=CARTESIAN_POINT('',(-137.031325132073,-15.,-104.766666666667));
#2128=CARTESIAN_POINT('Origin',(-139.581325132073,-17.1,-104.766666666667));
#2129=CARTESIAN_POINT('Origin',(-139.581325132073,-17.1,-104.766666666667));
#2130=CARTESIAN_POINT('Origin',(-109.581325132073,-15.,-48.1));
#2131=CARTESIAN_POINT('',(-107.031325132074,-17.1,-48.1));
#2132=CARTESIAN_POINT('',(-107.031325132074,-15.,-48.1));
#2133=CARTESIAN_POINT('Origin',(-109.581325132073,-17.1,-48.1));
#2134=CARTESIAN_POINT('Origin',(-109.581325132073,-17.1,-48.1));
#2135=CARTESIAN_POINT('Origin',(-107.087602245556,-22.8739575281635,-45.));
#2136=CARTESIAN_POINT('',(-104.537602245556,-22.8739575281635,-45.));
#2137=CARTESIAN_POINT('Origin',(-107.087602245556,-22.8739575281635,-45.));
#2138=CARTESIAN_POINT('',(-104.537602245556,-22.8739575281635,-47.1));
#2139=CARTESIAN_POINT('',(-104.537602245556,-22.8739575281635,-45.));
#2140=CARTESIAN_POINT('Origin',(-107.087602245556,-22.8739575281635,-47.1));
#2141=CARTESIAN_POINT('Origin',(-107.087602245556,-22.8739575281635,-47.1));
#2142=CARTESIAN_POINT('Origin',(-64.930232260772,-22.8739575281635,-45.));
#2143=CARTESIAN_POINT('',(-62.380232260772,-22.8739575281635,-45.));
#2144=CARTESIAN_POINT('Origin',(-64.930232260772,-22.8739575281635,-45.));
#2145=CARTESIAN_POINT('',(-62.380232260772,-22.8739575281635,-47.1));
#2146=CARTESIAN_POINT('',(-62.380232260772,-22.8739575281635,-45.));
#2147=CARTESIAN_POINT('Origin',(-64.930232260772,-22.8739575281635,-47.1));
#2148=CARTESIAN_POINT('Origin',(-64.930232260772,-22.8739575281635,-47.1));
#2149=CARTESIAN_POINT('Origin',(-86.0089172531638,-15.,-45.));
#2150=CARTESIAN_POINT('',(-114.876430712645,-65.0000000000001,-45.));
#2151=CARTESIAN_POINT('',(-114.876430712645,-65.0000000000001,-45.));
#2152=CARTESIAN_POINT('',(-57.1414037936824,-65.0000000000001,-45.));
#2153=CARTESIAN_POINT('',(-57.1414037936824,-65.0000000000001,-45.));
#2154=CARTESIAN_POINT('',(-28.2738903342011,-15.,-45.));
#2155=CARTESIAN_POINT('',(-82.843704783211,-23.75,-45.));
#2156=CARTESIAN_POINT('',(-84.8592775169045,-23.75,-45.));
#2157=CARTESIAN_POINT('',(-82.843704783211,-23.75,-45.));
#2158=CARTESIAN_POINT('',(-82.843704783211,-26.25,-45.));
#2159=CARTESIAN_POINT('',(-82.843704783211,-26.25,-45.));
#2160=CARTESIAN_POINT('',(-84.8592775169045,-26.25,-45.));
#2161=CARTESIAN_POINT('',(-84.8592775169045,-26.25,-45.));
#2162=CARTESIAN_POINT('',(-84.8592775169045,-23.75,-45.));
#2163=CARTESIAN_POINT('',(-77.5966748978077,-23.75,-45.));
#2164=CARTESIAN_POINT('',(-79.802780019115,-23.75,-45.));
#2165=CARTESIAN_POINT('',(-77.5966748978077,-23.75,-45.));
#2166=CARTESIAN_POINT('',(-77.5966748978077,-26.25,-45.));
#2167=CARTESIAN_POINT('',(-77.5966748978077,-26.25,-45.));
#2168=CARTESIAN_POINT('',(-79.802780019115,-26.25,-45.));
#2169=CARTESIAN_POINT('',(-79.802780019115,-26.25,-45.));
#2170=CARTESIAN_POINT('',(-79.802780019115,-23.75,-45.));
#2171=CARTESIAN_POINT('',(-92.0000018230148,-23.75,-45.));
#2172=CARTESIAN_POINT('',(-94.1936144378476,-23.75,-45.));
#2173=CARTESIAN_POINT('',(-92.0000018230148,-23.75,-45.));
#2174=CARTESIAN_POINT('',(-92.0000018230148,-26.25,-45.));
#2175=CARTESIAN_POINT('',(-92.0000018230148,-26.25,-45.));
#2176=CARTESIAN_POINT('',(-94.1936144378476,-26.25,-45.));
#2177=CARTESIAN_POINT('',(-94.1936144378476,-26.25,-45.));
#2178=CARTESIAN_POINT('',(-94.1936144378476,-23.75,-45.));
#2179=CARTESIAN_POINT('',(-73.5074212885239,-23.75,-45.));
#2180=CARTESIAN_POINT('',(-75.4445857520809,-23.75,-45.));
#2181=CARTESIAN_POINT('',(-73.5074212885239,-23.75,-45.));
#2182=CARTESIAN_POINT('',(-73.5074212885239,-26.25,-45.));
#2183=CARTESIAN_POINT('',(-73.5074212885239,-26.25,-45.));
#2184=CARTESIAN_POINT('',(-75.4445857520809,-26.25,-45.));
#2185=CARTESIAN_POINT('',(-75.4445857520809,-26.25,-45.));
#2186=CARTESIAN_POINT('',(-75.4445857520809,-23.75,-45.));
#2187=CARTESIAN_POINT('',(-88.0000013113022,-23.75,-45.));
#2188=CARTESIAN_POINT('',(-90.0996925227927,-23.75,-45.));
#2189=CARTESIAN_POINT('',(-88.0000013113022,-23.75,-45.));
#2190=CARTESIAN_POINT('',(-88.0000013113022,-26.25,-45.));
#2191=CARTESIAN_POINT('',(-88.0000013113022,-26.25,-45.));
#2192=CARTESIAN_POINT('',(-90.0996925227927,-26.25,-45.));
#2193=CARTESIAN_POINT('',(-90.0996925227927,-26.25,-45.));
#2194=CARTESIAN_POINT('',(-90.0996925227927,-23.75,-45.));
#2195=CARTESIAN_POINT('Origin',(-86.0089172531638,-15.,-215.));
#2196=CARTESIAN_POINT('',(-57.1414037936824,-65.0000000000001,-215.));
#2197=CARTESIAN_POINT('',(-28.2738903342011,-15.,-215.));
#2198=CARTESIAN_POINT('',(-114.876430712645,-65.0000000000001,-215.));
#2199=CARTESIAN_POINT('',(-57.1414037936824,-65.0000000000001,-215.));
#2200=CARTESIAN_POINT('',(-114.876430712645,-65.0000000000001,-215.));
#2201=CARTESIAN_POINT('',(-111.296859043669,-58.8000000000001,-215.));
#2202=CARTESIAN_POINT('',(-116.723951574052,-49.4000000000001,-215.));
#2203=CARTESIAN_POINT('',(-60.7209754626581,-58.8000000000001,-215.));
#2204=CARTESIAN_POINT('',(-71.5751605234231,-58.8000000000001,-215.));
#2205=CARTESIAN_POINT('',(-40.8601262025349,-24.4,-215.));
#2206=CARTESIAN_POINT('Origin',(-28.2738903342011,-15.,-45.));
#2207=CARTESIAN_POINT('',(-57.1414037936824,-65.0000000000001,-45.));
#2208=CARTESIAN_POINT('Origin',(-57.1414037936824,-65.0000000000001,-45.));
#2209=CARTESIAN_POINT('',(-114.876430712645,-65.0000000000001,-45.));
#2210=CARTESIAN_POINT('Origin',(-114.876430712645,-65.0000000000001,-45.));
#2211=CARTESIAN_POINT('Origin',(-82.843704783211,-23.75,-45.));
#2212=CARTESIAN_POINT('',(-84.8592775169045,-23.75,-51.));
#2213=CARTESIAN_POINT('',(-82.843704783211,-23.75,-51.));
#2214=CARTESIAN_POINT('',(-84.4263110181874,-23.75,-51.));
#2215=CARTESIAN_POINT('',(-82.843704783211,-23.75,-45.));
#2216=CARTESIAN_POINT('',(-84.8592775169045,-23.75,-45.));
#2217=CARTESIAN_POINT('Origin',(-84.8592775169045,-23.75,-45.));
#2218=CARTESIAN_POINT('',(-84.8592775169045,-26.25,-51.));
#2219=CARTESIAN_POINT('',(-84.8592775169045,-19.375,-51.));
#2220=CARTESIAN_POINT('',(-84.8592775169045,-26.25,-45.));
#2221=CARTESIAN_POINT('Origin',(-77.5966748978077,-23.75,-45.));
#2222=CARTESIAN_POINT('',(-79.802780019115,-23.75,-51.));
#2223=CARTESIAN_POINT('',(-77.5966748978077,-23.75,-51.));
#2224=CARTESIAN_POINT('',(-81.8027960754858,-23.75,-51.));
#2225=CARTESIAN_POINT('',(-77.5966748978077,-23.75,-45.));
#2226=CARTESIAN_POINT('',(-79.802780019115,-23.75,-45.));
#2227=CARTESIAN_POINT('Origin',(-79.802780019115,-23.75,-45.));
#2228=CARTESIAN_POINT('',(-79.802780019115,-26.25,-51.));
#2229=CARTESIAN_POINT('',(-79.802780019115,-19.375,-51.));
#2230=CARTESIAN_POINT('',(-79.802780019115,-26.25,-45.));
#2231=CARTESIAN_POINT('Origin',(-92.0000018230148,-23.75,-45.));
#2232=CARTESIAN_POINT('',(-94.1936144378476,-23.75,-51.));
#2233=CARTESIAN_POINT('',(-92.0000018230148,-23.75,-51.));
#2234=CARTESIAN_POINT('',(-89.0044595380893,-23.75,-51.));
#2235=CARTESIAN_POINT('',(-92.0000018230148,-23.75,-45.));
#2236=CARTESIAN_POINT('',(-94.1936144378476,-23.75,-45.));
#2237=CARTESIAN_POINT('Origin',(-94.1936144378476,-23.75,-45.));
#2238=CARTESIAN_POINT('',(-94.1936144378476,-26.25,-51.));
#2239=CARTESIAN_POINT('',(-94.1936144378476,-19.375,-51.));
#2240=CARTESIAN_POINT('',(-94.1936144378476,-26.25,-45.));
#2241=CARTESIAN_POINT('Origin',(-73.5074212885239,-23.75,-45.));
#2242=CARTESIAN_POINT('',(-75.4445857520809,-23.75,-51.));
#2243=CARTESIAN_POINT('',(-73.5074212885239,-23.75,-51.));
#2244=CARTESIAN_POINT('',(-79.7581692708439,-23.75,-51.));
#2245=CARTESIAN_POINT('',(-73.5074212885239,-23.75,-45.));
#2246=CARTESIAN_POINT('',(-75.4445857520809,-23.75,-45.));
#2247=CARTESIAN_POINT('Origin',(-75.4445857520809,-23.75,-45.));
#2248=CARTESIAN_POINT('',(-75.4445857520809,-26.25,-51.));
#2249=CARTESIAN_POINT('',(-75.4445857520809,-19.375,-51.));
#2250=CARTESIAN_POINT('',(-75.4445857520809,-26.25,-45.));
#2251=CARTESIAN_POINT('Origin',(-88.0000013113022,-23.75,-45.));
#2252=CARTESIAN_POINT('',(-90.0996925227927,-23.75,-51.));
#2253=CARTESIAN_POINT('',(-88.0000013113022,-23.75,-51.));
#2254=CARTESIAN_POINT('',(-87.004459282233,-23.75,-51.));
#2255=CARTESIAN_POINT('',(-88.0000013113022,-23.75,-45.));
#2256=CARTESIAN_POINT('',(-90.0996925227927,-23.75,-45.));
#2257=CARTESIAN_POINT('Origin',(-90.0996925227927,-23.75,-45.));
#2258=CARTESIAN_POINT('',(-90.0996925227927,-26.25,-51.));
#2259=CARTESIAN_POINT('',(-90.0996925227927,-19.375,-51.));
#2260=CARTESIAN_POINT('',(-90.0996925227927,-26.25,-45.));
#2261=CARTESIAN_POINT('Origin',(-33.6432478376646,-11.9,-45.));
#2262=CARTESIAN_POINT('',(-60.7209754626581,-58.8000000000001,-51.2));
#2263=CARTESIAN_POINT('',(-40.8601262025349,-24.4,-51.2));
#2264=CARTESIAN_POINT('',(-60.7209754626581,-58.8000000000001,-45.));
#2265=CARTESIAN_POINT('Origin',(-57.1414037936824,-58.8000000000001,-45.));
#2266=CARTESIAN_POINT('',(-111.296859043669,-58.8000000000001,-51.2));
#2267=CARTESIAN_POINT('',(-71.5751605234231,-58.8000000000001,-51.2));
#2268=CARTESIAN_POINT('',(-111.296859043669,-58.8000000000001,-45.));
#2269=CARTESIAN_POINT('Origin',(-109.507073209182,-61.9000000000001,-45.));
#2270=CARTESIAN_POINT('',(-116.723951574052,-49.4000000000001,-51.2));
#2271=CARTESIAN_POINT('Origin',(-90.0996925227927,-26.25,-45.));
#2272=CARTESIAN_POINT('',(-88.0000013113022,-26.25,-51.));
#2273=CARTESIAN_POINT('',(-88.0543048879782,-26.25,-51.));
#2274=CARTESIAN_POINT('',(-88.0000013113022,-26.25,-45.));
#2275=CARTESIAN_POINT('Origin',(-88.0000013113022,-26.25,-45.));
#2276=CARTESIAN_POINT('',(-88.0000013113022,-20.625,-51.));
#2277=CARTESIAN_POINT('Origin',(-75.4445857520809,-26.25,-45.));
#2278=CARTESIAN_POINT('',(-73.5074212885239,-26.25,-51.));
#2279=CARTESIAN_POINT('',(-80.7267515026223,-26.25,-51.));
#2280=CARTESIAN_POINT('',(-73.5074212885239,-26.25,-45.));
#2281=CARTESIAN_POINT('Origin',(-73.5074212885239,-26.25,-45.));
#2282=CARTESIAN_POINT('',(-73.5074212885239,-20.625,-51.));
#2283=CARTESIAN_POINT('Origin',(-94.1936144378476,-26.25,-45.));
#2284=CARTESIAN_POINT('',(-92.0000018230148,-26.25,-51.));
#2285=CARTESIAN_POINT('',(-90.1012658455057,-26.25,-51.));
#2286=CARTESIAN_POINT('',(-92.0000018230148,-26.25,-45.));
#2287=CARTESIAN_POINT('Origin',(-92.0000018230148,-26.25,-45.));
#2288=CARTESIAN_POINT('',(-92.0000018230148,-20.625,-51.));
#2289=CARTESIAN_POINT('Origin',(-79.802780019115,-26.25,-45.));
#2290=CARTESIAN_POINT('',(-77.5966748978077,-26.25,-51.));
#2291=CARTESIAN_POINT('',(-82.9058486361394,-26.25,-51.));
#2292=CARTESIAN_POINT('',(-77.5966748978077,-26.25,-45.));
#2293=CARTESIAN_POINT('Origin',(-77.5966748978077,-26.25,-45.));
#2294=CARTESIAN_POINT('',(-77.5966748978077,-20.625,-51.));
#2295=CARTESIAN_POINT('Origin',(-84.8592775169045,-26.25,-45.));
#2296=CARTESIAN_POINT('',(-82.843704783211,-26.25,-51.));
#2297=CARTESIAN_POINT('',(-85.4340973850342,-26.25,-51.));
#2298=CARTESIAN_POINT('',(-82.843704783211,-26.25,-45.));
#2299=CARTESIAN_POINT('Origin',(-82.843704783211,-26.25,-45.));
#2300=CARTESIAN_POINT('',(-82.843704783211,-20.625,-51.));
#2301=CARTESIAN_POINT('Origin',(-86.0089172531638,-15.,-51.));
#2302=CARTESIAN_POINT('',(-67.3074212885239,-17.55,-51.));
#2303=CARTESIAN_POINT('',(-100.393614437848,-17.55,-51.));
#2304=CARTESIAN_POINT('',(-79.7581692708439,-17.55,-51.));
#2305=CARTESIAN_POINT('',(-67.3074212885239,-32.45,-51.));
#2306=CARTESIAN_POINT('',(-67.3074212885239,-20.625,-51.));
#2307=CARTESIAN_POINT('',(-100.393614437848,-32.45,-51.));
#2308=CARTESIAN_POINT('',(-90.1012658455057,-32.45,-51.));
#2309=CARTESIAN_POINT('',(-100.393614437848,-19.375,-51.));
#2310=CARTESIAN_POINT('Origin',(-100.393614437848,-17.55,-215.));
#2311=CARTESIAN_POINT('',(-100.393614437848,-17.55,-51.2));
#2312=CARTESIAN_POINT('',(-100.393614437848,-32.45,-51.2));
#2313=CARTESIAN_POINT('',(-100.393614437848,-19.375,-51.2));
#2314=CARTESIAN_POINT('',(-100.393614437848,-17.55,-215.));
#2315=CARTESIAN_POINT('',(-100.393614437848,-32.45,-215.));
#2316=CARTESIAN_POINT('Origin',(-100.393614437848,-32.45,-215.));
#2317=CARTESIAN_POINT('',(-67.3074212885239,-32.45,-51.2));
#2318=CARTESIAN_POINT('',(-80.7267515026223,-32.45,-51.2));
#2319=CARTESIAN_POINT('',(-67.3074212885239,-32.45,-215.));
#2320=CARTESIAN_POINT('Origin',(-67.3074212885239,-17.55,-215.));
#2321=CARTESIAN_POINT('',(-67.3074212885239,-17.55,-51.2));
#2322=CARTESIAN_POINT('',(-89.0044595380893,-17.55,-51.2));
#2323=CARTESIAN_POINT('',(-67.3074212885239,-17.55,-215.));
#2324=CARTESIAN_POINT('Origin',(-67.3074212885239,-32.45,-215.));
#2325=CARTESIAN_POINT('',(-67.3074212885239,-20.625,-51.2));
#2326=CARTESIAN_POINT('Origin',(-86.0089172531638,-15.,-51.2));
#2327=CARTESIAN_POINT('',(0.,0.,0.));
#2328=CARTESIAN_POINT('',(0.,0.,0.));
#2329=UNCERTAINTY_MEASURE_WITH_UNIT(LENGTH_MEASURE(0.01),#2337,
'DISTANCE_ACCURACY_VALUE',
'Maximum model space distance between geometric entities at asserted c
onnectivities');
#2330=UNCERTAINTY_MEASURE_WITH_UNIT(LENGTH_MEASURE(0.01),#2337,
'DISTANCE_ACCURACY_VALUE',
'Maximum model space distance between geometric entities at asserted c
onnectivities');
#2331=UNCERTAINTY_MEASURE_WITH_UNIT(LENGTH_MEASURE(0.01),#2337,
'DISTANCE_ACCURACY_VALUE',
'Maximum model space distance between geometric entities at asserted c
onnectivities');
#2332=UNCERTAINTY_MEASURE_WITH_UNIT(LENGTH_MEASURE(0.01),#2337,
'DISTANCE_ACCURACY_VALUE',
'Maximum model space distance between geometric entities at asserted c
onnectivities');
#2333=(
GEOMETRIC_REPRESENTATION_CONTEXT(3)
GLOBAL_UNCERTAINTY_ASSIGNED_CONTEXT((#2329))
GLOBAL_UNIT_ASSIGNED_CONTEXT((#2337,#2339,#2340))
REPRESENTATION_CONTEXT('','3D')
);
#2334=(
GEOMETRIC_REPRESENTATION_CONTEXT(3)
GLOBAL_UNCERTAINTY_ASSIGNED_CONTEXT((#2330))
GLOBAL_UNIT_ASSIGNED_CONTEXT((#2337,#2339,#2340))
REPRESENTATION_CONTEXT('','3D')
);
#2335=(
GEOMETRIC_REPRESENTATION_CONTEXT(3)
GLOBAL_UNCERTAINTY_ASSIGNED_CONTEXT((#2331))
GLOBAL_UNIT_ASSIGNED_CONTEXT((#2337,#2339,#2340))
REPRESENTATION_CONTEXT('','3D')
);
#2336=(
GEOMETRIC_REPRESENTATION_CONTEXT(3)
GLOBAL_UNCERTAINTY_ASSIGNED_CONTEXT((#2332))
GLOBAL_UNIT_ASSIGNED_CONTEXT((#2337,#2339,#2340))
REPRESENTATION_CONTEXT('','3D')
);
#2337=(
LENGTH_UNIT()
NAMED_UNIT(*)
SI_UNIT(.MILLI.,.METRE.)
);
#2338=(
LENGTH_UNIT()
NAMED_UNIT(*)
SI_UNIT($,.METRE.)
);
#2339=(
NAMED_UNIT(*)
PLANE_ANGLE_UNIT()
SI_UNIT($,.RADIAN.)
);
#2340=(
NAMED_UNIT(*)
SI_UNIT($,.STERADIAN.)
SOLID_ANGLE_UNIT()
);
#2341=SHAPE_DEFINITION_REPRESENTATION(#2344,#2349);
#2342=SHAPE_DEFINITION_REPRESENTATION(#2345,#2350);
#2343=SHAPE_DEFINITION_REPRESENTATION(#2346,#2351);
#2344=PRODUCT_DEFINITION_SHAPE('',$,#2353);
#2345=PRODUCT_DEFINITION_SHAPE('',$,#2354);
#2346=PRODUCT_DEFINITION_SHAPE('',$,#2355);
#2347=PRODUCT_DEFINITION_SHAPE($,$,#17);
#2348=PRODUCT_DEFINITION_SHAPE($,$,#18);
#2349=SHAPE_REPRESENTATION('',(#1397,#1536),#2333);
#2350=SHAPE_REPRESENTATION('',(#1398,#1535),#2334);
#2351=SHAPE_REPRESENTATION('',(#1399),#2335);
#2352=PRODUCT_DEFINITION_CONTEXT('part definition',#2363,'design');
#2353=PRODUCT_DEFINITION('2025-12-08-00-33-07-883','Arm (1)',#2356,#2352);
#2354=PRODUCT_DEFINITION('2025-12-08-00-40-28-529','Arm',#2357,#2352);
#2355=PRODUCT_DEFINITION('2025-12-08-02-41-02-466','Forearm 1',#2358,#2352);
#2356=PRODUCT_DEFINITION_FORMATION('',$,#2365);
#2357=PRODUCT_DEFINITION_FORMATION('',$,#2366);
#2358=PRODUCT_DEFINITION_FORMATION('',$,#2367);
#2359=PRODUCT_RELATED_PRODUCT_CATEGORY('Arm (1)','Arm (1)',(#2365));
#2360=PRODUCT_RELATED_PRODUCT_CATEGORY('Arm','Arm',(#2366));
#2361=PRODUCT_RELATED_PRODUCT_CATEGORY('Forearm 1','Forearm 1',(#2367));
#2362=APPLICATION_PROTOCOL_DEFINITION('international standard',
'automotive_design',2009,#2363);
#2363=APPLICATION_CONTEXT(
'Core Data for Automotive Mechanical Design Process');
#2364=PRODUCT_CONTEXT('part definition',#2363,'mechanical');
#2365=PRODUCT('2025-12-08-00-33-07-883','Arm (1)',$,(#2364));
#2366=PRODUCT('2025-12-08-00-40-28-529','Arm',$,(#2364));
#2367=PRODUCT('2025-12-08-02-41-02-466','Forearm 1',$,(#2364));
#2368=PRESENTATION_STYLE_ASSIGNMENT((#2380));
#2369=PRESENTATION_STYLE_ASSIGNMENT((#2381));
#2370=PRESENTATION_STYLE_ASSIGNMENT((#2382));
#2371=PRESENTATION_STYLE_ASSIGNMENT((#2383));
#2372=PRESENTATION_STYLE_ASSIGNMENT((#2384));
#2373=PRESENTATION_STYLE_ASSIGNMENT((#2385));
#2374=PRESENTATION_STYLE_ASSIGNMENT((#2386));
#2375=PRESENTATION_STYLE_ASSIGNMENT((#2387));
#2376=PRESENTATION_STYLE_ASSIGNMENT((#2388));
#2377=PRESENTATION_STYLE_ASSIGNMENT((#2389));
#2378=PRESENTATION_STYLE_ASSIGNMENT((#2390));
#2379=PRESENTATION_STYLE_ASSIGNMENT((#2391));
#2380=SURFACE_STYLE_USAGE(.BOTH.,#2392);
#2381=SURFACE_STYLE_USAGE(.BOTH.,#2393);
#2382=SURFACE_STYLE_USAGE(.BOTH.,#2394);
#2383=SURFACE_STYLE_USAGE(.BOTH.,#2395);
#2384=SURFACE_STYLE_USAGE(.BOTH.,#2396);
#2385=SURFACE_STYLE_USAGE(.BOTH.,#2397);
#2386=SURFACE_STYLE_USAGE(.BOTH.,#2398);
#2387=SURFACE_STYLE_USAGE(.BOTH.,#2399);
#2388=SURFACE_STYLE_USAGE(.BOTH.,#2400);
#2389=SURFACE_STYLE_USAGE(.BOTH.,#2401);
#2390=SURFACE_STYLE_USAGE(.BOTH.,#2402);
#2391=SURFACE_STYLE_USAGE(.BOTH.,#2403);
#2392=SURFACE_SIDE_STYLE('',(#2404));
#2393=SURFACE_SIDE_STYLE('',(#2405));
#2394=SURFACE_SIDE_STYLE('',(#2406));
#2395=SURFACE_SIDE_STYLE('',(#2407));
#2396=SURFACE_SIDE_STYLE('',(#2408));
#2397=SURFACE_SIDE_STYLE('',(#2409));
#2398=SURFACE_SIDE_STYLE('',(#2410));
#2399=SURFACE_SIDE_STYLE('',(#2411));
#2400=SURFACE_SIDE_STYLE('',(#2412));
#2401=SURFACE_SIDE_STYLE('',(#2413));
#2402=SURFACE_SIDE_STYLE('',(#2414));
#2403=SURFACE_SIDE_STYLE('',(#2415));
#2404=SURFACE_STYLE_FILL_AREA(#2416);
#2405=SURFACE_STYLE_FILL_AREA(#2417);
#2406=SURFACE_STYLE_FILL_AREA(#2418);
#2407=SURFACE_STYLE_FILL_AREA(#2419);
#2408=SURFACE_STYLE_FILL_AREA(#2420);
#2409=SURFACE_STYLE_FILL_AREA(#2421);
#2410=SURFACE_STYLE_FILL_AREA(#2422);
#2411=SURFACE_STYLE_FILL_AREA(#2423);
#2412=SURFACE_STYLE_FILL_AREA(#2424);
#2413=SURFACE_STYLE_FILL_AREA(#2425);
#2414=SURFACE_STYLE_FILL_AREA(#2426);
#2415=SURFACE_STYLE_FILL_AREA(#2427);
#2416=FILL_AREA_STYLE('Steel - Satin',(#2428));
#2417=FILL_AREA_STYLE('Plastic - Matte (Black)',(#2429));
#2418=FILL_AREA_STYLE('Aluminum - Satin',(#2430));
#2419=FILL_AREA_STYLE('Aluminum - Polished',(#2431));
#2420=FILL_AREA_STYLE('Paek (Beige)',(#2432));
#2421=FILL_AREA_STYLE('Copper - Patina',(#2433));
#2422=FILL_AREA_STYLE('Plastic - Matte (Yellow)',(#2434));
#2423=FILL_AREA_STYLE('Plastic - Matte (Red)',(#2435));
#2424=FILL_AREA_STYLE('Stainless Steel - Polished',(#2436));
#2425=FILL_AREA_STYLE('Plastic - Matte (Green)',(#2437));
#2426=FILL_AREA_STYLE('Plastic - Matte (Blue)',(#2438));
#2427=FILL_AREA_STYLE('Opaque(64,64,64)',(#2439));
#2428=FILL_AREA_STYLE_COLOUR('Steel - Satin',#2440);
#2429=FILL_AREA_STYLE_COLOUR('Plastic - Matte (Black)',#2441);
#2430=FILL_AREA_STYLE_COLOUR('Aluminum - Satin',#2442);
#2431=FILL_AREA_STYLE_COLOUR('Aluminum - Polished',#2443);
#2432=FILL_AREA_STYLE_COLOUR('Paek (Beige)',#2444);
#2433=FILL_AREA_STYLE_COLOUR('Copper - Patina',#2445);
#2434=FILL_AREA_STYLE_COLOUR('Plastic - Matte (Yellow)',#2446);
#2435=FILL_AREA_STYLE_COLOUR('Plastic - Matte (Red)',#2447);
#2436=FILL_AREA_STYLE_COLOUR('Stainless Steel - Polished',#2448);
#2437=FILL_AREA_STYLE_COLOUR('Plastic - Matte (Green)',#2449);
#2438=FILL_AREA_STYLE_COLOUR('Plastic - Matte (Blue)',#2450);
#2439=FILL_AREA_STYLE_COLOUR('Opaque(64,64,64)',#2451);
#2440=COLOUR_RGB('Steel - Satin',0.627450980392157,0.627450980392157,0.627450980392157);
#2441=COLOUR_RGB('Plastic - Matte (Black)',0.0980392156862745,0.0980392156862745,
0.0980392156862745);
#2442=COLOUR_RGB('Aluminum - Satin',0.96078431372549,0.96078431372549,0.964705882352941);
#2443=COLOUR_RGB('Aluminum - Polished',0.96078431372549,0.96078431372549,
0.964705882352941);
#2444=COLOUR_RGB('Paek (Beige)',0.898039215686275,0.792156862745098,0.619607843137255);
#2445=COLOUR_RGB('Copper - Patina',0.929411764705882,0.807843137254902,
0.764705882352941);
#2446=COLOUR_RGB('Plastic - Matte (Yellow)',0.909803921568627,0.67843137254902,
0.137254901960784);
#2447=COLOUR_RGB('Plastic - Matte (Red)',0.768627450980392,0.207843137254902,
0.152941176470588);
#2448=COLOUR_RGB('Stainless Steel - Polished',0.796078431372549,0.796078431372549,
0.796078431372549);
#2449=COLOUR_RGB('Plastic - Matte (Green)',0.266666666666667,0.588235294117647,
0.282352941176471);
#2450=COLOUR_RGB('Plastic - Matte (Blue)',0.188235294117647,0.231372549019608,
0.588235294117647);
#2451=COLOUR_RGB('Opaque(64,64,64)',0.250980392156863,0.250980392156863,
0.250980392156863);
ENDSEC;
END-ISO-10303-21;
