ISO-10303-21;
HEADER;
/* Generated by software containing ST-Developer
 * from STEP Tools, Inc. (www.steptools.com) 
 */

FILE_DESCRIPTION(
/* description */ (''),
/* implementation_level */ '2;1');

FILE_NAME(
/* name */ 'Index Finger.step',
/* time_stamp */ '2026-01-04T20:31:56Z',
/* author */ (''),
/* organization */ (''),
/* preprocessor_version */ 'ST-DEVELOPER v20.1',
/* originating_system */ 'Autodesk Translation Framework v14.21.0.0',
/* authorisation */ '');

FILE_SCHEMA (('AUTOMOTIVE_DESIGN { 1 0 10303 214 3 1 1 }'));
ENDSEC;

DATA;
#10=MECHANICAL_DESIGN_GEOMETRIC_PRESENTATION_REPRESENTATION('',(#29,#30,
#31),#2060);
#11=ITEM_DEFINED_TRANSFORMATION($,$,#627,#675);
#12=ITEM_DEFINED_TRANSFORMATION($,$,#645,#676);
#13=ITEM_DEFINED_TRANSFORMATION($,$,#661,#677);
#14=(
REPRESENTATION_RELATIONSHIP($,$,#2077,#2076)
REPRESENTATION_RELATIONSHIP_WITH_TRANSFORMATION(#11)
SHAPE_REPRESENTATION_RELATIONSHIP()
);
#15=(
REPRESENTATION_RELATIONSHIP($,$,#2078,#2076)
REPRESENTATION_RELATIONSHIP_WITH_TRANSFORMATION(#12)
SHAPE_REPRESENTATION_RELATIONSHIP()
);
#16=(
REPRESENTATION_RELATIONSHIP($,$,#2079,#2076)
REPRESENTATION_RELATIONSHIP_WITH_TRANSFORMATION(#13)
SHAPE_REPRESENTATION_RELATIONSHIP()
);
#17=CONTEXT_DEPENDENT_SHAPE_REPRESENTATION(#14,#2073);
#18=CONTEXT_DEPENDENT_SHAPE_REPRESENTATION(#15,#2074);
#19=CONTEXT_DEPENDENT_SHAPE_REPRESENTATION(#16,#2075);
#20=NEXT_ASSEMBLY_USAGE_OCCURRENCE('Proximal phalanx:1',
'Proximal phalanx:1','Proximal phalanx:1',#2081,#2082,
'Proximal phalanx:1');
#21=NEXT_ASSEMBLY_USAGE_OCCURRENCE('Middle phalanx:1',
'Middle phalanx:1','Middle phalanx:1',#2081,#2083,'Middle phalanx:1');
#22=NEXT_ASSEMBLY_USAGE_OCCURRENCE('Distal phalanx:1',
'Distal phalanx:1','Distal phalanx:1',#2081,#2084,'Distal phalanx:1');
#23=SHAPE_REPRESENTATION_RELATIONSHIP('SRR','None',#2077,#26);
#24=SHAPE_REPRESENTATION_RELATIONSHIP('SRR','None',#2078,#27);
#25=SHAPE_REPRESENTATION_RELATIONSHIP('SRR','None',#2079,#28);
#26=ADVANCED_BREP_SHAPE_REPRESENTATION('',(#32),#2057);
#27=ADVANCED_BREP_SHAPE_REPRESENTATION('',(#33),#2058);
#28=ADVANCED_BREP_SHAPE_REPRESENTATION('',(#34),#2059);
#29=STYLED_ITEM('',(#2100),#32);
#30=STYLED_ITEM('',(#2100),#33);
#31=STYLED_ITEM('',(#2100),#34);
#32=MANIFOLD_SOLID_BREP('Body1',#589);
#33=MANIFOLD_SOLID_BREP('Body1',#590);
#34=MANIFOLD_SOLID_BREP('Body1',#591);
#35=FACE_BOUND('',#150,.T.);
#36=FACE_BOUND('',#152,.T.);
#37=FACE_BOUND('',#155,.T.);
#38=FACE_BOUND('',#156,.T.);
#39=FACE_BOUND('',#158,.T.);
#40=FACE_BOUND('',#159,.T.);
#41=FACE_BOUND('',#166,.T.);
#42=FACE_BOUND('',#167,.T.);
#43=FACE_BOUND('',#169,.T.);
#44=FACE_BOUND('',#171,.T.);
#45=FACE_BOUND('',#174,.T.);
#46=FACE_BOUND('',#175,.T.);
#47=FACE_BOUND('',#177,.T.);
#48=FACE_BOUND('',#179,.T.);
#49=FACE_BOUND('',#189,.T.);
#50=FACE_BOUND('',#191,.T.);
#51=FACE_BOUND('',#192,.T.);
#52=PLANE('',#638);
#53=PLANE('',#640);
#54=PLANE('',#643);
#55=PLANE('',#644);
#56=PLANE('',#654);
#57=PLANE('',#655);
#58=PLANE('',#657);
#59=PLANE('',#660);
#60=PLANE('',#665);
#61=PLANE('',#673);
#62=PLANE('',#674);
#63=ELLIPSE('',#636,8.5,8.);
#64=ELLIPSE('',#637,8.5,8.);
#65=ELLIPSE('',#639,1.76776695296637,1.25);
#66=ELLIPSE('',#641,1.76776695296637,1.25);
#67=ELLIPSE('',#656,1.76776695296648,1.25);
#68=ELLIPSE('',#658,1.76776695296637,1.25);
#69=ELLIPSE('',#669,1.76776695296637,1.25);
#70=B_SPLINE_SURFACE_WITH_KNOTS('',3,3,((#955,#956,#957,#958),(#959,#960,
#961,#962),(#963,#964,#965,#966),(#967,#968,#969,#970),(#971,#972,#973,
#974),(#975,#976,#977,#978),(#979,#980,#981,#982),(#983,#984,#985,#986),
(#987,#988,#989,#990),(#991,#992,#993,#994),(#995,#996,#997,#998),(#999,
#1000,#1001,#1002),(#1003,#1004,#1005,#1006),(#1007,#1008,#1009,#1010),
(#1011,#1012,#1013,#1014),(#1015,#1016,#1017,#1018),(#1019,#1020,#1021,
#1022)),.UNSPECIFIED.,.T.,.F.,.F.,(4,1,1,1,1,1,1,1,1,1,1,1,1,1,4),(4,4),
(0.,0.0714285714285714,0.142857142857143,0.214285714285714,0.285714285714286,
0.357142857142857,0.428571428571429,0.476190476190476,0.571428571428571,
0.619047619047619,0.714285714285714,0.785714285714286,0.857142857142857,
0.928571428571429,1.),(0.,1.),.UNSPECIFIED.);
#71=B_SPLINE_SURFACE_WITH_KNOTS('',3,3,((#1183,#1184,#1185,#1186),(#1187,
#1188,#1189,#1190),(#1191,#1192,#1193,#1194),(#1195,#1196,#1197,#1198),
(#1199,#1200,#1201,#1202),(#1203,#1204,#1205,#1206),(#1207,#1208,#1209,
#1210),(#1211,#1212,#1213,#1214),(#1215,#1216,#1217,#1218),(#1219,#1220,
#1221,#1222),(#1223,#1224,#1225,#1226),(#1227,#1228,#1229,#1230),(#1231,
#1232,#1233,#1234),(#1235,#1236,#1237,#1238),(#1239,#1240,#1241,#1242),
(#1243,#1244,#1245,#1246),(#1247,#1248,#1249,#1250)),.UNSPECIFIED.,.T.,
 .F.,.F.,(4,1,1,1,1,1,1,1,1,1,1,1,1,1,4),(4,4),(0.,0.0714285714285714,0.142857142857143,
0.214285714285714,0.285714285714286,0.357142857142857,0.428571428571429,
0.476190476190476,0.571428571428571,0.619047619047619,0.714285714285714,
0.785714285714286,0.857142857142857,0.928571428571429,1.),(0.,1.),
 .UNSPECIFIED.);
#72=B_SPLINE_SURFACE_WITH_KNOTS('',3,3,((#1423,#1424,#1425,#1426,#1427,
#1428,#1429,#1430,#1431,#1432,#1433),(#1434,#1435,#1436,#1437,#1438,#1439,
#1440,#1441,#1442,#1443,#1444),(#1445,#1446,#1447,#1448,#1449,#1450,#1451,
#1452,#1453,#1454,#1455),(#1456,#1457,#1458,#1459,#1460,#1461,#1462,#1463,
#1464,#1465,#1466),(#1467,#1468,#1469,#1470,#1471,#1472,#1473,#1474,#1475,
#1476,#1477),(#1478,#1479,#1480,#1481,#1482,#1483,#1484,#1485,#1486,#1487,
#1488)),.UNSPECIFIED.,.F.,.F.,.F.,(4,1,1,4),(4,1,1,1,1,1,1,1,4),(0.,0.285714285714286,
0.571428571428571,1.),(0.,0.0437997367166049,0.0875994734332098,0.17519894686642,
0.262798420299629,0.437997367166049,0.525596840599259,0.569396577315864,
0.613196314032469),.UNSPECIFIED.);
#73=B_SPLINE_SURFACE_WITH_KNOTS('',3,3,((#1594,#1595,#1596,#1597,#1598,
#1599,#1600,#1601,#1602,#1603,#1604),(#1605,#1606,#1607,#1608,#1609,#1610,
#1611,#1612,#1613,#1614,#1615),(#1616,#1617,#1618,#1619,#1620,#1621,#1622,
#1623,#1624,#1625,#1626),(#1627,#1628,#1629,#1630,#1631,#1632,#1633,#1634,
#1635,#1636,#1637),(#1638,#1639,#1640,#1641,#1642,#1643,#1644,#1645,#1646,
#1647,#1648),(#1649,#1650,#1651,#1652,#1653,#1654,#1655,#1656,#1657,#1658,
#1659)),.UNSPECIFIED.,.F.,.F.,.F.,(4,1,1,4),(4,1,1,1,1,1,1,1,4),(0.,0.285714285714286,
0.571428571428571,1.),(0.,0.043800578569322,0.0876011571386439,0.175202314277288,
0.262803471415932,0.43800578569322,0.525606942831864,0.569407521401186,
0.613208099970508),.UNSPECIFIED.);
#74=B_SPLINE_SURFACE_WITH_KNOTS('',3,1,((#1758,#1759),(#1760,#1761),(#1762,
#1763),(#1764,#1765),(#1766,#1767),(#1768,#1769),(#1770,#1771),(#1772,#1773),
(#1774,#1775),(#1776,#1777),(#1778,#1779),(#1780,#1781),(#1782,#1783)),
 .UNSPECIFIED.,.F.,.F.,.F.,(4,3,3,3,4),(2,2),(-3.14159265358979,-2.30956862118388,
-1.5021012911815,-0.672395769165105,0.),(0.,0.699999999999999),
 .UNSPECIFIED.);
#75=B_SPLINE_SURFACE_WITH_KNOTS('',3,1,((#1814,#1815),(#1816,#1817),(#1818,
#1819),(#1820,#1821),(#1822,#1823),(#1824,#1825),(#1826,#1827),(#1828,#1829),
(#1830,#1831),(#1832,#1833),(#1834,#1835),(#1836,#1837),(#1838,#1839),(#1840,
#1841),(#1842,#1843),(#1844,#1845)),.UNSPECIFIED.,.F.,.F.,.F.,(4,3,3,3,
3,4),(2,2),(0.,0.207855823278028,1.02333124574981,1.83003409517138,2.6617679464641,
3.14159265358979),(0.,0.699999999999999),.UNSPECIFIED.);
#76=B_SPLINE_SURFACE_WITH_KNOTS('',3,3,((#1934,#1935,#1936,#1937),(#1938,
#1939,#1940,#1941),(#1942,#1943,#1944,#1945),(#1946,#1947,#1948,#1949),
(#1950,#1951,#1952,#1953),(#1954,#1955,#1956,#1957),(#1958,#1959,#1960,
#1961),(#1962,#1963,#1964,#1965),(#1966,#1967,#1968,#1969),(#1970,#1971,
#1972,#1973),(#1974,#1975,#1976,#1977),(#1978,#1979,#1980,#1981),(#1982,
#1983,#1984,#1985),(#1986,#1987,#1988,#1989),(#1990,#1991,#1992,#1993),
(#1994,#1995,#1996,#1997),(#1998,#1999,#2000,#2001)),.UNSPECIFIED.,.T.,
 .F.,.F.,(4,1,1,1,1,1,1,1,1,1,1,1,1,1,4),(4,4),(0.,0.0714285714285714,0.142857142857143,
0.214285714285714,0.285714285714286,0.357142857142857,0.428571428571429,
0.476190476190476,0.571428571428571,0.619047619047619,0.714285714285714,
0.785714285714286,0.857142857142857,0.928571428571429,1.),(0.,1.),
 .UNSPECIFIED.);
#77=B_SPLINE_CURVE_WITH_KNOTS('',3,(#823,#824,#825,#826,#827,#828,#829,
#830,#831,#832,#833,#834,#835,#836,#837,#838,#839,#840,#841,#842,#843,#844,
#845,#846,#847,#848,#849,#850,#851,#852,#853),.UNSPECIFIED.,.F.,.F.,(4,
3,3,3,3,3,3,3,3,3,4),(-0.15781120957789,-0.147152247953564,-0.129281839039389,
-0.110702433566613,-0.108844084525888,-0.08517580723225,-0.0689406982163242,
-0.0484074117127707,-0.032703854583051,-0.0149182005004273,0.),
 .UNSPECIFIED.);
#78=B_SPLINE_CURVE_WITH_KNOTS('',3,(#857,#858,#859,#860,#861,#862,#863,
#864,#865,#866,#867,#868,#869,#870,#871,#872,#873,#874,#875,#876,#877,#878,
#879,#880,#881,#882,#883,#884,#885,#886,#887,#888,#889,#890),
 .UNSPECIFIED.,.F.,.F.,(4,3,3,3,3,3,3,3,3,3,3,4),(0.,0.00439371759410112,
0.0223426911477417,0.0373457078998576,0.0587408944035048,0.0733487449445419,
0.0970449921719168,0.113039742528353,0.131317303396621,0.149019166853106,
0.152775546051065,0.157804454492256),.UNSPECIFIED.);
#79=B_SPLINE_CURVE_WITH_KNOTS('',3,(#895,#896,#897,#898,#899,#900,#901,
#902,#903,#904,#905,#906,#907,#908,#909,#910,#911,#912,#913,#914,#915,#916,
#917,#918,#919,#920,#921,#922),.UNSPECIFIED.,.F.,.F.,(4,3,3,3,3,3,3,3,3,
4),(-0.15772885329114,-0.143998040784105,-0.124989438399051,-0.105980836013997,
-0.0809935687332763,-0.0660792239669332,-0.0456227699051227,-0.0309548729240282,
-0.0129397741205876,0.),.UNSPECIFIED.);
#80=B_SPLINE_CURVE_WITH_KNOTS('',3,(#926,#927,#928,#929,#930,#931,#932,
#933,#934,#935,#936,#937,#938,#939,#940,#941,#942,#943,#944,#945,#946,#947,
#948,#949,#950,#951,#952,#953),.UNSPECIFIED.,.F.,.F.,(4,3,3,3,3,3,3,3,3,
4),(0.,0.0127202068501998,0.0312991156286522,0.0448435633237234,0.0671883148390117,
0.082011534086784,0.103529724915687,0.121662793134265,0.139693977191559,
0.157725161248852),.UNSPECIFIED.);
#81=B_SPLINE_CURVE_WITH_KNOTS('',3,(#1023,#1024,#1025,#1026,#1027,#1028,
#1029,#1030,#1031,#1032,#1033,#1034,#1035,#1036,#1037,#1038,#1039,#1040,
#1041,#1042),.UNSPECIFIED.,.F.,.F.,(4,2,2,2,2,2,2,2,2,4),(-3.63832351673042,
-3.03323030344905,-2.55260414352835,-2.21933841111509,-1.95958212917436,
-1.71288985163962,-1.44586006095821,-1.1069501352509,-0.644235900976694,
-0.0500665813280215),.UNSPECIFIED.);
#82=B_SPLINE_CURVE_WITH_KNOTS('',3,(#1044,#1045,#1046,#1047,#1048,#1049,
#1050,#1051,#1052,#1053,#1054,#1055,#1056),.UNSPECIFIED.,.F.,.F.,(4,3,3,
3,4),(-3.14159265358979,-2.69279370307697,-2.24399475256414,-1.79519580205131,
-1.69566920020375),.UNSPECIFIED.);
#83=B_SPLINE_CURVE_WITH_KNOTS('',3,(#1060,#1061,#1062,#1063,#1064,#1065,
#1066,#1067,#1068,#1069,#1070,#1071,#1072,#1073,#1074,#1075,#1076,#1077,
#1078,#1079),.UNSPECIFIED.,.F.,.F.,(4,2,2,2,2,2,2,2,2,4),(-3.80170451416493,
-3.22037337560217,-2.69999865405953,-2.33997120984778,-2.06092824624948,
-1.7980461889784,-1.51456444334894,-1.15810896060453,-0.675232474000388,
-0.0500647475888994),.UNSPECIFIED.);
#84=B_SPLINE_CURVE_WITH_KNOTS('',3,(#1081,#1082,#1083,#1084,#1085,#1086,
#1087,#1088,#1089,#1090,#1091,#1092,#1093),.UNSPECIFIED.,.F.,.F.,(4,3,3,
3,4),(1.69566920055118,1.79519580205131,2.24399475256414,2.69279370307697,
3.14159265358979),.UNSPECIFIED.);
#85=B_SPLINE_CURVE_WITH_KNOTS('',3,(#1120,#1121,#1122,#1123,#1124,#1125,
#1126,#1127,#1128,#1129,#1130,#1131,#1132,#1133,#1134,#1135,#1136,#1137,
#1138,#1139,#1140,#1141,#1142,#1143,#1144,#1145,#1146,#1147),
 .UNSPECIFIED.,.F.,.F.,(4,3,3,3,3,3,3,3,3,4),(-0.157743052302156,-0.140066210447032,
-0.121241559860932,-0.102416909274832,-0.0760540429108607,-0.0624614574007544,
-0.0426764440517872,-0.0288508357342631,-0.0111158556059548,0.),
 .UNSPECIFIED.);
#86=B_SPLINE_CURVE_WITH_KNOTS('',3,(#1151,#1152,#1153,#1154,#1155,#1156,
#1157,#1158,#1159,#1160,#1161,#1162,#1163,#1164,#1165,#1166,#1167,#1168,
#1169,#1170,#1171,#1172,#1173,#1174,#1175,#1176,#1177,#1178,#1179,#1180,
#1181),.UNSPECIFIED.,.F.,.F.,(4,3,3,3,3,3,3,3,3,3,4),(0.,0.0178281778000682,
0.0221763248430831,0.0411475679464603,0.0542361456407416,0.0796912458475925,
0.0918887859835468,0.1117218533753,0.131554920767053,0.149016223533054,
0.157737430963835),.UNSPECIFIED.);
#87=B_SPLINE_CURVE_WITH_KNOTS('',3,(#1251,#1252,#1253,#1254,#1255,#1256,
#1257,#1258,#1259,#1260,#1261,#1262,#1263,#1264,#1265,#1266,#1267,#1268,
#1269,#1270),.UNSPECIFIED.,.F.,.F.,(4,2,2,2,2,2,2,2,2,4),(-3.57352582795155,
-3.02289067391322,-2.53582656256654,-2.19997628157364,-1.93997562917141,
-1.69462955343733,-1.43025279148021,-1.08834080268719,-0.637044544362376,
-0.050068956289881),.UNSPECIFIED.);
#88=B_SPLINE_CURVE_WITH_KNOTS('',3,(#1272,#1273,#1274,#1275,#1276,#1277,
#1278,#1279,#1280,#1281,#1282,#1283,#1284),.UNSPECIFIED.,.F.,.F.,(4,3,3,
3,4),(1.69567163345349,1.79519580205131,2.24399475256414,2.69279370307697,
3.14159265358979),.UNSPECIFIED.);
#89=B_SPLINE_CURVE_WITH_KNOTS('',3,(#1288,#1289,#1290,#1291,#1292,#1293,
#1294,#1295,#1296,#1297,#1298,#1299,#1300),.UNSPECIFIED.,.F.,.F.,(4,3,3,
3,4),(1.70350288835248,1.79519580205131,2.24399475256414,2.69279370307697,
3.14159265358979),.UNSPECIFIED.);
#90=B_SPLINE_CURVE_WITH_KNOTS('',3,(#1302,#1303,#1304,#1305,#1306,#1307,
#1308,#1309,#1310,#1311,#1312,#1313,#1314,#1315,#1316,#1317,#1318,#1319,
#1320,#1321,#1322,#1323,#1324,#1325,#1326,#1327,#1328,#1329,#1330,#1331,
#1332),.UNSPECIFIED.,.F.,.F.,(4,3,3,3,3,3,3,3,3,3,4),(-0.157837017502525,
-0.143385666383578,-0.125606632377289,-0.107013857421745,-0.10541371420556,
-0.0803605334724231,-0.065440140618279,-0.0456533448119922,-0.0305885468783741,
-0.0129574737463686,0.),.UNSPECIFIED.);
#91=B_SPLINE_CURVE_WITH_KNOTS('',3,(#1334,#1335,#1336,#1337,#1338,#1339,
#1340,#1341,#1342,#1343,#1344,#1345,#1346,#1347,#1348,#1349,#1350,#1351,
#1352,#1353),.UNSPECIFIED.,.F.,.F.,(4,2,2,2,2,2,2,2,2,4),(-3.41477128558774,
-2.82183136768214,-2.38003771128313,-2.07399369624859,-1.83413852079006,
-1.60431703429656,-1.35505656721761,-1.03891979506744,-0.606743939957715,
-0.0500707265938188),.UNSPECIFIED.);
#92=B_SPLINE_CURVE_WITH_KNOTS('',3,(#1355,#1356,#1357,#1358,#1359,#1360,
#1361,#1362,#1363,#1364,#1365,#1366,#1367,#1368,#1369,#1370,#1371,#1372,
#1373,#1374,#1375,#1376,#1377,#1378,#1379,#1380,#1381,#1382),
 .UNSPECIFIED.,.F.,.F.,(4,3,3,3,3,3,3,3,3,4),(0.,0.0163557210636467,0.0346577160551178,
0.0486572479178409,0.0717972712181444,0.0860021803244153,0.10621775737786,
0.125701827853747,0.143019105251374,0.157833106698757),.UNSPECIFIED.);
#93=B_SPLINE_CURVE_WITH_KNOTS('',3,(#1383,#1384,#1385,#1386,#1387,#1388,
#1389,#1390,#1391,#1392,#1393,#1394,#1395),.UNSPECIFIED.,.F.,.F.,(4,3,3,
3,4),(-3.14159265358979,-2.69279370307697,-2.24399475256414,-1.79519580205131,
-1.703611006396),.UNSPECIFIED.);
#94=B_SPLINE_CURVE_WITH_KNOTS('',3,(#1396,#1397,#1398,#1399,#1400,#1401,
#1402,#1403,#1404,#1405,#1406,#1407,#1408),.UNSPECIFIED.,.F.,.F.,(4,3,3,
3,4),(-3.14159265358979,-2.69280042102368,-2.24400818845756,-1.79521595589145,
-1.69579907757759),.UNSPECIFIED.);
#95=B_SPLINE_CURVE_WITH_KNOTS('',3,(#1491,#1492,#1493,#1494,#1495,#1496,
#1497,#1498,#1499,#1500,#1501,#1502,#1503,#1504,#1505,#1506,#1507,#1508,
#1509,#1510,#1511,#1512),.UNSPECIFIED.,.F.,.F.,(4,2,2,2,2,2,2,2,2,2,4),
(0.,0.0293095007013932,0.0575534454602386,0.0902613421387598,0.139821667307729,
0.190354757603325,0.245144267309728,0.293416870143046,0.342017553393365,
0.376885913908852,0.403153067379475),.UNSPECIFIED.);
#96=B_SPLINE_CURVE_WITH_KNOTS('',3,(#1516,#1517,#1518,#1519,#1520,#1521,
#1522,#1523,#1524,#1525,#1526),.UNSPECIFIED.,.F.,.F.,(4,1,1,1,1,1,1,1,4),
(0.,0.0437997367166049,0.0875994734332098,0.17519894686642,0.262798420299629,
0.437997367166049,0.525596840599259,0.569396577315864,0.613196314032469),
 .UNSPECIFIED.);
#97=B_SPLINE_CURVE_WITH_KNOTS('',3,(#1530,#1531,#1532,#1533,#1534,#1535,
#1536,#1537,#1538,#1539,#1540),.UNSPECIFIED.,.F.,.F.,(4,1,1,1,1,1,1,1,4),
(-0.613196314032469,-0.569396577315864,-0.525596840599259,-0.437997367166049,
-0.262798420299629,-0.17519894686642,-0.0875994734332098,-0.0437997367166049,
0.),.UNSPECIFIED.);
#98=B_SPLINE_CURVE_WITH_KNOTS('',3,(#1544,#1545,#1546,#1547),
 .UNSPECIFIED.,.F.,.F.,(4,4),(0.,0.041740937325943),.UNSPECIFIED.);
#99=B_SPLINE_CURVE_WITH_KNOTS('',3,(#1548,#1549,#1550,#1551,#1552,#1553,
#1554,#1555,#1556,#1557,#1558,#1559,#1560,#1561,#1562,#1563,#1564,#1565,
#1566,#1567,#1568,#1569,#1570,#1571,#1572,#1573,#1574,#1575,#1576,#1577,
#1578,#1579,#1580,#1581,#1582,#1583,#1584,#1585,#1586,#1587,#1588,#1589,
#1590,#1591,#1592,#1593),.UNSPECIFIED.,.F.,.F.,(4,2,2,2,2,2,2,2,2,2,2,2,
2,2,2,2,2,2,2,2,2,2,4),(0.041740937325943,0.0744703418139333,0.126224120169333,
0.172296007041908,0.215974420477103,0.255157947370935,0.294516038721626,
0.351927821211965,0.425987516315871,0.513491553808686,0.623168101149298,
0.76354010714658,0.868007407519635,0.935455811462573,0.964338771496162,
0.98647814385888,1.01169662948487,1.05957834316471,1.16896797386767,1.28473086019242,
1.40980639055618,1.47866167182499,1.54721013045734),.UNSPECIFIED.);
#100=B_SPLINE_CURVE_WITH_KNOTS('',3,(#1660,#1661,#1662,#1663,#1664,#1665,
#1666,#1667,#1668,#1669,#1670,#1671,#1672,#1673,#1674,#1675,#1676,#1677,
#1678,#1679,#1680,#1681,#1682,#1683),.UNSPECIFIED.,.F.,.F.,(4,2,2,2,2,2,
2,2,2,2,2,4),(1.86206823545009E-5,0.0269938167714973,0.0670173641806193,
0.109867137162128,0.15716865681177,0.20807749595127,0.259824009796561,0.309330732452988,
0.342931934973909,0.371250648366169,0.387350646692267,0.403047009190644),
 .UNSPECIFIED.);
#101=B_SPLINE_CURVE_WITH_KNOTS('',3,(#1684,#1685,#1686,#1687,#1688,#1689,
#1690,#1691,#1692,#1693,#1694),.UNSPECIFIED.,.F.,.F.,(4,1,1,1,1,1,1,1,4),
(-0.613208099970508,-0.569407521401186,-0.525606942831864,-0.43800578569322,
-0.262803471415932,-0.175202314277288,-0.0876011571386439,-0.043800578569322,
0.),.UNSPECIFIED.);
#102=B_SPLINE_CURVE_WITH_KNOTS('',3,(#1695,#1696,#1697,#1698,#1699,#1700,
#1701,#1702,#1703,#1704,#1705),.UNSPECIFIED.,.F.,.F.,(4,1,1,1,1,1,1,1,4),
(0.,0.043800578569322,0.0876011571386439,0.175202314277288,0.262803471415932,
0.43800578569322,0.525606942831864,0.569407521401186,0.613208099970508),
 .UNSPECIFIED.);
#103=B_SPLINE_CURVE_WITH_KNOTS('',3,(#1708,#1709,#1710,#1711,#1712,#1713,
#1714,#1715),.UNSPECIFIED.,.F.,.F.,(4,2,2,4),(0.,0.0463575497543785,0.100631158089004,
0.121722562324694),.UNSPECIFIED.);
#104=B_SPLINE_CURVE_WITH_KNOTS('',3,(#1716,#1717,#1718,#1719,#1720,#1721,
#1722,#1723,#1724,#1725,#1726,#1727,#1728,#1729,#1730,#1731,#1732,#1733,
#1734,#1735,#1736,#1737,#1738,#1739,#1740,#1741,#1742,#1743,#1744,#1745,
#1746,#1747,#1748,#1749,#1750,#1751,#1752,#1753,#1754,#1755,#1756,#1757),
 .UNSPECIFIED.,.F.,.F.,(4,2,2,2,2,2,2,2,2,2,2,2,2,2,2,2,2,2,2,2,4),(0.121722562324694,
0.180286554837379,0.264318560023919,0.369611626091128,0.508749620961056,
0.61078610763073,0.689949863890511,0.719997170871259,0.741747938214058,
0.765710740214275,0.808378002808874,0.909788892763738,1.01925589509328,
1.14220667705157,1.24348282539392,1.32605978063849,1.38916937797133,1.42934421531952,
1.46743961087688,1.50996816431004,1.52730794167604),.UNSPECIFIED.);
#105=B_SPLINE_CURVE_WITH_KNOTS('',3,(#1787,#1788,#1789,#1790,#1791,#1792,
#1793,#1794,#1795,#1796,#1797,#1798,#1799),.UNSPECIFIED.,.F.,.F.,(4,3,3,
3,4),(-3.14159265358979,-2.30956862118388,-1.5021012911815,-0.672395769165105,
0.),.UNSPECIFIED.);
#106=B_SPLINE_CURVE_WITH_KNOTS('',3,(#1846,#1847,#1848,#1849,#1850,#1851,
#1852,#1853,#1854,#1855,#1856,#1857,#1858,#1859,#1860,#1861),
 .UNSPECIFIED.,.F.,.F.,(4,3,3,3,3,4),(0.,0.207855823278028,1.02333124574981,
1.83003409517138,2.6617679464641,3.14159265358979),.UNSPECIFIED.);
#107=B_SPLINE_CURVE_WITH_KNOTS('',3,(#1865,#1866,#1867,#1868,#1869,#1870,
#1871,#1872,#1873,#1874,#1875,#1876,#1877,#1878,#1879,#1880,#1881,#1882,
#1883,#1884,#1885,#1886,#1887,#1888,#1889,#1890,#1891,#1892,#1893,#1894,
#1895,#1896,#1897,#1898),.UNSPECIFIED.,.F.,.F.,(4,3,3,3,3,3,3,3,3,3,3,4),
(-0.15771402819442,-0.153831013982037,-0.136503124865245,-0.118695856482713,
-0.116439090206409,-0.0949857076102911,-0.0811516206355179,-0.0588760990434739,
-0.0412936921008993,-0.0231956277105614,-0.0178634337426958,0.),
 .UNSPECIFIED.);
#108=B_SPLINE_CURVE_WITH_KNOTS('',3,(#1902,#1903,#1904,#1905,#1906,#1907,
#1908,#1909,#1910,#1911,#1912,#1913,#1914,#1915,#1916,#1917,#1918,#1919,
#1920,#1921,#1922,#1923,#1924,#1925,#1926,#1927,#1928,#1929,#1930,#1931,
#1932),.UNSPECIFIED.,.F.,.F.,(4,3,3,3,3,3,3,3,3,3,4),(0.,0.00121460959619124,
0.0190515213334062,0.0372508255312722,0.0430928680254656,0.0644549555724263,
0.0824432801124364,0.103217882074655,0.121781449354128,0.139770134260824,
0.157758819167521),.UNSPECIFIED.);
#109=B_SPLINE_CURVE_WITH_KNOTS('',3,(#2002,#2003,#2004,#2005,#2006,#2007,
#2008,#2009,#2010,#2011,#2012,#2013,#2014,#2015,#2016,#2017,#2018,#2019,
#2020,#2021,#2022,#2023),.UNSPECIFIED.,.F.,.F.,(4,2,2,2,2,2,2,2,2,2,4),
(-3.00972732830419,-2.6854941864108,-2.29398532077929,-1.99344314888805,
-1.72221274780409,-1.56530857129658,-1.42941051643911,-1.24952008820304,
-0.967941223333153,-0.596809412290285,-0.050072837130155),.UNSPECIFIED.);
#110=B_SPLINE_CURVE_WITH_KNOTS('',3,(#2025,#2026,#2027,#2028,#2029,#2030,
#2031,#2032,#2033,#2034,#2035,#2036,#2037),.UNSPECIFIED.,.F.,.F.,(4,3,3,
3,4),(1.70348269985774,1.7952116566093,2.24400532226946,2.69279898792963,
3.14159265358979),.UNSPECIFIED.);
#111=B_SPLINE_CURVE_WITH_KNOTS('',3,(#2039,#2040,#2041,#2042,#2043,#2044,
#2045),.UNSPECIFIED.,.F.,.F.,(4,3,4),(-3.14159265358979,-2.31329720802413,
-1.70372380617159),.UNSPECIFIED.);
#112=FACE_OUTER_BOUND('',#144,.T.);
#113=FACE_OUTER_BOUND('',#145,.T.);
#114=FACE_OUTER_BOUND('',#146,.T.);
#115=FACE_OUTER_BOUND('',#147,.T.);
#116=FACE_OUTER_BOUND('',#148,.T.);
#117=FACE_OUTER_BOUND('',#149,.T.);
#118=FACE_OUTER_BOUND('',#151,.T.);
#119=FACE_OUTER_BOUND('',#153,.T.);
#120=FACE_OUTER_BOUND('',#154,.T.);
#121=FACE_OUTER_BOUND('',#157,.T.);
#122=FACE_OUTER_BOUND('',#160,.T.);
#123=FACE_OUTER_BOUND('',#161,.T.);
#124=FACE_OUTER_BOUND('',#162,.T.);
#125=FACE_OUTER_BOUND('',#163,.T.);
#126=FACE_OUTER_BOUND('',#164,.T.);
#127=FACE_OUTER_BOUND('',#165,.T.);
#128=FACE_OUTER_BOUND('',#168,.T.);
#129=FACE_OUTER_BOUND('',#170,.T.);
#130=FACE_OUTER_BOUND('',#172,.T.);
#131=FACE_OUTER_BOUND('',#173,.T.);
#132=FACE_OUTER_BOUND('',#176,.T.);
#133=FACE_OUTER_BOUND('',#178,.T.);
#134=FACE_OUTER_BOUND('',#180,.T.);
#135=FACE_OUTER_BOUND('',#181,.T.);
#136=FACE_OUTER_BOUND('',#182,.T.);
#137=FACE_OUTER_BOUND('',#183,.T.);
#138=FACE_OUTER_BOUND('',#184,.T.);
#139=FACE_OUTER_BOUND('',#185,.T.);
#140=FACE_OUTER_BOUND('',#186,.T.);
#141=FACE_OUTER_BOUND('',#187,.T.);
#142=FACE_OUTER_BOUND('',#188,.T.);
#143=FACE_OUTER_BOUND('',#190,.T.);
#144=EDGE_LOOP('',(#385,#386,#387,#388));
#145=EDGE_LOOP('',(#389,#390,#391,#392));
#146=EDGE_LOOP('',(#393,#394,#395,#396));
#147=EDGE_LOOP('',(#397,#398,#399,#400));
#148=EDGE_LOOP('',(#401,#402,#403,#404,#405,#406,#407,#408,#409,#410,#411,
#412));
#149=EDGE_LOOP('',(#413,#414));
#150=EDGE_LOOP('',(#415));
#151=EDGE_LOOP('',(#416,#417));
#152=EDGE_LOOP('',(#418));
#153=EDGE_LOOP('',(#419,#420,#421,#422));
#154=EDGE_LOOP('',(#423,#424,#425));
#155=EDGE_LOOP('',(#426));
#156=EDGE_LOOP('',(#427));
#157=EDGE_LOOP('',(#428,#429,#430));
#158=EDGE_LOOP('',(#431));
#159=EDGE_LOOP('',(#432));
#160=EDGE_LOOP('',(#433,#434,#435,#436));
#161=EDGE_LOOP('',(#437,#438,#439,#440));
#162=EDGE_LOOP('',(#441,#442,#443,#444));
#163=EDGE_LOOP('',(#445,#446,#447,#448,#449,#450,#451,#452,#453,#454,#455,
#456));
#164=EDGE_LOOP('',(#457,#458,#459,#460));
#165=EDGE_LOOP('',(#461,#462,#463));
#166=EDGE_LOOP('',(#464));
#167=EDGE_LOOP('',(#465));
#168=EDGE_LOOP('',(#466,#467));
#169=EDGE_LOOP('',(#468));
#170=EDGE_LOOP('',(#469,#470));
#171=EDGE_LOOP('',(#471));
#172=EDGE_LOOP('',(#472,#473,#474,#475));
#173=EDGE_LOOP('',(#476,#477,#478));
#174=EDGE_LOOP('',(#479));
#175=EDGE_LOOP('',(#480));
#176=EDGE_LOOP('',(#481,#482,#483,#484,#485,#486));
#177=EDGE_LOOP('',(#487,#488));
#178=EDGE_LOOP('',(#489,#490,#491,#492,#493,#494));
#179=EDGE_LOOP('',(#495,#496));
#180=EDGE_LOOP('',(#497,#498,#499,#500));
#181=EDGE_LOOP('',(#501,#502));
#182=EDGE_LOOP('',(#503,#504,#505,#506,#507));
#183=EDGE_LOOP('',(#508,#509,#510,#511,#512));
#184=EDGE_LOOP('',(#513,#514,#515,#516,#517));
#185=EDGE_LOOP('',(#518,#519,#520,#521));
#186=EDGE_LOOP('',(#522,#523,#524,#525));
#187=EDGE_LOOP('',(#526,#527,#528,#529,#530,#531,#532,#533,#534));
#188=EDGE_LOOP('',(#535,#536));
#189=EDGE_LOOP('',(#537));
#190=EDGE_LOOP('',(#538,#539,#540));
#191=EDGE_LOOP('',(#541));
#192=EDGE_LOOP('',(#542));
#193=LINE('',#812,#217);
#194=LINE('',#818,#218);
#195=LINE('',#855,#219);
#196=LINE('',#891,#220);
#197=LINE('',#924,#221);
#198=LINE('',#954,#222);
#199=LINE('',#1058,#223);
#200=LINE('',#1101,#224);
#201=LINE('',#1109,#225);
#202=LINE('',#1115,#226);
#203=LINE('',#1149,#227);
#204=LINE('',#1182,#228);
#205=LINE('',#1286,#229);
#206=LINE('',#1410,#230);
#207=LINE('',#1411,#231);
#208=LINE('',#1420,#232);
#209=LINE('',#1785,#233);
#210=LINE('',#1800,#234);
#211=LINE('',#1804,#235);
#212=LINE('',#1808,#236);
#213=LINE('',#1812,#237);
#214=LINE('',#1900,#238);
#215=LINE('',#1933,#239);
#216=LINE('',#2038,#240);
#217=VECTOR('',#686,2.);
#218=VECTOR('',#693,2.);
#219=VECTOR('',#698,10.);
#220=VECTOR('',#699,10.);
#221=VECTOR('',#702,10.);
#222=VECTOR('',#703,10.);
#223=VECTOR('',#704,40.0031248779392);
#224=VECTOR('',#719,1.25);
#225=VECTOR('',#730,2.);
#226=VECTOR('',#737,2.);
#227=VECTOR('',#742,10.);
#228=VECTOR('',#743,10.);
#229=VECTOR('',#744,35.0035712463743);
#230=VECTOR('',#747,10.);
#231=VECTOR('',#748,10.);
#232=VECTOR('',#761,1.25);
#233=VECTOR('',#772,10.);
#234=VECTOR('',#773,10.);
#235=VECTOR('',#778,2.);
#236=VECTOR('',#783,1.25);
#237=VECTOR('',#788,2.);
#238=VECTOR('',#793,10.);
#239=VECTOR('',#794,10.);
#240=VECTOR('',#795,20.0022498734517);
#241=CIRCLE('',#629,2.);
#242=CIRCLE('',#630,2.);
#243=CIRCLE('',#632,2.);
#244=CIRCLE('',#633,2.);
#245=CIRCLE('',#647,2.);
#246=CIRCLE('',#648,2.);
#247=CIRCLE('',#650,2.);
#248=CIRCLE('',#651,2.);
#249=CIRCLE('',#662,5.);
#250=CIRCLE('',#663,5.);
#251=CIRCLE('',#664,5.);
#252=CIRCLE('',#667,2.);
#253=CIRCLE('',#671,2.);
#254=VERTEX_POINT('',#809);
#255=VERTEX_POINT('',#811);
#256=VERTEX_POINT('',#815);
#257=VERTEX_POINT('',#817);
#258=VERTEX_POINT('',#821);
#259=VERTEX_POINT('',#822);
#260=VERTEX_POINT('',#854);
#261=VERTEX_POINT('',#856);
#262=VERTEX_POINT('',#893);
#263=VERTEX_POINT('',#894);
#264=VERTEX_POINT('',#923);
#265=VERTEX_POINT('',#925);
#266=VERTEX_POINT('',#1043);
#267=VERTEX_POINT('',#1057);
#268=VERTEX_POINT('',#1095);
#269=VERTEX_POINT('',#1098);
#270=VERTEX_POINT('',#1106);
#271=VERTEX_POINT('',#1108);
#272=VERTEX_POINT('',#1112);
#273=VERTEX_POINT('',#1114);
#274=VERTEX_POINT('',#1118);
#275=VERTEX_POINT('',#1119);
#276=VERTEX_POINT('',#1148);
#277=VERTEX_POINT('',#1150);
#278=VERTEX_POINT('',#1271);
#279=VERTEX_POINT('',#1285);
#280=VERTEX_POINT('',#1287);
#281=VERTEX_POINT('',#1301);
#282=VERTEX_POINT('',#1333);
#283=VERTEX_POINT('',#1354);
#284=VERTEX_POINT('',#1414);
#285=VERTEX_POINT('',#1417);
#286=VERTEX_POINT('',#1489);
#287=VERTEX_POINT('',#1490);
#288=VERTEX_POINT('',#1513);
#289=VERTEX_POINT('',#1515);
#290=VERTEX_POINT('',#1527);
#291=VERTEX_POINT('',#1529);
#292=VERTEX_POINT('',#1542);
#293=VERTEX_POINT('',#1543);
#294=VERTEX_POINT('',#1706);
#295=VERTEX_POINT('',#1707);
#296=VERTEX_POINT('',#1784);
#297=VERTEX_POINT('',#1786);
#298=VERTEX_POINT('',#1803);
#299=VERTEX_POINT('',#1807);
#300=VERTEX_POINT('',#1811);
#301=VERTEX_POINT('',#1863);
#302=VERTEX_POINT('',#1864);
#303=VERTEX_POINT('',#1899);
#304=VERTEX_POINT('',#1901);
#305=VERTEX_POINT('',#2024);
#306=EDGE_CURVE('',#254,#254,#241,.T.);
#307=EDGE_CURVE('',#254,#255,#193,.T.);
#308=EDGE_CURVE('',#255,#255,#242,.T.);
#309=EDGE_CURVE('',#256,#256,#243,.T.);
#310=EDGE_CURVE('',#256,#257,#194,.T.);
#311=EDGE_CURVE('',#257,#257,#244,.T.);
#312=EDGE_CURVE('',#258,#259,#77,.T.);
#313=EDGE_CURVE('',#259,#260,#195,.T.);
#314=EDGE_CURVE('',#260,#261,#78,.T.);
#315=EDGE_CURVE('',#261,#258,#196,.T.);
#316=EDGE_CURVE('',#262,#263,#79,.T.);
#317=EDGE_CURVE('',#263,#264,#197,.T.);
#318=EDGE_CURVE('',#264,#265,#80,.T.);
#319=EDGE_CURVE('',#262,#265,#198,.T.);
#320=EDGE_CURVE('',#258,#261,#81,.T.);
#321=EDGE_CURVE('',#266,#260,#82,.T.);
#322=EDGE_CURVE('',#266,#267,#199,.T.);
#323=EDGE_CURVE('',#267,#263,#63,.T.);
#324=EDGE_CURVE('',#262,#265,#83,.T.);
#325=EDGE_CURVE('',#264,#267,#64,.T.);
#326=EDGE_CURVE('',#259,#266,#84,.T.);
#327=EDGE_CURVE('',#268,#268,#65,.T.);
#328=EDGE_CURVE('',#269,#269,#66,.T.);
#329=EDGE_CURVE('',#269,#268,#200,.T.);
#330=EDGE_CURVE('',#270,#270,#245,.T.);
#331=EDGE_CURVE('',#270,#271,#201,.T.);
#332=EDGE_CURVE('',#271,#271,#246,.T.);
#333=EDGE_CURVE('',#272,#272,#247,.T.);
#334=EDGE_CURVE('',#272,#273,#202,.T.);
#335=EDGE_CURVE('',#273,#273,#248,.T.);
#336=EDGE_CURVE('',#274,#275,#85,.T.);
#337=EDGE_CURVE('',#275,#276,#203,.T.);
#338=EDGE_CURVE('',#276,#277,#86,.T.);
#339=EDGE_CURVE('',#274,#277,#204,.T.);
#340=EDGE_CURVE('',#274,#277,#87,.T.);
#341=EDGE_CURVE('',#276,#278,#88,.T.);
#342=EDGE_CURVE('',#279,#278,#205,.T.);
#343=EDGE_CURVE('',#280,#279,#89,.T.);
#344=EDGE_CURVE('',#281,#280,#90,.T.);
#345=EDGE_CURVE('',#281,#282,#91,.T.);
#346=EDGE_CURVE('',#283,#282,#92,.T.);
#347=EDGE_CURVE('',#279,#283,#93,.T.);
#348=EDGE_CURVE('',#278,#275,#94,.T.);
#349=EDGE_CURVE('',#280,#283,#206,.T.);
#350=EDGE_CURVE('',#282,#281,#207,.T.);
#351=EDGE_CURVE('',#284,#284,#67,.T.);
#352=EDGE_CURVE('',#285,#285,#68,.T.);
#353=EDGE_CURVE('',#284,#285,#208,.T.);
#354=EDGE_CURVE('',#286,#287,#95,.T.);
#355=EDGE_CURVE('',#288,#287,#249,.T.);
#356=EDGE_CURVE('',#288,#289,#96,.T.);
#357=EDGE_CURVE('',#290,#289,#250,.T.);
#358=EDGE_CURVE('',#290,#291,#97,.T.);
#359=EDGE_CURVE('',#286,#291,#251,.T.);
#360=EDGE_CURVE('',#292,#293,#98,.T.);
#361=EDGE_CURVE('',#293,#292,#99,.T.);
#362=EDGE_CURVE('',#287,#286,#100,.T.);
#363=EDGE_CURVE('',#291,#290,#101,.T.);
#364=EDGE_CURVE('',#289,#288,#102,.T.);
#365=EDGE_CURVE('',#294,#295,#103,.T.);
#366=EDGE_CURVE('',#295,#294,#104,.T.);
#367=EDGE_CURVE('',#296,#289,#209,.T.);
#368=EDGE_CURVE('',#296,#297,#105,.T.);
#369=EDGE_CURVE('',#288,#297,#210,.T.);
#370=EDGE_CURVE('',#295,#298,#211,.T.);
#371=EDGE_CURVE('',#298,#298,#252,.T.);
#372=EDGE_CURVE('',#287,#299,#212,.T.);
#373=EDGE_CURVE('',#299,#299,#69,.T.);
#374=EDGE_CURVE('',#293,#300,#213,.T.);
#375=EDGE_CURVE('',#300,#300,#253,.T.);
#376=EDGE_CURVE('',#297,#296,#106,.T.);
#377=EDGE_CURVE('',#301,#302,#107,.T.);
#378=EDGE_CURVE('',#302,#303,#214,.T.);
#379=EDGE_CURVE('',#303,#304,#108,.T.);
#380=EDGE_CURVE('',#301,#304,#215,.T.);
#381=EDGE_CURVE('',#301,#304,#109,.T.);
#382=EDGE_CURVE('',#303,#305,#110,.T.);
#383=EDGE_CURVE('',#296,#305,#216,.T.);
#384=EDGE_CURVE('',#305,#302,#111,.T.);
#385=ORIENTED_EDGE('',*,*,#306,.F.);
#386=ORIENTED_EDGE('',*,*,#307,.T.);
#387=ORIENTED_EDGE('',*,*,#308,.F.);
#388=ORIENTED_EDGE('',*,*,#307,.F.);
#389=ORIENTED_EDGE('',*,*,#309,.F.);
#390=ORIENTED_EDGE('',*,*,#310,.T.);
#391=ORIENTED_EDGE('',*,*,#311,.F.);
#392=ORIENTED_EDGE('',*,*,#310,.F.);
#393=ORIENTED_EDGE('',*,*,#312,.T.);
#394=ORIENTED_EDGE('',*,*,#313,.T.);
#395=ORIENTED_EDGE('',*,*,#314,.T.);
#396=ORIENTED_EDGE('',*,*,#315,.T.);
#397=ORIENTED_EDGE('',*,*,#316,.T.);
#398=ORIENTED_EDGE('',*,*,#317,.T.);
#399=ORIENTED_EDGE('',*,*,#318,.T.);
#400=ORIENTED_EDGE('',*,*,#319,.F.);
#401=ORIENTED_EDGE('',*,*,#312,.F.);
#402=ORIENTED_EDGE('',*,*,#320,.T.);
#403=ORIENTED_EDGE('',*,*,#314,.F.);
#404=ORIENTED_EDGE('',*,*,#321,.F.);
#405=ORIENTED_EDGE('',*,*,#322,.T.);
#406=ORIENTED_EDGE('',*,*,#323,.T.);
#407=ORIENTED_EDGE('',*,*,#316,.F.);
#408=ORIENTED_EDGE('',*,*,#324,.T.);
#409=ORIENTED_EDGE('',*,*,#318,.F.);
#410=ORIENTED_EDGE('',*,*,#325,.T.);
#411=ORIENTED_EDGE('',*,*,#322,.F.);
#412=ORIENTED_EDGE('',*,*,#326,.F.);
#413=ORIENTED_EDGE('',*,*,#324,.F.);
#414=ORIENTED_EDGE('',*,*,#319,.T.);
#415=ORIENTED_EDGE('',*,*,#327,.F.);
#416=ORIENTED_EDGE('',*,*,#320,.F.);
#417=ORIENTED_EDGE('',*,*,#315,.F.);
#418=ORIENTED_EDGE('',*,*,#328,.F.);
#419=ORIENTED_EDGE('',*,*,#328,.T.);
#420=ORIENTED_EDGE('',*,*,#329,.T.);
#421=ORIENTED_EDGE('',*,*,#327,.T.);
#422=ORIENTED_EDGE('',*,*,#329,.F.);
#423=ORIENTED_EDGE('',*,*,#317,.F.);
#424=ORIENTED_EDGE('',*,*,#323,.F.);
#425=ORIENTED_EDGE('',*,*,#325,.F.);
#426=ORIENTED_EDGE('',*,*,#308,.T.);
#427=ORIENTED_EDGE('',*,*,#311,.T.);
#428=ORIENTED_EDGE('',*,*,#313,.F.);
#429=ORIENTED_EDGE('',*,*,#326,.T.);
#430=ORIENTED_EDGE('',*,*,#321,.T.);
#431=ORIENTED_EDGE('',*,*,#306,.T.);
#432=ORIENTED_EDGE('',*,*,#309,.T.);
#433=ORIENTED_EDGE('',*,*,#330,.F.);
#434=ORIENTED_EDGE('',*,*,#331,.T.);
#435=ORIENTED_EDGE('',*,*,#332,.F.);
#436=ORIENTED_EDGE('',*,*,#331,.F.);
#437=ORIENTED_EDGE('',*,*,#333,.F.);
#438=ORIENTED_EDGE('',*,*,#334,.T.);
#439=ORIENTED_EDGE('',*,*,#335,.F.);
#440=ORIENTED_EDGE('',*,*,#334,.F.);
#441=ORIENTED_EDGE('',*,*,#336,.T.);
#442=ORIENTED_EDGE('',*,*,#337,.T.);
#443=ORIENTED_EDGE('',*,*,#338,.T.);
#444=ORIENTED_EDGE('',*,*,#339,.F.);
#445=ORIENTED_EDGE('',*,*,#336,.F.);
#446=ORIENTED_EDGE('',*,*,#340,.T.);
#447=ORIENTED_EDGE('',*,*,#338,.F.);
#448=ORIENTED_EDGE('',*,*,#341,.T.);
#449=ORIENTED_EDGE('',*,*,#342,.F.);
#450=ORIENTED_EDGE('',*,*,#343,.F.);
#451=ORIENTED_EDGE('',*,*,#344,.F.);
#452=ORIENTED_EDGE('',*,*,#345,.T.);
#453=ORIENTED_EDGE('',*,*,#346,.F.);
#454=ORIENTED_EDGE('',*,*,#347,.F.);
#455=ORIENTED_EDGE('',*,*,#342,.T.);
#456=ORIENTED_EDGE('',*,*,#348,.T.);
#457=ORIENTED_EDGE('',*,*,#344,.T.);
#458=ORIENTED_EDGE('',*,*,#349,.T.);
#459=ORIENTED_EDGE('',*,*,#346,.T.);
#460=ORIENTED_EDGE('',*,*,#350,.T.);
#461=ORIENTED_EDGE('',*,*,#349,.F.);
#462=ORIENTED_EDGE('',*,*,#343,.T.);
#463=ORIENTED_EDGE('',*,*,#347,.T.);
#464=ORIENTED_EDGE('',*,*,#330,.T.);
#465=ORIENTED_EDGE('',*,*,#333,.T.);
#466=ORIENTED_EDGE('',*,*,#345,.F.);
#467=ORIENTED_EDGE('',*,*,#350,.F.);
#468=ORIENTED_EDGE('',*,*,#351,.F.);
#469=ORIENTED_EDGE('',*,*,#340,.F.);
#470=ORIENTED_EDGE('',*,*,#339,.T.);
#471=ORIENTED_EDGE('',*,*,#352,.F.);
#472=ORIENTED_EDGE('',*,*,#351,.T.);
#473=ORIENTED_EDGE('',*,*,#353,.T.);
#474=ORIENTED_EDGE('',*,*,#352,.T.);
#475=ORIENTED_EDGE('',*,*,#353,.F.);
#476=ORIENTED_EDGE('',*,*,#337,.F.);
#477=ORIENTED_EDGE('',*,*,#348,.F.);
#478=ORIENTED_EDGE('',*,*,#341,.F.);
#479=ORIENTED_EDGE('',*,*,#332,.T.);
#480=ORIENTED_EDGE('',*,*,#335,.T.);
#481=ORIENTED_EDGE('',*,*,#354,.T.);
#482=ORIENTED_EDGE('',*,*,#355,.F.);
#483=ORIENTED_EDGE('',*,*,#356,.T.);
#484=ORIENTED_EDGE('',*,*,#357,.F.);
#485=ORIENTED_EDGE('',*,*,#358,.T.);
#486=ORIENTED_EDGE('',*,*,#359,.F.);
#487=ORIENTED_EDGE('',*,*,#360,.T.);
#488=ORIENTED_EDGE('',*,*,#361,.T.);
#489=ORIENTED_EDGE('',*,*,#362,.T.);
#490=ORIENTED_EDGE('',*,*,#359,.T.);
#491=ORIENTED_EDGE('',*,*,#363,.T.);
#492=ORIENTED_EDGE('',*,*,#357,.T.);
#493=ORIENTED_EDGE('',*,*,#364,.T.);
#494=ORIENTED_EDGE('',*,*,#355,.T.);
#495=ORIENTED_EDGE('',*,*,#365,.T.);
#496=ORIENTED_EDGE('',*,*,#366,.T.);
#497=ORIENTED_EDGE('',*,*,#364,.F.);
#498=ORIENTED_EDGE('',*,*,#367,.F.);
#499=ORIENTED_EDGE('',*,*,#368,.T.);
#500=ORIENTED_EDGE('',*,*,#369,.F.);
#501=ORIENTED_EDGE('',*,*,#363,.F.);
#502=ORIENTED_EDGE('',*,*,#358,.F.);
#503=ORIENTED_EDGE('',*,*,#365,.F.);
#504=ORIENTED_EDGE('',*,*,#366,.F.);
#505=ORIENTED_EDGE('',*,*,#370,.T.);
#506=ORIENTED_EDGE('',*,*,#371,.F.);
#507=ORIENTED_EDGE('',*,*,#370,.F.);
#508=ORIENTED_EDGE('',*,*,#354,.F.);
#509=ORIENTED_EDGE('',*,*,#362,.F.);
#510=ORIENTED_EDGE('',*,*,#372,.T.);
#511=ORIENTED_EDGE('',*,*,#373,.T.);
#512=ORIENTED_EDGE('',*,*,#372,.F.);
#513=ORIENTED_EDGE('',*,*,#360,.F.);
#514=ORIENTED_EDGE('',*,*,#361,.F.);
#515=ORIENTED_EDGE('',*,*,#374,.T.);
#516=ORIENTED_EDGE('',*,*,#375,.F.);
#517=ORIENTED_EDGE('',*,*,#374,.F.);
#518=ORIENTED_EDGE('',*,*,#356,.F.);
#519=ORIENTED_EDGE('',*,*,#369,.T.);
#520=ORIENTED_EDGE('',*,*,#376,.T.);
#521=ORIENTED_EDGE('',*,*,#367,.T.);
#522=ORIENTED_EDGE('',*,*,#377,.T.);
#523=ORIENTED_EDGE('',*,*,#378,.T.);
#524=ORIENTED_EDGE('',*,*,#379,.T.);
#525=ORIENTED_EDGE('',*,*,#380,.F.);
#526=ORIENTED_EDGE('',*,*,#377,.F.);
#527=ORIENTED_EDGE('',*,*,#381,.T.);
#528=ORIENTED_EDGE('',*,*,#379,.F.);
#529=ORIENTED_EDGE('',*,*,#382,.T.);
#530=ORIENTED_EDGE('',*,*,#383,.F.);
#531=ORIENTED_EDGE('',*,*,#376,.F.);
#532=ORIENTED_EDGE('',*,*,#368,.F.);
#533=ORIENTED_EDGE('',*,*,#383,.T.);
#534=ORIENTED_EDGE('',*,*,#384,.T.);
#535=ORIENTED_EDGE('',*,*,#381,.F.);
#536=ORIENTED_EDGE('',*,*,#380,.T.);
#537=ORIENTED_EDGE('',*,*,#373,.F.);
#538=ORIENTED_EDGE('',*,*,#378,.F.);
#539=ORIENTED_EDGE('',*,*,#384,.F.);
#540=ORIENTED_EDGE('',*,*,#382,.F.);
#541=ORIENTED_EDGE('',*,*,#371,.T.);
#542=ORIENTED_EDGE('',*,*,#375,.T.);
#543=CYLINDRICAL_SURFACE('',#628,2.);
#544=CYLINDRICAL_SURFACE('',#631,2.);
#545=CYLINDRICAL_SURFACE('',#634,1.);
#546=CYLINDRICAL_SURFACE('',#635,1.);
#547=CYLINDRICAL_SURFACE('',#642,1.25);
#548=CYLINDRICAL_SURFACE('',#646,2.);
#549=CYLINDRICAL_SURFACE('',#649,2.);
#550=CYLINDRICAL_SURFACE('',#652,1.);
#551=CYLINDRICAL_SURFACE('',#653,1.);
#552=CYLINDRICAL_SURFACE('',#659,1.25);
#553=CYLINDRICAL_SURFACE('',#666,2.);
#554=CYLINDRICAL_SURFACE('',#668,1.25);
#555=CYLINDRICAL_SURFACE('',#670,2.);
#556=CYLINDRICAL_SURFACE('',#672,1.);
#557=ADVANCED_FACE('',(#112),#543,.F.);
#558=ADVANCED_FACE('',(#113),#544,.F.);
#559=ADVANCED_FACE('',(#114),#545,.T.);
#560=ADVANCED_FACE('',(#115),#546,.T.);
#561=ADVANCED_FACE('',(#116),#70,.F.);
#562=ADVANCED_FACE('',(#117,#35),#52,.F.);
#563=ADVANCED_FACE('',(#118,#36),#53,.F.);
#564=ADVANCED_FACE('',(#119),#547,.F.);
#565=ADVANCED_FACE('',(#120,#37,#38),#54,.F.);
#566=ADVANCED_FACE('',(#121,#39,#40),#55,.T.);
#567=ADVANCED_FACE('',(#122),#548,.F.);
#568=ADVANCED_FACE('',(#123),#549,.F.);
#569=ADVANCED_FACE('',(#124),#550,.T.);
#570=ADVANCED_FACE('',(#125),#71,.F.);
#571=ADVANCED_FACE('',(#126),#551,.T.);
#572=ADVANCED_FACE('',(#127,#41,#42),#56,.T.);
#573=ADVANCED_FACE('',(#128,#43),#57,.F.);
#574=ADVANCED_FACE('',(#129,#44),#58,.F.);
#575=ADVANCED_FACE('',(#130),#552,.F.);
#576=ADVANCED_FACE('',(#131,#45,#46),#59,.F.);
#577=ADVANCED_FACE('',(#132,#47),#72,.F.);
#578=ADVANCED_FACE('',(#133,#48),#73,.F.);
#579=ADVANCED_FACE('',(#134),#74,.T.);
#580=ADVANCED_FACE('',(#135),#60,.T.);
#581=ADVANCED_FACE('',(#136),#553,.F.);
#582=ADVANCED_FACE('',(#137),#554,.F.);
#583=ADVANCED_FACE('',(#138),#555,.F.);
#584=ADVANCED_FACE('',(#139),#75,.T.);
#585=ADVANCED_FACE('',(#140),#556,.T.);
#586=ADVANCED_FACE('',(#141),#76,.F.);
#587=ADVANCED_FACE('',(#142,#49),#61,.F.);
#588=ADVANCED_FACE('',(#143,#50,#51),#62,.F.);
#589=CLOSED_SHELL('',(#557,#558,#559,#560,#561,#562,#563,#564,#565,#566));
#590=CLOSED_SHELL('',(#567,#568,#569,#570,#571,#572,#573,#574,#575,#576));
#591=CLOSED_SHELL('',(#577,#578,#579,#580,#581,#582,#583,#584,#585,#586,
#587,#588));
#592=DERIVED_UNIT_ELEMENT(#598,1.);
#593=DERIVED_UNIT_ELEMENT(#2062,-3.);
#594=DERIVED_UNIT_ELEMENT(#598,1.);
#595=DERIVED_UNIT_ELEMENT(#2062,-3.);
#596=DERIVED_UNIT_ELEMENT(#598,1.);
#597=DERIVED_UNIT_ELEMENT(#2062,-3.);
#598=(
MASS_UNIT()
NAMED_UNIT(*)
SI_UNIT(.KILO.,.GRAM.)
);
#599=DERIVED_UNIT((#592,#593));
#600=DERIVED_UNIT((#594,#595));
#601=DERIVED_UNIT((#596,#597));
#602=MEASURE_REPRESENTATION_ITEM('density measure',
POSITIVE_RATIO_MEASURE(7850.),#599);
#603=MEASURE_REPRESENTATION_ITEM('density measure',
POSITIVE_RATIO_MEASURE(7850.),#600);
#604=MEASURE_REPRESENTATION_ITEM('density measure',
POSITIVE_RATIO_MEASURE(7850.),#601);
#605=PROPERTY_DEFINITION_REPRESENTATION(#620,#611);
#606=PROPERTY_DEFINITION_REPRESENTATION(#621,#612);
#607=PROPERTY_DEFINITION_REPRESENTATION(#622,#613);
#608=PROPERTY_DEFINITION_REPRESENTATION(#623,#614);
#609=PROPERTY_DEFINITION_REPRESENTATION(#624,#615);
#610=PROPERTY_DEFINITION_REPRESENTATION(#625,#616);
#611=REPRESENTATION('material name',(#617),#2057);
#612=REPRESENTATION('density',(#602),#2057);
#613=REPRESENTATION('material name',(#618),#2058);
#614=REPRESENTATION('density',(#603),#2058);
#615=REPRESENTATION('material name',(#619),#2059);
#616=REPRESENTATION('density',(#604),#2059);
#617=DESCRIPTIVE_REPRESENTATION_ITEM('Steel','Steel');
#618=DESCRIPTIVE_REPRESENTATION_ITEM('Steel','Steel');
#619=DESCRIPTIVE_REPRESENTATION_ITEM('Steel','Steel');
#620=PROPERTY_DEFINITION('material property','material name',#2082);
#621=PROPERTY_DEFINITION('material property','density of part',#2082);
#622=PROPERTY_DEFINITION('material property','material name',#2083);
#623=PROPERTY_DEFINITION('material property','density of part',#2083);
#624=PROPERTY_DEFINITION('material property','material name',#2084);
#625=PROPERTY_DEFINITION('material property','density of part',#2084);
#626=AXIS2_PLACEMENT_3D('',#806,#678,#679);
#627=AXIS2_PLACEMENT_3D('',#807,#680,#681);
#628=AXIS2_PLACEMENT_3D('',#808,#682,#683);
#629=AXIS2_PLACEMENT_3D('',#810,#684,#685);
#630=AXIS2_PLACEMENT_3D('',#813,#687,#688);
#631=AXIS2_PLACEMENT_3D('',#814,#689,#690);
#632=AXIS2_PLACEMENT_3D('',#816,#691,#692);
#633=AXIS2_PLACEMENT_3D('',#819,#694,#695);
#634=AXIS2_PLACEMENT_3D('',#820,#696,#697);
#635=AXIS2_PLACEMENT_3D('',#892,#700,#701);
#636=AXIS2_PLACEMENT_3D('',#1059,#705,#706);
#637=AXIS2_PLACEMENT_3D('',#1080,#707,#708);
#638=AXIS2_PLACEMENT_3D('',#1094,#709,#710);
#639=AXIS2_PLACEMENT_3D('',#1096,#711,#712);
#640=AXIS2_PLACEMENT_3D('',#1097,#713,#714);
#641=AXIS2_PLACEMENT_3D('',#1099,#715,#716);
#642=AXIS2_PLACEMENT_3D('',#1100,#717,#718);
#643=AXIS2_PLACEMENT_3D('',#1102,#720,#721);
#644=AXIS2_PLACEMENT_3D('',#1103,#722,#723);
#645=AXIS2_PLACEMENT_3D('',#1104,#724,#725);
#646=AXIS2_PLACEMENT_3D('',#1105,#726,#727);
#647=AXIS2_PLACEMENT_3D('',#1107,#728,#729);
#648=AXIS2_PLACEMENT_3D('',#1110,#731,#732);
#649=AXIS2_PLACEMENT_3D('',#1111,#733,#734);
#650=AXIS2_PLACEMENT_3D('',#1113,#735,#736);
#651=AXIS2_PLACEMENT_3D('',#1116,#738,#739);
#652=AXIS2_PLACEMENT_3D('',#1117,#740,#741);
#653=AXIS2_PLACEMENT_3D('',#1409,#745,#746);
#654=AXIS2_PLACEMENT_3D('',#1412,#749,#750);
#655=AXIS2_PLACEMENT_3D('',#1413,#751,#752);
#656=AXIS2_PLACEMENT_3D('',#1415,#753,#754);
#657=AXIS2_PLACEMENT_3D('',#1416,#755,#756);
#658=AXIS2_PLACEMENT_3D('',#1418,#757,#758);
#659=AXIS2_PLACEMENT_3D('',#1419,#759,#760);
#660=AXIS2_PLACEMENT_3D('',#1421,#762,#763);
#661=AXIS2_PLACEMENT_3D('',#1422,#764,#765);
#662=AXIS2_PLACEMENT_3D('',#1514,#766,#767);
#663=AXIS2_PLACEMENT_3D('',#1528,#768,#769);
#664=AXIS2_PLACEMENT_3D('',#1541,#770,#771);
#665=AXIS2_PLACEMENT_3D('',#1801,#774,#775);
#666=AXIS2_PLACEMENT_3D('',#1802,#776,#777);
#667=AXIS2_PLACEMENT_3D('',#1805,#779,#780);
#668=AXIS2_PLACEMENT_3D('',#1806,#781,#782);
#669=AXIS2_PLACEMENT_3D('',#1809,#784,#785);
#670=AXIS2_PLACEMENT_3D('',#1810,#786,#787);
#671=AXIS2_PLACEMENT_3D('',#1813,#789,#790);
#672=AXIS2_PLACEMENT_3D('',#1862,#791,#792);
#673=AXIS2_PLACEMENT_3D('',#2046,#796,#797);
#674=AXIS2_PLACEMENT_3D('',#2047,#798,#799);
#675=AXIS2_PLACEMENT_3D('',#2048,#800,#801);
#676=AXIS2_PLACEMENT_3D('',#2049,#802,#803);
#677=AXIS2_PLACEMENT_3D('',#2050,#804,#805);
#678=DIRECTION('axis',(0.,0.,1.));
#679=DIRECTION('refdir',(1.,0.,0.));
#680=DIRECTION('axis',(0.,0.,1.));
#681=DIRECTION('refdir',(1.,0.,0.));
#682=DIRECTION('center_axis',(0.,0.,-1.));
#683=DIRECTION('ref_axis',(-1.,0.,0.));
#684=DIRECTION('center_axis',(0.,0.,-1.));
#685=DIRECTION('ref_axis',(-1.,0.,0.));
#686=DIRECTION('',(0.,0.,-1.));
#687=DIRECTION('center_axis',(0.,0.,1.));
#688=DIRECTION('ref_axis',(-1.,0.,0.));
#689=DIRECTION('center_axis',(0.,0.,-1.));
#690=DIRECTION('ref_axis',(-1.,0.,0.));
#691=DIRECTION('center_axis',(0.,0.,-1.));
#692=DIRECTION('ref_axis',(-1.,0.,0.));
#693=DIRECTION('',(0.,0.,-1.));
#694=DIRECTION('center_axis',(0.,0.,1.));
#695=DIRECTION('ref_axis',(-1.,0.,0.));
#696=DIRECTION('center_axis',(0.,1.,0.));
#697=DIRECTION('ref_axis',(0.707106781186546,0.,0.707106781186549));
#698=DIRECTION('',(0.,-1.,0.));
#699=DIRECTION('',(0.,1.,0.));
#700=DIRECTION('center_axis',(0.,-1.,0.));
#701=DIRECTION('ref_axis',(0.707106781186548,0.,-0.707106781186548));
#702=DIRECTION('',(0.,1.,0.));
#703=DIRECTION('',(0.,1.,0.));
#704=DIRECTION('',(-0.012499023551926,-1.62635697594169E-18,-0.999921884154082));
#705=DIRECTION('center_axis',(0.,0.,1.));
#706=DIRECTION('ref_axis',(1.,0.,0.));
#707=DIRECTION('center_axis',(0.,0.,1.));
#708=DIRECTION('ref_axis',(1.,0.,0.));
#709=DIRECTION('center_axis',(-0.707106781186548,0.,0.707106781186548));
#710=DIRECTION('ref_axis',(0.707106781186548,0.,0.707106781186548));
#711=DIRECTION('center_axis',(0.707106781186548,0.,-0.707106781186548));
#712=DIRECTION('ref_axis',(-0.707106781186547,0.,-0.707106781186547));
#713=DIRECTION('center_axis',(-0.707106781186548,0.,-0.707106781186548));
#714=DIRECTION('ref_axis',(-0.707106781186548,0.,0.707106781186548));
#715=DIRECTION('center_axis',(0.707106781186548,0.,0.707106781186548));
#716=DIRECTION('ref_axis',(-0.707106781186547,0.,0.707106781186547));
#717=DIRECTION('center_axis',(0.,0.,-1.));
#718=DIRECTION('ref_axis',(-1.,0.,0.));
#719=DIRECTION('',(0.,0.,-1.));
#720=DIRECTION('center_axis',(0.,0.,1.));
#721=DIRECTION('ref_axis',(1.,0.,0.));
#722=DIRECTION('center_axis',(0.,0.,1.));
#723=DIRECTION('ref_axis',(1.,0.,0.));
#724=DIRECTION('axis',(0.,0.,1.));
#725=DIRECTION('refdir',(1.,0.,0.));
#726=DIRECTION('center_axis',(0.,0.,-1.));
#727=DIRECTION('ref_axis',(-1.,0.,0.));
#728=DIRECTION('center_axis',(0.,0.,-1.));
#729=DIRECTION('ref_axis',(-1.,0.,0.));
#730=DIRECTION('',(0.,0.,-1.));
#731=DIRECTION('center_axis',(9.22884993459E-32,-2.10757368777042E-31,1.));
#732=DIRECTION('ref_axis',(-1.,0.,0.));
#733=DIRECTION('center_axis',(0.,0.,-1.));
#734=DIRECTION('ref_axis',(-1.,0.,0.));
#735=DIRECTION('center_axis',(0.,0.,-1.));
#736=DIRECTION('ref_axis',(-1.,0.,0.));
#737=DIRECTION('',(0.,0.,-1.));
#738=DIRECTION('center_axis',(9.22884993459E-32,-2.10757368777042E-31,1.));
#739=DIRECTION('ref_axis',(-1.,0.,0.));
#740=DIRECTION('center_axis',(-1.94833885213426E-62,-1.,-2.10757368777042E-31));
#741=DIRECTION('ref_axis',(0.707106781186555,0.,-0.70710678118654));
#742=DIRECTION('',(1.94833885213426E-62,1.,2.10757368777042E-31));
#743=DIRECTION('',(0.,1.,0.));
#744=DIRECTION('',(-0.0142842567828502,-1.85864908363818E-18,-0.99989797479951));
#745=DIRECTION('center_axis',(0.,1.,0.));
#746=DIRECTION('ref_axis',(0.707106781186549,0.,0.707106781186546));
#747=DIRECTION('',(0.,-1.,0.));
#748=DIRECTION('',(0.,1.,0.));
#749=DIRECTION('center_axis',(0.,0.,1.));
#750=DIRECTION('ref_axis',(1.,0.,0.));
#751=DIRECTION('center_axis',(-0.707106781186591,0.,-0.707106781186504));
#752=DIRECTION('ref_axis',(-0.707106781186504,0.,0.707106781186591));
#753=DIRECTION('center_axis',(0.707106781186591,0.,0.707106781186504));
#754=DIRECTION('ref_axis',(-0.707106781186504,0.,0.707106781186591));
#755=DIRECTION('center_axis',(-0.707106781186548,0.,0.707106781186547));
#756=DIRECTION('ref_axis',(0.707106781186547,0.,0.707106781186548));
#757=DIRECTION('center_axis',(0.707106781186548,0.,-0.707106781186547));
#758=DIRECTION('ref_axis',(-0.707106781186547,0.,-0.707106781186548));
#759=DIRECTION('center_axis',(0.,0.,-1.));
#760=DIRECTION('ref_axis',(-1.,0.,0.));
#761=DIRECTION('',(0.,0.,-1.));
#762=DIRECTION('center_axis',(9.22884993459E-32,-2.10757368777042E-31,1.));
#763=DIRECTION('ref_axis',(1.,0.,-9.22884993459E-32));
#764=DIRECTION('axis',(0.,0.,1.));
#765=DIRECTION('refdir',(1.,0.,0.));
#766=DIRECTION('center_axis',(4.79985532730997E-5,-0.999999998848069,1.69406589255715E-21));
#767=DIRECTION('ref_axis',(0.999999998848069,4.79985532730997E-5,0.));
#768=DIRECTION('center_axis',(1.22692067811946E-16,-1.,0.));
#769=DIRECTION('ref_axis',(0.,0.,1.));
#770=DIRECTION('center_axis',(4.79985532730997E-5,-0.999999998848069,1.69406589255715E-21));
#771=DIRECTION('ref_axis',(0.999999998848069,4.79985532730997E-5,0.));
#772=DIRECTION('',(0.,0.,1.));
#773=DIRECTION('',(0.,0.,-1.));
#774=DIRECTION('center_axis',(3.02654202030003E-31,7.06843033009808E-31,
1.));
#775=DIRECTION('ref_axis',(1.,0.,-3.02654202030003E-31));
#776=DIRECTION('center_axis',(0.,0.,-1.));
#777=DIRECTION('ref_axis',(-1.,0.,0.));
#778=DIRECTION('',(0.,0.,-1.));
#779=DIRECTION('center_axis',(3.49307427221628E-32,-8.08279718224476E-32,
1.));
#780=DIRECTION('ref_axis',(-1.,0.,0.));
#781=DIRECTION('center_axis',(0.,0.,-1.));
#782=DIRECTION('ref_axis',(-1.,0.,0.));
#783=DIRECTION('',(0.,0.,-1.));
#784=DIRECTION('center_axis',(0.707106781186547,0.,-0.707106781186548));
#785=DIRECTION('ref_axis',(-0.707106781186548,0.,-0.707106781186547));
#786=DIRECTION('center_axis',(0.,0.,-1.));
#787=DIRECTION('ref_axis',(-1.,0.,0.));
#788=DIRECTION('',(0.,0.,-1.));
#789=DIRECTION('center_axis',(3.49307427221628E-32,-8.08279718224476E-32,
1.));
#790=DIRECTION('ref_axis',(-1.,0.,0.));
#791=DIRECTION('center_axis',(1.21421828796013E-62,-1.,-8.08279718224476E-32));
#792=DIRECTION('ref_axis',(0.707106781186555,0.,-0.70710678118654));
#793=DIRECTION('',(-1.21421828796013E-62,1.,8.08279718224476E-32));
#794=DIRECTION('',(0.,1.,0.));
#795=DIRECTION('',(-0.0149983127847123,-1.95036155196954E-18,-0.999887518980816));
#796=DIRECTION('center_axis',(-0.707106781186547,0.,0.707106781186548));
#797=DIRECTION('ref_axis',(0.707106781186548,0.,0.707106781186547));
#798=DIRECTION('center_axis',(3.49307427221628E-32,-8.08279718224476E-32,
1.));
#799=DIRECTION('ref_axis',(1.,0.,-3.49307427221628E-32));
#800=DIRECTION('',(0.,0.,1.));
#801=DIRECTION('',(1.,0.,0.));
#802=DIRECTION('',(0.,0.,1.));
#803=DIRECTION('',(1.,0.,0.));
#804=DIRECTION('',(0.,0.,1.));
#805=DIRECTION('',(1.,0.,0.));
#806=CARTESIAN_POINT('',(0.,0.,0.));
#807=CARTESIAN_POINT('',(0.,0.,0.));
#808=CARTESIAN_POINT('Origin',(-4.49999999995312,-3.1003675175674,40.));
#809=CARTESIAN_POINT('',(-2.49999999995312,-3.1003675175674,40.));
#810=CARTESIAN_POINT('Origin',(-4.49999999995312,-3.1003675175674,40.));
#811=CARTESIAN_POINT('',(-2.49999999995312,-3.1003675175674,0.));
#812=CARTESIAN_POINT('',(-2.49999999995312,-3.1003675175674,40.));
#813=CARTESIAN_POINT('Origin',(-4.49999999995312,-3.1003675175674,0.));
#814=CARTESIAN_POINT('Origin',(-4.49999999992833,3.10036751753942,40.));
#815=CARTESIAN_POINT('',(-2.49999999992833,3.10036751753942,40.));
#816=CARTESIAN_POINT('Origin',(-4.49999999992833,3.10036751753942,40.));
#817=CARTESIAN_POINT('',(-2.49999999992833,3.10036751753942,0.));
#818=CARTESIAN_POINT('',(-2.49999999992833,3.10036751753942,40.));
#819=CARTESIAN_POINT('Origin',(-4.49999999992833,3.10036751753942,0.));
#820=CARTESIAN_POINT('Origin',(-1.,1.63430257182091E-17,39.));
#821=CARTESIAN_POINT('',(-6.16297582203915E-32,7.51249999254942,39.0000005960464));
#822=CARTESIAN_POINT('',(-0.999999999999871,7.4411613516213,40.));
#823=CARTESIAN_POINT('Ctrl Pts',(0.000905015433420253,7.51250249530922,
39.0000005960464));
#824=CARTESIAN_POINT('Ctrl Pts',(0.0009050281333413,7.51206009562041,39.0353879151795));
#825=CARTESIAN_POINT('Ctrl Pts',(-0.000974850028355882,7.51161645472732,
39.0708167105716));
#826=CARTESIAN_POINT('Ctrl Pts',(-0.00474794017290403,7.51116971530915,
39.1061373995792));
#827=CARTESIAN_POINT('Ctrl Pts',(-0.0110737489306774,7.51042073025562,39.1653546234713));
#828=CARTESIAN_POINT('Ctrl Pts',(-0.0226660536146914,7.50967224413192,39.2237512995505));
#829=CARTESIAN_POINT('Ctrl Pts',(-0.0393167678824244,7.50887124908099,39.280650822256));
#830=CARTESIAN_POINT('Ctrl Pts',(-0.0566280881368895,7.50803847508548,39.3398077955873));
#831=CARTESIAN_POINT('Ctrl Pts',(-0.0794072780866216,7.50714873995849,39.3973464618227));
#832=CARTESIAN_POINT('Ctrl Pts',(-0.107419711661706,7.50608673264115,39.452506446486));
#833=CARTESIAN_POINT('Ctrl Pts',(-0.110221570910589,7.50598050855974,39.4580236577195));
#834=CARTESIAN_POINT('Ctrl Pts',(-0.113075783969028,7.50587251833106,39.4635170716763));
#835=CARTESIAN_POINT('Ctrl Pts',(-0.115982114777146,7.5057626187522,39.4689859274805));
#836=CARTESIAN_POINT('Ctrl Pts',(-0.15299768180256,7.50436291737757,39.5386382870833));
#837=CARTESIAN_POINT('Ctrl Pts',(-0.19803250974632,7.50267476433229,39.6034902321858));
#838=CARTESIAN_POINT('Ctrl Pts',(-0.250038737142605,7.5003862036208,39.6622777900642));
#839=CARTESIAN_POINT('Ctrl Pts',(-0.285712088473192,7.49881637949801,39.7026027532669));
#840=CARTESIAN_POINT('Ctrl Pts',(-0.324665457514713,7.49696242529368,39.7400743073496));
#841=CARTESIAN_POINT('Ctrl Pts',(-0.366557216848047,7.49471489809249,39.7742845056508));
#842=CARTESIAN_POINT('Ctrl Pts',(-0.419539644972519,7.49187234742645,39.8175517114561));
#843=CARTESIAN_POINT('Ctrl Pts',(-0.476673877241251,7.48842597878426,39.8551573287685));
#844=CARTESIAN_POINT('Ctrl Pts',(-0.537021401137409,7.48420967348995,39.8866118963369));
#845=CARTESIAN_POINT('Ctrl Pts',(-0.583174304569425,7.48098510488257,39.910667889454));
#846=CARTESIAN_POINT('Ctrl Pts',(-0.631206476752386,7.47731071197178,39.9311261541006));
#847=CARTESIAN_POINT('Ctrl Pts',(-0.680696289051113,7.47313313231616,39.9477677442685));
#848=CARTESIAN_POINT('Ctrl Pts',(-0.736747836792059,7.46840165739976,39.9666158029387));
#849=CARTESIAN_POINT('Ctrl Pts',(-0.794201886154384,7.46306230926768,39.980411512774));
#850=CARTESIAN_POINT('Ctrl Pts',(-0.852380341225246,7.45710833108996,39.9890756772927));
#851=CARTESIAN_POINT('Ctrl Pts',(-0.901179100805315,7.45211427015648,39.9963429806406));
#852=CARTESIAN_POINT('Ctrl Pts',(-0.950487464352866,7.44668855906323,39.9999999999997));
#853=CARTESIAN_POINT('Ctrl Pts',(-0.999907485942275,7.44085552242917,40.));
#854=CARTESIAN_POINT('',(-0.999999999763014,-7.44116135167726,40.));
#855=CARTESIAN_POINT('',(-1.,1.63430257182091E-17,40.));
#856=CARTESIAN_POINT('',(-6.16297582203915E-32,-7.51249999254942,39.0000005960464));
#857=CARTESIAN_POINT('Ctrl Pts',(-1.00036775739376,-7.44080383619914,40.));
#858=CARTESIAN_POINT('Ctrl Pts',(-0.985824711762564,-7.44251051734244,39.9999999999999));
#859=CARTESIAN_POINT('Ctrl Pts',(-0.971279442331809,-7.44418341073623,39.9996826849374));
#860=CARTESIAN_POINT('Ctrl Pts',(-0.95674222013069,-7.44582148405878,39.99904775792));
#861=CARTESIAN_POINT('Ctrl Pts',(-0.897355559235233,-7.45251325113662,39.996453988976));
#862=CARTESIAN_POINT('Ctrl Pts',(-0.838367521065311,-7.45858982826106,39.9885729500347));
#863=CARTESIAN_POINT('Ctrl Pts',(-0.780467091880264,-7.46403215765046,39.9755187318372));
#864=CARTESIAN_POINT('Ctrl Pts',(-0.732069833595722,-7.46858124001194,39.9646070964884));
#865=CARTESIAN_POINT('Ctrl Pts',(-0.684432633724053,-7.47268828644135,39.9500810672407));
#866=CARTESIAN_POINT('Ctrl Pts',(-0.637959462765944,-7.47637001847739,39.9320072737132));
#867=CARTESIAN_POINT('Ctrl Pts',(-0.571685980806097,-7.48162038544483,39.9062329784673));
#868=CARTESIAN_POINT('Ctrl Pts',(-0.508445652286518,-7.48595183761617,39.8735014935545));
#869=CARTESIAN_POINT('Ctrl Pts',(-0.449277314930735,-7.48953125506605,39.8344182101024));
#870=CARTESIAN_POINT('Ctrl Pts',(-0.408879339025845,-7.49197515033768,39.8077335741342));
#871=CARTESIAN_POINT('Ctrl Pts',(-0.370379500576371,-7.49407003201281,39.7780879464296));
#872=CARTESIAN_POINT('Ctrl Pts',(-0.334106733848182,-7.49588244736992,39.7456740114849));
#873=CARTESIAN_POINT('Ctrl Pts',(-0.275266561189143,-7.49882247213674,39.6930934751558));
#874=CARTESIAN_POINT('Ctrl Pts',(-0.2229824504831,-7.50098865640934,39.6338455723278));
#875=CARTESIAN_POINT('Ctrl Pts',(-0.178256714878165,-7.50272010757948,39.5692444481238));
#876=CARTESIAN_POINT('Ctrl Pts',(-0.148067252021681,-7.50388882129836,39.5256392795723));
#877=CARTESIAN_POINT('Ctrl Pts',(-0.121321148257622,-7.50485925347802,39.4795951155655));
#878=CARTESIAN_POINT('Ctrl Pts',(-0.0983238969725326,-7.50572176279425,
39.4315161009162));
#879=CARTESIAN_POINT('Ctrl Pts',(-0.072044420844483,-7.50670737158311,39.3765751298378));
#880=CARTESIAN_POINT('Ctrl Pts',(-0.0509022877863633,-7.50754544581295,
39.3194813625183));
#881=CARTESIAN_POINT('Ctrl Pts',(-0.0350848875645686,-7.50834062311787,
39.2609684233506));
#882=CARTESIAN_POINT('Ctrl Pts',(-0.0197656958528941,-7.50911075432832,
39.2042984952869));
#883=CARTESIAN_POINT('Ctrl Pts',(-0.0094409954557226,-7.50984078781084,
39.1462973881465));
#884=CARTESIAN_POINT('Ctrl Pts',(-0.00428038658575502,-7.51057647793685,
39.0876315648715));
#885=CARTESIAN_POINT('Ctrl Pts',(-0.00318529262259123,-7.51073259320078,
39.0751825321059));
#886=CARTESIAN_POINT('Ctrl Pts',(-0.00232273719222796,-7.51088877701256,
39.0627035672463));
#887=CARTESIAN_POINT('Ctrl Pts',(-0.00169434161186977,-7.51104515924305,
39.0502010386485));
#888=CARTESIAN_POINT('Ctrl Pts',(-0.00085306686223001,-7.51125451848413,
39.0334630762173));
#889=CARTESIAN_POINT('Ctrl Pts',(-0.00043356056328256,-7.5114637283622,
39.0167243901843));
#890=CARTESIAN_POINT('Ctrl Pts',(-0.000433571402950639,-7.51167277837584,
39.0000005960464));
#891=CARTESIAN_POINT('',(-6.16297582203915E-32,0.,39.0000005960464));
#892=CARTESIAN_POINT('Origin',(-1.,0.,1.));
#893=CARTESIAN_POINT('',(0.,-7.9875,1.));
#894=CARTESIAN_POINT('',(-1.,-7.94444377229842,0.));
#895=CARTESIAN_POINT('Ctrl Pts',(-0.000475388910947672,-7.98665559123228,
1.00000000000001));
#896=CARTESIAN_POINT('Ctrl Pts',(-0.00047538031264649,-7.98722513170199,
0.95443732627854));
#897=CARTESIAN_POINT('Ctrl Pts',(-0.00358910476261565,-7.98779681175713,
0.908830029051449));
#898=CARTESIAN_POINT('Ctrl Pts',(-0.009834916694764,-7.98835697771434,0.863498783717894));
#899=CARTESIAN_POINT('Ctrl Pts',(-0.0184814774624753,-7.98913245879536,
0.800743233004758));
#900=CARTESIAN_POINT('Ctrl Pts',(-0.0330509918207713,-7.98988081861727,
0.739093346739978));
#901=CARTESIAN_POINT('Ctrl Pts',(-0.0532713530685978,-7.99051006949303,
0.679356660600234));
#902=CARTESIAN_POINT('Ctrl Pts',(-0.0734917143164242,-7.99113932036879,
0.61961997446049));
#903=CARTESIAN_POINT('Ctrl Pts',(-0.0993630903894081,-7.99164878065981,
0.561796488445783));
#904=CARTESIAN_POINT('Ctrl Pts',(-0.130610111917281,-7.99189063722264,0.506693738232798));
#905=CARTESIAN_POINT('Ctrl Pts',(-0.171685076968753,-7.99220856352025,0.434259841222189));
#906=CARTESIAN_POINT('Ctrl Pts',(-0.221544006585433,-7.99205778115707,0.367415656288553));
#907=CARTESIAN_POINT('Ctrl Pts',(-0.278920143461864,-7.99104949364552,0.30761918026198));
#908=CARTESIAN_POINT('Ctrl Pts',(-0.313166684995288,-7.99044766922823,0.271927992055866));
#909=CARTESIAN_POINT('Ctrl Pts',(-0.350090945687535,-7.98953909098103,0.238747642410278));
#910=CARTESIAN_POINT('Ctrl Pts',(-0.389419543582388,-7.98823676929734,0.208388167826556));
#911=CARTESIAN_POINT('Ctrl Pts',(-0.443362487020778,-7.98645051022169,0.166747237105674));
#912=CARTESIAN_POINT('Ctrl Pts',(-0.501277312859334,-7.98393834919732,0.130836464602007));
#913=CARTESIAN_POINT('Ctrl Pts',(-0.562227165078139,-7.98054043844063,0.101121154421733));
#914=CARTESIAN_POINT('Ctrl Pts',(-0.605930054672643,-7.97810403353978,0.079814377246738));
#915=CARTESIAN_POINT('Ctrl Pts',(-0.651193131733504,-7.97521292178877,0.0616928881230174));
#916=CARTESIAN_POINT('Ctrl Pts',(-0.697668877398054,-7.97182491367284,0.0469282207181791));
#917=CARTESIAN_POINT('Ctrl Pts',(-0.754750349349323,-7.96766376493869,0.0287942685612381));
#918=CARTESIAN_POINT('Ctrl Pts',(-0.813190959989991,-7.96278520395818,0.0158728999483859));
#919=CARTESIAN_POINT('Ctrl Pts',(-0.872285921258968,-7.95718592472503,0.00823885253723233));
#920=CARTESIAN_POINT('Ctrl Pts',(-0.914732285768465,-7.95316410895228,0.00275551602023704));
#921=CARTESIAN_POINT('Ctrl Pts',(-0.957516231905595,-7.94877147318304,-9.5789430786549E-13));
#922=CARTESIAN_POINT('Ctrl Pts',(-1.00037762495129,-7.94402344887822,0.));
#923=CARTESIAN_POINT('',(-1.,7.94444377229842,0.));
#924=CARTESIAN_POINT('',(-1.,0.,0.));
#925=CARTESIAN_POINT('',(0.,7.9875,1.));
#926=CARTESIAN_POINT('Ctrl Pts',(-0.999797962758529,7.94413653965479,0.));
#927=CARTESIAN_POINT('Ctrl Pts',(-0.957628872931844,7.94883728340034,8.97060203897126E-13));
#928=CARTESIAN_POINT('Ctrl Pts',(-0.915467103419349,7.95320235495948,0.00266346897042348));
#929=CARTESIAN_POINT('Ctrl Pts',(-0.87356272279302,7.95721329970906,0.00798813030478841));
#930=CARTESIAN_POINT('Ctrl Pts',(-0.812357926814258,7.96307161455373,0.015765236319837));
#931=CARTESIAN_POINT('Ctrl Pts',(-0.752052066917798,7.96813879521798,0.0291735530425746));
#932=CARTESIAN_POINT('Ctrl Pts',(-0.693402242822449,7.97243273554295,0.0480218858587449));
#933=CARTESIAN_POINT('Ctrl Pts',(-0.650645185114846,7.97556311584843,0.0617627498143286));
#934=CARTESIAN_POINT('Ctrl Pts',(-0.608768340114165,7.97828379450437,0.0783948420323652));
#935=CARTESIAN_POINT('Ctrl Pts',(-0.568064849298011,7.98061905243702,0.0978440828582877));
#936=CARTESIAN_POINT('Ctrl Pts',(-0.500914869574383,7.98447160954411,0.129930179183528));
#937=CARTESIAN_POINT('Ctrl Pts',(-0.437670434342451,7.98723286214368,0.169346140061979));
#938=CARTESIAN_POINT('Ctrl Pts',(-0.379461875227316,7.98913477979248,0.215291293096449));
#939=CARTESIAN_POINT('Ctrl Pts',(-0.340847069720519,7.99039648736977,0.245770713569593));
#940=CARTESIAN_POINT('Ctrl Pts',(-0.304448187971671,7.99128138707227,0.279123516631061));
#941=CARTESIAN_POINT('Ctrl Pts',(-0.270591663477869,7.99186625393014,0.315115949995843));
#942=CARTESIAN_POINT('Ctrl Pts',(-0.221443692130786,7.99271527845356,0.367364522764967));
#943=CARTESIAN_POINT('Ctrl Pts',(-0.178178786014954,7.99292664539037,0.424618835105017));
#944=CARTESIAN_POINT('Ctrl Pts',(-0.141456631601119,7.99276268861578,0.485829158862103));
#945=CARTESIAN_POINT('Ctrl Pts',(-0.110511403147021,7.99262452461296,0.537410213477424));
#946=CARTESIAN_POINT('Ctrl Pts',(-0.0842119489710996,7.99221998585391,0.591800506632665));
#947=CARTESIAN_POINT('Ctrl Pts',(-0.0629472390482153,7.99167747523223,0.648371873714354));
#948=CARTESIAN_POINT('Ctrl Pts',(-0.0418020106963161,7.99113801285442,0.704625379144682));
#949=CARTESIAN_POINT('Ctrl Pts',(-0.0258250116359719,7.9904683834304,0.762532793168198));
#950=CARTESIAN_POINT('Ctrl Pts',(-0.0151346349901533,7.98975935816016,0.821376639608076));
#951=CARTESIAN_POINT('Ctrl Pts',(-0.00444425834433478,7.98905033288993,
0.880220486047954));
#952=CARTESIAN_POINT('Ctrl Pts',(0.000959591797544842,7.98830219230056,
0.940000764904205));
#953=CARTESIAN_POINT('Ctrl Pts',(0.000959544053465322,7.98755210313464,
1.));
#954=CARTESIAN_POINT('',(0.,0.,1.));
#955=CARTESIAN_POINT('Ctrl Pts',(-8.,-9.14658078113179E-16,40.));
#956=CARTESIAN_POINT('Ctrl Pts',(-8.16666666666667,-9.36344531848081E-16,
26.6666666666667));
#957=CARTESIAN_POINT('Ctrl Pts',(-8.33333333333333,-9.58030985582982E-16,
13.3333333333333));
#958=CARTESIAN_POINT('Ctrl Pts',(-8.5,-9.79717439317883E-16,0.));
#959=CARTESIAN_POINT('Ctrl Pts',(-8.,-1.11732238721423,40.));
#960=CARTESIAN_POINT('Ctrl Pts',(-8.16676952879689,-1.14381800567309,26.6666666666667));
#961=CARTESIAN_POINT('Ctrl Pts',(-8.33323047120311,-1.17030158290868,13.3333333333333));
#962=CARTESIAN_POINT('Ctrl Pts',(-8.5,-1.19679720136754,0.));
#963=CARTESIAN_POINT('Ctrl Pts',(-7.45914310795225,-3.35143148464379,40.));
#964=CARTESIAN_POINT('Ctrl Pts',(-7.61266024476044,-3.43077877668222,26.6666666666667));
#965=CARTESIAN_POINT('Ctrl Pts',(-7.76630301748357,-3.51013477995288,13.3333333333333));
#966=CARTESIAN_POINT('Ctrl Pts',(-7.91982015429175,-3.58948207199131,0.));
#967=CARTESIAN_POINT('Ctrl Pts',(-5.17324325125067,-6.05479541721837,40.));
#968=CARTESIAN_POINT('Ctrl Pts',(-5.27600789706715,-6.19295063433671,26.6666666666666));
#969=CARTESIAN_POINT('Ctrl Pts',(-5.3786164847543,-6.3310838217781,13.3333333333333));
#970=CARTESIAN_POINT('Ctrl Pts',(-5.48138113057078,-6.46923903889644,0.));
#971=CARTESIAN_POINT('Ctrl Pts',(-1.84856546795389,-7.56183949758447,40.));
#972=CARTESIAN_POINT('Ctrl Pts',(-1.88428179395656,-7.72974064047877,26.6666666666667));
#973=CARTESIAN_POINT('Ctrl Pts',(-1.92009543321542,-7.89763656596322,13.3333333333333));
#974=CARTESIAN_POINT('Ctrl Pts',(-1.95581175921808,-8.06553770885753,0.));
#975=CARTESIAN_POINT('Ctrl Pts',(1.8476631936915,-7.56216005939971,40.));
#976=CARTESIAN_POINT('Ctrl Pts',(1.88335060129612,-7.73008003104468,26.6666666666667));
#977=CARTESIAN_POINT('Ctrl Pts',(1.91912327706986,-7.8979498112497,13.3333333333333));
#978=CARTESIAN_POINT('Ctrl Pts',(1.95481068467448,-8.06586978289466,0.));
#979=CARTESIAN_POINT('Ctrl Pts',(5.17322771783109,-6.05349872586682,40.));
#980=CARTESIAN_POINT('Ctrl Pts',(5.2760856565556,-6.19161984157308,26.6666666666666));
#981=CARTESIAN_POINT('Ctrl Pts',(5.37868565271886,-6.32974568019766,13.3333333333333));
#982=CARTESIAN_POINT('Ctrl Pts',(5.48154359144338,-6.46786679590392,0.));
#983=CARTESIAN_POINT('Ctrl Pts',(7.20277077524061,-3.65228378782022,40.));
#984=CARTESIAN_POINT('Ctrl Pts',(7.35047987367663,-3.73822835717255,26.6666666666667));
#985=CARTESIAN_POINT('Ctrl Pts',(7.49842853647801,-3.82410941652214,13.3333333333333));
#986=CARTESIAN_POINT('Ctrl Pts',(7.64613763491403,-3.91005398587448,0.));
#987=CARTESIAN_POINT('Ctrl Pts',(8.26974284736405,-0.407758239718932,40.));
#988=CARTESIAN_POINT('Ctrl Pts',(8.44295699443358,-0.417675025266163,26.6666666666666));
#989=CARTESIAN_POINT('Ctrl Pts',(8.61588914828592,-0.427776509898419,13.3333333333334));
#990=CARTESIAN_POINT('Ctrl Pts',(8.78910329535545,-0.43769329544565,0.));
#991=CARTESIAN_POINT('Ctrl Pts',(7.77787809657618,2.66524382965097,40.));
#992=CARTESIAN_POINT('Ctrl Pts',(7.93893946375023,2.72880464186635,26.6666666666667));
#993=CARTESIAN_POINT('Ctrl Pts',(8.0999697090019,2.79242605493744,13.3333333333333));
#994=CARTESIAN_POINT('Ctrl Pts',(8.26103107617594,2.85598686715282,0.));
#995=CARTESIAN_POINT('Ctrl Pts',(5.51270043748705,5.79451003940198,40.));
#996=CARTESIAN_POINT('Ctrl Pts',(5.62261488414642,5.92742298783922,26.6666666666666));
#997=CARTESIAN_POINT('Ctrl Pts',(5.73274131767756,6.0603684920258,13.3333333333334));
#998=CARTESIAN_POINT('Ctrl Pts',(5.84265576433693,6.19328144046304,0.));
#999=CARTESIAN_POINT('Ctrl Pts',(2.26384218456616,7.5663643669281,40.));
#1000=CARTESIAN_POINT('Ctrl Pts',(2.30755798068074,7.73441985183621,26.6666666666667));
#1001=CARTESIAN_POINT('Ctrl Pts',(2.35128538347835,7.90235536233566,13.3333333333333));
#1002=CARTESIAN_POINT('Ctrl Pts',(2.39500117959292,8.07041084724378,0.));
#1003=CARTESIAN_POINT('Ctrl Pts',(-1.85031046153,7.56022319789544,40.));
#1004=CARTESIAN_POINT('Ctrl Pts',(-1.88607447778078,7.72805742838199,26.6666666666667));
#1005=CARTESIAN_POINT('Ctrl Pts',(-1.9217638014723,7.8959623928338,13.3333333333333));
#1006=CARTESIAN_POINT('Ctrl Pts',(-1.95752781772308,8.06379662332035,0.));
#1007=CARTESIAN_POINT('Ctrl Pts',(-5.17137341905728,6.05484300570947,40.));
#1008=CARTESIAN_POINT('Ctrl Pts',(-5.27410704251042,6.19303693149559,26.6666666666667));
#1009=CARTESIAN_POINT('Ctrl Pts',(-5.37675997564093,6.33119643108816,13.3333333333333));
#1010=CARTESIAN_POINT('Ctrl Pts',(-5.47949359909408,6.46939035687428,0.));
#1011=CARTESIAN_POINT('Ctrl Pts',(-7.45962949385336,3.35101473201784,40.));
#1012=CARTESIAN_POINT('Ctrl Pts',(-7.61317075263094,3.4303326862161,26.6666666666667));
#1013=CARTESIAN_POINT('Ctrl Pts',(-7.76675802796683,3.50971284060905,13.3333333333333));
#1014=CARTESIAN_POINT('Ctrl Pts',(-7.92029928674442,3.58903079480731,0.));
#1015=CARTESIAN_POINT('Ctrl Pts',(-8.,1.11732238721423,40.));
#1016=CARTESIAN_POINT('Ctrl Pts',(-8.16675632949654,1.14383391069385,26.6666666666667));
#1017=CARTESIAN_POINT('Ctrl Pts',(-8.33324367050346,1.17028567788792,13.3333333333333));
#1018=CARTESIAN_POINT('Ctrl Pts',(-8.5,1.19679720136754,0.));
#1019=CARTESIAN_POINT('Ctrl Pts',(-8.,9.14658078113179E-16,40.));
#1020=CARTESIAN_POINT('Ctrl Pts',(-8.16666666666667,9.36344531848081E-16,
26.6666666666667));
#1021=CARTESIAN_POINT('Ctrl Pts',(-8.33333333333333,9.58030985582982E-16,
13.3333333333333));
#1022=CARTESIAN_POINT('Ctrl Pts',(-8.5,9.79717439317883E-16,0.));
#1023=CARTESIAN_POINT('Ctrl Pts',(-1.38777878078145E-15,7.51249999254942,
39.0000005960464));
#1024=CARTESIAN_POINT('Ctrl Pts',(1.1612278357477,7.52701534049627,37.8387727602987));
#1025=CARTESIAN_POINT('Ctrl Pts',(2.33863806215909,7.30518082468246,36.6613625338873));
#1026=CARTESIAN_POINT('Ctrl Pts',(4.32009602020695,6.45353194329328,34.6799045758395));
#1027=CARTESIAN_POINT('Ctrl Pts',(5.17571866157383,5.90574993696974,33.8242819344726));
#1028=CARTESIAN_POINT('Ctrl Pts',(6.44097864878288,4.65116493863967,32.5590219472636));
#1029=CARTESIAN_POINT('Ctrl Pts',(6.91425979834246,4.03649818256768,32.085740797704));
#1030=CARTESIAN_POINT('Ctrl Pts',(7.58331291161403,2.76137508573708,31.4166876844324));
#1031=CARTESIAN_POINT('Ctrl Pts',(7.8147401865518,2.14512491064329,31.1852604094945));
#1032=CARTESIAN_POINT('Ctrl Pts',(8.09215992380649,0.849234349318745,30.9078406722398));
#1033=CARTESIAN_POINT('Ctrl Pts',(8.14177405585986,0.197438776698501,30.8582265401429));
#1034=CARTESIAN_POINT('Ctrl Pts',(8.05264611201088,-1.16963317413612,30.9473544839919));
#1035=CARTESIAN_POINT('Ctrl Pts',(7.90055555550841,-1.84893565532923,31.099445040538));
#1036=CARTESIAN_POINT('Ctrl Pts',(7.36604522285186,-3.28330224666693,31.6339553731946));
#1037=CARTESIAN_POINT('Ctrl Pts',(6.94259584063264,-3.98462933653908,32.0574047554138));
#1038=CARTESIAN_POINT('Ctrl Pts',(5.79077930863955,-5.39096928533915,33.2092212874069));
#1039=CARTESIAN_POINT('Ctrl Pts',(4.95588145530069,-6.06680582805395,34.0441191407458));
#1040=CARTESIAN_POINT('Ctrl Pts',(2.77715274837226,-7.20456914743846,36.2228478476742));
#1041=CARTESIAN_POINT('Ctrl Pts',(1.39743917367221,-7.52996798222032,37.6025614223742));
#1042=CARTESIAN_POINT('Ctrl Pts',(1.11022302462516E-15,-7.51249999254942,
39.0000005960464));
#1043=CARTESIAN_POINT('',(-8.,-9.14658078113179E-16,40.));
#1044=CARTESIAN_POINT('Ctrl Pts',(-8.,-9.14658078113179E-16,40.));
#1045=CARTESIAN_POINT('Ctrl Pts',(-8.,-1.11732238721423,40.));
#1046=CARTESIAN_POINT('Ctrl Pts',(-7.72957155397613,-2.23437693592901,40.));
#1047=CARTESIAN_POINT('Ctrl Pts',(-7.21337402151393,-3.2434648657155,40.));
#1048=CARTESIAN_POINT('Ctrl Pts',(-6.69717648905173,-4.25255279550198,40.));
#1049=CARTESIAN_POINT('Ctrl Pts',(-5.9352098701512,-5.15367410636018,40.));
#1050=CARTESIAN_POINT('Ctrl Pts',(-5.00011359681814,-5.85540877518362,40.));
#1051=CARTESIAN_POINT('Ctrl Pts',(-4.06501732348508,-6.55714344400707,40.));
#1052=CARTESIAN_POINT('Ctrl Pts',(-2.95679139571948,-7.05949147079577,40.));
#1053=CARTESIAN_POINT('Ctrl Pts',(-1.78664032156246,-7.31071891115933,40.));
#1054=CARTESIAN_POINT('Ctrl Pts',(-1.52714515133969,-7.36643163820932,40.));
#1055=CARTESIAN_POINT('Ctrl Pts',(-1.26460459945087,-7.40979464831178,40.));
#1056=CARTESIAN_POINT('Ctrl Pts',(-1.00036775463239,-7.4408038365232,40.));
#1057=CARTESIAN_POINT('',(-8.5,-9.79717439317883E-16,0.));
#1058=CARTESIAN_POINT('',(-8.,-9.14658078113179E-16,40.));
#1059=CARTESIAN_POINT('Origin',(0.,0.,0.));
#1060=CARTESIAN_POINT('Ctrl Pts',(1.11022302462516E-15,-7.9875,1.));
#1061=CARTESIAN_POINT('Ctrl Pts',(1.10906380281224,-7.97363670246485,2.10906380281224));
#1062=CARTESIAN_POINT('Ctrl Pts',(2.228240912899,-7.75520266325051,3.228240912899));
#1063=CARTESIAN_POINT('Ctrl Pts',(4.23671303658673,-6.92959697054308,5.23671303658673));
#1064=CARTESIAN_POINT('Ctrl Pts',(5.1636796424621,-6.35437343487354,6.1636796424621));
#1065=CARTESIAN_POINT('Ctrl Pts',(6.53728758542307,-5.02698870498095,7.53728758542307));
#1066=CARTESIAN_POINT('Ctrl Pts',(7.05226189900348,-4.37500764449077,8.05226189900348));
#1067=CARTESIAN_POINT('Ctrl Pts',(7.78274035266272,-3.02114898689871,8.78274035266273));
#1068=CARTESIAN_POINT('Ctrl Pts',(8.03718288654632,-2.36721800505456,9.0371828865465));
#1069=CARTESIAN_POINT('Ctrl Pts',(8.34773882683788,-0.99385088905095,9.34773882683805));
#1070=CARTESIAN_POINT('Ctrl Pts',(8.40898708725845,-0.303888514164599,9.40898708721738));
#1071=CARTESIAN_POINT('Ctrl Pts',(8.33295260513886,1.14515375072628,9.33295260509778));
#1072=CARTESIAN_POINT('Ctrl Pts',(8.18188221306299,1.8665135289307,9.18188221306299));
#1073=CARTESIAN_POINT('Ctrl Pts',(7.63888875580587,3.38754489823786,8.63888875580587));
#1074=CARTESIAN_POINT('Ctrl Pts',(7.20550182242093,4.13195106082942,8.20550182242093));
#1075=CARTESIAN_POINT('Ctrl Pts',(6.02356592996184,5.62588678920635,7.02356592996184));
#1076=CARTESIAN_POINT('Ctrl Pts',(5.1665842754496,6.34827805708569,6.1665842754496));
#1077=CARTESIAN_POINT('Ctrl Pts',(2.91131899535184,7.59214739675824,3.91131899535184));
#1078=CARTESIAN_POINT('Ctrl Pts',(1.46968408650725,7.96912894891866,2.46968408650725));
#1079=CARTESIAN_POINT('Ctrl Pts',(5.55111512312578E-16,7.9875,1.));
#1080=CARTESIAN_POINT('Origin',(0.,0.,0.));
#1081=CARTESIAN_POINT('Ctrl Pts',(-0.999907485948137,7.44085552242848,40.));
#1082=CARTESIAN_POINT('Ctrl Pts',(-1.26436544189017,7.40964159544958,40.));
#1083=CARTESIAN_POINT('Ctrl Pts',(-1.52709592887809,7.36609133722792,40.));
#1084=CARTESIAN_POINT('Ctrl Pts',(-1.78669805753679,7.31024767455268,40.));
#1085=CARTESIAN_POINT('Ctrl Pts',(-2.95733144737243,7.05842980050012,40.));
#1086=CARTESIAN_POINT('Ctrl Pts',(-4.06435243321485,6.55663640310479,40.));
#1087=CARTESIAN_POINT('Ctrl Pts',(-4.99923893860208,5.85510165879186,40.));
#1088=CARTESIAN_POINT('Ctrl Pts',(-5.93412544398931,5.15356691447892,40.));
#1089=CARTESIAN_POINT('Ctrl Pts',(-6.69687746892133,4.25229082324838,40.));
#1090=CARTESIAN_POINT('Ctrl Pts',(-7.21334610792401,3.24322969143221,40.));
#1091=CARTESIAN_POINT('Ctrl Pts',(-7.72981474692668,2.23416855961603,40.));
#1092=CARTESIAN_POINT('Ctrl Pts',(-8.,1.11732238721423,40.));
#1093=CARTESIAN_POINT('Ctrl Pts',(-8.,1.11022302462516E-15,40.));
#1094=CARTESIAN_POINT('Origin',(0.,0.,1.));
#1095=CARTESIAN_POINT('',(5.25,5.24235077979224E-15,6.25));
#1096=CARTESIAN_POINT('Origin',(4.,5.39543162968565E-15,5.));
#1097=CARTESIAN_POINT('Origin',(11.0000001639128,0.,28.0000004321337));
#1098=CARTESIAN_POINT('',(5.25,5.54851247957907E-15,33.7500005960464));
#1099=CARTESIAN_POINT('Origin',(4.,5.39543162968565E-15,35.0000005960464));
#1100=CARTESIAN_POINT('Origin',(4.,5.39543162968565E-15,40.));
#1101=CARTESIAN_POINT('',(5.25,5.24235077979224E-15,40.));
#1102=CARTESIAN_POINT('Origin',(0.,0.,0.));
#1103=CARTESIAN_POINT('Origin',(-0.727272727272727,3.26860514364183E-17,
40.));
#1104=CARTESIAN_POINT('',(0.,0.,0.));
#1105=CARTESIAN_POINT('Origin',(-4.24999999993597,-2.88355146009367,76.));
#1106=CARTESIAN_POINT('',(-2.24999999993597,-2.88355146009367,76.));
#1107=CARTESIAN_POINT('Origin',(-4.24999999993597,-2.88355146009367,76.));
#1108=CARTESIAN_POINT('',(-2.24999999993597,-2.88355146009367,41.));
#1109=CARTESIAN_POINT('',(-2.24999999993597,-2.88355146009367,76.));
#1110=CARTESIAN_POINT('Origin',(-4.24999999993597,-2.88355146009367,41.));
#1111=CARTESIAN_POINT('Origin',(-4.24999999989928,2.88355146005232,76.));
#1112=CARTESIAN_POINT('',(-2.24999999989928,2.88355146005232,76.));
#1113=CARTESIAN_POINT('Origin',(-4.24999999989928,2.88355146005232,76.));
#1114=CARTESIAN_POINT('',(-2.24999999989928,2.88355146005232,41.));
#1115=CARTESIAN_POINT('',(-2.24999999989928,2.88355146005232,76.));
#1116=CARTESIAN_POINT('Origin',(-4.24999999989928,2.88355146005232,41.));
#1117=CARTESIAN_POINT('Origin',(-1.,-6.28342796274571E-6,42.));
#1118=CARTESIAN_POINT('',(9.24446373305873E-32,-7.48571427698646,42.0000006109476));
#1119=CARTESIAN_POINT('',(-0.999999999771515,-7.44116135167526,41.));
#1120=CARTESIAN_POINT('Ctrl Pts',(-0.000525818210671325,-7.48522955700406,
42.0000006109476));
#1121=CARTESIAN_POINT('Ctrl Pts',(-0.00052586463136402,-7.48606725990753,
41.9413646872745));
#1122=CARTESIAN_POINT('Ctrl Pts',(-0.0056820867953423,-7.48690963843916,
41.8827057827729));
#1123=CARTESIAN_POINT('Ctrl Pts',(-0.0160065493138313,-7.48771895750791,
41.8247092342334));
#1124=CARTESIAN_POINT('Ctrl Pts',(-0.0270014258379336,-7.48858082932096,
41.7629467077218));
#1125=CARTESIAN_POINT('Ctrl Pts',(-0.0437577986000128,-7.48939717456542,
41.7024926763895));
#1126=CARTESIAN_POINT('Ctrl Pts',(-0.0659837455654331,-7.49006029042278,
41.6441212634588));
#1127=CARTESIAN_POINT('Ctrl Pts',(-0.0882096925308534,-7.49072340628014,
41.5857498505281));
#1128=CARTESIAN_POINT('Ctrl Pts',(-0.115905402518781,-7.49123254184097,
41.529461055999));
#1129=CARTESIAN_POINT('Ctrl Pts',(-0.14877479436186,-7.49142642559318,41.4760290030938));
#1130=CARTESIAN_POINT('Ctrl Pts',(-0.19480653240984,-7.49169794890387,41.4012004125789));
#1131=CARTESIAN_POINT('Ctrl Pts',(-0.250389014091418,-7.49134455632404,
41.3329421818103));
#1132=CARTESIAN_POINT('Ctrl Pts',(-0.313973724155277,-7.48987647519172,
41.2729093348633));
#1133=CARTESIAN_POINT('Ctrl Pts',(-0.346757739244756,-7.48911953859569,
41.2419566457938));
#1134=CARTESIAN_POINT('Ctrl Pts',(-0.381668554683708,-7.48806538748693,
41.2131905855243));
#1135=CARTESIAN_POINT('Ctrl Pts',(-0.418490386321277,-7.48664559019605,
41.1868380008524));
#1136=CARTESIAN_POINT('Ctrl Pts',(-0.47208728515565,-7.48457897024858,41.148479865152));
#1137=CARTESIAN_POINT('Ctrl Pts',(-0.529207030082991,-7.48175464170194,
41.1156094826816));
#1138=CARTESIAN_POINT('Ctrl Pts',(-0.588988971423823,-7.47802918434278,
41.0886178045471));
#1139=CARTESIAN_POINT('Ctrl Pts',(-0.630764111569619,-7.47542586468142,
41.0697562367969));
#1140=CARTESIAN_POINT('Ctrl Pts',(-0.673839027900354,-7.4723832878882,41.0537653003817));
#1141=CARTESIAN_POINT('Ctrl Pts',(-0.717918285314055,-7.46886783660354,
41.0407783984716));
#1142=CARTESIAN_POINT('Ctrl Pts',(-0.774461530019729,-7.46435834543009,
41.0241192799711));
#1143=CARTESIAN_POINT('Ctrl Pts',(-0.832218394349369,-7.45910351797998,
41.0125322990868));
#1144=CARTESIAN_POINT('Ctrl Pts',(-0.890516131281671,-7.45310661192,41.0060766522782));
#1145=CARTESIAN_POINT('Ctrl Pts',(-0.927055739513824,-7.44934789658099,
41.0020304093589));
#1146=CARTESIAN_POINT('Ctrl Pts',(-0.963807850233608,-7.44529865230325,
41.0000000000006));
#1147=CARTESIAN_POINT('Ctrl Pts',(-1.00060755913538,-7.44097016024463,41.));
#1148=CARTESIAN_POINT('',(-0.999999999999854,7.4411613516213,41.));
#1149=CARTESIAN_POINT('',(-1.,-6.28342796274571E-6,41.));
#1150=CARTESIAN_POINT('',(9.24446373305873E-32,7.48571427698646,42.0000006109476));
#1151=CARTESIAN_POINT('Ctrl Pts',(-0.998828575761547,7.44139728471479,41.));
#1152=CARTESIAN_POINT('Ctrl Pts',(-0.939757886644282,7.44836766817684,40.9999999999994));
#1153=CARTESIAN_POINT('Ctrl Pts',(-0.880779194454204,7.45462157693236,41.0052235295534));
#1154=CARTESIAN_POINT('Ctrl Pts',(-0.822551545874916,7.46012169827242,41.0156349704466));
#1155=CARTESIAN_POINT('Ctrl Pts',(-0.808350297669349,7.46146313297255,41.0181742358971));
#1156=CARTESIAN_POINT('Ctrl Pts',(-0.794193744964229,7.46275997311625,41.0210220950628));
#1157=CARTESIAN_POINT('Ctrl Pts',(-0.780091482413245,7.46401214267298,41.0241780312132));
#1158=CARTESIAN_POINT('Ctrl Pts',(-0.718562410715414,7.46947543837856,41.03794758209));
#1159=CARTESIAN_POINT('Ctrl Pts',(-0.658514036676993,7.47404420241857,41.0574820357011));
#1160=CARTESIAN_POINT('Ctrl Pts',(-0.600735969088393,7.47778179787757,41.0825000526495));
#1161=CARTESIAN_POINT('Ctrl Pts',(-0.560873914581052,7.48036042745331,41.0997604006827));
#1162=CARTESIAN_POINT('Ctrl Pts',(-0.522092486976885,7.4825447287617,41.1196308430039));
#1163=CARTESIAN_POINT('Ctrl Pts',(-0.484649925679927,7.48436976363265,41.1420189905528));
#1164=CARTESIAN_POINT('Ctrl Pts',(-0.411830390045306,7.48791915200824,41.1855602027925));
#1165=CARTESIAN_POINT('Ctrl Pts',(-0.344960947755353,7.49006543428344,41.2380993541573));
#1166=CARTESIAN_POINT('Ctrl Pts',(-0.285595089024714,7.49122833086834,41.298290108121));
#1167=CARTESIAN_POINT('Ctrl Pts',(-0.257148237954079,7.49178556606494,41.3271322313623));
#1168=CARTESIAN_POINT('Ctrl Pts',(-0.230423838758892,7.4921177556784,41.3577312556263));
#1169=CARTESIAN_POINT('Ctrl Pts',(-0.205590345943711,7.49227260527336,41.38993904991));
#1170=CARTESIAN_POINT('Ctrl Pts',(-0.165211357140528,7.49252438902796,41.4423085725718));
#1171=CARTESIAN_POINT('Ctrl Pts',(-0.130228193650801,7.4923082420799,41.4984189532108));
#1172=CARTESIAN_POINT('Ctrl Pts',(-0.101074171267863,7.49183316596015,41.5574017805504));
#1173=CARTESIAN_POINT('Ctrl Pts',(-0.0719201488849256,7.49135808984041,
41.6163846078901));
#1174=CARTESIAN_POINT('Ctrl Pts',(-0.0485950016988427,7.49062525345219,
41.6782398819306));
#1175=CARTESIAN_POINT('Ctrl Pts',(-0.0315249651715439,7.48979000951689,
41.7420991913953));
#1176=CARTESIAN_POINT('Ctrl Pts',(-0.0164962845855784,7.48905464997066,
41.7983217520706));
#1177=CARTESIAN_POINT('Ctrl Pts',(-0.00644624564004805,7.48824637949058,
41.8556136515859));
#1178=CARTESIAN_POINT('Ctrl Pts',(-0.00141852175471535,7.48742705258316,
41.9133158921911));
#1179=CARTESIAN_POINT('Ctrl Pts',(0.00109262094158188,7.48701783226272,
41.942135804215));
#1180=CARTESIAN_POINT('Ctrl Pts',(0.00235091400717526,7.48660504934717,
41.9710580796983));
#1181=CARTESIAN_POINT('Ctrl Pts',(0.0023509563219466,7.48619152622083,42.0000006109476));
#1182=CARTESIAN_POINT('',(9.24446373305873E-32,0.,42.0000006109476));
#1183=CARTESIAN_POINT('Ctrl Pts',(-7.5,-8.49598716908476E-16,76.));
#1184=CARTESIAN_POINT('Ctrl Pts',(-7.66666666666667,-8.71285170643377E-16,
64.3333333333333));
#1185=CARTESIAN_POINT('Ctrl Pts',(-7.83333333333333,-8.92971624378278E-16,
52.6666666666667));
#1186=CARTESIAN_POINT('Ctrl Pts',(-8.,-9.14658078113179E-16,41.));
#1187=CARTESIAN_POINT('Ctrl Pts',(-7.5,-1.03784757306091,76.));
#1188=CARTESIAN_POINT('Ctrl Pts',(-7.66679376781529,-1.06431354159643,64.3333333333333));
#1189=CARTESIAN_POINT('Ctrl Pts',(-7.8332062321847,-1.09085641867871,52.6666666666667));
#1190=CARTESIAN_POINT('Ctrl Pts',(-8.,-1.11732238721423,41.));
#1191=CARTESIAN_POINT('Ctrl Pts',(-6.99648127438544,-3.11597871619263,76.));
#1192=CARTESIAN_POINT('Ctrl Pts',(-7.14995104958258,-3.1953802319971,64.3333333333333));
#1193=CARTESIAN_POINT('Ctrl Pts',(-7.30354533961223,-3.27481726850526,52.6666666666666));
#1194=CARTESIAN_POINT('Ctrl Pts',(-7.45701511480937,-3.35421878430973,41.));
#1195=CARTESIAN_POINT('Ctrl Pts',(-4.86693993765016,-5.63983963398828,76.));
#1196=CARTESIAN_POINT('Ctrl Pts',(-4.96973442702958,-5.77797847770285,64.3333333333333));
#1197=CARTESIAN_POINT('Ctrl Pts',(-5.07240022261213,-5.91611253838171,52.6666666666667));
#1198=CARTESIAN_POINT('Ctrl Pts',(-5.17519471199155,-6.05425138209628,41.));
#1199=CARTESIAN_POINT('Ctrl Pts',(-1.739132500147,-7.05836797987231,76.));
#1200=CARTESIAN_POINT('Ctrl Pts',(-1.77480335674946,-7.22627924524297,64.3333333333333));
#1201=CARTESIAN_POINT('Ctrl Pts',(-1.8105774012732,-7.39417967766403,52.6666666666666));
#1202=CARTESIAN_POINT('Ctrl Pts',(-1.84624825787567,-7.56209094303469,41.));
#1203=CARTESIAN_POINT('Ctrl Pts',(1.73840425285483,-7.05892654059718,76.));
#1204=CARTESIAN_POINT('Ctrl Pts',(1.7740495293855,-7.22685146527758,64.3333333333333));
#1205=CARTESIAN_POINT('Ctrl Pts',(1.80976147576929,-7.39475806109519,52.6666666666667));
#1206=CARTESIAN_POINT('Ctrl Pts',(1.84540675229996,-7.56268298577559,41.));
#1207=CARTESIAN_POINT('Ctrl Pts',(4.86553637117925,-5.63837039951526,76.));
#1208=CARTESIAN_POINT('Ctrl Pts',(4.96840887956303,-5.77648343946941,64.3333333333333));
#1209=CARTESIAN_POINT('Ctrl Pts',(5.0709695366045,-5.91460882323628,52.6666666666666));
#1210=CARTESIAN_POINT('Ctrl Pts',(5.17384204498828,-6.05272186319043,41.));
#1211=CARTESIAN_POINT('Ctrl Pts',(6.75789738969941,-3.39602968887991,76.));
#1212=CARTESIAN_POINT('Ctrl Pts',(6.90559616855008,-3.48199225089991,64.3333333333333));
#1213=CARTESIAN_POINT('Ctrl Pts',(7.05344662566377,-3.567977290564,52.6666666666667));
#1214=CARTESIAN_POINT('Ctrl Pts',(7.20114540451444,-3.653939852584,41.));
#1215=CARTESIAN_POINT('Ctrl Pts',(7.7499104457888,-0.376452948851338,76.));
#1216=CARTESIAN_POINT('Ctrl Pts',(7.92312355670822,-0.386374768210867,64.3333333333333));
#1217=CARTESIAN_POINT('Ctrl Pts',(8.09587236708719,-0.396467115070529,52.6666666666666));
#1218=CARTESIAN_POINT('Ctrl Pts',(8.26908547800661,-0.406388934430059,41.));
#1219=CARTESIAN_POINT('Ctrl Pts',(7.29309825716844,2.47422769855705,76.));
#1220=CARTESIAN_POINT('Ctrl Pts',(7.45408578088688,2.53778659810717,64.3333333333333));
#1221=CARTESIAN_POINT('Ctrl Pts',(7.61524708937018,2.60137428536743,52.6666666666667));
#1222=CARTESIAN_POINT('Ctrl Pts',(7.77623461308862,2.66493318491755,41.));
#1223=CARTESIAN_POINT('Ctrl Pts',(5.1829776333272,5.3962319548263,76.));
#1224=CARTESIAN_POINT('Ctrl Pts',(5.29293550074936,5.52917374218461,64.3333333333334));
#1225=CARTESIAN_POINT('Ctrl Pts',(5.40307367604587,5.66211427317795,52.6666666666667));
#1226=CARTESIAN_POINT('Ctrl Pts',(5.51303154346803,5.79505606053626,41.));
#1227=CARTESIAN_POINT('Ctrl Pts',(2.13318941543056,7.06245218408875,76.));
#1228=CARTESIAN_POINT('Ctrl Pts',(2.17686488300522,7.23048335243023,64.3333333333333));
#1229=CARTESIAN_POINT('Ctrl Pts',(2.22065142099519,7.39849312971718,52.6666666666667));
#1230=CARTESIAN_POINT('Ctrl Pts',(2.26432688856985,7.56652429805866,41.));
#1231=CARTESIAN_POINT('Ctrl Pts',(-1.74183394681781,7.0573424021884,76.));
#1232=CARTESIAN_POINT('Ctrl Pts',(-1.77757438687845,7.22519441088037,64.3333333333334));
#1233=CARTESIAN_POINT('Ctrl Pts',(-1.81319594166699,7.39312397732699,52.6666666666667));
#1234=CARTESIAN_POINT('Ctrl Pts',(-1.84893638172763,7.56097598601895,41.));
#1235=CARTESIAN_POINT('Ctrl Pts',(-4.86238902770696,5.64039631512307,76.));
#1236=CARTESIAN_POINT('Ctrl Pts',(-4.96512031930776,5.77858146639655,64.3333333333333));
#1237=CARTESIAN_POINT('Ctrl Pts',(-5.06773138804552,5.91677507104228,52.6666666666667));
#1238=CARTESIAN_POINT('Ctrl Pts',(-5.17046267964633,6.05496022231576,41.));
#1239=CARTESIAN_POINT('Ctrl Pts',(-6.99888795140691,3.1135342041776,76.));
#1240=CARTESIAN_POINT('Ctrl Pts',(-7.15242837189163,3.19286854800685,64.3333333333334));
#1241=CARTESIAN_POINT('Ctrl Pts',(-7.30599560263143,3.27226290142886,52.6666666666667));
#1242=CARTESIAN_POINT('Ctrl Pts',(-7.45953602311615,3.35159724525811,41.));
#1243=CARTESIAN_POINT('Ctrl Pts',(-7.5,1.03784757306091,76.));
#1244=CARTESIAN_POINT('Ctrl Pts',(-7.6667537741124,1.06435566492493,64.3333333333333));
#1245=CARTESIAN_POINT('Ctrl Pts',(-7.8332462258876,1.09081429535021,52.6666666666667));
#1246=CARTESIAN_POINT('Ctrl Pts',(-8.,1.11732238721423,41.));
#1247=CARTESIAN_POINT('Ctrl Pts',(-7.5,8.49598716908476E-16,76.));
#1248=CARTESIAN_POINT('Ctrl Pts',(-7.66666666666667,8.71285170643377E-16,
64.3333333333333));
#1249=CARTESIAN_POINT('Ctrl Pts',(-7.83333333333333,8.92971624378278E-16,
52.6666666666667));
#1250=CARTESIAN_POINT('Ctrl Pts',(-8.,9.14658078113179E-16,41.));
#1251=CARTESIAN_POINT('Ctrl Pts',(-2.77555756156289E-16,-7.48571427698646,
42.0000006109476));
#1252=CARTESIAN_POINT('Ctrl Pts',(1.04954562938729,-7.47072076799522,43.0495462403349));
#1253=CARTESIAN_POINT('Ctrl Pts',(2.10860551764111,-7.26172628026645,44.1086061285887));
#1254=CARTESIAN_POINT('Ctrl Pts',(3.9968985411992,-6.47925444111618,45.9968991521468));
#1255=CARTESIAN_POINT('Ctrl Pts',(4.86307510490909,-5.93991506944219,46.8630757158567));
#1256=CARTESIAN_POINT('Ctrl Pts',(6.14504004792913,-4.69988996918927,48.1450406588768));
#1257=CARTESIAN_POINT('Ctrl Pts',(6.62512952699333,-4.09275080998121,48.6251301379409));
#1258=CARTESIAN_POINT('Ctrl Pts',(7.30693258329685,-2.83358768035919,49.3069331942445));
#1259=CARTESIAN_POINT('Ctrl Pts',(7.54497031325234,-2.22587314975164,49.5449709242001));
#1260=CARTESIAN_POINT('Ctrl Pts',(7.83767897328246,-0.948257273312739,49.8376795842303));
#1261=CARTESIAN_POINT('Ctrl Pts',(7.89679173893836,-0.305464108797348,49.8967923498351));
#1262=CARTESIAN_POINT('Ctrl Pts',(7.8302237165635,1.04525575036725,49.8302243274602));
#1263=CARTESIAN_POINT('Ctrl Pts',(7.69173844168536,1.71798450180779,49.691739052633));
#1264=CARTESIAN_POINT('Ctrl Pts',(7.18253684707615,3.16059916503698,49.1825374580238));
#1265=CARTESIAN_POINT('Ctrl Pts',(6.76608580520357,3.87345750328853,48.7660864161512));
#1266=CARTESIAN_POINT('Ctrl Pts',(5.64605553451571,5.27736936672474,47.6460561454633));
#1267=CARTESIAN_POINT('Ctrl Pts',(4.84475689162968,5.94926230055039,46.8447575025773));
#1268=CARTESIAN_POINT('Ctrl Pts',(2.73245576855168,7.11171839440283,44.7324563794993));
#1269=CARTESIAN_POINT('Ctrl Pts',(1.37964061767945,7.46600512530533,43.3796412286271));
#1270=CARTESIAN_POINT('Ctrl Pts',(-2.77555756156289E-16,7.48571427698646,
42.0000006109476));
#1271=CARTESIAN_POINT('',(-8.,-9.14658072529614E-16,41.));
#1272=CARTESIAN_POINT('Ctrl Pts',(-0.998828575750965,7.44139728471604,41.));
#1273=CARTESIAN_POINT('Ctrl Pts',(-1.26325011244805,7.41019535472463,41.));
#1274=CARTESIAN_POINT('Ctrl Pts',(-1.52595128370131,7.36665167300418,41.));
#1275=CARTESIAN_POINT('Ctrl Pts',(-1.78553460750279,7.31080560554104,41.));
#1276=CARTESIAN_POINT('Ctrl Pts',(-2.9561118143672,7.05897073145122,41.));
#1277=CARTESIAN_POINT('Ctrl Pts',(-4.06328724700677,6.55696547688349,41.));
#1278=CARTESIAN_POINT('Ctrl Pts',(-4.99838718723819,5.85540235342335,41.));
#1279=CARTESIAN_POINT('Ctrl Pts',(-5.93348712746961,5.15383922996321,41.));
#1280=CARTESIAN_POINT('Ctrl Pts',(-6.69651157529288,4.25271823761066,41.));
#1281=CARTESIAN_POINT('Ctrl Pts',(-7.21313979342548,3.24358902692341,41.));
#1282=CARTESIAN_POINT('Ctrl Pts',(-7.72976801155808,2.23445981623617,41.));
#1283=CARTESIAN_POINT('Ctrl Pts',(-8.,1.11732238721423,41.));
#1284=CARTESIAN_POINT('Ctrl Pts',(-8.,5.55111512312578E-16,41.));
#1285=CARTESIAN_POINT('',(-7.5,-8.49598716908476E-16,76.));
#1286=CARTESIAN_POINT('',(-7.5,-8.49598716908476E-16,76.));
#1287=CARTESIAN_POINT('',(-0.999999999999809,6.93746442638681,76.));
#1288=CARTESIAN_POINT('Ctrl Pts',(-0.999029799032321,6.9376623518344,76.));
#1289=CARTESIAN_POINT('Ctrl Pts',(-1.22809388463925,6.90893628848465,76.));
#1290=CARTESIAN_POINT('Ctrl Pts',(-1.45565989555047,6.8703565276429,76.));
#1291=CARTESIAN_POINT('Ctrl Pts',(-1.68067295596207,6.8219511882959,76.));
#1292=CARTESIAN_POINT('Ctrl Pts',(-2.78201897378085,6.58502703983329,76.));
#1293=CARTESIAN_POINT('Ctrl Pts',(-3.82220400074391,6.11271167747818,76.));
#1294=CARTESIAN_POINT('Ctrl Pts',(-4.69837966817542,5.45541031114305,76.));
#1295=CARTESIAN_POINT('Ctrl Pts',(-5.57455533560694,4.79810894480791,76.));
#1296=CARTESIAN_POINT('Ctrl Pts',(-6.28672164350693,3.95582157449276,76.));
#1297=CARTESIAN_POINT('Ctrl Pts',(-6.76808280960519,3.01575623155601,76.));
#1298=CARTESIAN_POINT('Ctrl Pts',(-7.24944397570346,2.07569088861926,76.));
#1299=CARTESIAN_POINT('Ctrl Pts',(-7.5,1.03784757306091,76.));
#1300=CARTESIAN_POINT('Ctrl Pts',(-7.5,5.55111512312578E-16,76.));
#1301=CARTESIAN_POINT('',(2.1570415377137E-31,7.01428569810731,75.0000011324883));
#1302=CARTESIAN_POINT('Ctrl Pts',(0.00221529641338725,7.01466976538632,
75.0000011324883));
#1303=CARTESIAN_POINT('Ctrl Pts',(0.00221519650848697,7.01398472019901,
75.0479475172232));
#1304=CARTESIAN_POINT('Ctrl Pts',(-0.00123818992455466,7.01329930861863,
75.095937200344));
#1305=CARTESIAN_POINT('Ctrl Pts',(-0.00816380130443517,7.01260556267352,
75.1435963342972));
#1306=CARTESIAN_POINT('Ctrl Pts',(-0.0166841412935639,7.01175207104743,
75.2022297173439));
#1307=CARTESIAN_POINT('Ctrl Pts',(-0.0303864225353577,7.01089439875755,
75.2598565437058));
#1308=CARTESIAN_POINT('Ctrl Pts',(-0.0490414529698713,7.00996633364346,
75.3158184152545));
#1309=CARTESIAN_POINT('Ctrl Pts',(-0.0685503184422603,7.00899579127292,
75.3743416445496));
#1310=CARTESIAN_POINT('Ctrl Pts',(-0.0934758335644179,7.00794802536556,
75.4310440222308));
#1311=CARTESIAN_POINT('Ctrl Pts',(-0.123554671342534,7.00669103695414,75.4851725452332));
#1312=CARTESIAN_POINT('Ctrl Pts',(-0.12614333539814,7.00658285721851,75.4898309885851));
#1313=CARTESIAN_POINT('Ctrl Pts',(-0.128770167304327,7.0064730962569,75.4944703679686));
#1314=CARTESIAN_POINT('Ctrl Pts',(-0.131434998131977,7.00636165254432,75.4990902033846));
#1315=CARTESIAN_POINT('Ctrl Pts',(-0.173157818735196,7.00461679655613,75.5714222112087));
#1316=CARTESIAN_POINT('Ctrl Pts',(-0.223677283574832,7.00248614659764,75.6380652320316));
#1317=CARTESIAN_POINT('Ctrl Pts',(-0.281692840656462,6.99957019450742,75.6975676966199));
#1318=CARTESIAN_POINT('Ctrl Pts',(-0.316243938679917,6.99783360260743,75.7330043206919));
#1319=CARTESIAN_POINT('Ctrl Pts',(-0.353453467174274,6.9958171315364,75.7659083435105));
#1320=CARTESIAN_POINT('Ctrl Pts',(-0.393043551552827,6.99343216021227,75.7959731525342));
#1321=CARTESIAN_POINT('Ctrl Pts',(-0.445546251931426,6.99026931181706,75.8358438344205));
#1322=CARTESIAN_POINT('Ctrl Pts',(-0.501715984333617,6.98648622298908,75.8703294970872));
#1323=CARTESIAN_POINT('Ctrl Pts',(-0.560695454729563,6.98193457000354,75.8990216236103));
#1324=CARTESIAN_POINT('Ctrl Pts',(-0.605599835026672,6.97846914118109,75.9208665495188));
#1325=CARTESIAN_POINT('Ctrl Pts',(-0.652132751012183,6.97455880778474,75.9393531761324));
#1326=CARTESIAN_POINT('Ctrl Pts',(-0.699914380220348,6.97015869885547,75.9543012126497));
#1327=CARTESIAN_POINT('Ctrl Pts',(-0.755835568320426,6.96500903520498,75.9717956341599));
#1328=CARTESIAN_POINT('Ctrl Pts',(-0.813020706255751,6.95922777408405,75.9843052171349));
#1329=CARTESIAN_POINT('Ctrl Pts',(-0.870827073007689,6.95281275677073,75.9917642451235));
#1330=CARTESIAN_POINT('Ctrl Pts',(-0.913310277175307,6.94809821569898,75.9972460532138));
#1331=CARTESIAN_POINT('Ctrl Pts',(-0.956129026892179,6.94304237592238,76.0000000000002));
#1332=CARTESIAN_POINT('Ctrl Pts',(-0.999029799036504,6.93766235183388,76.));
#1333=CARTESIAN_POINT('',(2.1570415377137E-31,-7.01428569810731,75.0000011324883));
#1334=CARTESIAN_POINT('Ctrl Pts',(1.66533453693773E-15,7.01428569810731,
75.0000011324883));
#1335=CARTESIAN_POINT('Ctrl Pts',(1.13848740868941,7.03054980394573,73.8615137237987));
#1336=CARTESIAN_POINT('Ctrl Pts',(2.29449338285542,6.80564787211244,72.7055077496326));
#1337=CARTESIAN_POINT('Ctrl Pts',(4.17453009231408,5.96038773726546,70.8254710401737));
#1338=CARTESIAN_POINT('Ctrl Pts',(4.95640584813086,5.44441006781781,70.0435952843568));
#1339=CARTESIAN_POINT('Ctrl Pts',(6.10966734279059,4.27449777227195,68.8903337896969));
#1340=CARTESIAN_POINT('Ctrl Pts',(6.53991694288672,3.70425993292265,68.4600841896007));
#1341=CARTESIAN_POINT('Ctrl Pts',(7.14807942400617,2.52300861171347,67.8519217084812));
#1342=CARTESIAN_POINT('Ctrl Pts',(7.3580210127046,1.95162661647812,67.6419801197828));
#1343=CARTESIAN_POINT('Ctrl Pts',(7.60809326567562,0.747146277497182,67.3919078668117));
#1344=CARTESIAN_POINT('Ctrl Pts',(7.65023467645498,0.139629171498347,67.349766455934));
#1345=CARTESIAN_POINT('Ctrl Pts',(7.55851833937316,-1.1337745664397,67.4414827930159));
#1346=CARTESIAN_POINT('Ctrl Pts',(7.41207083679666,-1.76585454587276,67.5879302956907));
#1347=CARTESIAN_POINT('Ctrl Pts',(6.90485557185687,-3.09752370694134,68.0951455606305));
#1348=CARTESIAN_POINT('Ctrl Pts',(6.50620985559151,-3.74751492172349,68.493791276896));
#1349=CARTESIAN_POINT('Ctrl Pts',(5.4254485373727,-5.05055118369848,69.5745525951149));
#1350=CARTESIAN_POINT('Ctrl Pts',(4.64359900609,-5.67669909761368,70.3564021263977));
#1351=CARTESIAN_POINT('Ctrl Pts',(2.60239661493593,-6.73211331981772,72.397604517552));
#1352=CARTESIAN_POINT('Ctrl Pts',(1.30915297689747,-7.03298788349156,73.6908481555906));
#1353=CARTESIAN_POINT('Ctrl Pts',(4.16333634234434E-15,-7.01428569810731,
75.0000011324883));
#1354=CARTESIAN_POINT('',(-0.999999999670692,-6.93746442646951,76.));
#1355=CARTESIAN_POINT('Ctrl Pts',(-1.0005895175645,-6.93730488946463,76.));
#1356=CARTESIAN_POINT('Ctrl Pts',(-0.946491296311127,-6.94407014901149,
75.9999999999989));
#1357=CARTESIAN_POINT('Ctrl Pts',(-0.892422853786651,-6.95032949703644,
75.995611181406));
#1358=CARTESIAN_POINT('Ctrl Pts',(-0.838912851359367,-6.95604577572058,
75.9868469310698));
#1359=CARTESIAN_POINT('Ctrl Pts',(-0.77903534472993,-6.96244227168917,75.9770397654222));
#1360=CARTESIAN_POINT('Ctrl Pts',(-0.720219283214345,-6.96811969865959,
75.9618143564467));
#1361=CARTESIAN_POINT('Ctrl Pts',(-0.663179525702951,-6.9731084302584,75.9413770016053));
#1362=CARTESIAN_POINT('Ctrl Pts',(-0.61954876834044,-6.97692440261578,75.9257440938034));
#1363=CARTESIAN_POINT('Ctrl Pts',(-0.576957428004753,-6.98033871166857,
75.9070616760244));
#1364=CARTESIAN_POINT('Ctrl Pts',(-0.535725658445917,-6.98338540482634,
75.88542207748));
#1365=CARTESIAN_POINT('Ctrl Pts',(-0.467573086084214,-6.98842132683794,
75.8496536804053));
#1366=CARTESIAN_POINT('Ctrl Pts',(-0.403882765206782,-6.99239663534073,
75.8061943063325));
#1367=CARTESIAN_POINT('Ctrl Pts',(-0.345876494826914,-6.9955952696911,75.7559740322387));
#1368=CARTESIAN_POINT('Ctrl Pts',(-0.310268328506312,-6.99755880748109,
75.7251454362802));
#1369=CARTESIAN_POINT('Ctrl Pts',(-0.276801864680162,-6.99923097979494,
75.6917691076988));
#1370=CARTESIAN_POINT('Ctrl Pts',(-0.245757459084484,-7.00068385741586,
75.65606019726));
#1371=CARTESIAN_POINT('Ctrl Pts',(-0.201576917786916,-7.00275150595026,
75.6052414116507));
#1372=CARTESIAN_POINT('Ctrl Pts',(-0.162747094082124,-7.00435772946229,
75.5502088864363));
#1373=CARTESIAN_POINT('Ctrl Pts',(-0.129780374330477,-7.00571972721691,
75.4918509808751));
#1374=CARTESIAN_POINT('Ctrl Pts',(-0.0980065649901946,-7.0070324406838,
75.4356047732219));
#1375=CARTESIAN_POINT('Ctrl Pts',(-0.0716789710410566,-7.00811926922544,
75.3762694907745));
#1376=CARTESIAN_POINT('Ctrl Pts',(-0.0512521952634784,-7.00912895747599,
75.3146405036684));
#1377=CARTESIAN_POINT('Ctrl Pts',(-0.0330970424616792,-7.01002636021202,
75.2598651592815));
#1378=CARTESIAN_POINT('Ctrl Pts',(-0.0197605263404072,-7.0108555938722,
75.203751316683));
#1379=CARTESIAN_POINT('Ctrl Pts',(-0.0113221491244215,-7.01167905868852,
75.1469381457666));
#1380=CARTESIAN_POINT('Ctrl Pts',(-0.00410357027851686,-7.012383488646,
75.0983375270399));
#1381=CARTESIAN_POINT('Ctrl Pts',(-0.000469364842688081,-7.01308295195097,
75.0492251479423));
#1382=CARTESIAN_POINT('Ctrl Pts',(-0.000469258288881225,-7.01378619151119,
75.0000011324882));
#1383=CARTESIAN_POINT('Ctrl Pts',(-7.5,-8.49598716908476E-16,76.));
#1384=CARTESIAN_POINT('Ctrl Pts',(-7.5,-1.03784757306091,76.));
#1385=CARTESIAN_POINT('Ctrl Pts',(-7.24824063719272,-2.07691314462677,76.));
#1386=CARTESIAN_POINT('Ctrl Pts',(-6.76743739966653,-3.01708941670898,76.));
#1387=CARTESIAN_POINT('Ctrl Pts',(-6.28663416214034,-3.95726568879118,76.));
#1388=CARTESIAN_POINT('Ctrl Pts',(-5.57678704989525,-4.79855266138973,76.));
#1389=CARTESIAN_POINT('Ctrl Pts',(-4.70056225418884,-5.45561753866968,76.));
#1390=CARTESIAN_POINT('Ctrl Pts',(-3.82433745848244,-6.11268241594962,76.));
#1391=CARTESIAN_POINT('Ctrl Pts',(-2.78173497931471,-6.58552519791097,76.));
#1392=CARTESIAN_POINT('Ctrl Pts',(-1.68084428089722,-6.82203968234578,76.));
#1393=CARTESIAN_POINT('Ctrl Pts',(-1.45618945597352,-6.8703043467389,76.));
#1394=CARTESIAN_POINT('Ctrl Pts',(-1.22910732865915,-6.90872756720124,76.));
#1395=CARTESIAN_POINT('Ctrl Pts',(-1.0005895172505,-6.9373048895039,76.));
#1396=CARTESIAN_POINT('Ctrl Pts',(-8.,-1.56590852422573E-15,41.));
#1397=CARTESIAN_POINT('Ctrl Pts',(-7.99999999999996,-1.11732238721423,41.0000000000026));
#1398=CARTESIAN_POINT('Ctrl Pts',(-7.72850755740461,-2.23577058576196,41.0000000000052));
#1399=CARTESIAN_POINT('Ctrl Pts',(-7.21245793563729,-3.24500011800023,41.0000000000078));
#1400=CARTESIAN_POINT('Ctrl Pts',(-6.69640831386997,-4.25422965023849,41.0000000000104));
#1401=CARTESIAN_POINT('Ctrl Pts',(-5.93580151293069,-5.1542405161673,41.0000000000131));
#1402=CARTESIAN_POINT('Ctrl Pts',(-5.00067370344174,-5.85555254262141,41.0000000000157));
#1403=CARTESIAN_POINT('Ctrl Pts',(-4.0655458939528,-6.55686456907552,41.0000000000183));
#1404=CARTESIAN_POINT('Ctrl Pts',(-2.95589707591419,-7.05947775605494,41.0000000000209));
#1405=CARTESIAN_POINT('Ctrl Pts',(-1.78579683186564,-7.31088302333478,41.0000000000235));
#1406=CARTESIAN_POINT('Ctrl Pts',(-1.526595123065,-7.36657455507478,41.0000000000241));
#1407=CARTESIAN_POINT('Ctrl Pts',(-1.26442697042416,-7.4099389303656,41.0000000000247));
#1408=CARTESIAN_POINT('Ctrl Pts',(-1.00060755889917,-7.44097016027205,41.0000000000252));
#1409=CARTESIAN_POINT('Origin',(-1.,-5.95401932995347E-6,75.));
#1410=CARTESIAN_POINT('',(-1.,-5.95401932995347E-6,76.));
#1411=CARTESIAN_POINT('',(2.1570415377137E-31,0.,75.0000011324883));
#1412=CARTESIAN_POINT('Origin',(-0.681821627090424,-1.19080386599069E-5,
76.));
#1413=CARTESIAN_POINT('Origin',(9.00000013411045,0.,66.0000009983767));
#1414=CARTESIAN_POINT('',(5.,2.49921532246824E-13,70.0000011324877));
#1415=CARTESIAN_POINT('Origin',(3.75,2.4976845139693E-13,71.2500011324878));
#1416=CARTESIAN_POINT('Origin',(9.24446373305873E-32,0.,42.0000006109476));
#1417=CARTESIAN_POINT('',(5.,2.49615370547037E-13,47.0000006109476));
#1418=CARTESIAN_POINT('Origin',(3.75,2.4976845139693E-13,45.7500006109476));
#1419=CARTESIAN_POINT('Origin',(3.75,2.4976845139693E-13,76.));
#1420=CARTESIAN_POINT('',(5.,2.49615370547037E-13,76.));
#1421=CARTESIAN_POINT('Origin',(-0.72727673865883,-1.25668559254914E-5,
41.));
#1422=CARTESIAN_POINT('',(0.,0.,0.));
#1423=CARTESIAN_POINT('Ctrl Pts',(7.19999999282415,0.000299002752496003,
99.));
#1424=CARTESIAN_POINT('Ctrl Pts',(7.19996448467251,0.740074457927604,99.));
#1425=CARTESIAN_POINT('Ctrl Pts',(6.91803813405582,2.20266967006753,99.));
#1426=CARTESIAN_POINT('Ctrl Pts',(5.67532749942872,4.37636952320573,99.));
#1427=CARTESIAN_POINT('Ctrl Pts',(3.69886343076772,5.93080594322927,99.));
#1428=CARTESIAN_POINT('Ctrl Pts',(0.424277468914925,6.9834093329589,99.));
#1429=CARTESIAN_POINT('Ctrl Pts',(-2.90997729706529,6.52335669142439,99.));
#1430=CARTESIAN_POINT('Ctrl Pts',(-5.67513802743951,4.38262159872453,99.));
#1431=CARTESIAN_POINT('Ctrl Pts',(-6.91841914123041,2.19913983869199,99.));
#1432=CARTESIAN_POINT('Ctrl Pts',(-7.2,0.739775457462274,99.));
#1433=CARTESIAN_POINT('Ctrl Pts',(-7.2,8.1056193423842E-16,99.));
#1434=CARTESIAN_POINT('Ctrl Pts',(7.19999999282415,0.000299002752496003,
99.7479982508547));
#1435=CARTESIAN_POINT('Ctrl Pts',(7.19996448006203,0.740170512533737,99.7479982508547));
#1436=CARTESIAN_POINT('Ctrl Pts',(6.91808853570647,2.20290249487408,99.7479982508547));
#1437=CARTESIAN_POINT('Ctrl Pts',(5.67529494246443,4.3768288982919,99.7479982508547));
#1438=CARTESIAN_POINT('Ctrl Pts',(3.69881889168212,5.93135229477121,99.7479982508547));
#1439=CARTESIAN_POINT('Ctrl Pts',(0.424159225139733,6.98401830486078,99.7479982508547));
#1440=CARTESIAN_POINT('Ctrl Pts',(-2.90990264343653,6.52395700462762,99.7479982508547));
#1441=CARTESIAN_POINT('Ctrl Pts',(-5.67510016447361,4.38309263548442,99.7479982508547));
#1442=CARTESIAN_POINT('Ctrl Pts',(-6.91846665394306,2.19937657641612,99.7479982508547));
#1443=CARTESIAN_POINT('Ctrl Pts',(-7.2,0.739871512068748,99.7479982508547));
#1444=CARTESIAN_POINT('Ctrl Pts',(-7.2,8.10561934238421E-16,99.7479982508547));
#1445=CARTESIAN_POINT('Ctrl Pts',(6.85766356042235,0.00028257109898911,
101.240830748448));
#1446=CARTESIAN_POINT('Ctrl Pts',(6.85762999887041,0.699502643660041,101.240830748448));
#1447=CARTESIAN_POINT('Ctrl Pts',(6.59139560095873,2.08204631274004,101.240830748448));
#1448=CARTESIAN_POINT('Ctrl Pts',(5.41419843916577,4.1425919284444,101.240830748448));
#1449=CARTESIAN_POINT('Ctrl Pts',(3.53354669138972,5.62328676281151,101.240830748447));
#1450=CARTESIAN_POINT('Ctrl Pts',(0.406321755610533,6.62945481946449,101.240830748447));
#1451=CARTESIAN_POINT('Ctrl Pts',(-2.78280810806507,6.18828087353914,101.240830748448));
#1452=CARTESIAN_POINT('Ctrl Pts',(-5.41402757445523,4.14844140043703,101.240830748448));
#1453=CARTESIAN_POINT('Ctrl Pts',(-6.59174651008151,2.07874520666118,101.240830748448));
#1454=CARTESIAN_POINT('Ctrl Pts',(-6.85766356720386,0.699220074703492,101.240830748448));
#1455=CARTESIAN_POINT('Ctrl Pts',(-6.85766356720386,7.66016452445899E-16,
101.240830748448));
#1456=CARTESIAN_POINT('Ctrl Pts',(5.18499582697293,0.000202285467584439,
103.343797174822));
#1457=CARTESIAN_POINT('Ctrl Pts',(5.18497180250484,0.500727122687793,103.343797174822));
#1458=CARTESIAN_POINT('Ctrl Pts',(4.99512534094982,1.49136695107138,103.343797174822));
#1459=CARTESIAN_POINT('Ctrl Pts',(4.13849585918312,2.99776287381214,103.343797174822));
#1460=CARTESIAN_POINT('Ctrl Pts',(2.72605383767765,4.11766458544727,103.343797174822));
#1461=CARTESIAN_POINT('Ctrl Pts',(0.319254532837331,4.89659580239383,103.343797174822));
#1462=CARTESIAN_POINT('Ctrl Pts',(-2.16187488229206,4.54771251843572,103.343797174822));
#1463=CARTESIAN_POINT('Ctrl Pts',(-4.13844575190585,3.00157962422946,103.343797174822));
#1464=CARTESIAN_POINT('Ctrl Pts',(-4.99534543769437,1.48916139801785,103.343797174822));
#1465=CARTESIAN_POINT('Ctrl Pts',(-5.18499583182764,0.500524838653569,103.343797174822));
#1466=CARTESIAN_POINT('Ctrl Pts',(-5.18499583182764,5.48365676738041E-16,
103.343797174822));
#1467=CARTESIAN_POINT('Ctrl Pts',(3.32199737357341,0.00011286423696821,
104.));
#1468=CARTESIAN_POINT('Ctrl Pts',(3.32198396142255,0.279541095486103,104.));
#1469=CARTESIAN_POINT('Ctrl Pts',(3.21732662376208,0.833978879744587,104.));
#1470=CARTESIAN_POINT('Ctrl Pts',(2.71756224778127,1.72365948317063,104.));
#1471=CARTESIAN_POINT('Ctrl Pts',(1.82658100311578,2.44190214112089,104.));
#1472=CARTESIAN_POINT('Ctrl Pts',(0.222024108988477,2.96787506820789,104.));
#1473=CARTESIAN_POINT('Ctrl Pts',(-1.47012487533202,2.72176534112806,104.));
#1474=CARTESIAN_POINT('Ctrl Pts',(-2.71763515417227,1.72523745238848,104.));
#1475=CARTESIAN_POINT('Ctrl Pts',(-3.21739477018066,0.833002010624403,104.));
#1476=CARTESIAN_POINT('Ctrl Pts',(-3.32199737628207,0.279428231893481,104.));
#1477=CARTESIAN_POINT('Ctrl Pts',(-3.32199737628207,3.05948697910603E-16,
104.));
#1478=CARTESIAN_POINT('Ctrl Pts',(2.1999999985838,5.90099861304434E-5,104.));
#1479=CARTESIAN_POINT('Ctrl Pts',(2.19999299083715,0.146058132206633,104.));
#1480=CARTESIAN_POINT('Ctrl Pts',(2.14649789401855,0.437403123537989,104.));
#1481=CARTESIAN_POINT('Ctrl Pts',(1.86189247697169,0.95502110530459,104.));
#1482=CARTESIAN_POINT('Ctrl Pts',(1.28499686263903,1.43111607650015,104.));
#1483=CARTESIAN_POINT('Ctrl Pts',(0.163802685495534,1.80456607307789,104.));
#1484=CARTESIAN_POINT('Ctrl Pts',(-1.05372809700489,1.62037668247792,104.));
#1485=CARTESIAN_POINT('Ctrl Pts',(-1.86205454361641,0.955217628777418,104.));
#1486=CARTESIAN_POINT('Ctrl Pts',(-2.14648273555741,0.437155116681647,104.));
#1487=CARTESIAN_POINT('Ctrl Pts',(-2.2,0.145999122388683,104.));
#1488=CARTESIAN_POINT('Ctrl Pts',(-2.2,1.59952219276399E-16,104.));
#1489=CARTESIAN_POINT('',(2.35000000175349,6.62097692817619E-5,103.997749493422));
#1490=CARTESIAN_POINT('',(4.85000136869338,3.23232845722855E-5,103.239990414737));
#1491=CARTESIAN_POINT('Ctrl Pts',(2.35000000175349,6.62097692818444E-5,
103.997749493422));
#1492=CARTESIAN_POINT('Ctrl Pts',(2.35000517662092,0.097764545303093,103.997749197361));
#1493=CARTESIAN_POINT('Ctrl Pts',(2.36147028712605,0.195144100319099,103.997198389761));
#1494=CARTESIAN_POINT('Ctrl Pts',(2.40598058198743,0.381672448549232,103.993750785099));
#1495=CARTESIAN_POINT('Ctrl Pts',(2.43808038258369,0.470402091803876,103.990876259487));
#1496=CARTESIAN_POINT('Ctrl Pts',(2.52808670559009,0.652189207989376,103.979859243557));
#1497=CARTESIAN_POINT('Ctrl Pts',(2.58875376173467,0.742701261696882,103.970966035752));
#1498=CARTESIAN_POINT('Ctrl Pts',(2.76830852823781,0.947474181723162,103.93848329801));
#1499=CARTESIAN_POINT('Ctrl Pts',(2.89846043490637,1.04704226730982,103.910040264249));
#1500=CARTESIAN_POINT('Ctrl Pts',(3.18970337491459,1.19211612047585,103.83528829464));
#1501=CARTESIAN_POINT('Ctrl Pts',(3.34805633175311,1.2348756398608,103.789597078975));
#1502=CARTESIAN_POINT('Ctrl Pts',(3.68254013497743,1.25941507104922,103.684454227745));
#1503=CARTESIAN_POINT('Ctrl Pts',(3.85658031974434,1.23557435405026,103.624990775039));
#1504=CARTESIAN_POINT('Ctrl Pts',(4.16336208200627,1.12622973833687,103.514302480013));
#1505=CARTESIAN_POINT('Ctrl Pts',(4.29733674205458,1.04883214578981,103.463405689707));
#1506=CARTESIAN_POINT('Ctrl Pts',(4.53233154765374,0.847000749307747,103.371388908461));
#1507=CARTESIAN_POINT('Ctrl Pts',(4.63171484885202,0.723439698456438,103.330919573901));
#1508=CARTESIAN_POINT('Ctrl Pts',(4.75906434798155,0.481760046158956,103.278311909858));
#1509=CARTESIAN_POINT('Ctrl Pts',(4.79856119448052,0.373292774721418,103.261703232346));
#1510=CARTESIAN_POINT('Ctrl Pts',(4.84078509774724,0.174799216136972,103.243900708776));
#1511=CARTESIAN_POINT('Ctrl Pts',(4.84998694816112,0.0877099634578677,103.239993736519));
#1512=CARTESIAN_POINT('Ctrl Pts',(4.84999998613091,0.00018620615185299,
103.239988213406));
#1513=CARTESIAN_POINT('',(7.19999999282415,0.000299002752495861,99.));
#1514=CARTESIAN_POINT('Origin',(2.1999999985838,5.90099861303627E-5,99.));
#1515=CARTESIAN_POINT('',(-7.2,-7.52238217137874E-16,99.));
#1516=CARTESIAN_POINT('Ctrl Pts',(7.19999999282415,0.000299002752496003,
99.));
#1517=CARTESIAN_POINT('Ctrl Pts',(7.19996448467251,0.740074457927604,99.));
#1518=CARTESIAN_POINT('Ctrl Pts',(6.91803813405582,2.20266967006753,99.));
#1519=CARTESIAN_POINT('Ctrl Pts',(5.67532749942872,4.37636952320573,99.));
#1520=CARTESIAN_POINT('Ctrl Pts',(3.69886343076772,5.93080594322927,99.));
#1521=CARTESIAN_POINT('Ctrl Pts',(0.424277468914925,6.9834093329589,99.));
#1522=CARTESIAN_POINT('Ctrl Pts',(-2.90997729706529,6.52335669142439,99.));
#1523=CARTESIAN_POINT('Ctrl Pts',(-5.67513802743951,4.38262159872453,99.));
#1524=CARTESIAN_POINT('Ctrl Pts',(-6.91841914123041,2.19913983869199,99.));
#1525=CARTESIAN_POINT('Ctrl Pts',(-7.2,0.739775457462274,99.));
#1526=CARTESIAN_POINT('Ctrl Pts',(-7.2,8.1056193423842E-16,99.));
#1527=CARTESIAN_POINT('',(-2.2,-1.38777878078145E-16,104.));
#1528=CARTESIAN_POINT('Origin',(-2.2,-1.38777878078145E-16,99.));
#1529=CARTESIAN_POINT('',(2.1999999985838,5.90099861303628E-5,104.));
#1530=CARTESIAN_POINT('Ctrl Pts',(-2.2,1.59952219276399E-16,104.));
#1531=CARTESIAN_POINT('Ctrl Pts',(-2.2,0.145999122388683,104.));
#1532=CARTESIAN_POINT('Ctrl Pts',(-2.14648273555741,0.437155116681647,104.));
#1533=CARTESIAN_POINT('Ctrl Pts',(-1.86205454361641,0.955217628777418,104.));
#1534=CARTESIAN_POINT('Ctrl Pts',(-1.05372809700489,1.62037668247792,104.));
#1535=CARTESIAN_POINT('Ctrl Pts',(0.163802685495534,1.80456607307789,104.));
#1536=CARTESIAN_POINT('Ctrl Pts',(1.28499686263903,1.43111607650015,104.));
#1537=CARTESIAN_POINT('Ctrl Pts',(1.86189247697169,0.95502110530459,104.));
#1538=CARTESIAN_POINT('Ctrl Pts',(2.14649789401855,0.437403123537989,104.));
#1539=CARTESIAN_POINT('Ctrl Pts',(2.19999299083715,0.146058132206633,104.));
#1540=CARTESIAN_POINT('Ctrl Pts',(2.1999999985838,5.90099861304434E-5,104.));
#1541=CARTESIAN_POINT('Origin',(2.1999999985838,5.90099861303627E-5,99.));
#1542=CARTESIAN_POINT('',(-1.63815477231224,3.28969230680497,103.628082692273));
#1543=CARTESIAN_POINT('',(-1.6,2.9008950555257,103.764246851737));
#1544=CARTESIAN_POINT('Ctrl Pts',(-1.63815477231224,3.28969230680497,103.628082692273));
#1545=CARTESIAN_POINT('Ctrl Pts',(-1.6130656125238,3.16309406508316,103.68006704694));
#1546=CARTESIAN_POINT('Ctrl Pts',(-1.59999999999939,3.03295681791441,103.725419639357));
#1547=CARTESIAN_POINT('Ctrl Pts',(-1.6,2.90089505552111,103.764246851737));
#1548=CARTESIAN_POINT('Ctrl Pts',(-1.6,2.90089505552111,103.764246851737));
#1549=CARTESIAN_POINT('Ctrl Pts',(-1.60000000000047,2.7973443660621,103.794691581073));
#1550=CARTESIAN_POINT('Ctrl Pts',(-1.60803105524458,2.69261133956719,103.821127418172));
#1551=CARTESIAN_POINT('Ctrl Pts',(-1.65106755497235,2.42134035678669,103.879541658151));
#1552=CARTESIAN_POINT('Ctrl Pts',(-1.69848589231891,2.25792828278357,103.905001598318));
#1553=CARTESIAN_POINT('Ctrl Pts',(-1.82752108107162,1.9620506076525,103.938521150645));
#1554=CARTESIAN_POINT('Ctrl Pts',(-1.90418095109909,1.82969669937595,103.948114777275));
#1555=CARTESIAN_POINT('Ctrl Pts',(-2.08152139310499,1.59126301490341,103.958469801753));
#1556=CARTESIAN_POINT('Ctrl Pts',(-2.18032097248132,1.4847772643917,103.959707466663));
#1557=CARTESIAN_POINT('Ctrl Pts',(-2.38738791137132,1.30515883571157,103.955228855714));
#1558=CARTESIAN_POINT('Ctrl Pts',(-2.49327631952034,1.23001499504291,103.950168863944));
#1559=CARTESIAN_POINT('Ctrl Pts',(-2.71784954641057,1.10127370990334,103.932007228643));
#1560=CARTESIAN_POINT('Ctrl Pts',(-2.83590463862293,1.04814311607082,103.918858412233));
#1561=CARTESIAN_POINT('Ctrl Pts',(-3.13528435083695,0.946613784246475,103.873238819834));
#1562=CARTESIAN_POINT('Ctrl Pts',(-3.31752418023724,0.912570210360188,103.835038168851));
#1563=CARTESIAN_POINT('Ctrl Pts',(-3.73442842106085,0.891611120393203,103.717504058107));
#1564=CARTESIAN_POINT('Ctrl Pts',(-3.96184321649606,0.921499023771138,103.631487074285));
#1565=CARTESIAN_POINT('Ctrl Pts',(-4.42416051104427,1.05994975096575,103.405426185617));
#1566=CARTESIAN_POINT('Ctrl Pts',(-4.64724722011546,1.17995964467388,103.261366971696));
#1567=CARTESIAN_POINT('Ctrl Pts',(-5.07494084582453,1.51662299044997,102.903826715353));
#1568=CARTESIAN_POINT('Ctrl Pts',(-5.2583723442867,1.74796329334109,102.683922262299));
#1569=CARTESIAN_POINT('Ctrl Pts',(-5.54797438297642,2.32163556595875,102.16318912977));
#1570=CARTESIAN_POINT('Ctrl Pts',(-5.61213475830013,2.6639984356389,101.866868749163));
#1571=CARTESIAN_POINT('Ctrl Pts',(-5.58770202172877,3.22813907876912,101.409561694615));
#1572=CARTESIAN_POINT('Ctrl Pts',(-5.53408647226903,3.45699962512918,101.235382865013));
#1573=CARTESIAN_POINT('Ctrl Pts',(-5.39383976547155,3.79697411222101,101.020868188061));
#1574=CARTESIAN_POINT('Ctrl Pts',(-5.32076228538551,3.9327962596129,100.947531201248));
#1575=CARTESIAN_POINT('Ctrl Pts',(-5.18728561396768,4.1196088560156,100.883301066668));
#1576=CARTESIAN_POINT('Ctrl Pts',(-5.14383449501678,4.17432225852389,100.869392152242));
#1577=CARTESIAN_POINT('Ctrl Pts',(-5.0606371101069,4.26819222591201,100.856059386977));
#1578=CARTESIAN_POINT('Ctrl Pts',(-5.02289015077701,4.30743975052039,100.854089474219));
#1579=CARTESIAN_POINT('Ctrl Pts',(-4.93850040973023,4.38827155822456,100.858226356399));
#1580=CARTESIAN_POINT('Ctrl Pts',(-4.89209855119436,4.42870644396119,100.865458655464));
#1581=CARTESIAN_POINT('Ctrl Pts',(-4.75356907096265,4.53879358897281,100.899734104542));
#1582=CARTESIAN_POINT('Ctrl Pts',(-4.66003330201754,4.60026840750803,100.93820358645));
#1583=CARTESIAN_POINT('Ctrl Pts',(-4.3510674889777,4.77068929104885,101.096900217767));
#1584=CARTESIAN_POINT('Ctrl Pts',(-4.11266651729769,4.85019755207826,101.268915820502));
#1585=CARTESIAN_POINT('Ctrl Pts',(-3.60218885859955,4.91834645345557,101.673433586942));
#1586=CARTESIAN_POINT('Ctrl Pts',(-3.31894566843955,4.90300358463917,101.916648323367));
#1587=CARTESIAN_POINT('Ctrl Pts',(-2.7288180317207,4.72931094434288,102.441577785334));
#1588=CARTESIAN_POINT('Ctrl Pts',(-2.43810174410601,4.56402788670121,102.71060879597));
#1589=CARTESIAN_POINT('Ctrl Pts',(-2.06208848420405,4.1931755178785,103.087585773178));
#1590=CARTESIAN_POINT('Ctrl Pts',(-1.94351142906746,4.03922694858593,103.213562829575));
#1591=CARTESIAN_POINT('Ctrl Pts',(-1.7518100046958,3.69057481615556,103.4416160989));
#1592=CARTESIAN_POINT('Ctrl Pts',(-1.67935708692364,3.4975964625701,103.542712127698));
#1593=CARTESIAN_POINT('Ctrl Pts',(-1.63815477231224,3.28969230680497,103.628082692273));
#1594=CARTESIAN_POINT('Ctrl Pts',(-7.2,4.16333634234434E-16,99.));
#1595=CARTESIAN_POINT('Ctrl Pts',(-7.2,-0.739789676314385,99.));
#1596=CARTESIAN_POINT('Ctrl Pts',(-6.91812829987401,-2.20245240862308,99.));
#1597=CARTESIAN_POINT('Ctrl Pts',(-5.67543140989746,-4.37627056998814,99.));
#1598=CARTESIAN_POINT('Ctrl Pts',(-3.69893268475176,-5.93077657933716,99.));
#1599=CARTESIAN_POINT('Ctrl Pts',(-0.424286684079761,-6.98341981802273,
99.));
#1600=CARTESIAN_POINT('Ctrl Pts',(2.91003385053442,-6.52335192750819,99.));
#1601=CARTESIAN_POINT('Ctrl Pts',(5.67524205974095,-4.38252298123442,99.));
#1602=CARTESIAN_POINT('Ctrl Pts',(6.91850966632778,-2.19892063616977,99.));
#1603=CARTESIAN_POINT('Ctrl Pts',(7.20003550165827,-0.73949067127468,99.));
#1604=CARTESIAN_POINT('Ctrl Pts',(7.19999999282415,0.000299002752495861,
99.));
#1605=CARTESIAN_POINT('Ctrl Pts',(-7.2,4.16333634234434E-16,99.7479982508547));
#1606=CARTESIAN_POINT('Ctrl Pts',(-7.2,-0.739885732767075,99.7479982508547));
#1607=CARTESIAN_POINT('Ctrl Pts',(-6.9181787125357,-2.20268524073737,99.7479982508547));
#1608=CARTESIAN_POINT('Ctrl Pts',(-5.67539886431909,-4.3767299652283,99.7479982508547));
#1609=CARTESIAN_POINT('Ctrl Pts',(-3.69888815225799,-5.93132295246712,99.7479982508547));
#1610=CARTESIAN_POINT('Ctrl Pts',(-0.424168441080073,-6.98402881208319,
99.7479982508547));
#1611=CARTESIAN_POINT('Ctrl Pts',(2.90995920153168,-6.52395226419263,99.7479982508547));
#1612=CARTESIAN_POINT('Ctrl Pts',(5.67520420810208,-4.38299403899104,99.7479982508547));
#1613=CARTESIAN_POINT('Ctrl Pts',(6.91855719006858,-2.1991573812696,99.7479982508547));
#1614=CARTESIAN_POINT('Ctrl Pts',(7.20003550626884,-0.739586727727027,99.7479982508547));
#1615=CARTESIAN_POINT('Ctrl Pts',(7.19999999282415,0.000299002752495861,
99.7479982508547));
#1616=CARTESIAN_POINT('Ctrl Pts',(-6.85766356715992,3.78326655243725E-16,
101.24083074837));
#1617=CARTESIAN_POINT('Ctrl Pts',(-6.85766356715992,-0.699233514060982,
101.24083074837));
#1618=CARTESIAN_POINT('Ctrl Pts',(-6.59148088203429,-2.0818406684893,101.24083074837));
#1619=CARTESIAN_POINT('Ctrl Pts',(-5.41429718099301,-4.14249778737969,101.24083074837));
#1620=CARTESIAN_POINT('Ctrl Pts',(-3.53361281607252,-5.62325873529933,101.24083074837));
#1621=CARTESIAN_POINT('Ctrl Pts',(-0.406330617696969,-6.62946487802598,
101.24083074837));
#1622=CARTESIAN_POINT('Ctrl Pts',(2.78286228092978,-6.18827625668091,101.24083074837));
#1623=CARTESIAN_POINT('Ctrl Pts',(5.41412643449153,-4.14834757064708,101.24083074837));
#1624=CARTESIAN_POINT('Ctrl Pts',(6.59183212968102,-2.07853773005349,101.24083074837));
#1625=CARTESIAN_POINT('Ctrl Pts',(6.85769712257542,-0.698950940819517,101.24083074837));
#1626=CARTESIAN_POINT('Ctrl Pts',(6.85766356037841,0.000282571098986863,
101.24083074837));
#1627=CARTESIAN_POINT('Ctrl Pts',(-5.1849958317627,1.92623232005166E-16,
103.343797174643));
#1628=CARTESIAN_POINT('Ctrl Pts',(-5.1849958317627,-0.50053445898983,103.343797174643));
#1629=CARTESIAN_POINT('Ctrl Pts',(-4.99518669324807,-1.49121802774661,103.343797174643));
#1630=CARTESIAN_POINT('Ctrl Pts',(-4.13856928296762,-2.99769213176785,103.343797174643));
#1631=CARTESIAN_POINT('Ctrl Pts',(-2.72610463551652,-4.11764296616358,103.343797174643));
#1632=CARTESIAN_POINT('Ctrl Pts',(-0.31926166544731,-4.89660365248216,103.343797174643));
#1633=CARTESIAN_POINT('Ctrl Pts',(2.16191739751309,-4.54770848809275,103.343797174643));
#1634=CARTESIAN_POINT('Ctrl Pts',(4.13851927652674,-3.00150906924099,103.343797174643));
#1635=CARTESIAN_POINT('Ctrl Pts',(4.99540702701021,-1.48901117316669,103.343797174643));
#1636=CARTESIAN_POINT('Ctrl Pts',(5.18501985183785,-0.500332172088859,103.343797174643));
#1637=CARTESIAN_POINT('Ctrl Pts',(5.184995826908,0.000202285467581205,103.343797174643));
#1638=CARTESIAN_POINT('Ctrl Pts',(-3.32199737628207,-1.42111460064041E-17,
104.));
#1639=CARTESIAN_POINT('Ctrl Pts',(-3.32199737628207,-0.27943360264303,104.));
#1640=CARTESIAN_POINT('Ctrl Pts',(-3.21736134836974,-0.833893147370412,
104.));
#1641=CARTESIAN_POINT('Ctrl Pts',(-2.71760749733058,-1.72361484632405,104.));
#1642=CARTESIAN_POINT('Ctrl Pts',(-1.82661474440396,-2.44188770599596,104.));
#1643=CARTESIAN_POINT('Ctrl Pts',(-0.222029317023135,-2.96788050650993,
104.));
#1644=CARTESIAN_POINT('Ctrl Pts',(1.47015441645479,-2.72176201488423,104.));
#1645=CARTESIAN_POINT('Ctrl Pts',(2.71768048508155,-1.72519286606692,104.));
#1646=CARTESIAN_POINT('Ctrl Pts',(3.21742961878666,-0.832915568103483,104.));
#1647=CARTESIAN_POINT('Ctrl Pts',(3.32201078598206,-0.279320737761706,104.));
#1648=CARTESIAN_POINT('Ctrl Pts',(3.32199737357341,0.000112864236968116,
104.));
#1649=CARTESIAN_POINT('Ctrl Pts',(-2.2,-1.38777878078141E-16,104.));
#1650=CARTESIAN_POINT('Ctrl Pts',(-2.2,-0.146001928564407,104.));
#1651=CARTESIAN_POINT('Ctrl Pts',(-2.1465165506876,-0.437355427371661,104.));
#1652=CARTESIAN_POINT('Ctrl Pts',(-1.86192072610886,-0.954992133141286,
104.));
#1653=CARTESIAN_POINT('Ctrl Pts',(-1.2850203128105,-1.43110590671777,104.));
#1654=CARTESIAN_POINT('Ctrl Pts',(-0.163806732236905,-1.80456999590755,
104.));
#1655=CARTESIAN_POINT('Ctrl Pts',(1.05374981127022,-1.62037371355867,104.));
#1656=CARTESIAN_POINT('Ctrl Pts',(1.86208286255091,-0.955188622519228,104.));
#1657=CARTESIAN_POINT('Ctrl Pts',(2.14650144810977,-0.437107066336207,104.));
#1658=CARTESIAN_POINT('Ctrl Pts',(2.20000700646515,-0.145942918410092,104.));
#1659=CARTESIAN_POINT('Ctrl Pts',(2.1999999985838,5.90099861303628E-5,104.));
#1660=CARTESIAN_POINT('Ctrl Pts',(4.85,-1.70893560966789E-13,103.239988207531));
#1661=CARTESIAN_POINT('Ctrl Pts',(4.85,-0.0899166726965306,103.239988207531));
#1662=CARTESIAN_POINT('Ctrl Pts',(4.84030202962292,-0.179364605722717,103.244106340756));
#1663=CARTESIAN_POINT('Ctrl Pts',(4.79281423933057,-0.39667527114644,103.264123173408));
#1664=CARTESIAN_POINT('Ctrl Pts',(4.74420383101432,-0.519972833006695,103.284556968264));
#1665=CARTESIAN_POINT('Ctrl Pts',(4.60726244892741,-0.753321313657234,103.34084854403));
#1666=CARTESIAN_POINT('Ctrl Pts',(4.51748169434869,-0.859947469145,103.377211548437));
#1667=CARTESIAN_POINT('Ctrl Pts',(4.29854750974558,-1.04757771786762,103.462922797357));
#1668=CARTESIAN_POINT('Ctrl Pts',(4.1674759381881,-1.12375605635334,103.512732431333));
#1669=CARTESIAN_POINT('Ctrl Pts',(3.87570044094731,-1.22979097273554,103.618179940931));
#1670=CARTESIAN_POINT('Ctrl Pts',(3.71477655048947,-1.25520689784998,103.673488065726));
#1671=CARTESIAN_POINT('Ctrl Pts',(3.38850387106133,-1.24292288679531,103.777525664729));
#1672=CARTESIAN_POINT('Ctrl Pts',(3.22518783859482,-1.20425831442049,103.825423593616));
#1673=CARTESIAN_POINT('Ctrl Pts',(2.9271291239489,-1.06563444236379,103.903272064694));
#1674=CARTESIAN_POINT('Ctrl Pts',(2.79457412725293,-0.969852136389256,103.932996202125));
#1675=CARTESIAN_POINT('Ctrl Pts',(2.60767249660237,-0.768207584889838,103.967925878472));
#1676=CARTESIAN_POINT('Ctrl Pts',(2.54312598671936,-0.676773872571148,103.977752518415));
#1677=CARTESIAN_POINT('Ctrl Pts',(2.44790242202776,-0.494017991416008,103.989848157593));
#1678=CARTESIAN_POINT('Ctrl Pts',(2.41391428143936,-0.405718302989721,103.993047922724));
#1679=CARTESIAN_POINT('Ctrl Pts',(2.37668450338356,-0.262446286040751,103.996054481795));
#1680=CARTESIAN_POINT('Ctrl Pts',(2.36654537275676,-0.209689678162717,103.996731385108));
#1681=CARTESIAN_POINT('Ctrl Pts',(2.35328040382898,-0.104535769130552,103.997571617679));
#1682=CARTESIAN_POINT('Ctrl Pts',(2.34999723025598,-0.0522579700196212,
103.997749651983));
#1683=CARTESIAN_POINT('Ctrl Pts',(2.35000000175349,6.62097692817619E-5,
103.997749493422));
#1684=CARTESIAN_POINT('Ctrl Pts',(2.1999999985838,5.90099861303628E-5,104.));
#1685=CARTESIAN_POINT('Ctrl Pts',(2.20000700646515,-0.145942918410092,104.));
#1686=CARTESIAN_POINT('Ctrl Pts',(2.14650144810977,-0.437107066336207,104.));
#1687=CARTESIAN_POINT('Ctrl Pts',(1.86208286255091,-0.955188622519228,104.));
#1688=CARTESIAN_POINT('Ctrl Pts',(1.05374981127022,-1.62037371355867,104.));
#1689=CARTESIAN_POINT('Ctrl Pts',(-0.163806732236905,-1.80456999590755,
104.));
#1690=CARTESIAN_POINT('Ctrl Pts',(-1.2850203128105,-1.43110590671777,104.));
#1691=CARTESIAN_POINT('Ctrl Pts',(-1.86192072610886,-0.954992133141286,
104.));
#1692=CARTESIAN_POINT('Ctrl Pts',(-2.1465165506876,-0.437355427371661,104.));
#1693=CARTESIAN_POINT('Ctrl Pts',(-2.2,-0.146001928564407,104.));
#1694=CARTESIAN_POINT('Ctrl Pts',(-2.2,-1.38777878078141E-16,104.));
#1695=CARTESIAN_POINT('Ctrl Pts',(-7.2,4.16333634234434E-16,99.));
#1696=CARTESIAN_POINT('Ctrl Pts',(-7.2,-0.739789676314385,99.));
#1697=CARTESIAN_POINT('Ctrl Pts',(-6.91812829987401,-2.20245240862308,99.));
#1698=CARTESIAN_POINT('Ctrl Pts',(-5.67543140989746,-4.37627056998814,99.));
#1699=CARTESIAN_POINT('Ctrl Pts',(-3.69893268475176,-5.93077657933716,99.));
#1700=CARTESIAN_POINT('Ctrl Pts',(-0.424286684079761,-6.98341981802273,
99.));
#1701=CARTESIAN_POINT('Ctrl Pts',(2.91003385053442,-6.52335192750819,99.));
#1702=CARTESIAN_POINT('Ctrl Pts',(5.67524205974095,-4.38252298123442,99.));
#1703=CARTESIAN_POINT('Ctrl Pts',(6.91850966632778,-2.19892063616977,99.));
#1704=CARTESIAN_POINT('Ctrl Pts',(7.20003550165827,-0.73949067127468,99.));
#1705=CARTESIAN_POINT('Ctrl Pts',(7.19999999282415,0.000299002752495861,
99.));
#1706=CARTESIAN_POINT('',(-1.94568170469028,-1.77695956903493,103.949981870374));
#1707=CARTESIAN_POINT('',(-1.6,-2.90089505552677,103.764246851736));
#1708=CARTESIAN_POINT('Ctrl Pts',(-1.94568170469028,-1.77695956903493,103.949981870374));
#1709=CARTESIAN_POINT('Ctrl Pts',(-1.85893506334897,-1.90464176926075,103.942889420739));
#1710=CARTESIAN_POINT('Ctrl Pts',(-1.78756534197936,-2.04152589979724,103.931133950645));
#1711=CARTESIAN_POINT('Ctrl Pts',(-1.66852492083901,-2.35178161632227,103.891051836896));
#1712=CARTESIAN_POINT('Ctrl Pts',(-1.62787213915581,-2.52484069629171,103.860435881876));
#1713=CARTESIAN_POINT('Ctrl Pts',(-1.60333049505365,-2.76692500239063,103.801832955963));
#1714=CARTESIAN_POINT('Ctrl Pts',(-1.6,-2.83423200056689,103.783846322058));
#1715=CARTESIAN_POINT('Ctrl Pts',(-1.6,-2.90089505552326,103.764246851736));
#1716=CARTESIAN_POINT('Ctrl Pts',(-1.59999999999999,-2.90089505552326,103.764246851736));
#1717=CARTESIAN_POINT('Ctrl Pts',(-1.59999999999998,-3.08599674945082,103.709825476072));
#1718=CARTESIAN_POINT('Ctrl Pts',(-1.62562739254041,-3.26611002809416,103.642888622874));
#1719=CARTESIAN_POINT('Ctrl Pts',(-1.74155643260125,-3.68262508856141,103.450211317965));
#1720=CARTESIAN_POINT('Ctrl Pts',(-1.85292968373859,-3.90231081993727,103.314882580024));
#1721=CARTESIAN_POINT('Ctrl Pts',(-2.16758058315251,-4.32731196632326,102.975323150199));
#1722=CARTESIAN_POINT('Ctrl Pts',(-2.38487693725458,-4.51251462310105,102.764450805983));
#1723=CARTESIAN_POINT('Ctrl Pts',(-2.93511623585428,-4.8210177933197,102.253477527092));
#1724=CARTESIAN_POINT('Ctrl Pts',(-3.27362729798517,-4.90061567800973,101.953453712085));
#1725=CARTESIAN_POINT('Ctrl Pts',(-3.83636923184695,-4.90109865949396,101.483839069175));
#1726=CARTESIAN_POINT('Ctrl Pts',(-4.06259399390841,-4.85895573602045,101.30523414934));
#1727=CARTESIAN_POINT('Ctrl Pts',(-4.42922550135676,-4.72881034837325,101.057140544173));
#1728=CARTESIAN_POINT('Ctrl Pts',(-4.59464910880472,-4.6467641193198,100.960382355875));
#1729=CARTESIAN_POINT('Ctrl Pts',(-4.812635753171,-4.49303213819673,100.883790428423));
#1730=CARTESIAN_POINT('Ctrl Pts',(-4.8711307140339,-4.44684928850336,100.868838213991));
#1731=CARTESIAN_POINT('Ctrl Pts',(-4.96886559194883,-4.36007937432694,100.855644979525));
#1732=CARTESIAN_POINT('Ctrl Pts',(-5.00835613568525,-4.32200601418679,100.85400865574));
#1733=CARTESIAN_POINT('Ctrl Pts',(-5.08817188217236,-4.2384353455001,100.858864530154));
#1734=CARTESIAN_POINT('Ctrl Pts',(-5.12751014791943,-4.19327146841229,100.866159998477));
#1735=CARTESIAN_POINT('Ctrl Pts',(-5.2303402494211,-4.06415053470349,100.898391931029));
#1736=CARTESIAN_POINT('Ctrl Pts',(-5.28736041386035,-3.97911237195889,100.932236060957));
#1737=CARTESIAN_POINT('Ctrl Pts',(-5.45272919936591,-3.68982095223818,101.07514047143));
#1738=CARTESIAN_POINT('Ctrl Pts',(-5.53334679035362,-3.46503497925572,101.231938276368));
#1739=CARTESIAN_POINT('Ctrl Pts',(-5.6147436881394,-2.97935571095986,101.605492125211));
#1740=CARTESIAN_POINT('Ctrl Pts',(-5.61085866390254,-2.70551062477067,101.834712024444));
#1741=CARTESIAN_POINT('Ctrl Pts',(-5.46726371061227,-2.11576591674336,102.34656313922));
#1742=CARTESIAN_POINT('Ctrl Pts',(-5.31525615074985,-1.81817745963693,102.615643039491));
#1743=CARTESIAN_POINT('Ctrl Pts',(-4.90367384265267,-1.35880478604716,103.065172095524));
#1744=CARTESIAN_POINT('Ctrl Pts',(-4.66836765936161,-1.18326384433362,103.252448274491));
#1745=CARTESIAN_POINT('Ctrl Pts',(-4.16346292044702,-0.966095035475612,
103.543569172072));
#1746=CARTESIAN_POINT('Ctrl Pts',(-3.91252325819963,-0.9078031665965,103.653775279444));
#1747=CARTESIAN_POINT('Ctrl Pts',(-3.44559296842796,-0.896626009695311,
103.804085074193));
#1748=CARTESIAN_POINT('Ctrl Pts',(-3.24080076861505,-0.922335149062887,
103.852768540323));
#1749=CARTESIAN_POINT('Ctrl Pts',(-2.91227330453615,-1.01814423061875,103.908798229406));
#1750=CARTESIAN_POINT('Ctrl Pts',(-2.78807772943335,-1.06820406812638,103.924476759742));
#1751=CARTESIAN_POINT('Ctrl Pts',(-2.55687948105035,-1.18973723082945,103.946015846321));
#1752=CARTESIAN_POINT('Ctrl Pts',(-2.45009950531012,-1.25958011017585,103.952329487878));
#1753=CARTESIAN_POINT('Ctrl Pts',(-2.23983370838363,-1.42776239063245,103.95936863547));
#1754=CARTESIAN_POINT('Ctrl Pts',(-2.1386239770471,-1.52813678226368,103.959421109071));
#1755=CARTESIAN_POINT('Ctrl Pts',(-2.01265018468888,-1.68283945512843,103.95462198313));
#1756=CARTESIAN_POINT('Ctrl Pts',(-1.97812879164971,-1.72920076950288,103.952634760751));
#1757=CARTESIAN_POINT('Ctrl Pts',(-1.94568170469028,-1.77695956903493,103.949981870374));
#1758=CARTESIAN_POINT('Ctrl Pts',(-7.2,-8.10587043885025E-16,97.));
#1759=CARTESIAN_POINT('Ctrl Pts',(-7.2,-8.10587043885025E-16,104.));
#1760=CARTESIAN_POINT('Ctrl Pts',(-7.2,-1.83565302149555,97.));
#1761=CARTESIAN_POINT('Ctrl Pts',(-7.2,-1.83565302149555,104.));
#1762=CARTESIAN_POINT('Ctrl Pts',(-6.34843292369679,-3.66652879978166,97.));
#1763=CARTESIAN_POINT('Ctrl Pts',(-6.34843292369679,-3.66652879978166,104.));
#1764=CARTESIAN_POINT('Ctrl Pts',(-4.87765621688895,-4.92737731595549,97.));
#1765=CARTESIAN_POINT('Ctrl Pts',(-4.87765621688895,-4.92737731595549,104.));
#1766=CARTESIAN_POINT('Ctrl Pts',(-3.45028862386199,-6.1510126260419,97.));
#1767=CARTESIAN_POINT('Ctrl Pts',(-3.45028862386199,-6.1510126260419,104.));
#1768=CARTESIAN_POINT('Ctrl Pts',(-1.45323970325429,-6.81028247502669,97.));
#1769=CARTESIAN_POINT('Ctrl Pts',(-1.45323970325429,-6.81028247502669,104.));
#1770=CARTESIAN_POINT('Ctrl Pts',(0.499386824808551,-6.68385207936061,97.));
#1771=CARTESIAN_POINT('Ctrl Pts',(0.499386824808551,-6.68385207936061,104.));
#1772=CARTESIAN_POINT('Ctrl Pts',(2.50578999750986,-6.55393970577324,97.));
#1773=CARTESIAN_POINT('Ctrl Pts',(2.50578999750986,-6.55393970577324,104.));
#1774=CARTESIAN_POINT('Ctrl Pts',(4.42916026851863,-5.59505064259623,97.));
#1775=CARTESIAN_POINT('Ctrl Pts',(4.42916026851863,-5.59505064259623,104.));
#1776=CARTESIAN_POINT('Ctrl Pts',(5.65715941643398,-4.14347615017465,97.));
#1777=CARTESIAN_POINT('Ctrl Pts',(5.65715941643398,-4.14347615017465,104.));
#1778=CARTESIAN_POINT('Ctrl Pts',(6.65233349890841,-2.96711595799436,97.));
#1779=CARTESIAN_POINT('Ctrl Pts',(6.65233349890841,-2.96711595799436,104.));
#1780=CARTESIAN_POINT('Ctrl Pts',(7.20007118951871,-1.48301017262271,97.));
#1781=CARTESIAN_POINT('Ctrl Pts',(7.20007118951871,-1.48301017262271,104.));
#1782=CARTESIAN_POINT('Ctrl Pts',(7.19999999282415,0.000299002752495861,
97.));
#1783=CARTESIAN_POINT('Ctrl Pts',(7.19999999282415,0.000299002752495861,
104.));
#1784=CARTESIAN_POINT('',(-7.2,-8.10587043885025E-16,97.));
#1785=CARTESIAN_POINT('',(-7.2,-8.10587043885025E-16,97.));
#1786=CARTESIAN_POINT('',(7.19999999282415,0.000299002752495861,97.));
#1787=CARTESIAN_POINT('Ctrl Pts',(-7.2,-8.10587043885025E-16,97.));
#1788=CARTESIAN_POINT('Ctrl Pts',(-7.2,-1.83565302149555,97.));
#1789=CARTESIAN_POINT('Ctrl Pts',(-6.34843292369679,-3.66652879978166,97.));
#1790=CARTESIAN_POINT('Ctrl Pts',(-4.87765621688895,-4.92737731595549,97.));
#1791=CARTESIAN_POINT('Ctrl Pts',(-3.45028862386199,-6.1510126260419,97.));
#1792=CARTESIAN_POINT('Ctrl Pts',(-1.45323970325429,-6.81028247502669,97.));
#1793=CARTESIAN_POINT('Ctrl Pts',(0.499386824808551,-6.68385207936061,97.));
#1794=CARTESIAN_POINT('Ctrl Pts',(2.50578999750986,-6.55393970577324,97.));
#1795=CARTESIAN_POINT('Ctrl Pts',(4.42916026851863,-5.59505064259623,97.));
#1796=CARTESIAN_POINT('Ctrl Pts',(5.65715941643398,-4.14347615017465,97.));
#1797=CARTESIAN_POINT('Ctrl Pts',(6.65233349890841,-2.96711595799436,97.));
#1798=CARTESIAN_POINT('Ctrl Pts',(7.20007118951871,-1.48301017262271,97.));
#1799=CARTESIAN_POINT('Ctrl Pts',(7.19999999282415,0.000299002752495861,
97.));
#1800=CARTESIAN_POINT('',(7.19999999282415,0.000299002752495861,97.));
#1801=CARTESIAN_POINT('Origin',(-0.654467054046803,-4.28167120046654E-5,
104.));
#1802=CARTESIAN_POINT('Origin',(-3.6,-2.90089505553029,97.));
#1803=CARTESIAN_POINT('',(-1.6,-2.90089505553029,77.));
#1804=CARTESIAN_POINT('',(-1.6,-2.90089505553029,97.));
#1805=CARTESIAN_POINT('Origin',(-3.6,-2.90089505553029,77.));
#1806=CARTESIAN_POINT('Origin',(3.6,-1.70237900457184E-13,97.));
#1807=CARTESIAN_POINT('',(4.85,-1.70390981307077E-13,82.8500011473894));
#1808=CARTESIAN_POINT('',(4.85,-1.70390981307077E-13,97.));
#1809=CARTESIAN_POINT('Origin',(3.6,-1.70237900457184E-13,81.6000011473894));
#1810=CARTESIAN_POINT('Origin',(-3.6,2.90089505553029,97.));
#1811=CARTESIAN_POINT('',(-1.6,2.90089505553029,77.));
#1812=CARTESIAN_POINT('',(-1.6,2.90089505553029,97.));
#1813=CARTESIAN_POINT('Origin',(-3.6,2.90089505553029,77.));
#1814=CARTESIAN_POINT('Ctrl Pts',(7.19999999282415,0.000299002752495861,
97.));
#1815=CARTESIAN_POINT('Ctrl Pts',(7.19999999282415,0.000299002752495861,
104.));
#1816=CARTESIAN_POINT('Ctrl Pts',(7.19997798398912,0.458830218982919,97.));
#1817=CARTESIAN_POINT('Ctrl Pts',(7.19997798398912,0.458830218982919,104.));
#1818=CARTESIAN_POINT('Ctrl Pts',(7.14922497306918,0.917055215938152,97.));
#1819=CARTESIAN_POINT('Ctrl Pts',(7.14922497306918,0.917055215938152,104.));
#1820=CARTESIAN_POINT('Ctrl Pts',(7.04856328225621,1.36636509925681,97.));
#1821=CARTESIAN_POINT('Ctrl Pts',(7.04856328225621,1.36636509925681,104.));
#1822=CARTESIAN_POINT('Ctrl Pts',(6.65363985144796,3.12913104510154,97.));
#1823=CARTESIAN_POINT('Ctrl Pts',(6.65363985144796,3.12913104510154,104.));
#1824=CARTESIAN_POINT('Ctrl Pts',(5.45193073371656,4.74235207440143,97.));
#1825=CARTESIAN_POINT('Ctrl Pts',(5.45193073371656,4.74235207440143,104.));
#1826=CARTESIAN_POINT('Ctrl Pts',(3.77781438738664,5.70300976641335,97.));
#1827=CARTESIAN_POINT('Ctrl Pts',(3.77781438738664,5.70300976641335,104.));
#1828=CARTESIAN_POINT('Ctrl Pts',(2.1217075451301,6.65333306998487,97.));
#1829=CARTESIAN_POINT('Ctrl Pts',(2.1217075451301,6.65333306998487,104.));
#1830=CARTESIAN_POINT('Ctrl Pts',(0.0214323831532809,6.94176858455208,97.));
#1831=CARTESIAN_POINT('Ctrl Pts',(0.0214323831532809,6.94176858455208,104.));
#1832=CARTESIAN_POINT('Ctrl Pts',(-1.86316427829555,6.47161519496585,97.));
#1833=CARTESIAN_POINT('Ctrl Pts',(-1.86316427829555,6.47161519496585,104.));
#1834=CARTESIAN_POINT('Ctrl Pts',(-3.80623766707081,5.98687352125134,97.));
#1835=CARTESIAN_POINT('Ctrl Pts',(-3.80623766707081,5.98687352125134,104.));
#1836=CARTESIAN_POINT('Ctrl Pts',(-5.49504834322864,4.70480596383422,97.));
#1837=CARTESIAN_POINT('Ctrl Pts',(-5.49504834322864,4.70480596383422,104.));
#1838=CARTESIAN_POINT('Ctrl Pts',(-6.40221510952217,3.06440662493046,97.));
#1839=CARTESIAN_POINT('Ctrl Pts',(-6.40221510952217,3.06440662493046,104.));
#1840=CARTESIAN_POINT('Ctrl Pts',(-6.92555683389041,2.11806527891535,97.));
#1841=CARTESIAN_POINT('Ctrl Pts',(-6.92555683389041,2.11806527891535,104.));
#1842=CARTESIAN_POINT('Ctrl Pts',(-7.2,1.05861326009607,97.));
#1843=CARTESIAN_POINT('Ctrl Pts',(-7.2,1.05861326009607,104.));
#1844=CARTESIAN_POINT('Ctrl Pts',(-7.2,8.1056193423842E-16,97.));
#1845=CARTESIAN_POINT('Ctrl Pts',(-7.2,8.1056193423842E-16,104.));
#1846=CARTESIAN_POINT('Ctrl Pts',(7.19999999282415,0.000299002752495861,
97.));
#1847=CARTESIAN_POINT('Ctrl Pts',(7.19997798398912,0.458830218982919,97.));
#1848=CARTESIAN_POINT('Ctrl Pts',(7.14922497306918,0.917055215938152,97.));
#1849=CARTESIAN_POINT('Ctrl Pts',(7.04856328225621,1.36636509925681,97.));
#1850=CARTESIAN_POINT('Ctrl Pts',(6.65363985144796,3.12913104510154,97.));
#1851=CARTESIAN_POINT('Ctrl Pts',(5.45193073371656,4.74235207440143,97.));
#1852=CARTESIAN_POINT('Ctrl Pts',(3.77781438738664,5.70300976641335,97.));
#1853=CARTESIAN_POINT('Ctrl Pts',(2.1217075451301,6.65333306998487,97.));
#1854=CARTESIAN_POINT('Ctrl Pts',(0.0214323831532809,6.94176858455208,97.));
#1855=CARTESIAN_POINT('Ctrl Pts',(-1.86316427829555,6.47161519496585,97.));
#1856=CARTESIAN_POINT('Ctrl Pts',(-3.80623766707081,5.98687352125134,97.));
#1857=CARTESIAN_POINT('Ctrl Pts',(-5.49504834322864,4.70480596383422,97.));
#1858=CARTESIAN_POINT('Ctrl Pts',(-6.40221510952217,3.06440662493046,97.));
#1859=CARTESIAN_POINT('Ctrl Pts',(-6.92555683389041,2.11806527891535,97.));
#1860=CARTESIAN_POINT('Ctrl Pts',(-7.2,1.05861326009607,97.));
#1861=CARTESIAN_POINT('Ctrl Pts',(-7.2,8.1056193423842E-16,97.));
#1862=CARTESIAN_POINT('Origin',(-1.,-2.22056692246697E-5,78.));
#1863=CARTESIAN_POINT('',(-1.50222535662204E-31,-6.98499998278916,78.0000011473894));
#1864=CARTESIAN_POINT('',(-0.999999999674925,-6.93746442646844,77.));
#1865=CARTESIAN_POINT('Ctrl Pts',(-0.000753586520965355,-6.98503562299438,
78.0000011473894));
#1866=CARTESIAN_POINT('Ctrl Pts',(-0.00075358504242156,-6.98522941138232,
77.9870832535588));
#1867=CARTESIAN_POINT('Ctrl Pts',(-0.00100387715736887,-6.98542331090788,
77.9741553914525));
#1868=CARTESIAN_POINT('Ctrl Pts',(-0.00150560283512013,-6.98561714363371,
77.9612247286625));
#1869=CARTESIAN_POINT('Ctrl Pts',(-0.00374454812486461,-6.98648212002965,
77.9035217889272));
#1870=CARTESIAN_POINT('Ctrl Pts',(-0.0109714256039762,-6.98734268014002,
77.8462472189785));
#1871=CARTESIAN_POINT('Ctrl Pts',(-0.0230430410141338,-6.98815027147006,
77.7900304225663));
#1872=CARTESIAN_POINT('Ctrl Pts',(-0.0354486199032013,-6.98898020496402,
77.7322583780563));
#1873=CARTESIAN_POINT('Ctrl Pts',(-0.0529708334996037,-6.9897540577765,
77.6756034436651));
#1874=CARTESIAN_POINT('Ctrl Pts',(-0.0754525178668353,-6.99036450725183,
77.6207487193497));
#1875=CARTESIAN_POINT('Ctrl Pts',(-0.0783016863088783,-6.99044187126746,
77.6137968225584));
#1876=CARTESIAN_POINT('Ctrl Pts',(-0.0812305059577083,-6.99051654251686,
77.606873839339));
#1877=CARTESIAN_POINT('Ctrl Pts',(-0.0842386530431303,-6.99058824405358,
77.599981160131));
#1878=CARTESIAN_POINT('Ctrl Pts',(-0.112834848850619,-6.99126985672931,
77.5344576339622));
#1879=CARTESIAN_POINT('Ctrl Pts',(-0.148320809456175,-6.99168167882116,
77.4723116443699));
#1880=CARTESIAN_POINT('Ctrl Pts',(-0.190019293830067,-6.99156249453765,
77.414565001455));
#1881=CARTESIAN_POINT('Ctrl Pts',(-0.216908315035005,-6.99148563925683,
77.3773274200616));
#1882=CARTESIAN_POINT('Ctrl Pts',(-0.246380441151916,-6.99118652322698,
77.3419191921621));
#1883=CARTESIAN_POINT('Ctrl Pts',(-0.278250857931779,-6.99058455316455,
77.308614307536));
#1884=CARTESIAN_POINT('Ctrl Pts',(-0.32956831447386,-6.98961526642031,77.2549870838556));
#1885=CARTESIAN_POINT('Ctrl Pts',(-0.386540489832997,-6.98786778959281,
77.2073994526483));
#1886=CARTESIAN_POINT('Ctrl Pts',(-0.448040732072868,-6.98505704743706,
77.1666124311422));
#1887=CARTESIAN_POINT('Ctrl Pts',(-0.496583805762983,-6.98283848603597,
77.134418616639));
#1888=CARTESIAN_POINT('Ctrl Pts',(-0.547947522001754,-6.97995735665641,
77.1064617072848));
#1889=CARTESIAN_POINT('Ctrl Pts',(-0.601570231912656,-6.9762959180135,77.0831159393059));
#1890=CARTESIAN_POINT('Ctrl Pts',(-0.656765590541399,-6.9725270965696,77.0590854858245));
#1891=CARTESIAN_POINT('Ctrl Pts',(-0.713913675076496,-6.96795983325571,
77.0401320524299));
#1892=CARTESIAN_POINT('Ctrl Pts',(-0.77231574485558,-6.962542847632,77.0264297984648));
#1893=CARTESIAN_POINT('Ctrl Pts',(-0.789522621650269,-6.96094685275411,
77.0223927327122));
#1894=CARTESIAN_POINT('Ctrl Pts',(-0.806838343911341,-6.95927743720249,
77.0188114986117));
#1895=CARTESIAN_POINT('Ctrl Pts',(-0.824245038699762,-6.95753417085565,
77.0156905503479));
#1896=CARTESIAN_POINT('Ctrl Pts',(-0.882559372519233,-6.95169403768153,
77.0052350318764));
#1897=CARTESIAN_POINT('Ctrl Pts',(-0.941591655664047,-6.94505092311823,
77.0000000000012));
#1898=CARTESIAN_POINT('Ctrl Pts',(-1.00065533697944,-6.93764964258017,77.));
#1899=CARTESIAN_POINT('',(-0.999999999999923,6.93746442638678,77.));
#1900=CARTESIAN_POINT('',(-1.,-2.22056692246697E-5,77.));
#1901=CARTESIAN_POINT('',(-1.50222535662204E-31,6.98499998278916,78.0000011473894));
#1902=CARTESIAN_POINT('Ctrl Pts',(-0.998472366614795,6.93764699614372,77.));
#1903=CARTESIAN_POINT('Ctrl Pts',(-0.994447496271684,6.9381508005218,76.9999999999999));
#1904=CARTESIAN_POINT('Ctrl Pts',(-0.990422223328359,6.93865118942201,77.0000242058645));
#1905=CARTESIAN_POINT('Ctrl Pts',(-0.986396764464235,6.93914813725542,77.0000726317537));
#1906=CARTESIAN_POINT('Ctrl Pts',(-0.927281675396693,6.94644596749682,77.0007837806806));
#1907=CARTESIAN_POINT('Ctrl Pts',(-0.868262693064631,6.95298003129709,77.0067158419348));
#1908=CARTESIAN_POINT('Ctrl Pts',(-0.810027465397499,6.9587109354945,77.0178456521616));
#1909=CARTESIAN_POINT('Ctrl Pts',(-0.750609072855091,6.96455827444835,77.029201586696));
#1910=CARTESIAN_POINT('Ctrl Pts',(-0.692326551306892,6.96953851292633,77.0459071798024));
#1911=CARTESIAN_POINT('Ctrl Pts',(-0.635890462602656,6.9736939139103,77.0677735097119));
#1912=CARTESIAN_POINT('Ctrl Pts',(-0.617774273937878,6.97502781266076,77.0747926807272));
#1913=CARTESIAN_POINT('Ctrl Pts',(-0.599848341105398,6.97627712750983,77.0823436312108));
#1914=CARTESIAN_POINT('Ctrl Pts',(-0.582136124714473,6.97744437010105,77.0904201121448));
#1915=CARTESIAN_POINT('Ctrl Pts',(-0.517369406983518,6.98171252433768,77.1199526759619));
#1916=CARTESIAN_POINT('Ctrl Pts',(-0.456071565671674,6.98483918415468,77.1562342719784));
#1917=CARTESIAN_POINT('Ctrl Pts',(-0.399238071685368,6.98704795970873,77.1985767368111));
#1918=CARTESIAN_POINT('Ctrl Pts',(-0.35138042049276,6.98890789832264,77.2342319599985));
#1919=CARTESIAN_POINT('Ctrl Pts',(-0.306688126244868,6.99011878629392,77.2741848122858));
#1920=CARTESIAN_POINT('Ctrl Pts',(-0.265746631973254,6.99083443876282,77.3180243969933));
#1921=CARTESIAN_POINT('Ctrl Pts',(-0.218463559815012,6.9916609412618,77.3686544554216));
#1922=CARTESIAN_POINT('Ctrl Pts',(-0.176687686889845,6.99182215811386,77.4239305749514));
#1923=CARTESIAN_POINT('Ctrl Pts',(-0.141010139860788,6.99158519051268,77.482906326612));
#1924=CARTESIAN_POINT('Ctrl Pts',(-0.109129743507349,6.99137344330253,77.5356053066358));
#1925=CARTESIAN_POINT('Ctrl Pts',(-0.0821182554801307,6.99084425663778,
77.5912583240788));
#1926=CARTESIAN_POINT('Ctrl Pts',(-0.0603891593118631,6.99015366481405,
77.6491901140029));
#1927=CARTESIAN_POINT('Ctrl Pts',(-0.0393329792985308,6.98948445953999,
77.705327846916));
#1928=CARTESIAN_POINT('Ctrl Pts',(-0.0234254215648678,6.98867107016915,
77.7631059760971));
#1929=CARTESIAN_POINT('Ctrl Pts',(-0.0127824124991469,6.98781528684438,
77.8218119866326));
#1930=CARTESIAN_POINT('Ctrl Pts',(-0.002139403433426,6.98695950351961,77.8805179971682));
#1931=CARTESIAN_POINT('Ctrl Pts',(0.00323918386774724,6.98606163401919,
77.9401518890583));
#1932=CARTESIAN_POINT('Ctrl Pts',(0.00323877761922353,6.98516378732924,
78.0000011473894));
#1933=CARTESIAN_POINT('',(-1.50222535662204E-31,0.,78.0000011473894));
#1934=CARTESIAN_POINT('Ctrl Pts',(-7.2,-8.10587043885025E-16,97.));
#1935=CARTESIAN_POINT('Ctrl Pts',(-7.3,-8.23590934892842E-16,90.3333333333333));
#1936=CARTESIAN_POINT('Ctrl Pts',(-7.4,-8.36594825900659E-16,83.6666666666667));
#1937=CARTESIAN_POINT('Ctrl Pts',(-7.5,-8.49598716908476E-16,77.));
#1938=CARTESIAN_POINT('Ctrl Pts',(-7.2,-0.990162684568927,97.));
#1939=CARTESIAN_POINT('Ctrl Pts',(-7.30008253411336,-1.00604665760282,90.3333333333333));
#1940=CARTESIAN_POINT('Ctrl Pts',(-7.39991746588663,-1.02196360002702,83.6666666666667));
#1941=CARTESIAN_POINT('Ctrl Pts',(-7.5,-1.03784757306091,77.));
#1942=CARTESIAN_POINT('Ctrl Pts',(-6.71914120549975,-2.9743261126771,97.));
#1943=CARTESIAN_POINT('Ctrl Pts',(-6.81120463172241,-3.02198277625078,90.3333333333333));
#1944=CARTESIAN_POINT('Ctrl Pts',(-6.90335194622597,-3.06967305831559,83.6666666666666));
#1945=CARTESIAN_POINT('Ctrl Pts',(-6.99541537244864,-3.11732972188927,77.));
#1946=CARTESIAN_POINT('Ctrl Pts',(-4.68266555213701,-5.39114947823755,97.));
#1947=CARTESIAN_POINT('Ctrl Pts',(-4.74435237763232,-5.47403181912119,90.3333333333333));
#1948=CARTESIAN_POINT('Ctrl Pts',(-4.80595895442818,-5.55691303948168,83.6666666666667));
#1949=CARTESIAN_POINT('Ctrl Pts',(-4.86764577992349,-5.63979538036531,77.));
#1950=CARTESIAN_POINT('Ctrl Pts',(-1.67337333226002,-6.75639668799099,97.));
#1951=CARTESIAN_POINT('Ctrl Pts',(-1.6947600789237,-6.85714184004985,90.3333333333333));
#1952=CARTESIAN_POINT('Ctrl Pts',(-1.71619744979514,-6.9578990410503,83.6666666666667));
#1953=CARTESIAN_POINT('Ctrl Pts',(-1.73758419645881,-7.05864419310917,77.));
#1954=CARTESIAN_POINT('Ctrl Pts',(1.67270221365385,-6.75747986111762,97.));
#1955=CARTESIAN_POINT('Ctrl Pts',(1.69407420379048,-6.85824473264078,90.3333333333333));
#1956=CARTESIAN_POINT('Ctrl Pts',(1.71546876499014,-6.95900875683039,83.6666666666667));
#1957=CARTESIAN_POINT('Ctrl Pts',(1.73684075512677,-7.05977362835355,77.));
#1958=CARTESIAN_POINT('Ctrl Pts',(4.68061490988196,-5.38976422128415,96.9999999999999));
#1959=CARTESIAN_POINT('Ctrl Pts',(4.74234571326656,-5.47261607777278,90.3333333333333));
#1960=CARTESIAN_POINT('Ctrl Pts',(4.80386691905335,-5.55552865140253,83.6666666666666));
#1961=CARTESIAN_POINT('Ctrl Pts',(4.86559772243795,-5.63838050789116,77.));
#1962=CARTESIAN_POINT('Ctrl Pts',(6.49119042942062,-3.24270068201673,97.));
#1963=CARTESIAN_POINT('Ctrl Pts',(6.57980149601786,-3.29430308279617,90.3333333333333));
#1964=CARTESIAN_POINT('Ctrl Pts',(6.66849212084046,-3.34591651274456,83.6666666666666));
#1965=CARTESIAN_POINT('Ctrl Pts',(6.7571031874377,-3.397518913524,77.));
#1966=CARTESIAN_POINT('Ctrl Pts',(7.43841981799761,-0.358874304417365,97.));
#1967=CARTESIAN_POINT('Ctrl Pts',(7.54234469784119,-0.364831850311386,90.3333333333333));
#1968=CARTESIAN_POINT('Ctrl Pts',(7.64599829601146,-0.370906639888648,83.6666666666666));
#1969=CARTESIAN_POINT('Ctrl Pts',(7.74992317585504,-0.376864185782669,77.));
#1970=CARTESIAN_POINT('Ctrl Pts',(7.00349066273268,2.35998715248866,96.9999999999999));
#1971=CARTESIAN_POINT('Ctrl Pts',(7.1000917902751,2.39812120561642,90.3333333333333));
#1972=CARTESIAN_POINT('Ctrl Pts',(7.19678975788638,2.4362841047897,83.6666666666666));
#1973=CARTESIAN_POINT('Ctrl Pts',(7.2933908854288,2.47441815791746,76.9999999999999));
#1974=CARTESIAN_POINT('Ctrl Pts',(4.98341547718153,5.15862639865403,97.));
#1975=CARTESIAN_POINT('Ctrl Pts',(5.0493718980642,5.23840422490439,90.3333333333333));
#1976=CARTESIAN_POINT('Ctrl Pts',(5.11543306309603,5.3182153643322,83.6666666666667));
#1977=CARTESIAN_POINT('Ctrl Pts',(5.18138948397869,5.39799319058256,77.));
#1978=CARTESIAN_POINT('Ctrl Pts',(2.05536147864359,6.7593339961696,96.9999999999999));
#1979=CARTESIAN_POINT('Ctrl Pts',(2.08158675759536,6.86014366278469,90.3333333333333));
#1980=CARTESIAN_POINT('Ctrl Pts',(2.10786473012617,6.96093869855554,83.6666666666666));
#1981=CARTESIAN_POINT('Ctrl Pts',(2.13409000907795,7.06174836517063,77.));
#1982=CARTESIAN_POINT('Ctrl Pts',(-1.67785451075917,6.75522903347769,97.));
#1983=CARTESIAN_POINT('Ctrl Pts',(-1.69931851615188,6.85594078402572,90.3333333333333));
#1984=CARTESIAN_POINT('Ctrl Pts',(-1.72065927360349,6.95670153721953,83.6666666666667));
#1985=CARTESIAN_POINT('Ctrl Pts',(-1.74212327899619,7.05741328776755,77.));
#1986=CARTESIAN_POINT('Ctrl Pts',(-4.67480531705082,5.39259584020742,97.));
#1987=CARTESIAN_POINT('Ctrl Pts',(-4.73639470334814,5.47552977198871,90.3333333333333));
#1988=CARTESIAN_POINT('Ctrl Pts',(-4.79794244319339,5.5584392743141,83.6666666666666));
#1989=CARTESIAN_POINT('Ctrl Pts',(-4.85953182949071,5.64137320609539,77.));
#1990=CARTESIAN_POINT('Ctrl Pts',(-6.72360762262034,2.97018010255343,97.));
#1991=CARTESIAN_POINT('Ctrl Pts',(-6.81576597652064,3.01776565336895,90.3333333333333));
#1992=CARTESIAN_POINT('Ctrl Pts',(-6.90787999920116,3.06541246855279,83.6666666666667));
#1993=CARTESIAN_POINT('Ctrl Pts',(-7.00003835310145,3.11299801936831,77.));
#1994=CARTESIAN_POINT('Ctrl Pts',(-7.2,0.990162684568926,97.));
#1995=CARTESIAN_POINT('Ctrl Pts',(-7.30003181611666,1.00608523851614,90.3333333333333));
#1996=CARTESIAN_POINT('Ctrl Pts',(-7.39996818388333,1.0219250191137,83.6666666666667));
#1997=CARTESIAN_POINT('Ctrl Pts',(-7.5,1.03784757306091,77.));
#1998=CARTESIAN_POINT('Ctrl Pts',(-7.2,8.1056193423842E-16,97.));
#1999=CARTESIAN_POINT('Ctrl Pts',(-7.3,8.23574195128439E-16,90.3333333333333));
#2000=CARTESIAN_POINT('Ctrl Pts',(-7.4,8.36586456018458E-16,83.6666666666667));
#2001=CARTESIAN_POINT('Ctrl Pts',(-7.5,8.49598716908476E-16,77.));
#2002=CARTESIAN_POINT('Ctrl Pts',(-2.63677968348475E-15,-6.98499998278916,
78.0000011473894));
#2003=CARTESIAN_POINT('Ctrl Pts',(0.710649686130206,-6.97434023749721,78.7106508335196));
#2004=CARTESIAN_POINT('Ctrl Pts',(1.42423545965426,-6.86916329660686,79.4242366070437));
#2005=CARTESIAN_POINT('Ctrl Pts',(2.95621161133261,-6.42144553818103,80.956212758722));
#2006=CARTESIAN_POINT('Ctrl Pts',(3.78453886360275,-6.02850949306811,81.7845400109921));
#2007=CARTESIAN_POINT('Ctrl Pts',(5.11988943134924,-5.03955139160747,83.1198905787386));
#2008=CARTESIAN_POINT('Ctrl Pts',(5.66848023985392,-4.50274976619708,83.6684813872433));
#2009=CARTESIAN_POINT('Ctrl Pts',(6.54791691368318,-3.26356605527774,84.5479180610726));
#2010=CARTESIAN_POINT('Ctrl Pts',(6.89571981617582,-2.58034782557048,84.8957209635859));
#2011=CARTESIAN_POINT('Ctrl Pts',(7.24581376295081,-1.36712068399234,85.2458149103609));
#2012=CARTESIAN_POINT('Ctrl Pts',(7.32920165011181,-0.902720302929259,85.3292027975013));
#2013=CARTESIAN_POINT('Ctrl Pts',(7.38759596190084,-0.0107631708747654,
85.3875971092903));
#2014=CARTESIAN_POINT('Ctrl Pts',(7.37493728544163,0.403308648867905,85.3749384328463));
#2015=CARTESIAN_POINT('Ctrl Pts',(7.25520450468114,1.35450205266149,85.2552056520858));
#2016=CARTESIAN_POINT('Ctrl Pts',(7.12108639608568,1.87122816394316,85.1210875434751));
#2017=CARTESIAN_POINT('Ctrl Pts',(6.64354537880498,3.11240794020894,84.6435465261944));
#2018=CARTESIAN_POINT('Ctrl Pts',(6.23243078020546,3.77078024864183,84.2324319275948));
#2019=CARTESIAN_POINT('Ctrl Pts',(5.14395733332941,5.05641877115209,83.1439584807188));
#2020=CARTESIAN_POINT('Ctrl Pts',(4.41479567586451,5.61928713527938,82.4147968232539));
#2021=CARTESIAN_POINT('Ctrl Pts',(2.5448248931948,6.63815722135105,80.5448260405842));
#2022=CARTESIAN_POINT('Ctrl Pts',(1.28485545700051,6.96572715093415,79.2848566043899));
#2023=CARTESIAN_POINT('Ctrl Pts',(-1.38777878078145E-15,6.98499998278916,
78.0000011473894));
#2024=CARTESIAN_POINT('',(-7.5,-8.49598662991093E-16,77.));
#2025=CARTESIAN_POINT('Ctrl Pts',(-0.998472366581712,6.93764699614763,77.0000000000152));
#2026=CARTESIAN_POINT('Ctrl Pts',(-1.22760808507296,6.90896543169823,77.0000000000149));
#2027=CARTESIAN_POINT('Ctrl Pts',(-1.45522592250925,6.87042719169618,77.0000000000146));
#2028=CARTESIAN_POINT('Ctrl Pts',(-1.68025937753411,6.82205686909911,77.0000000000143));
#2029=CARTESIAN_POINT('Ctrl Pts',(-2.7812594624943,6.58539992720999,77.0000000000127));
#2030=CARTESIAN_POINT('Ctrl Pts',(-3.82039564599246,6.11338656665263,77.0000000000111));
#2031=CARTESIAN_POINT('Ctrl Pts',(-4.69671482501,5.45598402191945,77.0000000000095));
#2032=CARTESIAN_POINT('Ctrl Pts',(-5.57303400402754,4.79858147718628,77.0000000000079));
#2033=CARTESIAN_POINT('Ctrl Pts',(-6.28653617856446,3.95578974827728,77.0000000000063));
#2034=CARTESIAN_POINT('Ctrl Pts',(-6.76827767755757,3.01560627224594,77.0000000000047));
#2035=CARTESIAN_POINT('Ctrl Pts',(-7.25001917655068,2.0754227962146,77.0000000000032));
#2036=CARTESIAN_POINT('Ctrl Pts',(-7.49999999999998,1.03784757306091,77.0000000000016));
#2037=CARTESIAN_POINT('Ctrl Pts',(-7.5,5.55111512312578E-16,77.));
#2038=CARTESIAN_POINT('',(-7.2,-8.10587043885025E-16,97.));
#2039=CARTESIAN_POINT('Ctrl Pts',(-7.5,-8.49598662991093E-16,77.));
#2040=CARTESIAN_POINT('Ctrl Pts',(-7.5,-1.91543321787059,77.));
#2041=CARTESIAN_POINT('Ctrl Pts',(-6.61479285556794,-3.82346961465607,77.));
#2042=CARTESIAN_POINT('Ctrl Pts',(-5.09349017112008,-5.13743139257094,77.));
#2043=CARTESIAN_POINT('Ctrl Pts',(-3.97390698667678,-6.10442469810673,77.));
#2044=CARTESIAN_POINT('Ctrl Pts',(-2.51973625238141,-6.7465343380427,77.));
#2045=CARTESIAN_POINT('Ctrl Pts',(-0.999999999669874,-6.93746442642824,
77.));
#2046=CARTESIAN_POINT('Origin',(-1.50222535662204E-31,0.,78.0000011473894));
#2047=CARTESIAN_POINT('Origin',(-0.681736900959773,-4.44113384493395E-5,
77.));
#2048=CARTESIAN_POINT('',(0.,0.,0.));
#2049=CARTESIAN_POINT('',(0.,0.,0.));
#2050=CARTESIAN_POINT('',(0.,0.,0.));
#2051=UNCERTAINTY_MEASURE_WITH_UNIT(LENGTH_MEASURE(0.01),#2061,
'DISTANCE_ACCURACY_VALUE',
'Maximum model space distance between geometric entities at asserted c
onnectivities');
#2052=UNCERTAINTY_MEASURE_WITH_UNIT(LENGTH_MEASURE(0.01),#2061,
'DISTANCE_ACCURACY_VALUE',
'Maximum model space distance between geometric entities at asserted c
onnectivities');
#2053=UNCERTAINTY_MEASURE_WITH_UNIT(LENGTH_MEASURE(0.01),#2061,
'DISTANCE_ACCURACY_VALUE',
'Maximum model space distance between geometric entities at asserted c
onnectivities');
#2054=UNCERTAINTY_MEASURE_WITH_UNIT(LENGTH_MEASURE(0.01),#2061,
'DISTANCE_ACCURACY_VALUE',
'Maximum model space distance between geometric entities at asserted c
onnectivities');
#2055=UNCERTAINTY_MEASURE_WITH_UNIT(LENGTH_MEASURE(0.01),#2061,
'DISTANCE_ACCURACY_VALUE',
'Maximum model space distance between geometric entities at asserted c
onnectivities');
#2056=(
GEOMETRIC_REPRESENTATION_CONTEXT(3)
GLOBAL_UNCERTAINTY_ASSIGNED_CONTEXT((#2051))
GLOBAL_UNIT_ASSIGNED_CONTEXT((#2061,#2063,#2064))
REPRESENTATION_CONTEXT('','3D')
);
#2057=(
GEOMETRIC_REPRESENTATION_CONTEXT(3)
GLOBAL_UNCERTAINTY_ASSIGNED_CONTEXT((#2052))
GLOBAL_UNIT_ASSIGNED_CONTEXT((#2061,#2063,#2064))
REPRESENTATION_CONTEXT('','3D')
);
#2058=(
GEOMETRIC_REPRESENTATION_CONTEXT(3)
GLOBAL_UNCERTAINTY_ASSIGNED_CONTEXT((#2053))
GLOBAL_UNIT_ASSIGNED_CONTEXT((#2061,#2063,#2064))
REPRESENTATION_CONTEXT('','3D')
);
#2059=(
GEOMETRIC_REPRESENTATION_CONTEXT(3)
GLOBAL_UNCERTAINTY_ASSIGNED_CONTEXT((#2054))
GLOBAL_UNIT_ASSIGNED_CONTEXT((#2061,#2063,#2064))
REPRESENTATION_CONTEXT('','3D')
);
#2060=(
GEOMETRIC_REPRESENTATION_CONTEXT(3)
GLOBAL_UNCERTAINTY_ASSIGNED_CONTEXT((#2055))
GLOBAL_UNIT_ASSIGNED_CONTEXT((#2061,#2063,#2064))
REPRESENTATION_CONTEXT('','3D')
);
#2061=(
LENGTH_UNIT()
NAMED_UNIT(*)
SI_UNIT(.MILLI.,.METRE.)
);
#2062=(
LENGTH_UNIT()
NAMED_UNIT(*)
SI_UNIT($,.METRE.)
);
#2063=(
NAMED_UNIT(*)
PLANE_ANGLE_UNIT()
SI_UNIT($,.RADIAN.)
);
#2064=(
NAMED_UNIT(*)
SI_UNIT($,.STERADIAN.)
SOLID_ANGLE_UNIT()
);
#2065=SHAPE_DEFINITION_REPRESENTATION(#2069,#2076);
#2066=SHAPE_DEFINITION_REPRESENTATION(#2070,#2077);
#2067=SHAPE_DEFINITION_REPRESENTATION(#2071,#2078);
#2068=SHAPE_DEFINITION_REPRESENTATION(#2072,#2079);
#2069=PRODUCT_DEFINITION_SHAPE('',$,#2081);
#2070=PRODUCT_DEFINITION_SHAPE('',$,#2082);
#2071=PRODUCT_DEFINITION_SHAPE('',$,#2083);
#2072=PRODUCT_DEFINITION_SHAPE('',$,#2084);
#2073=PRODUCT_DEFINITION_SHAPE($,$,#20);
#2074=PRODUCT_DEFINITION_SHAPE($,$,#21);
#2075=PRODUCT_DEFINITION_SHAPE($,$,#22);
#2076=SHAPE_REPRESENTATION('',(#626,#675,#676,#677),#2056);
#2077=SHAPE_REPRESENTATION('',(#627),#2057);
#2078=SHAPE_REPRESENTATION('',(#645),#2058);
#2079=SHAPE_REPRESENTATION('',(#661),#2059);
#2080=PRODUCT_DEFINITION_CONTEXT('part definition',#2094,'design');
#2081=PRODUCT_DEFINITION('2025-12-07-22-13-42-785','Index Finger',#2085,
#2080);
#2082=PRODUCT_DEFINITION('2025-12-07-22-14-24-885','Proximal phalanx',#2086,
#2080);
#2083=PRODUCT_DEFINITION('2025-12-07-22-31-24-122','Middle phalanx',#2087,
#2080);
#2084=PRODUCT_DEFINITION('2025-12-07-22-39-16-187','Distal phalanx',#2088,
#2080);
#2085=PRODUCT_DEFINITION_FORMATION('',$,#2096);
#2086=PRODUCT_DEFINITION_FORMATION('',$,#2097);
#2087=PRODUCT_DEFINITION_FORMATION('',$,#2098);
#2088=PRODUCT_DEFINITION_FORMATION('',$,#2099);
#2089=PRODUCT_RELATED_PRODUCT_CATEGORY('Index Finger','Index Finger',(#2096));
#2090=PRODUCT_RELATED_PRODUCT_CATEGORY('Proximal phalanx',
'Proximal phalanx',(#2097));
#2091=PRODUCT_RELATED_PRODUCT_CATEGORY('Middle phalanx',
'Middle phalanx',(#2098));
#2092=PRODUCT_RELATED_PRODUCT_CATEGORY('Distal phalanx',
'Distal phalanx',(#2099));
#2093=APPLICATION_PROTOCOL_DEFINITION('international standard',
'automotive_design',2009,#2094);
#2094=APPLICATION_CONTEXT(
'Core Data for Automotive Mechanical Design Process');
#2095=PRODUCT_CONTEXT('part definition',#2094,'mechanical');
#2096=PRODUCT('2025-12-07-22-13-42-785','Index Finger',$,(#2095));
#2097=PRODUCT('2025-12-07-22-14-24-885','Proximal phalanx',$,(#2095));
#2098=PRODUCT('2025-12-07-22-31-24-122','Middle phalanx',$,(#2095));
#2099=PRODUCT('2025-12-07-22-39-16-187','Distal phalanx',$,(#2095));
#2100=PRESENTATION_STYLE_ASSIGNMENT((#2101));
#2101=SURFACE_STYLE_USAGE(.BOTH.,#2102);
#2102=SURFACE_SIDE_STYLE('',(#2103));
#2103=SURFACE_STYLE_FILL_AREA(#2104);
#2104=FILL_AREA_STYLE('Steel - Satin',(#2105));
#2105=FILL_AREA_STYLE_COLOUR('Steel - Satin',#2106);
#2106=COLOUR_RGB('Steel - Satin',0.627450980392157,0.627450980392157,0.627450980392157);
ENDSEC;
END-ISO-10303-21;
