ISO-10303-21;
HEADER;
/* Generated by software containing ST-Developer
 * from STEP Tools, Inc. (www.steptools.com) 
 */

FILE_DESCRIPTION(
/* description */ (''),
/* implementation_level */ '2;1');

FILE_NAME(
/* name */ 'Middle Finger.step',
/* time_stamp */ '2026-01-04T20:31:09Z',
/* author */ (''),
/* organization */ (''),
/* preprocessor_version */ 'ST-DEVELOPER v20.1',
/* originating_system */ 'Autodesk Translation Framework v14.21.0.0',
/* authorisation */ '');

FILE_SCHEMA (('AUTOMOTIVE_DESIGN { 1 0 10303 214 3 1 1 }'));
ENDSEC;

DATA;
#10=MECHANICAL_DESIGN_GEOMETRIC_PRESENTATION_REPRESENTATION('',(#29,#30,
#31),#2122);
#11=ITEM_DEFINED_TRANSFORMATION($,$,#667,#719);
#12=ITEM_DEFINED_TRANSFORMATION($,$,#685,#720);
#13=ITEM_DEFINED_TRANSFORMATION($,$,#701,#721);
#14=(
REPRESENTATION_RELATIONSHIP($,$,#2139,#2138)
REPRESENTATION_RELATIONSHIP_WITH_TRANSFORMATION(#11)
SHAPE_REPRESENTATION_RELATIONSHIP()
);
#15=(
REPRESENTATION_RELATIONSHIP($,$,#2140,#2138)
REPRESENTATION_RELATIONSHIP_WITH_TRANSFORMATION(#12)
SHAPE_REPRESENTATION_RELATIONSHIP()
);
#16=(
REPRESENTATION_RELATIONSHIP($,$,#2141,#2138)
REPRESENTATION_RELATIONSHIP_WITH_TRANSFORMATION(#13)
SHAPE_REPRESENTATION_RELATIONSHIP()
);
#17=CONTEXT_DEPENDENT_SHAPE_REPRESENTATION(#14,#2135);
#18=CONTEXT_DEPENDENT_SHAPE_REPRESENTATION(#15,#2136);
#19=CONTEXT_DEPENDENT_SHAPE_REPRESENTATION(#16,#2137);
#20=NEXT_ASSEMBLY_USAGE_OCCURRENCE('Proximal phalanx:1',
'Proximal phalanx:1','Proximal phalanx:1',#2143,#2144,
'Proximal phalanx:1');
#21=NEXT_ASSEMBLY_USAGE_OCCURRENCE('Middle phalanx:1',
'Middle phalanx:1','Middle phalanx:1',#2143,#2145,'Middle phalanx:1');
#22=NEXT_ASSEMBLY_USAGE_OCCURRENCE('Distal phalanx:1',
'Distal phalanx:1','Distal phalanx:1',#2143,#2146,'Distal phalanx:1');
#23=SHAPE_REPRESENTATION_RELATIONSHIP('SRR','None',#2139,#26);
#24=SHAPE_REPRESENTATION_RELATIONSHIP('SRR','None',#2140,#27);
#25=SHAPE_REPRESENTATION_RELATIONSHIP('SRR','None',#2141,#28);
#26=ADVANCED_BREP_SHAPE_REPRESENTATION('',(#32),#2119);
#27=ADVANCED_BREP_SHAPE_REPRESENTATION('',(#33),#2120);
#28=ADVANCED_BREP_SHAPE_REPRESENTATION('',(#34),#2121);
#29=STYLED_ITEM('',(#2162),#32);
#30=STYLED_ITEM('',(#2162),#33);
#31=STYLED_ITEM('',(#2162),#34);
#32=MANIFOLD_SOLID_BREP('Body1',#629);
#33=MANIFOLD_SOLID_BREP('Body1',#630);
#34=MANIFOLD_SOLID_BREP('Body1',#631);
#35=FACE_BOUND('',#156,.T.);
#36=FACE_BOUND('',#157,.T.);
#37=FACE_BOUND('',#159,.T.);
#38=FACE_BOUND('',#161,.T.);
#39=FACE_BOUND('',#164,.T.);
#40=FACE_BOUND('',#165,.T.);
#41=FACE_BOUND('',#172,.T.);
#42=FACE_BOUND('',#173,.T.);
#43=FACE_BOUND('',#175,.T.);
#44=FACE_BOUND('',#177,.T.);
#45=FACE_BOUND('',#180,.T.);
#46=FACE_BOUND('',#181,.T.);
#47=FACE_BOUND('',#195,.T.);
#48=FACE_BOUND('',#197,.T.);
#49=FACE_BOUND('',#198,.T.);
#50=PLANE('',#678);
#51=PLANE('',#679);
#52=PLANE('',#681);
#53=PLANE('',#684);
#54=PLANE('',#694);
#55=PLANE('',#695);
#56=PLANE('',#697);
#57=PLANE('',#700);
#58=PLANE('',#710);
#59=PLANE('',#717);
#60=PLANE('',#718);
#61=ELLIPSE('',#675,9.,8.);
#62=ELLIPSE('',#676,9.,8.);
#63=ELLIPSE('',#680,1.76776695296637,1.25);
#64=ELLIPSE('',#682,1.76776695296637,1.25);
#65=ELLIPSE('',#696,1.76776695296704,1.25);
#66=ELLIPSE('',#698,1.76776695296641,1.25);
#67=ELLIPSE('',#708,1.76776695296639,1.25);
#68=B_SPLINE_SURFACE_WITH_KNOTS('',3,3,((#938,#939,#940,#941),(#942,#943,
#944,#945),(#946,#947,#948,#949),(#950,#951,#952,#953),(#954,#955,#956,
#957),(#958,#959,#960,#961),(#962,#963,#964,#965),(#966,#967,#968,#969),
(#970,#971,#972,#973),(#974,#975,#976,#977),(#978,#979,#980,#981),(#982,
#983,#984,#985),(#986,#987,#988,#989),(#990,#991,#992,#993),(#994,#995,
#996,#997),(#998,#999,#1000,#1001),(#1002,#1003,#1004,#1005)),
 .UNSPECIFIED.,.T.,.F.,.F.,(4,1,1,1,1,1,1,1,1,1,1,1,1,1,4),(4,4),(0.,0.0714285714285714,
0.142857142857143,0.214285714285714,0.285714285714286,0.357142857142857,
0.428571428571429,0.523809523809524,0.571428571428571,0.666666666666667,
0.714285714285714,0.785714285714286,0.857142857142857,0.928571428571429,
1.),(0.,1.),.UNSPECIFIED.);
#69=B_SPLINE_SURFACE_WITH_KNOTS('',3,3,((#1213,#1214,#1215,#1216),(#1217,
#1218,#1219,#1220),(#1221,#1222,#1223,#1224),(#1225,#1226,#1227,#1228),
(#1229,#1230,#1231,#1232),(#1233,#1234,#1235,#1236),(#1237,#1238,#1239,
#1240),(#1241,#1242,#1243,#1244),(#1245,#1246,#1247,#1248),(#1249,#1250,
#1251,#1252),(#1253,#1254,#1255,#1256),(#1257,#1258,#1259,#1260),(#1261,
#1262,#1263,#1264),(#1265,#1266,#1267,#1268),(#1269,#1270,#1271,#1272),
(#1273,#1274,#1275,#1276),(#1277,#1278,#1279,#1280),(#1281,#1282,#1283,
#1284)),.UNSPECIFIED.,.T.,.F.,.F.,(4,1,1,1,1,1,1,1,1,1,1,1,1,1,1,4),(4,
4),(0.,0.0714285714285714,0.142857142857143,0.214285714285714,0.285714285714286,
0.357142857142857,0.428571428571429,0.476190476190476,0.571428571428571,
0.619047619047619,0.666666666666667,0.714285714285714,0.785714285714286,
0.857142857142857,0.928571428571429,1.),(0.,1.),.UNSPECIFIED.);
#70=B_SPLINE_SURFACE_WITH_KNOTS('',3,3,((#1535,#1536,#1537,#1538),(#1539,
#1540,#1541,#1542),(#1543,#1544,#1545,#1546),(#1547,#1548,#1549,#1550),
(#1551,#1552,#1553,#1554),(#1555,#1556,#1557,#1558),(#1559,#1560,#1561,
#1562),(#1563,#1564,#1565,#1566),(#1567,#1568,#1569,#1570),(#1571,#1572,
#1573,#1574),(#1575,#1576,#1577,#1578),(#1579,#1580,#1581,#1582),(#1583,
#1584,#1585,#1586),(#1587,#1588,#1589,#1590),(#1591,#1592,#1593,#1594),
(#1595,#1596,#1597,#1598)),.UNSPECIFIED.,.T.,.F.,.F.,(4,1,1,1,1,1,1,1,1,
1,1,1,1,4),(4,4),(0.,0.0714285714285714,0.142857142857143,0.214285714285714,
0.285714285714286,0.357142857142857,0.428571428571429,0.571428571428571,
0.666666666666667,0.714285714285714,0.785714285714286,0.857142857142857,
0.928571428571429,1.),(0.,1.),.UNSPECIFIED.);
#71=B_SPLINE_SURFACE_WITH_KNOTS('',3,3,((#1695,#1696,#1697,#1698,#1699,
#1700,#1701,#1702,#1703,#1704,#1705),(#1706,#1707,#1708,#1709,#1710,#1711,
#1712,#1713,#1714,#1715,#1716),(#1717,#1718,#1719,#1720,#1721,#1722,#1723,
#1724,#1725,#1726,#1727),(#1728,#1729,#1730,#1731,#1732,#1733,#1734,#1735,
#1736,#1737,#1738),(#1739,#1740,#1741,#1742,#1743,#1744,#1745,#1746,#1747,
#1748,#1749)),.UNSPECIFIED.,.F.,.F.,.F.,(4,1,4),(4,1,1,1,1,1,1,1,4),(0.,
0.571428571428571,1.),(0.,0.0633066191844222,0.126613238368844,0.253226476737689,
0.316533095922111,0.506452953475378,0.696372811028645,0.759679430213067,
0.886292668581911),.UNSPECIFIED.);
#72=B_SPLINE_SURFACE_WITH_KNOTS('',3,3,((#1823,#1824,#1825,#1826,#1827,
#1828,#1829,#1830,#1831,#1832),(#1833,#1834,#1835,#1836,#1837,#1838,#1839,
#1840,#1841,#1842),(#1843,#1844,#1845,#1846,#1847,#1848,#1849,#1850,#1851,
#1852),(#1853,#1854,#1855,#1856,#1857,#1858,#1859,#1860,#1861,#1862),(#1863,
#1864,#1865,#1866,#1867,#1868,#1869,#1870,#1871,#1872)),.UNSPECIFIED.,.F.,
 .F.,.F.,(4,1,4),(4,1,1,1,1,1,1,4),(0.,0.571428571428571,1.),(0.12134817166733,
0.247961410605349,0.374574649543368,0.627801127419406,0.754414366357425,
0.881027605295444,0.944334224764454,1.00764084423346),.UNSPECIFIED.);
#73=B_SPLINE_SURFACE_WITH_KNOTS('',3,3,((#1941,#1942,#1943,#1944,#1945),
(#1946,#1947,#1948,#1949,#1950),(#1951,#1952,#1953,#1954,#1955),(#1956,
#1957,#1958,#1959,#1960),(#1961,#1962,#1963,#1964,#1965)),.UNSPECIFIED.,
 .F.,.F.,.F.,(4,1,4),(4,1,4),(0.,0.571428571428571,1.),(1.07923546143638E-16,
0.0693291257751731,0.121325970106553),.UNSPECIFIED.);
#74=B_SPLINE_SURFACE_WITH_KNOTS('',3,3,((#1988,#1989,#1990,#1991,#1992),
(#1993,#1994,#1995,#1996,#1997),(#1998,#1999,#2000,#2001,#2002),(#2003,
#2004,#2005,#2006,#2007),(#2008,#2009,#2010,#2011,#2012)),.UNSPECIFIED.,
 .F.,.F.,.F.,(4,1,4),(4,1,4),(0.,0.571428571428571,1.),(0.,0.0520061076903848,
0.121347584610898),.UNSPECIFIED.);
#75=B_SPLINE_SURFACE_WITH_KNOTS('',3,1,((#2032,#2033),(#2034,#2035),(#2036,
#2037),(#2038,#2039),(#2040,#2041),(#2042,#2043),(#2044,#2045),(#2046,#2047),
(#2048,#2049),(#2050,#2051),(#2052,#2053),(#2054,#2055),(#2056,#2057)),
 .UNSPECIFIED.,.F.,.F.,.F.,(4,3,3,3,4),(2,2),(-3.14159265358979,-2.32476074342419,
-1.538445141775,-0.761498554769071,0.),(0.,1.),.UNSPECIFIED.);
#76=B_SPLINE_SURFACE_WITH_KNOTS('',3,1,((#2068,#2069),(#2070,#2071),(#2072,
#2073),(#2074,#2075),(#2076,#2077),(#2078,#2079),(#2080,#2081),(#2082,#2083),
(#2084,#2085),(#2086,#2087),(#2088,#2089),(#2090,#2091),(#2092,#2093),(#2094,
#2095),(#2096,#2097),(#2098,#2099)),.UNSPECIFIED.,.F.,.F.,.F.,(4,3,3,3,
3,4),(2,2),(0.,0.113692322342697,0.916820742609712,1.6899406921876,2.45181168844409,
3.14159265358979),(0.,1.),.UNSPECIFIED.);
#77=B_SPLINE_CURVE_WITH_KNOTS('',3,(#875,#876,#877,#878,#879,#880,#881,
#882,#883,#884,#885,#886,#887,#888,#889,#890,#891,#892,#893,#894,#895,#896,
#897,#898,#899,#900,#901,#902,#903,#904,#905),.UNSPECIFIED.,.F.,.F.,(4,
3,3,3,3,3,3,3,3,3,4),(-0.157735532193134,-0.15377980272856,-0.135383250639825,
-0.116429400658524,-0.114838191609626,-0.0923484879475805,-0.0762305118196915,
-0.0537081804752649,-0.0373920841200234,-0.0186960420600117,0.),
 .UNSPECIFIED.);
#78=B_SPLINE_CURVE_WITH_KNOTS('',3,(#909,#910,#911,#912,#913,#914,#915,
#916,#917,#918,#919,#920,#921,#922,#923,#924,#925,#926,#927,#928,#929,#930,
#931,#932,#933,#934,#935,#936),.UNSPECIFIED.,.F.,.F.,(4,3,3,3,3,3,3,3,3,
4),(0.,0.0176342113828797,0.0373449684109948,0.0554914186260737,0.0849399087836186,
0.0912843101000552,0.111878586940399,0.130970587406611,0.14923007835486,
0.157697316469833),.UNSPECIFIED.);
#79=B_SPLINE_CURVE_WITH_KNOTS('',3,(#1006,#1007,#1008,#1009,#1010,#1011,
#1012,#1013,#1014,#1015,#1016,#1017,#1018,#1019,#1020,#1021,#1022,#1023,
#1024,#1025),.UNSPECIFIED.,.F.,.F.,(4,2,2,2,2,2,2,2,2,4),(-3.93200942054284,
-3.35177939422439,-2.81999154739311,-2.44362453820479,-2.16231622452544,
-1.90415777695242,-1.62434018640794,-1.25966210157614,-0.747743287919521,
-0.050063607534446),.UNSPECIFIED.);
#80=B_SPLINE_CURVE_WITH_KNOTS('',3,(#1031,#1032,#1033,#1034,#1035,#1036,
#1037,#1038,#1039,#1040,#1041,#1042,#1043),.UNSPECIFIED.,.F.,.F.,(4,3,3,
3,4),(1.68795601525481,1.79519580205131,2.24399475256414,2.69279370307697,
3.14159265358979),.UNSPECIFIED.);
#81=B_SPLINE_CURVE_WITH_KNOTS('',3,(#1045,#1046,#1047,#1048,#1049,#1050,
#1051,#1052,#1053,#1054,#1055,#1056),.UNSPECIFIED.,.F.,.F.,(4,2,2,2,2,4),
(-0.157814555882284,-0.157010741698812,-0.117845324725339,-0.0788302315380956,
-0.0391993014324107,0.),.UNSPECIFIED.);
#82=B_SPLINE_CURVE_WITH_KNOTS('',3,(#1058,#1059,#1060,#1061,#1062,#1063,
#1064,#1065,#1066,#1067,#1068,#1069,#1070,#1071,#1072,#1073,#1074,#1075,
#1076,#1077),.UNSPECIFIED.,.F.,.F.,(4,2,2,2,2,2,2,2,2,4),(-3.75577333720882,
-3.16446567367801,-2.6708499542363,-2.32096786654202,-2.05870078230776,
-1.81663662567805,-1.55308742685173,-1.20640502598135,-0.715842612331666,
-0.0500654227553306),.UNSPECIFIED.);
#83=B_SPLINE_CURVE_WITH_KNOTS('',3,(#1079,#1080,#1081,#1082,#1083,#1084,
#1085,#1086,#1087,#1088,#1089,#1090,#1091,#1092,#1093,#1094,#1095,#1096,
#1097,#1098,#1099,#1100,#1101,#1102,#1103,#1104,#1105,#1106,#1107,#1108,
#1109),.UNSPECIFIED.,.F.,.F.,(4,3,3,3,3,3,3,3,3,3,4),(0.,0.00277740748803901,
0.0210849709698763,0.0399337928385685,0.0419757315085405,0.0642650661951878,
0.0814573733531854,0.103532172499105,0.120949624434263,0.139382563121335,
0.157815501808407),.UNSPECIFIED.);
#84=B_SPLINE_CURVE_WITH_KNOTS('',3,(#1110,#1111,#1112,#1113,#1114,#1115,
#1116,#1117,#1118,#1119,#1120,#1121,#1122),.UNSPECIFIED.,.F.,.F.,(4,3,3,
3,4),(-3.14159265358979,-2.69279370307697,-2.24399475256414,-1.79519580205131,
-1.68795601483288),.UNSPECIFIED.);
#85=B_SPLINE_CURVE_WITH_KNOTS('',3,(#1153,#1154,#1155,#1156,#1157,#1158,
#1159,#1160,#1161,#1162,#1163,#1164,#1165,#1166,#1167,#1168,#1169,#1170,
#1171,#1172,#1173,#1174,#1175,#1176,#1177,#1178,#1179,#1180),
 .UNSPECIFIED.,.F.,.F.,(4,3,3,3,3,3,3,3,3,4),(-0.157701221868137,-0.143687774238086,
-0.124691089744468,-0.105694405250851,-0.0802456831575886,-0.0657802946773151,
-0.0450410643969055,-0.0307793875915679,-0.0125071898269078,0.),
 .UNSPECIFIED.);
#86=B_SPLINE_CURVE_WITH_KNOTS('',3,(#1184,#1185,#1186,#1187,#1188,#1189,
#1190,#1191,#1192,#1193,#1194,#1195,#1196,#1197,#1198,#1199,#1200,#1201,
#1202,#1203,#1204,#1205,#1206,#1207,#1208,#1209,#1210,#1211),
 .UNSPECIFIED.,.F.,.F.,(4,3,3,3,3,3,3,3,3,4),(0.,0.0138114551579398,0.0327617851023242,
0.0458951222209398,0.0689989031438901,0.0831332874531021,0.104756616504158,
0.122791743743471,0.140964569347159,0.15769800150696),.UNSPECIFIED.);
#87=B_SPLINE_CURVE_WITH_KNOTS('',3,(#1285,#1286,#1287,#1288,#1289,#1290,
#1291,#1292,#1293,#1294,#1295,#1296,#1297,#1298,#1299,#1300,#1301,#1302,
#1303,#1304),.UNSPECIFIED.,.F.,.F.,(4,2,2,2,2,2,2,2,2,4),(-3.81776830412434,
-3.13169478933714,-2.61979952385877,-2.28060923068981,-2.02396277430309,
-1.7835510855898,-1.52165297327107,-1.18131515479116,-0.707839664176864,
-0.0500686870301323),.UNSPECIFIED.);
#88=B_SPLINE_CURVE_WITH_KNOTS('',3,(#1306,#1307,#1308,#1309,#1310,#1311,
#1312,#1313,#1314,#1315,#1316,#1317,#1318),.UNSPECIFIED.,.F.,.F.,(4,3,3,
3,4),(1.68798062824562,1.79519580205131,2.24399475256414,2.69279370307697,
3.14159265358979),.UNSPECIFIED.);
#89=B_SPLINE_CURVE_WITH_KNOTS('',3,(#1322,#1323,#1324,#1325,#1326,#1327,
#1328,#1329,#1330,#1331,#1332,#1333,#1334),.UNSPECIFIED.,.F.,.F.,(4,3,3,
3,4),(1.69445028508511,1.79519580205131,2.24399475256414,2.69279370307697,
3.14159265358979),.UNSPECIFIED.);
#90=B_SPLINE_CURVE_WITH_KNOTS('',3,(#1336,#1337,#1338,#1339,#1340,#1341,
#1342,#1343,#1344,#1345,#1346,#1347,#1348,#1349,#1350,#1351,#1352,#1353,
#1354,#1355,#1356,#1357,#1358,#1359,#1360,#1361,#1362,#1363),
 .UNSPECIFIED.,.F.,.F.,(4,3,3,3,3,3,3,3,3,4),(-0.157773848256363,-0.146610291660912,
-0.12747753038626,-0.108344769111608,-0.084032006586941,-0.0684267361999584,
-0.0473930925807808,-0.0323903160253495,-0.0143321558298332,0.),
 .UNSPECIFIED.);
#91=B_SPLINE_CURVE_WITH_KNOTS('',3,(#1365,#1366,#1367,#1368,#1369,#1370,
#1371,#1372,#1373,#1374,#1375,#1376,#1377,#1378,#1379,#1380,#1381,#1382,
#1383,#1384),.UNSPECIFIED.,.F.,.F.,(4,2,2,2,2,2,2,2,2,4),(-3.63499686281448,
-2.94909537206514,-2.47733486732785,-2.16433551397285,-1.926074850589,-1.70125772010385,
-1.45505389673558,-1.13184036434,-0.677698358730237,-0.0500701105345181),
 .UNSPECIFIED.);
#92=B_SPLINE_CURVE_WITH_KNOTS('',3,(#1386,#1387,#1388,#1389,#1390,#1391,
#1392,#1393,#1394,#1395,#1396,#1397,#1398,#1399,#1400,#1401,#1402,#1403,
#1404,#1405,#1406,#1407,#1408,#1409,#1410,#1411,#1412,#1413,#1414,#1415,
#1416,#1417,#1418,#1419),.UNSPECIFIED.,.F.,.F.,(4,3,3,3,3,3,3,3,3,3,3,4),
(0.,0.00599227483042841,0.0242870912993478,0.0387725820649252,0.0608628430497233,
0.0749190353667628,0.0983772322673237,0.114614727427067,0.133093911788552,
0.151035255269836,0.154318075204449,0.157766283721663),.UNSPECIFIED.);
#93=B_SPLINE_CURVE_WITH_KNOTS('',3,(#1420,#1421,#1422,#1423,#1424,#1425,
#1426,#1427,#1428,#1429,#1430,#1431,#1432),.UNSPECIFIED.,.F.,.F.,(4,3,3,
3,4),(-3.14159265358979,-2.69279370307697,-2.24399475256414,-1.79519580205131,
-1.69452554175672),.UNSPECIFIED.);
#94=B_SPLINE_CURVE_WITH_KNOTS('',3,(#1433,#1434,#1435,#1436,#1437,#1438,
#1439,#1440,#1441,#1442,#1443,#1444,#1445),.UNSPECIFIED.,.F.,.F.,(4,3,3,
3,4),(-3.14159265358979,-2.69279683325137,-2.24400101291295,-1.79520519257453,
-1.68806558508037),.UNSPECIFIED.);
#95=B_SPLINE_CURVE_WITH_KNOTS('',3,(#1463,#1464,#1465,#1466,#1467,#1468,
#1469,#1470,#1471,#1472,#1473,#1474,#1475,#1476,#1477,#1478,#1479,#1480,
#1481,#1482,#1483,#1484,#1485,#1486,#1487,#1488,#1489,#1490,#1491,#1492,
#1493),.UNSPECIFIED.,.F.,.F.,(4,3,3,3,3,3,3,3,3,3,4),(-0.157649329817643,
-0.150620833512511,-0.13204263560236,-0.11346443769221,-0.0906473656940309,
-0.0784623693824782,-0.0561375341206115,-0.0387216085614154,-0.0201797168977925,
-0.0166429664856727,0.),.UNSPECIFIED.);
#96=B_SPLINE_CURVE_WITH_KNOTS('',3,(#1497,#1498,#1499,#1500,#1501,#1502,
#1503,#1504,#1505,#1506,#1507,#1508,#1509,#1510,#1511,#1512,#1513,#1514,
#1515,#1516,#1517,#1518,#1519,#1520,#1521,#1522,#1523,#1524,#1525,#1526,
#1527,#1528,#1529,#1530,#1531,#1532,#1533),.UNSPECIFIED.,.F.,.F.,(4,3,3,
3,3,3,3,3,3,3,3,3,4),(0.,0.0101559304780473,0.0283167474036951,0.029326252398049,
0.0492844083707732,0.0590716125828579,0.0883589646652378,0.0977304857487209,
0.117514768108885,0.136287120431769,0.137299050469048,0.154997389681131,
0.157659567217595),.UNSPECIFIED.);
#97=B_SPLINE_CURVE_WITH_KNOTS('',3,(#1599,#1600,#1601,#1602,#1603,#1604,
#1605,#1606,#1607,#1608,#1609,#1610,#1611,#1612,#1613,#1614,#1615,#1616,
#1617,#1618,#1619,#1620),.UNSPECIFIED.,.F.,.F.,(4,2,2,2,2,2,2,2,2,2,4),
(-3.5698714485477,-3.13662471378682,-2.62206307049234,-2.2650866376841,
-1.95254120574312,-1.77629926910994,-1.62372881451344,-1.42286529662345,
-1.0933742435549,-0.664060452959199,-0.0500738604391067),.UNSPECIFIED.);
#98=B_SPLINE_CURVE_WITH_KNOTS('',3,(#1622,#1623,#1624,#1625,#1626,#1627,
#1628,#1629,#1630,#1631,#1632,#1633,#1634),.UNSPECIFIED.,.F.,.F.,(4,3,3,
3,4),(1.6944468919893,1.79519725281755,2.24399571974163,2.69279418666571,
3.14159265358979),.UNSPECIFIED.);
#99=B_SPLINE_CURVE_WITH_KNOTS('',3,(#1638,#1639,#1640,#1641,#1642,#1643,
#1644,#1645,#1646,#1647,#1648,#1649,#1650,#1651,#1652,#1653,#1654,#1655,
#1656,#1657,#1658,#1659),.UNSPECIFIED.,.F.,.F.,(4,3,3,3,3,3,3,4),(-1.58040200568146E-17,
0.448798950512827,1.0471975511966,1.34639685153848,1.79519580205131,2.24399475256414,
2.69279370307697,3.14159265358979),.UNSPECIFIED.);
#100=B_SPLINE_CURVE_WITH_KNOTS('',3,(#1660,#1661,#1662,#1663,#1664,#1665,
#1666,#1667,#1668,#1669,#1670,#1671,#1672,#1673,#1674,#1675,#1676,#1677,
#1678,#1679,#1680,#1681),.UNSPECIFIED.,.F.,.F.,(4,3,3,3,3,3,3,4),(-3.14159265358979,
-2.69279370307697,-2.24399475256414,-1.79519580205131,-1.34639685153848,
-0.897597901025656,-0.448798950512828,-1.58040200568146E-17),
 .UNSPECIFIED.);
#101=B_SPLINE_CURVE_WITH_KNOTS('',3,(#1682,#1683,#1684,#1685,#1686,#1687,
#1688,#1689,#1690,#1691,#1692,#1693,#1694),.UNSPECIFIED.,.F.,.F.,(4,3,3,
3,4),(-3.14159265358979,-2.69279936571909,-2.24400607784838,-1.79521278997768,
-1.69459593718528),.UNSPECIFIED.);
#102=B_SPLINE_CURVE_WITH_KNOTS('',3,(#1752,#1753,#1754,#1755),
 .UNSPECIFIED.,.F.,.F.,(4,4),(0.,0.0638942836737568),.UNSPECIFIED.);
#103=B_SPLINE_CURVE_WITH_KNOTS('',3,(#1757,#1758,#1759,#1760,#1761,#1762,
#1763,#1764,#1765,#1766,#1767,#1768,#1769,#1770,#1771,#1772,#1773,#1774,
#1775,#1776,#1777,#1778,#1779,#1780,#1781,#1782,#1783,#1784,#1785,#1786,
#1787,#1788,#1789,#1790,#1791,#1792),.UNSPECIFIED.,.F.,.F.,(4,2,2,2,2,2,
2,2,2,2,2,2,2,2,2,2,2,4),(0.0638942836737568,0.0747244186558926,0.144258888501084,
0.222189361854765,0.318642859805478,0.437379809174196,0.52546793903634,
0.575462548648023,0.599735985184195,0.619021518223305,0.641636929949635,
0.684922641045669,0.784766388953792,0.8841269500283,0.988082244937609,1.07435855345646,
1.14776163619512,1.21819935203277),.UNSPECIFIED.);
#104=B_SPLINE_CURVE_WITH_KNOTS('',3,(#1794,#1795,#1796,#1797,#1798),
 .UNSPECIFIED.,.F.,.F.,(4,1,4),(-0.0982341799182915,-0.0633066191844222,
0.),.UNSPECIFIED.);
#105=B_SPLINE_CURVE_WITH_KNOTS('',3,(#1802,#1803,#1804,#1805,#1806,#1807,
#1808,#1809,#1810,#1811,#1812),.UNSPECIFIED.,.F.,.F.,(4,1,1,1,1,1,1,1,4),
(0.,0.0633066191844222,0.126613238368844,0.253226476737689,0.316533095922111,
0.506452953475378,0.696372811028645,0.759679430213067,0.886292668581911),
 .UNSPECIFIED.);
#106=B_SPLINE_CURVE_WITH_KNOTS('',3,(#1815,#1816,#1817,#1818,#1819,#1820,
#1821,#1822),.UNSPECIFIED.,.F.,.F.,(4,1,1,1,1,4),(-0.886292668581911,-0.759679430213067,
-0.696372811028645,-0.506452953475378,-0.316533095922111,-0.302642164487082),
 .UNSPECIFIED.);
#107=B_SPLINE_CURVE_WITH_KNOTS('',3,(#1875,#1876,#1877,#1878,#1879,#1880,
#1881,#1882,#1883,#1884,#1885,#1886,#1887,#1888,#1889,#1890,#1891,#1892,
#1893,#1894,#1895,#1896,#1897,#1898,#1899,#1900,#1901,#1902,#1903,#1904,
#1905,#1906,#1907,#1908,#1909,#1910),.UNSPECIFIED.,.F.,.F.,(4,2,2,2,2,2,
2,2,2,2,2,2,2,2,2,2,2,4),(0.,0.0738188963017752,0.143927625310943,0.223966330227734,
0.321784058243121,0.438973791336122,0.52950882908603,0.578157512209578,
0.602366050989316,0.621773391750953,0.644722863807806,0.689560445664746,
0.789987415915071,0.891443719247923,0.998612176777043,1.08404033498355,
1.15806968993589,1.16261647631455),.UNSPECIFIED.);
#108=B_SPLINE_CURVE_WITH_KNOTS('',3,(#1912,#1913,#1914,#1915),
 .UNSPECIFIED.,.F.,.F.,(4,4),(1.16261647631455,1.2268538790791),
 .UNSPECIFIED.);
#109=B_SPLINE_CURVE_WITH_KNOTS('',3,(#1917,#1918,#1919,#1920,#1921,#1922,
#1923),.UNSPECIFIED.,.F.,.F.,(4,1,1,1,4),(-0.704984327178342,-0.627801127419406,
-0.374574649543368,-0.247961410605349,-0.12134817166733),.UNSPECIFIED.);
#110=B_SPLINE_CURVE_WITH_KNOTS('',3,(#1926,#1927,#1928,#1929,#1930,#1931,
#1932,#1933,#1934,#1935),.UNSPECIFIED.,.F.,.F.,(4,1,1,1,1,1,1,4),(0.12134817166733,
0.247961410605349,0.374574649543368,0.627801127419406,0.754414366357425,
0.881027605295444,0.944334224764454,1.00764084423346),.UNSPECIFIED.);
#111=B_SPLINE_CURVE_WITH_KNOTS('',3,(#1936,#1937,#1938,#1939,#1940),
 .UNSPECIFIED.,.F.,.F.,(4,1,4),(-1.00764084423346,-0.944334224764454,-0.909408492722358),
 .UNSPECIFIED.);
#112=B_SPLINE_CURVE_WITH_KNOTS('',3,(#1967,#1968,#1969,#1970,#1971,#1972,
#1973,#1974,#1975,#1976,#1977,#1978,#1979,#1980),.UNSPECIFIED.,.F.,.F.,
(4,2,2,2,2,2,4),(0.251957483134314,0.286086753579445,0.335600327016927,
0.380859118649361,0.427552156228325,0.466327043401136,0.503761287092708),
 .UNSPECIFIED.);
#113=B_SPLINE_CURVE_WITH_KNOTS('',3,(#1982,#1983,#1984,#1985,#1986),
 .UNSPECIFIED.,.F.,.F.,(4,1,4),(1.07923546143638E-16,0.0693291257751731,
0.121325970106553),.UNSPECIFIED.);
#114=B_SPLINE_CURVE_WITH_KNOTS('',3,(#2013,#2014,#2015,#2016,#2017),
 .UNSPECIFIED.,.F.,.F.,(4,1,4),(0.,0.0520061076903848,0.121347584610898),
 .UNSPECIFIED.);
#115=B_SPLINE_CURVE_WITH_KNOTS('',3,(#2018,#2019,#2020,#2021,#2022,#2023,
#2024,#2025,#2026,#2027,#2028,#2029,#2030,#2031),.UNSPECIFIED.,.F.,.F.,
(4,2,2,2,2,2,4),(0.,0.0328331515947964,0.074108213971821,0.120359608243325,
0.169374727722376,0.210542178183117,0.25176440684469),.UNSPECIFIED.);
#116=FACE_OUTER_BOUND('',#150,.T.);
#117=FACE_OUTER_BOUND('',#151,.T.);
#118=FACE_OUTER_BOUND('',#152,.T.);
#119=FACE_OUTER_BOUND('',#153,.T.);
#120=FACE_OUTER_BOUND('',#154,.T.);
#121=FACE_OUTER_BOUND('',#155,.T.);
#122=FACE_OUTER_BOUND('',#158,.T.);
#123=FACE_OUTER_BOUND('',#160,.T.);
#124=FACE_OUTER_BOUND('',#162,.T.);
#125=FACE_OUTER_BOUND('',#163,.T.);
#126=FACE_OUTER_BOUND('',#166,.T.);
#127=FACE_OUTER_BOUND('',#167,.T.);
#128=FACE_OUTER_BOUND('',#168,.T.);
#129=FACE_OUTER_BOUND('',#169,.T.);
#130=FACE_OUTER_BOUND('',#170,.T.);
#131=FACE_OUTER_BOUND('',#171,.T.);
#132=FACE_OUTER_BOUND('',#174,.T.);
#133=FACE_OUTER_BOUND('',#176,.T.);
#134=FACE_OUTER_BOUND('',#178,.T.);
#135=FACE_OUTER_BOUND('',#179,.T.);
#136=FACE_OUTER_BOUND('',#182,.T.);
#137=FACE_OUTER_BOUND('',#183,.T.);
#138=FACE_OUTER_BOUND('',#184,.T.);
#139=FACE_OUTER_BOUND('',#185,.T.);
#140=FACE_OUTER_BOUND('',#186,.T.);
#141=FACE_OUTER_BOUND('',#187,.T.);
#142=FACE_OUTER_BOUND('',#188,.T.);
#143=FACE_OUTER_BOUND('',#189,.T.);
#144=FACE_OUTER_BOUND('',#190,.T.);
#145=FACE_OUTER_BOUND('',#191,.T.);
#146=FACE_OUTER_BOUND('',#192,.T.);
#147=FACE_OUTER_BOUND('',#193,.T.);
#148=FACE_OUTER_BOUND('',#194,.T.);
#149=FACE_OUTER_BOUND('',#196,.T.);
#150=EDGE_LOOP('',(#407,#408,#409,#410));
#151=EDGE_LOOP('',(#411,#412,#413,#414));
#152=EDGE_LOOP('',(#415,#416,#417,#418));
#153=EDGE_LOOP('',(#419,#420,#421,#422,#423,#424,#425,#426,#427,#428,#429,
#430));
#154=EDGE_LOOP('',(#431,#432,#433,#434));
#155=EDGE_LOOP('',(#435,#436,#437));
#156=EDGE_LOOP('',(#438));
#157=EDGE_LOOP('',(#439));
#158=EDGE_LOOP('',(#440,#441));
#159=EDGE_LOOP('',(#442));
#160=EDGE_LOOP('',(#443,#444));
#161=EDGE_LOOP('',(#445));
#162=EDGE_LOOP('',(#446,#447,#448,#449));
#163=EDGE_LOOP('',(#450,#451,#452));
#164=EDGE_LOOP('',(#453));
#165=EDGE_LOOP('',(#454));
#166=EDGE_LOOP('',(#455,#456,#457,#458));
#167=EDGE_LOOP('',(#459,#460,#461,#462));
#168=EDGE_LOOP('',(#463,#464,#465,#466));
#169=EDGE_LOOP('',(#467,#468,#469,#470,#471,#472,#473,#474,#475,#476,#477,
#478));
#170=EDGE_LOOP('',(#479,#480,#481,#482));
#171=EDGE_LOOP('',(#483,#484,#485));
#172=EDGE_LOOP('',(#486));
#173=EDGE_LOOP('',(#487));
#174=EDGE_LOOP('',(#488,#489));
#175=EDGE_LOOP('',(#490));
#176=EDGE_LOOP('',(#491,#492));
#177=EDGE_LOOP('',(#493));
#178=EDGE_LOOP('',(#494,#495,#496,#497));
#179=EDGE_LOOP('',(#498,#499,#500));
#180=EDGE_LOOP('',(#501));
#181=EDGE_LOOP('',(#502));
#182=EDGE_LOOP('',(#503,#504,#505,#506));
#183=EDGE_LOOP('',(#507,#508,#509,#510,#511,#512,#513,#514,#515));
#184=EDGE_LOOP('',(#516,#517,#518,#519,#520,#521,#522));
#185=EDGE_LOOP('',(#523,#524,#525,#526,#527,#528,#529));
#186=EDGE_LOOP('',(#530,#531,#532,#533));
#187=EDGE_LOOP('',(#534,#535,#536,#537));
#188=EDGE_LOOP('',(#538,#539,#540,#541,#542));
#189=EDGE_LOOP('',(#543,#544,#545,#546,#547,#548));
#190=EDGE_LOOP('',(#549,#550,#551,#552,#553,#554,#555));
#191=EDGE_LOOP('',(#556,#557,#558,#559,#560));
#192=EDGE_LOOP('',(#561,#562,#563,#564,#565,#566));
#193=EDGE_LOOP('',(#567,#568,#569,#570,#571,#572));
#194=EDGE_LOOP('',(#573,#574));
#195=EDGE_LOOP('',(#575));
#196=EDGE_LOOP('',(#576,#577,#578));
#197=EDGE_LOOP('',(#579));
#198=EDGE_LOOP('',(#580));
#199=LINE('',#864,#223);
#200=LINE('',#870,#224);
#201=LINE('',#907,#225);
#202=LINE('',#937,#226);
#203=LINE('',#1029,#227);
#204=LINE('',#1125,#228);
#205=LINE('',#1126,#229);
#206=LINE('',#1135,#230);
#207=LINE('',#1142,#231);
#208=LINE('',#1148,#232);
#209=LINE('',#1182,#233);
#210=LINE('',#1212,#234);
#211=LINE('',#1320,#235);
#212=LINE('',#1447,#236);
#213=LINE('',#1448,#237);
#214=LINE('',#1457,#238);
#215=LINE('',#1495,#239);
#216=LINE('',#1534,#240);
#217=LINE('',#1636,#241);
#218=LINE('',#2058,#242);
#219=LINE('',#2059,#243);
#220=LINE('',#2062,#244);
#221=LINE('',#2102,#245);
#222=LINE('',#2106,#246);
#223=VECTOR('',#730,2.);
#224=VECTOR('',#737,2.);
#225=VECTOR('',#742,10.);
#226=VECTOR('',#743,10.);
#227=VECTOR('',#746,52.0024037905941);
#228=VECTOR('',#751,10.);
#229=VECTOR('',#752,10.);
#230=VECTOR('',#765,1.25);
#231=VECTOR('',#774,2.);
#232=VECTOR('',#781,2.);
#233=VECTOR('',#786,10.);
#234=VECTOR('',#787,10.);
#235=VECTOR('',#788,40.0031248779392);
#236=VECTOR('',#791,10.);
#237=VECTOR('',#792,10.);
#238=VECTOR('',#805,1.25);
#239=VECTOR('',#812,10.);
#240=VECTOR('',#813,10.);
#241=VECTOR('',#814,20.0022498734517);
#242=VECTOR('',#823,10.);
#243=VECTOR('',#824,10.);
#244=VECTOR('',#827,1.25);
#245=VECTOR('',#840,2.);
#246=VECTOR('',#845,2.);
#247=CIRCLE('',#669,2.);
#248=CIRCLE('',#670,2.);
#249=CIRCLE('',#672,2.);
#250=CIRCLE('',#673,2.);
#251=CIRCLE('',#687,2.);
#252=CIRCLE('',#688,2.);
#253=CIRCLE('',#690,2.);
#254=CIRCLE('',#691,2.);
#255=CIRCLE('',#703,4.);
#256=CIRCLE('',#704,4.);
#257=CIRCLE('',#705,4.);
#258=CIRCLE('',#706,4.);
#259=CIRCLE('',#709,1.25);
#260=CIRCLE('',#711,2.);
#261=CIRCLE('',#712,2.);
#262=CIRCLE('',#714,2.);
#263=CIRCLE('',#716,2.);
#264=VERTEX_POINT('',#861);
#265=VERTEX_POINT('',#863);
#266=VERTEX_POINT('',#867);
#267=VERTEX_POINT('',#869);
#268=VERTEX_POINT('',#873);
#269=VERTEX_POINT('',#874);
#270=VERTEX_POINT('',#906);
#271=VERTEX_POINT('',#908);
#272=VERTEX_POINT('',#1026);
#273=VERTEX_POINT('',#1028);
#274=VERTEX_POINT('',#1030);
#275=VERTEX_POINT('',#1044);
#276=VERTEX_POINT('',#1057);
#277=VERTEX_POINT('',#1078);
#278=VERTEX_POINT('',#1129);
#279=VERTEX_POINT('',#1132);
#280=VERTEX_POINT('',#1139);
#281=VERTEX_POINT('',#1141);
#282=VERTEX_POINT('',#1145);
#283=VERTEX_POINT('',#1147);
#284=VERTEX_POINT('',#1151);
#285=VERTEX_POINT('',#1152);
#286=VERTEX_POINT('',#1181);
#287=VERTEX_POINT('',#1183);
#288=VERTEX_POINT('',#1305);
#289=VERTEX_POINT('',#1319);
#290=VERTEX_POINT('',#1321);
#291=VERTEX_POINT('',#1335);
#292=VERTEX_POINT('',#1364);
#293=VERTEX_POINT('',#1385);
#294=VERTEX_POINT('',#1451);
#295=VERTEX_POINT('',#1454);
#296=VERTEX_POINT('',#1461);
#297=VERTEX_POINT('',#1462);
#298=VERTEX_POINT('',#1494);
#299=VERTEX_POINT('',#1496);
#300=VERTEX_POINT('',#1621);
#301=VERTEX_POINT('',#1635);
#302=VERTEX_POINT('',#1637);
#303=VERTEX_POINT('',#1750);
#304=VERTEX_POINT('',#1751);
#305=VERTEX_POINT('',#1756);
#306=VERTEX_POINT('',#1793);
#307=VERTEX_POINT('',#1799);
#308=VERTEX_POINT('',#1801);
#309=VERTEX_POINT('',#1813);
#310=VERTEX_POINT('',#1873);
#311=VERTEX_POINT('',#1874);
#312=VERTEX_POINT('',#1911);
#313=VERTEX_POINT('',#1916);
#314=VERTEX_POINT('',#1924);
#315=VERTEX_POINT('',#1966);
#316=VERTEX_POINT('',#1981);
#317=VERTEX_POINT('',#2061);
#318=VERTEX_POINT('',#2101);
#319=VERTEX_POINT('',#2105);
#320=EDGE_CURVE('',#264,#264,#247,.T.);
#321=EDGE_CURVE('',#264,#265,#199,.T.);
#322=EDGE_CURVE('',#265,#265,#248,.T.);
#323=EDGE_CURVE('',#266,#266,#249,.T.);
#324=EDGE_CURVE('',#266,#267,#200,.T.);
#325=EDGE_CURVE('',#267,#267,#250,.T.);
#326=EDGE_CURVE('',#268,#269,#77,.T.);
#327=EDGE_CURVE('',#269,#270,#201,.T.);
#328=EDGE_CURVE('',#270,#271,#78,.T.);
#329=EDGE_CURVE('',#268,#271,#202,.T.);
#330=EDGE_CURVE('',#268,#271,#79,.T.);
#331=EDGE_CURVE('',#270,#272,#61,.T.);
#332=EDGE_CURVE('',#273,#272,#203,.T.);
#333=EDGE_CURVE('',#274,#273,#80,.T.);
#334=EDGE_CURVE('',#275,#274,#81,.T.);
#335=EDGE_CURVE('',#275,#276,#82,.T.);
#336=EDGE_CURVE('',#277,#276,#83,.T.);
#337=EDGE_CURVE('',#273,#277,#84,.T.);
#338=EDGE_CURVE('',#272,#269,#62,.T.);
#339=EDGE_CURVE('',#274,#277,#204,.T.);
#340=EDGE_CURVE('',#276,#275,#205,.T.);
#341=EDGE_CURVE('',#278,#278,#63,.T.);
#342=EDGE_CURVE('',#279,#279,#64,.T.);
#343=EDGE_CURVE('',#278,#279,#206,.T.);
#344=EDGE_CURVE('',#280,#280,#251,.T.);
#345=EDGE_CURVE('',#280,#281,#207,.T.);
#346=EDGE_CURVE('',#281,#281,#252,.T.);
#347=EDGE_CURVE('',#282,#282,#253,.T.);
#348=EDGE_CURVE('',#282,#283,#208,.T.);
#349=EDGE_CURVE('',#283,#283,#254,.T.);
#350=EDGE_CURVE('',#284,#285,#85,.T.);
#351=EDGE_CURVE('',#285,#286,#209,.T.);
#352=EDGE_CURVE('',#286,#287,#86,.T.);
#353=EDGE_CURVE('',#284,#287,#210,.T.);
#354=EDGE_CURVE('',#284,#287,#87,.T.);
#355=EDGE_CURVE('',#286,#288,#88,.T.);
#356=EDGE_CURVE('',#289,#288,#211,.T.);
#357=EDGE_CURVE('',#290,#289,#89,.T.);
#358=EDGE_CURVE('',#291,#290,#90,.T.);
#359=EDGE_CURVE('',#291,#292,#91,.T.);
#360=EDGE_CURVE('',#293,#292,#92,.T.);
#361=EDGE_CURVE('',#289,#293,#93,.T.);
#362=EDGE_CURVE('',#288,#285,#94,.T.);
#363=EDGE_CURVE('',#290,#293,#212,.T.);
#364=EDGE_CURVE('',#292,#291,#213,.T.);
#365=EDGE_CURVE('',#294,#294,#65,.T.);
#366=EDGE_CURVE('',#295,#295,#66,.T.);
#367=EDGE_CURVE('',#294,#295,#214,.T.);
#368=EDGE_CURVE('',#296,#297,#95,.T.);
#369=EDGE_CURVE('',#297,#298,#215,.T.);
#370=EDGE_CURVE('',#298,#299,#96,.T.);
#371=EDGE_CURVE('',#296,#299,#216,.T.);
#372=EDGE_CURVE('',#296,#299,#97,.T.);
#373=EDGE_CURVE('',#298,#300,#98,.T.);
#374=EDGE_CURVE('',#301,#300,#217,.T.);
#375=EDGE_CURVE('',#302,#301,#99,.T.);
#376=EDGE_CURVE('',#301,#302,#100,.T.);
#377=EDGE_CURVE('',#300,#297,#101,.T.);
#378=EDGE_CURVE('',#303,#304,#102,.T.);
#379=EDGE_CURVE('',#304,#305,#103,.T.);
#380=EDGE_CURVE('',#305,#306,#104,.T.);
#381=EDGE_CURVE('',#306,#307,#255,.T.);
#382=EDGE_CURVE('',#307,#308,#105,.T.);
#383=EDGE_CURVE('',#308,#309,#256,.T.);
#384=EDGE_CURVE('',#309,#303,#106,.T.);
#385=EDGE_CURVE('',#310,#311,#107,.T.);
#386=EDGE_CURVE('',#311,#312,#108,.T.);
#387=EDGE_CURVE('',#312,#313,#109,.T.);
#388=EDGE_CURVE('',#313,#314,#257,.T.);
#389=EDGE_CURVE('',#314,#307,#110,.T.);
#390=EDGE_CURVE('',#306,#310,#111,.T.);
#391=EDGE_CURVE('',#315,#309,#112,.T.);
#392=EDGE_CURVE('',#308,#316,#113,.T.);
#393=EDGE_CURVE('',#316,#315,#258,.T.);
#394=EDGE_CURVE('',#316,#314,#114,.T.);
#395=EDGE_CURVE('',#313,#315,#115,.T.);
#396=EDGE_CURVE('',#301,#307,#218,.T.);
#397=EDGE_CURVE('',#316,#302,#219,.T.);
#398=EDGE_CURVE('',#315,#317,#220,.T.);
#399=EDGE_CURVE('',#317,#317,#67,.T.);
#400=EDGE_CURVE('',#309,#313,#259,.T.);
#401=EDGE_CURVE('',#312,#310,#260,.T.);
#402=EDGE_CURVE('',#305,#303,#261,.T.);
#403=EDGE_CURVE('',#304,#318,#221,.T.);
#404=EDGE_CURVE('',#318,#318,#262,.T.);
#405=EDGE_CURVE('',#311,#319,#222,.T.);
#406=EDGE_CURVE('',#319,#319,#263,.T.);
#407=ORIENTED_EDGE('',*,*,#320,.F.);
#408=ORIENTED_EDGE('',*,*,#321,.T.);
#409=ORIENTED_EDGE('',*,*,#322,.F.);
#410=ORIENTED_EDGE('',*,*,#321,.F.);
#411=ORIENTED_EDGE('',*,*,#323,.F.);
#412=ORIENTED_EDGE('',*,*,#324,.T.);
#413=ORIENTED_EDGE('',*,*,#325,.F.);
#414=ORIENTED_EDGE('',*,*,#324,.F.);
#415=ORIENTED_EDGE('',*,*,#326,.T.);
#416=ORIENTED_EDGE('',*,*,#327,.T.);
#417=ORIENTED_EDGE('',*,*,#328,.T.);
#418=ORIENTED_EDGE('',*,*,#329,.F.);
#419=ORIENTED_EDGE('',*,*,#326,.F.);
#420=ORIENTED_EDGE('',*,*,#330,.T.);
#421=ORIENTED_EDGE('',*,*,#328,.F.);
#422=ORIENTED_EDGE('',*,*,#331,.T.);
#423=ORIENTED_EDGE('',*,*,#332,.F.);
#424=ORIENTED_EDGE('',*,*,#333,.F.);
#425=ORIENTED_EDGE('',*,*,#334,.F.);
#426=ORIENTED_EDGE('',*,*,#335,.T.);
#427=ORIENTED_EDGE('',*,*,#336,.F.);
#428=ORIENTED_EDGE('',*,*,#337,.F.);
#429=ORIENTED_EDGE('',*,*,#332,.T.);
#430=ORIENTED_EDGE('',*,*,#338,.T.);
#431=ORIENTED_EDGE('',*,*,#334,.T.);
#432=ORIENTED_EDGE('',*,*,#339,.T.);
#433=ORIENTED_EDGE('',*,*,#336,.T.);
#434=ORIENTED_EDGE('',*,*,#340,.T.);
#435=ORIENTED_EDGE('',*,*,#339,.F.);
#436=ORIENTED_EDGE('',*,*,#333,.T.);
#437=ORIENTED_EDGE('',*,*,#337,.T.);
#438=ORIENTED_EDGE('',*,*,#320,.T.);
#439=ORIENTED_EDGE('',*,*,#323,.T.);
#440=ORIENTED_EDGE('',*,*,#335,.F.);
#441=ORIENTED_EDGE('',*,*,#340,.F.);
#442=ORIENTED_EDGE('',*,*,#341,.F.);
#443=ORIENTED_EDGE('',*,*,#330,.F.);
#444=ORIENTED_EDGE('',*,*,#329,.T.);
#445=ORIENTED_EDGE('',*,*,#342,.F.);
#446=ORIENTED_EDGE('',*,*,#341,.T.);
#447=ORIENTED_EDGE('',*,*,#343,.T.);
#448=ORIENTED_EDGE('',*,*,#342,.T.);
#449=ORIENTED_EDGE('',*,*,#343,.F.);
#450=ORIENTED_EDGE('',*,*,#327,.F.);
#451=ORIENTED_EDGE('',*,*,#338,.F.);
#452=ORIENTED_EDGE('',*,*,#331,.F.);
#453=ORIENTED_EDGE('',*,*,#322,.T.);
#454=ORIENTED_EDGE('',*,*,#325,.T.);
#455=ORIENTED_EDGE('',*,*,#344,.F.);
#456=ORIENTED_EDGE('',*,*,#345,.T.);
#457=ORIENTED_EDGE('',*,*,#346,.F.);
#458=ORIENTED_EDGE('',*,*,#345,.F.);
#459=ORIENTED_EDGE('',*,*,#347,.F.);
#460=ORIENTED_EDGE('',*,*,#348,.T.);
#461=ORIENTED_EDGE('',*,*,#349,.F.);
#462=ORIENTED_EDGE('',*,*,#348,.F.);
#463=ORIENTED_EDGE('',*,*,#350,.T.);
#464=ORIENTED_EDGE('',*,*,#351,.T.);
#465=ORIENTED_EDGE('',*,*,#352,.T.);
#466=ORIENTED_EDGE('',*,*,#353,.F.);
#467=ORIENTED_EDGE('',*,*,#350,.F.);
#468=ORIENTED_EDGE('',*,*,#354,.T.);
#469=ORIENTED_EDGE('',*,*,#352,.F.);
#470=ORIENTED_EDGE('',*,*,#355,.T.);
#471=ORIENTED_EDGE('',*,*,#356,.F.);
#472=ORIENTED_EDGE('',*,*,#357,.F.);
#473=ORIENTED_EDGE('',*,*,#358,.F.);
#474=ORIENTED_EDGE('',*,*,#359,.T.);
#475=ORIENTED_EDGE('',*,*,#360,.F.);
#476=ORIENTED_EDGE('',*,*,#361,.F.);
#477=ORIENTED_EDGE('',*,*,#356,.T.);
#478=ORIENTED_EDGE('',*,*,#362,.T.);
#479=ORIENTED_EDGE('',*,*,#358,.T.);
#480=ORIENTED_EDGE('',*,*,#363,.T.);
#481=ORIENTED_EDGE('',*,*,#360,.T.);
#482=ORIENTED_EDGE('',*,*,#364,.T.);
#483=ORIENTED_EDGE('',*,*,#363,.F.);
#484=ORIENTED_EDGE('',*,*,#357,.T.);
#485=ORIENTED_EDGE('',*,*,#361,.T.);
#486=ORIENTED_EDGE('',*,*,#344,.T.);
#487=ORIENTED_EDGE('',*,*,#347,.T.);
#488=ORIENTED_EDGE('',*,*,#359,.F.);
#489=ORIENTED_EDGE('',*,*,#364,.F.);
#490=ORIENTED_EDGE('',*,*,#365,.F.);
#491=ORIENTED_EDGE('',*,*,#354,.F.);
#492=ORIENTED_EDGE('',*,*,#353,.T.);
#493=ORIENTED_EDGE('',*,*,#366,.F.);
#494=ORIENTED_EDGE('',*,*,#365,.T.);
#495=ORIENTED_EDGE('',*,*,#367,.T.);
#496=ORIENTED_EDGE('',*,*,#366,.T.);
#497=ORIENTED_EDGE('',*,*,#367,.F.);
#498=ORIENTED_EDGE('',*,*,#351,.F.);
#499=ORIENTED_EDGE('',*,*,#362,.F.);
#500=ORIENTED_EDGE('',*,*,#355,.F.);
#501=ORIENTED_EDGE('',*,*,#346,.T.);
#502=ORIENTED_EDGE('',*,*,#349,.T.);
#503=ORIENTED_EDGE('',*,*,#368,.T.);
#504=ORIENTED_EDGE('',*,*,#369,.T.);
#505=ORIENTED_EDGE('',*,*,#370,.T.);
#506=ORIENTED_EDGE('',*,*,#371,.F.);
#507=ORIENTED_EDGE('',*,*,#368,.F.);
#508=ORIENTED_EDGE('',*,*,#372,.T.);
#509=ORIENTED_EDGE('',*,*,#370,.F.);
#510=ORIENTED_EDGE('',*,*,#373,.T.);
#511=ORIENTED_EDGE('',*,*,#374,.F.);
#512=ORIENTED_EDGE('',*,*,#375,.F.);
#513=ORIENTED_EDGE('',*,*,#376,.F.);
#514=ORIENTED_EDGE('',*,*,#374,.T.);
#515=ORIENTED_EDGE('',*,*,#377,.T.);
#516=ORIENTED_EDGE('',*,*,#378,.T.);
#517=ORIENTED_EDGE('',*,*,#379,.T.);
#518=ORIENTED_EDGE('',*,*,#380,.T.);
#519=ORIENTED_EDGE('',*,*,#381,.T.);
#520=ORIENTED_EDGE('',*,*,#382,.T.);
#521=ORIENTED_EDGE('',*,*,#383,.T.);
#522=ORIENTED_EDGE('',*,*,#384,.T.);
#523=ORIENTED_EDGE('',*,*,#385,.T.);
#524=ORIENTED_EDGE('',*,*,#386,.T.);
#525=ORIENTED_EDGE('',*,*,#387,.T.);
#526=ORIENTED_EDGE('',*,*,#388,.T.);
#527=ORIENTED_EDGE('',*,*,#389,.T.);
#528=ORIENTED_EDGE('',*,*,#381,.F.);
#529=ORIENTED_EDGE('',*,*,#390,.T.);
#530=ORIENTED_EDGE('',*,*,#391,.T.);
#531=ORIENTED_EDGE('',*,*,#383,.F.);
#532=ORIENTED_EDGE('',*,*,#392,.T.);
#533=ORIENTED_EDGE('',*,*,#393,.T.);
#534=ORIENTED_EDGE('',*,*,#393,.F.);
#535=ORIENTED_EDGE('',*,*,#394,.T.);
#536=ORIENTED_EDGE('',*,*,#388,.F.);
#537=ORIENTED_EDGE('',*,*,#395,.T.);
#538=ORIENTED_EDGE('',*,*,#392,.F.);
#539=ORIENTED_EDGE('',*,*,#382,.F.);
#540=ORIENTED_EDGE('',*,*,#396,.F.);
#541=ORIENTED_EDGE('',*,*,#376,.T.);
#542=ORIENTED_EDGE('',*,*,#397,.F.);
#543=ORIENTED_EDGE('',*,*,#398,.T.);
#544=ORIENTED_EDGE('',*,*,#399,.T.);
#545=ORIENTED_EDGE('',*,*,#398,.F.);
#546=ORIENTED_EDGE('',*,*,#395,.F.);
#547=ORIENTED_EDGE('',*,*,#400,.F.);
#548=ORIENTED_EDGE('',*,*,#391,.F.);
#549=ORIENTED_EDGE('',*,*,#384,.F.);
#550=ORIENTED_EDGE('',*,*,#400,.T.);
#551=ORIENTED_EDGE('',*,*,#387,.F.);
#552=ORIENTED_EDGE('',*,*,#401,.T.);
#553=ORIENTED_EDGE('',*,*,#390,.F.);
#554=ORIENTED_EDGE('',*,*,#380,.F.);
#555=ORIENTED_EDGE('',*,*,#402,.T.);
#556=ORIENTED_EDGE('',*,*,#394,.F.);
#557=ORIENTED_EDGE('',*,*,#397,.T.);
#558=ORIENTED_EDGE('',*,*,#375,.T.);
#559=ORIENTED_EDGE('',*,*,#396,.T.);
#560=ORIENTED_EDGE('',*,*,#389,.F.);
#561=ORIENTED_EDGE('',*,*,#378,.F.);
#562=ORIENTED_EDGE('',*,*,#402,.F.);
#563=ORIENTED_EDGE('',*,*,#379,.F.);
#564=ORIENTED_EDGE('',*,*,#403,.T.);
#565=ORIENTED_EDGE('',*,*,#404,.F.);
#566=ORIENTED_EDGE('',*,*,#403,.F.);
#567=ORIENTED_EDGE('',*,*,#385,.F.);
#568=ORIENTED_EDGE('',*,*,#401,.F.);
#569=ORIENTED_EDGE('',*,*,#386,.F.);
#570=ORIENTED_EDGE('',*,*,#405,.T.);
#571=ORIENTED_EDGE('',*,*,#406,.F.);
#572=ORIENTED_EDGE('',*,*,#405,.F.);
#573=ORIENTED_EDGE('',*,*,#372,.F.);
#574=ORIENTED_EDGE('',*,*,#371,.T.);
#575=ORIENTED_EDGE('',*,*,#399,.F.);
#576=ORIENTED_EDGE('',*,*,#369,.F.);
#577=ORIENTED_EDGE('',*,*,#377,.F.);
#578=ORIENTED_EDGE('',*,*,#373,.F.);
#579=ORIENTED_EDGE('',*,*,#404,.T.);
#580=ORIENTED_EDGE('',*,*,#406,.T.);
#581=CYLINDRICAL_SURFACE('',#668,2.);
#582=CYLINDRICAL_SURFACE('',#671,2.);
#583=CYLINDRICAL_SURFACE('',#674,1.);
#584=CYLINDRICAL_SURFACE('',#677,1.);
#585=CYLINDRICAL_SURFACE('',#683,1.25);
#586=CYLINDRICAL_SURFACE('',#686,2.);
#587=CYLINDRICAL_SURFACE('',#689,2.);
#588=CYLINDRICAL_SURFACE('',#692,1.);
#589=CYLINDRICAL_SURFACE('',#693,1.);
#590=CYLINDRICAL_SURFACE('',#699,1.25);
#591=CYLINDRICAL_SURFACE('',#702,1.);
#592=CYLINDRICAL_SURFACE('',#707,1.25);
#593=CYLINDRICAL_SURFACE('',#713,2.);
#594=CYLINDRICAL_SURFACE('',#715,2.);
#595=ADVANCED_FACE('',(#116),#581,.F.);
#596=ADVANCED_FACE('',(#117),#582,.F.);
#597=ADVANCED_FACE('',(#118),#583,.T.);
#598=ADVANCED_FACE('',(#119),#68,.F.);
#599=ADVANCED_FACE('',(#120),#584,.T.);
#600=ADVANCED_FACE('',(#121,#35,#36),#50,.T.);
#601=ADVANCED_FACE('',(#122,#37),#51,.F.);
#602=ADVANCED_FACE('',(#123,#38),#52,.F.);
#603=ADVANCED_FACE('',(#124),#585,.F.);
#604=ADVANCED_FACE('',(#125,#39,#40),#53,.F.);
#605=ADVANCED_FACE('',(#126),#586,.F.);
#606=ADVANCED_FACE('',(#127),#587,.F.);
#607=ADVANCED_FACE('',(#128),#588,.T.);
#608=ADVANCED_FACE('',(#129),#69,.F.);
#609=ADVANCED_FACE('',(#130),#589,.T.);
#610=ADVANCED_FACE('',(#131,#41,#42),#54,.T.);
#611=ADVANCED_FACE('',(#132,#43),#55,.F.);
#612=ADVANCED_FACE('',(#133,#44),#56,.F.);
#613=ADVANCED_FACE('',(#134),#590,.F.);
#614=ADVANCED_FACE('',(#135,#45,#46),#57,.F.);
#615=ADVANCED_FACE('',(#136),#591,.T.);
#616=ADVANCED_FACE('',(#137),#70,.F.);
#617=ADVANCED_FACE('',(#138),#71,.F.);
#618=ADVANCED_FACE('',(#139),#72,.F.);
#619=ADVANCED_FACE('',(#140),#73,.F.);
#620=ADVANCED_FACE('',(#141),#74,.F.);
#621=ADVANCED_FACE('',(#142),#75,.T.);
#622=ADVANCED_FACE('',(#143),#592,.F.);
#623=ADVANCED_FACE('',(#144),#58,.T.);
#624=ADVANCED_FACE('',(#145),#76,.T.);
#625=ADVANCED_FACE('',(#146),#593,.F.);
#626=ADVANCED_FACE('',(#147),#594,.F.);
#627=ADVANCED_FACE('',(#148,#47),#59,.F.);
#628=ADVANCED_FACE('',(#149,#48,#49),#60,.F.);
#629=CLOSED_SHELL('',(#595,#596,#597,#598,#599,#600,#601,#602,#603,#604));
#630=CLOSED_SHELL('',(#605,#606,#607,#608,#609,#610,#611,#612,#613,#614));
#631=CLOSED_SHELL('',(#615,#616,#617,#618,#619,#620,#621,#622,#623,#624,
#625,#626,#627,#628));
#632=DERIVED_UNIT_ELEMENT(#638,1.);
#633=DERIVED_UNIT_ELEMENT(#2124,-3.);
#634=DERIVED_UNIT_ELEMENT(#638,1.);
#635=DERIVED_UNIT_ELEMENT(#2124,-3.);
#636=DERIVED_UNIT_ELEMENT(#638,1.);
#637=DERIVED_UNIT_ELEMENT(#2124,-3.);
#638=(
MASS_UNIT()
NAMED_UNIT(*)
SI_UNIT(.KILO.,.GRAM.)
);
#639=DERIVED_UNIT((#632,#633));
#640=DERIVED_UNIT((#634,#635));
#641=DERIVED_UNIT((#636,#637));
#642=MEASURE_REPRESENTATION_ITEM('density measure',
POSITIVE_RATIO_MEASURE(7850.),#639);
#643=MEASURE_REPRESENTATION_ITEM('density measure',
POSITIVE_RATIO_MEASURE(7850.),#640);
#644=MEASURE_REPRESENTATION_ITEM('density measure',
POSITIVE_RATIO_MEASURE(7850.),#641);
#645=PROPERTY_DEFINITION_REPRESENTATION(#660,#651);
#646=PROPERTY_DEFINITION_REPRESENTATION(#661,#652);
#647=PROPERTY_DEFINITION_REPRESENTATION(#662,#653);
#648=PROPERTY_DEFINITION_REPRESENTATION(#663,#654);
#649=PROPERTY_DEFINITION_REPRESENTATION(#664,#655);
#650=PROPERTY_DEFINITION_REPRESENTATION(#665,#656);
#651=REPRESENTATION('material name',(#657),#2119);
#652=REPRESENTATION('density',(#642),#2119);
#653=REPRESENTATION('material name',(#658),#2120);
#654=REPRESENTATION('density',(#643),#2120);
#655=REPRESENTATION('material name',(#659),#2121);
#656=REPRESENTATION('density',(#644),#2121);
#657=DESCRIPTIVE_REPRESENTATION_ITEM('Steel','Steel');
#658=DESCRIPTIVE_REPRESENTATION_ITEM('Steel','Steel');
#659=DESCRIPTIVE_REPRESENTATION_ITEM('Steel','Steel');
#660=PROPERTY_DEFINITION('material property','material name',#2144);
#661=PROPERTY_DEFINITION('material property','density of part',#2144);
#662=PROPERTY_DEFINITION('material property','material name',#2145);
#663=PROPERTY_DEFINITION('material property','density of part',#2145);
#664=PROPERTY_DEFINITION('material property','material name',#2146);
#665=PROPERTY_DEFINITION('material property','density of part',#2146);
#666=AXIS2_PLACEMENT_3D('',#858,#722,#723);
#667=AXIS2_PLACEMENT_3D('',#859,#724,#725);
#668=AXIS2_PLACEMENT_3D('',#860,#726,#727);
#669=AXIS2_PLACEMENT_3D('',#862,#728,#729);
#670=AXIS2_PLACEMENT_3D('',#865,#731,#732);
#671=AXIS2_PLACEMENT_3D('',#866,#733,#734);
#672=AXIS2_PLACEMENT_3D('',#868,#735,#736);
#673=AXIS2_PLACEMENT_3D('',#871,#738,#739);
#674=AXIS2_PLACEMENT_3D('',#872,#740,#741);
#675=AXIS2_PLACEMENT_3D('',#1027,#744,#745);
#676=AXIS2_PLACEMENT_3D('',#1123,#747,#748);
#677=AXIS2_PLACEMENT_3D('',#1124,#749,#750);
#678=AXIS2_PLACEMENT_3D('',#1127,#753,#754);
#679=AXIS2_PLACEMENT_3D('',#1128,#755,#756);
#680=AXIS2_PLACEMENT_3D('',#1130,#757,#758);
#681=AXIS2_PLACEMENT_3D('',#1131,#759,#760);
#682=AXIS2_PLACEMENT_3D('',#1133,#761,#762);
#683=AXIS2_PLACEMENT_3D('',#1134,#763,#764);
#684=AXIS2_PLACEMENT_3D('',#1136,#766,#767);
#685=AXIS2_PLACEMENT_3D('',#1137,#768,#769);
#686=AXIS2_PLACEMENT_3D('',#1138,#770,#771);
#687=AXIS2_PLACEMENT_3D('',#1140,#772,#773);
#688=AXIS2_PLACEMENT_3D('',#1143,#775,#776);
#689=AXIS2_PLACEMENT_3D('',#1144,#777,#778);
#690=AXIS2_PLACEMENT_3D('',#1146,#779,#780);
#691=AXIS2_PLACEMENT_3D('',#1149,#782,#783);
#692=AXIS2_PLACEMENT_3D('',#1150,#784,#785);
#693=AXIS2_PLACEMENT_3D('',#1446,#789,#790);
#694=AXIS2_PLACEMENT_3D('',#1449,#793,#794);
#695=AXIS2_PLACEMENT_3D('',#1450,#795,#796);
#696=AXIS2_PLACEMENT_3D('',#1452,#797,#798);
#697=AXIS2_PLACEMENT_3D('',#1453,#799,#800);
#698=AXIS2_PLACEMENT_3D('',#1455,#801,#802);
#699=AXIS2_PLACEMENT_3D('',#1456,#803,#804);
#700=AXIS2_PLACEMENT_3D('',#1458,#806,#807);
#701=AXIS2_PLACEMENT_3D('',#1459,#808,#809);
#702=AXIS2_PLACEMENT_3D('',#1460,#810,#811);
#703=AXIS2_PLACEMENT_3D('',#1800,#815,#816);
#704=AXIS2_PLACEMENT_3D('',#1814,#817,#818);
#705=AXIS2_PLACEMENT_3D('',#1925,#819,#820);
#706=AXIS2_PLACEMENT_3D('',#1987,#821,#822);
#707=AXIS2_PLACEMENT_3D('',#2060,#825,#826);
#708=AXIS2_PLACEMENT_3D('',#2063,#828,#829);
#709=AXIS2_PLACEMENT_3D('',#2064,#830,#831);
#710=AXIS2_PLACEMENT_3D('',#2065,#832,#833);
#711=AXIS2_PLACEMENT_3D('',#2066,#834,#835);
#712=AXIS2_PLACEMENT_3D('',#2067,#836,#837);
#713=AXIS2_PLACEMENT_3D('',#2100,#838,#839);
#714=AXIS2_PLACEMENT_3D('',#2103,#841,#842);
#715=AXIS2_PLACEMENT_3D('',#2104,#843,#844);
#716=AXIS2_PLACEMENT_3D('',#2107,#846,#847);
#717=AXIS2_PLACEMENT_3D('',#2108,#848,#849);
#718=AXIS2_PLACEMENT_3D('',#2109,#850,#851);
#719=AXIS2_PLACEMENT_3D('',#2110,#852,#853);
#720=AXIS2_PLACEMENT_3D('',#2111,#854,#855);
#721=AXIS2_PLACEMENT_3D('',#2112,#856,#857);
#722=DIRECTION('axis',(0.,0.,1.));
#723=DIRECTION('refdir',(1.,0.,0.));
#724=DIRECTION('axis',(0.,0.,1.));
#725=DIRECTION('refdir',(1.,0.,0.));
#726=DIRECTION('center_axis',(0.,0.,-1.));
#727=DIRECTION('ref_axis',(-1.,0.,0.));
#728=DIRECTION('center_axis',(-5.43982898138863E-32,1.07777066857043E-48,
-1.));
#729=DIRECTION('ref_axis',(-1.,0.,0.));
#730=DIRECTION('',(0.,0.,-1.));
#731=DIRECTION('center_axis',(0.,0.,1.));
#732=DIRECTION('ref_axis',(-1.,0.,0.));
#733=DIRECTION('center_axis',(0.,0.,-1.));
#734=DIRECTION('ref_axis',(-1.,0.,0.));
#735=DIRECTION('center_axis',(-5.43982898138863E-32,1.07777066857043E-48,
-1.));
#736=DIRECTION('ref_axis',(-1.,0.,0.));
#737=DIRECTION('',(0.,0.,-1.));
#738=DIRECTION('center_axis',(0.,0.,1.));
#739=DIRECTION('ref_axis',(-1.,0.,0.));
#740=DIRECTION('center_axis',(0.,-1.,0.));
#741=DIRECTION('ref_axis',(0.707106781186548,0.,-0.707106781186548));
#742=DIRECTION('',(0.,1.,0.));
#743=DIRECTION('',(0.,1.,0.));
#744=DIRECTION('center_axis',(0.,0.,1.));
#745=DIRECTION('ref_axis',(1.,0.,0.));
#746=DIRECTION('',(-0.00961494014802518,-1.32467688858065E-18,-0.999953775394618));
#747=DIRECTION('center_axis',(0.,0.,1.));
#748=DIRECTION('ref_axis',(1.,0.,0.));
#749=DIRECTION('center_axis',(-1.99268237163076E-79,1.,1.07777066857043E-48));
#750=DIRECTION('ref_axis',(0.707106781186549,0.,0.707106781186546));
#751=DIRECTION('',(1.99268237163076E-79,-1.,-1.07777066857043E-48));
#752=DIRECTION('',(0.,1.,0.));
#753=DIRECTION('center_axis',(5.43982898138863E-32,-1.07777066857043E-48,
1.));
#754=DIRECTION('ref_axis',(1.,0.,-5.43982898138863E-32));
#755=DIRECTION('center_axis',(-0.707106781186548,0.,-0.707106781186547));
#756=DIRECTION('ref_axis',(-0.707106781186547,0.,0.707106781186548));
#757=DIRECTION('center_axis',(0.707106781186548,0.,0.707106781186547));
#758=DIRECTION('ref_axis',(-0.707106781186547,0.,0.707106781186548));
#759=DIRECTION('center_axis',(-0.707106781186547,0.,0.707106781186548));
#760=DIRECTION('ref_axis',(0.707106781186548,0.,0.707106781186547));
#761=DIRECTION('center_axis',(0.707106781186547,0.,-0.707106781186548));
#762=DIRECTION('ref_axis',(-0.707106781186548,0.,-0.707106781186547));
#763=DIRECTION('center_axis',(0.,0.,-1.));
#764=DIRECTION('ref_axis',(-1.,0.,0.));
#765=DIRECTION('',(0.,0.,-1.));
#766=DIRECTION('center_axis',(0.,0.,1.));
#767=DIRECTION('ref_axis',(1.,0.,0.));
#768=DIRECTION('axis',(0.,0.,1.));
#769=DIRECTION('refdir',(1.,0.,0.));
#770=DIRECTION('center_axis',(0.,0.,-1.));
#771=DIRECTION('ref_axis',(-1.,0.,0.));
#772=DIRECTION('center_axis',(-6.11682992487496E-32,-3.245518479077E-31,
-1.));
#773=DIRECTION('ref_axis',(-1.,0.,0.));
#774=DIRECTION('',(0.,0.,-1.));
#775=DIRECTION('center_axis',(2.72051905882907E-32,-1.75944798955136E-32,
1.));
#776=DIRECTION('ref_axis',(-1.,0.,0.));
#777=DIRECTION('center_axis',(0.,0.,-1.));
#778=DIRECTION('ref_axis',(-1.,0.,0.));
#779=DIRECTION('center_axis',(-6.11682992487496E-32,-3.245518479077E-31,
-1.));
#780=DIRECTION('ref_axis',(-1.,0.,0.));
#781=DIRECTION('',(0.,0.,-1.));
#782=DIRECTION('center_axis',(2.72051905882907E-32,-1.75944798955136E-32,
1.));
#783=DIRECTION('ref_axis',(-1.,0.,0.));
#784=DIRECTION('center_axis',(1.08434354197404E-63,-1.,-1.75944798955136E-32));
#785=DIRECTION('ref_axis',(0.707106781186549,0.,-0.707106781186546));
#786=DIRECTION('',(-1.08434354197404E-63,1.,1.75944798955136E-32));
#787=DIRECTION('',(0.,1.,0.));
#788=DIRECTION('',(-0.012499023551926,-1.72202209808079E-18,-0.999921884154082));
#789=DIRECTION('center_axis',(1.4001436341573E-61,1.,-3.245518479077E-31));
#790=DIRECTION('ref_axis',(0.707106781186543,0.,0.707106781186553));
#791=DIRECTION('',(-1.4001436341573E-61,-1.,3.245518479077E-31));
#792=DIRECTION('',(0.,1.,0.));
#793=DIRECTION('center_axis',(6.11682992487496E-32,3.245518479077E-31,1.));
#794=DIRECTION('ref_axis',(1.,0.,-6.11682992487496E-32));
#795=DIRECTION('center_axis',(-0.707106781186816,0.,-0.707106781186279));
#796=DIRECTION('ref_axis',(-0.707106781186279,0.,0.707106781186816));
#797=DIRECTION('center_axis',(0.707106781186816,0.,0.707106781186279));
#798=DIRECTION('ref_axis',(-0.707106781186279,0.,0.707106781186816));
#799=DIRECTION('center_axis',(-0.707106781186565,0.,0.70710678118653));
#800=DIRECTION('ref_axis',(0.70710678118653,0.,0.707106781186565));
#801=DIRECTION('center_axis',(0.707106781186565,0.,-0.70710678118653));
#802=DIRECTION('ref_axis',(-0.70710678118653,0.,-0.707106781186565));
#803=DIRECTION('center_axis',(0.,0.,-1.));
#804=DIRECTION('ref_axis',(-1.,0.,0.));
#805=DIRECTION('',(0.,0.,-1.));
#806=DIRECTION('center_axis',(2.72051905882907E-32,-1.75944798955136E-32,
1.));
#807=DIRECTION('ref_axis',(1.,0.,-2.72051905882907E-32));
#808=DIRECTION('axis',(0.,0.,1.));
#809=DIRECTION('refdir',(1.,0.,0.));
#810=DIRECTION('center_axis',(-1.1079895875642E-66,-1.,-8.98907946062328E-36));
#811=DIRECTION('ref_axis',(0.707106781186543,0.,-0.707106781186553));
#812=DIRECTION('',(1.1079895875642E-66,1.,8.98907946062328E-36));
#813=DIRECTION('',(0.,1.,0.));
#814=DIRECTION('',(-0.0149983127847123,-2.06625126718951E-18,-0.999887518980816));
#815=DIRECTION('center_axis',(2.04160315067559E-16,-1.,0.));
#816=DIRECTION('ref_axis',(0.,0.,1.));
#817=DIRECTION('center_axis',(-0.55453677577063,-0.832159218129508,-1.46859459769667E-16));
#818=DIRECTION('ref_axis',(0.832159218129508,-0.55453677577063,0.));
#819=DIRECTION('center_axis',(-0.554536776945352,0.832159217346693,4.47207814236773E-17));
#820=DIRECTION('ref_axis',(-1.16147091944185E-10,-7.73985042723523E-11,
1.));
#821=DIRECTION('center_axis',(-5.67823730089189E-5,-0.999999998387881,-2.60208520977034E-17));
#822=DIRECTION('ref_axis',(0.999999998387881,-5.67823730089189E-5,0.));
#823=DIRECTION('',(0.,0.,1.));
#824=DIRECTION('',(0.,0.,-1.));
#825=DIRECTION('center_axis',(0.,0.,-1.));
#826=DIRECTION('ref_axis',(-1.,0.,0.));
#827=DIRECTION('',(0.,0.,-1.));
#828=DIRECTION('center_axis',(0.707106781186554,0.,-0.707106781186541));
#829=DIRECTION('ref_axis',(-0.707106781186541,0.,-0.707106781186554));
#830=DIRECTION('center_axis',(-2.46478321080748E-36,4.44081935945021E-32,
-1.));
#831=DIRECTION('ref_axis',(-1.,0.,0.));
#832=DIRECTION('center_axis',(2.46478321080748E-36,-4.44081935945021E-32,
1.));
#833=DIRECTION('ref_axis',(1.,0.,-2.46478321080748E-36));
#834=DIRECTION('center_axis',(-2.46478321080748E-36,4.44081935945021E-32,
-1.));
#835=DIRECTION('ref_axis',(-1.,0.,0.));
#836=DIRECTION('center_axis',(-2.46478321080748E-36,4.44081935945021E-32,
-1.));
#837=DIRECTION('ref_axis',(-1.,0.,0.));
#838=DIRECTION('center_axis',(0.,0.,-1.));
#839=DIRECTION('ref_axis',(-1.,0.,0.));
#840=DIRECTION('',(0.,0.,-1.));
#841=DIRECTION('center_axis',(1.22368329395661E-31,-8.98907946062328E-36,
1.));
#842=DIRECTION('ref_axis',(-1.,0.,0.));
#843=DIRECTION('center_axis',(0.,0.,-1.));
#844=DIRECTION('ref_axis',(-1.,0.,0.));
#845=DIRECTION('',(0.,0.,-1.));
#846=DIRECTION('center_axis',(1.22368329395661E-31,-8.98907946062328E-36,
1.));
#847=DIRECTION('ref_axis',(-1.,0.,0.));
#848=DIRECTION('center_axis',(-0.707106781186554,0.,0.707106781186541));
#849=DIRECTION('ref_axis',(0.707106781186541,0.,0.707106781186554));
#850=DIRECTION('center_axis',(1.22368329395661E-31,-8.98907946062328E-36,
1.));
#851=DIRECTION('ref_axis',(1.,0.,-1.22368329395661E-31));
#852=DIRECTION('',(0.,0.,1.));
#853=DIRECTION('',(1.,0.,0.));
#854=DIRECTION('',(0.,0.,1.));
#855=DIRECTION('',(1.,0.,0.));
#856=DIRECTION('',(0.,0.,1.));
#857=DIRECTION('',(1.,0.,0.));
#858=CARTESIAN_POINT('',(0.,0.,0.));
#859=CARTESIAN_POINT('',(0.,0.,0.));
#860=CARTESIAN_POINT('Origin',(-4.74999999996591,-3.1093879237477,52.));
#861=CARTESIAN_POINT('',(-2.74999999996591,-3.1093879237477,52.));
#862=CARTESIAN_POINT('Origin',(-4.74999999996591,-3.1093879237477,52.));
#863=CARTESIAN_POINT('',(-2.74999999996591,-3.1093879237477,0.));
#864=CARTESIAN_POINT('',(-2.74999999996591,-3.1093879237477,52.));
#865=CARTESIAN_POINT('Origin',(-4.74999999996591,-3.1093879237477,0.));
#866=CARTESIAN_POINT('Origin',(-4.74999999995376,3.10938792374761,52.));
#867=CARTESIAN_POINT('',(-2.74999999995376,3.10938792374761,52.));
#868=CARTESIAN_POINT('Origin',(-4.74999999995376,3.10938792374761,52.));
#869=CARTESIAN_POINT('',(-2.74999999995376,3.10938792374761,0.));
#870=CARTESIAN_POINT('',(-2.74999999995376,3.10938792374761,52.));
#871=CARTESIAN_POINT('Origin',(-4.74999999995376,3.10938792374761,0.));
#872=CARTESIAN_POINT('Origin',(-1.,0.,1.));
#873=CARTESIAN_POINT('',(0.,-7.99038461538462,1.));
#874=CARTESIAN_POINT('',(-1.,-7.95046391999925,0.));
#875=CARTESIAN_POINT('Ctrl Pts',(0.000917642002039365,-7.98933249209952,
1.));
#876=CARTESIAN_POINT('Ctrl Pts',(0.000917680304530146,-7.98945903562357,
0.98683978812361));
#877=CARTESIAN_POINT('Ctrl Pts',(0.000657797380888552,-7.98958569932768,
0.973669411765277));
#878=CARTESIAN_POINT('Ctrl Pts',(0.000136811193166775,-7.9897123505699,
0.96049645328668));
#879=CARTESIAN_POINT('Ctrl Pts',(-0.00228609329139344,-7.99030135632472,
0.899234137845701));
#880=CARTESIAN_POINT('Ctrl Pts',(-0.0103342060621232,-7.99088895712303,
0.838469883087668));
#881=CARTESIAN_POINT('Ctrl Pts',(-0.0238291546771887,-7.99142919309411,
0.778955029415016));
#882=CARTESIAN_POINT('Ctrl Pts',(-0.0377329139425977,-7.99198579476062,
0.717637256240481));
#883=CARTESIAN_POINT('Ctrl Pts',(-0.0574186368067685,-7.992491960871,0.657645728457165));
#884=CARTESIAN_POINT('Ctrl Pts',(-0.0826897871429422,-7.99284263775657,
0.599802158305508));
#885=CARTESIAN_POINT('Ctrl Pts',(-0.0848113446698105,-7.99287207769801,
0.594946088834838));
#886=CARTESIAN_POINT('Ctrl Pts',(-0.0869722661696115,-7.99290039161434,
0.590105157950187));
#887=CARTESIAN_POINT('Ctrl Pts',(-0.0891724344021647,-7.99292750103571,
0.585279851845051));
#888=CARTESIAN_POINT('Ctrl Pts',(-0.120268996850109,-7.99331065801531,0.51708032491403));
#889=CARTESIAN_POINT('Ctrl Pts',(-0.158864987305803,-7.99345360265626,0.452747788300372));
#890=CARTESIAN_POINT('Ctrl Pts',(-0.204141915440312,-7.99311766958324,0.393430649276539));
#891=CARTESIAN_POINT('Ctrl Pts',(-0.236591095642173,-7.99287691224233,0.350919096206397));
#892=CARTESIAN_POINT('Ctrl Pts',(-0.272471676497537,-7.9923886875767,0.310983620594844));
#893=CARTESIAN_POINT('Ctrl Pts',(-0.31147854866341,-7.99155301035905,0.274046965281087));
#894=CARTESIAN_POINT('Ctrl Pts',(-0.365984504787105,-7.99038528315537,0.222433810929041));
#895=CARTESIAN_POINT('Ctrl Pts',(-0.425979849729535,-7.98854836718124,0.177257129993144));
#896=CARTESIAN_POINT('Ctrl Pts',(-0.490266113875381,-7.9858229835558,0.139256694156465));
#897=CARTESIAN_POINT('Ctrl Pts',(-0.536837708266816,-7.98384860438707,0.111727626975511));
#898=CARTESIAN_POINT('Ctrl Pts',(-0.5856609389251,-7.98140835437155,0.087964757367727));
#899=CARTESIAN_POINT('Ctrl Pts',(-0.636276550678574,-7.97843618442234,0.0682493443518268));
#900=CARTESIAN_POINT('Ctrl Pts',(-0.6942752033975,-7.97503047921136,0.0456581446585644));
#901=CARTESIAN_POINT('Ctrl Pts',(-0.754070988048316,-7.97095695008092,0.0285958085699178));
#902=CARTESIAN_POINT('Ctrl Pts',(-0.814877044533779,-7.96619252885038,0.0171812724049332));
#903=CARTESIAN_POINT('Ctrl Pts',(-0.875683101019242,-7.96142810761985,0.0057667362399485));
#904=CARTESIAN_POINT('Ctrl Pts',(-0.937499181175569,-7.9559724713185,-1.37401201527609E-12));
#905=CARTESIAN_POINT('Ctrl Pts',(-0.999540836648215,-7.94985540544279,0.));
#906=CARTESIAN_POINT('',(-1.,7.95046391999925,0.));
#907=CARTESIAN_POINT('',(-1.,0.,0.));
#908=CARTESIAN_POINT('',(0.,7.99038461538462,1.));
#909=CARTESIAN_POINT('Ctrl Pts',(-1.00063104805264,7.94969914937606,0.));
#910=CARTESIAN_POINT('Ctrl Pts',(-0.942161120826333,7.95546116071896,1.24122934153092E-12));
#911=CARTESIAN_POINT('Ctrl Pts',(-0.883754019917358,7.96064857896674,0.00513165368918633));
#912=CARTESIAN_POINT('Ctrl Pts',(-0.826077542956496,7.96522695150575,0.0153639748652594));
#913=CARTESIAN_POINT('Ctrl Pts',(-0.761609277326148,7.97034445785414,0.026801219897437));
#914=CARTESIAN_POINT('Ctrl Pts',(-0.698530283812655,7.97466304178741,0.0445251274096545));
#915=CARTESIAN_POINT('Ctrl Pts',(-0.637723375993752,7.97822942840967,0.0682247665443896));
#916=CARTESIAN_POINT('Ctrl Pts',(-0.581742292979301,7.98151277552801,0.0900435288101091));
#917=CARTESIAN_POINT('Ctrl Pts',(-0.527687125610697,7.98415972665647,0.116927155663304));
#918=CARTESIAN_POINT('Ctrl Pts',(-0.476245120120706,7.98624573367191,0.14863302578695));
#919=CARTESIAN_POINT('Ctrl Pts',(-0.392763812515012,7.98963095537282,0.200086064436716));
#920=CARTESIAN_POINT('Ctrl Pts',(-0.317377571855092,7.99149158860986,0.263498575005456));
#921=CARTESIAN_POINT('Ctrl Pts',(-0.252463760486498,7.99237871750676,0.336770259628864));
#922=CARTESIAN_POINT('Ctrl Pts',(-0.238478687971794,7.99256984111653,0.352555957635631));
#923=CARTESIAN_POINT('Ctrl Pts',(-0.224979547843214,7.99271592872479,0.368799265910263));
#924=CARTESIAN_POINT('Ctrl Pts',(-0.211989883728349,7.99282258175482,0.38547918230396));
#925=CARTESIAN_POINT('Ctrl Pts',(-0.16982471707164,7.99316878337684,0.439623111534231));
#926=CARTESIAN_POINT('Ctrl Pts',(-0.133445094252156,7.99309946474002,0.49783333231789));
#927=CARTESIAN_POINT('Ctrl Pts',(-0.103339908133513,7.99280893415695,0.559140566613557));
#928=CARTESIAN_POINT('Ctrl Pts',(-0.0754307840662595,7.99253959670605,0.615975664773552));
#929=CARTESIAN_POINT('Ctrl Pts',(-0.0529138571699626,7.99208052707744,0.675472424783184));
#930=CARTESIAN_POINT('Ctrl Pts',(-0.0361740539730411,7.99154662318042,0.73685858752652));
#931=CARTESIAN_POINT('Ctrl Pts',(-0.0201641968461594,7.99103600038454,0.795567981151248));
#932=CARTESIAN_POINT('Ctrl Pts',(-0.00958384655339262,7.99046231598261,
0.855475697820809));
#933=CARTESIAN_POINT('Ctrl Pts',(-0.00448681361388381,7.98988342493518,
0.915828374190944));
#934=CARTESIAN_POINT('Ctrl Pts',(-0.00212323230151328,7.98961498325983,
0.943814942006561));
#935=CARTESIAN_POINT('Ctrl Pts',(-0.000938734509213289,7.98934469599488,
0.971897191083982));
#936=CARTESIAN_POINT('Ctrl Pts',(-0.000938641834432374,7.98907451468897,
0.999999999999993));
#937=CARTESIAN_POINT('',(0.,0.,1.));
#938=CARTESIAN_POINT('Ctrl Pts',(-8.5,-9.10831056865844E-16,52.));
#939=CARTESIAN_POINT('Ctrl Pts',(-8.66666666666667,-9.33793184349857E-16,
34.6666666666667));
#940=CARTESIAN_POINT('Ctrl Pts',(-8.83333333333333,-9.5675531183387E-16,
17.3333333333333));
#941=CARTESIAN_POINT('Ctrl Pts',(-9.,-9.79717439317883E-16,0.));
#942=CARTESIAN_POINT('Ctrl Pts',(-8.5,-1.11264739814639,52.));
#943=CARTESIAN_POINT('Ctrl Pts',(-8.6668317717352,-1.14073143603523,34.6666666666667));
#944=CARTESIAN_POINT('Ctrl Pts',(-8.8331682282648,-1.1687131634787,17.3333333333333));
#945=CARTESIAN_POINT('Ctrl Pts',(-9.,-1.19679720136754,0.));
#946=CARTESIAN_POINT('Ctrl Pts',(-7.93080223280633,-3.33801954020027,52.));
#947=CARTESIAN_POINT('Ctrl Pts',(-8.08245495764043,-3.4218299413496,34.6666666666667));
#948=CARTESIAN_POINT('Ctrl Pts',(-8.23417925941681,-3.50567475752692,17.3333333333333));
#949=CARTESIAN_POINT('Ctrl Pts',(-8.38583198425091,-3.58948515867625,0.));
#950=CARTESIAN_POINT('Ctrl Pts',(-5.50843514833995,-6.04597021421203,52.));
#951=CARTESIAN_POINT('Ctrl Pts',(-5.60666168124941,-6.18705155764065,34.6666666666667));
#952=CARTESIAN_POINT('Ctrl Pts',(-5.70466829901072,-6.32804049782405,17.3333333333333));
#953=CARTESIAN_POINT('Ctrl Pts',(-5.80289483192018,-6.46912184125267,0.));
#954=CARTESIAN_POINT('Ctrl Pts',(-1.97078232734968,-7.5622301214211,52.));
#955=CARTESIAN_POINT('Ctrl Pts',(-2.00434552125108,-7.72999983783063,34.6666666666667));
#956=CARTESIAN_POINT('Ctrl Pts',(-2.03785204730639,-7.89776047331468,17.3333333333333));
#957=CARTESIAN_POINT('Ctrl Pts',(-2.07141524120778,-8.06553018972421,0.));
#958=CARTESIAN_POINT('Ctrl Pts',(1.97237013747428,-7.56204832249752,52.));
#959=CARTESIAN_POINT('Ctrl Pts',(2.00600802309471,-7.72984805804691,34.6666666666667));
#960=CARTESIAN_POINT('Ctrl Pts',(2.03980052669593,-7.89764263507167,17.3333333333333));
#961=CARTESIAN_POINT('Ctrl Pts',(2.07343841231636,-8.06544237062106,0.));
#962=CARTESIAN_POINT('Ctrl Pts',(5.50628123062806,-6.04506833709857,52.));
#963=CARTESIAN_POINT('Ctrl Pts',(5.60428781152693,-6.18610245326704,34.6666666666667));
#964=CARTESIAN_POINT('Ctrl Pts',(5.70249433451129,-6.3269848909998,17.3333333333333));
#965=CARTESIAN_POINT('Ctrl Pts',(5.80050091541016,-6.46801900716827,0.));
#966=CARTESIAN_POINT('Ctrl Pts',(8.20709276084285,-3.0364482655223,52.));
#967=CARTESIAN_POINT('Ctrl Pts',(8.36521814952315,-3.11402226389525,34.6666666666667));
#968=CARTESIAN_POINT('Ctrl Pts',(8.52324600934584,-3.1917275187984,17.3333333333333));
#969=CARTESIAN_POINT('Ctrl Pts',(8.68137139802614,-3.26930151717135,0.));
#970=CARTESIAN_POINT('Ctrl Pts',(8.78217379305336,0.405229822434869,52.));
#971=CARTESIAN_POINT('Ctrl Pts',(8.95628940476861,0.416046050503776,34.6666666666667));
#972=CARTESIAN_POINT('Ctrl Pts',(9.1301781515685,0.427037897205961,17.3333333333334));
#973=CARTESIAN_POINT('Ctrl Pts',(9.30429376328375,0.437854125274868,0.));
#974=CARTESIAN_POINT('Ctrl Pts',(7.53795744503973,4.00076825019748,52.));
#975=CARTESIAN_POINT('Ctrl Pts',(7.68018808764482,4.09990266336127,34.6666666666667));
#976=CARTESIAN_POINT('Ctrl Pts',(7.82252075443152,4.19897600310579,17.3333333333333));
#977=CARTESIAN_POINT('Ctrl Pts',(7.96475139703661,4.29811041626959,0.));
#978=CARTESIAN_POINT('Ctrl Pts',(5.14390008315808,6.30340114757617,52.));
#979=CARTESIAN_POINT('Ctrl Pts',(5.23497307252515,6.44910388642669,34.6666666666667));
#980=CARTESIAN_POINT('Ctrl Pts',(5.32599956516848,6.59457694680892,17.3333333333333));
#981=CARTESIAN_POINT('Ctrl Pts',(5.41707255453554,6.74027968565945,0.));
#982=CARTESIAN_POINT('Ctrl Pts',(1.52991505403773,7.56109733039025,52.));
#983=CARTESIAN_POINT('Ctrl Pts',(1.55602675105481,7.72877478558651,34.6666666666667));
#984=CARTESIAN_POINT('Ctrl Pts',(1.58214372290212,7.89655909051921,17.3333333333333));
#985=CARTESIAN_POINT('Ctrl Pts',(1.60825541991921,8.06423654571546,0.));
#986=CARTESIAN_POINT('Ctrl Pts',(-1.96972408188096,7.56279411562799,52.));
#987=CARTESIAN_POINT('Ctrl Pts',(-2.00326520565933,7.73063938367448,34.6666666666667));
#988=CARTESIAN_POINT('Ctrl Pts',(-2.03679700041055,7.89832715025252,17.3333333333333));
#989=CARTESIAN_POINT('Ctrl Pts',(-2.07033812418892,8.06617241829901,0.));
#990=CARTESIAN_POINT('Ctrl Pts',(-5.50948175945615,6.04438690593235,52.));
#991=CARTESIAN_POINT('Ctrl Pts',(-5.60773155473622,6.18542275066494,34.6666666666667));
#992=CARTESIAN_POINT('Ctrl Pts',(-5.70580798151849,6.32649269463139,17.3333333333333));
#993=CARTESIAN_POINT('Ctrl Pts',(-5.80405777679856,6.46752853936398,0.));
#994=CARTESIAN_POINT('Ctrl Pts',(-7.93051404052098,3.33818756051951,52.));
#995=CARTESIAN_POINT('Ctrl Pts',(-8.0821472361236,3.42203275879924,34.6666666666667));
#996=CARTESIAN_POINT('Ctrl Pts',(-8.23390580352854,3.50582888429367,17.3333333333333));
#997=CARTESIAN_POINT('Ctrl Pts',(-8.38553899913116,3.5896740825734,0.));
#998=CARTESIAN_POINT('Ctrl Pts',(-8.5,1.11264739814639,52.));
#999=CARTESIAN_POINT('Ctrl Pts',(-8.66684273950809,1.14071250880367,34.6666666666667));
#1000=CARTESIAN_POINT('Ctrl Pts',(-8.83315726049191,1.16873209071026,17.3333333333333));
#1001=CARTESIAN_POINT('Ctrl Pts',(-9.,1.19679720136754,0.));
#1002=CARTESIAN_POINT('Ctrl Pts',(-8.5,9.10831056865844E-16,52.));
#1003=CARTESIAN_POINT('Ctrl Pts',(-8.66666666666667,9.33793184349857E-16,
34.6666666666667));
#1004=CARTESIAN_POINT('Ctrl Pts',(-8.83333333333333,9.5675531183387E-16,
17.3333333333333));
#1005=CARTESIAN_POINT('Ctrl Pts',(-9.,9.79717439317883E-16,0.));
#1006=CARTESIAN_POINT('Ctrl Pts',(2.4980018054066E-15,-7.99038461538462,
1.));
#1007=CARTESIAN_POINT('Ctrl Pts',(1.23323045852686,-7.97852663020647,2.23323045852686));
#1008=CARTESIAN_POINT('Ctrl Pts',(2.48212061327728,-7.74116910772911,3.48212061327728));
#1009=CARTESIAN_POINT('Ctrl Pts',(4.73931869098358,-6.81987413219424,5.73931869098357));
#1010=CARTESIAN_POINT('Ctrl Pts',(5.7028810068716,-6.19810443014027,6.70288100687159));
#1011=CARTESIAN_POINT('Ctrl Pts',(7.07272840577033,-4.88591308770701,8.07272840577033));
#1012=CARTESIAN_POINT('Ctrl Pts',(7.59699385503306,-4.23208532351101,8.59699385503306));
#1013=CARTESIAN_POINT('Ctrl Pts',(8.324276895772,-2.89205583196934,9.324276895772));
#1014=CARTESIAN_POINT('Ctrl Pts',(8.57355810505552,-2.25769848455019,9.57355810505552));
#1015=CARTESIAN_POINT('Ctrl Pts',(8.87152442793774,-0.93997987984782,9.87152442793774));
#1016=CARTESIAN_POINT('Ctrl Pts',(8.92969017775194,-0.287766583013313,9.92969017774439));
#1017=CARTESIAN_POINT('Ctrl Pts',(8.85735751915253,1.0874538600192,9.85735751914499));
#1018=CARTESIAN_POINT('Ctrl Pts',(8.71277050534772,1.77280735417574,9.71277050534771));
#1019=CARTESIAN_POINT('Ctrl Pts',(8.18520657824821,3.24893567863686,9.1852065782482));
#1020=CARTESIAN_POINT('Ctrl Pts',(7.75367058129925,3.98138636443406,8.75367058129925));
#1021=CARTESIAN_POINT('Ctrl Pts',(6.56110581423958,5.48123647781907,7.56110581423958));
#1022=CARTESIAN_POINT('Ctrl Pts',(5.67300146197831,6.22433015841634,6.67300146197831));
#1023=CARTESIAN_POINT('Ctrl Pts',(3.24674310756341,7.5606978173316,4.24674310756341));
#1024=CARTESIAN_POINT('Ctrl Pts',(1.64023467567501,7.97461312811851,2.64023467567501));
#1025=CARTESIAN_POINT('Ctrl Pts',(-2.77555756156289E-16,7.99038461538462,
1.));
#1026=CARTESIAN_POINT('',(-9.,-9.79717439317883E-16,0.));
#1027=CARTESIAN_POINT('Origin',(0.,0.,0.));
#1028=CARTESIAN_POINT('',(-8.5,-9.10831056865844E-16,52.));
#1029=CARTESIAN_POINT('',(-8.5,-9.10831056865844E-16,52.));
#1030=CARTESIAN_POINT('',(-0.999999999989694,7.44787133717035,52.));
#1031=CARTESIAN_POINT('Ctrl Pts',(-1.00065241461547,7.44721868432271,52.));
#1032=CARTESIAN_POINT('Ctrl Pts',(-1.30419305551843,7.41572896572671,52.));
#1033=CARTESIAN_POINT('Ctrl Pts',(-1.60573774356051,7.36980223910887,52.));
#1034=CARTESIAN_POINT('Ctrl Pts',(-1.9035013568254,7.30940810011331,52.));
#1035=CARTESIAN_POINT('Ctrl Pts',(-3.14964330773935,7.05665837906278,52.));
#1036=CARTESIAN_POINT('Ctrl Pts',(-4.32956253359775,6.55052264249756,52.));
#1037=CARTESIAN_POINT('Ctrl Pts',(-5.32302752670442,5.84642154997948,52.));
#1038=CARTESIAN_POINT('Ctrl Pts',(-6.31649251981109,5.1423204574614,52.));
#1039=CARTESIAN_POINT('Ctrl Pts',(-7.12350328016604,4.24025400899046,52.));
#1040=CARTESIAN_POINT('Ctrl Pts',(-7.66938015021326,3.2328357441617,52.));
#1041=CARTESIAN_POINT('Ctrl Pts',(-8.21525702026049,2.22541747933295,52.));
#1042=CARTESIAN_POINT('Ctrl Pts',(-8.5,1.11264739814639,52.));
#1043=CARTESIAN_POINT('Ctrl Pts',(-8.5,1.11022302462516E-15,52.));
#1044=CARTESIAN_POINT('',(1.84889274661175E-31,7.5096153771648,51.0000007748604));
#1045=CARTESIAN_POINT('Ctrl Pts',(-2.96127191911208E-13,7.5096153771648,
51.0000007748604));
#1046=CARTESIAN_POINT('Ctrl Pts',(-2.07515796245116E-9,7.50958962982334,
51.0026784983726));
#1047=CARTESIAN_POINT('Ctrl Pts',(-1.07594496136877E-5,7.50956387761418,
51.0053567300008));
#1048=CARTESIAN_POINT('Ctrl Pts',(-0.00108107603159033,7.50828314561201,
51.138552485227));
#1049=CARTESIAN_POINT('Ctrl Pts',(-0.0276726331619074,7.5071356038534,51.2676055075663));
#1050=CARTESIAN_POINT('Ctrl Pts',(-0.128728551454319,7.50400504228938,51.5077290388351));
#1051=CARTESIAN_POINT('Ctrl Pts',(-0.202040450567147,7.50200779310759,51.6165639677876));
#1052=CARTESIAN_POINT('Ctrl Pts',(-0.387601671001469,7.49455715841317,51.8014962788461));
#1053=CARTESIAN_POINT('Ctrl Pts',(-0.498551885792402,7.4890573022047,51.8751722906663));
#1054=CARTESIAN_POINT('Ctrl Pts',(-0.741144119431999,7.47241833650427,51.9746763238777));
#1055=CARTESIAN_POINT('Ctrl Pts',(-0.870044942315506,7.46146737486385,51.9999999999973));
#1056=CARTESIAN_POINT('Ctrl Pts',(-0.999999999978722,7.44787133717042,52.));
#1057=CARTESIAN_POINT('',(1.84889274661175E-31,-7.5096153771648,51.0000007748604));
#1058=CARTESIAN_POINT('Ctrl Pts',(8.32667268468867E-16,7.5096153771648,
51.0000007748604));
#1059=CARTESIAN_POINT('Ctrl Pts',(1.2654527125433,7.52178319170849,49.7345480623171));
#1060=CARTESIAN_POINT('Ctrl Pts',(2.55236603410849,7.28508045816219,48.4476347407519));
#1061=CARTESIAN_POINT('Ctrl Pts',(4.76121849057198,6.35324396166878,46.2387822842884));
#1062=CARTESIAN_POINT('Ctrl Pts',(5.65424740642448,5.76328653102859,45.3457533684359));
#1063=CARTESIAN_POINT('Ctrl Pts',(6.92045365387185,4.52677199862166,44.0795471209885));
#1064=CARTESIAN_POINT('Ctrl Pts',(7.40426383314094,3.9118216203343,43.5957369420529));
#1065=CARTESIAN_POINT('Ctrl Pts',(8.0729891158011,2.65305372982743,42.9270116593927));
#1066=CARTESIAN_POINT('Ctrl Pts',(8.30081484701852,2.05739752178069,42.6991859278419));
#1067=CARTESIAN_POINT('Ctrl Pts',(8.56924583778483,0.819146053836063,42.4307549370755));
#1068=CARTESIAN_POINT('Ctrl Pts',(8.61794429862825,0.20589116824091,42.3820564762246));
#1069=CARTESIAN_POINT('Ctrl Pts',(8.53737539637822,-1.08700409062509,42.4626253784746));
#1070=CARTESIAN_POINT('Ctrl Pts',(8.39433010199242,-1.73089014984122,42.605670672868));
#1071=CARTESIAN_POINT('Ctrl Pts',(7.88082221989167,-3.12099398849768,43.1191785549687));
#1072=CARTESIAN_POINT('Ctrl Pts',(7.4626577043795,-3.81077191357798,43.5373430704809));
#1073=CARTESIAN_POINT('Ctrl Pts',(6.30840284341833,-5.2240173112182,44.691597931442));
#1074=CARTESIAN_POINT('Ctrl Pts',(5.44765250235801,-5.92192982431945,45.5523482725024));
#1075=CARTESIAN_POINT('Ctrl Pts',(3.10681795501042,-7.15824320632083,47.89318281985));
#1076=CARTESIAN_POINT('Ctrl Pts',(1.56567495189037,-7.5246699440099,49.43432582297));
#1077=CARTESIAN_POINT('Ctrl Pts',(-1.11022302462516E-15,-7.5096153771648,
51.0000007748604));
#1078=CARTESIAN_POINT('',(-0.999999999849655,-7.44787133719965,52.));
#1079=CARTESIAN_POINT('Ctrl Pts',(-0.999712187315421,-7.44732960774859,
52.));
#1080=CARTESIAN_POINT('Ctrl Pts',(-0.990500818194035,-7.44828521787956,
52.0000000000002));
#1081=CARTESIAN_POINT('Ctrl Pts',(-0.981288605541496,-7.44922868257516,
51.999872825699));
#1082=CARTESIAN_POINT('Ctrl Pts',(-0.972078162386149,-7.45015975941,51.9996184078514));
#1083=CARTESIAN_POINT('Ctrl Pts',(-0.911366591077821,-7.45629704691059,
51.9979413867748));
#1084=CARTESIAN_POINT('Ctrl Pts',(-0.851039306315755,-7.46186069527499,
51.9907461212719));
#1085=CARTESIAN_POINT('Ctrl Pts',(-0.791827072794784,-7.46683018325052,
51.9781727610762));
#1086=CARTESIAN_POINT('Ctrl Pts',(-0.730864244879893,-7.47194659285478,
51.9652276727331));
#1087=CARTESIAN_POINT('Ctrl Pts',(-0.67108360361555,-7.47643331311734,51.9465817848832));
#1088=CARTESIAN_POINT('Ctrl Pts',(-0.613285647247279,-7.48032299514787,
51.9223880488576));
#1089=CARTESIAN_POINT('Ctrl Pts',(-0.60702425420235,-7.48074437385299,51.9197670826505));
#1090=CARTESIAN_POINT('Ctrl Pts',(-0.600786130620964,-7.48115879586309,
51.9170810073669));
#1091=CARTESIAN_POINT('Ctrl Pts',(-0.594572294530046,-7.48156633836743,
51.9143300174663));
#1092=CARTESIAN_POINT('Ctrl Pts',(-0.526743483432433,-7.48601497897156,
51.8843008419983));
#1093=CARTESIAN_POINT('Ctrl Pts',(-0.462600768274657,-7.48958747069415,
51.8468838303476));
#1094=CARTESIAN_POINT('Ctrl Pts',(-0.40327736150629,-7.49247420062819,51.8028511279818));
#1095=CARTESIAN_POINT('Ctrl Pts',(-0.357519771826793,-7.49470080579187,
51.7688876313269));
#1096=CARTESIAN_POINT('Ctrl Pts',(-0.314629254150168,-7.49652109666709,
51.7309881870887));
#1097=CARTESIAN_POINT('Ctrl Pts',(-0.275122302817279,-7.49803827298622,
51.6895071272016));
#1098=CARTESIAN_POINT('Ctrl Pts',(-0.224395660515785,-7.49998631650394,
51.636245743668));
#1099=CARTESIAN_POINT('Ctrl Pts',(-0.179816832634113,-7.50141691168063,
51.5776756656016));
#1100=CARTESIAN_POINT('Ctrl Pts',(-0.142106108246761,-7.50257157476821,
51.5149223422803));
#1101=CARTESIAN_POINT('Ctrl Pts',(-0.112351602889093,-7.50348262671917,
51.4654087324171));
#1102=CARTESIAN_POINT('Ctrl Pts',(-0.0868725766915421,-7.5042217442854,
51.4132908343299));
#1103=CARTESIAN_POINT('Ctrl Pts',(-0.0660198415762057,-7.50488435235883,
51.3591214753512));
#1104=CARTESIAN_POINT('Ctrl Pts',(-0.0439513323563308,-7.50558559237828,
51.3017938877977));
#1105=CARTESIAN_POINT('Ctrl Pts',(-0.0272669191319757,-7.50619653993457,
51.2426931790831));
#1106=CARTESIAN_POINT('Ctrl Pts',(-0.0160996860465032,-7.5067931526097,
51.1825846340528));
#1107=CARTESIAN_POINT('Ctrl Pts',(-0.0049324529610308,-7.50738976528484,
51.1224760890226));
#1108=CARTESIAN_POINT('Ctrl Pts',(0.000717669082455513,-7.5079723403123,
51.0613597076766));
#1109=CARTESIAN_POINT('Ctrl Pts',(0.000717873290688953,-7.50856234415391,
51.0000007748604));
#1110=CARTESIAN_POINT('Ctrl Pts',(-8.5,-9.10831056865844E-16,52.));
#1111=CARTESIAN_POINT('Ctrl Pts',(-8.5,-1.11264739814639,52.));
#1112=CARTESIAN_POINT('Ctrl Pts',(-8.21540111640316,-2.22533346917333,52.));
#1113=CARTESIAN_POINT('Ctrl Pts',(-7.66937382719368,-3.23300161702209,52.));
#1114=CARTESIAN_POINT('Ctrl Pts',(-7.1233465379842,-4.24066976487085,52.));
#1115=CARTESIAN_POINT('Ctrl Pts',(-6.31589084316207,-5.14331998954144,52.));
#1116=CARTESIAN_POINT('Ctrl Pts',(-5.32255419225263,-5.84735508641158,52.));
#1117=CARTESIAN_POINT('Ctrl Pts',(-4.32921754134319,-6.55139018328172,52.));
#1118=CARTESIAN_POINT('Ctrl Pts',(-3.14999993434643,-7.05681015235141,52.));
#1119=CARTESIAN_POINT('Ctrl Pts',(-1.9031990533774,-7.30948983706566,52.));
#1120=CARTESIAN_POINT('Ctrl Pts',(-1.60527798866437,-7.36986724122895,52.));
#1121=CARTESIAN_POINT('Ctrl Pts',(-1.30349816678946,-7.41581410178242,52.));
#1122=CARTESIAN_POINT('Ctrl Pts',(-0.999712183498301,-7.44732960814459,
52.));
#1123=CARTESIAN_POINT('Origin',(0.,0.,0.));
#1124=CARTESIAN_POINT('Origin',(-1.,4.14014116757202E-17,51.));
#1125=CARTESIAN_POINT('',(-1.,4.14014116757202E-17,52.));
#1126=CARTESIAN_POINT('',(1.84889274661175E-31,0.,51.0000007748604));
#1127=CARTESIAN_POINT('Origin',(-0.772727272727272,8.28028233514404E-17,
52.));
#1128=CARTESIAN_POINT('Origin',(10.5689831624178,0.,40.4310176124426));
#1129=CARTESIAN_POINT('',(5.5,1.77856329801667E-16,45.5000007748604));
#1130=CARTESIAN_POINT('Origin',(4.25,2.47754799082476E-17,46.7500007748604));
#1131=CARTESIAN_POINT('Origin',(0.,0.,1.));
#1132=CARTESIAN_POINT('',(5.5,-1.28305369985172E-16,6.49999999999999));
#1133=CARTESIAN_POINT('Origin',(4.25,2.47754799082476E-17,5.24999999999999));
#1134=CARTESIAN_POINT('Origin',(4.25,2.47754799082476E-17,52.));
#1135=CARTESIAN_POINT('',(5.5,-1.28305369985172E-16,52.));
#1136=CARTESIAN_POINT('Origin',(0.,0.,0.));
#1137=CARTESIAN_POINT('',(0.,0.,0.));
#1138=CARTESIAN_POINT('Origin',(-4.49999999993444,2.89285527710842,93.));
#1139=CARTESIAN_POINT('',(-2.49999999993444,2.89285527710842,93.));
#1140=CARTESIAN_POINT('Origin',(-4.49999999993444,2.89285527710842,93.));
#1141=CARTESIAN_POINT('',(-2.49999999993444,2.89285527710842,53.));
#1142=CARTESIAN_POINT('',(-2.49999999993444,2.89285527710842,93.));
#1143=CARTESIAN_POINT('Origin',(-4.49999999993444,2.89285527710842,53.));
#1144=CARTESIAN_POINT('Origin',(-4.49999999995468,-2.89285527713291,93.));
#1145=CARTESIAN_POINT('',(-2.49999999995468,-2.89285527713291,93.));
#1146=CARTESIAN_POINT('Origin',(-4.49999999995468,-2.89285527713291,93.));
#1147=CARTESIAN_POINT('',(-2.49999999995468,-2.89285527713291,53.));
#1148=CARTESIAN_POINT('',(-2.49999999995468,-2.89285527713291,93.));
#1149=CARTESIAN_POINT('Origin',(-4.49999999995468,-2.89285527713291,53.));
#1150=CARTESIAN_POINT('Origin',(-1.,-1.03373777356162E-5,54.));
#1151=CARTESIAN_POINT('',(-6.16297582203915E-32,-7.48749999012798,54.0000007897615));
#1152=CARTESIAN_POINT('',(-0.999999999852407,-7.44787133719908,53.));
#1153=CARTESIAN_POINT('Ctrl Pts',(-0.000537581705455592,-7.48696445944052,
54.0000007897615));
#1154=CARTESIAN_POINT('Ctrl Pts',(-0.000537542079253426,-7.48754575096086,
53.953501165391));
#1155=CARTESIAN_POINT('Ctrl Pts',(-0.00377949231803404,-7.48812917218363,
53.9069573687007));
#1156=CARTESIAN_POINT('Ctrl Pts',(-0.0102820981958918,-7.48870063826806,
53.8607103724658));
#1157=CARTESIAN_POINT('Ctrl Pts',(-0.0190970676672742,-7.48947532093878,
53.798017681626));
#1158=CARTESIAN_POINT('Ctrl Pts',(-0.0338227749259706,-7.49022273090587,
53.7364456705597));
#1159=CARTESIAN_POINT('Ctrl Pts',(-0.0541870412497862,-7.49085520724551,
53.6767996693702));
#1160=CARTESIAN_POINT('Ctrl Pts',(-0.0745513075736019,-7.49148768358514,
53.6171536681808));
#1161=CARTESIAN_POINT('Ctrl Pts',(-0.100554299996582,-7.49200458742974,
53.5594336768681));
#1162=CARTESIAN_POINT('Ctrl Pts',(-0.131920645013994,-7.49226611150018,
53.5044450255353));
#1163=CARTESIAN_POINT('Ctrl Pts',(-0.173940261526426,-7.49261645965654,
53.4307800180167));
#1164=CARTESIAN_POINT('Ctrl Pts',(-0.225060100293871,-7.49250188536787,
53.3629361267569));
#1165=CARTESIAN_POINT('Ctrl Pts',(-0.283941117759509,-7.49153435383774,
53.3024506562488));
#1166=CARTESIAN_POINT('Ctrl Pts',(-0.317409862816053,-7.49098439618568,
53.2680699189722));
#1167=CARTESIAN_POINT('Ctrl Pts',(-0.353385798299316,-7.49015772561151,
53.2360666397408));
#1168=CARTESIAN_POINT('Ctrl Pts',(-0.39161938268534,-7.48897954224512,53.2067231454569));
#1169=CARTESIAN_POINT('Ctrl Pts',(-0.446435408684817,-7.48729036423365,
53.1646529662831));
#1170=CARTESIAN_POINT('Ctrl Pts',(-0.505328785107737,-7.48489257069277,
53.1284804923295));
#1171=CARTESIAN_POINT('Ctrl Pts',(-0.567320868921281,-7.48162987948556,
53.0986918643604));
#1172=CARTESIAN_POINT('Ctrl Pts',(-0.609950756910581,-7.4793862355854,53.0782072186514));
#1173=CARTESIAN_POINT('Ctrl Pts',(-0.654045760384919,-7.47673432985794,
53.0607414005549));
#1174=CARTESIAN_POINT('Ctrl Pts',(-0.69928570755909,-7.47363787579778,53.04645249698));
#1175=CARTESIAN_POINT('Ctrl Pts',(-0.757247563861981,-7.46967066901497,
53.0281454160159));
#1176=CARTESIAN_POINT('Ctrl Pts',(-0.816611769819006,-7.46500409331378,
53.0152035196874));
#1177=CARTESIAN_POINT('Ctrl Pts',(-0.876639745916614,-7.4596353578394,53.0077085167751));
#1178=CARTESIAN_POINT('Ctrl Pts',(-0.917728469979679,-7.4559604964695,53.0025782404184));
#1179=CARTESIAN_POINT('Ctrl Pts',(-0.959128192220852,-7.45195767030826,
52.9999999999991));
#1180=CARTESIAN_POINT('Ctrl Pts',(-1.0006029889503,-7.44764012034646,53.));
#1181=CARTESIAN_POINT('',(-0.999999999988894,7.44787133717051,53.));
#1182=CARTESIAN_POINT('',(-1.,-1.03373777356162E-5,53.));
#1183=CARTESIAN_POINT('',(-6.16297582203915E-32,7.48749999012798,54.0000007897615));
#1184=CARTESIAN_POINT('Ctrl Pts',(-0.998947877951678,7.44797039558782,53.));
#1185=CARTESIAN_POINT('Ctrl Pts',(-0.953162660792693,7.45273437364385,53.000000000001));
#1186=CARTESIAN_POINT('Ctrl Pts',(-0.907400117779265,7.45712139546694,53.0031446720208));
#1187=CARTESIAN_POINT('Ctrl Pts',(-0.861981666753954,7.46111094252359,53.0094272721232));
#1188=CARTESIAN_POINT('Ctrl Pts',(-0.799664219196834,7.4665848938334,53.0180474604733));
#1189=CARTESIAN_POINT('Ctrl Pts',(-0.738363663450371,7.47127631653581,53.032522783341));
#1190=CARTESIAN_POINT('Ctrl Pts',(-0.678881659132161,7.47521041607599,53.0526367866585));
#1191=CARTESIAN_POINT('Ctrl Pts',(-0.637658249434564,7.47793690451556,53.0665765959995));
#1192=CARTESIAN_POINT('Ctrl Pts',(-0.597308357380546,7.48030089150092,53.0832246887924));
#1193=CARTESIAN_POINT('Ctrl Pts',(-0.558098616766326,7.48232533082747,53.1025090139232));
#1194=CARTESIAN_POINT('Ctrl Pts',(-0.489121992697751,7.48588666503141,53.136433432298));
#1195=CARTESIAN_POINT('Ctrl Pts',(-0.424395999945555,7.4883583528604,53.1781505622641));
#1196=CARTESIAN_POINT('Ctrl Pts',(-0.365158054464846,7.48998816613855,53.226758342383));
#1197=CARTESIAN_POINT('Ctrl Pts',(-0.328917584132098,7.49098525000558,53.2564955116762));
#1198=CARTESIAN_POINT('Ctrl Pts',(-0.294730845755188,7.491668468562,53.288811660387));
#1199=CARTESIAN_POINT('Ctrl Pts',(-0.262878231559482,7.49210119728061,53.3235002421148));
#1200=CARTESIAN_POINT('Ctrl Pts',(-0.214148867561563,7.49276320244953,53.3765681791827));
#1201=CARTESIAN_POINT('Ctrl Pts',(-0.17140680151587,7.492835353593,53.4346224057209));
#1202=CARTESIAN_POINT('Ctrl Pts',(-0.135311324921496,7.49256730141152,53.4965900664771));
#1203=CARTESIAN_POINT('Ctrl Pts',(-0.105205576097801,7.49234373013864,53.5482747374092));
#1204=CARTESIAN_POINT('Ctrl Pts',(-0.0797232095447525,7.49188352881417,
53.6026818046356));
#1205=CARTESIAN_POINT('Ctrl Pts',(-0.059241345649695,7.49130392996947,53.6591887800009));
#1206=CARTESIAN_POINT('Ctrl Pts',(-0.0386031047181995,7.49071990594403,
53.7161271806208));
#1207=CARTESIAN_POINT('Ctrl Pts',(-0.023228643203804,7.49002133605812,53.7746851712819));
#1208=CARTESIAN_POINT('Ctrl Pts',(-0.0132312712654454,7.48929271667218,
53.8341268599053));
#1209=CARTESIAN_POINT('Ctrl Pts',(-0.0040257493089218,7.48862180817778,
53.8888604211982));
#1210=CARTESIAN_POINT('Ctrl Pts',(0.000620823793537032,7.48792505093488,
53.9443432363538));
#1211=CARTESIAN_POINT('Ctrl Pts',(0.000620855861225955,7.48722929372197,
54.0000007897615));
#1212=CARTESIAN_POINT('',(-6.16297582203915E-32,0.,54.0000007897615));
#1213=CARTESIAN_POINT('Ctrl Pts',(-8.,-8.41944674413805E-16,93.));
#1214=CARTESIAN_POINT('Ctrl Pts',(-8.16666666666667,-8.64906801897818E-16,
79.6666666666667));
#1215=CARTESIAN_POINT('Ctrl Pts',(-8.33333333333333,-8.87868929381831E-16,
66.3333333333333));
#1216=CARTESIAN_POINT('Ctrl Pts',(-8.5,-9.10831056865844E-16,53.));
#1217=CARTESIAN_POINT('Ctrl Pts',(-8.,-1.02849759492523,93.));
#1218=CARTESIAN_POINT('Ctrl Pts',(-8.16688567321175,-1.05657087663662,79.6666666666667));
#1219=CARTESIAN_POINT('Ctrl Pts',(-8.33311432678825,-1.08457411643499,66.3333333333334));
#1220=CARTESIAN_POINT('Ctrl Pts',(-8.5,-1.11264739814639,53.));
#1221=CARTESIAN_POINT('Ctrl Pts',(-7.47301003853837,-3.09029865889992,93.));
#1222=CARTESIAN_POINT('Ctrl Pts',(-7.62454328003753,-3.17418401558273,79.6666666666667));
#1223=CARTESIAN_POINT('Ctrl Pts',(-7.77627050033705,-3.25816742255386,66.3333333333333));
#1224=CARTESIAN_POINT('Ctrl Pts',(-7.92780374183621,-3.34205277923668,53.));
#1225=CARTESIAN_POINT('Ctrl Pts',(-5.21644076157112,-5.62217205052886,93.));
#1226=CARTESIAN_POINT('Ctrl Pts',(-5.31477158852182,-5.76323231043429,79.6666666666667));
#1227=CARTESIAN_POINT('Ctrl Pts',(-5.41283646601748,-5.90420672819632,66.3333333333334));
#1228=CARTESIAN_POINT('Ctrl Pts',(-5.51116729296818,-6.04526698810175,53.));
#1229=CARTESIAN_POINT('Ctrl Pts',(-1.86737933922275,-7.05916036435194,93.));
#1230=CARTESIAN_POINT('Ctrl Pts',(-1.90078230785074,-7.22694471656785,79.6666666666667));
#1231=CARTESIAN_POINT('Ctrl Pts',(-1.93434153037653,-7.3947504712442,66.3333333333333));
#1232=CARTESIAN_POINT('Ctrl Pts',(-1.96774449900451,-7.56253482346011,53.));
#1233=CARTESIAN_POINT('Ctrl Pts',(1.86650843466236,-7.0595086236418,93.));
#1234=CARTESIAN_POINT('Ctrl Pts',(1.89987731185504,-7.22731322084071,79.6666666666667));
#1235=CARTESIAN_POINT('Ctrl Pts',(1.93339404760233,-7.39510421945005,66.3333333333333));
#1236=CARTESIAN_POINT('Ctrl Pts',(1.966762924795,-7.56290881664896,53.));
#1237=CARTESIAN_POINT('Ctrl Pts',(5.21476922312784,-5.62075391107676,93.));
#1238=CARTESIAN_POINT('Ctrl Pts',(5.31321364509676,-5.76177697099909,79.6666666666667));
#1239=CARTESIAN_POINT('Ctrl Pts',(5.41127932466039,-5.90284823650566,66.3333333333333));
#1240=CARTESIAN_POINT('Ctrl Pts',(5.50972374662932,-6.04387129642799,53.));
#1241=CARTESIAN_POINT('Ctrl Pts',(7.22136169500597,-3.37037260079216,93.));
#1242=CARTESIAN_POINT('Ctrl Pts',(7.36677493863105,-3.46067625424607,79.6666666666667));
#1243=CARTESIAN_POINT('Ctrl Pts',(7.51241866394476,-3.55101837324035,66.3333333333333));
#1244=CARTESIAN_POINT('Ctrl Pts',(7.65783190756984,-3.64132202669426,53.));
#1245=CARTESIAN_POINT('Ctrl Pts',(8.26136543710012,-0.371507625905758,93.));
#1246=CARTESIAN_POINT('Ctrl Pts',(8.43545407316855,-0.382352312759623,79.6666666666667));
#1247=CARTESIAN_POINT('Ctrl Pts',(8.60889067294898,-0.393494526301978,66.3333333333334));
#1248=CARTESIAN_POINT('Ctrl Pts',(8.78297930901741,-0.404339213155842,53.));
#1249=CARTESIAN_POINT('Ctrl Pts',(7.7887430599559,2.45238272843681,93.));
#1250=CARTESIAN_POINT('Ctrl Pts',(7.94872222626275,2.52015849633661,79.6666666666667));
#1251=CARTESIAN_POINT('Ctrl Pts',(8.10896336964399,2.58797898178197,66.3333333333333));
#1252=CARTESIAN_POINT('Ctrl Pts',(8.26894253595084,2.65575474968176,53.));
#1253=CARTESIAN_POINT('Ctrl Pts',(5.99618984477326,4.7885868966502,93.));
#1254=CARTESIAN_POINT('Ctrl Pts',(6.11258505171209,4.91112972407279,79.6666666666667));
#1255=CARTESIAN_POINT('Ctrl Pts',(6.22931452876,5.03373973981906,66.3333333333334));
#1256=CARTESIAN_POINT('Ctrl Pts',(6.34570973569882,5.15628256724165,53.));
#1257=CARTESIAN_POINT('Ctrl Pts',(4.11007585218767,6.12915690339672,93.));
#1258=CARTESIAN_POINT('Ctrl Pts',(4.18685145181528,6.2796254853358,79.6666666666667));
#1259=CARTESIAN_POINT('Ctrl Pts',(4.26372109345529,6.430101314758,66.3333333333333));
#1260=CARTESIAN_POINT('Ctrl Pts',(4.34049669308291,6.58056989669709,53.));
#1261=CARTESIAN_POINT('Ctrl Pts',(1.45168606340234,7.05941679945089,93.));
#1262=CARTESIAN_POINT('Ctrl Pts',(1.47765248144102,7.22720546310988,79.6666666666667));
#1263=CARTESIAN_POINT('Ctrl Pts',(1.50392703072463,7.39503054460321,66.3333333333334));
#1264=CARTESIAN_POINT('Ctrl Pts',(1.5298934487633,7.5628192082622,53.));
#1265=CARTESIAN_POINT('Ctrl Pts',(-1.8662138044638,7.05966405041523,93.));
#1266=CARTESIAN_POINT('Ctrl Pts',(-1.8996479162465,7.2274481769577,79.6666666666667));
#1267=CARTESIAN_POINT('Ctrl Pts',(-1.93304152011475,7.39529873597163,66.3333333333333));
#1268=CARTESIAN_POINT('Ctrl Pts',(-1.96647563189746,7.5630828625141,53.));
#1269=CARTESIAN_POINT('Ctrl Pts',(-5.21430619331172,5.62145315798815,93.));
#1270=CARTESIAN_POINT('Ctrl Pts',(-5.31260070645583,5.76252364651981,79.6666666666667));
#1271=CARTESIAN_POINT('Ctrl Pts',(-5.41058990594772,5.90359940591158,66.3333333333334));
#1272=CARTESIAN_POINT('Ctrl Pts',(-5.50888441909184,6.04466989444324,53.));
#1273=CARTESIAN_POINT('Ctrl Pts',(-7.47430093213844,3.08827248303358,93.));
#1274=CARTESIAN_POINT('Ctrl Pts',(-7.6258871521858,3.17211605741157,79.6666666666667));
#1275=CARTESIAN_POINT('Ctrl Pts',(-7.77759160222406,3.25604396594706,66.3333333333333));
#1276=CARTESIAN_POINT('Ctrl Pts',(-7.92917782227141,3.33988754032505,53.));
#1277=CARTESIAN_POINT('Ctrl Pts',(-8.,1.02849759492523,93.));
#1278=CARTESIAN_POINT('Ctrl Pts',(-8.16685842952842,1.05658867718331,79.6666666666667));
#1279=CARTESIAN_POINT('Ctrl Pts',(-8.33314157047158,1.08455631588831,66.3333333333333));
#1280=CARTESIAN_POINT('Ctrl Pts',(-8.5,1.11264739814639,53.));
#1281=CARTESIAN_POINT('Ctrl Pts',(-8.,8.41944674413805E-16,93.));
#1282=CARTESIAN_POINT('Ctrl Pts',(-8.16666666666667,8.64906801897818E-16,
79.6666666666667));
#1283=CARTESIAN_POINT('Ctrl Pts',(-8.33333333333333,8.87868929381831E-16,
66.3333333333333));
#1284=CARTESIAN_POINT('Ctrl Pts',(-8.5,9.10831056865844E-16,53.));
#1285=CARTESIAN_POINT('Ctrl Pts',(4.71844785465692E-15,-7.48749999012798,
54.0000007897615));
#1286=CARTESIAN_POINT('Ctrl Pts',(1.26496770517658,-7.47168789381327,55.2649684949382));
#1287=CARTESIAN_POINT('Ctrl Pts',(2.54898292181177,-7.20621517769899,56.5489837115734));
#1288=CARTESIAN_POINT('Ctrl Pts',(4.63724715582792,-6.26571237001343,58.6372479455897));
#1289=CARTESIAN_POINT('Ctrl Pts',(5.51275917123021,-5.69631322488964,59.512759960992));
#1290=CARTESIAN_POINT('Ctrl Pts',(6.77552679530997,-4.42792260647848,60.7755275850718));
#1291=CARTESIAN_POINT('Ctrl Pts',(7.23835036086899,-3.826037703746,61.2383511506309));
#1292=CARTESIAN_POINT('Ctrl Pts',(7.88119681955345,-2.59650775698964,61.8811976093154));
#1293=CARTESIAN_POINT('Ctrl Pts',(8.10111463491558,-2.0130971258093,62.1011154246779));
#1294=CARTESIAN_POINT('Ctrl Pts',(8.36212091556214,-0.793965669538657,62.3621217053245));
#1295=CARTESIAN_POINT('Ctrl Pts',(8.40873648271433,-0.186077322543019,62.4087372724218));
#1296=CARTESIAN_POINT('Ctrl Pts',(8.32535134639225,1.09526198095802,62.3253521360997));
#1297=CARTESIAN_POINT('Ctrl Pts',(8.18168929649592,1.73301866591829,62.1816900862578));
#1298=CARTESIAN_POINT('Ctrl Pts',(7.67289597522034,3.09976998888934,61.6728967649822));
#1299=CARTESIAN_POINT('Ctrl Pts',(7.26356005012588,3.77577642642365,61.2635608398878));
#1300=CARTESIAN_POINT('Ctrl Pts',(6.14698707595837,5.15102889251252,60.1469878657202));
#1301=CARTESIAN_POINT('Ctrl Pts',(5.32450648063496,5.83148246298789,59.3245072703968));
#1302=CARTESIAN_POINT('Ctrl Pts',(3.05891141834958,7.07673738029295,57.0589122081113));
#1303=CARTESIAN_POINT('Ctrl Pts',(1.54604233909086,7.46817446088934,55.5460431288525));
#1304=CARTESIAN_POINT('Ctrl Pts',(1.66533453693773E-15,7.48749999012798,
54.0000007897615));
#1305=CARTESIAN_POINT('',(-8.5,-9.10830939445902E-16,53.));
#1306=CARTESIAN_POINT('Ctrl Pts',(-0.998947877961477,7.4479703955868,53.));
#1307=CARTESIAN_POINT('Ctrl Pts',(-1.30228005493067,7.41640850892436,53.));
#1308=CARTESIAN_POINT('Ctrl Pts',(-1.60365353992811,7.37040929989923,53.));
#1309=CARTESIAN_POINT('Ctrl Pts',(-1.90130789380596,7.30996459933006,53.));
#1310=CARTESIAN_POINT('Ctrl Pts',(-3.14727856096225,7.05694520649048,53.));
#1311=CARTESIAN_POINT('Ctrl Pts',(-4.32808149002704,6.55080755046686,53.));
#1312=CARTESIAN_POINT('Ctrl Pts',(-5.3218651884227,5.84694166343535,53.));
#1313=CARTESIAN_POINT('Ctrl Pts',(-6.31564888681836,5.14307577640385,53.));
#1314=CARTESIAN_POINT('Ctrl Pts',(-7.12241335454489,4.24148165836445,53.));
#1315=CARTESIAN_POINT('Ctrl Pts',(-7.6685011328403,3.23387456380008,53.));
#1316=CARTESIAN_POINT('Ctrl Pts',(-8.21458891113571,2.22626746923572,53.));
#1317=CARTESIAN_POINT('Ctrl Pts',(-8.5,1.11264739814639,53.));
#1318=CARTESIAN_POINT('Ctrl Pts',(-8.5,1.11022302462516E-15,53.));
#1319=CARTESIAN_POINT('',(-8.,-8.41944674413805E-16,93.));
#1320=CARTESIAN_POINT('',(-8.,-8.41944674413805E-16,93.));
#1321=CARTESIAN_POINT('',(-0.999999999999997,6.94499079231823,93.));
#1322=CARTESIAN_POINT('Ctrl Pts',(-0.999136990162912,6.94507175167132,93.));
#1323=CARTESIAN_POINT('Ctrl Pts',(-1.2690705939748,6.915429652111,93.));
#1324=CARTESIAN_POINT('Ctrl Pts',(-1.53721156684066,6.87371326683842,93.));
#1325=CARTESIAN_POINT('Ctrl Pts',(-1.80212297738021,6.8199158754549,93.));
#1326=CARTESIAN_POINT('Ctrl Pts',(-2.98224460074644,6.58026041960621,93.));
#1327=CARTESIAN_POINT('Ctrl Pts',(-4.09827539702908,6.10085678879718,93.));
#1328=CARTESIAN_POINT('Ctrl Pts',(-5.03295658497485,5.43895819423357,93.));
#1329=CARTESIAN_POINT('Ctrl Pts',(-5.96763777292063,4.77705959966996,93.));
#1330=CARTESIAN_POINT('Ctrl Pts',(-6.72096935252954,3.93266604135177,93.));
#1331=CARTESIAN_POINT('Ctrl Pts',(-7.22905990929938,2.99552554016559,93.));
#1332=CARTESIAN_POINT('Ctrl Pts',(-7.73715046606922,2.05838503897941,93.));
#1333=CARTESIAN_POINT('Ctrl Pts',(-8.,1.02849759492523,93.));
#1334=CARTESIAN_POINT('Ctrl Pts',(-8.,5.55111512312578E-16,93.));
#1335=CARTESIAN_POINT('',(4.31408307542741E-31,7.0124999826774,92.000001385808));
#1336=CARTESIAN_POINT('Ctrl Pts',(0.000472343676842346,7.01216277616117,
92.000001385808));
#1337=CARTESIAN_POINT('Ctrl Pts',(0.000472357544543131,7.01169950603509,
92.0370609826048));
#1338=CARTESIAN_POINT('Ctrl Pts',(-0.00158769777937447,7.01123635312428,
92.07416342108));
#1339=CARTESIAN_POINT('Ctrl Pts',(-0.00572215983579771,7.01077129444512,
92.1111367694993));
#1340=CARTESIAN_POINT('Ctrl Pts',(-0.0128080330474176,7.00997425076894,
92.1745037699778));
#1341=CARTESIAN_POINT('Ctrl Pts',(-0.0259213457284903,7.00918237008324,
92.2369003705936));
#1342=CARTESIAN_POINT('Ctrl Pts',(-0.0448018334874667,7.00833171047994,
92.2974973421215));
#1343=CARTESIAN_POINT('Ctrl Pts',(-0.0636823212464431,7.00748105087664,
92.3580943136493));
#1344=CARTESIAN_POINT('Ctrl Pts',(-0.0883301233994026,7.00657096997443,
92.4168916560893));
#1345=CARTESIAN_POINT('Ctrl Pts',(-0.118483635415262,7.00547879160094,92.4730601402163));
#1346=CARTESIAN_POINT('Ctrl Pts',(-0.156800905275183,7.00409091699947,92.5444356722864));
#1347=CARTESIAN_POINT('Ctrl Pts',(-0.203546905256007,7.00242348244932,92.6107075513532));
#1348=CARTESIAN_POINT('Ctrl Pts',(-0.257574521806214,7.00015982978554,92.6705102984363));
#1349=CARTESIAN_POINT('Ctrl Pts',(-0.292252422508563,6.9987068928005,92.7088949960687));
#1350=CARTESIAN_POINT('Ctrl Pts',(-0.329929994161168,6.99700686760783,92.7446145539227));
#1351=CARTESIAN_POINT('Ctrl Pts',(-0.37030089116241,6.99496921965874,92.7773078981884));
#1352=CARTESIAN_POINT('Ctrl Pts',(-0.424715011459805,6.99222276543402,92.8213737897079));
#1353=CARTESIAN_POINT('Ctrl Pts',(-0.483442412612503,6.98888849727944,92.8594817117053));
#1354=CARTESIAN_POINT('Ctrl Pts',(-0.545494682715751,6.98479968075923,92.8911055570425));
#1355=CARTESIAN_POINT('Ctrl Pts',(-0.589755028663016,6.98188322929987,92.9136620619451));
#1356=CARTESIAN_POINT('Ctrl Pts',(-0.635706770039549,6.9785835399344,92.9329197181228));
#1357=CARTESIAN_POINT('Ctrl Pts',(-0.682989762282636,6.97485667591218,92.9486876081437));
#1358=CARTESIAN_POINT('Ctrl Pts',(-0.73990215081914,6.97037081909152,92.9676667006396));
#1359=CARTESIAN_POINT('Ctrl Pts',(-0.798266099523133,6.965301490344,92.9814326494252));
#1360=CARTESIAN_POINT('Ctrl Pts',(-0.857369334097881,6.95964156516622,92.9898991038871));
#1361=CARTESIAN_POINT('Ctrl Pts',(-0.904277588250084,6.95514947246381,92.996618644713));
#1362=CARTESIAN_POINT('Ctrl Pts',(-0.951651504293423,6.95028625434869,92.9999999999991));
#1363=CARTESIAN_POINT('Ctrl Pts',(-0.999136990143803,6.94507175167342,93.));
#1364=CARTESIAN_POINT('',(4.31408307542741E-31,-7.0124999826774,92.000001385808));
#1365=CARTESIAN_POINT('Ctrl Pts',(3.88578058618805E-15,7.0124999826774,
92.000001385808));
#1366=CARTESIAN_POINT('Ctrl Pts',(1.3504674052284,7.02938082524277,90.6495339805786));
#1367=CARTESIAN_POINT('Ctrl Pts',(2.68448874749647,6.74688290623152,89.3155126383095));
#1368=CARTESIAN_POINT('Ctrl Pts',(4.70041134149582,5.80431503320231,87.2995900443086));
#1369=CARTESIAN_POINT('Ctrl Pts',(5.50539612569038,5.26634119370185,86.4946052601134));
#1370=CARTESIAN_POINT('Ctrl Pts',(6.66345089531696,4.07541020715762,85.336550490486));
#1371=CARTESIAN_POINT('Ctrl Pts',(7.08674909219489,3.51167682494856,84.9132522936077));
#1372=CARTESIAN_POINT('Ctrl Pts',(7.67273485273284,2.36046405121735,84.3272665330693));
#1373=CARTESIAN_POINT('Ctrl Pts',(7.87178420909343,1.81365321375366,84.1282171767087));
#1374=CARTESIAN_POINT('Ctrl Pts',(8.10330819358045,0.669726316354144,83.8966931922215));
#1375=CARTESIAN_POINT('Ctrl Pts',(8.14001159992536,0.0988911731468937,83.8599897858195));
#1376=CARTESIAN_POINT('Ctrl Pts',(8.04683776273734,-1.10378947780803,83.9531636230076));
#1377=CARTESIAN_POINT('Ctrl Pts',(7.90357372543242,-1.70177833337268,84.0964276603696));
#1378=CARTESIAN_POINT('Ctrl Pts',(7.40567351491242,-2.98590367132798,84.5943278708899));
#1379=CARTESIAN_POINT('Ctrl Pts',(7.00750366265042,-3.62067448258734,84.9924977231523));
#1380=CARTESIAN_POINT('Ctrl Pts',(5.92250233715361,-4.91292582740359,86.0774990486499));
#1381=CARTESIAN_POINT('Ctrl Pts',(5.12194855331417,-5.5494439009797,86.8780528324899));
#1382=CARTESIAN_POINT('Ctrl Pts',(2.92938093694843,-6.69193693118148,89.0706204488574));
#1383=CARTESIAN_POINT('Ctrl Pts',(1.47582407745564,-7.03094778364561,90.5241773083512));
#1384=CARTESIAN_POINT('Ctrl Pts',(-1.38777878078145E-16,-7.0124999826774,
92.000001385808));
#1385=CARTESIAN_POINT('',(-0.999999999778246,-6.94499079236721,93.));
#1386=CARTESIAN_POINT('Ctrl Pts',(-1.00062007663882,-6.94477809889104,93.));
#1387=CARTESIAN_POINT('Ctrl Pts',(-0.980760684077351,-6.94695948230567,
92.9999999999997));
#1388=CARTESIAN_POINT('Ctrl Pts',(-0.960899289611715,-6.94908210666986,
92.999408762532));
#1389=CARTESIAN_POINT('Ctrl Pts',(-0.941062104314405,-6.95114363828076,
92.9982259164755));
#1390=CARTESIAN_POINT('Ctrl Pts',(-0.88049784874466,-6.95743763238711,92.9946146082286));
#1391=CARTESIAN_POINT('Ctrl Pts',(-0.820442918162912,-6.96312860295799,
92.9855071196628));
#1392=CARTESIAN_POINT('Ctrl Pts',(-0.76162856284656,-6.96820458665696,92.9710405141733));
#1393=CARTESIAN_POINT('Ctrl Pts',(-0.71506046514163,-6.97222365485164,92.9595861286875));
#1394=CARTESIAN_POINT('Ctrl Pts',(-0.66927026656451,-6.97585836413804,92.9447720196364));
#1395=CARTESIAN_POINT('Ctrl Pts',(-0.624622171780415,-6.97912585327894,
92.9266662227352));
#1396=CARTESIAN_POINT('Ctrl Pts',(-0.556534173781865,-6.98410874885737,
92.8990550229936));
#1397=CARTESIAN_POINT('Ctrl Pts',(-0.49180089882271,-6.98818490277348,92.8640707430341));
#1398=CARTESIAN_POINT('Ctrl Pts',(-0.431556366096136,-6.99153386937841,
92.8224025165944));
#1399=CARTESIAN_POINT('Ctrl Pts',(-0.393222335609233,-6.99366484097239,
92.7958887237175));
#1400=CARTESIAN_POINT('Ctrl Pts',(-0.356705615407961,-6.99550284159612,
92.7666686887082));
#1401=CARTESIAN_POINT('Ctrl Pts',(-0.322296680839704,-6.99710455421696,
92.7349199547663));
#1402=CARTESIAN_POINT('Ctrl Pts',(-0.264872056586221,-6.99977763161874,
92.6819349048071));
#1403=CARTESIAN_POINT('Ctrl Pts',(-0.213986025078454,-7.00176547785345,
92.6225194763943));
#1404=CARTESIAN_POINT('Ctrl Pts',(-0.170586557366001,-7.00337518919127,
92.5579649712565));
#1405=CARTESIAN_POINT('Ctrl Pts',(-0.140545942995529,-7.0044894129386,92.5132810823302));
#1406=CARTESIAN_POINT('Ctrl Pts',(-0.114091990904873,-7.00542221057966,
92.4661349333678));
#1407=CARTESIAN_POINT('Ctrl Pts',(-0.0915361819348623,-7.00626038343797,
92.4169547779021));
#1408=CARTESIAN_POINT('Ctrl Pts',(-0.0658664004643393,-7.00721427137592,
92.3609849900232));
#1409=CARTESIAN_POINT('Ctrl Pts',(-0.0454836732595387,-7.0080391302338,
92.302899333622));
#1410=CARTESIAN_POINT('Ctrl Pts',(-0.0305681526467763,-7.00883112532327,
92.2434590774228));
#1411=CARTESIAN_POINT('Ctrl Pts',(-0.0160867516671154,-7.00960006921482,
92.1857488434523));
#1412=CARTESIAN_POINT('Ctrl Pts',(-0.00675884588707729,-7.0103381661364,
92.1267617140558));
#1413=CARTESIAN_POINT('Ctrl Pts',(-0.00274872812962679,-7.01108386087966,
92.067194403133));
#1414=CARTESIAN_POINT('Ctrl Pts',(-0.00201497624933793,-7.01122030448383,
92.0562950657476));
#1415=CARTESIAN_POINT('Ctrl Pts',(-0.00145926360171712,-7.01135686202083,
92.0453763039406));
#1416=CARTESIAN_POINT('Ctrl Pts',(-0.0010825972324362,-7.01149357682768,
92.0344423857743));
#1417=CARTESIAN_POINT('Ctrl Pts',(-0.000686954134554748,-7.01163717942701,
92.0229576087725));
#1418=CARTESIAN_POINT('Ctrl Pts',(-0.000489545032535797,-7.01178071255473,
92.0114756009538));
#1419=CARTESIAN_POINT('Ctrl Pts',(-0.000489534010952086,-7.01192415164814,
92.000001385808));
#1420=CARTESIAN_POINT('Ctrl Pts',(-8.,-8.41944674413805E-16,93.));
#1421=CARTESIAN_POINT('Ctrl Pts',(-8.,-1.02849759492523,93.));
#1422=CARTESIAN_POINT('Ctrl Pts',(-7.73650501926918,-2.05939812691258,93.));
#1423=CARTESIAN_POINT('Ctrl Pts',(-7.22866264940924,-2.99682729151107,93.));
#1424=CARTESIAN_POINT('Ctrl Pts',(-6.72082027954929,-3.93425645610957,93.));
#1425=CARTESIAN_POINT('Ctrl Pts',(-5.9686305205602,-4.77821425331921,93.));
#1426=CARTESIAN_POINT('Ctrl Pts',(-5.03435873734093,-5.43969120422788,93.));
#1427=CARTESIAN_POINT('Ctrl Pts',(-4.10008695412166,-6.10116815513655,93.));
#1428=CARTESIAN_POINT('Ctrl Pts',(-2.98373314667221,-6.58016425974425,93.));
#1429=CARTESIAN_POINT('Ctrl Pts',(-1.80324161396663,-6.81972035526307,93.));
#1430=CARTESIAN_POINT('Ctrl Pts',(-1.53844511714498,-6.87345527256508,93.));
#1431=CARTESIAN_POINT('Ctrl Pts',(-1.27042152145802,-6.91514273139307,93.));
#1432=CARTESIAN_POINT('Ctrl Pts',(-1.00062007643066,-6.94477809891391,93.));
#1433=CARTESIAN_POINT('Ctrl Pts',(-8.5,-5.86568282441604E-16,53.));
#1434=CARTESIAN_POINT('Ctrl Pts',(-8.49999999999999,-1.11264739814639,53.0000000000005));
#1435=CARTESIAN_POINT('Ctrl Pts',(-8.21390187091809,-2.22735008869153,53.000000000001));
#1436=CARTESIAN_POINT('Ctrl Pts',(-7.66808006489914,-3.23523713544161,53.0000000000015));
#1437=CARTESIAN_POINT('Ctrl Pts',(-7.12225825888018,-4.24312418219169,53.000000000002));
#1438=CARTESIAN_POINT('Ctrl Pts',(-6.31671277592417,-5.1441955851467,53.0000000000025));
#1439=CARTESIAN_POINT('Ctrl Pts',(-5.32336956878555,-5.84760925918393,53.000000000003));
#1440=CARTESIAN_POINT('Ctrl Pts',(-4.33002636164694,-6.55102293322116,53.0000000000035));
#1441=CARTESIAN_POINT('Ctrl Pts',(-3.14888543032572,-7.05677887834061,53.000000000004));
#1442=CARTESIAN_POINT('Ctrl Pts',(-1.9025637273652,-7.30971918309847,53.0000000000045));
#1443=CARTESIAN_POINT('Ctrl Pts',(-1.60503328698375,-7.3701028224799,53.0000000000047));
#1444=CARTESIAN_POINT('Ctrl Pts',(-1.30378816160129,-7.41607837119817,53.0000000000048));
#1445=CARTESIAN_POINT('Ctrl Pts',(-1.00060298876764,-7.44764012036542,53.0000000000049));
#1446=CARTESIAN_POINT('Origin',(-1.,-9.70930850283565E-6,92.));
#1447=CARTESIAN_POINT('',(-1.,-9.70930850283565E-6,93.));
#1448=CARTESIAN_POINT('',(4.31408307542741E-31,0.,92.000001385808));
#1449=CARTESIAN_POINT('Origin',(-0.727301328562939,-1.94186170056713E-5,
93.));
#1450=CARTESIAN_POINT('Origin',(10.5125907737336,0.,81.4874106120664));
#1451=CARTESIAN_POINT('',(5.50000006332994,1.53080849893419E-16,86.5000013224739));
#1452=CARTESIAN_POINT('Origin',(4.25000006332994,0.,87.7500013224748));
#1453=CARTESIAN_POINT('Origin',(-6.16297582203915E-32,0.,54.0000007897615));
#1454=CARTESIAN_POINT('',(5.50000006332994,-1.53080849893419E-16,59.5000008530917));
#1455=CARTESIAN_POINT('Origin',(4.25000006332994,0.,58.2500008530917));
#1456=CARTESIAN_POINT('Origin',(4.25000006332994,0.,93.));
#1457=CARTESIAN_POINT('',(5.50000006332994,-1.53080849893419E-16,93.));
#1458=CARTESIAN_POINT('Origin',(-0.772758380211779,-2.06747554712323E-5,
53.));
#1459=CARTESIAN_POINT('',(0.,0.,0.));
#1460=CARTESIAN_POINT('Origin',(-1.,-3.09596177495981E-5,95.));
#1461=CARTESIAN_POINT('',(1.23259516440783E-31,-6.98499997898936,95.0000014007092));
#1462=CARTESIAN_POINT('',(-0.999999999780184,-6.94499079236679,94.));
#1463=CARTESIAN_POINT('Ctrl Pts',(-0.000510656043669178,-6.98482230083673,
95.0000014007091));
#1464=CARTESIAN_POINT('Ctrl Pts',(-0.000510379980654121,-6.98517270308345,
94.9766444665143));
#1465=CARTESIAN_POINT('Ctrl Pts',(-0.00132866243791103,-6.98552332279437,
94.9532617870159));
#1466=CARTESIAN_POINT('Ctrl Pts',(-0.00297091974944785,-6.98587285657077,
94.9298960813919));
#1467=CARTESIAN_POINT('Ctrl Pts',(-0.00731185188404159,-6.98679676928009,
94.8681341749729));
#1468=CARTESIAN_POINT('Ctrl Pts',(-0.0173706494191637,-6.98770906424334,
94.8070422997967));
#1469=CARTESIAN_POINT('Ctrl Pts',(-0.0329484406806071,-6.98854366627235,
94.7473906701644));
#1470=CARTESIAN_POINT('Ctrl Pts',(-0.0485262319420505,-6.98937826830136,
94.687739040532));
#1471=CARTESIAN_POINT('Ctrl Pts',(-0.0696231754487343,-6.99013469145439,
94.6295276564433));
#1472=CARTESIAN_POINT('Ctrl Pts',(-0.0960380903326252,-6.99069135231907,
94.5735267321994));
#1473=CARTESIAN_POINT('Ctrl Pts',(-0.128479935211573,-6.99137502309754,
94.5047484186828));
#1474=CARTESIAN_POINT('Ctrl Pts',(-0.168608978736466,-6.99174920889617,
94.4400129174113));
#1475=CARTESIAN_POINT('Ctrl Pts',(-0.215578327600267,-6.99152703151745,
94.3805263844229));
#1476=CARTESIAN_POINT('Ctrl Pts',(-0.240661359406764,-6.99140838217715,
94.3487588033279));
#1477=CARTESIAN_POINT('Ctrl Pts',(-0.267694916946861,-6.99111855370637,
94.3184881640724));
#1478=CARTESIAN_POINT('Ctrl Pts',(-0.296547944800453,-6.99060853274934,
94.2898981627677));
#1479=CARTESIAN_POINT('Ctrl Pts',(-0.349411243004884,-6.98967409390713,
94.2375167706899));
#1480=CARTESIAN_POINT('Ctrl Pts',(-0.407807342592316,-6.98800734589076,
94.1913448548102));
#1481=CARTESIAN_POINT('Ctrl Pts',(-0.470583141152974,-6.98536132989643,
94.1521222862407));
#1482=CARTESIAN_POINT('Ctrl Pts',(-0.519555445845362,-6.98329713470551,
94.1215241955298));
#1483=CARTESIAN_POINT('Ctrl Pts',(-0.57119273827533,-6.98063705023139,94.0951553280672));
#1484=CARTESIAN_POINT('Ctrl Pts',(-0.62494106717363,-6.97728558157101,94.0733669456843));
#1485=CARTESIAN_POINT('Ctrl Pts',(-0.682164307370981,-6.97371743535888,
94.050169911206));
#1486=CARTESIAN_POINT('Ctrl Pts',(-0.741332248619274,-6.96939170600989,
94.0323462925496));
#1487=CARTESIAN_POINT('Ctrl Pts',(-0.801686239922339,-6.96426872265575,
94.0200775839908));
#1488=CARTESIAN_POINT('Ctrl Pts',(-0.813198388061623,-6.96329154547136,
94.0177374042055));
#1489=CARTESIAN_POINT('Ctrl Pts',(-0.824753687483789,-6.962285513848,94.0155993297571));
#1490=CARTESIAN_POINT('Ctrl Pts',(-0.83634687504307,-6.96125057278642,94.0136646201915));
#1491=CARTESIAN_POINT('Ctrl Pts',(-0.890901200208356,-6.95638042720209,
94.0045604135874));
#1492=CARTESIAN_POINT('Ctrl Pts',(-0.946052764530835,-6.95088855186736,
94.0000000000009));
#1493=CARTESIAN_POINT('Ctrl Pts',(-1.00124079513346,-6.9448086616568,94.));
#1494=CARTESIAN_POINT('',(-1.,6.94499079231823,94.));
#1495=CARTESIAN_POINT('',(-1.,-3.09596177495981E-5,94.));
#1496=CARTESIAN_POINT('',(1.23259516440783E-31,6.98499997898936,95.0000014007092));
#1497=CARTESIAN_POINT('Ctrl Pts',(-0.997844618578156,6.94504273347105,94.));
#1498=CARTESIAN_POINT('Ctrl Pts',(-0.964187934365464,6.94872960265716,94.));
#1499=CARTESIAN_POINT('Ctrl Pts',(-0.930528900092758,6.95219972532684,94.0016982714083));
#1500=CARTESIAN_POINT('Ctrl Pts',(-0.896995178328533,6.95544323202384,94.0050953553721));
#1501=CARTESIAN_POINT('Ctrl Pts',(-0.837030236355749,6.96124326496504,94.0111700149102));
#1502=CARTESIAN_POINT('Ctrl Pts',(-0.777683355514318,6.96629470729302,94.0226544257601));
#1503=CARTESIAN_POINT('Ctrl Pts',(-0.719678166937347,6.97059913946108,94.0394394367754));
#1504=CARTESIAN_POINT('Ctrl Pts',(-0.716453833593388,6.97083840985234,94.0403724648721));
#1505=CARTESIAN_POINT('Ctrl Pts',(-0.713233646485469,6.97107538532868,94.0413218713595));
#1506=CARTESIAN_POINT('Ctrl Pts',(-0.710017730044819,6.9713100707928,94.0422876374901));
#1507=CARTESIAN_POINT('Ctrl Pts',(-0.646438290342478,6.97594985873202,94.0613810656298));
#1508=CARTESIAN_POINT('Ctrl Pts',(-0.584959399237612,6.97965838080755,94.0867387227178));
#1509=CARTESIAN_POINT('Ctrl Pts',(-0.526476548230155,6.98254054109123,94.1179682583094));
#1510=CARTESIAN_POINT('Ctrl Pts',(-0.497797365318811,6.98395391271268,94.1332827915108));
#1511=CARTESIAN_POINT('Ctrl Pts',(-0.46983859225065,6.98516943508224,94.1500093859661));
#1512=CARTESIAN_POINT('Ctrl Pts',(-0.442705253465921,6.98620388973719,94.1681017728086));
#1513=CARTESIAN_POINT('Ctrl Pts',(-0.361511111713194,6.98929940476236,94.2222416570884));
#1514=CARTESIAN_POINT('Ctrl Pts',(-0.288802594461432,6.99073088644852,94.2878867076678));
#1515=CARTESIAN_POINT('Ctrl Pts',(-0.226812420189586,6.99113174289628,94.362853709476));
#1516=CARTESIAN_POINT('Ctrl Pts',(-0.20697647791924,6.99126001105248,94.3868420453295));
#1517=CARTESIAN_POINT('Ctrl Pts',(-0.188237582278746,6.99128287728225,94.4117848610742));
#1518=CARTESIAN_POINT('Ctrl Pts',(-0.170667781426014,6.99122064123681,94.4376106270017));
#1519=CARTESIAN_POINT('Ctrl Pts',(-0.133576054481605,6.99108925429492,94.4921315783738));
#1520=CARTESIAN_POINT('Ctrl Pts',(-0.102059680475381,6.99058357311275,94.5500534611511));
#1521=CARTESIAN_POINT('Ctrl Pts',(-0.0764954648493719,6.98988874163953,
94.6104909319405));
#1522=CARTESIAN_POINT('Ctrl Pts',(-0.0522388123282811,6.98922944953164,
94.6678371360893));
#1523=CARTESIAN_POINT('Ctrl Pts',(-0.0333407525955184,6.9884002367831,94.7274481738739));
#1524=CARTESIAN_POINT('Ctrl Pts',(-0.020118184194323,6.98751208486548,94.7885677229427));
#1525=CARTESIAN_POINT('Ctrl Pts',(-0.0194054171470717,6.98746420873427,
94.7918623930248));
#1526=CARTESIAN_POINT('Ctrl Pts',(-0.0187091410936618,6.98741614858156,
94.7951614465173));
#1527=CARTESIAN_POINT('Ctrl Pts',(-0.0180294054328396,6.98736791731862,
94.798464764952));
#1528=CARTESIAN_POINT('Ctrl Pts',(-0.00614105807669199,6.9865243688037,
94.8562386897928));
#1529=CARTESIAN_POINT('Ctrl Pts',(0.000583735271250247,6.98564011726515,
94.9148163945634));
#1530=CARTESIAN_POINT('Ctrl Pts',(0.00213795571774966,6.98475942225961,
94.9735099109794));
#1531=CARTESIAN_POINT('Ctrl Pts',(0.00237174097351868,6.98462694844768,
94.9823385676724));
#1532=CARTESIAN_POINT('Ctrl Pts',(0.00248853748338838,6.98449445903982,
94.991169844727));
#1533=CARTESIAN_POINT('Ctrl Pts',(0.00248832212006578,6.9843620025266,95.0000014007092));
#1534=CARTESIAN_POINT('',(1.23259516440783E-31,0.,95.0000014007092));
#1535=CARTESIAN_POINT('Ctrl Pts',(-7.7,-8.00615252071601E-16,114.));
#1536=CARTESIAN_POINT('Ctrl Pts',(-7.8,-8.14391726185669E-16,107.333333333333));
#1537=CARTESIAN_POINT('Ctrl Pts',(-7.9,-8.28168200299737E-16,100.666666666667));
#1538=CARTESIAN_POINT('Ctrl Pts',(-8.,-8.41944674413805E-16,94.));
#1539=CARTESIAN_POINT('Ctrl Pts',(-7.7,-0.978007712992537,114.));
#1540=CARTESIAN_POINT('Ctrl Pts',(-7.80005800746508,-0.994870380037617,
107.333333333333));
#1541=CARTESIAN_POINT('Ctrl Pts',(-7.89994199253492,-1.01163492788015,100.666666666667));
#1542=CARTESIAN_POINT('Ctrl Pts',(-8.,-1.02849759492523,94.));
#1543=CARTESIAN_POINT('Ctrl Pts',(-7.1990476629104,-2.9412229841967,114.));
#1544=CARTESIAN_POINT('Ctrl Pts',(-7.29008385177074,-2.99157402968984,107.333333333333));
#1545=CARTESIAN_POINT('Ctrl Pts',(-7.38099679953536,-3.04200824563812,100.666666666667));
#1546=CARTESIAN_POINT('Ctrl Pts',(-7.4720329883957,-3.09235929113126,94.));
#1547=CARTESIAN_POINT('Ctrl Pts',(-5.03996332260301,-5.36797045507432,114.));
#1548=CARTESIAN_POINT('Ctrl Pts',(-5.0987942029952,-5.45260978901405,107.333333333333));
#1549=CARTESIAN_POINT('Ctrl Pts',(-5.15795795072958,-5.53715811027702,100.666666666667));
#1550=CARTESIAN_POINT('Ctrl Pts',(-5.21678883112176,-5.62179744421675,94.));
#1551=CARTESIAN_POINT('Ctrl Pts',(-1.80752330842519,-6.75671728861056,114.));
#1552=CARTESIAN_POINT('Ctrl Pts',(-1.82779654789705,-6.85737819814153,107.333333333333));
#1553=CARTESIAN_POINT('Ctrl Pts',(-1.84807318127875,-6.95803479959991,100.666666666667));
#1554=CARTESIAN_POINT('Ctrl Pts',(-1.86834642075061,-7.05869570913088,93.9999999999999));
#1555=CARTESIAN_POINT('Ctrl Pts',(1.80724886611033,-6.75874655898135,114.));
#1556=CARTESIAN_POINT('Ctrl Pts',(1.82775171418145,-6.85945859051948,107.333333333333));
#1557=CARTESIAN_POINT('Ctrl Pts',(1.84748161507277,-6.96012111503825,100.666666666667));
#1558=CARTESIAN_POINT('Ctrl Pts',(1.86798446314389,-7.06083314657638,94.));
#1559=CARTESIAN_POINT('Ctrl Pts',(5.03278311625961,-5.3669204325719,114.));
#1560=CARTESIAN_POINT('Ctrl Pts',(5.09103065445563,-5.45149143877951,107.333333333333));
#1561=CARTESIAN_POINT('Ctrl Pts',(5.14953860228137,-5.5360499976286,100.666666666667));
#1562=CARTESIAN_POINT('Ctrl Pts',(5.20778614047739,-5.6206210038362,94.));
#1563=CARTESIAN_POINT('Ctrl Pts',(7.93364124896718,-2.13199983235714,114.));
#1564=CARTESIAN_POINT('Ctrl Pts',(8.03720981838365,-2.17108808111611,107.333333333333));
#1565=CARTESIAN_POINT('Ctrl Pts',(8.13956612210312,-2.21013496862836,100.666666666667));
#1566=CARTESIAN_POINT('Ctrl Pts',(8.24313469151959,-2.24922321738733,94.));
#1567=CARTESIAN_POINT('Ctrl Pts',(7.94160470921297,2.4894291991606,114.));
#1568=CARTESIAN_POINT('Ctrl Pts',(8.04450117590566,2.53499993055461,107.333333333333));
#1569=CARTESIAN_POINT('Ctrl Pts',(8.14747808678701,2.58062582629891,100.666666666667));
#1570=CARTESIAN_POINT('Ctrl Pts',(8.2503745534797,2.62619655769292,94.));
#1571=CARTESIAN_POINT('Ctrl Pts',(4.70636159860746,5.60443300354324,114.));
#1572=CARTESIAN_POINT('Ctrl Pts',(4.76016922058439,5.69185504102896,107.333333333333));
#1573=CARTESIAN_POINT('Ctrl Pts',(4.81532637862172,5.7791165935586,100.666666666667));
#1574=CARTESIAN_POINT('Ctrl Pts',(4.86913400059866,5.86653863104431,94.));
#1575=CARTESIAN_POINT('Ctrl Pts',(1.40461398657068,6.75629580735321,114.));
#1576=CARTESIAN_POINT('Ctrl Pts',(1.42082340348701,6.85689867235061,107.333333333333));
#1577=CARTESIAN_POINT('Ctrl Pts',(1.43630255910036,6.95757441830615,100.666666666667));
#1578=CARTESIAN_POINT('Ctrl Pts',(1.45251197601669,7.05817728330356,94.));
#1579=CARTESIAN_POINT('Ctrl Pts',(-1.80458775361272,6.75828900550255,114.));
#1580=CARTESIAN_POINT('Ctrl Pts',(-1.82505175734043,6.85900416052337,107.333333333333));
#1581=CARTESIAN_POINT('Ctrl Pts',(-1.84434273385843,6.9596250909237,100.666666666667));
#1582=CARTESIAN_POINT('Ctrl Pts',(-1.86480673758615,7.06034024594453,94.));
#1583=CARTESIAN_POINT('Ctrl Pts',(-5.03602759847195,5.36732121187774,114.));
#1584=CARTESIAN_POINT('Ctrl Pts',(-5.09474588767986,5.45194670692339,107.333333333333));
#1585=CARTESIAN_POINT('Ctrl Pts',(-5.15360748059642,5.53656354209386,100.666666666667));
#1586=CARTESIAN_POINT('Ctrl Pts',(-5.21232576980434,5.6211890371395,94.));
#1587=CARTESIAN_POINT('Ctrl Pts',(-7.20151787369113,2.9375482721235,114.));
#1588=CARTESIAN_POINT('Ctrl Pts',(-7.29266274693198,2.98787127160185,107.333333333333));
#1589=CARTESIAN_POINT('Ctrl Pts',(-7.38332029845197,3.03819998484621,100.666666666667));
#1590=CARTESIAN_POINT('Ctrl Pts',(-7.47446517169283,3.08852298432456,94.));
#1591=CARTESIAN_POINT('Ctrl Pts',(-7.7,0.978007712992537,114.));
#1592=CARTESIAN_POINT('Ctrl Pts',(-7.80000397387247,0.994873841454889,107.333333333333));
#1593=CARTESIAN_POINT('Ctrl Pts',(-7.89999602612752,1.01163146646288,100.666666666667));
#1594=CARTESIAN_POINT('Ctrl Pts',(-8.,1.02849759492523,94.));
#1595=CARTESIAN_POINT('Ctrl Pts',(-7.7,8.00615252071602E-16,114.));
#1596=CARTESIAN_POINT('Ctrl Pts',(-7.8,8.1439172618567E-16,107.333333333333));
#1597=CARTESIAN_POINT('Ctrl Pts',(-7.9,8.28168200299738E-16,100.666666666667));
#1598=CARTESIAN_POINT('Ctrl Pts',(-8.,8.41944674413806E-16,94.));
#1599=CARTESIAN_POINT('Ctrl Pts',(4.02455846426619E-15,-6.98499997898936,
95.0000014007092));
#1600=CARTESIAN_POINT('Ctrl Pts',(0.799765175629165,-6.97300350135492,95.7997665763383));
#1601=CARTESIAN_POINT('Ctrl Pts',(1.60423472154511,-6.85565647767442,96.6042361222543));
#1602=CARTESIAN_POINT('Ctrl Pts',(3.31215764198278,-6.35863214263786,98.312159042692));
#1603=CARTESIAN_POINT('Ctrl Pts',(4.23442097356205,-5.9253286153216,99.2344223742713));
#1604=CARTESIAN_POINT('Ctrl Pts',(5.6450900820596,-4.86981140755316,100.645091482769));
#1605=CARTESIAN_POINT('Ctrl Pts',(6.19573879141861,-4.33349342621854,101.195740192128));
#1606=CARTESIAN_POINT('Ctrl Pts',(7.06354252966708,-3.11693460790322,102.063543930376));
#1607=CARTESIAN_POINT('Ctrl Pts',(7.40485241193191,-2.45707918231689,102.404853812663));
#1608=CARTESIAN_POINT('Ctrl Pts',(7.74341294691579,-1.29431665129757,102.743414347647));
#1609=CARTESIAN_POINT('Ctrl Pts',(7.82325706773372,-0.856520506837723,102.823258468443));
#1610=CARTESIAN_POINT('Ctrl Pts',(7.87958152864711,-0.0147119474199716,
102.879582929356));
#1611=CARTESIAN_POINT('Ctrl Pts',(7.86780236370982,0.375715878431326,102.867803764428));
#1612=CARTESIAN_POINT('Ctrl Pts',(7.75477682781393,1.27048361528649,102.754778228532));
#1613=CARTESIAN_POINT('Ctrl Pts',(7.62855932788336,1.75511408470134,102.628560728593));
#1614=CARTESIAN_POINT('Ctrl Pts',(7.1683643390206,2.95494045752796,102.16836573973));
#1615=CARTESIAN_POINT('Ctrl Pts',(6.76030192417848,3.60216106648794,101.760303324888));
#1616=CARTESIAN_POINT('Ctrl Pts',(5.6962509120061,4.85807710853441,100.696252312715));
#1617=CARTESIAN_POINT('Ctrl Pts',(4.9450161045322,5.46367368385248,99.9450175052414));
#1618=CARTESIAN_POINT('Ctrl Pts',(2.85383719442248,6.59986826612295,97.8538385951317));
#1619=CARTESIAN_POINT('Ctrl Pts',(1.4427866367918,6.96335817943748,96.442788037501));
#1620=CARTESIAN_POINT('Ctrl Pts',(0.,6.98499997898936,95.0000014007092));
#1621=CARTESIAN_POINT('',(-8.,-8.41944926219262E-16,94.));
#1622=CARTESIAN_POINT('Ctrl Pts',(-0.997844618579372,6.94504273347091,94.0000000000001));
#1623=CARTESIAN_POINT('Ctrl Pts',(-1.26774307496489,6.9154771263558,94.0000000000001));
#1624=CARTESIAN_POINT('Ctrl Pts',(-1.53585079832692,6.87383073781495,94.0000000000001));
#1625=CARTESIAN_POINT('Ctrl Pts',(-1.80072931748864,6.82007615564851,94.0000000000001));
#1626=CARTESIAN_POINT('Ctrl Pts',(-2.98064641499221,6.58062317634285,94.0000000000001));
#1627=CARTESIAN_POINT('Ctrl Pts',(-4.09648609239827,6.10090610674118,94.0000000000001));
#1628=CARTESIAN_POINT('Ctrl Pts',(-5.03142916474939,5.43893656313785,94.0000000000001));
#1629=CARTESIAN_POINT('Ctrl Pts',(-5.9663722371005,4.77696701953452,94.0000000000001));
#1630=CARTESIAN_POINT('Ctrl Pts',(-6.72041870439666,3.93274500192954,94.));
#1631=CARTESIAN_POINT('Ctrl Pts',(-7.22882564512154,2.99562764577722,94.));
#1632=CARTESIAN_POINT('Ctrl Pts',(-7.73723258584641,2.0585102896249,94.));
#1633=CARTESIAN_POINT('Ctrl Pts',(-8.,1.02849759492523,94.));
#1634=CARTESIAN_POINT('Ctrl Pts',(-8.,1.11022302462516E-15,94.));
#1635=CARTESIAN_POINT('',(-7.7,-8.00615252071601E-16,114.));
#1636=CARTESIAN_POINT('',(-7.7,-8.00615252071601E-16,114.));
#1637=CARTESIAN_POINT('',(7.6999999906318,-0.000329968678843958,114.));
#1638=CARTESIAN_POINT('Ctrl Pts',(7.69515661534027,0.000766424325108206,
114.));
#1639=CARTESIAN_POINT('Ctrl Pts',(7.69595986397876,0.981131234147998,114.));
#1640=CARTESIAN_POINT('Ctrl Pts',(7.45460303579997,1.96129505533725,114.));
#1641=CARTESIAN_POINT('Ctrl Pts',(6.97005165784722,2.85513907505783,114.));
#1642=CARTESIAN_POINT('Ctrl Pts',(6.32398315391021,4.04693110135192,114.));
#1643=CARTESIAN_POINT('Ctrl Pts',(5.24556878370838,5.0852657028128,114.));
#1644=CARTESIAN_POINT('Ctrl Pts',(3.90780173822279,5.77266991924346,114.));
#1645=CARTESIAN_POINT('Ctrl Pts',(3.23891821548,6.11637202745878,114.));
#1646=CARTESIAN_POINT('Ctrl Pts',(2.50519652391627,6.37234153941655,114.));
#1647=CARTESIAN_POINT('Ctrl Pts',(1.7440433349597,6.52612256640615,114.));
#1648=CARTESIAN_POINT('Ctrl Pts',(0.602313551524831,6.75679410689054,114.));
#1649=CARTESIAN_POINT('Ctrl Pts',(-0.601137101043941,6.75754155619655,114.));
#1650=CARTESIAN_POINT('Ctrl Pts',(-1.74143573480487,6.52608731524541,114.));
#1651=CARTESIAN_POINT('Ctrl Pts',(-2.88173436856579,6.29463307429428,114.));
#1652=CARTESIAN_POINT('Ctrl Pts',(-3.95888098351887,5.83097714308601,114.));
#1653=CARTESIAN_POINT('Ctrl Pts',(-4.85836933686527,5.19418702085617,114.));
#1654=CARTESIAN_POINT('Ctrl Pts',(-5.75785769021167,4.55739689862633,114.));
#1655=CARTESIAN_POINT('Ctrl Pts',(-6.4796877819514,3.74747258537492,114.));
#1656=CARTESIAN_POINT('Ctrl Pts',(-6.96522335939848,2.85262528896647,114.));
#1657=CARTESIAN_POINT('Ctrl Pts',(-7.45075893684557,1.95777799255802,114.));
#1658=CARTESIAN_POINT('Ctrl Pts',(-7.7,0.978007712992537,114.));
#1659=CARTESIAN_POINT('Ctrl Pts',(-7.7,1.11022302462516E-15,114.));
#1660=CARTESIAN_POINT('Ctrl Pts',(-7.7,-8.00615252071601E-16,114.));
#1661=CARTESIAN_POINT('Ctrl Pts',(-7.7,-0.978007712992537,114.));
#1662=CARTESIAN_POINT('Ctrl Pts',(-7.4495238314552,-1.95961534859462,114.));
#1663=CARTESIAN_POINT('Ctrl Pts',(-6.96443835713157,-2.8548770782086,114.));
#1664=CARTESIAN_POINT('Ctrl Pts',(-6.47935288280793,-3.75013880782257,114.));
#1665=CARTESIAN_POINT('Ctrl Pts',(-5.75965810270547,-4.55905463144845,114.));
#1666=CARTESIAN_POINT('Ctrl Pts',(-4.86107071029127,-5.19497034885076,114.));
#1667=CARTESIAN_POINT('Ctrl Pts',(-3.96248331787707,-5.83088606625307,114.));
#1668=CARTESIAN_POINT('Ctrl Pts',(-2.88500331315113,-6.29380167743182,114.));
#1669=CARTESIAN_POINT('Ctrl Pts',(-1.74380128169891,-6.52559769474965,114.));
#1670=CARTESIAN_POINT('Ctrl Pts',(-0.602599250246686,-6.75739371206749,
114.));
#1671=CARTESIAN_POINT('Ctrl Pts',(0.60232480793182,-6.75807013552442,114.));
#1672=CARTESIAN_POINT('Ctrl Pts',(1.74237587871262,-6.52643732618464,114.));
#1673=CARTESIAN_POINT('Ctrl Pts',(2.88242694949342,-6.29480451684487,114.));
#1674=CARTESIAN_POINT('Ctrl Pts',(3.95760503287651,-5.83086247470839,114.));
#1675=CARTESIAN_POINT('Ctrl Pts',(4.85780134115651,-5.1945263786133,114.));
#1676=CARTESIAN_POINT('Ctrl Pts',(5.7579976494365,-4.55819028251821,114.));
#1677=CARTESIAN_POINT('Ctrl Pts',(6.48321218261339,-3.74946013246452,114.));
#1678=CARTESIAN_POINT('Ctrl Pts',(6.96730111192972,-2.85481215820941,114.));
#1679=CARTESIAN_POINT('Ctrl Pts',(7.45139004124604,-1.96016418395431,114.));
#1680=CARTESIAN_POINT('Ctrl Pts',(7.69435336670179,-0.979598385497782,114.));
#1681=CARTESIAN_POINT('Ctrl Pts',(7.69515661534027,0.000766424325108206,
114.));
#1682=CARTESIAN_POINT('Ctrl Pts',(-8.,-2.42467276318572E-16,94.));
#1683=CARTESIAN_POINT('Ctrl Pts',(-7.99999999999997,-1.02849759492523,94.0000000000018));
#1684=CARTESIAN_POINT('Ctrl Pts',(-7.73601649419779,-2.06042844302823,94.0000000000037));
#1685=CARTESIAN_POINT('Ctrl Pts',(-7.22815071508438,-2.99796689259396,94.0000000000056));
#1686=CARTESIAN_POINT('Ctrl Pts',(-6.72028493597096,-3.93550534215969,94.0000000000074));
#1687=CARTESIAN_POINT('Ctrl Pts',(-5.96853688354631,-4.77865139318815,94.0000000000093));
#1688=CARTESIAN_POINT('Ctrl Pts',(-5.03458912227213,-5.43970746285472,94.0000000000111));
#1689=CARTESIAN_POINT('Ctrl Pts',(-4.10064136099795,-6.10076353252128,94.000000000013));
#1690=CARTESIAN_POINT('Ctrl Pts',(-2.98449389087425,-6.57972962082596,94.0000000000148));
#1691=CARTESIAN_POINT('Ctrl Pts',(-1.80369834183,-6.81956890455253,94.0000000000167));
#1692=CARTESIAN_POINT('Ctrl Pts',(-1.53897082663077,-6.87333948124507,94.0000000000171));
#1693=CARTESIAN_POINT('Ctrl Pts',(-1.27099390245703,-6.91509081780219,94.0000000000175));
#1694=CARTESIAN_POINT('Ctrl Pts',(-1.00124079488823,-6.94480866168355,94.000000000018));
#1695=CARTESIAN_POINT('Ctrl Pts',(-7.7,-2.15105711021124E-15,120.));
#1696=CARTESIAN_POINT('Ctrl Pts',(-7.7,-0.677083064078791,120.));
#1697=CARTESIAN_POINT('Ctrl Pts',(-7.44673804142299,-2.01499000056067,120.));
#1698=CARTESIAN_POINT('Ctrl Pts',(-6.33228200800218,-4.03831003035026,120.));
#1699=CARTESIAN_POINT('Ctrl Pts',(-4.89565585104848,-5.26214236346184,120.));
#1700=CARTESIAN_POINT('Ctrl Pts',(-2.65549223726866,-6.42559360607236,120.));
#1701=CARTESIAN_POINT('Ctrl Pts',(0.0509967779281027,-6.90945124504291,
120.));
#1702=CARTESIAN_POINT('Ctrl Pts',(2.75521147196973,-6.39736591628917,120.));
#1703=CARTESIAN_POINT('Ctrl Pts',(4.99293323998929,-5.20185284370029,120.));
#1704=CARTESIAN_POINT('Ctrl Pts',(6.06188462490256,-4.25630227818001,120.));
#1705=CARTESIAN_POINT('Ctrl Pts',(6.66167294019715,-3.35623685906484,120.));
#1706=CARTESIAN_POINT('Ctrl Pts',(-7.7,-2.15105711021124E-15,121.196797201368));
#1707=CARTESIAN_POINT('Ctrl Pts',(-7.7,-0.678448328530653,121.196797201368));
#1708=CARTESIAN_POINT('Ctrl Pts',(-7.44748474328231,-2.01791190544233,121.196797201368));
#1709=CARTESIAN_POINT('Ctrl Pts',(-6.33162305874081,-4.04423743315636,121.196797201367));
#1710=CARTESIAN_POINT('Ctrl Pts',(-4.89562147288758,-5.26800727843593,121.196797201368));
#1711=CARTESIAN_POINT('Ctrl Pts',(-2.65392977283225,-6.43207673613019,121.196797201368));
#1712=CARTESIAN_POINT('Ctrl Pts',(0.0516408706103961,-6.91505719984781,
121.196797201368));
#1713=CARTESIAN_POINT('Ctrl Pts',(2.75405037613672,-6.40170561594574,121.196797201368));
#1714=CARTESIAN_POINT('Ctrl Pts',(4.9943673929268,-5.20454980271885,121.196797201368));
#1715=CARTESIAN_POINT('Ctrl Pts',(6.06081321373795,-4.25791007898962,121.196797201368));
#1716=CARTESIAN_POINT('Ctrl Pts',(6.66167294019715,-3.35623685906484,121.196797201368));
#1717=CARTESIAN_POINT('Ctrl Pts',(-6.69564352792591,-1.77646674888467E-15,
123.268835285363));
#1718=CARTESIAN_POINT('Ctrl Pts',(-6.69564352792591,-0.559856268219053,
123.268835285363));
#1719=CARTESIAN_POINT('Ctrl Pts',(-6.48681867832548,-1.66732371519156,123.268835285363));
#1720=CARTESIAN_POINT('Ctrl Pts',(-5.55163051857034,-3.37117701746305,123.268835285363));
#1721=CARTESIAN_POINT('Ctrl Pts',(-4.31415976978737,-4.43148856161583,123.268835285363));
#1722=CARTESIAN_POINT('Ctrl Pts',(-2.35385808976882,-5.44978917283461,123.268835285363));
#1723=CARTESIAN_POINT('Ctrl Pts',(0.045042699423115,-5.88262646419624,123.268835285363));
#1724=CARTESIAN_POINT('Ctrl Pts',(2.44151147539054,-5.4248882336049,123.268835285363));
#1725=CARTESIAN_POINT('Ctrl Pts',(4.39808979821677,-4.37898839100812,123.268835285363));
#1726=CARTESIAN_POINT('Ctrl Pts',(5.3180955639182,-3.5612977888989,123.268835285363));
#1727=CARTESIAN_POINT('Ctrl Pts',(5.82588844367267,-2.79928425931652,123.268835285363));
#1728=CARTESIAN_POINT('Ctrl Pts',(-4.59759790102565,-9.9396801331398E-16,
124.));
#1729=CARTESIAN_POINT('Ctrl Pts',(-4.59759790102565,-0.315257136559491,
124.));
#1730=CARTESIAN_POINT('Ctrl Pts',(-4.48175354410214,-0.941669759471599,
124.));
#1731=CARTESIAN_POINT('Ctrl Pts',(-3.92075660847282,-1.97879365559962,124.));
#1732=CARTESIAN_POINT('Ctrl Pts',(-3.09943924334644,-2.69750636190551,124.));
#1733=CARTESIAN_POINT('Ctrl Pts',(-1.72343904650856,-3.412722600431,124.));
#1734=CARTESIAN_POINT('Ctrl Pts',(0.0327376274393299,-3.738800499192,124.));
#1735=CARTESIAN_POINT('Ctrl Pts',(1.78597020950118,-3.3943295520271,124.));
#1736=CARTESIAN_POINT('Ctrl Pts',(3.15578985860067,-2.66062517188219,124.));
#1737=CARTESIAN_POINT('Ctrl Pts',(3.76414028676185,-2.10980267870528,124.));
#1738=CARTESIAN_POINT('Ctrl Pts',(4.07998043519132,-1.63584080195558,124.));
#1739=CARTESIAN_POINT('Ctrl Pts',(-3.7,-6.59194920871187E-16,124.));
#1740=CARTESIAN_POINT('Ctrl Pts',(-3.7,-0.211022063948075,124.));
#1741=CARTESIAN_POINT('Ctrl Pts',(-3.62415972972407,-0.632095359129614,
124.));
#1742=CARTESIAN_POINT('Ctrl Pts',(-3.22282854819388,-1.38487944165472,124.));
#1743=CARTESIAN_POINT('Ctrl Pts',(-2.57974020547698,-1.95742857694897,124.));
#1744=CARTESIAN_POINT('Ctrl Pts',(-1.45325950393322,-2.54316350787148,124.));
#1745=CARTESIAN_POINT('Ctrl Pts',(0.0276669713870164,-2.82330310015177,
124.));
#1746=CARTESIAN_POINT('Ctrl Pts',(1.50516348236878,-2.52690986800064,124.));
#1747=CARTESIAN_POINT('Ctrl Pts',(2.62473343449325,-1.92627653342161,124.));
#1748=CARTESIAN_POINT('Ctrl Pts',(3.09899591073723,-1.48929941875179,124.));
#1749=CARTESIAN_POINT('Ctrl Pts',(3.33303606767912,-1.13808975598233,124.));
#1750=CARTESIAN_POINT('',(-1.94956689841647,-2.27697157064724,124.));
#1751=CARTESIAN_POINT('',(-1.85,-2.90015214376764,123.964032185351));
#1752=CARTESIAN_POINT('Ctrl Pts',(-1.94956689853523,-2.27697157053302,124.));
#1753=CARTESIAN_POINT('Ctrl Pts',(-1.88320410465819,-2.479349590013,124.));
#1754=CARTESIAN_POINT('Ctrl Pts',(-1.84999999999999,-2.68947815260953,123.990611000689));
#1755=CARTESIAN_POINT('Ctrl Pts',(-1.85,-2.90015214376768,123.964032185351));
#1756=CARTESIAN_POINT('',(-3.45205007971986,-0.940142982698029,124.));
#1757=CARTESIAN_POINT('Ctrl Pts',(-1.85,-2.90015214376768,123.964032185351));
#1758=CARTESIAN_POINT('Ctrl Pts',(-1.85,-2.9358615630522,123.959527053722));
#1759=CARTESIAN_POINT('Ctrl Pts',(-1.85095628528222,-2.97158789645403,123.954537871586));
#1760=CARTESIAN_POINT('Ctrl Pts',(-1.86517243823996,-3.23656903072765,123.913723060824));
#1761=CARTESIAN_POINT('Ctrl Pts',(-1.91633186971876,-3.45628452293276,123.858384835394));
#1762=CARTESIAN_POINT('Ctrl Pts',(-2.09344152096005,-3.8876947877046,123.698332307728));
#1763=CARTESIAN_POINT('Ctrl Pts',(-2.22480991463482,-4.08833610986707,123.591194972381));
#1764=CARTESIAN_POINT('Ctrl Pts',(-2.57450010730664,-4.46678091786289,123.316240387178));
#1765=CARTESIAN_POINT('Ctrl Pts',(-2.80375812364298,-4.62557019817712,123.141775549977));
#1766=CARTESIAN_POINT('Ctrl Pts',(-3.35112628930319,-4.86478072488729,122.736132297456));
#1767=CARTESIAN_POINT('Ctrl Pts',(-3.6664649370245,-4.91407736994186,122.508630250438));
#1768=CARTESIAN_POINT('Ctrl Pts',(-4.18694034134685,-4.88403073195791,122.169728493645));
#1769=CARTESIAN_POINT('Ctrl Pts',(-4.40283447724547,-4.83452882055364,122.041747046688));
#1770=CARTESIAN_POINT('Ctrl Pts',(-4.71902524620001,-4.70572019434373,121.898522117785));
#1771=CARTESIAN_POINT('Ctrl Pts',(-4.83279010535954,-4.64700287375558,121.856795597726));
#1772=CARTESIAN_POINT('Ctrl Pts',(-4.99671400824672,-4.54001194854289,121.819359025571));
#1773=CARTESIAN_POINT('Ctrl Pts',(-5.04894182920642,-4.50226562776512,121.811139499187));
#1774=CARTESIAN_POINT('Ctrl Pts',(-5.14005422567626,-4.4293446517172,121.804285038802));
#1775=CARTESIAN_POINT('Ctrl Pts',(-5.17908712414782,-4.39554494534823,121.804055645489));
#1776=CARTESIAN_POINT('Ctrl Pts',(-5.26107884112063,-4.31878922317472,121.809643987142));
#1777=CARTESIAN_POINT('Ctrl Pts',(-5.30307012956817,-4.27571141866596,121.816480725544));
#1778=CARTESIAN_POINT('Ctrl Pts',(-5.41903248068263,-4.14563907899525,121.846629499887));
#1779=CARTESIAN_POINT('Ctrl Pts',(-5.48578835152218,-4.05601243555018,121.878945167873));
#1780=CARTESIAN_POINT('Ctrl Pts',(-5.67697763034851,-3.75163478824174,122.013674210783));
#1781=CARTESIAN_POINT('Ctrl Pts',(-5.77097385317281,-3.51319575724932,122.157883820939));
#1782=CARTESIAN_POINT('Ctrl Pts',(-5.86331638539495,-3.00916245041222,122.485055842018));
#1783=CARTESIAN_POINT('Ctrl Pts',(-5.86292301898182,-2.73899275234334,122.670848996605));
#1784=CARTESIAN_POINT('Ctrl Pts',(-5.73918488506283,-2.18169778965356,123.054437478837));
#1785=CARTESIAN_POINT('Ctrl Pts',(-5.61257268724895,-1.90593045186879,123.244625969305));
#1786=CARTESIAN_POINT('Ctrl Pts',(-5.2635701593535,-1.46232363221357,123.551134121262));
#1787=CARTESIAN_POINT('Ctrl Pts',(-5.06251927511709,-1.2861675924924,123.67332653359));
#1788=CARTESIAN_POINT('Ctrl Pts',(-4.61924776203147,-1.03933130680099,123.851516672527));
#1789=CARTESIAN_POINT('Ctrl Pts',(-4.39284080710806,-0.959811769895692,
123.912370237799));
#1790=CARTESIAN_POINT('Ctrl Pts',(-3.91992076522158,-0.887693443635322,
123.98666373037));
#1791=CARTESIAN_POINT('Ctrl Pts',(-3.68387673355462,-0.893074134765617,
123.999999999265));
#1792=CARTESIAN_POINT('Ctrl Pts',(-3.4520500822333,-0.940142995077365,124.));
#1793=CARTESIAN_POINT('',(-3.7,-6.59194920871187E-16,124.));
#1794=CARTESIAN_POINT('Ctrl Pts',(-3.45189814326771,-0.940061506108987,
124.));
#1795=CARTESIAN_POINT('Ctrl Pts',(-3.50717735375103,-0.837513846441267,
124.));
#1796=CARTESIAN_POINT('Ctrl Pts',(-3.64115854825832,-0.537716099820942,
124.));
#1797=CARTESIAN_POINT('Ctrl Pts',(-3.7,-0.211022063948075,124.));
#1798=CARTESIAN_POINT('Ctrl Pts',(-3.7,-6.59194920871187E-16,124.));
#1799=CARTESIAN_POINT('',(-7.7,-1.47583618114142E-15,120.));
#1800=CARTESIAN_POINT('Origin',(-3.7,-6.59194920871187E-16,120.));
#1801=CARTESIAN_POINT('',(6.66167294019715,-3.35623685906484,120.));
#1802=CARTESIAN_POINT('Ctrl Pts',(-7.7,-2.15105711021124E-15,120.));
#1803=CARTESIAN_POINT('Ctrl Pts',(-7.7,-0.677083064078791,120.));
#1804=CARTESIAN_POINT('Ctrl Pts',(-7.44673804142299,-2.01499000056067,120.));
#1805=CARTESIAN_POINT('Ctrl Pts',(-6.33228200800218,-4.03831003035026,120.));
#1806=CARTESIAN_POINT('Ctrl Pts',(-4.89565585104848,-5.26214236346184,120.));
#1807=CARTESIAN_POINT('Ctrl Pts',(-2.65549223726866,-6.42559360607236,120.));
#1808=CARTESIAN_POINT('Ctrl Pts',(0.0509967779281027,-6.90945124504291,
120.));
#1809=CARTESIAN_POINT('Ctrl Pts',(2.75521147196973,-6.39736591628917,120.));
#1810=CARTESIAN_POINT('Ctrl Pts',(4.99293323998929,-5.20185284370029,120.));
#1811=CARTESIAN_POINT('Ctrl Pts',(6.06188462490256,-4.25630227818001,120.));
#1812=CARTESIAN_POINT('Ctrl Pts',(6.66167294019715,-3.35623685906484,120.));
#1813=CARTESIAN_POINT('',(3.33303606767949,-1.13808975598257,124.));
#1814=CARTESIAN_POINT('Origin',(3.33303606767912,-1.13808975598233,120.));
#1815=CARTESIAN_POINT('Ctrl Pts',(3.33303606767912,-1.13808975598233,124.));
#1816=CARTESIAN_POINT('Ctrl Pts',(3.09899591073723,-1.48929941875179,124.));
#1817=CARTESIAN_POINT('Ctrl Pts',(2.62473343449325,-1.92627653342161,124.));
#1818=CARTESIAN_POINT('Ctrl Pts',(1.50516348236878,-2.52690986800064,124.));
#1819=CARTESIAN_POINT('Ctrl Pts',(0.0276669713870164,-2.82330310015177,
124.));
#1820=CARTESIAN_POINT('Ctrl Pts',(-1.28811992221621,-2.57440215196523,124.));
#1821=CARTESIAN_POINT('Ctrl Pts',(-1.9075175233597,-2.29630296930926,124.));
#1822=CARTESIAN_POINT('Ctrl Pts',(-1.94941445944381,-2.27664735223913,124.));
#1823=CARTESIAN_POINT('Ctrl Pts',(6.66167293506222,3.35623686677052,120.));
#1824=CARTESIAN_POINT('Ctrl Pts',(6.06188460986484,4.25630229799281,120.));
#1825=CARTESIAN_POINT('Ctrl Pts',(4.63580151897461,5.5188483427255,120.));
#1826=CARTESIAN_POINT('Ctrl Pts',(1.61125775817832,6.8024224147188,120.));
#1827=CARTESIAN_POINT('Ctrl Pts',(-1.5107823899353,6.81847878380741,120.));
#1828=CARTESIAN_POINT('Ctrl Pts',(-4.53636658226415,5.56954264210967,120.));
#1829=CARTESIAN_POINT('Ctrl Pts',(-6.33175292669271,4.03742832844083,120.));
#1830=CARTESIAN_POINT('Ctrl Pts',(-7.44667372737637,2.01519660613154,120.));
#1831=CARTESIAN_POINT('Ctrl Pts',(-7.7,0.677083067122537,120.));
#1832=CARTESIAN_POINT('Ctrl Pts',(-7.7,1.66533453693773E-15,120.));
#1833=CARTESIAN_POINT('Ctrl Pts',(6.66167293506222,3.35623686677052,121.196797201368));
#1834=CARTESIAN_POINT('Ctrl Pts',(6.0608131986831,4.2579100988232,121.196797201368));
#1835=CARTESIAN_POINT('Ctrl Pts',(4.63631572640421,5.52218903834883,121.196797201368));
#1836=CARTESIAN_POINT('Ctrl Pts',(1.60949361450648,6.80765131518596,121.196797201368));
#1837=CARTESIAN_POINT('Ctrl Pts',(-1.50887998308552,6.82528888391967,121.196797201368));
#1838=CARTESIAN_POINT('Ctrl Pts',(-4.53565985632078,5.57617401426729,121.196797201368));
#1839=CARTESIAN_POINT('Ctrl Pts',(-6.33112262772041,4.04346814885978,121.196797201368));
#1840=CARTESIAN_POINT('Ctrl Pts',(-7.44727251880779,2.01828425407402,121.196797201368));
#1841=CARTESIAN_POINT('Ctrl Pts',(-7.7,0.678448331580536,121.196797201368));
#1842=CARTESIAN_POINT('Ctrl Pts',(-7.7,1.66533453693773E-15,121.196797201368));
#1843=CARTESIAN_POINT('Ctrl Pts',(5.82588843932394,2.79928426584234,123.268835285363));
#1844=CARTESIAN_POINT('Ctrl Pts',(5.31809555113723,3.56129780574739,123.268835285363));
#1845=CARTESIAN_POINT('Ctrl Pts',(4.09075873310315,4.65285528781992,123.268835285363));
#1846=CARTESIAN_POINT('Ctrl Pts',(1.43330322862012,5.78454949958852,123.268835285363));
#1847=CARTESIAN_POINT('Ctrl Pts',(-1.34450638960858,5.79859624052798,123.268835285363));
#1848=CARTESIAN_POINT('Ctrl Pts',(-4.00466221786717,4.69751552812457,123.268835285363));
#1849=CARTESIAN_POINT('Ctrl Pts',(-5.55124489132769,3.37050293717127,123.268835285363));
#1850=CARTESIAN_POINT('Ctrl Pts',(-6.48676804902645,1.66745188089337,123.268835285363));
#1851=CARTESIAN_POINT('Ctrl Pts',(-6.69564352792588,0.55985627073582,123.268835285363));
#1852=CARTESIAN_POINT('Ctrl Pts',(-6.69564352792588,1.42141523188787E-15,
123.268835285363));
#1853=CARTESIAN_POINT('Ctrl Pts',(4.07998043248499,1.6358408060168,124.));
#1854=CARTESIAN_POINT('Ctrl Pts',(3.76414027869168,2.10980268936579,124.));
#1855=CARTESIAN_POINT('Ctrl Pts',(2.95230014185714,2.84453138066917,124.));
#1856=CARTESIAN_POINT('Ctrl Pts',(1.06120258668321,3.65934582493733,124.));
#1857=CARTESIAN_POINT('Ctrl Pts',(-0.996773075430486,3.66952026197578,124.));
#1858=CARTESIAN_POINT('Ctrl Pts',(-2.89381536739114,2.87726462342597,124.));
#1859=CARTESIAN_POINT('Ctrl Pts',(-3.92067655036682,1.97857644152889,124.));
#1860=CARTESIAN_POINT('Ctrl Pts',(-4.48170103455835,0.94166820872549,124.));
#1861=CARTESIAN_POINT('Ctrl Pts',(-4.59759790102565,0.315257137976692,124.));
#1862=CARTESIAN_POINT('Ctrl Pts',(-4.59759790102565,9.11881171516262E-16,
124.));
#1863=CARTESIAN_POINT('Ctrl Pts',(3.33303606567545,1.13808975898912,124.));
#1864=CARTESIAN_POINT('Ctrl Pts',(3.0989959046773,1.48929942677118,124.));
#1865=CARTESIAN_POINT('Ctrl Pts',(2.46539295982197,2.07188890844415,124.));
#1866=CARTESIAN_POINT('Ctrl Pts',(0.901477628966398,2.75170208694636,124.));
#1867=CARTESIAN_POINT('Ctrl Pts',(-0.847431492072716,2.76069554453704,124.));
#1868=CARTESIAN_POINT('Ctrl Pts',(-2.41835389004873,2.10050944958672,124.));
#1869=CARTESIAN_POINT('Ctrl Pts',(-3.22288783964656,1.3848915066855,124.));
#1870=CARTESIAN_POINT('Ctrl Pts',(-3.62406191804463,0.632088174879003,124.));
#1871=CARTESIAN_POINT('Ctrl Pts',(-3.7,0.211022064896699,124.));
#1872=CARTESIAN_POINT('Ctrl Pts',(-3.7,6.93889390390723E-16,124.));
#1873=CARTESIAN_POINT('',(-3.45205006170824,0.940142999196564,124.));
#1874=CARTESIAN_POINT('',(-1.85,2.90015214376762,123.964032185351));
#1875=CARTESIAN_POINT('Ctrl Pts',(-3.45205006164077,0.940142999258364,124.));
#1876=CARTESIAN_POINT('Ctrl Pts',(-3.69319291462254,0.891182623869968,124.));
#1877=CARTESIAN_POINT('Ctrl Pts',(-3.93870181936553,0.887345681345631,123.985495222896));
#1878=CARTESIAN_POINT('Ctrl Pts',(-4.40686715294898,0.965378284809091,123.908265524928));
#1879=CARTESIAN_POINT('Ctrl Pts',(-4.62107964973284,1.04154919114811,123.850013037748));
#1880=CARTESIAN_POINT('Ctrl Pts',(-5.03619620172891,1.27019470522823,123.684750321411));
#1881=CARTESIAN_POINT('Ctrl Pts',(-5.22513587897484,1.42869479003177,123.574516710743));
#1882=CARTESIAN_POINT('Ctrl Pts',(-5.5649650339455,1.83112752696614,123.296171447994));
#1883=CARTESIAN_POINT('Ctrl Pts',(-5.69607919880557,2.08349998009074,123.122299644385));
#1884=CARTESIAN_POINT('Ctrl Pts',(-5.86262751502015,2.66166390828738,122.723870260748));
#1885=CARTESIAN_POINT('Ctrl Pts',(-5.87044925436689,2.97886845758194,122.504356518482));
#1886=CARTESIAN_POINT('Ctrl Pts',(-5.77270778179975,3.4967775097049,122.168833493731));
#1887=CARTESIAN_POINT('Ctrl Pts',(-5.69216896746739,3.71017323696497,122.039407004588));
#1888=CARTESIAN_POINT('Ctrl Pts',(-5.52026543167669,4.00675496184309,121.898358286183));
#1889=CARTESIAN_POINT('Ctrl Pts',(-5.44905645772224,4.10812748940014,121.858293909817));
#1890=CARTESIAN_POINT('Ctrl Pts',(-5.32478900442296,4.2525594244529,121.820911332227));
#1891=CARTESIAN_POINT('Ctrl Pts',(-5.28095506752052,4.29890601728706,121.812339110601));
#1892=CARTESIAN_POINT('Ctrl Pts',(-5.19724822772849,4.37920116129603,121.804603036774));
#1893=CARTESIAN_POINT('Ctrl Pts',(-5.15865776404332,4.41345512494455,121.803941318157));
#1894=CARTESIAN_POINT('Ctrl Pts',(-5.07146049107713,4.48500838907055,121.808637482347));
#1895=CARTESIAN_POINT('Ctrl Pts',(-5.02284469209276,4.52128585734628,121.815088541871));
#1896=CARTESIAN_POINT('Ctrl Pts',(-4.87539444385486,4.62133126191475,121.844894721554));
#1897=CARTESIAN_POINT('Ctrl Pts',(-4.77488460272489,4.67696130692219,121.878118136055));
#1898=CARTESIAN_POINT('Ctrl Pts',(-4.44526322160445,4.82581598141706,122.015501885058));
#1899=CARTESIAN_POINT('Ctrl Pts',(-4.19839055560857,4.88578883458231,122.161433784078));
#1900=CARTESIAN_POINT('Ctrl Pts',(-3.68990069227796,4.91008213903886,122.494287115284));
#1901=CARTESIAN_POINT('Ctrl Pts',(-3.42235982421071,4.87364491992534,122.685412018312));
#1902=CARTESIAN_POINT('Ctrl Pts',(-2.88478575135297,4.67635300515932,123.080284188878));
#1903=CARTESIAN_POINT('Ctrl Pts',(-2.62528943357847,4.51207641196144,123.27698250031));
#1904=CARTESIAN_POINT('Ctrl Pts',(-2.23498747503559,4.10603102681171,123.582725179174));
#1905=CARTESIAN_POINT('Ctrl Pts',(-2.09056578423476,3.88841016042072,123.700156794396));
#1906=CARTESIAN_POINT('Ctrl Pts',(-1.90530521017754,3.42209771307963,123.869084336544));
#1907=CARTESIAN_POINT('Ctrl Pts',(-1.85595187407067,3.1881695675702,123.924658870093));
#1908=CARTESIAN_POINT('Ctrl Pts',(-1.85016720782143,2.93001939767259,123.960179879019));
#1909=CARTESIAN_POINT('Ctrl Pts',(-1.85,2.91508356685022,123.96214842393));
#1910=CARTESIAN_POINT('Ctrl Pts',(-1.85,2.90015214376762,123.964032185351));
#1911=CARTESIAN_POINT('',(-1.94956689843117,2.2769715706331,124.));
#1912=CARTESIAN_POINT('Ctrl Pts',(-1.85,2.90015214376762,123.964032185351));
#1913=CARTESIAN_POINT('Ctrl Pts',(-1.85,2.68919966909105,123.990646134414));
#1914=CARTESIAN_POINT('Ctrl Pts',(-1.88329106609068,2.47908439499255,124.));
#1915=CARTESIAN_POINT('Ctrl Pts',(-1.94956689853523,2.27697157053302,124.));
#1916=CARTESIAN_POINT('',(3.33303606521085,1.13808975867953,124.));
#1917=CARTESIAN_POINT('Ctrl Pts',(-1.94947059655826,2.27676672527756,124.));
#1918=CARTESIAN_POINT('Ctrl Pts',(-1.71671717446346,2.38592556275543,124.));
#1919=CARTESIAN_POINT('Ctrl Pts',(-0.676737165202327,2.75981777897952,124.));
#1920=CARTESIAN_POINT('Ctrl Pts',(0.901477628966398,2.75170208694636,124.));
#1921=CARTESIAN_POINT('Ctrl Pts',(2.46539295982197,2.07188890844415,124.));
#1922=CARTESIAN_POINT('Ctrl Pts',(3.0989959046773,1.48929942677118,124.));
#1923=CARTESIAN_POINT('Ctrl Pts',(3.33303606567545,1.13808975898912,124.));
#1924=CARTESIAN_POINT('',(6.66167293506222,3.35623686677053,120.));
#1925=CARTESIAN_POINT('Origin',(3.33303606567544,1.13808975898912,120.));
#1926=CARTESIAN_POINT('Ctrl Pts',(6.66167293506222,3.35623686677052,120.));
#1927=CARTESIAN_POINT('Ctrl Pts',(6.06188460986484,4.25630229799281,120.));
#1928=CARTESIAN_POINT('Ctrl Pts',(4.63580151897461,5.5188483427255,120.));
#1929=CARTESIAN_POINT('Ctrl Pts',(1.61125775817832,6.8024224147188,120.));
#1930=CARTESIAN_POINT('Ctrl Pts',(-1.5107823899353,6.81847878380741,120.));
#1931=CARTESIAN_POINT('Ctrl Pts',(-4.53636658226415,5.56954264210967,120.));
#1932=CARTESIAN_POINT('Ctrl Pts',(-6.33175292669271,4.03742832844083,120.));
#1933=CARTESIAN_POINT('Ctrl Pts',(-7.44667372737637,2.01519660613154,120.));
#1934=CARTESIAN_POINT('Ctrl Pts',(-7.7,0.677083067122537,120.));
#1935=CARTESIAN_POINT('Ctrl Pts',(-7.7,1.66533453693773E-15,120.));
#1936=CARTESIAN_POINT('Ctrl Pts',(-3.7,6.93889390390723E-16,124.));
#1937=CARTESIAN_POINT('Ctrl Pts',(-3.7,0.211022064896699,124.));
#1938=CARTESIAN_POINT('Ctrl Pts',(-3.64108375694132,0.537704444023289,124.));
#1939=CARTESIAN_POINT('Ctrl Pts',(-3.50713672839438,0.83750165381712,124.));
#1940=CARTESIAN_POINT('Ctrl Pts',(-3.45186825403378,0.940045520770214,124.));
#1941=CARTESIAN_POINT('Ctrl Pts',(6.66167294019715,-3.35623685906485,120.));
#1942=CARTESIAN_POINT('Ctrl Pts',(6.99009509206235,-2.86339394394393,120.));
#1943=CARTESIAN_POINT('Ctrl Pts',(7.50180609573445,-1.84617867798543,120.));
#1944=CARTESIAN_POINT('Ctrl Pts',(7.69996841272387,-0.556451634667973,120.));
#1945=CARTESIAN_POINT('Ctrl Pts',(7.6999999906318,-0.000329968678842996,
120.));
#1946=CARTESIAN_POINT('Ctrl Pts',(6.66167294019715,-3.35623685906485,121.196797201368));
#1947=CARTESIAN_POINT('Ctrl Pts',(6.99068175764292,-2.86251357100535,121.196797201368));
#1948=CARTESIAN_POINT('Ctrl Pts',(7.502085409225,-1.84761262923411,121.196797201368));
#1949=CARTESIAN_POINT('Ctrl Pts',(7.69996834905045,-0.557572993598394,121.196797201368));
#1950=CARTESIAN_POINT('Ctrl Pts',(7.6999999906318,-0.000329968678842996,
121.196797201368));
#1951=CARTESIAN_POINT('Ctrl Pts',(5.82588298258537,-2.79928062014065,123.268830343681));
#1952=CARTESIAN_POINT('Ctrl Pts',(6.10393179750581,-2.38202987224483,123.268830343681));
#1953=CARTESIAN_POINT('Ctrl Pts',(6.53219465719431,-1.52742425779963,123.268830343681));
#1954=CARTESIAN_POINT('Ctrl Pts',(6.69561084695994,-0.460110463964106,123.268830343681));
#1955=CARTESIAN_POINT('Ctrl Pts',(6.69563695762587,-0.000272938562374789,
123.268830343681));
#1956=CARTESIAN_POINT('Ctrl Pts',(4.07998043519132,-1.63584080195558,124.));
#1957=CARTESIAN_POINT('Ctrl Pts',(4.25292295265547,-1.3763166073441,124.));
#1958=CARTESIAN_POINT('Ctrl Pts',(4.50680612070588,-0.861863060268021,124.));
#1959=CARTESIAN_POINT('Ctrl Pts',(4.59758319364626,-0.259090019555467,124.));
#1960=CARTESIAN_POINT('Ctrl Pts',(4.59759789665889,-0.000153806925636135,
124.));
#1961=CARTESIAN_POINT('Ctrl Pts',(3.33303606767912,-1.13808975598233,124.));
#1962=CARTESIAN_POINT('Ctrl Pts',(3.46118790059365,-0.945780185653425,124.));
#1963=CARTESIAN_POINT('Ctrl Pts',(3.64037417827793,-0.57754970172472,124.));
#1964=CARTESIAN_POINT('Ctrl Pts',(3.69999015539957,-0.173425653345324,124.));
#1965=CARTESIAN_POINT('Ctrl Pts',(3.69999999708027,-0.000102839186808291,
124.));
#1966=CARTESIAN_POINT('',(5.1000035223831,-9.44297130711306E-5,123.747008281113));
#1967=CARTESIAN_POINT('Ctrl Pts',(5.09999998670165,-0.000182334508559388,
123.746998802074));
#1968=CARTESIAN_POINT('Ctrl Pts',(5.09998343926472,-0.113623811326439,123.747002577987));
#1969=CARTESIAN_POINT('Ctrl Pts',(5.08452818141041,-0.226584104679015,123.750551205726));
#1970=CARTESIAN_POINT('Ctrl Pts',(5.00970993152696,-0.494696037446812,123.767408386052));
#1971=CARTESIAN_POINT('Ctrl Pts',(4.93465769885768,-0.642513753341319,123.784215705148));
#1972=CARTESIAN_POINT('Ctrl Pts',(4.74127532671238,-0.889114994864807,123.824919411371));
#1973=CARTESIAN_POINT('Ctrl Pts',(4.62871764138258,-0.989103125458084,123.847740777439));
#1974=CARTESIAN_POINT('Ctrl Pts',(4.37021548415333,-1.14696687713503,123.895332973558));
#1975=CARTESIAN_POINT('Ctrl Pts',(4.22510149033379,-1.20232302809151,123.919800885558));
#1976=CARTESIAN_POINT('Ctrl Pts',(3.94736932512078,-1.25276459172975,123.95853861616));
#1977=CARTESIAN_POINT('Ctrl Pts',(3.81822376336443,-1.25621812355693,123.973610235996));
#1978=CARTESIAN_POINT('Ctrl Pts',(3.56711508871746,-1.22390449412206,123.994268412994));
#1979=CARTESIAN_POINT('Ctrl Pts',(3.44665284405355,-1.18969884497283,124.));
#1980=CARTESIAN_POINT('Ctrl Pts',(3.33303606767795,-1.1380897559849,124.));
#1981=CARTESIAN_POINT('',(7.6999999906318,-0.00032996867884369,120.));
#1982=CARTESIAN_POINT('Ctrl Pts',(6.66167294019715,-3.35623685906485,120.));
#1983=CARTESIAN_POINT('Ctrl Pts',(6.99009509206235,-2.86339394394393,120.));
#1984=CARTESIAN_POINT('Ctrl Pts',(7.50180609573445,-1.84617867798543,120.));
#1985=CARTESIAN_POINT('Ctrl Pts',(7.69996841272387,-0.556451634667973,120.));
#1986=CARTESIAN_POINT('Ctrl Pts',(7.6999999906318,-0.000329968678842996,
120.));
#1987=CARTESIAN_POINT('Origin',(3.69999999708027,-0.000102839186808014,
120.));
#1988=CARTESIAN_POINT('Ctrl Pts',(7.6999999906318,-0.000329968678844036,
120.));
#1989=CARTESIAN_POINT('Ctrl Pts',(7.7000315741654,0.555890771681217,120.));
#1990=CARTESIAN_POINT('Ctrl Pts',(7.50191664326721,1.84595823005412,120.));
#1991=CARTESIAN_POINT('Ctrl Pts',(6.99015359652538,2.86330615140402,120.));
#1992=CARTESIAN_POINT('Ctrl Pts',(6.66167293506222,3.35623686677053,120.));
#1993=CARTESIAN_POINT('Ctrl Pts',(7.6999999906318,-0.000329968678844036,
121.196797201368));
#1994=CARTESIAN_POINT('Ctrl Pts',(7.70003163785017,0.557012330384347,121.196797201368));
#1995=CARTESIAN_POINT('Ctrl Pts',(7.50219617210593,1.84739262499275,121.196797201368));
#1996=CARTESIAN_POINT('Ctrl Pts',(6.99074036662225,2.86242562162696,121.196797201368));
#1997=CARTESIAN_POINT('Ctrl Pts',(6.66167293506222,3.35623686677053,121.196797201368));
#1998=CARTESIAN_POINT('Ctrl Pts',(6.69563695762596,-0.000272938562375547,
123.268830343681));
#1999=CARTESIAN_POINT('Ctrl Pts',(6.69566307294357,0.459646507966233,123.268830343681));
#2000=CARTESIAN_POINT('Ctrl Pts',(6.53228649468366,1.52723951400662,123.268830343681));
#2001=CARTESIAN_POINT('Ctrl Pts',(6.10398132858887,2.38195554527298,123.268830343681));
#2002=CARTESIAN_POINT('Ctrl Pts',(5.82588297823674,2.79928062666653,123.268830343681));
#2003=CARTESIAN_POINT('Ctrl Pts',(4.59759789665889,-0.000153806925636288,
124.));
#2004=CARTESIAN_POINT('Ctrl Pts',(4.5976126022909,0.25882853579397,124.));
#2005=CARTESIAN_POINT('Ctrl Pts',(4.50685891830203,0.861752990365874,124.));
#2006=CARTESIAN_POINT('Ctrl Pts',(4.25295376036781,1.37627037689987,124.));
#2007=CARTESIAN_POINT('Ctrl Pts',(4.07998043248499,1.6358408060168,124.));
#2008=CARTESIAN_POINT('Ctrl Pts',(3.69999999708027,-0.000102839186808187,
124.));
#2009=CARTESIAN_POINT('Ctrl Pts',(3.70000984051429,0.173250852835008,124.));
#2010=CARTESIAN_POINT('Ctrl Pts',(3.64041033838856,0.577471712921447,124.));
#2011=CARTESIAN_POINT('Ctrl Pts',(3.46121072940922,0.945745928442991,124.));
#2012=CARTESIAN_POINT('Ctrl Pts',(3.33303606567544,1.13808975898912,124.));
#2013=CARTESIAN_POINT('Ctrl Pts',(7.6999999906318,-0.000329968678844036,
120.));
#2014=CARTESIAN_POINT('Ctrl Pts',(7.7000315741654,0.555890771681217,120.));
#2015=CARTESIAN_POINT('Ctrl Pts',(7.50191664326721,1.84595823005412,120.));
#2016=CARTESIAN_POINT('Ctrl Pts',(6.99015359652538,2.86330615140402,120.));
#2017=CARTESIAN_POINT('Ctrl Pts',(6.66167293506222,3.35623686677053,120.));
#2018=CARTESIAN_POINT('Ctrl Pts',(3.33303606714906,1.13808975574497,124.));
#2019=CARTESIAN_POINT('Ctrl Pts',(3.43268159642601,1.18335256954853,124.000000000015));
#2020=CARTESIAN_POINT('Ctrl Pts',(3.53766900242039,1.21526215064739,123.995597235746));
#2021=CARTESIAN_POINT('Ctrl Pts',(3.78069870215767,1.25559687471795,123.977647692659));
#2022=CARTESIAN_POINT('Ctrl Pts',(3.9183857977593,1.25555394921819,123.962212490181));
#2023=CARTESIAN_POINT('Ctrl Pts',(4.20369695112021,1.2086125245086,123.923144487322));
#2024=CARTESIAN_POINT('Ctrl Pts',(4.34840654053116,1.1564167103408,123.899075858138));
#2025=CARTESIAN_POINT('Ctrl Pts',(4.6194309642501,0.998269097426494,123.849696846678));
#2026=CARTESIAN_POINT('Ctrl Pts',(4.74208123612567,0.890487217747738,123.824799173551));
#2027=CARTESIAN_POINT('Ctrl Pts',(4.92388950634616,0.654062107113297,123.786437269171));
#2028=CARTESIAN_POINT('Ctrl Pts',(4.98891654569159,0.533020264214651,123.772020629816));
#2029=CARTESIAN_POINT('Ctrl Pts',(5.07734618083469,0.273701957039325,123.752214370454));
#2030=CARTESIAN_POINT('Ctrl Pts',(5.1,0.137432298660831,123.746998799039));
#2031=CARTESIAN_POINT('Ctrl Pts',(5.1,1.53245471867791E-13,123.746998799039));
#2032=CARTESIAN_POINT('Ctrl Pts',(-7.7,-8.00615252071601E-16,114.));
#2033=CARTESIAN_POINT('Ctrl Pts',(-7.7,-8.00615252071601E-16,124.));
#2034=CARTESIAN_POINT('Ctrl Pts',(-7.7,-1.78001287090254,114.));
#2035=CARTESIAN_POINT('Ctrl Pts',(-7.7,-1.78001287090254,124.));
#2036=CARTESIAN_POINT('Ctrl Pts',(-6.84607881136318,-3.56650036020139,114.));
#2037=CARTESIAN_POINT('Ctrl Pts',(-6.84607881136318,-3.56650036020139,124.));
#2038=CARTESIAN_POINT('Ctrl Pts',(-5.32777302597771,-4.83382139191761,114.));
#2039=CARTESIAN_POINT('Ctrl Pts',(-5.32777302597771,-4.83382139191761,124.));
#2040=CARTESIAN_POINT('Ctrl Pts',(-3.86619015652201,-6.05379613474394,114.));
#2041=CARTESIAN_POINT('Ctrl Pts',(-3.86619015652201,-6.05379613474394,124.));
#2042=CARTESIAN_POINT('Ctrl Pts',(-1.80063257585038,-6.75544709441683,114.));
#2043=CARTESIAN_POINT('Ctrl Pts',(-1.80063257585038,-6.75544709441683,124.));
#2044=CARTESIAN_POINT('Ctrl Pts',(0.25372222563815,-6.69635170911291,114.));
#2045=CARTESIAN_POINT('Ctrl Pts',(0.25372222563815,-6.69635170911291,124.));
#2046=CARTESIAN_POINT('Ctrl Pts',(2.28359922180622,-6.63796045015355,114.));
#2047=CARTESIAN_POINT('Ctrl Pts',(2.28359922180622,-6.63796045015355,124.));
#2048=CARTESIAN_POINT('Ctrl Pts',(4.26612926844591,-5.838812369512,114.));
#2049=CARTESIAN_POINT('Ctrl Pts',(4.26612926844591,-5.838812369512,124.));
#2050=CARTESIAN_POINT('Ctrl Pts',(5.62771631224158,-4.569212329079,114.));
#2051=CARTESIAN_POINT('Ctrl Pts',(5.62771631224158,-4.569212329079,124.));
#2052=CARTESIAN_POINT('Ctrl Pts',(6.96223091515441,-3.3248557515565,114.));
#2053=CARTESIAN_POINT('Ctrl Pts',(6.96223091515441,-3.3248557515565,124.));
#2054=CARTESIAN_POINT('Ctrl Pts',(7.69990568186967,-1.66121092480128,114.));
#2055=CARTESIAN_POINT('Ctrl Pts',(7.69990568186967,-1.66121092480128,124.));
#2056=CARTESIAN_POINT('Ctrl Pts',(7.6999999906318,-0.000329968678843958,
114.));
#2057=CARTESIAN_POINT('Ctrl Pts',(7.6999999906318,-0.000329968678843958,
124.));
#2058=CARTESIAN_POINT('',(-7.7,-8.00615252071601E-16,114.));
#2059=CARTESIAN_POINT('',(7.6999999906318,-0.000329968678843958,114.));
#2060=CARTESIAN_POINT('Origin',(3.85,1.53240308345106E-13,114.));
#2061=CARTESIAN_POINT('',(5.1,1.53087227495213E-13,100.100001400709));
#2062=CARTESIAN_POINT('',(5.1,1.53087227495213E-13,114.));
#2063=CARTESIAN_POINT('Origin',(3.85,1.53240308345106E-13,98.8500014007092));
#2064=CARTESIAN_POINT('Origin',(3.85,1.53240308345106E-13,124.));
#2065=CARTESIAN_POINT('Origin',(-0.700017221394073,-5.92241599943128E-5,
124.));
#2066=CARTESIAN_POINT('Origin',(-3.85,2.90015214376762,124.));
#2067=CARTESIAN_POINT('Origin',(-3.85,-2.90015214376762,124.));
#2068=CARTESIAN_POINT('Ctrl Pts',(7.6999999906318,-0.000329968678843958,
114.));
#2069=CARTESIAN_POINT('Ctrl Pts',(7.6999999906318,-0.000329968678843958,
124.));
#2070=CARTESIAN_POINT('Ctrl Pts',(7.70001407100282,0.247640840791153,114.));
#2071=CARTESIAN_POINT('Ctrl Pts',(7.70001407100282,0.247640840791153,124.));
#2072=CARTESIAN_POINT('Ctrl Pts',(7.68415272333605,0.495453172185292,114.));
#2073=CARTESIAN_POINT('Ctrl Pts',(7.68415272333605,0.495453172185292,124.));
#2074=CARTESIAN_POINT('Ctrl Pts',(7.65249706963777,0.741897838322965,114.));
#2075=CARTESIAN_POINT('Ctrl Pts',(7.65249706963777,0.741897838322965,124.));
#2076=CARTESIAN_POINT('Ctrl Pts',(7.42887990162367,2.48279565200101,114.));
#2077=CARTESIAN_POINT('Ctrl Pts',(7.42887990162367,2.48279565200101,124.));
#2078=CARTESIAN_POINT('Ctrl Pts',(6.37713566852699,4.16172451278478,114.));
#2079=CARTESIAN_POINT('Ctrl Pts',(6.37713566852699,4.16172451278478,124.));
#2080=CARTESIAN_POINT('Ctrl Pts',(4.74318287276525,5.27500273882715,114.));
#2081=CARTESIAN_POINT('Ctrl Pts',(4.74318287276525,5.27500273882715,124.));
#2082=CARTESIAN_POINT('Ctrl Pts',(3.17028186317082,6.34668390993784,114.));
#2083=CARTESIAN_POINT('Ctrl Pts',(3.17028186317082,6.34668390993784,124.));
#2084=CARTESIAN_POINT('Ctrl Pts',(1.0712207109805,6.86373397908453,114.));
#2085=CARTESIAN_POINT('Ctrl Pts',(1.0712207109805,6.86373397908453,124.));
#2086=CARTESIAN_POINT('Ctrl Pts',(-0.93205795945765,6.65059964203149,114.));
#2087=CARTESIAN_POINT('Ctrl Pts',(-0.93205795945765,6.65059964203149,124.));
#2088=CARTESIAN_POINT('Ctrl Pts',(-2.90618877481092,6.44056642558723,114.));
#2089=CARTESIAN_POINT('Ctrl Pts',(-2.90618877481092,6.44056642558723,124.));
#2090=CARTESIAN_POINT('Ctrl Pts',(-4.76385696113225,5.52732718574789,114.));
#2091=CARTESIAN_POINT('Ctrl Pts',(-4.76385696113225,5.52732718574789,124.));
#2092=CARTESIAN_POINT('Ctrl Pts',(-5.98959891422666,4.20661620024861,114.));
#2093=CARTESIAN_POINT('Ctrl Pts',(-5.98959891422666,4.20661620024861,124.));
#2094=CARTESIAN_POINT('Ctrl Pts',(-7.09935827188623,3.01087400408612,114.));
#2095=CARTESIAN_POINT('Ctrl Pts',(-7.09935827188623,3.01087400408612,124.));
#2096=CARTESIAN_POINT('Ctrl Pts',(-7.7,1.50314768654669,114.));
#2097=CARTESIAN_POINT('Ctrl Pts',(-7.7,1.50314768654669,124.));
#2098=CARTESIAN_POINT('Ctrl Pts',(-7.7,8.00615252071602E-16,114.));
#2099=CARTESIAN_POINT('Ctrl Pts',(-7.7,8.00615252071602E-16,124.));
#2100=CARTESIAN_POINT('Origin',(-3.85,-2.90015214376762,114.));
#2101=CARTESIAN_POINT('',(-1.85,-2.90015214376762,94.));
#2102=CARTESIAN_POINT('',(-1.85,-2.90015214376762,114.));
#2103=CARTESIAN_POINT('Origin',(-3.85,-2.90015214376762,94.));
#2104=CARTESIAN_POINT('Origin',(-3.85,2.90015214376762,114.));
#2105=CARTESIAN_POINT('',(-1.85,2.90015214376762,94.));
#2106=CARTESIAN_POINT('',(-1.85,2.90015214376762,114.));
#2107=CARTESIAN_POINT('Origin',(-3.85,2.90015214376762,94.));
#2108=CARTESIAN_POINT('Origin',(1.23259516440783E-31,0.,95.0000014007092));
#2109=CARTESIAN_POINT('Origin',(-0.727291660606539,-6.19192354991962E-5,
94.));
#2110=CARTESIAN_POINT('',(0.,0.,0.));
#2111=CARTESIAN_POINT('',(0.,0.,0.));
#2112=CARTESIAN_POINT('',(0.,0.,0.));
#2113=UNCERTAINTY_MEASURE_WITH_UNIT(LENGTH_MEASURE(0.01),#2123,
'DISTANCE_ACCURACY_VALUE',
'Maximum model space distance between geometric entities at asserted c
onnectivities');
#2114=UNCERTAINTY_MEASURE_WITH_UNIT(LENGTH_MEASURE(0.01),#2123,
'DISTANCE_ACCURACY_VALUE',
'Maximum model space distance between geometric entities at asserted c
onnectivities');
#2115=UNCERTAINTY_MEASURE_WITH_UNIT(LENGTH_MEASURE(0.01),#2123,
'DISTANCE_ACCURACY_VALUE',
'Maximum model space distance between geometric entities at asserted c
onnectivities');
#2116=UNCERTAINTY_MEASURE_WITH_UNIT(LENGTH_MEASURE(0.01),#2123,
'DISTANCE_ACCURACY_VALUE',
'Maximum model space distance between geometric entities at asserted c
onnectivities');
#2117=UNCERTAINTY_MEASURE_WITH_UNIT(LENGTH_MEASURE(0.01),#2123,
'DISTANCE_ACCURACY_VALUE',
'Maximum model space distance between geometric entities at asserted c
onnectivities');
#2118=(
GEOMETRIC_REPRESENTATION_CONTEXT(3)
GLOBAL_UNCERTAINTY_ASSIGNED_CONTEXT((#2113))
GLOBAL_UNIT_ASSIGNED_CONTEXT((#2123,#2125,#2126))
REPRESENTATION_CONTEXT('','3D')
);
#2119=(
GEOMETRIC_REPRESENTATION_CONTEXT(3)
GLOBAL_UNCERTAINTY_ASSIGNED_CONTEXT((#2114))
GLOBAL_UNIT_ASSIGNED_CONTEXT((#2123,#2125,#2126))
REPRESENTATION_CONTEXT('','3D')
);
#2120=(
GEOMETRIC_REPRESENTATION_CONTEXT(3)
GLOBAL_UNCERTAINTY_ASSIGNED_CONTEXT((#2115))
GLOBAL_UNIT_ASSIGNED_CONTEXT((#2123,#2125,#2126))
REPRESENTATION_CONTEXT('','3D')
);
#2121=(
GEOMETRIC_REPRESENTATION_CONTEXT(3)
GLOBAL_UNCERTAINTY_ASSIGNED_CONTEXT((#2116))
GLOBAL_UNIT_ASSIGNED_CONTEXT((#2123,#2125,#2126))
REPRESENTATION_CONTEXT('','3D')
);
#2122=(
GEOMETRIC_REPRESENTATION_CONTEXT(3)
GLOBAL_UNCERTAINTY_ASSIGNED_CONTEXT((#2117))
GLOBAL_UNIT_ASSIGNED_CONTEXT((#2123,#2125,#2126))
REPRESENTATION_CONTEXT('','3D')
);
#2123=(
LENGTH_UNIT()
NAMED_UNIT(*)
SI_UNIT(.MILLI.,.METRE.)
);
#2124=(
LENGTH_UNIT()
NAMED_UNIT(*)
SI_UNIT($,.METRE.)
);
#2125=(
NAMED_UNIT(*)
PLANE_ANGLE_UNIT()
SI_UNIT($,.RADIAN.)
);
#2126=(
NAMED_UNIT(*)
SI_UNIT($,.STERADIAN.)
SOLID_ANGLE_UNIT()
);
#2127=SHAPE_DEFINITION_REPRESENTATION(#2131,#2138);
#2128=SHAPE_DEFINITION_REPRESENTATION(#2132,#2139);
#2129=SHAPE_DEFINITION_REPRESENTATION(#2133,#2140);
#2130=SHAPE_DEFINITION_REPRESENTATION(#2134,#2141);
#2131=PRODUCT_DEFINITION_SHAPE('',$,#2143);
#2132=PRODUCT_DEFINITION_SHAPE('',$,#2144);
#2133=PRODUCT_DEFINITION_SHAPE('',$,#2145);
#2134=PRODUCT_DEFINITION_SHAPE('',$,#2146);
#2135=PRODUCT_DEFINITION_SHAPE($,$,#20);
#2136=PRODUCT_DEFINITION_SHAPE($,$,#21);
#2137=PRODUCT_DEFINITION_SHAPE($,$,#22);
#2138=SHAPE_REPRESENTATION('',(#666,#719,#720,#721),#2118);
#2139=SHAPE_REPRESENTATION('',(#667),#2119);
#2140=SHAPE_REPRESENTATION('',(#685),#2120);
#2141=SHAPE_REPRESENTATION('',(#701),#2121);
#2142=PRODUCT_DEFINITION_CONTEXT('part definition',#2156,'design');
#2143=PRODUCT_DEFINITION('2025-12-07-22-56-40-952','Middle Finger',#2147,
#2142);
#2144=PRODUCT_DEFINITION('2025-12-07-22-56-49-577','Proximal phalanx',#2148,
#2142);
#2145=PRODUCT_DEFINITION('2025-12-07-23-02-24-019','Middle phalanx',#2149,
#2142);
#2146=PRODUCT_DEFINITION('2025-12-07-23-08-42-847','Distal phalanx',#2150,
#2142);
#2147=PRODUCT_DEFINITION_FORMATION('',$,#2158);
#2148=PRODUCT_DEFINITION_FORMATION('',$,#2159);
#2149=PRODUCT_DEFINITION_FORMATION('',$,#2160);
#2150=PRODUCT_DEFINITION_FORMATION('',$,#2161);
#2151=PRODUCT_RELATED_PRODUCT_CATEGORY('Middle Finger','Middle Finger',
(#2158));
#2152=PRODUCT_RELATED_PRODUCT_CATEGORY('Proximal phalanx',
'Proximal phalanx',(#2159));
#2153=PRODUCT_RELATED_PRODUCT_CATEGORY('Middle phalanx',
'Middle phalanx',(#2160));
#2154=PRODUCT_RELATED_PRODUCT_CATEGORY('Distal phalanx',
'Distal phalanx',(#2161));
#2155=APPLICATION_PROTOCOL_DEFINITION('international standard',
'automotive_design',2009,#2156);
#2156=APPLICATION_CONTEXT(
'Core Data for Automotive Mechanical Design Process');
#2157=PRODUCT_CONTEXT('part definition',#2156,'mechanical');
#2158=PRODUCT('2025-12-07-22-56-40-952','Middle Finger',$,(#2157));
#2159=PRODUCT('2025-12-07-22-56-49-577','Proximal phalanx',$,(#2157));
#2160=PRODUCT('2025-12-07-23-02-24-019','Middle phalanx',$,(#2157));
#2161=PRODUCT('2025-12-07-23-08-42-847','Distal phalanx',$,(#2157));
#2162=PRESENTATION_STYLE_ASSIGNMENT((#2163));
#2163=SURFACE_STYLE_USAGE(.BOTH.,#2164);
#2164=SURFACE_SIDE_STYLE('',(#2165));
#2165=SURFACE_STYLE_FILL_AREA(#2166);
#2166=FILL_AREA_STYLE('Steel - Satin',(#2167));
#2167=FILL_AREA_STYLE_COLOUR('Steel - Satin',#2168);
#2168=COLOUR_RGB('Steel - Satin',0.627450980392157,0.627450980392157,0.627450980392157);
ENDSEC;
END-ISO-10303-21;
