ISO-10303-21;
HEADER;
/* Generated by software containing ST-Developer
 * from STEP Tools, Inc. (www.steptools.com) 
 */

FILE_DESCRIPTION(
/* description */ (''),
/* implementation_level */ '2;1');

FILE_NAME(
/* name */ 'Palm 1.step',
/* time_stamp */ '2026-01-04T20:50:21Z',
/* author */ (''),
/* organization */ (''),
/* preprocessor_version */ 'ST-DEVELOPER v20.1',
/* originating_system */ 'Autodesk Translation Framework v14.21.0.0',
/* authorisation */ '');

FILE_SCHEMA (('AUTOMOTIVE_DESIGN { 1 0 10303 214 3 1 1 }'));
ENDSEC;

DATA;
#10=MECHANICAL_DESIGN_GEOMETRIC_PRESENTATION_REPRESENTATION('',(#21),#2865);
#11=ITEM_DEFINED_TRANSFORMATION($,$,#1619,#1750);
#12=ITEM_DEFINED_TRANSFORMATION($,$,#1618,#1751);
#13=(
REPRESENTATION_RELATIONSHIP($,$,#2880,#2879)
REPRESENTATION_RELATIONSHIP_WITH_TRANSFORMATION(#11)
SHAPE_REPRESENTATION_RELATIONSHIP()
);
#14=(
REPRESENTATION_RELATIONSHIP($,$,#2879,#2878)
REPRESENTATION_RELATIONSHIP_WITH_TRANSFORMATION(#12)
SHAPE_REPRESENTATION_RELATIONSHIP()
);
#15=CONTEXT_DEPENDENT_SHAPE_REPRESENTATION(#13,#2876);
#16=CONTEXT_DEPENDENT_SHAPE_REPRESENTATION(#14,#2877);
#17=NEXT_ASSEMBLY_USAGE_OCCURRENCE('Palm:1','Palm:1','Palm:1',#2883,#2884,
'Palm:1');
#18=NEXT_ASSEMBLY_USAGE_OCCURRENCE('Arm:1','Arm:1','Arm:1',#2882,#2883,
'Arm:1');
#19=SHAPE_REPRESENTATION_RELATIONSHIP('SRR','None',#2880,#20);
#20=ADVANCED_BREP_SHAPE_REPRESENTATION('',(#22),#2864);
#21=STYLED_ITEM('',(#2898),#22);
#22=MANIFOLD_SOLID_BREP('Body1',#1604);
#23=(
BOUNDED_SURFACE()
B_SPLINE_SURFACE(5,1,((#2748,#2749),(#2750,#2751),(#2752,#2753),(#2754,
#2755),(#2756,#2757),(#2758,#2759),(#2760,#2761),(#2762,#2763),(#2764,#2765),
(#2766,#2767),(#2768,#2769),(#2770,#2771),(#2772,#2773),(#2774,#2775),(#2776,
#2777)),.UNSPECIFIED.,.F.,.F.,.F.)
B_SPLINE_SURFACE_WITH_KNOTS((6,1,1,1,1,1,1,1,1,1,6),(2,2),(-1.,-0.9,-0.8,
-0.7,-0.6,-0.5,-0.4,-0.3,-0.2,-0.1,0.),(0.,10.),.UNSPECIFIED.)
GEOMETRIC_REPRESENTATION_ITEM()
RATIONAL_B_SPLINE_SURFACE(((1.,1.),(1.,1.),(1.,1.),(1.,1.),(1.,1.),(1.,
1.),(1.,1.),(1.,1.),(1.,1.),(1.,1.),(1.,1.),(1.,1.),(1.,1.),(1.,1.),(1.,
1.)))
REPRESENTATION_ITEM('')
SURFACE()
);
#24=FACE_BOUND('',#272,.T.);
#25=FACE_BOUND('',#273,.T.);
#26=FACE_BOUND('',#274,.T.);
#27=FACE_BOUND('',#275,.T.);
#28=FACE_BOUND('',#276,.T.);
#29=FACE_BOUND('',#285,.T.);
#30=FACE_BOUND('',#288,.T.);
#31=FACE_BOUND('',#289,.T.);
#32=FACE_BOUND('',#290,.T.);
#33=FACE_BOUND('',#291,.T.);
#34=FACE_BOUND('',#298,.T.);
#35=FACE_BOUND('',#299,.T.);
#36=FACE_BOUND('',#300,.T.);
#37=FACE_BOUND('',#301,.T.);
#38=FACE_BOUND('',#302,.T.);
#39=FACE_BOUND('',#303,.T.);
#40=FACE_BOUND('',#304,.T.);
#41=FACE_BOUND('',#307,.T.);
#42=FACE_BOUND('',#308,.T.);
#43=FACE_BOUND('',#309,.T.);
#44=FACE_BOUND('',#310,.T.);
#45=FACE_BOUND('',#315,.T.);
#46=FACE_BOUND('',#337,.T.);
#47=FACE_BOUND('',#338,.T.);
#48=FACE_BOUND('',#339,.T.);
#49=FACE_BOUND('',#340,.T.);
#50=FACE_BOUND('',#341,.T.);
#51=B_SPLINE_SURFACE_WITH_KNOTS('',3,1,((#2286,#2287),(#2288,#2289),(#2290,
#2291),(#2292,#2293),(#2294,#2295),(#2296,#2297),(#2298,#2299)),
 .UNSPECIFIED.,.F.,.F.,.F.,(4,3,4),(2,2),(-1.,-0.458197975331576,0.),(1.384,
3.),.UNSPECIFIED.);
#52=B_SPLINE_SURFACE_WITH_KNOTS('',3,1,((#2416,#2417),(#2418,#2419),(#2420,
#2421),(#2422,#2423)),.UNSPECIFIED.,.F.,.F.,.F.,(4,4),(2,2),(-0.857712281458065,
-0.791717088095869),(1.4,1.70001058096066),.UNSPECIFIED.);
#53=B_SPLINE_SURFACE_WITH_KNOTS('',3,1,((#2446,#2447),(#2448,#2449),(#2450,
#2451),(#2452,#2453)),.UNSPECIFIED.,.F.,.F.,.F.,(4,4),(2,2),(-0.286456063105218,
-0.214455292249991),(1.4,1.70001095043982),.UNSPECIFIED.);
#54=B_SPLINE_CURVE_WITH_KNOTS('',3,(#2274,#2275,#2276,#2277),
 .UNSPECIFIED.,.F.,.F.,(4,4),(-0.786175091495087,-0.186691570968471),
 .UNSPECIFIED.);
#55=B_SPLINE_CURVE_WITH_KNOTS('',3,(#2281,#2282,#2283,#2284),
 .UNSPECIFIED.,.F.,.F.,(4,4),(-0.857712281458065,-0.791717088095869),
 .UNSPECIFIED.);
#56=B_SPLINE_CURVE_WITH_KNOTS('',3,(#2301,#2302,#2303,#2304),
 .UNSPECIFIED.,.F.,.F.,(4,4),(-0.25,-0.0500000000000012),.UNSPECIFIED.);
#57=B_SPLINE_CURVE_WITH_KNOTS('',3,(#2306,#2307,#2308,#2309),
 .UNSPECIFIED.,.F.,.F.,(4,4),(-0.25,-0.0500000000000009),.UNSPECIFIED.);
#58=B_SPLINE_CURVE_WITH_KNOTS('',3,(#2311,#2312,#2313,#2314),
 .UNSPECIFIED.,.F.,.F.,(4,4),(-0.100000000000002,0.),.UNSPECIFIED.);
#59=B_SPLINE_CURVE_WITH_KNOTS('',3,(#2316,#2317,#2318,#2319,#2320,#2321,
#2322),.UNSPECIFIED.,.F.,.F.,(4,3,4),(0.286456063105218,0.458197975331576,
0.791717088100137),.UNSPECIFIED.);
#60=B_SPLINE_CURVE_WITH_KNOTS('',3,(#2324,#2325,#2326,#2327),
 .UNSPECIFIED.,.F.,.F.,(4,4),(-0.150000000000005,-0.0500000000000032),
 .UNSPECIFIED.);
#61=B_SPLINE_CURVE_WITH_KNOTS('',3,(#2329,#2330,#2331,#2332),
 .UNSPECIFIED.,.F.,.F.,(4,4),(-0.25,-0.0499999999999992),.UNSPECIFIED.);
#62=B_SPLINE_CURVE_WITH_KNOTS('',3,(#2334,#2335,#2336,#2337),
 .UNSPECIFIED.,.F.,.F.,(4,4),(-0.740229366643154,-0.140358141814177),
 .UNSPECIFIED.);
#63=B_SPLINE_CURVE_WITH_KNOTS('',3,(#2339,#2340,#2341,#2342),
 .UNSPECIFIED.,.F.,.F.,(4,4),(-0.25,-0.0500000000000012),.UNSPECIFIED.);
#64=B_SPLINE_CURVE_WITH_KNOTS('',3,(#2344,#2345,#2346,#2347),
 .UNSPECIFIED.,.F.,.F.,(4,4),(-0.100000000000002,0.),.UNSPECIFIED.);
#65=B_SPLINE_CURVE_WITH_KNOTS('',3,(#2349,#2350,#2351,#2352),
 .UNSPECIFIED.,.F.,.F.,(4,4),(0.000654186972854052,0.214455292301045),
 .UNSPECIFIED.);
#66=B_SPLINE_CURVE_WITH_KNOTS('',3,(#2354,#2355,#2356,#2357),
 .UNSPECIFIED.,.F.,.F.,(4,4),(1.30329856599312,1.6),.UNSPECIFIED.);
#67=B_SPLINE_CURVE_WITH_KNOTS('',3,(#2359,#2360,#2361,#2362),
 .UNSPECIFIED.,.F.,.F.,(4,4),(-1.84400175606915,-0.198495224461784),
 .UNSPECIFIED.);
#68=B_SPLINE_CURVE_WITH_KNOTS('',3,(#2364,#2365,#2366,#2367,#2368,#2369,
#2370),.UNSPECIFIED.,.F.,.F.,(4,3,4),(-7.23221872776605,-4.58007456746316,
-0.101786921958636),.UNSPECIFIED.);
#69=B_SPLINE_CURVE_WITH_KNOTS('',3,(#2372,#2373,#2374,#2375),
 .UNSPECIFIED.,.F.,.F.,(4,4),(-1.476,-1.2501769534122),.UNSPECIFIED.);
#70=B_SPLINE_CURVE_WITH_KNOTS('',3,(#2377,#2378,#2379,#2380),
 .UNSPECIFIED.,.F.,.F.,(4,4),(-2.03251625674461,-1.79224910800532),
 .UNSPECIFIED.);
#71=B_SPLINE_CURVE_WITH_KNOTS('',3,(#2382,#2383,#2384,#2385,#2386,#2387),
 .UNSPECIFIED.,.F.,.F.,(4,2,4),(-1.18838515032702,-0.73,-0.586406355305687),
 .UNSPECIFIED.);
#72=B_SPLINE_CURVE_WITH_KNOTS('',3,(#2389,#2390,#2391,#2392),
 .UNSPECIFIED.,.F.,.F.,(4,4),(-0.238398482750726,0.),.UNSPECIFIED.);
#73=B_SPLINE_CURVE_WITH_KNOTS('',3,(#2394,#2395,#2396,#2397),
 .UNSPECIFIED.,.F.,.F.,(4,4),(-0.556614552220494,-0.0159999999999985),
 .UNSPECIFIED.);
#74=B_SPLINE_CURVE_WITH_KNOTS('',3,(#2399,#2400,#2401,#2402),
 .UNSPECIFIED.,.F.,.F.,(4,4),(0.857712281458065,0.989034866400209),
 .UNSPECIFIED.);
#75=B_SPLINE_CURVE_WITH_KNOTS('',3,(#2403,#2404,#2405,#2406),
 .UNSPECIFIED.,.F.,.F.,(4,4),(-0.150000000000002,-0.0500000000000008),
 .UNSPECIFIED.);
#76=B_SPLINE_CURVE_WITH_KNOTS('',3,(#2411,#2412,#2413,#2414),
 .UNSPECIFIED.,.F.,.F.,(4,4),(-0.286456063105218,-0.214455292386748),
 .UNSPECIFIED.);
#77=B_SPLINE_CURVE_WITH_KNOTS('',3,(#2426,#2427,#2428,#2429),
 .UNSPECIFIED.,.F.,.F.,(4,4),(0.,0.100000000000002),.UNSPECIFIED.);
#78=B_SPLINE_CURVE_WITH_KNOTS('',3,(#2434,#2435,#2436,#2437),
 .UNSPECIFIED.,.F.,.F.,(4,4),(0.199999999999998,0.3),.UNSPECIFIED.);
#79=B_SPLINE_CURVE_WITH_KNOTS('',3,(#2438,#2439,#2440,#2441),
 .UNSPECIFIED.,.F.,.F.,(4,4),(0.791717088100137,0.857712281458065),
 .UNSPECIFIED.);
#80=B_SPLINE_CURVE_WITH_KNOTS('',3,(#2456,#2457,#2458,#2459),
 .UNSPECIFIED.,.F.,.F.,(4,4),(0.,0.100000000000002),.UNSPECIFIED.);
#81=B_SPLINE_CURVE_WITH_KNOTS('',3,(#2464,#2465,#2466,#2467),
 .UNSPECIFIED.,.F.,.F.,(4,4),(0.199999999999998,0.3),.UNSPECIFIED.);
#82=B_SPLINE_CURVE_WITH_KNOTS('',3,(#2468,#2469,#2470,#2471),
 .UNSPECIFIED.,.F.,.F.,(4,4),(0.214455292335138,0.286456063105218),
 .UNSPECIFIED.);
#83=B_SPLINE_CURVE_WITH_KNOTS('',3,(#2682,#2683,#2684,#2685,#2686,#2687,
#2688),.UNSPECIFIED.,.F.,.F.,(4,3,4),(-1.5560821717039,-0.76274162663812,
0.),.UNSPECIFIED.);
#84=B_SPLINE_CURVE_WITH_KNOTS('',3,(#2702,#2703,#2704,#2705,#2706,#2707),
 .UNSPECIFIED.,.F.,.F.,(4,2,4),(1.09442686575831,4.07933702330628,8.39249399758991),
 .UNSPECIFIED.);
#85=B_SPLINE_CURVE_WITH_KNOTS('',3,(#2779,#2780,#2781,#2782,#2783,#2784,
#2785,#2786,#2787,#2788,#2789,#2790,#2791,#2792,#2793,#2794,#2795,#2796,
#2797,#2798,#2799,#2800,#2801,#2802,#2803,#2804,#2805,#2806,#2807,#2808,
#2809,#2810,#2811,#2812,#2813,#2814,#2815,#2816,#2817,#2818,#2819,#2820,
#2821,#2822,#2823,#2824,#2825,#2826,#2827,#2828,#2829,#2830,#2831,#2832,
#2833,#2834,#2835,#2836,#2837,#2838,#2839,#2840,#2841,#2842,#2843,#2844,
#2845),.UNSPECIFIED.,.F.,.F.,(4,3,3,3,3,3,3,3,3,3,3,3,3,3,3,3,3,3,3,3,3,
3,4),(-8.39249399758811,-8.03813518455176,-7.67998608622076,-7.31530487626321,
-6.93798532038292,-6.54253427277825,-6.08479264612211,-5.43337670583782,
-5.04038909753569,-4.70375980787385,-4.39706921671096,-4.09969753562306,
-3.79218091470796,-3.46844082741847,-3.11986875025308,-2.71816421451023,
-2.03862316088267,-1.60230841052805,-1.20173130789604,-0.836684854229957,
-0.479073965241382,-0.127271479880037,0.),.UNSPECIFIED.);
#86=ELLIPSE('',#1630,8.13137128227048,3.95);
#87=ELLIPSE('',#1631,8.13137128227048,3.95);
#88=ELLIPSE('',#1655,1.52596823595182,1.25);
#89=ELLIPSE('',#1656,1.52596823595182,1.25);
#90=ELLIPSE('',#1658,1.76776695296637,1.25);
#91=ELLIPSE('',#1659,1.76776695296637,1.25);
#92=ELLIPSE('',#1661,1.76776695296637,1.25);
#93=ELLIPSE('',#1662,1.76776695296637,1.25);
#94=ELLIPSE('',#1664,1.76776695296637,1.25);
#95=ELLIPSE('',#1665,1.76776695296637,1.25);
#96=ELLIPSE('',#1667,1.76776695296637,1.25);
#97=ELLIPSE('',#1668,1.76776695296637,1.25);
#98=PLANE('',#1623);
#99=PLANE('',#1627);
#100=PLANE('',#1628);
#101=PLANE('',#1629);
#102=PLANE('',#1632);
#103=PLANE('',#1633);
#104=PLANE('',#1634);
#105=PLANE('',#1635);
#106=PLANE('',#1636);
#107=PLANE('',#1637);
#108=PLANE('',#1638);
#109=PLANE('',#1639);
#110=PLANE('',#1643);
#111=PLANE('',#1647);
#112=PLANE('',#1648);
#113=PLANE('',#1649);
#114=PLANE('',#1650);
#115=PLANE('',#1651);
#116=PLANE('',#1652);
#117=PLANE('',#1653);
#118=PLANE('',#1669);
#119=PLANE('',#1674);
#120=PLANE('',#1682);
#121=PLANE('',#1684);
#122=PLANE('',#1687);
#123=PLANE('',#1692);
#124=PLANE('',#1699);
#125=PLANE('',#1700);
#126=PLANE('',#1701);
#127=PLANE('',#1702);
#128=PLANE('',#1703);
#129=PLANE('',#1704);
#130=PLANE('',#1705);
#131=PLANE('',#1706);
#132=PLANE('',#1709);
#133=PLANE('',#1710);
#134=PLANE('',#1713);
#135=PLANE('',#1714);
#136=PLANE('',#1718);
#137=PLANE('',#1719);
#138=PLANE('',#1721);
#139=PLANE('',#1722);
#140=PLANE('',#1725);
#141=PLANE('',#1728);
#142=PLANE('',#1733);
#143=PLANE('',#1734);
#144=PLANE('',#1737);
#145=PLANE('',#1740);
#146=PLANE('',#1743);
#147=PLANE('',#1746);
#148=PLANE('',#1747);
#149=PLANE('',#1748);
#150=PLANE('',#1749);
#151=FACE_OUTER_BOUND('',#233,.T.);
#152=FACE_OUTER_BOUND('',#234,.T.);
#153=FACE_OUTER_BOUND('',#235,.T.);
#154=FACE_OUTER_BOUND('',#236,.T.);
#155=FACE_OUTER_BOUND('',#237,.T.);
#156=FACE_OUTER_BOUND('',#238,.T.);
#157=FACE_OUTER_BOUND('',#239,.T.);
#158=FACE_OUTER_BOUND('',#240,.T.);
#159=FACE_OUTER_BOUND('',#241,.T.);
#160=FACE_OUTER_BOUND('',#242,.T.);
#161=FACE_OUTER_BOUND('',#243,.T.);
#162=FACE_OUTER_BOUND('',#244,.T.);
#163=FACE_OUTER_BOUND('',#245,.T.);
#164=FACE_OUTER_BOUND('',#246,.T.);
#165=FACE_OUTER_BOUND('',#247,.T.);
#166=FACE_OUTER_BOUND('',#248,.T.);
#167=FACE_OUTER_BOUND('',#249,.T.);
#168=FACE_OUTER_BOUND('',#250,.T.);
#169=FACE_OUTER_BOUND('',#251,.T.);
#170=FACE_OUTER_BOUND('',#252,.T.);
#171=FACE_OUTER_BOUND('',#253,.T.);
#172=FACE_OUTER_BOUND('',#254,.T.);
#173=FACE_OUTER_BOUND('',#255,.T.);
#174=FACE_OUTER_BOUND('',#256,.T.);
#175=FACE_OUTER_BOUND('',#257,.T.);
#176=FACE_OUTER_BOUND('',#258,.T.);
#177=FACE_OUTER_BOUND('',#259,.T.);
#178=FACE_OUTER_BOUND('',#260,.T.);
#179=FACE_OUTER_BOUND('',#261,.T.);
#180=FACE_OUTER_BOUND('',#262,.T.);
#181=FACE_OUTER_BOUND('',#263,.T.);
#182=FACE_OUTER_BOUND('',#264,.T.);
#183=FACE_OUTER_BOUND('',#265,.T.);
#184=FACE_OUTER_BOUND('',#266,.T.);
#185=FACE_OUTER_BOUND('',#267,.T.);
#186=FACE_OUTER_BOUND('',#268,.T.);
#187=FACE_OUTER_BOUND('',#269,.T.);
#188=FACE_OUTER_BOUND('',#270,.T.);
#189=FACE_OUTER_BOUND('',#271,.T.);
#190=FACE_OUTER_BOUND('',#277,.T.);
#191=FACE_OUTER_BOUND('',#278,.T.);
#192=FACE_OUTER_BOUND('',#279,.T.);
#193=FACE_OUTER_BOUND('',#280,.T.);
#194=FACE_OUTER_BOUND('',#281,.T.);
#195=FACE_OUTER_BOUND('',#282,.T.);
#196=FACE_OUTER_BOUND('',#283,.T.);
#197=FACE_OUTER_BOUND('',#284,.T.);
#198=FACE_OUTER_BOUND('',#286,.T.);
#199=FACE_OUTER_BOUND('',#287,.T.);
#200=FACE_OUTER_BOUND('',#292,.T.);
#201=FACE_OUTER_BOUND('',#293,.T.);
#202=FACE_OUTER_BOUND('',#294,.T.);
#203=FACE_OUTER_BOUND('',#295,.T.);
#204=FACE_OUTER_BOUND('',#296,.T.);
#205=FACE_OUTER_BOUND('',#297,.T.);
#206=FACE_OUTER_BOUND('',#305,.T.);
#207=FACE_OUTER_BOUND('',#306,.T.);
#208=FACE_OUTER_BOUND('',#311,.T.);
#209=FACE_OUTER_BOUND('',#312,.T.);
#210=FACE_OUTER_BOUND('',#313,.T.);
#211=FACE_OUTER_BOUND('',#314,.T.);
#212=FACE_OUTER_BOUND('',#316,.T.);
#213=FACE_OUTER_BOUND('',#317,.T.);
#214=FACE_OUTER_BOUND('',#318,.T.);
#215=FACE_OUTER_BOUND('',#319,.T.);
#216=FACE_OUTER_BOUND('',#320,.T.);
#217=FACE_OUTER_BOUND('',#321,.T.);
#218=FACE_OUTER_BOUND('',#322,.T.);
#219=FACE_OUTER_BOUND('',#323,.T.);
#220=FACE_OUTER_BOUND('',#324,.T.);
#221=FACE_OUTER_BOUND('',#325,.T.);
#222=FACE_OUTER_BOUND('',#326,.T.);
#223=FACE_OUTER_BOUND('',#327,.T.);
#224=FACE_OUTER_BOUND('',#328,.T.);
#225=FACE_OUTER_BOUND('',#329,.T.);
#226=FACE_OUTER_BOUND('',#330,.T.);
#227=FACE_OUTER_BOUND('',#331,.T.);
#228=FACE_OUTER_BOUND('',#332,.T.);
#229=FACE_OUTER_BOUND('',#333,.T.);
#230=FACE_OUTER_BOUND('',#334,.T.);
#231=FACE_OUTER_BOUND('',#335,.T.);
#232=FACE_OUTER_BOUND('',#336,.T.);
#233=EDGE_LOOP('',(#1045,#1046,#1047,#1048));
#234=EDGE_LOOP('',(#1049));
#235=EDGE_LOOP('',(#1050,#1051,#1052,#1053));
#236=EDGE_LOOP('',(#1054));
#237=EDGE_LOOP('',(#1055,#1056,#1057,#1058));
#238=EDGE_LOOP('',(#1059,#1060,#1061,#1062,#1063,#1064,#1065,#1066,#1067,
#1068,#1069,#1070));
#239=EDGE_LOOP('',(#1071,#1072,#1073,#1074));
#240=EDGE_LOOP('',(#1075,#1076,#1077,#1078));
#241=EDGE_LOOP('',(#1079,#1080,#1081,#1082));
#242=EDGE_LOOP('',(#1083,#1084,#1085,#1086));
#243=EDGE_LOOP('',(#1087,#1088,#1089,#1090));
#244=EDGE_LOOP('',(#1091,#1092,#1093,#1094));
#245=EDGE_LOOP('',(#1095,#1096,#1097,#1098));
#246=EDGE_LOOP('',(#1099,#1100,#1101,#1102,#1103,#1104,#1105,#1106,#1107));
#247=EDGE_LOOP('',(#1108,#1109,#1110,#1111));
#248=EDGE_LOOP('',(#1112));
#249=EDGE_LOOP('',(#1113,#1114,#1115,#1116));
#250=EDGE_LOOP('',(#1117));
#251=EDGE_LOOP('',(#1118,#1119,#1120,#1121));
#252=EDGE_LOOP('',(#1122,#1123,#1124,#1125,#1126,#1127,#1128,#1129,#1130,
#1131,#1132,#1133,#1134,#1135,#1136,#1137,#1138,#1139,#1140,#1141,#1142));
#253=EDGE_LOOP('',(#1143,#1144,#1145,#1146));
#254=EDGE_LOOP('',(#1147,#1148,#1149,#1150,#1151,#1152));
#255=EDGE_LOOP('',(#1153,#1154,#1155,#1156,#1157,#1158));
#256=EDGE_LOOP('',(#1159,#1160,#1161,#1162,#1163,#1164));
#257=EDGE_LOOP('',(#1165,#1166,#1167,#1168,#1169,#1170));
#258=EDGE_LOOP('',(#1171,#1172,#1173,#1174,#1175,#1176));
#259=EDGE_LOOP('',(#1177,#1178,#1179,#1180,#1181,#1182));
#260=EDGE_LOOP('',(#1183,#1184,#1185,#1186));
#261=EDGE_LOOP('',(#1187,#1188,#1189,#1190));
#262=EDGE_LOOP('',(#1191,#1192,#1193,#1194));
#263=EDGE_LOOP('',(#1195,#1196,#1197,#1198));
#264=EDGE_LOOP('',(#1199,#1200,#1201,#1202));
#265=EDGE_LOOP('',(#1203,#1204,#1205,#1206));
#266=EDGE_LOOP('',(#1207,#1208,#1209,#1210));
#267=EDGE_LOOP('',(#1211,#1212,#1213,#1214));
#268=EDGE_LOOP('',(#1215,#1216,#1217,#1218));
#269=EDGE_LOOP('',(#1219,#1220,#1221,#1222));
#270=EDGE_LOOP('',(#1223,#1224,#1225,#1226));
#271=EDGE_LOOP('',(#1227,#1228,#1229,#1230,#1231,#1232,#1233,#1234));
#272=EDGE_LOOP('',(#1235,#1236,#1237,#1238));
#273=EDGE_LOOP('',(#1239,#1240,#1241,#1242));
#274=EDGE_LOOP('',(#1243,#1244,#1245,#1246));
#275=EDGE_LOOP('',(#1247,#1248,#1249,#1250));
#276=EDGE_LOOP('',(#1251,#1252,#1253,#1254));
#277=EDGE_LOOP('',(#1255,#1256,#1257,#1258));
#278=EDGE_LOOP('',(#1259,#1260,#1261,#1262));
#279=EDGE_LOOP('',(#1263,#1264,#1265,#1266));
#280=EDGE_LOOP('',(#1267,#1268,#1269,#1270));
#281=EDGE_LOOP('',(#1271,#1272,#1273,#1274));
#282=EDGE_LOOP('',(#1275,#1276));
#283=EDGE_LOOP('',(#1277,#1278,#1279,#1280));
#284=EDGE_LOOP('',(#1281,#1282,#1283,#1284));
#285=EDGE_LOOP('',(#1285));
#286=EDGE_LOOP('',(#1286,#1287,#1288));
#287=EDGE_LOOP('',(#1289,#1290,#1291,#1292,#1293,#1294));
#288=EDGE_LOOP('',(#1295));
#289=EDGE_LOOP('',(#1296));
#290=EDGE_LOOP('',(#1297));
#291=EDGE_LOOP('',(#1298));
#292=EDGE_LOOP('',(#1299,#1300,#1301,#1302));
#293=EDGE_LOOP('',(#1303,#1304,#1305,#1306,#1307,#1308,#1309,#1310));
#294=EDGE_LOOP('',(#1311,#1312));
#295=EDGE_LOOP('',(#1313,#1314,#1315,#1316));
#296=EDGE_LOOP('',(#1317,#1318,#1319));
#297=EDGE_LOOP('',(#1320,#1321,#1322,#1323));
#298=EDGE_LOOP('',(#1324));
#299=EDGE_LOOP('',(#1325));
#300=EDGE_LOOP('',(#1326,#1327,#1328,#1329));
#301=EDGE_LOOP('',(#1330,#1331,#1332,#1333));
#302=EDGE_LOOP('',(#1334,#1335,#1336,#1337));
#303=EDGE_LOOP('',(#1338,#1339,#1340,#1341));
#304=EDGE_LOOP('',(#1342,#1343,#1344,#1345));
#305=EDGE_LOOP('',(#1346,#1347,#1348,#1349));
#306=EDGE_LOOP('',(#1350,#1351,#1352,#1353,#1354,#1355));
#307=EDGE_LOOP('',(#1356));
#308=EDGE_LOOP('',(#1357));
#309=EDGE_LOOP('',(#1358));
#310=EDGE_LOOP('',(#1359));
#311=EDGE_LOOP('',(#1360,#1361,#1362,#1363));
#312=EDGE_LOOP('',(#1364,#1365,#1366,#1367,#1368,#1369,#1370,#1371));
#313=EDGE_LOOP('',(#1372,#1373,#1374,#1375));
#314=EDGE_LOOP('',(#1376,#1377,#1378,#1379));
#315=EDGE_LOOP('',(#1380));
#316=EDGE_LOOP('',(#1381,#1382,#1383,#1384,#1385));
#317=EDGE_LOOP('',(#1386,#1387,#1388,#1389));
#318=EDGE_LOOP('',(#1390,#1391,#1392,#1393));
#319=EDGE_LOOP('',(#1394,#1395,#1396,#1397));
#320=EDGE_LOOP('',(#1398,#1399,#1400,#1401));
#321=EDGE_LOOP('',(#1402,#1403,#1404,#1405));
#322=EDGE_LOOP('',(#1406,#1407,#1408,#1409));
#323=EDGE_LOOP('',(#1410,#1411,#1412,#1413));
#324=EDGE_LOOP('',(#1414,#1415,#1416,#1417));
#325=EDGE_LOOP('',(#1418,#1419,#1420,#1421));
#326=EDGE_LOOP('',(#1422,#1423,#1424,#1425));
#327=EDGE_LOOP('',(#1426,#1427,#1428,#1429));
#328=EDGE_LOOP('',(#1430));
#329=EDGE_LOOP('',(#1431,#1432,#1433,#1434));
#330=EDGE_LOOP('',(#1435));
#331=EDGE_LOOP('',(#1436,#1437,#1438,#1439));
#332=EDGE_LOOP('',(#1440,#1441,#1442,#1443,#1444));
#333=EDGE_LOOP('',(#1445,#1446,#1447,#1448));
#334=EDGE_LOOP('',(#1449,#1450,#1451,#1452));
#335=EDGE_LOOP('',(#1453,#1454,#1455,#1456,#1457));
#336=EDGE_LOOP('',(#1458,#1459,#1460,#1461,#1462,#1463,#1464,#1465,#1466));
#337=EDGE_LOOP('',(#1467));
#338=EDGE_LOOP('',(#1468));
#339=EDGE_LOOP('',(#1469));
#340=EDGE_LOOP('',(#1470));
#341=EDGE_LOOP('',(#1471,#1472,#1473,#1474,#1475,#1476,#1477,#1478,#1479,
#1480,#1481,#1482,#1483,#1484,#1485,#1486,#1487,#1488,#1489,#1490,#1491,
#1492,#1493,#1494,#1495,#1496));
#342=LINE('',#2171,#484);
#343=LINE('',#2178,#485);
#344=LINE('',#2184,#486);
#345=LINE('',#2186,#487);
#346=LINE('',#2188,#488);
#347=LINE('',#2189,#489);
#348=LINE('',#2192,#490);
#349=LINE('',#2194,#491);
#350=LINE('',#2196,#492);
#351=LINE('',#2198,#493);
#352=LINE('',#2202,#494);
#353=LINE('',#2206,#495);
#354=LINE('',#2208,#496);
#355=LINE('',#2210,#497);
#356=LINE('',#2211,#498);
#357=LINE('',#2214,#499);
#358=LINE('',#2216,#500);
#359=LINE('',#2217,#501);
#360=LINE('',#2219,#502);
#361=LINE('',#2221,#503);
#362=LINE('',#2225,#504);
#363=LINE('',#2227,#505);
#364=LINE('',#2229,#506);
#365=LINE('',#2230,#507);
#366=LINE('',#2234,#508);
#367=LINE('',#2235,#509);
#368=LINE('',#2236,#510);
#369=LINE('',#2240,#511);
#370=LINE('',#2241,#512);
#371=LINE('',#2242,#513);
#372=LINE('',#2244,#514);
#373=LINE('',#2247,#515);
#374=LINE('',#2249,#516);
#375=LINE('',#2251,#517);
#376=LINE('',#2253,#518);
#377=LINE('',#2255,#519);
#378=LINE('',#2256,#520);
#379=LINE('',#2261,#521);
#380=LINE('',#2268,#522);
#381=LINE('',#2279,#523);
#382=LINE('',#2285,#524);
#383=LINE('',#2409,#525);
#384=LINE('',#2415,#526);
#385=LINE('',#2430,#527);
#386=LINE('',#2432,#528);
#387=LINE('',#2443,#529);
#388=LINE('',#2445,#530);
#389=LINE('',#2460,#531);
#390=LINE('',#2462,#532);
#391=LINE('',#2473,#533);
#392=LINE('',#2475,#534);
#393=LINE('',#2480,#535);
#394=LINE('',#2486,#536);
#395=LINE('',#2492,#537);
#396=LINE('',#2498,#538);
#397=LINE('',#2504,#539);
#398=LINE('',#2509,#540);
#399=LINE('',#2513,#541);
#400=LINE('',#2517,#542);
#401=LINE('',#2520,#543);
#402=LINE('',#2524,#544);
#403=LINE('',#2528,#545);
#404=LINE('',#2532,#546);
#405=LINE('',#2535,#547);
#406=LINE('',#2539,#548);
#407=LINE('',#2543,#549);
#408=LINE('',#2547,#550);
#409=LINE('',#2550,#551);
#410=LINE('',#2553,#552);
#411=LINE('',#2555,#553);
#412=LINE('',#2557,#554);
#413=LINE('',#2558,#555);
#414=LINE('',#2560,#556);
#415=LINE('',#2561,#557);
#416=LINE('',#2563,#558);
#417=LINE('',#2564,#559);
#418=LINE('',#2567,#560);
#419=LINE('',#2569,#561);
#420=LINE('',#2571,#562);
#421=LINE('',#2572,#563);
#422=LINE('',#2575,#564);
#423=LINE('',#2577,#565);
#424=LINE('',#2579,#566);
#425=LINE('',#2580,#567);
#426=LINE('',#2585,#568);
#427=LINE('',#2590,#569);
#428=LINE('',#2595,#570);
#429=LINE('',#2600,#571);
#430=LINE('',#2607,#572);
#431=LINE('',#2609,#573);
#432=LINE('',#2611,#574);
#433=LINE('',#2612,#575);
#434=LINE('',#2614,#576);
#435=LINE('',#2615,#577);
#436=LINE('',#2618,#578);
#437=LINE('',#2619,#579);
#438=LINE('',#2622,#580);
#439=LINE('',#2623,#581);
#440=LINE('',#2624,#582);
#441=LINE('',#2626,#583);
#442=LINE('',#2627,#584);
#443=LINE('',#2633,#585);
#444=LINE('',#2637,#586);
#445=LINE('',#2639,#587);
#446=LINE('',#2641,#588);
#447=LINE('',#2642,#589);
#448=LINE('',#2648,#590);
#449=LINE('',#2649,#591);
#450=LINE('',#2651,#592);
#451=LINE('',#2652,#593);
#452=LINE('',#2654,#594);
#453=LINE('',#2655,#595);
#454=LINE('',#2657,#596);
#455=LINE('',#2658,#597);
#456=LINE('',#2660,#598);
#457=LINE('',#2661,#599);
#458=LINE('',#2665,#600);
#459=LINE('',#2667,#601);
#460=LINE('',#2669,#602);
#461=LINE('',#2670,#603);
#462=LINE('',#2674,#604);
#463=LINE('',#2676,#605);
#464=LINE('',#2678,#606);
#465=LINE('',#2680,#607);
#466=LINE('',#2689,#608);
#467=LINE('',#2694,#609);
#468=LINE('',#2699,#610);
#469=LINE('',#2700,#611);
#470=LINE('',#2701,#612);
#471=LINE('',#2708,#613);
#472=LINE('',#2711,#614);
#473=LINE('',#2715,#615);
#474=LINE('',#2716,#616);
#475=LINE('',#2719,#617);
#476=LINE('',#2722,#618);
#477=LINE('',#2742,#619);
#478=LINE('',#2747,#620);
#479=LINE('',#2846,#621);
#480=LINE('',#2848,#622);
#481=LINE('',#2851,#623);
#482=LINE('',#2852,#624);
#483=LINE('',#2854,#625);
#484=VECTOR('',#1762,2.6);
#485=VECTOR('',#1771,2.6);
#486=VECTOR('',#1778,10.);
#487=VECTOR('',#1779,10.);
#488=VECTOR('',#1780,10.);
#489=VECTOR('',#1781,10.);
#490=VECTOR('',#1784,10.);
#491=VECTOR('',#1785,10.);
#492=VECTOR('',#1786,10.);
#493=VECTOR('',#1787,10.);
#494=VECTOR('',#1790,10.);
#495=VECTOR('',#1793,10.);
#496=VECTOR('',#1794,10.);
#497=VECTOR('',#1795,10.);
#498=VECTOR('',#1796,10.);
#499=VECTOR('',#1799,10.);
#500=VECTOR('',#1800,10.);
#501=VECTOR('',#1801,10.);
#502=VECTOR('',#1804,10.);
#503=VECTOR('',#1807,10.);
#504=VECTOR('',#1810,10.);
#505=VECTOR('',#1811,10.);
#506=VECTOR('',#1812,10.);
#507=VECTOR('',#1813,10.);
#508=VECTOR('',#1816,10.);
#509=VECTOR('',#1817,10.);
#510=VECTOR('',#1818,10.);
#511=VECTOR('',#1821,10.);
#512=VECTOR('',#1822,10.);
#513=VECTOR('',#1823,10.);
#514=VECTOR('',#1826,10.);
#515=VECTOR('',#1829,10.);
#516=VECTOR('',#1830,10.);
#517=VECTOR('',#1831,10.);
#518=VECTOR('',#1832,10.);
#519=VECTOR('',#1833,10.);
#520=VECTOR('',#1834,10.);
#521=VECTOR('',#1839,2.6);
#522=VECTOR('',#1848,2.6);
#523=VECTOR('',#1855,10.);
#524=VECTOR('',#1856,10.);
#525=VECTOR('',#1859,10.);
#526=VECTOR('',#1860,10.);
#527=VECTOR('',#1861,10.);
#528=VECTOR('',#1862,10.);
#529=VECTOR('',#1865,10.);
#530=VECTOR('',#1868,10.);
#531=VECTOR('',#1869,10.);
#532=VECTOR('',#1870,10.);
#533=VECTOR('',#1873,10.);
#534=VECTOR('',#1876,10.);
#535=VECTOR('',#1881,1.25);
#536=VECTOR('',#1888,1.25);
#537=VECTOR('',#1895,1.25);
#538=VECTOR('',#1902,1.25);
#539=VECTOR('',#1909,1.25);
#540=VECTOR('',#1914,10.);
#541=VECTOR('',#1917,10.);
#542=VECTOR('',#1922,10.);
#543=VECTOR('',#1925,10.);
#544=VECTOR('',#1928,10.);
#545=VECTOR('',#1931,10.);
#546=VECTOR('',#1936,10.);
#547=VECTOR('',#1939,10.);
#548=VECTOR('',#1942,10.);
#549=VECTOR('',#1945,10.);
#550=VECTOR('',#1950,10.);
#551=VECTOR('',#1953,10.);
#552=VECTOR('',#1958,10.);
#553=VECTOR('',#1961,10.);
#554=VECTOR('',#1962,10.);
#555=VECTOR('',#1963,10.);
#556=VECTOR('',#1964,10.);
#557=VECTOR('',#1965,10.);
#558=VECTOR('',#1966,10.);
#559=VECTOR('',#1967,10.);
#560=VECTOR('',#1968,10.);
#561=VECTOR('',#1969,10.);
#562=VECTOR('',#1970,10.);
#563=VECTOR('',#1971,10.);
#564=VECTOR('',#1972,10.);
#565=VECTOR('',#1973,10.);
#566=VECTOR('',#1974,10.);
#567=VECTOR('',#1975,10.);
#568=VECTOR('',#1980,10.);
#569=VECTOR('',#1987,10.);
#570=VECTOR('',#1992,10.);
#571=VECTOR('',#1999,10.);
#572=VECTOR('',#2008,10.);
#573=VECTOR('',#2009,10.);
#574=VECTOR('',#2010,10.);
#575=VECTOR('',#2011,10.);
#576=VECTOR('',#2014,10.);
#577=VECTOR('',#2015,10.);
#578=VECTOR('',#2018,10.);
#579=VECTOR('',#2019,10.);
#580=VECTOR('',#2022,10.);
#581=VECTOR('',#2023,10.);
#582=VECTOR('',#2024,10.);
#583=VECTOR('',#2027,10.);
#584=VECTOR('',#2028,10.);
#585=VECTOR('',#2039,10.);
#586=VECTOR('',#2042,10.);
#587=VECTOR('',#2043,10.);
#588=VECTOR('',#2044,10.);
#589=VECTOR('',#2045,10.);
#590=VECTOR('',#2050,10.);
#591=VECTOR('',#2051,10.);
#592=VECTOR('',#2052,10.);
#593=VECTOR('',#2053,10.);
#594=VECTOR('',#2054,10.);
#595=VECTOR('',#2055,10.);
#596=VECTOR('',#2056,10.);
#597=VECTOR('',#2057,10.);
#598=VECTOR('',#2058,10.);
#599=VECTOR('',#2059,10.);
#600=VECTOR('',#2062,10.);
#601=VECTOR('',#2063,10.);
#602=VECTOR('',#2064,10.);
#603=VECTOR('',#2065,10.);
#604=VECTOR('',#2068,10.);
#605=VECTOR('',#2069,10.);
#606=VECTOR('',#2070,10.);
#607=VECTOR('',#2071,10.);
#608=VECTOR('',#2072,10.);
#609=VECTOR('',#2077,10.);
#610=VECTOR('',#2082,10.);
#611=VECTOR('',#2083,10.);
#612=VECTOR('',#2084,10.);
#613=VECTOR('',#2085,10.);
#614=VECTOR('',#2088,10.);
#615=VECTOR('',#2093,10.);
#616=VECTOR('',#2094,10.);
#617=VECTOR('',#2097,10.);
#618=VECTOR('',#2102,10.);
#619=VECTOR('',#2139,2.55000000000001);
#620=VECTOR('',#2146,2.55);
#621=VECTOR('',#2147,10.);
#622=VECTOR('',#2150,10.);
#623=VECTOR('',#2153,10.);
#624=VECTOR('',#2154,10.);
#625=VECTOR('',#2157,10.);
#626=CIRCLE('',#1621,2.6);
#627=CIRCLE('',#1622,2.6);
#628=CIRCLE('',#1625,2.6);
#629=CIRCLE('',#1626,2.6);
#630=CIRCLE('',#1641,2.6);
#631=CIRCLE('',#1642,2.6);
#632=CIRCLE('',#1645,2.6);
#633=CIRCLE('',#1646,2.6);
#634=CIRCLE('',#1670,4082.29231584871);
#635=CIRCLE('',#1671,5145.18285292418);
#636=CIRCLE('',#1673,4082.29231584871);
#637=CIRCLE('',#1675,164.858456769086);
#638=CIRCLE('',#1676,167.643280867129);
#639=CIRCLE('',#1678,164.858456769086);
#640=CIRCLE('',#1680,155.501742289733);
#641=CIRCLE('',#1681,155.501742289733);
#642=CIRCLE('',#1683,96.2558286876746);
#643=CIRCLE('',#1685,3.95000000000001);
#644=CIRCLE('',#1686,3.95);
#645=CIRCLE('',#1688,150.475737960389);
#646=CIRCLE('',#1689,107.458146395787);
#647=CIRCLE('',#1691,150.475737960389);
#648=CIRCLE('',#1693,215.196321028578);
#649=CIRCLE('',#1694,217.306153613159);
#650=CIRCLE('',#1696,215.196321028578);
#651=CIRCLE('',#1698,3.95);
#652=CIRCLE('',#1707,3.95000000000001);
#653=CIRCLE('',#1711,2.55);
#654=CIRCLE('',#1712,2.55000000000001);
#655=CIRCLE('',#1716,1.);
#656=CIRCLE('',#1717,1.);
#657=CIRCLE('',#1720,1.);
#658=CIRCLE('',#1723,1.);
#659=CIRCLE('',#1726,5145.18285292418);
#660=CIRCLE('',#1729,167.643280867129);
#661=CIRCLE('',#1732,96.2558286876746);
#662=CIRCLE('',#1735,107.458146395787);
#663=CIRCLE('',#1738,217.306153613159);
#664=CIRCLE('',#1741,2.55000000000001);
#665=CIRCLE('',#1744,2.55);
#666=VERTEX_POINT('',#2168);
#667=VERTEX_POINT('',#2170);
#668=VERTEX_POINT('',#2175);
#669=VERTEX_POINT('',#2177);
#670=VERTEX_POINT('',#2182);
#671=VERTEX_POINT('',#2183);
#672=VERTEX_POINT('',#2185);
#673=VERTEX_POINT('',#2187);
#674=VERTEX_POINT('',#2191);
#675=VERTEX_POINT('',#2193);
#676=VERTEX_POINT('',#2195);
#677=VERTEX_POINT('',#2197);
#678=VERTEX_POINT('',#2199);
#679=VERTEX_POINT('',#2201);
#680=VERTEX_POINT('',#2203);
#681=VERTEX_POINT('',#2205);
#682=VERTEX_POINT('',#2207);
#683=VERTEX_POINT('',#2209);
#684=VERTEX_POINT('',#2213);
#685=VERTEX_POINT('',#2215);
#686=VERTEX_POINT('',#2223);
#687=VERTEX_POINT('',#2224);
#688=VERTEX_POINT('',#2226);
#689=VERTEX_POINT('',#2228);
#690=VERTEX_POINT('',#2232);
#691=VERTEX_POINT('',#2233);
#692=VERTEX_POINT('',#2238);
#693=VERTEX_POINT('',#2239);
#694=VERTEX_POINT('',#2246);
#695=VERTEX_POINT('',#2248);
#696=VERTEX_POINT('',#2250);
#697=VERTEX_POINT('',#2252);
#698=VERTEX_POINT('',#2254);
#699=VERTEX_POINT('',#2258);
#700=VERTEX_POINT('',#2260);
#701=VERTEX_POINT('',#2265);
#702=VERTEX_POINT('',#2267);
#703=VERTEX_POINT('',#2272);
#704=VERTEX_POINT('',#2273);
#705=VERTEX_POINT('',#2278);
#706=VERTEX_POINT('',#2280);
#707=VERTEX_POINT('',#2300);
#708=VERTEX_POINT('',#2305);
#709=VERTEX_POINT('',#2310);
#710=VERTEX_POINT('',#2315);
#711=VERTEX_POINT('',#2323);
#712=VERTEX_POINT('',#2328);
#713=VERTEX_POINT('',#2333);
#714=VERTEX_POINT('',#2338);
#715=VERTEX_POINT('',#2343);
#716=VERTEX_POINT('',#2348);
#717=VERTEX_POINT('',#2353);
#718=VERTEX_POINT('',#2358);
#719=VERTEX_POINT('',#2363);
#720=VERTEX_POINT('',#2371);
#721=VERTEX_POINT('',#2376);
#722=VERTEX_POINT('',#2381);
#723=VERTEX_POINT('',#2388);
#724=VERTEX_POINT('',#2393);
#725=VERTEX_POINT('',#2398);
#726=VERTEX_POINT('',#2408);
#727=VERTEX_POINT('',#2410);
#728=VERTEX_POINT('',#2424);
#729=VERTEX_POINT('',#2425);
#730=VERTEX_POINT('',#2431);
#731=VERTEX_POINT('',#2433);
#732=VERTEX_POINT('',#2454);
#733=VERTEX_POINT('',#2455);
#734=VERTEX_POINT('',#2461);
#735=VERTEX_POINT('',#2463);
#736=VERTEX_POINT('',#2477);
#737=VERTEX_POINT('',#2479);
#738=VERTEX_POINT('',#2483);
#739=VERTEX_POINT('',#2485);
#740=VERTEX_POINT('',#2489);
#741=VERTEX_POINT('',#2491);
#742=VERTEX_POINT('',#2495);
#743=VERTEX_POINT('',#2497);
#744=VERTEX_POINT('',#2501);
#745=VERTEX_POINT('',#2503);
#746=VERTEX_POINT('',#2507);
#747=VERTEX_POINT('',#2508);
#748=VERTEX_POINT('',#2510);
#749=VERTEX_POINT('',#2512);
#750=VERTEX_POINT('',#2516);
#751=VERTEX_POINT('',#2518);
#752=VERTEX_POINT('',#2522);
#753=VERTEX_POINT('',#2523);
#754=VERTEX_POINT('',#2525);
#755=VERTEX_POINT('',#2527);
#756=VERTEX_POINT('',#2531);
#757=VERTEX_POINT('',#2533);
#758=VERTEX_POINT('',#2537);
#759=VERTEX_POINT('',#2538);
#760=VERTEX_POINT('',#2540);
#761=VERTEX_POINT('',#2542);
#762=VERTEX_POINT('',#2546);
#763=VERTEX_POINT('',#2548);
#764=VERTEX_POINT('',#2556);
#765=VERTEX_POINT('',#2559);
#766=VERTEX_POINT('',#2562);
#767=VERTEX_POINT('',#2565);
#768=VERTEX_POINT('',#2566);
#769=VERTEX_POINT('',#2568);
#770=VERTEX_POINT('',#2570);
#771=VERTEX_POINT('',#2573);
#772=VERTEX_POINT('',#2574);
#773=VERTEX_POINT('',#2576);
#774=VERTEX_POINT('',#2578);
#775=VERTEX_POINT('',#2582);
#776=VERTEX_POINT('',#2584);
#777=VERTEX_POINT('',#2588);
#778=VERTEX_POINT('',#2592);
#779=VERTEX_POINT('',#2594);
#780=VERTEX_POINT('',#2598);
#781=VERTEX_POINT('',#2605);
#782=VERTEX_POINT('',#2606);
#783=VERTEX_POINT('',#2608);
#784=VERTEX_POINT('',#2610);
#785=VERTEX_POINT('',#2617);
#786=VERTEX_POINT('',#2621);
#787=VERTEX_POINT('',#2635);
#788=VERTEX_POINT('',#2636);
#789=VERTEX_POINT('',#2638);
#790=VERTEX_POINT('',#2640);
#791=VERTEX_POINT('',#2643);
#792=VERTEX_POINT('',#2645);
#793=VERTEX_POINT('',#2647);
#794=VERTEX_POINT('',#2650);
#795=VERTEX_POINT('',#2653);
#796=VERTEX_POINT('',#2656);
#797=VERTEX_POINT('',#2659);
#798=VERTEX_POINT('',#2663);
#799=VERTEX_POINT('',#2664);
#800=VERTEX_POINT('',#2666);
#801=VERTEX_POINT('',#2668);
#802=VERTEX_POINT('',#2672);
#803=VERTEX_POINT('',#2673);
#804=VERTEX_POINT('',#2675);
#805=VERTEX_POINT('',#2677);
#806=VERTEX_POINT('',#2679);
#807=VERTEX_POINT('',#2681);
#808=VERTEX_POINT('',#2691);
#809=VERTEX_POINT('',#2693);
#810=VERTEX_POINT('',#2697);
#811=VERTEX_POINT('',#2698);
#812=VERTEX_POINT('',#2710);
#813=VERTEX_POINT('',#2714);
#814=VERTEX_POINT('',#2718);
#815=VERTEX_POINT('',#2739);
#816=VERTEX_POINT('',#2744);
#817=VERTEX_POINT('',#2778);
#818=VERTEX_POINT('',#2850);
#819=EDGE_CURVE('',#666,#666,#626,.T.);
#820=EDGE_CURVE('',#666,#667,#342,.T.);
#821=EDGE_CURVE('',#667,#667,#627,.T.);
#822=EDGE_CURVE('',#668,#668,#628,.T.);
#823=EDGE_CURVE('',#668,#669,#343,.T.);
#824=EDGE_CURVE('',#669,#669,#629,.T.);
#825=EDGE_CURVE('',#670,#671,#344,.T.);
#826=EDGE_CURVE('',#670,#672,#345,.T.);
#827=EDGE_CURVE('',#672,#673,#346,.T.);
#828=EDGE_CURVE('',#673,#671,#347,.T.);
#829=EDGE_CURVE('',#674,#670,#348,.T.);
#830=EDGE_CURVE('',#671,#675,#349,.T.);
#831=EDGE_CURVE('',#676,#675,#350,.T.);
#832=EDGE_CURVE('',#676,#677,#351,.F.);
#833=EDGE_CURVE('',#678,#677,#86,.T.);
#834=EDGE_CURVE('',#679,#678,#352,.T.);
#835=EDGE_CURVE('',#680,#679,#87,.T.);
#836=EDGE_CURVE('',#680,#681,#353,.F.);
#837=EDGE_CURVE('',#681,#682,#354,.F.);
#838=EDGE_CURVE('',#683,#682,#355,.F.);
#839=EDGE_CURVE('',#674,#683,#356,.T.);
#840=EDGE_CURVE('',#672,#684,#357,.T.);
#841=EDGE_CURVE('',#685,#684,#358,.T.);
#842=EDGE_CURVE('',#685,#673,#359,.T.);
#843=EDGE_CURVE('',#674,#684,#360,.T.);
#844=EDGE_CURVE('',#675,#685,#361,.T.);
#845=EDGE_CURVE('',#686,#687,#362,.T.);
#846=EDGE_CURVE('',#688,#687,#363,.T.);
#847=EDGE_CURVE('',#688,#689,#364,.T.);
#848=EDGE_CURVE('',#689,#686,#365,.T.);
#849=EDGE_CURVE('',#690,#691,#366,.T.);
#850=EDGE_CURVE('',#690,#687,#367,.T.);
#851=EDGE_CURVE('',#691,#686,#368,.T.);
#852=EDGE_CURVE('',#692,#693,#369,.T.);
#853=EDGE_CURVE('',#692,#689,#370,.T.);
#854=EDGE_CURVE('',#693,#688,#371,.T.);
#855=EDGE_CURVE('',#691,#692,#372,.T.);
#856=EDGE_CURVE('',#694,#693,#373,.T.);
#857=EDGE_CURVE('',#694,#695,#374,.F.);
#858=EDGE_CURVE('',#695,#696,#375,.F.);
#859=EDGE_CURVE('',#697,#696,#376,.F.);
#860=EDGE_CURVE('',#697,#698,#377,.F.);
#861=EDGE_CURVE('',#690,#698,#378,.T.);
#862=EDGE_CURVE('',#699,#699,#630,.T.);
#863=EDGE_CURVE('',#699,#700,#379,.T.);
#864=EDGE_CURVE('',#700,#700,#631,.T.);
#865=EDGE_CURVE('',#701,#701,#632,.T.);
#866=EDGE_CURVE('',#701,#702,#380,.T.);
#867=EDGE_CURVE('',#702,#702,#633,.T.);
#868=EDGE_CURVE('',#703,#704,#54,.T.);
#869=EDGE_CURVE('',#703,#705,#381,.T.);
#870=EDGE_CURVE('',#705,#706,#55,.T.);
#871=EDGE_CURVE('',#706,#704,#382,.T.);
#872=EDGE_CURVE('',#707,#703,#56,.T.);
#873=EDGE_CURVE('',#704,#708,#57,.T.);
#874=EDGE_CURVE('',#708,#709,#58,.T.);
#875=EDGE_CURVE('',#710,#709,#59,.T.);
#876=EDGE_CURVE('',#710,#711,#60,.T.);
#877=EDGE_CURVE('',#711,#712,#61,.T.);
#878=EDGE_CURVE('',#712,#713,#62,.T.);
#879=EDGE_CURVE('',#713,#714,#63,.T.);
#880=EDGE_CURVE('',#714,#715,#64,.T.);
#881=EDGE_CURVE('',#716,#715,#65,.T.);
#882=EDGE_CURVE('',#716,#717,#66,.F.);
#883=EDGE_CURVE('',#718,#717,#67,.F.);
#884=EDGE_CURVE('',#718,#719,#68,.T.);
#885=EDGE_CURVE('',#719,#720,#69,.T.);
#886=EDGE_CURVE('',#720,#721,#70,.T.);
#887=EDGE_CURVE('',#721,#722,#71,.T.);
#888=EDGE_CURVE('',#722,#723,#72,.T.);
#889=EDGE_CURVE('',#723,#724,#73,.T.);
#890=EDGE_CURVE('',#725,#724,#74,.T.);
#891=EDGE_CURVE('',#725,#707,#75,.T.);
#892=EDGE_CURVE('',#712,#726,#383,.T.);
#893=EDGE_CURVE('',#726,#727,#76,.T.);
#894=EDGE_CURVE('',#727,#713,#384,.T.);
#895=EDGE_CURVE('',#728,#729,#77,.T.);
#896=EDGE_CURVE('',#728,#706,#385,.T.);
#897=EDGE_CURVE('',#730,#705,#386,.T.);
#898=EDGE_CURVE('',#731,#730,#78,.T.);
#899=EDGE_CURVE('',#729,#731,#79,.T.);
#900=EDGE_CURVE('',#709,#729,#387,.T.);
#901=EDGE_CURVE('',#725,#731,#388,.T.);
#902=EDGE_CURVE('',#732,#733,#80,.T.);
#903=EDGE_CURVE('',#732,#727,#389,.T.);
#904=EDGE_CURVE('',#734,#726,#390,.T.);
#905=EDGE_CURVE('',#735,#734,#81,.T.);
#906=EDGE_CURVE('',#733,#735,#82,.T.);
#907=EDGE_CURVE('',#715,#733,#391,.T.);
#908=EDGE_CURVE('',#710,#735,#392,.T.);
#909=EDGE_CURVE('',#736,#736,#88,.T.);
#910=EDGE_CURVE('',#736,#737,#393,.T.);
#911=EDGE_CURVE('',#737,#737,#89,.T.);
#912=EDGE_CURVE('',#738,#738,#90,.T.);
#913=EDGE_CURVE('',#738,#739,#394,.T.);
#914=EDGE_CURVE('',#739,#739,#91,.T.);
#915=EDGE_CURVE('',#740,#740,#92,.T.);
#916=EDGE_CURVE('',#740,#741,#395,.T.);
#917=EDGE_CURVE('',#741,#741,#93,.T.);
#918=EDGE_CURVE('',#742,#742,#94,.T.);
#919=EDGE_CURVE('',#742,#743,#396,.T.);
#920=EDGE_CURVE('',#743,#743,#95,.T.);
#921=EDGE_CURVE('',#744,#744,#96,.T.);
#922=EDGE_CURVE('',#744,#745,#397,.T.);
#923=EDGE_CURVE('',#745,#745,#97,.T.);
#924=EDGE_CURVE('',#746,#747,#398,.T.);
#925=EDGE_CURVE('',#748,#747,#634,.T.);
#926=EDGE_CURVE('',#749,#748,#399,.T.);
#927=EDGE_CURVE('',#746,#749,#635,.T.);
#928=EDGE_CURVE('',#747,#750,#400,.T.);
#929=EDGE_CURVE('',#750,#751,#636,.T.);
#930=EDGE_CURVE('',#748,#751,#401,.T.);
#931=EDGE_CURVE('',#752,#753,#402,.T.);
#932=EDGE_CURVE('',#754,#753,#637,.T.);
#933=EDGE_CURVE('',#755,#754,#403,.T.);
#934=EDGE_CURVE('',#752,#755,#638,.T.);
#935=EDGE_CURVE('',#753,#756,#404,.T.);
#936=EDGE_CURVE('',#756,#757,#639,.T.);
#937=EDGE_CURVE('',#754,#757,#405,.T.);
#938=EDGE_CURVE('',#758,#759,#406,.T.);
#939=EDGE_CURVE('',#759,#760,#640,.T.);
#940=EDGE_CURVE('',#761,#760,#407,.T.);
#941=EDGE_CURVE('',#761,#758,#641,.T.);
#942=EDGE_CURVE('',#759,#762,#408,.T.);
#943=EDGE_CURVE('',#763,#762,#642,.T.);
#944=EDGE_CURVE('',#760,#763,#409,.T.);
#945=EDGE_CURVE('',#720,#723,#643,.F.);
#946=EDGE_CURVE('',#719,#681,#410,.F.);
#947=EDGE_CURVE('',#677,#680,#644,.F.);
#948=EDGE_CURVE('',#724,#676,#411,.T.);
#949=EDGE_CURVE('',#750,#764,#412,.T.);
#950=EDGE_CURVE('',#764,#746,#413,.T.);
#951=EDGE_CURVE('',#756,#765,#414,.T.);
#952=EDGE_CURVE('',#765,#752,#415,.T.);
#953=EDGE_CURVE('',#762,#766,#416,.T.);
#954=EDGE_CURVE('',#766,#758,#417,.T.);
#955=EDGE_CURVE('',#767,#768,#418,.T.);
#956=EDGE_CURVE('',#769,#767,#419,.T.);
#957=EDGE_CURVE('',#770,#769,#420,.T.);
#958=EDGE_CURVE('',#768,#770,#421,.T.);
#959=EDGE_CURVE('',#771,#772,#422,.T.);
#960=EDGE_CURVE('',#773,#771,#423,.T.);
#961=EDGE_CURVE('',#774,#773,#424,.T.);
#962=EDGE_CURVE('',#772,#774,#425,.T.);
#963=EDGE_CURVE('',#775,#769,#645,.T.);
#964=EDGE_CURVE('',#776,#775,#426,.T.);
#965=EDGE_CURVE('',#770,#776,#646,.T.);
#966=EDGE_CURVE('',#767,#777,#647,.T.);
#967=EDGE_CURVE('',#775,#777,#427,.T.);
#968=EDGE_CURVE('',#778,#773,#648,.T.);
#969=EDGE_CURVE('',#779,#778,#428,.T.);
#970=EDGE_CURVE('',#774,#779,#649,.T.);
#971=EDGE_CURVE('',#771,#780,#650,.T.);
#972=EDGE_CURVE('',#778,#780,#429,.T.);
#973=EDGE_CURVE('',#678,#679,#651,.F.);
#974=EDGE_CURVE('',#781,#782,#430,.T.);
#975=EDGE_CURVE('',#782,#783,#431,.F.);
#976=EDGE_CURVE('',#783,#784,#432,.T.);
#977=EDGE_CURVE('',#781,#784,#433,.T.);
#978=EDGE_CURVE('',#683,#781,#434,.T.);
#979=EDGE_CURVE('',#682,#782,#435,.F.);
#980=EDGE_CURVE('',#717,#785,#436,.T.);
#981=EDGE_CURVE('',#785,#716,#437,.T.);
#982=EDGE_CURVE('',#786,#785,#438,.T.);
#983=EDGE_CURVE('',#786,#697,#439,.T.);
#984=EDGE_CURVE('',#696,#718,#440,.T.);
#985=EDGE_CURVE('',#784,#694,#441,.T.);
#986=EDGE_CURVE('',#783,#695,#442,.T.);
#987=EDGE_CURVE('',#721,#722,#652,.F.);
#988=EDGE_CURVE('',#698,#786,#443,.T.);
#989=EDGE_CURVE('',#787,#788,#444,.T.);
#990=EDGE_CURVE('',#787,#789,#445,.T.);
#991=EDGE_CURVE('',#790,#789,#446,.T.);
#992=EDGE_CURVE('',#790,#788,#447,.T.);
#993=EDGE_CURVE('',#791,#791,#653,.T.);
#994=EDGE_CURVE('',#792,#792,#654,.T.);
#995=EDGE_CURVE('',#780,#793,#448,.T.);
#996=EDGE_CURVE('',#793,#779,#449,.T.);
#997=EDGE_CURVE('',#777,#794,#450,.T.);
#998=EDGE_CURVE('',#794,#776,#451,.T.);
#999=EDGE_CURVE('',#763,#795,#452,.T.);
#1000=EDGE_CURVE('',#795,#761,#453,.T.);
#1001=EDGE_CURVE('',#757,#796,#454,.T.);
#1002=EDGE_CURVE('',#796,#755,#455,.T.);
#1003=EDGE_CURVE('',#751,#797,#456,.T.);
#1004=EDGE_CURVE('',#797,#749,#457,.T.);
#1005=EDGE_CURVE('',#798,#799,#458,.T.);
#1006=EDGE_CURVE('',#798,#800,#459,.T.);
#1007=EDGE_CURVE('',#801,#800,#460,.T.);
#1008=EDGE_CURVE('',#801,#799,#461,.T.);
#1009=EDGE_CURVE('',#802,#803,#462,.T.);
#1010=EDGE_CURVE('',#804,#802,#463,.T.);
#1011=EDGE_CURVE('',#804,#805,#464,.T.);
#1012=EDGE_CURVE('',#806,#805,#465,.T.);
#1013=EDGE_CURVE('',#807,#806,#83,.T.);
#1014=EDGE_CURVE('',#803,#807,#466,.T.);
#1015=EDGE_CURVE('',#804,#808,#655,.T.);
#1016=EDGE_CURVE('',#808,#809,#467,.T.);
#1017=EDGE_CURVE('',#809,#805,#656,.T.);
#1018=EDGE_CURVE('',#810,#811,#468,.T.);
#1019=EDGE_CURVE('',#811,#801,#469,.T.);
#1020=EDGE_CURVE('',#800,#803,#470,.T.);
#1021=EDGE_CURVE('',#807,#790,#84,.T.);
#1022=EDGE_CURVE('',#789,#810,#471,.T.);
#1023=EDGE_CURVE('',#812,#811,#472,.T.);
#1024=EDGE_CURVE('',#799,#812,#657,.F.);
#1025=EDGE_CURVE('',#813,#810,#473,.T.);
#1026=EDGE_CURVE('',#813,#812,#474,.T.);
#1027=EDGE_CURVE('',#814,#787,#475,.T.);
#1028=EDGE_CURVE('',#813,#814,#658,.T.);
#1029=EDGE_CURVE('',#814,#799,#476,.T.);
#1030=EDGE_CURVE('',#797,#764,#659,.T.);
#1031=EDGE_CURVE('',#796,#765,#660,.T.);
#1032=EDGE_CURVE('',#766,#795,#661,.T.);
#1033=EDGE_CURVE('',#794,#768,#662,.T.);
#1034=EDGE_CURVE('',#793,#772,#663,.T.);
#1035=EDGE_CURVE('',#815,#815,#664,.T.);
#1036=EDGE_CURVE('',#792,#815,#477,.T.);
#1037=EDGE_CURVE('',#816,#816,#665,.T.);
#1038=EDGE_CURVE('',#791,#816,#478,.T.);
#1039=EDGE_CURVE('',#788,#817,#85,.T.);
#1040=EDGE_CURVE('',#817,#806,#479,.T.);
#1041=EDGE_CURVE('',#817,#809,#480,.T.);
#1042=EDGE_CURVE('',#808,#818,#481,.T.);
#1043=EDGE_CURVE('',#802,#818,#482,.T.);
#1044=EDGE_CURVE('',#818,#798,#483,.T.);
#1045=ORIENTED_EDGE('',*,*,#819,.F.);
#1046=ORIENTED_EDGE('',*,*,#820,.T.);
#1047=ORIENTED_EDGE('',*,*,#821,.T.);
#1048=ORIENTED_EDGE('',*,*,#820,.F.);
#1049=ORIENTED_EDGE('',*,*,#821,.F.);
#1050=ORIENTED_EDGE('',*,*,#822,.F.);
#1051=ORIENTED_EDGE('',*,*,#823,.T.);
#1052=ORIENTED_EDGE('',*,*,#824,.T.);
#1053=ORIENTED_EDGE('',*,*,#823,.F.);
#1054=ORIENTED_EDGE('',*,*,#824,.F.);
#1055=ORIENTED_EDGE('',*,*,#825,.F.);
#1056=ORIENTED_EDGE('',*,*,#826,.T.);
#1057=ORIENTED_EDGE('',*,*,#827,.T.);
#1058=ORIENTED_EDGE('',*,*,#828,.T.);
#1059=ORIENTED_EDGE('',*,*,#829,.T.);
#1060=ORIENTED_EDGE('',*,*,#825,.T.);
#1061=ORIENTED_EDGE('',*,*,#830,.T.);
#1062=ORIENTED_EDGE('',*,*,#831,.F.);
#1063=ORIENTED_EDGE('',*,*,#832,.T.);
#1064=ORIENTED_EDGE('',*,*,#833,.F.);
#1065=ORIENTED_EDGE('',*,*,#834,.F.);
#1066=ORIENTED_EDGE('',*,*,#835,.F.);
#1067=ORIENTED_EDGE('',*,*,#836,.T.);
#1068=ORIENTED_EDGE('',*,*,#837,.T.);
#1069=ORIENTED_EDGE('',*,*,#838,.F.);
#1070=ORIENTED_EDGE('',*,*,#839,.F.);
#1071=ORIENTED_EDGE('',*,*,#840,.T.);
#1072=ORIENTED_EDGE('',*,*,#841,.F.);
#1073=ORIENTED_EDGE('',*,*,#842,.T.);
#1074=ORIENTED_EDGE('',*,*,#827,.F.);
#1075=ORIENTED_EDGE('',*,*,#829,.F.);
#1076=ORIENTED_EDGE('',*,*,#843,.T.);
#1077=ORIENTED_EDGE('',*,*,#840,.F.);
#1078=ORIENTED_EDGE('',*,*,#826,.F.);
#1079=ORIENTED_EDGE('',*,*,#830,.F.);
#1080=ORIENTED_EDGE('',*,*,#828,.F.);
#1081=ORIENTED_EDGE('',*,*,#842,.F.);
#1082=ORIENTED_EDGE('',*,*,#844,.F.);
#1083=ORIENTED_EDGE('',*,*,#845,.T.);
#1084=ORIENTED_EDGE('',*,*,#846,.F.);
#1085=ORIENTED_EDGE('',*,*,#847,.T.);
#1086=ORIENTED_EDGE('',*,*,#848,.T.);
#1087=ORIENTED_EDGE('',*,*,#849,.F.);
#1088=ORIENTED_EDGE('',*,*,#850,.T.);
#1089=ORIENTED_EDGE('',*,*,#845,.F.);
#1090=ORIENTED_EDGE('',*,*,#851,.F.);
#1091=ORIENTED_EDGE('',*,*,#852,.F.);
#1092=ORIENTED_EDGE('',*,*,#853,.T.);
#1093=ORIENTED_EDGE('',*,*,#847,.F.);
#1094=ORIENTED_EDGE('',*,*,#854,.F.);
#1095=ORIENTED_EDGE('',*,*,#855,.F.);
#1096=ORIENTED_EDGE('',*,*,#851,.T.);
#1097=ORIENTED_EDGE('',*,*,#848,.F.);
#1098=ORIENTED_EDGE('',*,*,#853,.F.);
#1099=ORIENTED_EDGE('',*,*,#849,.T.);
#1100=ORIENTED_EDGE('',*,*,#855,.T.);
#1101=ORIENTED_EDGE('',*,*,#852,.T.);
#1102=ORIENTED_EDGE('',*,*,#856,.F.);
#1103=ORIENTED_EDGE('',*,*,#857,.T.);
#1104=ORIENTED_EDGE('',*,*,#858,.T.);
#1105=ORIENTED_EDGE('',*,*,#859,.F.);
#1106=ORIENTED_EDGE('',*,*,#860,.T.);
#1107=ORIENTED_EDGE('',*,*,#861,.F.);
#1108=ORIENTED_EDGE('',*,*,#862,.F.);
#1109=ORIENTED_EDGE('',*,*,#863,.T.);
#1110=ORIENTED_EDGE('',*,*,#864,.T.);
#1111=ORIENTED_EDGE('',*,*,#863,.F.);
#1112=ORIENTED_EDGE('',*,*,#864,.F.);
#1113=ORIENTED_EDGE('',*,*,#865,.F.);
#1114=ORIENTED_EDGE('',*,*,#866,.T.);
#1115=ORIENTED_EDGE('',*,*,#867,.T.);
#1116=ORIENTED_EDGE('',*,*,#866,.F.);
#1117=ORIENTED_EDGE('',*,*,#867,.F.);
#1118=ORIENTED_EDGE('',*,*,#868,.F.);
#1119=ORIENTED_EDGE('',*,*,#869,.T.);
#1120=ORIENTED_EDGE('',*,*,#870,.T.);
#1121=ORIENTED_EDGE('',*,*,#871,.T.);
#1122=ORIENTED_EDGE('',*,*,#872,.T.);
#1123=ORIENTED_EDGE('',*,*,#868,.T.);
#1124=ORIENTED_EDGE('',*,*,#873,.T.);
#1125=ORIENTED_EDGE('',*,*,#874,.T.);
#1126=ORIENTED_EDGE('',*,*,#875,.F.);
#1127=ORIENTED_EDGE('',*,*,#876,.T.);
#1128=ORIENTED_EDGE('',*,*,#877,.T.);
#1129=ORIENTED_EDGE('',*,*,#878,.T.);
#1130=ORIENTED_EDGE('',*,*,#879,.T.);
#1131=ORIENTED_EDGE('',*,*,#880,.T.);
#1132=ORIENTED_EDGE('',*,*,#881,.F.);
#1133=ORIENTED_EDGE('',*,*,#882,.T.);
#1134=ORIENTED_EDGE('',*,*,#883,.F.);
#1135=ORIENTED_EDGE('',*,*,#884,.T.);
#1136=ORIENTED_EDGE('',*,*,#885,.T.);
#1137=ORIENTED_EDGE('',*,*,#886,.T.);
#1138=ORIENTED_EDGE('',*,*,#887,.T.);
#1139=ORIENTED_EDGE('',*,*,#888,.T.);
#1140=ORIENTED_EDGE('',*,*,#889,.T.);
#1141=ORIENTED_EDGE('',*,*,#890,.F.);
#1142=ORIENTED_EDGE('',*,*,#891,.T.);
#1143=ORIENTED_EDGE('',*,*,#878,.F.);
#1144=ORIENTED_EDGE('',*,*,#892,.T.);
#1145=ORIENTED_EDGE('',*,*,#893,.T.);
#1146=ORIENTED_EDGE('',*,*,#894,.T.);
#1147=ORIENTED_EDGE('',*,*,#895,.F.);
#1148=ORIENTED_EDGE('',*,*,#896,.T.);
#1149=ORIENTED_EDGE('',*,*,#870,.F.);
#1150=ORIENTED_EDGE('',*,*,#897,.F.);
#1151=ORIENTED_EDGE('',*,*,#898,.F.);
#1152=ORIENTED_EDGE('',*,*,#899,.F.);
#1153=ORIENTED_EDGE('',*,*,#874,.F.);
#1154=ORIENTED_EDGE('',*,*,#873,.F.);
#1155=ORIENTED_EDGE('',*,*,#871,.F.);
#1156=ORIENTED_EDGE('',*,*,#896,.F.);
#1157=ORIENTED_EDGE('',*,*,#895,.T.);
#1158=ORIENTED_EDGE('',*,*,#900,.F.);
#1159=ORIENTED_EDGE('',*,*,#891,.F.);
#1160=ORIENTED_EDGE('',*,*,#901,.T.);
#1161=ORIENTED_EDGE('',*,*,#898,.T.);
#1162=ORIENTED_EDGE('',*,*,#897,.T.);
#1163=ORIENTED_EDGE('',*,*,#869,.F.);
#1164=ORIENTED_EDGE('',*,*,#872,.F.);
#1165=ORIENTED_EDGE('',*,*,#902,.F.);
#1166=ORIENTED_EDGE('',*,*,#903,.T.);
#1167=ORIENTED_EDGE('',*,*,#893,.F.);
#1168=ORIENTED_EDGE('',*,*,#904,.F.);
#1169=ORIENTED_EDGE('',*,*,#905,.F.);
#1170=ORIENTED_EDGE('',*,*,#906,.F.);
#1171=ORIENTED_EDGE('',*,*,#880,.F.);
#1172=ORIENTED_EDGE('',*,*,#879,.F.);
#1173=ORIENTED_EDGE('',*,*,#894,.F.);
#1174=ORIENTED_EDGE('',*,*,#903,.F.);
#1175=ORIENTED_EDGE('',*,*,#902,.T.);
#1176=ORIENTED_EDGE('',*,*,#907,.F.);
#1177=ORIENTED_EDGE('',*,*,#876,.F.);
#1178=ORIENTED_EDGE('',*,*,#908,.T.);
#1179=ORIENTED_EDGE('',*,*,#905,.T.);
#1180=ORIENTED_EDGE('',*,*,#904,.T.);
#1181=ORIENTED_EDGE('',*,*,#892,.F.);
#1182=ORIENTED_EDGE('',*,*,#877,.F.);
#1183=ORIENTED_EDGE('',*,*,#909,.F.);
#1184=ORIENTED_EDGE('',*,*,#910,.T.);
#1185=ORIENTED_EDGE('',*,*,#911,.F.);
#1186=ORIENTED_EDGE('',*,*,#910,.F.);
#1187=ORIENTED_EDGE('',*,*,#912,.F.);
#1188=ORIENTED_EDGE('',*,*,#913,.T.);
#1189=ORIENTED_EDGE('',*,*,#914,.F.);
#1190=ORIENTED_EDGE('',*,*,#913,.F.);
#1191=ORIENTED_EDGE('',*,*,#915,.F.);
#1192=ORIENTED_EDGE('',*,*,#916,.T.);
#1193=ORIENTED_EDGE('',*,*,#917,.F.);
#1194=ORIENTED_EDGE('',*,*,#916,.F.);
#1195=ORIENTED_EDGE('',*,*,#918,.F.);
#1196=ORIENTED_EDGE('',*,*,#919,.T.);
#1197=ORIENTED_EDGE('',*,*,#920,.F.);
#1198=ORIENTED_EDGE('',*,*,#919,.F.);
#1199=ORIENTED_EDGE('',*,*,#921,.F.);
#1200=ORIENTED_EDGE('',*,*,#922,.T.);
#1201=ORIENTED_EDGE('',*,*,#923,.F.);
#1202=ORIENTED_EDGE('',*,*,#922,.F.);
#1203=ORIENTED_EDGE('',*,*,#924,.T.);
#1204=ORIENTED_EDGE('',*,*,#925,.F.);
#1205=ORIENTED_EDGE('',*,*,#926,.F.);
#1206=ORIENTED_EDGE('',*,*,#927,.F.);
#1207=ORIENTED_EDGE('',*,*,#928,.T.);
#1208=ORIENTED_EDGE('',*,*,#929,.T.);
#1209=ORIENTED_EDGE('',*,*,#930,.F.);
#1210=ORIENTED_EDGE('',*,*,#925,.T.);
#1211=ORIENTED_EDGE('',*,*,#931,.T.);
#1212=ORIENTED_EDGE('',*,*,#932,.F.);
#1213=ORIENTED_EDGE('',*,*,#933,.F.);
#1214=ORIENTED_EDGE('',*,*,#934,.F.);
#1215=ORIENTED_EDGE('',*,*,#935,.T.);
#1216=ORIENTED_EDGE('',*,*,#936,.T.);
#1217=ORIENTED_EDGE('',*,*,#937,.F.);
#1218=ORIENTED_EDGE('',*,*,#932,.T.);
#1219=ORIENTED_EDGE('',*,*,#938,.T.);
#1220=ORIENTED_EDGE('',*,*,#939,.T.);
#1221=ORIENTED_EDGE('',*,*,#940,.F.);
#1222=ORIENTED_EDGE('',*,*,#941,.T.);
#1223=ORIENTED_EDGE('',*,*,#942,.T.);
#1224=ORIENTED_EDGE('',*,*,#943,.F.);
#1225=ORIENTED_EDGE('',*,*,#944,.F.);
#1226=ORIENTED_EDGE('',*,*,#939,.F.);
#1227=ORIENTED_EDGE('',*,*,#945,.F.);
#1228=ORIENTED_EDGE('',*,*,#885,.F.);
#1229=ORIENTED_EDGE('',*,*,#946,.T.);
#1230=ORIENTED_EDGE('',*,*,#836,.F.);
#1231=ORIENTED_EDGE('',*,*,#947,.F.);
#1232=ORIENTED_EDGE('',*,*,#832,.F.);
#1233=ORIENTED_EDGE('',*,*,#948,.F.);
#1234=ORIENTED_EDGE('',*,*,#889,.F.);
#1235=ORIENTED_EDGE('',*,*,#949,.F.);
#1236=ORIENTED_EDGE('',*,*,#928,.F.);
#1237=ORIENTED_EDGE('',*,*,#924,.F.);
#1238=ORIENTED_EDGE('',*,*,#950,.F.);
#1239=ORIENTED_EDGE('',*,*,#951,.F.);
#1240=ORIENTED_EDGE('',*,*,#935,.F.);
#1241=ORIENTED_EDGE('',*,*,#931,.F.);
#1242=ORIENTED_EDGE('',*,*,#952,.F.);
#1243=ORIENTED_EDGE('',*,*,#953,.F.);
#1244=ORIENTED_EDGE('',*,*,#942,.F.);
#1245=ORIENTED_EDGE('',*,*,#938,.F.);
#1246=ORIENTED_EDGE('',*,*,#954,.F.);
#1247=ORIENTED_EDGE('',*,*,#955,.F.);
#1248=ORIENTED_EDGE('',*,*,#956,.F.);
#1249=ORIENTED_EDGE('',*,*,#957,.F.);
#1250=ORIENTED_EDGE('',*,*,#958,.F.);
#1251=ORIENTED_EDGE('',*,*,#959,.F.);
#1252=ORIENTED_EDGE('',*,*,#960,.F.);
#1253=ORIENTED_EDGE('',*,*,#961,.F.);
#1254=ORIENTED_EDGE('',*,*,#962,.F.);
#1255=ORIENTED_EDGE('',*,*,#957,.T.);
#1256=ORIENTED_EDGE('',*,*,#963,.F.);
#1257=ORIENTED_EDGE('',*,*,#964,.F.);
#1258=ORIENTED_EDGE('',*,*,#965,.F.);
#1259=ORIENTED_EDGE('',*,*,#956,.T.);
#1260=ORIENTED_EDGE('',*,*,#966,.T.);
#1261=ORIENTED_EDGE('',*,*,#967,.F.);
#1262=ORIENTED_EDGE('',*,*,#963,.T.);
#1263=ORIENTED_EDGE('',*,*,#961,.T.);
#1264=ORIENTED_EDGE('',*,*,#968,.F.);
#1265=ORIENTED_EDGE('',*,*,#969,.F.);
#1266=ORIENTED_EDGE('',*,*,#970,.F.);
#1267=ORIENTED_EDGE('',*,*,#960,.T.);
#1268=ORIENTED_EDGE('',*,*,#971,.T.);
#1269=ORIENTED_EDGE('',*,*,#972,.F.);
#1270=ORIENTED_EDGE('',*,*,#968,.T.);
#1271=ORIENTED_EDGE('',*,*,#835,.T.);
#1272=ORIENTED_EDGE('',*,*,#973,.F.);
#1273=ORIENTED_EDGE('',*,*,#833,.T.);
#1274=ORIENTED_EDGE('',*,*,#947,.T.);
#1275=ORIENTED_EDGE('',*,*,#834,.T.);
#1276=ORIENTED_EDGE('',*,*,#973,.T.);
#1277=ORIENTED_EDGE('',*,*,#974,.T.);
#1278=ORIENTED_EDGE('',*,*,#975,.T.);
#1279=ORIENTED_EDGE('',*,*,#976,.T.);
#1280=ORIENTED_EDGE('',*,*,#977,.F.);
#1281=ORIENTED_EDGE('',*,*,#974,.F.);
#1282=ORIENTED_EDGE('',*,*,#978,.F.);
#1283=ORIENTED_EDGE('',*,*,#838,.T.);
#1284=ORIENTED_EDGE('',*,*,#979,.T.);
#1285=ORIENTED_EDGE('',*,*,#911,.T.);
#1286=ORIENTED_EDGE('',*,*,#980,.F.);
#1287=ORIENTED_EDGE('',*,*,#882,.F.);
#1288=ORIENTED_EDGE('',*,*,#981,.F.);
#1289=ORIENTED_EDGE('',*,*,#980,.T.);
#1290=ORIENTED_EDGE('',*,*,#982,.F.);
#1291=ORIENTED_EDGE('',*,*,#983,.T.);
#1292=ORIENTED_EDGE('',*,*,#859,.T.);
#1293=ORIENTED_EDGE('',*,*,#984,.T.);
#1294=ORIENTED_EDGE('',*,*,#883,.T.);
#1295=ORIENTED_EDGE('',*,*,#914,.T.);
#1296=ORIENTED_EDGE('',*,*,#917,.T.);
#1297=ORIENTED_EDGE('',*,*,#920,.T.);
#1298=ORIENTED_EDGE('',*,*,#923,.T.);
#1299=ORIENTED_EDGE('',*,*,#985,.F.);
#1300=ORIENTED_EDGE('',*,*,#976,.F.);
#1301=ORIENTED_EDGE('',*,*,#986,.T.);
#1302=ORIENTED_EDGE('',*,*,#857,.F.);
#1303=ORIENTED_EDGE('',*,*,#979,.F.);
#1304=ORIENTED_EDGE('',*,*,#837,.F.);
#1305=ORIENTED_EDGE('',*,*,#946,.F.);
#1306=ORIENTED_EDGE('',*,*,#884,.F.);
#1307=ORIENTED_EDGE('',*,*,#984,.F.);
#1308=ORIENTED_EDGE('',*,*,#858,.F.);
#1309=ORIENTED_EDGE('',*,*,#986,.F.);
#1310=ORIENTED_EDGE('',*,*,#975,.F.);
#1311=ORIENTED_EDGE('',*,*,#887,.F.);
#1312=ORIENTED_EDGE('',*,*,#987,.T.);
#1313=ORIENTED_EDGE('',*,*,#886,.F.);
#1314=ORIENTED_EDGE('',*,*,#945,.T.);
#1315=ORIENTED_EDGE('',*,*,#888,.F.);
#1316=ORIENTED_EDGE('',*,*,#987,.F.);
#1317=ORIENTED_EDGE('',*,*,#983,.F.);
#1318=ORIENTED_EDGE('',*,*,#988,.F.);
#1319=ORIENTED_EDGE('',*,*,#860,.F.);
#1320=ORIENTED_EDGE('',*,*,#989,.F.);
#1321=ORIENTED_EDGE('',*,*,#990,.T.);
#1322=ORIENTED_EDGE('',*,*,#991,.F.);
#1323=ORIENTED_EDGE('',*,*,#992,.T.);
#1324=ORIENTED_EDGE('',*,*,#993,.T.);
#1325=ORIENTED_EDGE('',*,*,#994,.T.);
#1326=ORIENTED_EDGE('',*,*,#969,.T.);
#1327=ORIENTED_EDGE('',*,*,#972,.T.);
#1328=ORIENTED_EDGE('',*,*,#995,.T.);
#1329=ORIENTED_EDGE('',*,*,#996,.T.);
#1330=ORIENTED_EDGE('',*,*,#964,.T.);
#1331=ORIENTED_EDGE('',*,*,#967,.T.);
#1332=ORIENTED_EDGE('',*,*,#997,.T.);
#1333=ORIENTED_EDGE('',*,*,#998,.T.);
#1334=ORIENTED_EDGE('',*,*,#944,.T.);
#1335=ORIENTED_EDGE('',*,*,#999,.T.);
#1336=ORIENTED_EDGE('',*,*,#1000,.T.);
#1337=ORIENTED_EDGE('',*,*,#940,.T.);
#1338=ORIENTED_EDGE('',*,*,#933,.T.);
#1339=ORIENTED_EDGE('',*,*,#937,.T.);
#1340=ORIENTED_EDGE('',*,*,#1001,.T.);
#1341=ORIENTED_EDGE('',*,*,#1002,.T.);
#1342=ORIENTED_EDGE('',*,*,#926,.T.);
#1343=ORIENTED_EDGE('',*,*,#930,.T.);
#1344=ORIENTED_EDGE('',*,*,#1003,.T.);
#1345=ORIENTED_EDGE('',*,*,#1004,.T.);
#1346=ORIENTED_EDGE('',*,*,#1005,.F.);
#1347=ORIENTED_EDGE('',*,*,#1006,.T.);
#1348=ORIENTED_EDGE('',*,*,#1007,.F.);
#1349=ORIENTED_EDGE('',*,*,#1008,.T.);
#1350=ORIENTED_EDGE('',*,*,#1009,.F.);
#1351=ORIENTED_EDGE('',*,*,#1010,.F.);
#1352=ORIENTED_EDGE('',*,*,#1011,.T.);
#1353=ORIENTED_EDGE('',*,*,#1012,.F.);
#1354=ORIENTED_EDGE('',*,*,#1013,.F.);
#1355=ORIENTED_EDGE('',*,*,#1014,.F.);
#1356=ORIENTED_EDGE('',*,*,#912,.T.);
#1357=ORIENTED_EDGE('',*,*,#915,.T.);
#1358=ORIENTED_EDGE('',*,*,#918,.T.);
#1359=ORIENTED_EDGE('',*,*,#921,.T.);
#1360=ORIENTED_EDGE('',*,*,#1015,.T.);
#1361=ORIENTED_EDGE('',*,*,#1016,.T.);
#1362=ORIENTED_EDGE('',*,*,#1017,.T.);
#1363=ORIENTED_EDGE('',*,*,#1011,.F.);
#1364=ORIENTED_EDGE('',*,*,#1018,.T.);
#1365=ORIENTED_EDGE('',*,*,#1019,.T.);
#1366=ORIENTED_EDGE('',*,*,#1007,.T.);
#1367=ORIENTED_EDGE('',*,*,#1020,.T.);
#1368=ORIENTED_EDGE('',*,*,#1014,.T.);
#1369=ORIENTED_EDGE('',*,*,#1021,.T.);
#1370=ORIENTED_EDGE('',*,*,#991,.T.);
#1371=ORIENTED_EDGE('',*,*,#1022,.T.);
#1372=ORIENTED_EDGE('',*,*,#1019,.F.);
#1373=ORIENTED_EDGE('',*,*,#1023,.F.);
#1374=ORIENTED_EDGE('',*,*,#1024,.F.);
#1375=ORIENTED_EDGE('',*,*,#1008,.F.);
#1376=ORIENTED_EDGE('',*,*,#1018,.F.);
#1377=ORIENTED_EDGE('',*,*,#1025,.F.);
#1378=ORIENTED_EDGE('',*,*,#1026,.T.);
#1379=ORIENTED_EDGE('',*,*,#1023,.T.);
#1380=ORIENTED_EDGE('',*,*,#909,.T.);
#1381=ORIENTED_EDGE('',*,*,#1027,.F.);
#1382=ORIENTED_EDGE('',*,*,#1028,.F.);
#1383=ORIENTED_EDGE('',*,*,#1025,.T.);
#1384=ORIENTED_EDGE('',*,*,#1022,.F.);
#1385=ORIENTED_EDGE('',*,*,#990,.F.);
#1386=ORIENTED_EDGE('',*,*,#1028,.T.);
#1387=ORIENTED_EDGE('',*,*,#1029,.T.);
#1388=ORIENTED_EDGE('',*,*,#1024,.T.);
#1389=ORIENTED_EDGE('',*,*,#1026,.F.);
#1390=ORIENTED_EDGE('',*,*,#949,.T.);
#1391=ORIENTED_EDGE('',*,*,#1030,.F.);
#1392=ORIENTED_EDGE('',*,*,#1003,.F.);
#1393=ORIENTED_EDGE('',*,*,#929,.F.);
#1394=ORIENTED_EDGE('',*,*,#950,.T.);
#1395=ORIENTED_EDGE('',*,*,#927,.T.);
#1396=ORIENTED_EDGE('',*,*,#1004,.F.);
#1397=ORIENTED_EDGE('',*,*,#1030,.T.);
#1398=ORIENTED_EDGE('',*,*,#951,.T.);
#1399=ORIENTED_EDGE('',*,*,#1031,.F.);
#1400=ORIENTED_EDGE('',*,*,#1001,.F.);
#1401=ORIENTED_EDGE('',*,*,#936,.F.);
#1402=ORIENTED_EDGE('',*,*,#952,.T.);
#1403=ORIENTED_EDGE('',*,*,#934,.T.);
#1404=ORIENTED_EDGE('',*,*,#1002,.F.);
#1405=ORIENTED_EDGE('',*,*,#1031,.T.);
#1406=ORIENTED_EDGE('',*,*,#953,.T.);
#1407=ORIENTED_EDGE('',*,*,#1032,.T.);
#1408=ORIENTED_EDGE('',*,*,#999,.F.);
#1409=ORIENTED_EDGE('',*,*,#943,.T.);
#1410=ORIENTED_EDGE('',*,*,#954,.T.);
#1411=ORIENTED_EDGE('',*,*,#941,.F.);
#1412=ORIENTED_EDGE('',*,*,#1000,.F.);
#1413=ORIENTED_EDGE('',*,*,#1032,.F.);
#1414=ORIENTED_EDGE('',*,*,#955,.T.);
#1415=ORIENTED_EDGE('',*,*,#1033,.F.);
#1416=ORIENTED_EDGE('',*,*,#997,.F.);
#1417=ORIENTED_EDGE('',*,*,#966,.F.);
#1418=ORIENTED_EDGE('',*,*,#958,.T.);
#1419=ORIENTED_EDGE('',*,*,#965,.T.);
#1420=ORIENTED_EDGE('',*,*,#998,.F.);
#1421=ORIENTED_EDGE('',*,*,#1033,.T.);
#1422=ORIENTED_EDGE('',*,*,#959,.T.);
#1423=ORIENTED_EDGE('',*,*,#1034,.F.);
#1424=ORIENTED_EDGE('',*,*,#995,.F.);
#1425=ORIENTED_EDGE('',*,*,#971,.F.);
#1426=ORIENTED_EDGE('',*,*,#962,.T.);
#1427=ORIENTED_EDGE('',*,*,#970,.T.);
#1428=ORIENTED_EDGE('',*,*,#996,.F.);
#1429=ORIENTED_EDGE('',*,*,#1034,.T.);
#1430=ORIENTED_EDGE('',*,*,#1035,.F.);
#1431=ORIENTED_EDGE('',*,*,#994,.F.);
#1432=ORIENTED_EDGE('',*,*,#1036,.T.);
#1433=ORIENTED_EDGE('',*,*,#1035,.T.);
#1434=ORIENTED_EDGE('',*,*,#1036,.F.);
#1435=ORIENTED_EDGE('',*,*,#1037,.F.);
#1436=ORIENTED_EDGE('',*,*,#993,.F.);
#1437=ORIENTED_EDGE('',*,*,#1038,.T.);
#1438=ORIENTED_EDGE('',*,*,#1037,.T.);
#1439=ORIENTED_EDGE('',*,*,#1038,.F.);
#1440=ORIENTED_EDGE('',*,*,#1039,.F.);
#1441=ORIENTED_EDGE('',*,*,#992,.F.);
#1442=ORIENTED_EDGE('',*,*,#1021,.F.);
#1443=ORIENTED_EDGE('',*,*,#1013,.T.);
#1444=ORIENTED_EDGE('',*,*,#1040,.F.);
#1445=ORIENTED_EDGE('',*,*,#1041,.F.);
#1446=ORIENTED_EDGE('',*,*,#1040,.T.);
#1447=ORIENTED_EDGE('',*,*,#1012,.T.);
#1448=ORIENTED_EDGE('',*,*,#1017,.F.);
#1449=ORIENTED_EDGE('',*,*,#1042,.F.);
#1450=ORIENTED_EDGE('',*,*,#1015,.F.);
#1451=ORIENTED_EDGE('',*,*,#1010,.T.);
#1452=ORIENTED_EDGE('',*,*,#1043,.T.);
#1453=ORIENTED_EDGE('',*,*,#1044,.F.);
#1454=ORIENTED_EDGE('',*,*,#1043,.F.);
#1455=ORIENTED_EDGE('',*,*,#1009,.T.);
#1456=ORIENTED_EDGE('',*,*,#1020,.F.);
#1457=ORIENTED_EDGE('',*,*,#1006,.F.);
#1458=ORIENTED_EDGE('',*,*,#1039,.T.);
#1459=ORIENTED_EDGE('',*,*,#1041,.T.);
#1460=ORIENTED_EDGE('',*,*,#1016,.F.);
#1461=ORIENTED_EDGE('',*,*,#1042,.T.);
#1462=ORIENTED_EDGE('',*,*,#1044,.T.);
#1463=ORIENTED_EDGE('',*,*,#1005,.T.);
#1464=ORIENTED_EDGE('',*,*,#1029,.F.);
#1465=ORIENTED_EDGE('',*,*,#1027,.T.);
#1466=ORIENTED_EDGE('',*,*,#989,.T.);
#1467=ORIENTED_EDGE('',*,*,#819,.T.);
#1468=ORIENTED_EDGE('',*,*,#822,.T.);
#1469=ORIENTED_EDGE('',*,*,#862,.T.);
#1470=ORIENTED_EDGE('',*,*,#865,.T.);
#1471=ORIENTED_EDGE('',*,*,#977,.T.);
#1472=ORIENTED_EDGE('',*,*,#985,.T.);
#1473=ORIENTED_EDGE('',*,*,#856,.T.);
#1474=ORIENTED_EDGE('',*,*,#854,.T.);
#1475=ORIENTED_EDGE('',*,*,#846,.T.);
#1476=ORIENTED_EDGE('',*,*,#850,.F.);
#1477=ORIENTED_EDGE('',*,*,#861,.T.);
#1478=ORIENTED_EDGE('',*,*,#988,.T.);
#1479=ORIENTED_EDGE('',*,*,#982,.T.);
#1480=ORIENTED_EDGE('',*,*,#981,.T.);
#1481=ORIENTED_EDGE('',*,*,#881,.T.);
#1482=ORIENTED_EDGE('',*,*,#907,.T.);
#1483=ORIENTED_EDGE('',*,*,#906,.T.);
#1484=ORIENTED_EDGE('',*,*,#908,.F.);
#1485=ORIENTED_EDGE('',*,*,#875,.T.);
#1486=ORIENTED_EDGE('',*,*,#900,.T.);
#1487=ORIENTED_EDGE('',*,*,#899,.T.);
#1488=ORIENTED_EDGE('',*,*,#901,.F.);
#1489=ORIENTED_EDGE('',*,*,#890,.T.);
#1490=ORIENTED_EDGE('',*,*,#948,.T.);
#1491=ORIENTED_EDGE('',*,*,#831,.T.);
#1492=ORIENTED_EDGE('',*,*,#844,.T.);
#1493=ORIENTED_EDGE('',*,*,#841,.T.);
#1494=ORIENTED_EDGE('',*,*,#843,.F.);
#1495=ORIENTED_EDGE('',*,*,#839,.T.);
#1496=ORIENTED_EDGE('',*,*,#978,.T.);
#1497=CYLINDRICAL_SURFACE('',#1620,2.6);
#1498=CYLINDRICAL_SURFACE('',#1624,2.6);
#1499=CYLINDRICAL_SURFACE('',#1640,2.6);
#1500=CYLINDRICAL_SURFACE('',#1644,2.6);
#1501=CYLINDRICAL_SURFACE('',#1654,1.25);
#1502=CYLINDRICAL_SURFACE('',#1657,1.25);
#1503=CYLINDRICAL_SURFACE('',#1660,1.25);
#1504=CYLINDRICAL_SURFACE('',#1663,1.25);
#1505=CYLINDRICAL_SURFACE('',#1666,1.25);
#1506=CYLINDRICAL_SURFACE('',#1672,4082.29231584871);
#1507=CYLINDRICAL_SURFACE('',#1677,164.858456769086);
#1508=CYLINDRICAL_SURFACE('',#1679,155.501742289733);
#1509=CYLINDRICAL_SURFACE('',#1690,150.475737960389);
#1510=CYLINDRICAL_SURFACE('',#1695,215.196321028578);
#1511=CYLINDRICAL_SURFACE('',#1697,3.95);
#1512=CYLINDRICAL_SURFACE('',#1708,3.95000000000001);
#1513=CYLINDRICAL_SURFACE('',#1715,1.);
#1514=CYLINDRICAL_SURFACE('',#1724,1.);
#1515=CYLINDRICAL_SURFACE('',#1727,5145.18285292418);
#1516=CYLINDRICAL_SURFACE('',#1730,167.643280867129);
#1517=CYLINDRICAL_SURFACE('',#1731,96.2558286876746);
#1518=CYLINDRICAL_SURFACE('',#1736,107.458146395787);
#1519=CYLINDRICAL_SURFACE('',#1739,217.306153613159);
#1520=CYLINDRICAL_SURFACE('',#1742,2.55000000000001);
#1521=CYLINDRICAL_SURFACE('',#1745,2.55);
#1522=ADVANCED_FACE('',(#151),#1497,.F.);
#1523=ADVANCED_FACE('',(#152),#98,.T.);
#1524=ADVANCED_FACE('',(#153),#1498,.F.);
#1525=ADVANCED_FACE('',(#154),#99,.T.);
#1526=ADVANCED_FACE('',(#155),#100,.T.);
#1527=ADVANCED_FACE('',(#156),#101,.T.);
#1528=ADVANCED_FACE('',(#157),#102,.T.);
#1529=ADVANCED_FACE('',(#158),#103,.F.);
#1530=ADVANCED_FACE('',(#159),#104,.F.);
#1531=ADVANCED_FACE('',(#160),#105,.T.);
#1532=ADVANCED_FACE('',(#161),#106,.F.);
#1533=ADVANCED_FACE('',(#162),#107,.F.);
#1534=ADVANCED_FACE('',(#163),#108,.F.);
#1535=ADVANCED_FACE('',(#164),#109,.T.);
#1536=ADVANCED_FACE('',(#165),#1499,.F.);
#1537=ADVANCED_FACE('',(#166),#110,.T.);
#1538=ADVANCED_FACE('',(#167),#1500,.F.);
#1539=ADVANCED_FACE('',(#168),#111,.T.);
#1540=ADVANCED_FACE('',(#169),#112,.F.);
#1541=ADVANCED_FACE('',(#170),#51,.T.);
#1542=ADVANCED_FACE('',(#171),#113,.F.);
#1543=ADVANCED_FACE('',(#172),#52,.T.);
#1544=ADVANCED_FACE('',(#173),#114,.F.);
#1545=ADVANCED_FACE('',(#174),#115,.F.);
#1546=ADVANCED_FACE('',(#175),#53,.T.);
#1547=ADVANCED_FACE('',(#176),#116,.F.);
#1548=ADVANCED_FACE('',(#177),#117,.F.);
#1549=ADVANCED_FACE('',(#178),#1501,.F.);
#1550=ADVANCED_FACE('',(#179),#1502,.F.);
#1551=ADVANCED_FACE('',(#180),#1503,.F.);
#1552=ADVANCED_FACE('',(#181),#1504,.F.);
#1553=ADVANCED_FACE('',(#182),#1505,.F.);
#1554=ADVANCED_FACE('',(#183),#118,.F.);
#1555=ADVANCED_FACE('',(#184),#1506,.T.);
#1556=ADVANCED_FACE('',(#185),#119,.F.);
#1557=ADVANCED_FACE('',(#186),#1507,.T.);
#1558=ADVANCED_FACE('',(#187),#1508,.F.);
#1559=ADVANCED_FACE('',(#188),#120,.F.);
#1560=ADVANCED_FACE('',(#189,#24,#25,#26,#27,#28),#121,.F.);
#1561=ADVANCED_FACE('',(#190),#122,.F.);
#1562=ADVANCED_FACE('',(#191),#1509,.T.);
#1563=ADVANCED_FACE('',(#192),#123,.F.);
#1564=ADVANCED_FACE('',(#193),#1510,.T.);
#1565=ADVANCED_FACE('',(#194),#1511,.T.);
#1566=ADVANCED_FACE('',(#195),#124,.F.);
#1567=ADVANCED_FACE('',(#196),#125,.T.);
#1568=ADVANCED_FACE('',(#197,#29),#126,.T.);
#1569=ADVANCED_FACE('',(#198),#127,.F.);
#1570=ADVANCED_FACE('',(#199,#30,#31,#32,#33),#128,.T.);
#1571=ADVANCED_FACE('',(#200),#129,.T.);
#1572=ADVANCED_FACE('',(#201),#130,.F.);
#1573=ADVANCED_FACE('',(#202),#131,.F.);
#1574=ADVANCED_FACE('',(#203),#1512,.T.);
#1575=ADVANCED_FACE('',(#204),#132,.F.);
#1576=ADVANCED_FACE('',(#205,#34,#35,#36,#37,#38,#39,#40),#133,.T.);
#1577=ADVANCED_FACE('',(#206),#134,.F.);
#1578=ADVANCED_FACE('',(#207,#41,#42,#43,#44),#135,.F.);
#1579=ADVANCED_FACE('',(#208),#1513,.T.);
#1580=ADVANCED_FACE('',(#209),#136,.T.);
#1581=ADVANCED_FACE('',(#210),#137,.F.);
#1582=ADVANCED_FACE('',(#211,#45),#138,.F.);
#1583=ADVANCED_FACE('',(#212),#139,.F.);
#1584=ADVANCED_FACE('',(#213),#1514,.T.);
#1585=ADVANCED_FACE('',(#214),#140,.T.);
#1586=ADVANCED_FACE('',(#215),#1515,.F.);
#1587=ADVANCED_FACE('',(#216),#141,.T.);
#1588=ADVANCED_FACE('',(#217),#1516,.F.);
#1589=ADVANCED_FACE('',(#218),#1517,.T.);
#1590=ADVANCED_FACE('',(#219),#142,.T.);
#1591=ADVANCED_FACE('',(#220),#143,.T.);
#1592=ADVANCED_FACE('',(#221),#1518,.F.);
#1593=ADVANCED_FACE('',(#222),#144,.T.);
#1594=ADVANCED_FACE('',(#223),#1519,.F.);
#1595=ADVANCED_FACE('',(#224),#145,.T.);
#1596=ADVANCED_FACE('',(#225),#1520,.F.);
#1597=ADVANCED_FACE('',(#226),#146,.T.);
#1598=ADVANCED_FACE('',(#227),#1521,.F.);
#1599=ADVANCED_FACE('',(#228),#23,.F.);
#1600=ADVANCED_FACE('',(#229),#147,.T.);
#1601=ADVANCED_FACE('',(#230),#148,.T.);
#1602=ADVANCED_FACE('',(#231),#149,.F.);
#1603=ADVANCED_FACE('',(#232,#46,#47,#48,#49,#50),#150,.T.);
#1604=CLOSED_SHELL('',(#1522,#1523,#1524,#1525,#1526,#1527,#1528,#1529,
#1530,#1531,#1532,#1533,#1534,#1535,#1536,#1537,#1538,#1539,#1540,#1541,
#1542,#1543,#1544,#1545,#1546,#1547,#1548,#1549,#1550,#1551,#1552,#1553,
#1554,#1555,#1556,#1557,#1558,#1559,#1560,#1561,#1562,#1563,#1564,#1565,
#1566,#1567,#1568,#1569,#1570,#1571,#1572,#1573,#1574,#1575,#1576,#1577,
#1578,#1579,#1580,#1581,#1582,#1583,#1584,#1585,#1586,#1587,#1588,#1589,
#1590,#1591,#1592,#1593,#1594,#1595,#1596,#1597,#1598,#1599,#1600,#1601,
#1602,#1603));
#1605=DERIVED_UNIT_ELEMENT(#1607,1.);
#1606=DERIVED_UNIT_ELEMENT(#2867,-3.);
#1607=(
MASS_UNIT()
NAMED_UNIT(*)
SI_UNIT(.KILO.,.GRAM.)
);
#1608=DERIVED_UNIT((#1605,#1606));
#1609=MEASURE_REPRESENTATION_ITEM('density measure',
POSITIVE_RATIO_MEASURE(7850.),#1608);
#1610=PROPERTY_DEFINITION_REPRESENTATION(#1615,#1612);
#1611=PROPERTY_DEFINITION_REPRESENTATION(#1616,#1613);
#1612=REPRESENTATION('material name',(#1614),#2864);
#1613=REPRESENTATION('density',(#1609),#2864);
#1614=DESCRIPTIVE_REPRESENTATION_ITEM('Steel','Steel');
#1615=PROPERTY_DEFINITION('material property','material name',#2884);
#1616=PROPERTY_DEFINITION('material property','density of part',#2884);
#1617=AXIS2_PLACEMENT_3D('',#2164,#1752,#1753);
#1618=AXIS2_PLACEMENT_3D('',#2165,#1754,#1755);
#1619=AXIS2_PLACEMENT_3D('',#2166,#1756,#1757);
#1620=AXIS2_PLACEMENT_3D('',#2167,#1758,#1759);
#1621=AXIS2_PLACEMENT_3D('',#2169,#1760,#1761);
#1622=AXIS2_PLACEMENT_3D('',#2172,#1763,#1764);
#1623=AXIS2_PLACEMENT_3D('',#2173,#1765,#1766);
#1624=AXIS2_PLACEMENT_3D('',#2174,#1767,#1768);
#1625=AXIS2_PLACEMENT_3D('',#2176,#1769,#1770);
#1626=AXIS2_PLACEMENT_3D('',#2179,#1772,#1773);
#1627=AXIS2_PLACEMENT_3D('',#2180,#1774,#1775);
#1628=AXIS2_PLACEMENT_3D('',#2181,#1776,#1777);
#1629=AXIS2_PLACEMENT_3D('',#2190,#1782,#1783);
#1630=AXIS2_PLACEMENT_3D('',#2200,#1788,#1789);
#1631=AXIS2_PLACEMENT_3D('',#2204,#1791,#1792);
#1632=AXIS2_PLACEMENT_3D('',#2212,#1797,#1798);
#1633=AXIS2_PLACEMENT_3D('',#2218,#1802,#1803);
#1634=AXIS2_PLACEMENT_3D('',#2220,#1805,#1806);
#1635=AXIS2_PLACEMENT_3D('',#2222,#1808,#1809);
#1636=AXIS2_PLACEMENT_3D('',#2231,#1814,#1815);
#1637=AXIS2_PLACEMENT_3D('',#2237,#1819,#1820);
#1638=AXIS2_PLACEMENT_3D('',#2243,#1824,#1825);
#1639=AXIS2_PLACEMENT_3D('',#2245,#1827,#1828);
#1640=AXIS2_PLACEMENT_3D('',#2257,#1835,#1836);
#1641=AXIS2_PLACEMENT_3D('',#2259,#1837,#1838);
#1642=AXIS2_PLACEMENT_3D('',#2262,#1840,#1841);
#1643=AXIS2_PLACEMENT_3D('',#2263,#1842,#1843);
#1644=AXIS2_PLACEMENT_3D('',#2264,#1844,#1845);
#1645=AXIS2_PLACEMENT_3D('',#2266,#1846,#1847);
#1646=AXIS2_PLACEMENT_3D('',#2269,#1849,#1850);
#1647=AXIS2_PLACEMENT_3D('',#2270,#1851,#1852);
#1648=AXIS2_PLACEMENT_3D('',#2271,#1853,#1854);
#1649=AXIS2_PLACEMENT_3D('',#2407,#1857,#1858);
#1650=AXIS2_PLACEMENT_3D('',#2442,#1863,#1864);
#1651=AXIS2_PLACEMENT_3D('',#2444,#1866,#1867);
#1652=AXIS2_PLACEMENT_3D('',#2472,#1871,#1872);
#1653=AXIS2_PLACEMENT_3D('',#2474,#1874,#1875);
#1654=AXIS2_PLACEMENT_3D('',#2476,#1877,#1878);
#1655=AXIS2_PLACEMENT_3D('',#2478,#1879,#1880);
#1656=AXIS2_PLACEMENT_3D('',#2481,#1882,#1883);
#1657=AXIS2_PLACEMENT_3D('',#2482,#1884,#1885);
#1658=AXIS2_PLACEMENT_3D('',#2484,#1886,#1887);
#1659=AXIS2_PLACEMENT_3D('',#2487,#1889,#1890);
#1660=AXIS2_PLACEMENT_3D('',#2488,#1891,#1892);
#1661=AXIS2_PLACEMENT_3D('',#2490,#1893,#1894);
#1662=AXIS2_PLACEMENT_3D('',#2493,#1896,#1897);
#1663=AXIS2_PLACEMENT_3D('',#2494,#1898,#1899);
#1664=AXIS2_PLACEMENT_3D('',#2496,#1900,#1901);
#1665=AXIS2_PLACEMENT_3D('',#2499,#1903,#1904);
#1666=AXIS2_PLACEMENT_3D('',#2500,#1905,#1906);
#1667=AXIS2_PLACEMENT_3D('',#2502,#1907,#1908);
#1668=AXIS2_PLACEMENT_3D('',#2505,#1910,#1911);
#1669=AXIS2_PLACEMENT_3D('',#2506,#1912,#1913);
#1670=AXIS2_PLACEMENT_3D('',#2511,#1915,#1916);
#1671=AXIS2_PLACEMENT_3D('',#2514,#1918,#1919);
#1672=AXIS2_PLACEMENT_3D('',#2515,#1920,#1921);
#1673=AXIS2_PLACEMENT_3D('',#2519,#1923,#1924);
#1674=AXIS2_PLACEMENT_3D('',#2521,#1926,#1927);
#1675=AXIS2_PLACEMENT_3D('',#2526,#1929,#1930);
#1676=AXIS2_PLACEMENT_3D('',#2529,#1932,#1933);
#1677=AXIS2_PLACEMENT_3D('',#2530,#1934,#1935);
#1678=AXIS2_PLACEMENT_3D('',#2534,#1937,#1938);
#1679=AXIS2_PLACEMENT_3D('',#2536,#1940,#1941);
#1680=AXIS2_PLACEMENT_3D('',#2541,#1943,#1944);
#1681=AXIS2_PLACEMENT_3D('',#2544,#1946,#1947);
#1682=AXIS2_PLACEMENT_3D('',#2545,#1948,#1949);
#1683=AXIS2_PLACEMENT_3D('',#2549,#1951,#1952);
#1684=AXIS2_PLACEMENT_3D('',#2551,#1954,#1955);
#1685=AXIS2_PLACEMENT_3D('',#2552,#1956,#1957);
#1686=AXIS2_PLACEMENT_3D('',#2554,#1959,#1960);
#1687=AXIS2_PLACEMENT_3D('',#2581,#1976,#1977);
#1688=AXIS2_PLACEMENT_3D('',#2583,#1978,#1979);
#1689=AXIS2_PLACEMENT_3D('',#2586,#1981,#1982);
#1690=AXIS2_PLACEMENT_3D('',#2587,#1983,#1984);
#1691=AXIS2_PLACEMENT_3D('',#2589,#1985,#1986);
#1692=AXIS2_PLACEMENT_3D('',#2591,#1988,#1989);
#1693=AXIS2_PLACEMENT_3D('',#2593,#1990,#1991);
#1694=AXIS2_PLACEMENT_3D('',#2596,#1993,#1994);
#1695=AXIS2_PLACEMENT_3D('',#2597,#1995,#1996);
#1696=AXIS2_PLACEMENT_3D('',#2599,#1997,#1998);
#1697=AXIS2_PLACEMENT_3D('',#2601,#2000,#2001);
#1698=AXIS2_PLACEMENT_3D('',#2602,#2002,#2003);
#1699=AXIS2_PLACEMENT_3D('',#2603,#2004,#2005);
#1700=AXIS2_PLACEMENT_3D('',#2604,#2006,#2007);
#1701=AXIS2_PLACEMENT_3D('',#2613,#2012,#2013);
#1702=AXIS2_PLACEMENT_3D('',#2616,#2016,#2017);
#1703=AXIS2_PLACEMENT_3D('',#2620,#2020,#2021);
#1704=AXIS2_PLACEMENT_3D('',#2625,#2025,#2026);
#1705=AXIS2_PLACEMENT_3D('',#2628,#2029,#2030);
#1706=AXIS2_PLACEMENT_3D('',#2629,#2031,#2032);
#1707=AXIS2_PLACEMENT_3D('',#2630,#2033,#2034);
#1708=AXIS2_PLACEMENT_3D('',#2631,#2035,#2036);
#1709=AXIS2_PLACEMENT_3D('',#2632,#2037,#2038);
#1710=AXIS2_PLACEMENT_3D('',#2634,#2040,#2041);
#1711=AXIS2_PLACEMENT_3D('',#2644,#2046,#2047);
#1712=AXIS2_PLACEMENT_3D('',#2646,#2048,#2049);
#1713=AXIS2_PLACEMENT_3D('',#2662,#2060,#2061);
#1714=AXIS2_PLACEMENT_3D('',#2671,#2066,#2067);
#1715=AXIS2_PLACEMENT_3D('',#2690,#2073,#2074);
#1716=AXIS2_PLACEMENT_3D('',#2692,#2075,#2076);
#1717=AXIS2_PLACEMENT_3D('',#2695,#2078,#2079);
#1718=AXIS2_PLACEMENT_3D('',#2696,#2080,#2081);
#1719=AXIS2_PLACEMENT_3D('',#2709,#2086,#2087);
#1720=AXIS2_PLACEMENT_3D('',#2712,#2089,#2090);
#1721=AXIS2_PLACEMENT_3D('',#2713,#2091,#2092);
#1722=AXIS2_PLACEMENT_3D('',#2717,#2095,#2096);
#1723=AXIS2_PLACEMENT_3D('',#2720,#2098,#2099);
#1724=AXIS2_PLACEMENT_3D('',#2721,#2100,#2101);
#1725=AXIS2_PLACEMENT_3D('',#2723,#2103,#2104);
#1726=AXIS2_PLACEMENT_3D('',#2724,#2105,#2106);
#1727=AXIS2_PLACEMENT_3D('',#2725,#2107,#2108);
#1728=AXIS2_PLACEMENT_3D('',#2726,#2109,#2110);
#1729=AXIS2_PLACEMENT_3D('',#2727,#2111,#2112);
#1730=AXIS2_PLACEMENT_3D('',#2728,#2113,#2114);
#1731=AXIS2_PLACEMENT_3D('',#2729,#2115,#2116);
#1732=AXIS2_PLACEMENT_3D('',#2730,#2117,#2118);
#1733=AXIS2_PLACEMENT_3D('',#2731,#2119,#2120);
#1734=AXIS2_PLACEMENT_3D('',#2732,#2121,#2122);
#1735=AXIS2_PLACEMENT_3D('',#2733,#2123,#2124);
#1736=AXIS2_PLACEMENT_3D('',#2734,#2125,#2126);
#1737=AXIS2_PLACEMENT_3D('',#2735,#2127,#2128);
#1738=AXIS2_PLACEMENT_3D('',#2736,#2129,#2130);
#1739=AXIS2_PLACEMENT_3D('',#2737,#2131,#2132);
#1740=AXIS2_PLACEMENT_3D('',#2738,#2133,#2134);
#1741=AXIS2_PLACEMENT_3D('',#2740,#2135,#2136);
#1742=AXIS2_PLACEMENT_3D('',#2741,#2137,#2138);
#1743=AXIS2_PLACEMENT_3D('',#2743,#2140,#2141);
#1744=AXIS2_PLACEMENT_3D('',#2745,#2142,#2143);
#1745=AXIS2_PLACEMENT_3D('',#2746,#2144,#2145);
#1746=AXIS2_PLACEMENT_3D('',#2847,#2148,#2149);
#1747=AXIS2_PLACEMENT_3D('',#2849,#2151,#2152);
#1748=AXIS2_PLACEMENT_3D('',#2853,#2155,#2156);
#1749=AXIS2_PLACEMENT_3D('',#2855,#2158,#2159);
#1750=AXIS2_PLACEMENT_3D('',#2856,#2160,#2161);
#1751=AXIS2_PLACEMENT_3D('',#2857,#2162,#2163);
#1752=DIRECTION('axis',(0.,0.,1.));
#1753=DIRECTION('refdir',(1.,0.,0.));
#1754=DIRECTION('axis',(0.,0.,1.));
#1755=DIRECTION('refdir',(1.,0.,0.));
#1756=DIRECTION('axis',(0.,0.,1.));
#1757=DIRECTION('refdir',(1.,0.,0.));
#1758=DIRECTION('center_axis',(0.,-1.,0.));
#1759=DIRECTION('ref_axis',(-1.,0.,0.));
#1760=DIRECTION('center_axis',(0.,-1.,-6.16297582203915E-33));
#1761=DIRECTION('ref_axis',(-1.,0.,0.));
#1762=DIRECTION('',(0.,-1.,0.));
#1763=DIRECTION('center_axis',(0.,-1.,0.));
#1764=DIRECTION('ref_axis',(-1.,0.,0.));
#1765=DIRECTION('center_axis',(0.,1.,0.));
#1766=DIRECTION('ref_axis',(-1.,0.,0.));
#1767=DIRECTION('center_axis',(0.,-1.,0.));
#1768=DIRECTION('ref_axis',(-1.,0.,0.));
#1769=DIRECTION('center_axis',(0.,-1.,-6.16297582203915E-33));
#1770=DIRECTION('ref_axis',(-1.,0.,0.));
#1771=DIRECTION('',(0.,-1.,0.));
#1772=DIRECTION('center_axis',(0.,-1.,0.));
#1773=DIRECTION('ref_axis',(-1.,0.,0.));
#1774=DIRECTION('center_axis',(0.,1.,0.));
#1775=DIRECTION('ref_axis',(-1.,0.,0.));
#1776=DIRECTION('center_axis',(0.,-1.,0.));
#1777=DIRECTION('ref_axis',(0.,0.,-1.));
#1778=DIRECTION('',(-0.485772923518143,0.,-0.874085045505663));
#1779=DIRECTION('',(-0.874085045505663,1.07044545316108E-16,0.485772923518143));
#1780=DIRECTION('',(-0.485772923518143,2.77465218825465E-17,-0.874085045505663));
#1781=DIRECTION('',(0.874085045505663,-1.07044545316108E-16,-0.485772923518143));
#1782=DIRECTION('center_axis',(-0.874085045505663,1.07044545316108E-16,
0.485772923518143));
#1783=DIRECTION('ref_axis',(-0.485772923518143,5.94900255898946E-17,-0.874085045505663));
#1784=DIRECTION('',(-1.07044545316108E-16,-1.,2.77465218825465E-17));
#1785=DIRECTION('',(1.07044545316108E-16,1.,-2.77465218825465E-17));
#1786=DIRECTION('',(0.485772923518143,-5.38696500185739E-33,0.874085045505663));
#1787=DIRECTION('',(1.22464679914735E-16,1.,6.16297582203915E-33));
#1788=DIRECTION('center_axis',(-0.874085045505663,1.07044545316108E-16,
0.485772923518143));
#1789=DIRECTION('ref_axis',(0.485772923518143,-5.38696500185739E-33,0.874085045505663));
#1790=DIRECTION('',(1.22464679914735E-16,1.,6.16297582203915E-33));
#1791=DIRECTION('center_axis',(-0.874085045505663,1.07044545316108E-16,
0.485772923518143));
#1792=DIRECTION('ref_axis',(0.485772923518143,-5.38696500185739E-33,0.874085045505663));
#1793=DIRECTION('',(1.22464679914735E-16,1.,6.16297582203915E-33));
#1794=DIRECTION('',(-0.485772923518143,5.94900255898946E-17,-0.874085045505663));
#1795=DIRECTION('',(0.278627902347366,0.819152044288991,0.501354585468881));
#1796=DIRECTION('',(0.485772923518143,-5.38696500185739E-33,0.874085045505663));
#1797=DIRECTION('center_axis',(-0.874085045505663,1.07044545316108E-16,
0.485772923518143));
#1798=DIRECTION('ref_axis',(-0.485772923518143,5.94900255898946E-17,-0.874085045505663));
#1799=DIRECTION('',(1.07044545316108E-16,1.,-2.77465218825465E-17));
#1800=DIRECTION('',(0.485772923518143,-5.38696500185739E-33,0.874085045505663));
#1801=DIRECTION('',(-1.07044545316108E-16,-1.,2.77465218825465E-17));
#1802=DIRECTION('center_axis',(-0.485772923518143,2.77465218825465E-17,
-0.874085045505663));
#1803=DIRECTION('ref_axis',(-0.874085045505663,0.,0.485772923518143));
#1804=DIRECTION('',(-0.874085045505663,1.07044545316108E-16,0.485772923518143));
#1805=DIRECTION('center_axis',(0.485772923518143,-2.77465218825465E-17,
0.874085045505663));
#1806=DIRECTION('ref_axis',(0.874085045505663,0.,-0.485772923518143));
#1807=DIRECTION('',(-0.874085045505663,1.07044545316108E-16,0.485772923518143));
#1808=DIRECTION('center_axis',(-0.9321350486954,1.14153620375788E-16,0.36211082694891));
#1809=DIRECTION('ref_axis',(-0.36211082694891,4.43457865159584E-17,-0.9321350486954));
#1810=DIRECTION('',(1.14153620375788E-16,1.,-2.13940852123144E-17));
#1811=DIRECTION('',(0.36211082694891,-5.74472576798504E-33,0.932135048695401));
#1812=DIRECTION('',(-1.14153620375788E-16,-1.,2.13940852123144E-17));
#1813=DIRECTION('',(0.36211082694891,-2.13940852123144E-17,0.932135048695401));
#1814=DIRECTION('center_axis',(-0.36211082694891,2.13940852123145E-17,-0.9321350486954));
#1815=DIRECTION('ref_axis',(-0.9321350486954,0.,0.36211082694891));
#1816=DIRECTION('',(-1.14153620375788E-16,-1.,2.13940852123144E-17));
#1817=DIRECTION('',(-0.932135048695401,1.14153620375788E-16,0.36211082694891));
#1818=DIRECTION('',(-0.932135048695401,1.14153620375788E-16,0.36211082694891));
#1819=DIRECTION('center_axis',(0.36211082694891,-2.13940852123145E-17,0.9321350486954));
#1820=DIRECTION('ref_axis',(0.9321350486954,0.,-0.36211082694891));
#1821=DIRECTION('',(1.14153620375788E-16,1.,-2.13940852123144E-17));
#1822=DIRECTION('',(-0.932135048695401,1.14153620375788E-16,0.36211082694891));
#1823=DIRECTION('',(-0.932135048695401,1.14153620375788E-16,0.36211082694891));
#1824=DIRECTION('center_axis',(1.14153620375788E-16,1.,-2.13940852123144E-17));
#1825=DIRECTION('ref_axis',(0.,2.13940852123144E-17,1.));
#1826=DIRECTION('',(-0.36211082694891,2.13940852123145E-17,-0.932135048695401));
#1827=DIRECTION('center_axis',(-0.9321350486954,1.14153620375788E-16,0.36211082694891));
#1828=DIRECTION('ref_axis',(-0.36211082694891,4.43457865159584E-17,-0.9321350486954));
#1829=DIRECTION('',(0.36211082694891,-5.74472576798504E-33,0.932135048695401));
#1830=DIRECTION('',(1.22464679914735E-16,1.,6.16297582203915E-33));
#1831=DIRECTION('',(-0.36211082694891,4.43457865159584E-17,-0.932135048695401));
#1832=DIRECTION('',(0.264881298010239,0.681849652769733,0.681849652769733));
#1833=DIRECTION('',(-1.22464679914735E-16,-1.,-6.16297582203915E-33));
#1834=DIRECTION('',(0.36211082694891,-5.74472576798504E-33,0.932135048695401));
#1835=DIRECTION('center_axis',(0.,-1.,-6.16297582203915E-33));
#1836=DIRECTION('ref_axis',(-1.,0.,0.));
#1837=DIRECTION('center_axis',(0.,-1.,-6.16297582203915E-33));
#1838=DIRECTION('ref_axis',(-1.,0.,0.));
#1839=DIRECTION('',(0.,-1.,-6.16297582203915E-33));
#1840=DIRECTION('center_axis',(0.,-1.,-6.16297582203915E-33));
#1841=DIRECTION('ref_axis',(-1.,0.,0.));
#1842=DIRECTION('center_axis',(0.,1.,6.16297582203915E-33));
#1843=DIRECTION('ref_axis',(-1.,0.,0.));
#1844=DIRECTION('center_axis',(0.,-1.,-6.16297582203915E-33));
#1845=DIRECTION('ref_axis',(-1.,0.,0.));
#1846=DIRECTION('center_axis',(0.,-1.,-6.16297582203915E-33));
#1847=DIRECTION('ref_axis',(-1.,0.,0.));
#1848=DIRECTION('',(0.,-1.,-6.16297582203915E-33));
#1849=DIRECTION('center_axis',(0.,-1.,-6.16297582203915E-33));
#1850=DIRECTION('ref_axis',(-1.,0.,0.));
#1851=DIRECTION('center_axis',(0.,1.,6.16297582203915E-33));
#1852=DIRECTION('ref_axis',(-1.,0.,0.));
#1853=DIRECTION('center_axis',(-1.03268663227145E-16,1.,3.58830735604483E-16));
#1854=DIRECTION('ref_axis',(0.,-3.58830735604483E-16,1.));
#1855=DIRECTION('',(0.959404786647686,-1.17493200105474E-16,0.282032720366818));
#1856=DIRECTION('',(-0.962939169959889,1.17926037226499E-16,-0.269718658896562));
#1857=DIRECTION('center_axis',(1.02320665880506E-16,1.,-7.41240876157551E-16));
#1858=DIRECTION('ref_axis',(0.,7.41240876157551E-16,1.));
#1859=DIRECTION('',(0.989310803965795,-1.21155630943861E-16,0.145822265640581));
#1860=DIRECTION('',(-0.991837408813729,1.21465050797834E-16,-0.127509036847073));
#1861=DIRECTION('',(0.,-1.,-6.16297582203915E-33));
#1862=DIRECTION('',(0.,-1.,-6.16297582203915E-33));
#1863=DIRECTION('center_axis',(0.269718658895739,5.96583280024064E-17,-0.96293916996012));
#1864=DIRECTION('ref_axis',(-0.96293916996012,1.66226957352726E-33,-0.269718658895739));
#1865=DIRECTION('',(0.962939169960005,-1.17926037226513E-16,0.269718658896148));
#1866=DIRECTION('center_axis',(-0.282032720365894,-5.91278850366E-33,0.959404786647958));
#1867=DIRECTION('ref_axis',(0.959404786647958,-1.73816083663894E-33,0.282032720365894));
#1868=DIRECTION('',(0.959404786647686,-1.17493200105474E-16,0.282032720366818));
#1869=DIRECTION('',(0.,-1.,1.11022302462516E-15));
#1870=DIRECTION('',(0.,-1.,1.11022302462516E-15));
#1871=DIRECTION('center_axis',(0.127509036834312,-1.17489468851202E-14,
-0.991837408815369));
#1872=DIRECTION('ref_axis',(-0.991837408815369,7.85835111101365E-34,-0.127509036834312));
#1873=DIRECTION('',(0.991837408814549,-1.21465050797934E-16,0.127509036840695));
#1874=DIRECTION('center_axis',(-0.145822265636622,2.00370473707833E-14,
0.989310803966379));
#1875=DIRECTION('ref_axis',(0.989310803966379,-8.98699097433472E-34,0.145822265636622));
#1876=DIRECTION('',(0.989310803965795,-1.21155630943861E-16,0.14582226564058));
#1877=DIRECTION('center_axis',(-0.485772923518142,5.3869650018574E-33,-0.874085045505663));
#1878=DIRECTION('ref_axis',(0.,1.,6.16297582203915E-33));
#1879=DIRECTION('center_axis',(-0.397921883360127,0.573576436351047,-0.7160085519084));
#1880=DIRECTION('ref_axis',(0.278627902347366,0.819152044288991,0.501354585468881));
#1881=DIRECTION('',(-0.485772923518142,5.3869650018574E-33,-0.874085045505663));
#1882=DIRECTION('center_axis',(0.397921883360127,-0.573576436351047,0.7160085519084));
#1883=DIRECTION('ref_axis',(0.278627902347366,0.819152044288991,0.501354585468881));
#1884=DIRECTION('center_axis',(0.,6.16297582203915E-33,-1.));
#1885=DIRECTION('ref_axis',(-1.,0.,0.));
#1886=DIRECTION('center_axis',(0.,0.707106781186548,-0.707106781186547));
#1887=DIRECTION('ref_axis',(0.,0.707106781186547,0.707106781186548));
#1888=DIRECTION('',(0.,6.16297582203915E-33,-1.));
#1889=DIRECTION('center_axis',(0.,-0.707106781186548,0.707106781186547));
#1890=DIRECTION('ref_axis',(0.,0.707106781186547,0.707106781186548));
#1891=DIRECTION('center_axis',(0.,6.16297582203915E-33,-1.));
#1892=DIRECTION('ref_axis',(-1.,0.,0.));
#1893=DIRECTION('center_axis',(0.,0.707106781186548,-0.707106781186547));
#1894=DIRECTION('ref_axis',(0.,0.707106781186547,0.707106781186548));
#1895=DIRECTION('',(0.,6.16297582203915E-33,-1.));
#1896=DIRECTION('center_axis',(0.,-0.707106781186548,0.707106781186547));
#1897=DIRECTION('ref_axis',(0.,0.707106781186547,0.707106781186548));
#1898=DIRECTION('center_axis',(0.,6.16297582203915E-33,-1.));
#1899=DIRECTION('ref_axis',(-1.,0.,0.));
#1900=DIRECTION('center_axis',(0.,0.707106781186548,-0.707106781186547));
#1901=DIRECTION('ref_axis',(0.,0.707106781186547,0.707106781186548));
#1902=DIRECTION('',(0.,6.16297582203915E-33,-1.));
#1903=DIRECTION('center_axis',(0.,-0.707106781186548,0.707106781186547));
#1904=DIRECTION('ref_axis',(0.,0.707106781186547,0.707106781186548));
#1905=DIRECTION('center_axis',(0.,6.16297582203915E-33,-1.));
#1906=DIRECTION('ref_axis',(-1.,0.,0.));
#1907=DIRECTION('center_axis',(0.,0.707106781186548,-0.707106781186547));
#1908=DIRECTION('ref_axis',(0.,0.707106781186547,0.707106781186548));
#1909=DIRECTION('',(0.,6.16297582203915E-33,-1.));
#1910=DIRECTION('center_axis',(0.,-0.707106781186548,0.707106781186547));
#1911=DIRECTION('ref_axis',(0.,0.707106781186547,0.707106781186548));
#1912=DIRECTION('center_axis',(-1.22464679914735E-16,-1.,-6.16297582203915E-33));
#1913=DIRECTION('ref_axis',(-1.,1.22464679914735E-16,7.54746861368278E-49));
#1914=DIRECTION('',(1.,-1.22464679914735E-16,-7.54746861368278E-49));
#1915=DIRECTION('center_axis',(1.22464679914735E-16,1.,6.16297582203915E-33));
#1916=DIRECTION('ref_axis',(-0.985574579975961,1.20698075468856E-16,0.169241683119759));
#1917=DIRECTION('',(1.,-1.22464679914735E-16,-7.54746861368278E-49));
#1918=DIRECTION('center_axis',(-1.22464679914735E-16,-1.,-6.16297582203915E-33));
#1919=DIRECTION('ref_axis',(-0.988352889768922,1.21038320288355E-16,0.152179385218302));
#1920=DIRECTION('center_axis',(0.,1.,6.16297582203915E-33));
#1921=DIRECTION('ref_axis',(-0.985574579975961,-1.04303240114829E-33,0.169241683119759));
#1922=DIRECTION('',(0.,1.,6.16297582203915E-33));
#1923=DIRECTION('center_axis',(-1.22464679914735E-16,-1.,-6.16297582203915E-33));
#1924=DIRECTION('ref_axis',(-0.985574579975961,1.20698075468856E-16,0.169241683119759));
#1925=DIRECTION('',(0.,1.,6.16297582203915E-33));
#1926=DIRECTION('center_axis',(-1.22464679914735E-16,-1.,-6.16297582203915E-33));
#1927=DIRECTION('ref_axis',(-1.,1.22464679914735E-16,7.54746861368278E-49));
#1928=DIRECTION('',(1.,-1.22464679914735E-16,-7.54746861368278E-49));
#1929=DIRECTION('center_axis',(1.22464679914735E-16,1.,6.16297582203915E-33));
#1930=DIRECTION('ref_axis',(-0.815247562880866,9.98390318394733E-17,0.579112606680954));
#1931=DIRECTION('',(1.,-1.22464679914735E-16,-7.54746861368278E-49));
#1932=DIRECTION('center_axis',(-1.22464679914735E-16,-1.,-6.16297582203915E-33));
#1933=DIRECTION('ref_axis',(-0.830886541891176,1.01754254398164E-16,0.556441869833788));
#1934=DIRECTION('center_axis',(0.,1.,6.16297582203915E-33));
#1935=DIRECTION('ref_axis',(-0.815247562880866,-3.56905699321279E-33,0.579112606680954));
#1936=DIRECTION('',(0.,1.,6.16297582203915E-33));
#1937=DIRECTION('center_axis',(-1.22464679914735E-16,-1.,-6.16297582203915E-33));
#1938=DIRECTION('ref_axis',(-0.815247562880866,9.98390318394733E-17,0.579112606680954));
#1939=DIRECTION('',(0.,1.,6.16297582203915E-33));
#1940=DIRECTION('center_axis',(0.,1.,6.16297582203915E-33));
#1941=DIRECTION('ref_axis',(-0.756516887003602,-4.03042692562543E-33,0.653974158264972));
#1942=DIRECTION('',(0.,-1.,-6.16297582203915E-33));
#1943=DIRECTION('center_axis',(-1.22464679914735E-16,-1.,-6.16297582203915E-33));
#1944=DIRECTION('ref_axis',(-0.756516887003602,9.26465984169881E-17,0.653974158264972));
#1945=DIRECTION('',(0.,-1.,-6.16297582203915E-33));
#1946=DIRECTION('center_axis',(1.22464679914735E-16,1.,6.16297582203915E-33));
#1947=DIRECTION('ref_axis',(-0.756516887003602,9.26465984169881E-17,0.653974158264972));
#1948=DIRECTION('center_axis',(-1.22464679914735E-16,-1.,-6.16297582203915E-33));
#1949=DIRECTION('ref_axis',(-1.,1.22464679914735E-16,7.54746861368278E-49));
#1950=DIRECTION('',(1.,-1.22464679914735E-16,-7.54746861368278E-49));
#1951=DIRECTION('center_axis',(1.22464679914735E-16,1.,6.16297582203915E-33));
#1952=DIRECTION('ref_axis',(-0.707421546435217,8.66341532489759E-17,0.706791875759198));
#1953=DIRECTION('',(1.,-1.22464679914735E-16,-7.54746861368278E-49));
#1954=DIRECTION('center_axis',(0.,6.16297582203915E-33,-1.));
#1955=DIRECTION('ref_axis',(1.,-1.22464679914735E-16,-7.54746861368278E-49));
#1956=DIRECTION('center_axis',(0.,6.16297582203915E-33,-1.));
#1957=DIRECTION('ref_axis',(1.,0.,0.));
#1958=DIRECTION('',(-1.,1.22464679914735E-16,7.54746861368278E-49));
#1959=DIRECTION('center_axis',(0.,6.16297582203915E-33,-1.));
#1960=DIRECTION('ref_axis',(1.,0.,0.));
#1961=DIRECTION('',(1.,0.,0.));
#1962=DIRECTION('',(-1.,1.22464679914735E-16,7.54746861368278E-49));
#1963=DIRECTION('',(0.,-1.,-6.16297582203915E-33));
#1964=DIRECTION('',(-1.,1.22464679914735E-16,7.54746861368278E-49));
#1965=DIRECTION('',(0.,-1.,-6.16297582203915E-33));
#1966=DIRECTION('',(0.,1.,6.16297582203915E-33));
#1967=DIRECTION('',(-1.,1.22464679914735E-16,7.54746861368278E-49));
#1968=DIRECTION('',(-1.,1.22464679914735E-16,7.54746861368278E-49));
#1969=DIRECTION('',(0.,1.,6.16297582203915E-33));
#1970=DIRECTION('',(1.,-1.22464679914735E-16,-7.54746861368278E-49));
#1971=DIRECTION('',(0.,-1.,-6.16297582203915E-33));
#1972=DIRECTION('',(-1.,1.22464679914735E-16,7.54746861368278E-49));
#1973=DIRECTION('',(0.,1.,6.16297582203915E-33));
#1974=DIRECTION('',(1.,-1.22464679914735E-16,-7.54746861368278E-49));
#1975=DIRECTION('',(0.,-1.,-6.16297582203915E-33));
#1976=DIRECTION('center_axis',(-1.22464679914735E-16,-1.,-6.16297582203915E-33));
#1977=DIRECTION('ref_axis',(-1.,1.22464679914735E-16,7.54746861368278E-49));
#1978=DIRECTION('center_axis',(1.22464679914735E-16,1.,6.16297582203915E-33));
#1979=DIRECTION('ref_axis',(-0.986511598068576,1.20812827089642E-16,-0.163691376914557));
#1980=DIRECTION('',(1.,-1.22464679914735E-16,-7.54746861368278E-49));
#1981=DIRECTION('center_axis',(-1.22464679914735E-16,-1.,-6.16297582203915E-33));
#1982=DIRECTION('ref_axis',(-0.996938202219836,1.22089717829624E-16,-0.0781934840935123));
#1983=DIRECTION('center_axis',(0.,1.,6.16297582203915E-33));
#1984=DIRECTION('ref_axis',(-0.986511598068576,1.00882599820071E-33,-0.163691376914557));
#1985=DIRECTION('center_axis',(-1.22464679914735E-16,-1.,-6.16297582203915E-33));
#1986=DIRECTION('ref_axis',(-0.986511598068576,1.20812827089642E-16,-0.163691376914557));
#1987=DIRECTION('',(0.,1.,6.16297582203915E-33));
#1988=DIRECTION('center_axis',(-1.22464679914735E-16,-1.,-6.16297582203915E-33));
#1989=DIRECTION('ref_axis',(-1.,1.22464679914735E-16,7.54746861368278E-49));
#1990=DIRECTION('center_axis',(1.22464679914735E-16,1.,6.16297582203915E-33));
#1991=DIRECTION('ref_axis',(-0.999463271676253,1.22398949652367E-16,0.0327592516733783));
#1992=DIRECTION('',(1.,-1.22464679914735E-16,-7.54746861368278E-49));
#1993=DIRECTION('center_axis',(-1.22464679914735E-16,-1.,-6.16297582203915E-33));
#1994=DIRECTION('ref_axis',(-0.999738039459448,1.22432599000986E-16,0.0228878233517087));
#1995=DIRECTION('center_axis',(0.,1.,6.16297582203915E-33));
#1996=DIRECTION('ref_axis',(-0.999463271676253,-2.01894476011126E-34,0.0327592516733783));
#1997=DIRECTION('center_axis',(-1.22464679914735E-16,-1.,-6.16297582203915E-33));
#1998=DIRECTION('ref_axis',(-0.999463271676253,1.22398949652367E-16,0.0327592516733783));
#1999=DIRECTION('',(0.,1.,6.16297582203915E-33));
#2000=DIRECTION('center_axis',(0.,-6.16297582203915E-33,1.));
#2001=DIRECTION('ref_axis',(-1.,-1.22464679914735E-16,-7.54746861368278E-49));
#2002=DIRECTION('center_axis',(0.,6.16297582203915E-33,-1.));
#2003=DIRECTION('ref_axis',(1.,0.,0.));
#2004=DIRECTION('center_axis',(0.,6.16297582203915E-33,-1.));
#2005=DIRECTION('ref_axis',(1.,0.,0.));
#2006=DIRECTION('center_axis',(-0.874085045505663,-3.0626842058625E-16,
0.485772923518143));
#2007=DIRECTION('ref_axis',(0.485772923518143,-5.38696500185739E-33,0.874085045505663));
#2008=DIRECTION('',(-0.278627902347366,-0.819152044288991,-0.501354585468881));
#2009=DIRECTION('',(-0.485772923518143,5.94900255898946E-17,-0.874085045505663));
#2010=DIRECTION('',(-2.38806002694108E-16,1.,2.00776247774343E-16));
#2011=DIRECTION('',(0.485772923518143,-5.38696500185739E-33,0.874085045505663));
#2012=DIRECTION('center_axis',(-0.397921883360127,0.573576436351047,-0.7160085519084));
#2013=DIRECTION('ref_axis',(-0.278627902347366,-0.819152044288991,-0.501354585468881));
#2014=DIRECTION('',(-0.874085045505663,-2.99380678264359E-33,0.485772923518143));
#2015=DIRECTION('',(0.874085045505663,-1.07044545316108E-16,-0.485772923518143));
#2016=DIRECTION('center_axis',(-1.,1.22464679914735E-16,7.54746861368278E-49));
#2017=DIRECTION('ref_axis',(0.,6.16297582203915E-33,-1.));
#2018=DIRECTION('',(8.65956056235493E-17,0.707106781186547,0.707106781186548));
#2019=DIRECTION('',(0.,6.16297582203915E-33,-1.));
#2020=DIRECTION('center_axis',(0.,0.707106781186548,-0.707106781186547));
#2021=DIRECTION('ref_axis',(0.,-0.707106781186547,-0.707106781186548));
#2022=DIRECTION('',(-1.,0.,0.));
#2023=DIRECTION('',(-8.65956056235493E-17,-0.707106781186547,-0.707106781186548));
#2024=DIRECTION('',(-1.,1.22464679914735E-16,1.22464679914735E-16));
#2025=DIRECTION('center_axis',(-0.485772923518143,5.94900255898945E-17,
-0.874085045505663));
#2026=DIRECTION('ref_axis',(0.874085045505663,-1.07044545316108E-16,-0.485772923518143));
#2027=DIRECTION('',(-0.874085045505663,-2.99380678264359E-33,0.485772923518143));
#2028=DIRECTION('',(-0.874085045505663,1.07044545316108E-16,0.485772923518143));
#2029=DIRECTION('center_axis',(-1.22464679914735E-16,-1.,-6.16297582203915E-33));
#2030=DIRECTION('ref_axis',(0.,-6.16297582203915E-33,1.));
#2031=DIRECTION('center_axis',(0.,6.16297582203915E-33,-1.));
#2032=DIRECTION('ref_axis',(1.,0.,0.));
#2033=DIRECTION('center_axis',(0.,6.16297582203915E-33,-1.));
#2034=DIRECTION('ref_axis',(1.,0.,0.));
#2035=DIRECTION('center_axis',(0.,-6.16297582203915E-33,1.));
#2036=DIRECTION('ref_axis',(1.,0.,0.));
#2037=DIRECTION('center_axis',(1.,-1.22464679914735E-16,-7.54746861368278E-49));
#2038=DIRECTION('ref_axis',(0.,-6.16297582203915E-33,1.));
#2039=DIRECTION('',(0.,-6.16297582203915E-33,1.));
#2040=DIRECTION('center_axis',(0.,6.16297582203915E-33,-1.));
#2041=DIRECTION('ref_axis',(1.,-1.22464679914735E-16,-7.54746861368278E-49));
#2042=DIRECTION('',(-1.,0.,0.));
#2043=DIRECTION('',(-1.22464679914735E-16,-1.,-6.16297582203915E-33));
#2044=DIRECTION('',(1.,-1.22464679914735E-16,-7.54746861368278E-49));
#2045=DIRECTION('',(1.22464679914735E-16,1.,6.16297582203915E-33));
#2046=DIRECTION('center_axis',(0.,-6.16297582203915E-33,1.));
#2047=DIRECTION('ref_axis',(1.,0.,0.));
#2048=DIRECTION('center_axis',(0.,-6.16297582203915E-33,1.));
#2049=DIRECTION('ref_axis',(1.,0.,0.));
#2050=DIRECTION('',(-1.,1.22464679914735E-16,7.54746861368278E-49));
#2051=DIRECTION('',(0.,-1.,-6.16297582203915E-33));
#2052=DIRECTION('',(-1.,1.22464679914735E-16,7.54746861368278E-49));
#2053=DIRECTION('',(0.,-1.,-6.16297582203915E-33));
#2054=DIRECTION('',(0.,1.,6.16297582203915E-33));
#2055=DIRECTION('',(-1.,1.22464679914735E-16,7.54746861368278E-49));
#2056=DIRECTION('',(-1.,1.22464679914735E-16,7.54746861368278E-49));
#2057=DIRECTION('',(0.,-1.,-6.16297582203915E-33));
#2058=DIRECTION('',(-1.,1.22464679914735E-16,7.54746861368278E-49));
#2059=DIRECTION('',(0.,-1.,-6.16297582203915E-33));
#2060=DIRECTION('center_axis',(-0.485772923518143,5.94900255898945E-17,
-0.874085045505663));
#2061=DIRECTION('ref_axis',(0.874085045505663,-1.07044545316108E-16,-0.485772923518143));
#2062=DIRECTION('',(0.874085045505663,2.99380678264359E-33,-0.485772923518143));
#2063=DIRECTION('',(-1.22464679914735E-16,-1.,-6.16297582203915E-33));
#2064=DIRECTION('',(-0.874085045505663,1.07044545316108E-16,0.485772923518143));
#2065=DIRECTION('',(-2.38806002694108E-16,1.,2.00776247774343E-16));
#2066=DIRECTION('center_axis',(0.,0.707106781186548,-0.707106781186547));
#2067=DIRECTION('ref_axis',(0.,-0.707106781186547,-0.707106781186548));
#2068=DIRECTION('',(-0.264881298010239,-0.681849652769733,-0.681849652769733));
#2069=DIRECTION('',(-8.65956056235493E-17,-0.707106781186547,-0.707106781186548));
#2070=DIRECTION('',(-1.,0.,0.));
#2071=DIRECTION('',(8.65956056235493E-17,0.707106781186547,0.707106781186548));
#2072=DIRECTION('',(-1.,1.22464679914735E-16,1.22464679914735E-16));
#2073=DIRECTION('center_axis',(1.,0.,0.));
#2074=DIRECTION('ref_axis',(0.,-0.707106781186549,0.707106781186546));
#2075=DIRECTION('center_axis',(-1.,1.22464679914735E-16,7.54746861368278E-49));
#2076=DIRECTION('ref_axis',(0.,-0.707106781186549,0.707106781186546));
#2077=DIRECTION('',(-1.,0.,0.));
#2078=DIRECTION('center_axis',(1.,-1.22464679914735E-16,-7.54746861368278E-49));
#2079=DIRECTION('ref_axis',(0.,-0.707106781186549,0.707106781186546));
#2080=DIRECTION('center_axis',(-1.22464679914735E-16,-1.,-6.16297582203915E-33));
#2081=DIRECTION('ref_axis',(0.,-6.16297582203915E-33,1.));
#2082=DIRECTION('',(-0.874085045505663,1.07044545316108E-16,0.485772923518143));
#2083=DIRECTION('',(0.485772923518143,-5.94900255898946E-17,0.874085045505663));
#2084=DIRECTION('',(0.36211082694891,-4.43457865159584E-17,0.932135048695401));
#2085=DIRECTION('',(0.485772923518143,-5.94900255898946E-17,0.874085045505663));
#2086=DIRECTION('center_axis',(-0.874085045505663,-3.0626842058625E-16,
0.485772923518143));
#2087=DIRECTION('ref_axis',(0.485772923518143,-5.38696500185739E-33,0.874085045505663));
#2088=DIRECTION('',(-0.278627902347366,-0.819152044288991,-0.501354585468881));
#2089=DIRECTION('center_axis',(-0.874085045505663,-3.0626842058625E-16,
0.485772923518143));
#2090=DIRECTION('ref_axis',(0.343493328336489,-0.707106781186547,0.618071463010809));
#2091=DIRECTION('center_axis',(-0.397921883360127,0.573576436351047,-0.7160085519084));
#2092=DIRECTION('ref_axis',(-0.278627902347366,-0.819152044288991,-0.501354585468881));
#2093=DIRECTION('',(-0.278627902347366,-0.819152044288991,-0.501354585468881));
#2094=DIRECTION('',(-0.874085045505663,-3.0626842058625E-16,0.485772923518143));
#2095=DIRECTION('center_axis',(-0.874085045505663,1.07044545316108E-16,
0.485772923518143));
#2096=DIRECTION('ref_axis',(-0.485772923518143,5.94900255898946E-17,-0.874085045505663));
#2097=DIRECTION('',(-0.485772923518143,5.38696500185739E-33,-0.874085045505663));
#2098=DIRECTION('center_axis',(-0.874085045505663,1.07044545316108E-16,
0.485772923518143));
#2099=DIRECTION('ref_axis',(0.343493328336489,-0.707106781186547,0.618071463010809));
#2100=DIRECTION('center_axis',(0.874085045505663,3.0626842058625E-16,-0.485772923518143));
#2101=DIRECTION('ref_axis',(0.343493328336489,-0.707106781186547,0.618071463010809));
#2102=DIRECTION('',(-0.874085045505663,-3.0626842058625E-16,0.485772923518143));
#2103=DIRECTION('center_axis',(-1.22464679914735E-16,-1.,-6.16297582203915E-33));
#2104=DIRECTION('ref_axis',(-1.,1.22464679914735E-16,7.54746861368278E-49));
#2105=DIRECTION('center_axis',(1.22464679914735E-16,1.,6.16297582203915E-33));
#2106=DIRECTION('ref_axis',(-0.988352889768922,1.21038320288355E-16,0.152179385218302));
#2107=DIRECTION('center_axis',(0.,1.,6.16297582203915E-33));
#2108=DIRECTION('ref_axis',(-0.988352889768922,-9.37877871713177E-34,0.152179385218302));
#2109=DIRECTION('center_axis',(-1.22464679914735E-16,-1.,-6.16297582203915E-33));
#2110=DIRECTION('ref_axis',(-1.,1.22464679914735E-16,7.54746861368278E-49));
#2111=DIRECTION('center_axis',(1.22464679914735E-16,1.,6.16297582203915E-33));
#2112=DIRECTION('ref_axis',(-0.830886541891176,1.01754254398164E-16,0.556441869833788));
#2113=DIRECTION('center_axis',(0.,1.,6.16297582203915E-33));
#2114=DIRECTION('ref_axis',(-0.830886541891176,-3.42933779015589E-33,0.556441869833788));
#2115=DIRECTION('center_axis',(0.,1.,6.16297582203915E-33));
#2116=DIRECTION('ref_axis',(-0.707421546435217,-4.35594124151764E-33,0.706791875759198));
#2117=DIRECTION('center_axis',(-1.22464679914735E-16,-1.,-6.16297582203915E-33));
#2118=DIRECTION('ref_axis',(-0.707421546435217,8.66341532489759E-17,0.706791875759198));
#2119=DIRECTION('center_axis',(-1.22464679914735E-16,-1.,-6.16297582203915E-33));
#2120=DIRECTION('ref_axis',(-1.,1.22464679914735E-16,7.54746861368278E-49));
#2121=DIRECTION('center_axis',(-1.22464679914735E-16,-1.,-6.16297582203915E-33));
#2122=DIRECTION('ref_axis',(-1.,1.22464679914735E-16,7.54746861368278E-49));
#2123=DIRECTION('center_axis',(1.22464679914735E-16,1.,6.16297582203915E-33));
#2124=DIRECTION('ref_axis',(-0.996938202219836,1.22089717829624E-16,-0.0781934840935123));
#2125=DIRECTION('center_axis',(0.,1.,6.16297582203915E-33));
#2126=DIRECTION('ref_axis',(-0.996938202219836,4.8190455190932E-34,-0.0781934840935123));
#2127=DIRECTION('center_axis',(-1.22464679914735E-16,-1.,-6.16297582203915E-33));
#2128=DIRECTION('ref_axis',(-1.,1.22464679914735E-16,7.54746861368278E-49));
#2129=DIRECTION('center_axis',(1.22464679914735E-16,1.,6.16297582203915E-33));
#2130=DIRECTION('ref_axis',(-0.999738039459448,1.22432599000986E-16,0.0228878233517087));
#2131=DIRECTION('center_axis',(0.,1.,6.16297582203915E-33));
#2132=DIRECTION('ref_axis',(-0.999738039459448,-1.41057101935684E-34,0.0228878233517087));
#2133=DIRECTION('center_axis',(0.,6.16297582203915E-33,-1.));
#2134=DIRECTION('ref_axis',(1.,0.,0.));
#2135=DIRECTION('center_axis',(0.,-6.16297582203915E-33,1.));
#2136=DIRECTION('ref_axis',(1.,0.,0.));
#2137=DIRECTION('center_axis',(0.,-6.16297582203915E-33,1.));
#2138=DIRECTION('ref_axis',(1.,0.,0.));
#2139=DIRECTION('',(0.,-6.16297582203915E-33,1.));
#2140=DIRECTION('center_axis',(0.,6.16297582203915E-33,-1.));
#2141=DIRECTION('ref_axis',(1.,0.,0.));
#2142=DIRECTION('center_axis',(0.,-6.16297582203915E-33,1.));
#2143=DIRECTION('ref_axis',(1.,0.,0.));
#2144=DIRECTION('center_axis',(0.,-6.16297582203915E-33,1.));
#2145=DIRECTION('ref_axis',(1.,0.,0.));
#2146=DIRECTION('',(0.,-6.16297582203915E-33,1.));
#2147=DIRECTION('',(-1.22464679914735E-16,-1.,-6.16297582203915E-33));
#2148=DIRECTION('center_axis',(-1.,1.22464679914735E-16,7.54746861368278E-49));
#2149=DIRECTION('ref_axis',(0.,6.16297582203915E-33,-1.));
#2150=DIRECTION('',(0.,-6.16297582203915E-33,1.));
#2151=DIRECTION('center_axis',(1.,-1.22464679914735E-16,-7.54746861368278E-49));
#2152=DIRECTION('ref_axis',(0.,-6.16297582203915E-33,1.));
#2153=DIRECTION('',(0.,6.16297582203915E-33,-1.));
#2154=DIRECTION('',(1.22464679914735E-16,1.,6.16297582203915E-33));
#2155=DIRECTION('center_axis',(-0.9321350486954,1.14153620375788E-16,0.36211082694891));
#2156=DIRECTION('ref_axis',(-0.36211082694891,4.43457865159584E-17,-0.9321350486954));
#2157=DIRECTION('',(-0.36211082694891,5.74472576798504E-33,-0.932135048695401));
#2158=DIRECTION('center_axis',(0.,1.,6.16297582203915E-33));
#2159=DIRECTION('ref_axis',(0.,-6.16297582203915E-33,1.));
#2160=DIRECTION('',(0.,0.,1.));
#2161=DIRECTION('',(1.,0.,0.));
#2162=DIRECTION('',(0.,0.,1.));
#2163=DIRECTION('',(1.,0.,0.));
#2164=CARTESIAN_POINT('',(0.,0.,0.));
#2165=CARTESIAN_POINT('',(0.,0.,0.));
#2166=CARTESIAN_POINT('',(0.,0.,0.));
#2167=CARTESIAN_POINT('Origin',(-50.9339778956326,-14.,21.0719935731168));
#2168=CARTESIAN_POINT('',(-48.3339778956326,-14.,21.0719935731168));
#2169=CARTESIAN_POINT('Origin',(-50.9339778956326,-14.,21.0719935731168));
#2170=CARTESIAN_POINT('',(-48.3339778956326,-16.2,21.0719935731168));
#2171=CARTESIAN_POINT('',(-48.3339778956326,-14.,21.0719935731168));
#2172=CARTESIAN_POINT('Origin',(-50.9339778956326,-16.2,21.0719935731168));
#2173=CARTESIAN_POINT('Origin',(-50.9339778956326,-16.2,21.0719935731168));
#2174=CARTESIAN_POINT('Origin',(-57.9342338838143,-14.,-28.5943630241078));
#2175=CARTESIAN_POINT('',(-55.3342338838143,-14.,-28.5943630241078));
#2176=CARTESIAN_POINT('Origin',(-57.9342338838143,-14.,-28.5943630241078));
#2177=CARTESIAN_POINT('',(-55.3342338838143,-16.2,-28.5943630241078));
#2178=CARTESIAN_POINT('',(-55.3342338838143,-14.,-28.5943630241078));
#2179=CARTESIAN_POINT('Origin',(-57.9342338838143,-16.2,-28.5943630241078));
#2180=CARTESIAN_POINT('Origin',(-57.9342338838143,-16.2,-28.5943630241078));
#2181=CARTESIAN_POINT('Origin',(-55.3119787472973,-17.,-30.0516817946622));
#2182=CARTESIAN_POINT('',(-53.8546599767428,-17.,-27.4294266581452));
#2183=CARTESIAN_POINT('',(-56.7692975178517,-17.,-32.6739369311792));
#2184=CARTESIAN_POINT('',(-49.5178489055026,-17.,-19.6259005268398));
#2185=CARTESIAN_POINT('',(-59.0991702497768,-17.,-24.5147891170364));
#2186=CARTESIAN_POINT('',(-53.8546599767428,-17.,-27.4294266581452));
#2187=CARTESIAN_POINT('',(-62.0138077908857,-17.,-29.7592993900704));
#2188=CARTESIAN_POINT('',(-62.0138077908857,-17.,-29.7592993900704));
#2189=CARTESIAN_POINT('',(-56.7692975178517,-17.,-32.6739369311792));
#2190=CARTESIAN_POINT('Origin',(-43.7237190637079,-1.77635683940025E-14,
-9.20011925901728));
#2191=CARTESIAN_POINT('',(-53.8546599767429,-14.,-27.4294266581452));
#2192=CARTESIAN_POINT('',(-53.8546599767428,-7.37500000000002,-27.4294266581452));
#2193=CARTESIAN_POINT('',(-56.7692975178517,-14.,-32.6739369311792));
#2194=CARTESIAN_POINT('',(-56.7692975178517,-7.37500000000002,-32.6739369311792));
#2195=CARTESIAN_POINT('',(-62.8414590618285,-14.,-43.6));
#2196=CARTESIAN_POINT('',(-46.6412558490746,-14.,-14.4498463441177));
#2197=CARTESIAN_POINT('',(-62.8414590618285,-19.5214172191776,-43.6));
#2198=CARTESIAN_POINT('',(-62.8414590618285,-1.77635683940025E-14,-43.6));
#2199=CARTESIAN_POINT('',(-61.6743836786798,-20.6374535575684,-41.5));
#2200=CARTESIAN_POINT('Origin',(-64.930232260772,-22.8739575281635,-47.3584750574954));
#2201=CARTESIAN_POINT('',(-61.6743836786798,-25.1104614987587,-41.5));
#2202=CARTESIAN_POINT('',(-61.6743836786798,-11.4369787640818,-41.5));
#2203=CARTESIAN_POINT('',(-62.8414590618285,-26.2264978371494,-43.6));
#2204=CARTESIAN_POINT('Origin',(-64.930232260772,-22.8739575281635,-47.3584750574954));
#2205=CARTESIAN_POINT('',(-62.8414590618285,-28.6,-43.6));
#2206=CARTESIAN_POINT('',(-62.8414590618285,-1.77635683940025E-14,-43.6));
#2207=CARTESIAN_POINT('',(-49.6656482600569,-28.6,-19.891846196713));
#2208=CARTESIAN_POINT('',(-46.6405943180812,-28.6,-14.4486560053392));
#2209=CARTESIAN_POINT('',(-44.6995770616355,-14.,-10.9560485033811));
#2210=CARTESIAN_POINT('',(-42.9748858057536,-8.92949429644083,-7.85269143695026));
#2211=CARTESIAN_POINT('',(-46.6412558490746,-14.,-14.4498463441177));
#2212=CARTESIAN_POINT('Origin',(-48.9682293367419,-1.77635683940025E-14,
-6.28548171790842));
#2213=CARTESIAN_POINT('',(-59.0991702497768,-14.,-24.5147891170364));
#2214=CARTESIAN_POINT('',(-59.0991702497768,-15.5,-24.5147891170364));
#2215=CARTESIAN_POINT('',(-62.0138077908857,-14.,-29.7592993900704));
#2216=CARTESIAN_POINT('',(-51.8857661221085,-14.,-11.5352088030089));
#2217=CARTESIAN_POINT('',(-62.0138077908857,-12.5,-29.7592993900704));
#2218=CARTESIAN_POINT('Origin',(-53.8546599767429,-14.75,-27.4294266581452));
#2219=CARTESIAN_POINT('',(-53.8546599767429,-14.,-27.4294266581452));
#2220=CARTESIAN_POINT('Origin',(-56.7692975178517,-14.75,-32.6739369311792));
#2221=CARTESIAN_POINT('',(-56.7692975178517,-14.,-32.6739369311792));
#2222=CARTESIAN_POINT('Origin',(-49.397799360346,-1.77635683940025E-14,
33.3111356367136));
#2223=CARTESIAN_POINT('',(-52.6440505608721,-16.5,24.9547312000497));
#2224=CARTESIAN_POINT('',(-52.6440505608721,-14.,24.9547312000497));
#2225=CARTESIAN_POINT('',(-52.6440505608721,-16.5,24.9547312000497));
#2226=CARTESIAN_POINT('',(-54.8167155225656,-14.,19.3619209078773));
#2227=CARTESIAN_POINT('',(-57.3543380860635,-14.,12.8296474828398));
#2228=CARTESIAN_POINT('',(-54.8167155225656,-16.5,19.3619209078773));
#2229=CARTESIAN_POINT('',(-54.8167155225656,-13.5,19.3619209078773));
#2230=CARTESIAN_POINT('',(-54.8167155225656,-16.5,19.3619209078773));
#2231=CARTESIAN_POINT('Origin',(-47.0512402686997,-15.25,22.7820662383562));
#2232=CARTESIAN_POINT('',(-47.0512402686997,-14.,22.7820662383562));
#2233=CARTESIAN_POINT('',(-47.0512402686997,-16.5,22.7820662383562));
#2234=CARTESIAN_POINT('',(-47.0512402686997,-7.62500000000002,22.7820662383562));
#2235=CARTESIAN_POINT('',(-47.0512402686997,-14.,22.7820662383562));
#2236=CARTESIAN_POINT('',(-47.0512402686997,-16.5,22.7820662383562));
#2237=CARTESIAN_POINT('Origin',(-49.2239052303932,-15.25,17.1892559461838));
#2238=CARTESIAN_POINT('',(-49.2239052303932,-16.5,17.1892559461838));
#2239=CARTESIAN_POINT('',(-49.2239052303932,-14.,17.1892559461838));
#2240=CARTESIAN_POINT('',(-49.2239052303932,-7.62500000000002,17.1892559461838));
#2241=CARTESIAN_POINT('',(-49.2239052303932,-16.5,17.1892559461838));
#2242=CARTESIAN_POINT('',(-49.2239052303932,-14.,17.1892559461838));
#2243=CARTESIAN_POINT('Origin',(-48.1375727495464,-16.5,19.98566109227));
#2244=CARTESIAN_POINT('',(-45.97128090886,-16.5,25.5620658836451));
#2245=CARTESIAN_POINT('Origin',(-43.8049890681736,-1.77635683940025E-14,
31.1384706750202));
#2246=CARTESIAN_POINT('',(-57.1903434232692,-14.,-3.31771512511497));
#2247=CARTESIAN_POINT('',(-51.7615277938911,-14.,10.6569825211463));
#2248=CARTESIAN_POINT('',(-57.1903434232692,-28.6,-3.31771512511497));
#2249=CARTESIAN_POINT('',(-57.1903434232692,-1.77635683940025E-14,-3.31771512511497));
#2250=CARTESIAN_POINT('',(-44.8610067426096,-28.6,28.4201010126777));
#2251=CARTESIAN_POINT('',(-51.7610019733172,-28.6,10.6583360730145));
#2252=CARTESIAN_POINT('',(-43.9,-26.126204686099,30.8938963265787));
#2253=CARTESIAN_POINT('',(-39.2778613461512,-14.2280312029015,42.7920698097762));
#2254=CARTESIAN_POINT('',(-43.9,-14.,30.8938963265787));
#2255=CARTESIAN_POINT('',(-43.9,-1.77635683940025E-14,30.8938963265787));
#2256=CARTESIAN_POINT('',(-51.7615277938911,-14.,10.6569825211463));
#2257=CARTESIAN_POINT('Origin',(-120.448220315194,-14.,20.1658410079762));
#2258=CARTESIAN_POINT('',(-117.848220315194,-14.,20.1658410079762));
#2259=CARTESIAN_POINT('Origin',(-120.448220315194,-14.,20.1658410079762));
#2260=CARTESIAN_POINT('',(-117.848220315194,-16.2,20.1658410079762));
#2261=CARTESIAN_POINT('',(-117.848220315194,-14.,20.1658410079762));
#2262=CARTESIAN_POINT('Origin',(-120.448220315194,-16.2,20.1658410079762));
#2263=CARTESIAN_POINT('Origin',(-120.448220315194,-16.2,20.1658410079762));
#2264=CARTESIAN_POINT('Origin',(-110.000096987301,-14.,-28.1625106788924));
#2265=CARTESIAN_POINT('',(-107.400096987301,-14.,-28.1625106788924));
#2266=CARTESIAN_POINT('Origin',(-110.000096987301,-14.,-28.1625106788924));
#2267=CARTESIAN_POINT('',(-107.400096987301,-16.2,-28.1625106788924));
#2268=CARTESIAN_POINT('',(-107.400096987301,-14.,-28.1625106788924));
#2269=CARTESIAN_POINT('Origin',(-110.000096987301,-16.2,-28.1625106788924));
#2270=CARTESIAN_POINT('Origin',(-110.000096987301,-16.2,-28.1625106788924));
#2271=CARTESIAN_POINT('Origin',(-109.999870337756,-17.,-28.1817314651591));
#2272=CARTESIAN_POINT('',(-112.530144704105,-17.,-32.0331115752902));
#2273=CARTESIAN_POINT('',(-114.185882777293,-17.,-26.2661388241697));
#2274=CARTESIAN_POINT('Ctrl Pts',(-112.533164507563,-17.,-32.0328334374883));
#2275=CARTESIAN_POINT('Ctrl Pts',(-113.100131373233,-17.,-30.1053020328076));
#2276=CARTESIAN_POINT('Ctrl Pts',(-113.652334245922,-17.,-28.1830364776262));
#2277=CARTESIAN_POINT('Ctrl Pts',(-114.189050658644,-17.,-26.2662995226229));
#2278=CARTESIAN_POINT('',(-105.814311197571,-17.,-30.0588825327224));
#2279=CARTESIAN_POINT('',(-112.530144704105,-17.,-32.0331115752902));
#2280=CARTESIAN_POINT('',(-107.445308587574,-17.,-24.3781082118937));
#2281=CARTESIAN_POINT('Ctrl Pts',(-105.814311197308,-17.,-30.058882533615));
#2282=CARTESIAN_POINT('Ctrl Pts',(-106.372795110959,-17.,-28.1590599196897));
#2283=CARTESIAN_POINT('Ctrl Pts',(-106.916711504547,-17.,-26.2652851630817));
#2284=CARTESIAN_POINT('Ctrl Pts',(-107.445308587677,-17.,-24.3781082115277));
#2285=CARTESIAN_POINT('',(-114.185882777293,-17.,-26.2661388241697));
#2286=CARTESIAN_POINT('Ctrl Pts',(-108.667319890542,-13.84,-44.571090072562));
#2287=CARTESIAN_POINT('Ctrl Pts',(-108.667319890542,-30.,-44.571090072562));
#2288=CARTESIAN_POINT('Ctrl Pts',(-113.817045139607,-13.84,-28.5702097721292));
#2289=CARTESIAN_POINT('Ctrl Pts',(-113.817045139607,-30.,-28.5702097721292));
#2290=CARTESIAN_POINT('Ctrl Pts',(-118.076670337135,-13.84,-12.8860633342773));
#2291=CARTESIAN_POINT('Ctrl Pts',(-118.076670337135,-30.,-12.8860633342773));
#2292=CARTESIAN_POINT('Ctrl Pts',(-121.046432145838,-13.84,2.33596116123036));
#2293=CARTESIAN_POINT('Ctrl Pts',(-121.046432145838,-30.,2.33596116123036));
#2294=CARTESIAN_POINT('Ctrl Pts',(-123.557937799214,-13.84,15.2091149826058));
#2295=CARTESIAN_POINT('Ctrl Pts',(-123.557937799214,-30.,15.2091149826058));
#2296=CARTESIAN_POINT('Ctrl Pts',(-125.168362686283,-13.84,27.7733575919391));
#2297=CARTESIAN_POINT('Ctrl Pts',(-125.168362686283,-30.,27.7733575919391));
#2298=CARTESIAN_POINT('Ctrl Pts',(-126.104011882434,-13.84,40.1059111685125));
#2299=CARTESIAN_POINT('Ctrl Pts',(-126.104011882434,-30.,40.1059111685125));
#2300=CARTESIAN_POINT('',(-112.530144704105,-15.,-32.0331115752902));
#2301=CARTESIAN_POINT('Ctrl Pts',(-112.530144704105,-15.,-32.0331115752902));
#2302=CARTESIAN_POINT('Ctrl Pts',(-112.530144704105,-15.6666666666667,-32.0331115752902));
#2303=CARTESIAN_POINT('Ctrl Pts',(-112.530144704105,-16.3333333333334,-32.0331115752902));
#2304=CARTESIAN_POINT('Ctrl Pts',(-112.530144704105,-17.,-32.0331115752902));
#2305=CARTESIAN_POINT('',(-114.185882777293,-15.,-26.2661388241697));
#2306=CARTESIAN_POINT('Ctrl Pts',(-114.185882777293,-17.,-26.2661388241697));
#2307=CARTESIAN_POINT('Ctrl Pts',(-114.185882777293,-16.3333333333334,-26.2661388241697));
#2308=CARTESIAN_POINT('Ctrl Pts',(-114.185882777293,-15.6666666666667,-26.2661388241697));
#2309=CARTESIAN_POINT('Ctrl Pts',(-114.185882777293,-15.,-26.2661388241697));
#2310=CARTESIAN_POINT('',(-114.185882777398,-14.,-26.2661388237978));
#2311=CARTESIAN_POINT('Ctrl Pts',(-114.185882777293,-15.,-26.2661388241697));
#2312=CARTESIAN_POINT('Ctrl Pts',(-114.185882777293,-14.6666666666667,-26.2661388241697));
#2313=CARTESIAN_POINT('Ctrl Pts',(-114.185882777398,-14.3333333333333,-26.2661388237979));
#2314=CARTESIAN_POINT('Ctrl Pts',(-114.185882777398,-14.,-26.2661388237979));
#2315=CARTESIAN_POINT('',(-123.500926196112,-14.,16.6836386950638));
#2316=CARTESIAN_POINT('Ctrl Pts',(-123.502659873672,-14.,16.6851894576251));
#2317=CARTESIAN_POINT('Ctrl Pts',(-122.802565773631,-14.,11.9428014376555));
#2318=CARTESIAN_POINT('Ctrl Pts',(-121.9877955012,-14.,7.16108080971238));
#2319=CARTESIAN_POINT('Ctrl Pts',(-121.046432145838,-14.,2.33596116123036));
#2320=CARTESIAN_POINT('Ctrl Pts',(-119.218324685038,-14.,-7.03431778409099));
#2321=CARTESIAN_POINT('Ctrl Pts',(-116.901447921217,-14.,-16.5797090875331));
#2322=CARTESIAN_POINT('Ctrl Pts',(-114.189050658644,-14.,-26.2662995226229));
#2323=CARTESIAN_POINT('',(-123.500926196112,-15.,16.6836386950638));
#2324=CARTESIAN_POINT('Ctrl Pts',(-123.500926196112,-14.,16.6836386950638));
#2325=CARTESIAN_POINT('Ctrl Pts',(-123.500926196112,-14.3333333333333,16.6836386950638));
#2326=CARTESIAN_POINT('Ctrl Pts',(-123.500926196112,-14.6666666666667,16.6836386950638));
#2327=CARTESIAN_POINT('Ctrl Pts',(-123.500926196112,-15.,16.6836386950638));
#2328=CARTESIAN_POINT('',(-123.500926196112,-17.,16.6836386950638));
#2329=CARTESIAN_POINT('Ctrl Pts',(-123.500926196112,-15.,16.6836386950638));
#2330=CARTESIAN_POINT('Ctrl Pts',(-123.500926196112,-15.6666666666667,16.6836386950638));
#2331=CARTESIAN_POINT('Ctrl Pts',(-123.500926196112,-16.3333333333334,16.6836386950638));
#2332=CARTESIAN_POINT('Ctrl Pts',(-123.500926196112,-17.,16.6836386950638));
#2333=CARTESIAN_POINT('',(-124.320690062406,-17.,22.627287463908));
#2334=CARTESIAN_POINT('Ctrl Pts',(-123.502659874045,-17.,16.6851894601566));
#2335=CARTESIAN_POINT('Ctrl Pts',(-123.796166066917,-17.,18.6733796946657));
#2336=CARTESIAN_POINT('Ctrl Pts',(-124.069516698736,-17.,20.6546568035894));
#2337=CARTESIAN_POINT('Ctrl Pts',(-124.323589874064,-17.,22.6293204229294));
#2338=CARTESIAN_POINT('',(-124.320690062406,-15.,22.627287463908));
#2339=CARTESIAN_POINT('Ctrl Pts',(-124.320690062406,-17.,22.627287463908));
#2340=CARTESIAN_POINT('Ctrl Pts',(-124.320690062406,-16.3333333333334,22.627287463908));
#2341=CARTESIAN_POINT('Ctrl Pts',(-124.320690062406,-15.6666666666667,22.627287463908));
#2342=CARTESIAN_POINT('Ctrl Pts',(-124.320690062406,-15.,22.627287463908));
#2343=CARTESIAN_POINT('',(-124.320690062946,-14.,22.6272874681084));
#2344=CARTESIAN_POINT('Ctrl Pts',(-124.320690062406,-15.,22.627287463908));
#2345=CARTESIAN_POINT('Ctrl Pts',(-124.320690062406,-14.6666666666667,22.6272874639079));
#2346=CARTESIAN_POINT('Ctrl Pts',(-124.320690062946,-14.3333333333333,22.6272874681084));
#2347=CARTESIAN_POINT('Ctrl Pts',(-124.320690062946,-14.,22.6272874681084));
#2348=CARTESIAN_POINT('',(-126.099999999998,-14.,40.0530866725456));
#2349=CARTESIAN_POINT('Ctrl Pts',(-126.100000167664,-14.,40.0530867601131));
#2350=CARTESIAN_POINT('Ctrl Pts',(-125.662514855285,-14.,34.2982488757495));
#2351=CARTESIAN_POINT('Ctrl Pts',(-125.078041876948,-14.,28.4929418804511));
#2352=CARTESIAN_POINT('Ctrl Pts',(-124.323589874064,-14.,22.6293204229294));
#2353=CARTESIAN_POINT('',(-126.1,-16.9670143400688,40.0530866726089));
#2354=CARTESIAN_POINT('Ctrl Pts',(-126.1,-16.9670143400688,40.0530866726098));
#2355=CARTESIAN_POINT('Ctrl Pts',(-126.1,-15.9780095600459,40.0530866726099));
#2356=CARTESIAN_POINT('Ctrl Pts',(-126.1,-14.989004780023,40.05308667261));
#2357=CARTESIAN_POINT('Ctrl Pts',(-126.1,-14.,40.05308667261));
#2358=CARTESIAN_POINT('',(-125.01369945296,-28.6,28.4201010126777));
#2359=CARTESIAN_POINT('Ctrl Pts',(-126.1,-16.9670143400688,40.0530866726089));
#2360=CARTESIAN_POINT('Ctrl Pts',(-125.80579331599,-20.8368043315642,36.1832966811135));
#2361=CARTESIAN_POINT('Ctrl Pts',(-125.44261809948,-24.7286892871413,32.2914117255364));
#2362=CARTESIAN_POINT('Ctrl Pts',(-125.01369945296,-28.6,28.4201010126777));
#2363=CARTESIAN_POINT('',(-108.978839906805,-28.6,-43.6));
#2364=CARTESIAN_POINT('Ctrl Pts',(-125.016485087937,-28.6,28.4218043647878));
#2365=CARTESIAN_POINT('Ctrl Pts',(-124.068585380791,-28.6,19.8553142322917));
#2366=CARTESIAN_POINT('Ctrl Pts',(-122.7695986058,-28.6,11.1683469729478));
#2367=CARTESIAN_POINT('Ctrl Pts',(-121.046432145838,-28.6,2.33596116123036));
#2368=CARTESIAN_POINT('Ctrl Pts',(-118.136773167152,-28.6,-12.5779959505227));
#2369=CARTESIAN_POINT('Ctrl Pts',(-113.988931685062,-28.6,-27.9355591901868));
#2370=CARTESIAN_POINT('Ctrl Pts',(-108.978887386674,-28.6,-43.5999902437639));
#2371=CARTESIAN_POINT('',(-108.978839906805,-26.3417695341221,-43.6));
#2372=CARTESIAN_POINT('Ctrl Pts',(-108.978839906805,-28.6,-43.6));
#2373=CARTESIAN_POINT('Ctrl Pts',(-108.978839906805,-27.847256511374,-43.6));
#2374=CARTESIAN_POINT('Ctrl Pts',(-108.978839906805,-27.094513022748,-43.6));
#2375=CARTESIAN_POINT('Ctrl Pts',(-108.978839906805,-26.3417695341221,-43.6));
#2376=CARTESIAN_POINT('',(-109.645538573656,-25.8838515032702,-41.5));
#2377=CARTESIAN_POINT('Ctrl Pts',(-108.978839906805,-26.3417695341221,-43.6000000000001));
#2378=CARTESIAN_POINT('Ctrl Pts',(-109.217572677303,-26.211572047706,-42.8533703233821));
#2379=CARTESIAN_POINT('Ctrl Pts',(-109.440678952132,-26.0579499507213,-42.1499398199133));
#2380=CARTESIAN_POINT('Ctrl Pts',(-109.645538573656,-25.8838515032702,-41.5));
#2381=CARTESIAN_POINT('',(-109.645538573656,-19.8640635530569,-41.5));
#2382=CARTESIAN_POINT('Ctrl Pts',(-109.645538573656,-25.8838515032702,-41.5));
#2383=CARTESIAN_POINT('Ctrl Pts',(-109.645538573656,-24.3559010021801,-41.5));
#2384=CARTESIAN_POINT('Ctrl Pts',(-109.645538573656,-22.8279505010901,-41.5));
#2385=CARTESIAN_POINT('Ctrl Pts',(-109.645538573656,-20.8213545176856,-41.5));
#2386=CARTESIAN_POINT('Ctrl Pts',(-109.645538573656,-20.3427090353713,-41.5));
#2387=CARTESIAN_POINT('Ctrl Pts',(-109.645538573656,-19.8640635530569,-41.5));
#2388=CARTESIAN_POINT('',(-108.978839906805,-19.406145522205,-43.6));
#2389=CARTESIAN_POINT('Ctrl Pts',(-109.645538573656,-19.8640635530569,-41.5));
#2390=CARTESIAN_POINT('Ctrl Pts',(-109.440693513411,-19.6899774804026,-42.1498936226416));
#2391=CARTESIAN_POINT('Ctrl Pts',(-109.217589025405,-19.5363519243713,-42.8533191951776));
#2392=CARTESIAN_POINT('Ctrl Pts',(-108.978839906805,-19.406145522205,-43.6));
#2393=CARTESIAN_POINT('',(-108.978839906805,-14.,-43.6));
#2394=CARTESIAN_POINT('Ctrl Pts',(-108.978839906805,-19.406145522205,-43.6));
#2395=CARTESIAN_POINT('Ctrl Pts',(-108.978839906805,-17.6040970148033,-43.6));
#2396=CARTESIAN_POINT('Ctrl Pts',(-108.978839906805,-15.8020485074017,-43.6));
#2397=CARTESIAN_POINT('Ctrl Pts',(-108.978839906805,-14.,-43.6));
#2398=CARTESIAN_POINT('',(-112.530144704105,-14.,-32.0331115752902));
#2399=CARTESIAN_POINT('Ctrl Pts',(-112.533164507299,-14.,-32.0328334383874));
#2400=CARTESIAN_POINT('Ctrl Pts',(-111.404967882666,-14.,-35.8683916628561));
#2401=CARTESIAN_POINT('Ctrl Pts',(-110.218311358535,-14.,-39.7248006851358));
#2402=CARTESIAN_POINT('Ctrl Pts',(-108.978887386674,-14.,-43.5999902437639));
#2403=CARTESIAN_POINT('Ctrl Pts',(-112.530144704105,-14.,-32.0331115752901));
#2404=CARTESIAN_POINT('Ctrl Pts',(-112.530144704105,-14.3333333333333,-32.0331115752901));
#2405=CARTESIAN_POINT('Ctrl Pts',(-112.530144704105,-14.6666666666667,-32.0331115752902));
#2406=CARTESIAN_POINT('Ctrl Pts',(-112.530144704105,-15.,-32.0331115752902));
#2407=CARTESIAN_POINT('Origin',(-120.45152953364,-17.,20.1363049457343));
#2408=CARTESIAN_POINT('',(-116.575750568352,-17.,17.7043945545479));
#2409=CARTESIAN_POINT('',(-123.500926196112,-17.,16.6836386950638));
#2410=CARTESIAN_POINT('',(-117.37782820071,-17.,23.5198507218375));
#2411=CARTESIAN_POINT('Ctrl Pts',(-116.575750567982,-17.,17.7043945520443));
#2412=CARTESIAN_POINT('Ctrl Pts',(-116.862360324366,-17.,19.6488584325019));
#2413=CARTESIAN_POINT('Ctrl Pts',(-117.129372565549,-17.,21.5872222632235));
#2414=CARTESIAN_POINT('Ctrl Pts',(-117.377828199823,-17.,23.5198507149363));
#2415=CARTESIAN_POINT('',(-124.320690062406,-17.,22.627287463908));
#2416=CARTESIAN_POINT('Ctrl Pts',(-105.814311197308,-14.,-30.058882533615));
#2417=CARTESIAN_POINT('Ctrl Pts',(-105.814311197308,-17.0001058096066,-30.058882533615));
#2418=CARTESIAN_POINT('Ctrl Pts',(-106.372795110959,-14.,-28.1590599196897));
#2419=CARTESIAN_POINT('Ctrl Pts',(-106.372795110959,-17.0001058096066,-28.1590599196897));
#2420=CARTESIAN_POINT('Ctrl Pts',(-106.916711504547,-14.,-26.2652851630817));
#2421=CARTESIAN_POINT('Ctrl Pts',(-106.916711504547,-17.0001058096066,-26.2652851630817));
#2422=CARTESIAN_POINT('Ctrl Pts',(-107.445308587677,-14.,-24.3781082115277));
#2423=CARTESIAN_POINT('Ctrl Pts',(-107.445308587677,-17.0001058096066,-24.3781082115277));
#2424=CARTESIAN_POINT('',(-107.445308587574,-15.,-24.3781082118937));
#2425=CARTESIAN_POINT('',(-107.445308587678,-14.,-24.3781082115248));
#2426=CARTESIAN_POINT('Ctrl Pts',(-107.445308587677,-15.,-24.3781082115277));
#2427=CARTESIAN_POINT('Ctrl Pts',(-107.445308587677,-14.6666666666667,-24.3781082115277));
#2428=CARTESIAN_POINT('Ctrl Pts',(-107.445308587677,-14.3333333333333,-24.3781082115277));
#2429=CARTESIAN_POINT('Ctrl Pts',(-107.445308587677,-14.,-24.3781082115277));
#2430=CARTESIAN_POINT('',(-107.445308587574,-15.,-24.3781082118937));
#2431=CARTESIAN_POINT('',(-105.814311197571,-15.,-30.0588825327224));
#2432=CARTESIAN_POINT('',(-105.814311197571,-15.,-30.0588825327224));
#2433=CARTESIAN_POINT('',(-105.814311197571,-14.,-30.0588825327224));
#2434=CARTESIAN_POINT('Ctrl Pts',(-105.814311197569,-14.,-30.058882532729));
#2435=CARTESIAN_POINT('Ctrl Pts',(-105.814311197569,-14.3333333333333,-30.058882532729));
#2436=CARTESIAN_POINT('Ctrl Pts',(-105.814311197569,-14.6666666666667,-30.058882532729));
#2437=CARTESIAN_POINT('Ctrl Pts',(-105.814311197569,-15.,-30.058882532729));
#2438=CARTESIAN_POINT('Ctrl Pts',(-107.445308587574,-14.,-24.3781082118938));
#2439=CARTESIAN_POINT('Ctrl Pts',(-106.916711504477,-14.,-26.2652851633266));
#2440=CARTESIAN_POINT('Ctrl Pts',(-106.372795110923,-14.,-28.1590599198125));
#2441=CARTESIAN_POINT('Ctrl Pts',(-105.814311197308,-14.,-30.058882533615));
#2442=CARTESIAN_POINT('Origin',(-110.815595682537,-14.5,-25.3221235176628));
#2443=CARTESIAN_POINT('',(-114.185882777398,-14.,-26.2661388237978));
#2444=CARTESIAN_POINT('Origin',(-109.172227950837,-14.5,-31.0459970540095));
#2445=CARTESIAN_POINT('',(-112.530144704105,-14.,-32.0331115752902));
#2446=CARTESIAN_POINT('Ctrl Pts',(-116.575750567982,-14.,17.7043945520443));
#2447=CARTESIAN_POINT('Ctrl Pts',(-116.575750567982,-17.0001095043982,17.7043945520443));
#2448=CARTESIAN_POINT('Ctrl Pts',(-116.862360324911,-14.,19.6488584361951));
#2449=CARTESIAN_POINT('Ctrl Pts',(-116.862360324911,-17.0001095043982,19.6488584361951));
#2450=CARTESIAN_POINT('Ctrl Pts',(-117.129372566564,-14.,21.5872222705868));
#2451=CARTESIAN_POINT('Ctrl Pts',(-117.129372566564,-17.0001095043982,21.5872222705868));
#2452=CARTESIAN_POINT('Ctrl Pts',(-117.377828201239,-14.,23.5198507259486));
#2453=CARTESIAN_POINT('Ctrl Pts',(-117.377828201239,-17.0001095043982,23.5198507259486));
#2454=CARTESIAN_POINT('',(-117.37782820071,-15.,23.5198507218375));
#2455=CARTESIAN_POINT('',(-117.377828201244,-14.,23.5198507259933));
#2456=CARTESIAN_POINT('Ctrl Pts',(-117.377828201239,-15.,23.5198507259486));
#2457=CARTESIAN_POINT('Ctrl Pts',(-117.377828201239,-14.6666666666667,23.5198507259486));
#2458=CARTESIAN_POINT('Ctrl Pts',(-117.377828201239,-14.3333333333333,23.5198507259486));
#2459=CARTESIAN_POINT('Ctrl Pts',(-117.377828201239,-14.,23.5198507259486));
#2460=CARTESIAN_POINT('',(-117.37782820071,-15.,23.5198507218375));
#2461=CARTESIAN_POINT('',(-116.575750568352,-15.,17.7043945545479));
#2462=CARTESIAN_POINT('',(-116.575750568352,-15.,17.7043945545479));
#2463=CARTESIAN_POINT('',(-116.575750568352,-14.,17.7043945545479));
#2464=CARTESIAN_POINT('Ctrl Pts',(-116.575750568347,-14.,17.7043945545202));
#2465=CARTESIAN_POINT('Ctrl Pts',(-116.575750568347,-14.3333333333333,17.7043945545202));
#2466=CARTESIAN_POINT('Ctrl Pts',(-116.575750568347,-14.6666666666667,17.7043945545202));
#2467=CARTESIAN_POINT('Ctrl Pts',(-116.575750568347,-15.,17.7043945545202));
#2468=CARTESIAN_POINT('Ctrl Pts',(-117.377828200357,-14.,23.5198507190922));
#2469=CARTESIAN_POINT('Ctrl Pts',(-117.129372565932,-14.,21.5872222660023));
#2470=CARTESIAN_POINT('Ctrl Pts',(-116.862360324572,-14.,19.6488584338957));
#2471=CARTESIAN_POINT('Ctrl Pts',(-116.575750567982,-14.,17.7043945520444));
#2472=CARTESIAN_POINT('Origin',(-120.849259132092,-14.5,23.0735690970285));
#2473=CARTESIAN_POINT('',(-124.320690062946,-14.,22.6272874681084));
#2474=CARTESIAN_POINT('Origin',(-120.03833838223,-14.5,17.194016624792));
#2475=CARTESIAN_POINT('',(-123.500926196112,-14.,16.6836386950638));
#2476=CARTESIAN_POINT('Origin',(-48.9716840363197,-18.8341535057437,-6.28356176798776));
#2477=CARTESIAN_POINT('',(-51.1867904045794,-20.0841535057437,-10.2693568935735));
#2478=CARTESIAN_POINT('Origin',(-50.7616130759474,-18.8341535057437,-9.50430572119918));
#2479=CARTESIAN_POINT('',(-52.0170173418944,-20.0841535057437,-11.7632420303311));
#2480=CARTESIAN_POINT('',(-48.9716840363197,-20.0841535057437,-6.28356176798776));
#2481=CARTESIAN_POINT('Origin',(-51.5918400132625,-18.8341535057437,-10.9981908579568));
#2482=CARTESIAN_POINT('Origin',(-74.3516299858228,-19.8224877231022,45.));
#2483=CARTESIAN_POINT('',(-73.1016299858228,-19.8224877231022,39.1775122768978));
#2484=CARTESIAN_POINT('Origin',(-74.3516299858228,-19.8224877231022,39.1775122768978));
#2485=CARTESIAN_POINT('',(-73.1016299858228,-19.8224877231022,37.1976132895755));
#2486=CARTESIAN_POINT('',(-73.1016299858228,-19.8224877231022,45.));
#2487=CARTESIAN_POINT('Origin',(-74.3516299858228,-19.8224877231022,37.1976132895755));
#2488=CARTESIAN_POINT('Origin',(-95.5967486832373,-19.768750934048,45.));
#2489=CARTESIAN_POINT('',(-94.3467486832373,-19.768750934048,39.231249065952));
#2490=CARTESIAN_POINT('Origin',(-95.5967486832373,-19.768750934048,39.231249065952));
#2491=CARTESIAN_POINT('',(-94.3467486832373,-19.768750934048,37.2513500786297));
#2492=CARTESIAN_POINT('',(-94.3467486832373,-19.768750934048,45.));
#2493=CARTESIAN_POINT('Origin',(-95.5967486832373,-19.768750934048,37.2513500786297));
#2494=CARTESIAN_POINT('Origin',(-53.0830679169184,-19.9300805835316,45.));
#2495=CARTESIAN_POINT('',(-51.8330679169184,-19.9300805835316,39.0699194164684));
#2496=CARTESIAN_POINT('Origin',(-53.0830679169184,-19.9300805835316,39.0699194164684));
#2497=CARTESIAN_POINT('',(-51.8330679169184,-19.9300805835316,37.0900204291461));
#2498=CARTESIAN_POINT('',(-51.8330679169184,-19.9300805835316,45.));
#2499=CARTESIAN_POINT('Origin',(-53.0830679169184,-19.9300805835316,37.0900204291461));
#2500=CARTESIAN_POINT('Origin',(-116.865582894412,-19.768750934048,45.));
#2501=CARTESIAN_POINT('',(-115.615582894412,-19.768750934048,39.231249065952));
#2502=CARTESIAN_POINT('Origin',(-116.865582894412,-19.768750934048,39.231249065952));
#2503=CARTESIAN_POINT('',(-115.615582894412,-19.768750934048,37.2513500786297));
#2504=CARTESIAN_POINT('',(-115.615582894412,-19.768750934048,45.));
#2505=CARTESIAN_POINT('Origin',(-116.865582894412,-19.768750934048,37.2513500786297));
#2506=CARTESIAN_POINT('Origin',(-78.9296393023447,-26.25,-14.7925421270148));
#2507=CARTESIAN_POINT('',(-84.6605009552741,-26.25,-43.6));
#2508=CARTESIAN_POINT('',(-82.624463161651,-26.25,-43.6));
#2509=CARTESIAN_POINT('',(-82.5021025180006,-26.25,-43.6));
#2510=CARTESIAN_POINT('',(-82.843704783211,-26.25,-45.));
#2511=CARTESIAN_POINT('Origin',(3950.4035334439,-26.2500000000005,-675.894022297578));
#2512=CARTESIAN_POINT('',(-84.8592775169045,-26.25,-45.0000000000001));
#2513=CARTESIAN_POINT('',(-103.214819651172,-26.25,-45.));
#2514=CARTESIAN_POINT('Origin',(5009.33258522453,-26.2500000000006,-767.575847647779));
#2515=CARTESIAN_POINT('Origin',(3950.4035334439,-25.0000000000005,-675.894022297578));
#2516=CARTESIAN_POINT('',(-82.624463161651,-23.75,-43.6));
#2517=CARTESIAN_POINT('',(-82.624463161651,-25.0000000000005,-43.6));
#2518=CARTESIAN_POINT('',(-82.843704783211,-23.75,-45.));
#2519=CARTESIAN_POINT('Origin',(3950.4035334439,-23.7500000000005,-675.894022297578));
#2520=CARTESIAN_POINT('',(-82.8437047832108,-25.0000000000005,-45.));
#2521=CARTESIAN_POINT('Origin',(-65.4013903895371,-26.25,-14.8306125142956));
#2522=CARTESIAN_POINT('',(-79.5159706337624,-26.25,-43.6));
#2523=CARTESIAN_POINT('',(-77.2818256838713,-26.25,-43.6));
#2524=CARTESIAN_POINT('',(-73.1737200310103,-26.25,-43.6));
#2525=CARTESIAN_POINT('',(-77.5966748978077,-26.25,-45.));
#2526=CARTESIAN_POINT('Origin',(83.400454341339,-26.25,-80.4716104094275));
#2527=CARTESIAN_POINT('',(-79.802780019115,-26.25,-45.));
#2528=CARTESIAN_POINT('',(-96.4506951947686,-26.25,-45.));
#2529=CARTESIAN_POINT('Origin',(84.5714845570727,-26.25,-77.9449656993671));
#2530=CARTESIAN_POINT('Origin',(83.400454341339,-25.,-80.4716104094275));
#2531=CARTESIAN_POINT('',(-77.2818256838713,-23.75,-43.6));
#2532=CARTESIAN_POINT('',(-77.2818256838713,-25.,-43.6));
#2533=CARTESIAN_POINT('',(-77.5966748978077,-23.75,-45.));
#2534=CARTESIAN_POINT('Origin',(83.400454341339,-23.75,-80.4716104094275));
#2535=CARTESIAN_POINT('',(-77.5966748978077,-25.,-45.));
#2536=CARTESIAN_POINT('Origin',(60.2178773221282,-25.,-121.00321024655));
#2537=CARTESIAN_POINT('',(-74.6507064869666,-23.75,-43.6));
#2538=CARTESIAN_POINT('',(-74.6507064869666,-26.25,-43.6));
#2539=CARTESIAN_POINT('',(-74.6507064869666,-25.,-43.6));
#2540=CARTESIAN_POINT('',(-75.4445857520809,-26.25,-45.));
#2541=CARTESIAN_POINT('Origin',(60.2178773221282,-26.25,-121.00321024655));
#2542=CARTESIAN_POINT('',(-75.4445857520809,-23.75,-45.));
#2543=CARTESIAN_POINT('',(-75.4445857520809,-25.,-45.));
#2544=CARTESIAN_POINT('Origin',(60.2178773221282,-23.75,-121.00321024655));
#2545=CARTESIAN_POINT('Origin',(-65.7500009797514,-26.25,-32.6545449546694));
#2546=CARTESIAN_POINT('',(-72.7933644681295,-26.25,-43.6));
#2547=CARTESIAN_POINT('',(-73.3480253261174,-26.25,-43.6));
#2548=CARTESIAN_POINT('',(-73.5074212885239,-26.25,-45.));
#2549=CARTESIAN_POINT('Origin',(12.5934463566236,-26.25,-88.0328380089408));
#2550=CARTESIAN_POINT('',(-96.6250004898757,-26.25,-45.));
#2551=CARTESIAN_POINT('Origin',(-127.5,-8.88178419700125E-15,-43.6));
#2552=CARTESIAN_POINT('Origin',(-107.087602245556,-22.8739575281635,-43.6));
#2553=CARTESIAN_POINT('',(-106.25,-28.6,-43.6));
#2554=CARTESIAN_POINT('Origin',(-64.930232260772,-22.8739575281635,-43.6));
#2555=CARTESIAN_POINT('',(-106.250000985934,-14.,-43.6));
#2556=CARTESIAN_POINT('',(-84.6605009552741,-23.75,-43.6));
#2557=CARTESIAN_POINT('',(-82.5021025180006,-23.75,-43.6));
#2558=CARTESIAN_POINT('',(-84.6605009552741,-25.0000000000006,-43.6));
#2559=CARTESIAN_POINT('',(-79.5159706337624,-23.75,-43.6));
#2560=CARTESIAN_POINT('',(-73.1737200310103,-23.75,-43.6));
#2561=CARTESIAN_POINT('',(-79.5159706337624,-25.,-43.6));
#2562=CARTESIAN_POINT('',(-72.7933644681295,-23.75,-43.6));
#2563=CARTESIAN_POINT('',(-72.7933644681295,-25.,-43.6));
#2564=CARTESIAN_POINT('',(-73.3480253261174,-23.75,-43.6));
#2565=CARTESIAN_POINT('',(-92.9325868965601,-23.75,-43.6));
#2566=CARTESIAN_POINT('',(-95.3154217576338,-23.75,-43.6));
#2567=CARTESIAN_POINT('',(-101.052429825356,-23.75,-43.6));
#2568=CARTESIAN_POINT('',(-92.9325868965601,-26.25,-43.6));
#2569=CARTESIAN_POINT('',(-92.9325868965601,-25.,-43.6));
#2570=CARTESIAN_POINT('',(-95.3154217576338,-26.25,-43.6));
#2571=CARTESIAN_POINT('',(-101.052429825356,-26.25,-43.6));
#2572=CARTESIAN_POINT('',(-95.3154217576338,-25.,-43.6));
#2573=CARTESIAN_POINT('',(-88.3467802894965,-23.75,-43.6));
#2574=CARTESIAN_POINT('',(-90.4574514509079,-23.75,-43.6));
#2575=CARTESIAN_POINT('',(-94.8065982113991,-23.75,-43.6));
#2576=CARTESIAN_POINT('',(-88.3467802894965,-26.25,-43.6));
#2577=CARTESIAN_POINT('',(-88.3467802894965,-25.,-43.6));
#2578=CARTESIAN_POINT('',(-90.4574514509079,-26.25,-43.6));
#2579=CARTESIAN_POINT('',(-94.8065982113991,-26.25,-43.6));
#2580=CARTESIAN_POINT('',(-90.4574514509079,-25.,-43.6));
#2581=CARTESIAN_POINT('Origin',(-105.014345826997,-26.25,-15.2551536369494));
#2582=CARTESIAN_POINT('',(-92.0000018230148,-26.25,-45.));
#2583=CARTESIAN_POINT('Origin',(32.7660154466665,-26.25,39.1212734650713));
#2584=CARTESIAN_POINT('',(-94.1936144378476,-26.25,-45.));
#2585=CARTESIAN_POINT('',(-116.257172913499,-26.25,-45.));
#2586=CARTESIAN_POINT('Origin',(-10.8995585492888,-26.25,22.8922195870184));
#2587=CARTESIAN_POINT('Origin',(32.7660154466665,-25.,39.1212734650713));
#2588=CARTESIAN_POINT('',(-92.0000018230148,-23.75,-45.));
#2589=CARTESIAN_POINT('Origin',(32.7660154466665,-23.75,39.1212734650713));
#2590=CARTESIAN_POINT('',(-92.0000018230148,-25.,-45.));
#2591=CARTESIAN_POINT('Origin',(-92.5226825990827,-26.25,-15.2551539722255));
#2592=CARTESIAN_POINT('',(-88.0000013113023,-26.25,-45.0000006705521));
#2593=CARTESIAN_POINT('Origin',(120.709127805072,-26.25,7.44002228634081));
#2594=CARTESIAN_POINT('',(-90.0996925227927,-26.25,-45.));
#2595=CARTESIAN_POINT('',(-110.011341299541,-26.25,-45.));
#2596=CARTESIAN_POINT('Origin',(120.260789726295,-26.25,9.50166883753891));
#2597=CARTESIAN_POINT('Origin',(120.709127805072,-25.,7.44002228634081));
#2598=CARTESIAN_POINT('',(-88.0000013113023,-23.75,-45.0000006705521));
#2599=CARTESIAN_POINT('Origin',(120.709127805072,-23.75,7.44002228634081));
#2600=CARTESIAN_POINT('',(-88.0000014797844,-25.,-45.));
#2601=CARTESIAN_POINT('Origin',(-64.930232260772,-22.8739575281635,-45.));
#2602=CARTESIAN_POINT('Origin',(-64.930232260772,-22.8739575281635,-41.5));
#2603=CARTESIAN_POINT('Origin',(-64.930232260772,-22.8739575281635,-41.5));
#2604=CARTESIAN_POINT('Origin',(-59.4527375224405,-23.2668414088213,-7.65309976007794));
#2605=CARTESIAN_POINT('',(-57.3738102214677,-14.,-3.91234111236803));
#2606=CARTESIAN_POINT('',(-62.339881419889,-28.6,-12.8481388056999));
#2607=CARTESIAN_POINT('',(-58.806811602509,-18.2129521159209,-6.49084027672171));
#2608=CARTESIAN_POINT('',(-57.0780343164654,-28.6,-3.38013093171213));
#2609=CARTESIAN_POINT('',(-60.8422201273636,-28.6,-10.153292560363));
#2610=CARTESIAN_POINT('',(-57.0780343164654,-14.,-3.38013093171213));
#2611=CARTESIAN_POINT('',(-57.0780343164655,-11.6334207044106,-3.38013093171213));
#2612=CARTESIAN_POINT('',(-60.8428816583569,-14.,-10.1544828991415));
#2613=CARTESIAN_POINT('Origin',(-43.5428635602223,-14.1969929891086,-11.7566983701201));
#2614=CARTESIAN_POINT('',(-61.8083221984954,-14.,-1.44786027205026));
#2615=CARTESIAN_POINT('',(-66.7750539419757,-28.6,-10.3832908673451));
#2616=CARTESIAN_POINT('Origin',(-126.1,-8.88178419700125E-15,45.));
#2617=CARTESIAN_POINT('',(-126.1,-14.,43.0201010126777));
#2618=CARTESIAN_POINT('',(-126.1,-10.0100505063389,47.0100505063388));
#2619=CARTESIAN_POINT('',(-126.1,-14.,22.4984425631844));
#2620=CARTESIAN_POINT('Origin',(-42.5,-14.0100505063389,43.0100505063388));
#2621=CARTESIAN_POINT('',(-43.9,-14.,43.0201010126777));
#2622=CARTESIAN_POINT('',(-63.7500009859344,-14.,43.0201010126777));
#2623=CARTESIAN_POINT('',(-43.9,-32.5100505063389,24.5100505063388));
#2624=CARTESIAN_POINT('',(-63.75,-28.6,28.4201010126777));
#2625=CARTESIAN_POINT('Origin',(-56.1234501655649,-1.77635683940025E-14,
-3.91064124774067));
#2626=CARTESIAN_POINT('',(-67.984230329813,-14.,2.6809894925606));
#2627=CARTESIAN_POINT('',(-67.9848908748719,-28.6,2.68135659059762));
#2628=CARTESIAN_POINT('Origin',(-85.,-28.6,-2.22044604925031E-15));
#2629=CARTESIAN_POINT('Origin',(-107.087602245556,-22.8739575281635,-41.5));
#2630=CARTESIAN_POINT('Origin',(-107.087602245556,-22.8739575281635,-41.5));
#2631=CARTESIAN_POINT('Origin',(-107.087602245556,-22.8739575281635,-45.));
#2632=CARTESIAN_POINT('Origin',(-43.9,-1.77635683940025E-14,-45.));
#2633=CARTESIAN_POINT('',(-43.9,-14.,-22.5015574368156));
#2634=CARTESIAN_POINT('Origin',(-127.5,-8.88178419700125E-15,-45.));
#2635=CARTESIAN_POINT('',(-62.0178345063276,-14.,-45.));
#2636=CARTESIAN_POINT('',(-110.,-14.,-45.));
#2637=CARTESIAN_POINT('',(-106.250000985934,-14.,-45.));
#2638=CARTESIAN_POINT('',(-62.0178345063276,-30.,-45.));
#2639=CARTESIAN_POINT('',(-62.0178345063276,-1.77635683940025E-14,-45.));
#2640=CARTESIAN_POINT('',(-110.,-30.,-45.));
#2641=CARTESIAN_POINT('',(-127.5,-30.,-45.));
#2642=CARTESIAN_POINT('',(-110.,-8.88178419700125E-15,-45.));
#2643=CARTESIAN_POINT('',(-67.480232260772,-22.8739575281635,-45.));
#2644=CARTESIAN_POINT('Origin',(-64.930232260772,-22.8739575281635,-45.));
#2645=CARTESIAN_POINT('',(-109.637602245556,-22.8739575281635,-45.));
#2646=CARTESIAN_POINT('Origin',(-107.087602245556,-22.8739575281635,-45.));
#2647=CARTESIAN_POINT('',(-90.0996925227927,-23.75,-45.));
#2648=CARTESIAN_POINT('',(-110.011341299541,-23.75,-45.));
#2649=CARTESIAN_POINT('',(-90.0996925227927,-25.,-45.));
#2650=CARTESIAN_POINT('',(-94.1936144378476,-23.75,-45.));
#2651=CARTESIAN_POINT('',(-116.257172913499,-23.75,-45.));
#2652=CARTESIAN_POINT('',(-94.1936144378476,-25.,-45.));
#2653=CARTESIAN_POINT('',(-73.5074212885239,-23.75,-45.));
#2654=CARTESIAN_POINT('',(-73.5074212885239,-25.,-45.));
#2655=CARTESIAN_POINT('',(-96.6250004898757,-23.75,-45.));
#2656=CARTESIAN_POINT('',(-79.802780019115,-23.75,-45.));
#2657=CARTESIAN_POINT('',(-96.4506951947686,-23.75,-45.));
#2658=CARTESIAN_POINT('',(-79.802780019115,-25.,-45.));
#2659=CARTESIAN_POINT('',(-84.8592775169045,-23.75,-45.0000000000001));
#2660=CARTESIAN_POINT('',(-103.214819651172,-23.75,-45.));
#2661=CARTESIAN_POINT('',(-84.8592775169055,-25.0000000000006,-45.));
#2662=CARTESIAN_POINT('Origin',(-55.4433680726395,-1.77635683940025E-14,
-2.68692218403275));
#2663=CARTESIAN_POINT('',(-55.4433680726395,-14.,-2.68692218403274));
#2664=CARTESIAN_POINT('',(-55.1742331598321,-14.,-2.8364939609296));
#2665=CARTESIAN_POINT('',(-67.3041482368876,-14.,3.90470855626852));
#2666=CARTESIAN_POINT('',(-55.4433680726395,-30.,-2.68692218403274));
#2667=CARTESIAN_POINT('',(-55.4433680726395,-1.77635683940025E-14,-2.68692218403274));
#2668=CARTESIAN_POINT('',(-55.1742331598321,-30.,-2.8364939609296));
#2669=CARTESIAN_POINT('',(-67.3048087819465,-30.,3.90507565430555));
#2670=CARTESIAN_POINT('',(-55.1742331598321,-11.6334207044106,-2.83649396092961));
#2671=CARTESIAN_POINT('Origin',(-42.5,-15.,44.));
#2672=CARTESIAN_POINT('',(-42.5,-28.3684844827083,30.6315155172917));
#2673=CARTESIAN_POINT('',(-43.1338024023164,-30.,29.));
#2674=CARTESIAN_POINT('',(-37.5237234879167,-15.5586997325633,43.4413002674367));
#2675=CARTESIAN_POINT('',(-42.5,-15.,44.));
#2676=CARTESIAN_POINT('',(-42.5,-33.5,25.5));
#2677=CARTESIAN_POINT('',(-127.5,-15.,44.));
#2678=CARTESIAN_POINT('',(-42.5,-15.,44.));
#2679=CARTESIAN_POINT('',(-127.5,-19.,40.));
#2680=CARTESIAN_POINT('',(-127.5,-11.,48.));
#2681=CARTESIAN_POINT('',(-126.485704774843,-30.0000000000029,28.9999999999913));
#2682=CARTESIAN_POINT('Ctrl Pts',(-126.485704774844,-30.,29.));
#2683=CARTESIAN_POINT('Ctrl Pts',(-126.688245812947,-28.134751273795,30.865248726205));
#2684=CARTESIAN_POINT('Ctrl Pts',(-126.875686741268,-26.2641909195973,32.735810492797));
#2685=CARTESIAN_POINT('Ctrl Pts',(-127.047595707487,-24.393218313706,34.6067826906675));
#2686=CARTESIAN_POINT('Ctrl Pts',(-127.212874193937,-22.5944085873046,36.4055920247852));
#2687=CARTESIAN_POINT('Ctrl Pts',(-127.363799976375,-20.7952177967951,38.2047822032049));
#2688=CARTESIAN_POINT('Ctrl Pts',(-127.5,-19.,40.));
#2689=CARTESIAN_POINT('',(-63.75,-30.,29.));
#2690=CARTESIAN_POINT('Origin',(-42.5,-14.,44.));
#2691=CARTESIAN_POINT('',(-42.5,-14.,45.));
#2692=CARTESIAN_POINT('Origin',(-42.5,-14.,44.));
#2693=CARTESIAN_POINT('',(-127.5,-14.,45.));
#2694=CARTESIAN_POINT('',(-42.5,-14.,45.));
#2695=CARTESIAN_POINT('Origin',(-127.5,-14.,44.));
#2696=CARTESIAN_POINT('Origin',(-85.,-30.,-2.22044604925031E-15));
#2697=CARTESIAN_POINT('',(-48.0879008671018,-30.,-19.93490046594));
#2698=CARTESIAN_POINT('',(-60.7621340269339,-30.,-12.8911930749269));
#2699=CARTESIAN_POINT('',(-66.4210256127285,-30.,-9.74626304364673));
#2700=CARTESIAN_POINT('',(-59.6185010636556,-30.,-10.8333746532884));
#2701=CARTESIAN_POINT('',(-50.4560129051436,-30.,10.151380915286));
#2702=CARTESIAN_POINT('Ctrl Pts',(-126.485704774843,-30.,28.9999999999885));
#2703=CARTESIAN_POINT('Ctrl Pts',(-125.392252371348,-30.,18.9301360263204));
#2704=CARTESIAN_POINT('Ctrl Pts',(-123.813323664919,-30.,8.69854416504974));
#2705=CARTESIAN_POINT('Ctrl Pts',(-118.664818774124,-30.,-16.1851073317431));
#2706=CARTESIAN_POINT('Ctrl Pts',(-114.425867056919,-30.,-31.248243240504));
#2707=CARTESIAN_POINT('Ctrl Pts',(-110.,-30.,-45.));
#2708=CARTESIAN_POINT('',(-45.4168752543733,-30.,-15.1287380982646));
#2709=CARTESIAN_POINT('Origin',(-58.2290184587326,-23.2668414088213,-8.33318185300334));
#2710=CARTESIAN_POINT('',(-55.6600060833503,-15.,-3.71057900643527));
#2711=CARTESIAN_POINT('',(-55.6600060833503,-15.,-3.71057900643527));
#2712=CARTESIAN_POINT('Origin',(-55.6600060833503,-14.,-3.71057900643527));
#2713=CARTESIAN_POINT('Origin',(-42.9857729235182,-15.,-10.7542863974483));
#2714=CARTESIAN_POINT('',(-42.9857729235182,-15.,-10.7542863974483));
#2715=CARTESIAN_POINT('',(-41.1940761053415,-9.73250130733229,-7.5303615572039));
#2716=CARTESIAN_POINT('',(-42.9857729235182,-15.,-10.7542863974483));
#2717=CARTESIAN_POINT('Origin',(-42.5,-1.77635683940025E-14,-9.88020135194268));
#2718=CARTESIAN_POINT('',(-42.5,-14.,-9.88020135194268));
#2719=CARTESIAN_POINT('',(-45.4175367853666,-14.,-15.1299284370431));
#2720=CARTESIAN_POINT('Origin',(-42.9857729235181,-14.,-10.7542863974484));
#2721=CARTESIAN_POINT('Origin',(-49.4574569598379,-14.,-7.15764681349338));
#2722=CARTESIAN_POINT('',(-48.9716840363198,-14.,-6.28356176798771));
#2723=CARTESIAN_POINT('Origin',(-78.9296393023447,-23.75,-14.7925421270148));
#2724=CARTESIAN_POINT('Origin',(5009.33258522453,-23.7500000000006,-767.575847647779));
#2725=CARTESIAN_POINT('Origin',(5009.33258522453,-25.0000000000006,-767.575847647779));
#2726=CARTESIAN_POINT('Origin',(-65.4013903895371,-23.75,-14.8306125142956));
#2727=CARTESIAN_POINT('Origin',(84.5714845570727,-23.75,-77.9449656993671));
#2728=CARTESIAN_POINT('Origin',(84.5714845570727,-25.,-77.9449656993671));
#2729=CARTESIAN_POINT('Origin',(12.5934463566236,-25.,-88.0328380089408));
#2730=CARTESIAN_POINT('Origin',(12.5934463566236,-23.75,-88.0328380089408));
#2731=CARTESIAN_POINT('Origin',(-65.7500009797514,-23.75,-32.6545449546694));
#2732=CARTESIAN_POINT('Origin',(-105.014345826997,-23.75,-15.2551536369494));
#2733=CARTESIAN_POINT('Origin',(-10.8995585492888,-23.75,22.8922195870184));
#2734=CARTESIAN_POINT('Origin',(-10.8995585492888,-25.,22.8922195870184));
#2735=CARTESIAN_POINT('Origin',(-92.5226825990827,-23.75,-15.2551539722255));
#2736=CARTESIAN_POINT('Origin',(120.260789726295,-23.75,9.50166883753891));
#2737=CARTESIAN_POINT('Origin',(120.260789726295,-25.,9.50166883753891));
#2738=CARTESIAN_POINT('Origin',(-107.087602245556,-22.8739575281635,-42.9));
#2739=CARTESIAN_POINT('',(-109.637602245556,-22.8739575281635,-42.9));
#2740=CARTESIAN_POINT('Origin',(-107.087602245556,-22.8739575281635,-42.9));
#2741=CARTESIAN_POINT('Origin',(-107.087602245556,-22.8739575281635,-45.));
#2742=CARTESIAN_POINT('',(-109.637602245556,-22.8739575281635,-45.));
#2743=CARTESIAN_POINT('Origin',(-64.930232260772,-22.8739575281635,-42.9));
#2744=CARTESIAN_POINT('',(-67.480232260772,-22.8739575281635,-42.9));
#2745=CARTESIAN_POINT('Origin',(-64.930232260772,-22.8739575281635,-42.9));
#2746=CARTESIAN_POINT('Origin',(-64.930232260772,-22.8739575281635,-45.));
#2747=CARTESIAN_POINT('',(-67.480232260772,-22.8739575281635,-45.));
#2748=CARTESIAN_POINT('Ctrl Pts',(-110.,-8.88178419700125E-15,-45.));
#2749=CARTESIAN_POINT('Ctrl Pts',(-110.,-100.,-45.));
#2750=CARTESIAN_POINT('Ctrl Pts',(-110.571770879476,-8.88178419700125E-15,
-43.2234319387383));
#2751=CARTESIAN_POINT('Ctrl Pts',(-110.571770879476,-100.,-43.2234319387383));
#2752=CARTESIAN_POINT('Ctrl Pts',(-111.696255944169,-8.88178419700125E-15,
-39.6768752829894));
#2753=CARTESIAN_POINT('Ctrl Pts',(-111.696255944169,-100.,-39.6768752829894));
#2754=CARTESIAN_POINT('Ctrl Pts',(-113.325816505437,-8.88178419700125E-15,
-34.3767776476897));
#2755=CARTESIAN_POINT('Ctrl Pts',(-113.325816505437,-100.,-34.3767776476897));
#2756=CARTESIAN_POINT('Ctrl Pts',(-115.382322485388,-8.88178419700125E-15,
-27.3501140288501));
#2757=CARTESIAN_POINT('Ctrl Pts',(-115.382322485389,-100.,-27.3501140288501));
#2758=CARTESIAN_POINT('Ctrl Pts',(-117.745800443775,-8.88178419700125E-15,
-18.6383061575097));
#2759=CARTESIAN_POINT('Ctrl Pts',(-117.745800443775,-100.,-18.6383061575097));
#2760=CARTESIAN_POINT('Ctrl Pts',(-119.882599011491,-8.88178419700125E-15,
-10.0047610477717));
#2761=CARTESIAN_POINT('Ctrl Pts',(-119.882599011491,-100.,-10.0047610477717));
#2762=CARTESIAN_POINT('Ctrl Pts',(-121.77257772434,-8.88178419700125E-15,
-1.45643234612683));
#2763=CARTESIAN_POINT('Ctrl Pts',(-121.77257772434,-100.,-1.45643234612683));
#2764=CARTESIAN_POINT('Ctrl Pts',(-123.40191320433,-8.88178419700125E-15,
7.00190732237612));
#2765=CARTESIAN_POINT('Ctrl Pts',(-123.40191320433,-100.,7.00190732237612));
#2766=CARTESIAN_POINT('Ctrl Pts',(-124.776912576447,-8.88178419700125E-15,
15.3724355399877));
#2767=CARTESIAN_POINT('Ctrl Pts',(-124.776912576447,-100.,15.3724355399877));
#2768=CARTESIAN_POINT('Ctrl Pts',(-125.915140311303,-8.88178419700125E-15,
23.66121657206));
#2769=CARTESIAN_POINT('Ctrl Pts',(-125.915140311303,-100.,23.66121657206));
#2770=CARTESIAN_POINT('Ctrl Pts',(-126.651010016522,-8.88178419700125E-15,
30.2319206012606));
#2771=CARTESIAN_POINT('Ctrl Pts',(-126.651010016522,-100.,30.2319206012606));
#2772=CARTESIAN_POINT('Ctrl Pts',(-127.110761249115,-8.88178419700125E-15,
35.128132782506));
#2773=CARTESIAN_POINT('Ctrl Pts',(-127.110761249115,-100.,35.128132782506));
#2774=CARTESIAN_POINT('Ctrl Pts',(-127.376969234064,-8.88178419700125E-15,
38.3783628322333));
#2775=CARTESIAN_POINT('Ctrl Pts',(-127.376969234064,-100.,38.3783628322333));
#2776=CARTESIAN_POINT('Ctrl Pts',(-127.5,-8.88178419700125E-15,40.));
#2777=CARTESIAN_POINT('Ctrl Pts',(-127.5,-100.,40.));
#2778=CARTESIAN_POINT('',(-127.5,-14.,40.));
#2779=CARTESIAN_POINT('Ctrl Pts',(-110.,-14.,-45.));
#2780=CARTESIAN_POINT('Ctrl Pts',(-110.40236758036,-14.,-43.749790488088));
#2781=CARTESIAN_POINT('Ctrl Pts',(-110.799076924768,-14.,-42.5015345246218));
#2782=CARTESIAN_POINT('Ctrl Pts',(-111.190103312075,-14.,-41.2552406447634));
#2783=CARTESIAN_POINT('Ctrl Pts',(-111.585312187615,-14.,-39.9956161824787));
#2784=CARTESIAN_POINT('Ctrl Pts',(-111.974715826582,-14.,-38.737996021708));
#2785=CARTESIAN_POINT('Ctrl Pts',(-112.358238140279,-14.,-37.4824064326452));
#2786=CARTESIAN_POINT('Ctrl Pts',(-112.748755335649,-14.,-36.2039167402703));
#2787=CARTESIAN_POINT('Ctrl Pts',(-113.13317467388,-14.,-34.9275323788571));
#2788=CARTESIAN_POINT('Ctrl Pts',(-113.511364194326,-14.,-33.6532989088089));
#2789=CARTESIAN_POINT('Ctrl Pts',(-113.902660202997,-14.,-32.3349057646642));
#2790=CARTESIAN_POINT('Ctrl Pts',(-114.287286918679,-14.,-31.0188152439983));
#2791=CARTESIAN_POINT('Ctrl Pts',(-114.665045182108,-14.,-29.7050961080428));
#2792=CARTESIAN_POINT('Ctrl Pts',(-115.060956018656,-14.,-28.3282482864136));
#2793=CARTESIAN_POINT('Ctrl Pts',(-115.449322215528,-14.,-26.9540053082795));
#2794=CARTESIAN_POINT('Ctrl Pts',(-115.829860248441,-14.,-25.5824650625283));
#2795=CARTESIAN_POINT('Ctrl Pts',(-116.270339795138,-14.,-23.9948828145679));
#2796=CARTESIAN_POINT('Ctrl Pts',(-116.700330015129,-14.,-22.4109220854096));
#2797=CARTESIAN_POINT('Ctrl Pts',(-117.119324710981,-14.,-20.8307576435177));
#2798=CARTESIAN_POINT('Ctrl Pts',(-117.715599569718,-14.,-18.5820123999657));
#2799=CARTESIAN_POINT('Ctrl Pts',(-118.289598678144,-14.,-16.3409580264608));
#2800=CARTESIAN_POINT('Ctrl Pts',(-118.839782810097,-14.,-14.1081259523938));
#2801=CARTESIAN_POINT('Ctrl Pts',(-119.171699075528,-14.,-12.7610982205502));
#2802=CARTESIAN_POINT('Ctrl Pts',(-119.49494663379,-14.,-11.4170634249441));
#2803=CARTESIAN_POINT('Ctrl Pts',(-119.809213008581,-14.,-10.076129450365));
#2804=CARTESIAN_POINT('Ctrl Pts',(-120.078410469965,-14.,-8.92749870015831));
#2805=CARTESIAN_POINT('Ctrl Pts',(-120.341017418954,-14.,-7.78114337383992));
#2806=CARTESIAN_POINT('Ctrl Pts',(-120.5968678507,-14.,-6.63712078582927));
#2807=CARTESIAN_POINT('Ctrl Pts',(-120.829963789086,-14.,-5.59484379272169));
#2808=CARTESIAN_POINT('Ctrl Pts',(-121.057451008515,-14.,-4.55450325194578));
#2809=CARTESIAN_POINT('Ctrl Pts',(-121.279240226191,-14.,-3.51612998905772));
#2810=CARTESIAN_POINT('Ctrl Pts',(-121.494290294266,-14.,-2.50930809207378));
#2811=CARTESIAN_POINT('Ctrl Pts',(-121.703982723097,-14.,-1.50433596026547));
#2812=CARTESIAN_POINT('Ctrl Pts',(-121.908280844457,-14.,-0.501226253613913));
#2813=CARTESIAN_POINT('Ctrl Pts',(-122.119548668314,-14.,0.53610489462492));
#2814=CARTESIAN_POINT('Ctrl Pts',(-122.325047925828,-14.,1.57144440202183));
#2815=CARTESIAN_POINT('Ctrl Pts',(-122.524793551362,-14.,2.60479742477706));
#2816=CARTESIAN_POINT('Ctrl Pts',(-122.735077034751,-14.,3.69266642123039));
#2817=CARTESIAN_POINT('Ctrl Pts',(-122.938984096121,-14.,4.77833391010525));
#2818=CARTESIAN_POINT('Ctrl Pts',(-123.13658903237,-14.,5.86182554296378));
#2819=CARTESIAN_POINT('Ctrl Pts',(-123.34935095402,-14.,7.02842474981182));
#2820=CARTESIAN_POINT('Ctrl Pts',(-123.554807307967,-14.,8.1925016545577));
#2821=CARTESIAN_POINT('Ctrl Pts',(-123.753109809816,-14.,9.35410863815301));
#2822=CARTESIAN_POINT('Ctrl Pts',(-123.981639344051,-14.,10.6927780974379));
#2823=CARTESIAN_POINT('Ctrl Pts',(-124.200668812174,-14.,12.0281675875676));
#2824=CARTESIAN_POINT('Ctrl Pts',(-124.410496655235,-14.,13.3603801475552));
#2825=CARTESIAN_POINT('Ctrl Pts',(-124.76545065965,-14.,15.6140094848384));
#2826=CARTESIAN_POINT('Ctrl Pts',(-125.094080905928,-14.,17.8585503469754));
#2827=CARTESIAN_POINT('Ctrl Pts',(-125.397974150993,-14.,20.094550573708));
#2828=CARTESIAN_POINT('Ctrl Pts',(-125.593095703468,-14.,21.5302252478306));
#2829=CARTESIAN_POINT('Ctrl Pts',(-125.77802150489,-14.,22.9623797623478));
#2830=CARTESIAN_POINT('Ctrl Pts',(-125.953142311271,-14.,24.3911490287073));
#2831=CARTESIAN_POINT('Ctrl Pts',(-126.113919331012,-14.,25.702890730272));
#2832=CARTESIAN_POINT('Ctrl Pts',(-126.266432499762,-14.,27.0117792752336));
#2833=CARTESIAN_POINT('Ctrl Pts',(-126.410939028211,-14.,28.3179034675138));
#2834=CARTESIAN_POINT('Ctrl Pts',(-126.542628022403,-14.,29.5081762047885));
#2835=CARTESIAN_POINT('Ctrl Pts',(-126.667667810081,-14.,30.696153253589));
#2836=CARTESIAN_POINT('Ctrl Pts',(-126.786209771561,-14.,31.8818868791061));
#2837=CARTESIAN_POINT('Ctrl Pts',(-126.902337173434,-14.,33.0434685125293));
#2838=CARTESIAN_POINT('Ctrl Pts',(-127.012229012771,-14.,34.2028972711672));
#2839=CARTESIAN_POINT('Ctrl Pts',(-127.115980569106,-14.,35.3602060509948));
#2840=CARTESIAN_POINT('Ctrl Pts',(-127.218046967258,-14.,36.49871753823));
#2841=CARTESIAN_POINT('Ctrl Pts',(-127.314170988752,-14.,37.6351773753059));
#2842=CARTESIAN_POINT('Ctrl Pts',(-127.404395623364,-14.,38.7696004047654));
#2843=CARTESIAN_POINT('Ctrl Pts',(-127.437036162435,-14.,39.1800002847463));
#2844=CARTESIAN_POINT('Ctrl Pts',(-127.468904142885,-14.,39.5901334330624));
#2845=CARTESIAN_POINT('Ctrl Pts',(-127.5,-14.,40.));
#2846=CARTESIAN_POINT('',(-127.5,-8.88178419700125E-15,40.));
#2847=CARTESIAN_POINT('Origin',(-127.5,-8.88178419700125E-15,45.));
#2848=CARTESIAN_POINT('',(-127.5,-14.,22.4984425631844));
#2849=CARTESIAN_POINT('Origin',(-42.5,-1.77635683940025E-14,-45.));
#2850=CARTESIAN_POINT('',(-42.5,-14.,30.6315155172917));
#2851=CARTESIAN_POINT('',(-42.5,-14.,-22.5015574368156));
#2852=CARTESIAN_POINT('',(-42.5,-1.77635683940025E-14,30.6315155172917));
#2853=CARTESIAN_POINT('Origin',(-42.5,-1.77635683940025E-14,30.6315155172917));
#2854=CARTESIAN_POINT('',(-50.4565387257176,-14.,10.1500273634178));
#2855=CARTESIAN_POINT('Origin',(-85.0000019718689,-14.,-0.0031148736311315));
#2856=CARTESIAN_POINT('',(0.,0.,0.));
#2857=CARTESIAN_POINT('',(0.,0.,0.));
#2858=UNCERTAINTY_MEASURE_WITH_UNIT(LENGTH_MEASURE(0.01),#2866,
'DISTANCE_ACCURACY_VALUE',
'Maximum model space distance between geometric entities at asserted c
onnectivities');
#2859=UNCERTAINTY_MEASURE_WITH_UNIT(LENGTH_MEASURE(0.01),#2866,
'DISTANCE_ACCURACY_VALUE',
'Maximum model space distance between geometric entities at asserted c
onnectivities');
#2860=UNCERTAINTY_MEASURE_WITH_UNIT(LENGTH_MEASURE(0.01),#2866,
'DISTANCE_ACCURACY_VALUE',
'Maximum model space distance between geometric entities at asserted c
onnectivities');
#2861=UNCERTAINTY_MEASURE_WITH_UNIT(LENGTH_MEASURE(0.01),#2866,
'DISTANCE_ACCURACY_VALUE',
'Maximum model space distance between geometric entities at asserted c
onnectivities');
#2862=(
GEOMETRIC_REPRESENTATION_CONTEXT(3)
GLOBAL_UNCERTAINTY_ASSIGNED_CONTEXT((#2858))
GLOBAL_UNIT_ASSIGNED_CONTEXT((#2866,#2868,#2869))
REPRESENTATION_CONTEXT('','3D')
);
#2863=(
GEOMETRIC_REPRESENTATION_CONTEXT(3)
GLOBAL_UNCERTAINTY_ASSIGNED_CONTEXT((#2859))
GLOBAL_UNIT_ASSIGNED_CONTEXT((#2866,#2868,#2869))
REPRESENTATION_CONTEXT('','3D')
);
#2864=(
GEOMETRIC_REPRESENTATION_CONTEXT(3)
GLOBAL_UNCERTAINTY_ASSIGNED_CONTEXT((#2860))
GLOBAL_UNIT_ASSIGNED_CONTEXT((#2866,#2868,#2869))
REPRESENTATION_CONTEXT('','3D')
);
#2865=(
GEOMETRIC_REPRESENTATION_CONTEXT(3)
GLOBAL_UNCERTAINTY_ASSIGNED_CONTEXT((#2861))
GLOBAL_UNIT_ASSIGNED_CONTEXT((#2866,#2868,#2869))
REPRESENTATION_CONTEXT('','3D')
);
#2866=(
LENGTH_UNIT()
NAMED_UNIT(*)
SI_UNIT(.MILLI.,.METRE.)
);
#2867=(
LENGTH_UNIT()
NAMED_UNIT(*)
SI_UNIT($,.METRE.)
);
#2868=(
NAMED_UNIT(*)
PLANE_ANGLE_UNIT()
SI_UNIT($,.RADIAN.)
);
#2869=(
NAMED_UNIT(*)
SI_UNIT($,.STERADIAN.)
SOLID_ANGLE_UNIT()
);
#2870=SHAPE_DEFINITION_REPRESENTATION(#2873,#2878);
#2871=SHAPE_DEFINITION_REPRESENTATION(#2874,#2879);
#2872=SHAPE_DEFINITION_REPRESENTATION(#2875,#2880);
#2873=PRODUCT_DEFINITION_SHAPE('',$,#2882);
#2874=PRODUCT_DEFINITION_SHAPE('',$,#2883);
#2875=PRODUCT_DEFINITION_SHAPE('',$,#2884);
#2876=PRODUCT_DEFINITION_SHAPE($,$,#17);
#2877=PRODUCT_DEFINITION_SHAPE($,$,#18);
#2878=SHAPE_REPRESENTATION('',(#1617,#1751),#2862);
#2879=SHAPE_REPRESENTATION('',(#1618,#1750),#2863);
#2880=SHAPE_REPRESENTATION('',(#1619),#2864);
#2881=PRODUCT_DEFINITION_CONTEXT('part definition',#2892,'design');
#2882=PRODUCT_DEFINITION('2025-12-08-00-33-07-883','Arm (1)',#2885,#2881);
#2883=PRODUCT_DEFINITION('2025-12-08-00-40-28-529','Arm',#2886,#2881);
#2884=PRODUCT_DEFINITION('2025-12-08-02-38-12-102','Palm',#2887,#2881);
#2885=PRODUCT_DEFINITION_FORMATION('',$,#2894);
#2886=PRODUCT_DEFINITION_FORMATION('',$,#2895);
#2887=PRODUCT_DEFINITION_FORMATION('',$,#2896);
#2888=PRODUCT_RELATED_PRODUCT_CATEGORY('Arm (1)','Arm (1)',(#2894));
#2889=PRODUCT_RELATED_PRODUCT_CATEGORY('Arm','Arm',(#2895));
#2890=PRODUCT_RELATED_PRODUCT_CATEGORY('Palm','Palm',(#2896));
#2891=APPLICATION_PROTOCOL_DEFINITION('international standard',
'automotive_design',2009,#2892);
#2892=APPLICATION_CONTEXT(
'Core Data for Automotive Mechanical Design Process');
#2893=PRODUCT_CONTEXT('part definition',#2892,'mechanical');
#2894=PRODUCT('2025-12-08-00-33-07-883','Arm (1)',$,(#2893));
#2895=PRODUCT('2025-12-08-00-40-28-529','Arm',$,(#2893));
#2896=PRODUCT('2025-12-08-02-38-12-102','Palm',$,(#2893));
#2897=PRESENTATION_STYLE_ASSIGNMENT((#2909));
#2898=PRESENTATION_STYLE_ASSIGNMENT((#2910));
#2899=PRESENTATION_STYLE_ASSIGNMENT((#2911));
#2900=PRESENTATION_STYLE_ASSIGNMENT((#2912));
#2901=PRESENTATION_STYLE_ASSIGNMENT((#2913));
#2902=PRESENTATION_STYLE_ASSIGNMENT((#2914));
#2903=PRESENTATION_STYLE_ASSIGNMENT((#2915));
#2904=PRESENTATION_STYLE_ASSIGNMENT((#2916));
#2905=PRESENTATION_STYLE_ASSIGNMENT((#2917));
#2906=PRESENTATION_STYLE_ASSIGNMENT((#2918));
#2907=PRESENTATION_STYLE_ASSIGNMENT((#2919));
#2908=PRESENTATION_STYLE_ASSIGNMENT((#2920));
#2909=SURFACE_STYLE_USAGE(.BOTH.,#2921);
#2910=SURFACE_STYLE_USAGE(.BOTH.,#2922);
#2911=SURFACE_STYLE_USAGE(.BOTH.,#2923);
#2912=SURFACE_STYLE_USAGE(.BOTH.,#2924);
#2913=SURFACE_STYLE_USAGE(.BOTH.,#2925);
#2914=SURFACE_STYLE_USAGE(.BOTH.,#2926);
#2915=SURFACE_STYLE_USAGE(.BOTH.,#2927);
#2916=SURFACE_STYLE_USAGE(.BOTH.,#2928);
#2917=SURFACE_STYLE_USAGE(.BOTH.,#2929);
#2918=SURFACE_STYLE_USAGE(.BOTH.,#2930);
#2919=SURFACE_STYLE_USAGE(.BOTH.,#2931);
#2920=SURFACE_STYLE_USAGE(.BOTH.,#2932);
#2921=SURFACE_SIDE_STYLE('',(#2933));
#2922=SURFACE_SIDE_STYLE('',(#2934));
#2923=SURFACE_SIDE_STYLE('',(#2935));
#2924=SURFACE_SIDE_STYLE('',(#2936));
#2925=SURFACE_SIDE_STYLE('',(#2937));
#2926=SURFACE_SIDE_STYLE('',(#2938));
#2927=SURFACE_SIDE_STYLE('',(#2939));
#2928=SURFACE_SIDE_STYLE('',(#2940));
#2929=SURFACE_SIDE_STYLE('',(#2941));
#2930=SURFACE_SIDE_STYLE('',(#2942));
#2931=SURFACE_SIDE_STYLE('',(#2943));
#2932=SURFACE_SIDE_STYLE('',(#2944));
#2933=SURFACE_STYLE_FILL_AREA(#2945);
#2934=SURFACE_STYLE_FILL_AREA(#2946);
#2935=SURFACE_STYLE_FILL_AREA(#2947);
#2936=SURFACE_STYLE_FILL_AREA(#2948);
#2937=SURFACE_STYLE_FILL_AREA(#2949);
#2938=SURFACE_STYLE_FILL_AREA(#2950);
#2939=SURFACE_STYLE_FILL_AREA(#2951);
#2940=SURFACE_STYLE_FILL_AREA(#2952);
#2941=SURFACE_STYLE_FILL_AREA(#2953);
#2942=SURFACE_STYLE_FILL_AREA(#2954);
#2943=SURFACE_STYLE_FILL_AREA(#2955);
#2944=SURFACE_STYLE_FILL_AREA(#2956);
#2945=FILL_AREA_STYLE('Steel - Satin',(#2957));
#2946=FILL_AREA_STYLE('Plastic - Matte (Black)',(#2958));
#2947=FILL_AREA_STYLE('Aluminum - Satin',(#2959));
#2948=FILL_AREA_STYLE('Aluminum - Polished',(#2960));
#2949=FILL_AREA_STYLE('Paek (Beige)',(#2961));
#2950=FILL_AREA_STYLE('Copper - Patina',(#2962));
#2951=FILL_AREA_STYLE('Plastic - Matte (Yellow)',(#2963));
#2952=FILL_AREA_STYLE('Plastic - Matte (Red)',(#2964));
#2953=FILL_AREA_STYLE('Stainless Steel - Polished',(#2965));
#2954=FILL_AREA_STYLE('Plastic - Matte (Green)',(#2966));
#2955=FILL_AREA_STYLE('Plastic - Matte (Blue)',(#2967));
#2956=FILL_AREA_STYLE('Opaque(64,64,64)',(#2968));
#2957=FILL_AREA_STYLE_COLOUR('Steel - Satin',#2969);
#2958=FILL_AREA_STYLE_COLOUR('Plastic - Matte (Black)',#2970);
#2959=FILL_AREA_STYLE_COLOUR('Aluminum - Satin',#2971);
#2960=FILL_AREA_STYLE_COLOUR('Aluminum - Polished',#2972);
#2961=FILL_AREA_STYLE_COLOUR('Paek (Beige)',#2973);
#2962=FILL_AREA_STYLE_COLOUR('Copper - Patina',#2974);
#2963=FILL_AREA_STYLE_COLOUR('Plastic - Matte (Yellow)',#2975);
#2964=FILL_AREA_STYLE_COLOUR('Plastic - Matte (Red)',#2976);
#2965=FILL_AREA_STYLE_COLOUR('Stainless Steel - Polished',#2977);
#2966=FILL_AREA_STYLE_COLOUR('Plastic - Matte (Green)',#2978);
#2967=FILL_AREA_STYLE_COLOUR('Plastic - Matte (Blue)',#2979);
#2968=FILL_AREA_STYLE_COLOUR('Opaque(64,64,64)',#2980);
#2969=COLOUR_RGB('Steel - Satin',0.627450980392157,0.627450980392157,0.627450980392157);
#2970=COLOUR_RGB('Plastic - Matte (Black)',0.0980392156862745,0.0980392156862745,
0.0980392156862745);
#2971=COLOUR_RGB('Aluminum - Satin',0.96078431372549,0.96078431372549,0.964705882352941);
#2972=COLOUR_RGB('Aluminum - Polished',0.96078431372549,0.96078431372549,
0.964705882352941);
#2973=COLOUR_RGB('Paek (Beige)',0.898039215686275,0.792156862745098,0.619607843137255);
#2974=COLOUR_RGB('Copper - Patina',0.929411764705882,0.807843137254902,
0.764705882352941);
#2975=COLOUR_RGB('Plastic - Matte (Yellow)',0.909803921568627,0.67843137254902,
0.137254901960784);
#2976=COLOUR_RGB('Plastic - Matte (Red)',0.768627450980392,0.207843137254902,
0.152941176470588);
#2977=COLOUR_RGB('Stainless Steel - Polished',0.796078431372549,0.796078431372549,
0.796078431372549);
#2978=COLOUR_RGB('Plastic - Matte (Green)',0.266666666666667,0.588235294117647,
0.282352941176471);
#2979=COLOUR_RGB('Plastic - Matte (Blue)',0.188235294117647,0.231372549019608,
0.588235294117647);
#2980=COLOUR_RGB('Opaque(64,64,64)',0.250980392156863,0.250980392156863,
0.250980392156863);
ENDSEC;
END-ISO-10303-21;
