ISO-10303-21;
HEADER;
/* Generated by software containing ST-Developer
 * from STEP Tools, Inc. (www.steptools.com) 
 */

FILE_DESCRIPTION(
/* description */ (''),
/* implementation_level */ '2;1');

FILE_NAME(
/* name */ 'Palm 2.step',
/* time_stamp */ '2026-01-04T20:51:25Z',
/* author */ (''),
/* organization */ (''),
/* preprocessor_version */ 'ST-DEVELOPER v20.1',
/* originating_system */ 'Autodesk Translation Framework v14.21.0.0',
/* authorisation */ '');

FILE_SCHEMA (('AUTOMOTIVE_DESIGN { 1 0 10303 214 3 1 1 }'));
ENDSEC;

DATA;
#10=MECHANICAL_DESIGN_GEOMETRIC_PRESENTATION_REPRESENTATION('',(#21),#2213);
#11=ITEM_DEFINED_TRANSFORMATION($,$,#1221,#1325);
#12=ITEM_DEFINED_TRANSFORMATION($,$,#1220,#1326);
#13=(
REPRESENTATION_RELATIONSHIP($,$,#2228,#2227)
REPRESENTATION_RELATIONSHIP_WITH_TRANSFORMATION(#11)
SHAPE_REPRESENTATION_RELATIONSHIP()
);
#14=(
REPRESENTATION_RELATIONSHIP($,$,#2227,#2226)
REPRESENTATION_RELATIONSHIP_WITH_TRANSFORMATION(#12)
SHAPE_REPRESENTATION_RELATIONSHIP()
);
#15=CONTEXT_DEPENDENT_SHAPE_REPRESENTATION(#13,#2224);
#16=CONTEXT_DEPENDENT_SHAPE_REPRESENTATION(#14,#2225);
#17=NEXT_ASSEMBLY_USAGE_OCCURRENCE('Palm:1','Palm:1','Palm:1',#2231,#2232,
'Palm:1');
#18=NEXT_ASSEMBLY_USAGE_OCCURRENCE('Arm:1','Arm:1','Arm:1',#2230,#2231,
'Arm:1');
#19=SHAPE_REPRESENTATION_RELATIONSHIP('SRR','None',#2228,#20);
#20=ADVANCED_BREP_SHAPE_REPRESENTATION('',(#22),#2212);
#21=STYLED_ITEM('',(#2246),#22);
#22=MANIFOLD_SOLID_BREP('Body2',#1206);
#23=(
BOUNDED_CURVE()
B_SPLINE_CURVE(5,(#2182,#2183,#2184,#2185,#2186,#2187,#2188,#2189,#2190,
#2191,#2192,#2193,#2194,#2195,#2196),.UNSPECIFIED.,.F.,.F.)
B_SPLINE_CURVE_WITH_KNOTS((6,1,1,1,1,1,1,1,1,1,6),(-1.,-0.9,-0.8,-0.7,-0.6,
-0.5,-0.4,-0.3,-0.2,-0.1,0.),.UNSPECIFIED.)
CURVE()
GEOMETRIC_REPRESENTATION_ITEM()
RATIONAL_B_SPLINE_CURVE((1.,1.,1.,1.,1.,1.,1.,1.,1.,1.,1.,1.,1.,1.,1.))
REPRESENTATION_ITEM('')
);
#24=(
BOUNDED_SURFACE()
B_SPLINE_SURFACE(5,1,((#2150,#2151),(#2152,#2153),(#2154,#2155),(#2156,
#2157),(#2158,#2159),(#2160,#2161),(#2162,#2163),(#2164,#2165),(#2166,#2167),
(#2168,#2169),(#2170,#2171),(#2172,#2173),(#2174,#2175),(#2176,#2177),(#2178,
#2179)),.UNSPECIFIED.,.F.,.F.,.F.)
B_SPLINE_SURFACE_WITH_KNOTS((6,1,1,1,1,1,1,1,1,1,6),(2,2),(-1.,-0.9,-0.8,
-0.7,-0.6,-0.5,-0.4,-0.3,-0.2,-0.1,0.),(0.,10.),.UNSPECIFIED.)
GEOMETRIC_REPRESENTATION_ITEM()
RATIONAL_B_SPLINE_SURFACE(((1.,1.),(1.,1.),(1.,1.),(1.,1.),(1.,1.),(1.,
1.),(1.,1.),(1.,1.),(1.,1.),(1.,1.),(1.,1.),(1.,1.),(1.,1.),(1.,1.),(1.,
1.)))
REPRESENTATION_ITEM('')
SURFACE()
);
#25=FACE_BOUND('',#217,.T.);
#26=FACE_BOUND('',#219,.T.);
#27=FACE_BOUND('',#227,.T.);
#28=FACE_BOUND('',#233,.T.);
#29=FACE_BOUND('',#234,.T.);
#30=FACE_BOUND('',#235,.T.);
#31=FACE_BOUND('',#236,.T.);
#32=FACE_BOUND('',#237,.T.);
#33=FACE_BOUND('',#238,.T.);
#34=FACE_BOUND('',#239,.T.);
#35=FACE_BOUND('',#240,.T.);
#36=FACE_BOUND('',#242,.T.);
#37=FACE_BOUND('',#243,.T.);
#38=FACE_BOUND('',#244,.T.);
#39=FACE_BOUND('',#245,.T.);
#40=FACE_BOUND('',#246,.T.);
#41=FACE_BOUND('',#248,.T.);
#42=FACE_BOUND('',#249,.T.);
#43=FACE_BOUND('',#252,.T.);
#44=FACE_BOUND('',#253,.T.);
#45=FACE_BOUND('',#274,.T.);
#46=FACE_BOUND('',#275,.T.);
#47=FACE_BOUND('',#276,.T.);
#48=FACE_BOUND('',#277,.T.);
#49=FACE_BOUND('',#278,.T.);
#50=FACE_BOUND('',#279,.T.);
#51=FACE_BOUND('',#280,.T.);
#52=FACE_BOUND('',#281,.T.);
#53=B_SPLINE_CURVE_WITH_KNOTS('',3,(#1763,#1764,#1765,#1766),
 .UNSPECIFIED.,.F.,.F.,(4,4),(0.,0.3),.UNSPECIFIED.);
#54=B_SPLINE_CURVE_WITH_KNOTS('',3,(#1768,#1769,#1770,#1771),
 .UNSPECIFIED.,.F.,.F.,(4,4),(-0.858252056170108,-0.792261859542652),
 .UNSPECIFIED.);
#55=B_SPLINE_CURVE_WITH_KNOTS('',3,(#1773,#1774,#1775,#1776),
 .UNSPECIFIED.,.F.,.F.,(4,4),(0.,0.3),.UNSPECIFIED.);
#56=B_SPLINE_CURVE_WITH_KNOTS('',3,(#1777,#1778,#1779,#1780),
 .UNSPECIFIED.,.F.,.F.,(4,4),(0.792261859547002,0.858252056170108),
 .UNSPECIFIED.);
#57=B_SPLINE_CURVE_WITH_KNOTS('',3,(#1784,#1785,#1786,#1787),
 .UNSPECIFIED.,.F.,.F.,(4,4),(-0.350000000000001,-0.0500000000000012),
 .UNSPECIFIED.);
#58=B_SPLINE_CURVE_WITH_KNOTS('',3,(#1793,#1794,#1795,#1796),
 .UNSPECIFIED.,.F.,.F.,(4,4),(-0.300000000000001,0.),.UNSPECIFIED.);
#59=B_SPLINE_CURVE_WITH_KNOTS('',3,(#1800,#1801,#1802,#1803),
 .UNSPECIFIED.,.F.,.F.,(4,4),(-0.6518737217396,-0.0525027424962469),
 .UNSPECIFIED.);
#60=B_SPLINE_CURVE_WITH_KNOTS('',3,(#1819,#1820,#1821,#1822),
 .UNSPECIFIED.,.F.,.F.,(4,4),(-0.989034866400212,-0.858252056169991),
 .UNSPECIFIED.);
#61=B_SPLINE_CURVE_WITH_KNOTS('',3,(#1824,#1825,#1826,#1827),
 .UNSPECIFIED.,.F.,.F.,(4,4),(-1.4,-1.0593854477795),.UNSPECIFIED.);
#62=B_SPLINE_CURVE_WITH_KNOTS('',3,(#1829,#1830,#1831,#1832),
 .UNSPECIFIED.,.F.,.F.,(4,4),(-2.36058930702249,-1.93558130929348),
 .UNSPECIFIED.);
#63=B_SPLINE_CURVE_WITH_KNOTS('',3,(#1834,#1835,#1836,#1837,#1838,#1839),
 .UNSPECIFIED.,.F.,.F.,(4,2,4),(-0.873593644694314,-0.630000000000001,-0.27161484967298),
 .UNSPECIFIED.);
#64=B_SPLINE_CURVE_WITH_KNOTS('',3,(#1841,#1842,#1843,#1844,#1845,#1846,
#1847),.UNSPECIFIED.,.F.,.F.,(4,3,4),(-0.237548478988424,-0.067772739940807,
0.),.UNSPECIFIED.);
#65=B_SPLINE_CURVE_WITH_KNOTS('',3,(#1849,#1850,#1851,#1852),
 .UNSPECIFIED.,.F.,.F.,(4,4),(-0.365823046587795,-0.14),.UNSPECIFIED.);
#66=B_SPLINE_CURVE_WITH_KNOTS('',3,(#1854,#1855,#1856,#1857,#1858,#1859,
#1860),.UNSPECIFIED.,.F.,.F.,(4,3,4),(0.00529739901089018,3.82550335696251,
8.25766112100699),.UNSPECIFIED.);
#67=B_SPLINE_CURVE_WITH_KNOTS('',3,(#1862,#1863,#1864,#1865,#1866,#1867),
 .UNSPECIFIED.,.F.,.F.,(4,2,4),(0.,0.700000000000001,1.26),
 .UNSPECIFIED.);
#68=B_SPLINE_CURVE_WITH_KNOTS('',3,(#1869,#1870,#1871,#1872),
 .UNSPECIFIED.,.F.,.F.,(4,4),(-0.215049594592849,-0.000654186973649383),
 .UNSPECIFIED.);
#69=B_SPLINE_CURVE_WITH_KNOTS('',3,(#1874,#1875,#1876,#1877),
 .UNSPECIFIED.,.F.,.F.,(4,4),(-0.35,-0.05),.UNSPECIFIED.);
#70=B_SPLINE_CURVE_WITH_KNOTS('',3,(#1879,#1880,#1881,#1882),
 .UNSPECIFIED.,.F.,.F.,(4,4),(-0.650963964390548,-0.0509209102175129),
 .UNSPECIFIED.);
#71=B_SPLINE_CURVE_WITH_KNOTS('',3,(#1884,#1885,#1886,#1887),
 .UNSPECIFIED.,.F.,.F.,(4,4),(-0.3,0.),.UNSPECIFIED.);
#72=B_SPLINE_CURVE_WITH_KNOTS('',3,(#1888,#1889,#1890,#1891,#1892,#1893,
#1894),.UNSPECIFIED.,.F.,.F.,(4,3,4),(-0.792261859551425,-0.458197975331576,
-0.287044884304094),.UNSPECIFIED.);
#73=B_SPLINE_CURVE_WITH_KNOTS('',3,(#1905,#1906,#1907,#1908),
 .UNSPECIFIED.,.F.,.F.,(4,4),(0.,0.3),.UNSPECIFIED.);
#74=B_SPLINE_CURVE_WITH_KNOTS('',3,(#1910,#1911,#1912,#1913),
 .UNSPECIFIED.,.F.,.F.,(4,4),(-0.287044884304141,-0.215049594627647),
 .UNSPECIFIED.);
#75=B_SPLINE_CURVE_WITH_KNOTS('',3,(#1915,#1916,#1917,#1918),
 .UNSPECIFIED.,.F.,.F.,(4,4),(0.,0.3),.UNSPECIFIED.);
#76=B_SPLINE_CURVE_WITH_KNOTS('',3,(#1919,#1920,#1921,#1922),
 .UNSPECIFIED.,.F.,.F.,(4,4),(0.215049594576641,0.287044884304142),
 .UNSPECIFIED.);
#77=B_SPLINE_CURVE_WITH_KNOTS('',3,(#1994,#1995,#1996,#1997,#1998,#1999,
#2000,#2001,#2002,#2003,#2004,#2005,#2006,#2007,#2008,#2009,#2010,#2011,
#2012,#2013,#2014,#2015,#2016,#2017,#2018,#2019,#2020,#2021,#2022,#2023,
#2024,#2025,#2026,#2027,#2028,#2029,#2030,#2031,#2032,#2033,#2034,#2035,
#2036,#2037,#2038,#2039,#2040,#2041,#2042,#2043,#2044,#2045,#2046,#2047,
#2048,#2049,#2050,#2051,#2052,#2053,#2054,#2055,#2056,#2057,#2058,#2059,
#2060),.UNSPECIFIED.,.F.,.F.,(4,3,3,3,3,3,3,3,3,3,3,3,3,3,3,3,3,3,3,3,3,
3,4),(-8.39249399758811,-8.03813518455176,-7.67998608622076,-7.31530487626321,
-6.93798532038292,-6.54253427277825,-6.08479264612211,-5.43337670583782,
-5.04038909753569,-4.70375980787385,-4.39706921671096,-4.09969753562306,
-3.79218091470796,-3.46844082741847,-3.11986875025308,-2.71816421451023,
-2.03862316088267,-1.60230841052805,-1.20173130789604,-0.836684854229957,
-0.479073965241382,-0.127271479880037,0.),.UNSPECIFIED.);
#78=B_SPLINE_SURFACE_WITH_KNOTS('',3,1,((#1753,#1754),(#1755,#1756),(#1757,
#1758),(#1759,#1760)),.UNSPECIFIED.,.F.,.F.,.F.,(4,4),(2,2),(-0.858252056170108,
-0.792261859542652),(1.1,1.4),.UNSPECIFIED.);
#79=B_SPLINE_SURFACE_WITH_KNOTS('',3,1,((#1804,#1805),(#1806,#1807),(#1808,
#1809),(#1810,#1811),(#1812,#1813),(#1814,#1815),(#1816,#1817)),
 .UNSPECIFIED.,.F.,.F.,.F.,(4,3,4),(2,2),(-1.,-0.458197975331576,0.),(0.,
1.4),.UNSPECIFIED.);
#80=B_SPLINE_SURFACE_WITH_KNOTS('',3,1,((#1895,#1896),(#1897,#1898),(#1899,
#1900),(#1901,#1902)),.UNSPECIFIED.,.F.,.F.,.F.,(4,4),(2,2),(-0.287044884304141,
-0.215049594490855),(1.1,1.4),.UNSPECIFIED.);
#81=ELLIPSE('',#1235,8.13137128227048,3.95);
#82=ELLIPSE('',#1236,8.13137128227048,3.95);
#83=PLANE('',#1225);
#84=PLANE('',#1229);
#85=PLANE('',#1230);
#86=PLANE('',#1231);
#87=PLANE('',#1232);
#88=PLANE('',#1233);
#89=PLANE('',#1234);
#90=PLANE('',#1237);
#91=PLANE('',#1238);
#92=PLANE('',#1239);
#93=PLANE('',#1240);
#94=PLANE('',#1241);
#95=PLANE('',#1245);
#96=PLANE('',#1249);
#97=PLANE('',#1250);
#98=PLANE('',#1251);
#99=PLANE('',#1252);
#100=PLANE('',#1253);
#101=PLANE('',#1254);
#102=PLANE('',#1255);
#103=PLANE('',#1256);
#104=PLANE('',#1259);
#105=PLANE('',#1264);
#106=PLANE('',#1273);
#107=PLANE('',#1274);
#108=PLANE('',#1275);
#109=PLANE('',#1276);
#110=PLANE('',#1277);
#111=PLANE('',#1278);
#112=PLANE('',#1279);
#113=PLANE('',#1288);
#114=PLANE('',#1289);
#115=PLANE('',#1292);
#116=PLANE('',#1293);
#117=PLANE('',#1298);
#118=PLANE('',#1301);
#119=PLANE('',#1320);
#120=PLANE('',#1321);
#121=PLANE('',#1322);
#122=PLANE('',#1323);
#123=PLANE('',#1324);
#124=FACE_OUTER_BOUND('',#189,.T.);
#125=FACE_OUTER_BOUND('',#190,.T.);
#126=FACE_OUTER_BOUND('',#191,.T.);
#127=FACE_OUTER_BOUND('',#192,.T.);
#128=FACE_OUTER_BOUND('',#193,.T.);
#129=FACE_OUTER_BOUND('',#194,.T.);
#130=FACE_OUTER_BOUND('',#195,.T.);
#131=FACE_OUTER_BOUND('',#196,.T.);
#132=FACE_OUTER_BOUND('',#197,.T.);
#133=FACE_OUTER_BOUND('',#198,.T.);
#134=FACE_OUTER_BOUND('',#199,.T.);
#135=FACE_OUTER_BOUND('',#200,.T.);
#136=FACE_OUTER_BOUND('',#201,.T.);
#137=FACE_OUTER_BOUND('',#202,.T.);
#138=FACE_OUTER_BOUND('',#203,.T.);
#139=FACE_OUTER_BOUND('',#204,.T.);
#140=FACE_OUTER_BOUND('',#205,.T.);
#141=FACE_OUTER_BOUND('',#206,.T.);
#142=FACE_OUTER_BOUND('',#207,.T.);
#143=FACE_OUTER_BOUND('',#208,.T.);
#144=FACE_OUTER_BOUND('',#209,.T.);
#145=FACE_OUTER_BOUND('',#210,.T.);
#146=FACE_OUTER_BOUND('',#211,.T.);
#147=FACE_OUTER_BOUND('',#212,.T.);
#148=FACE_OUTER_BOUND('',#213,.T.);
#149=FACE_OUTER_BOUND('',#214,.T.);
#150=FACE_OUTER_BOUND('',#215,.T.);
#151=FACE_OUTER_BOUND('',#216,.T.);
#152=FACE_OUTER_BOUND('',#218,.T.);
#153=FACE_OUTER_BOUND('',#220,.T.);
#154=FACE_OUTER_BOUND('',#221,.T.);
#155=FACE_OUTER_BOUND('',#222,.T.);
#156=FACE_OUTER_BOUND('',#223,.T.);
#157=FACE_OUTER_BOUND('',#224,.T.);
#158=FACE_OUTER_BOUND('',#225,.T.);
#159=FACE_OUTER_BOUND('',#226,.T.);
#160=FACE_OUTER_BOUND('',#228,.T.);
#161=FACE_OUTER_BOUND('',#229,.T.);
#162=FACE_OUTER_BOUND('',#230,.T.);
#163=FACE_OUTER_BOUND('',#231,.T.);
#164=FACE_OUTER_BOUND('',#232,.T.);
#165=FACE_OUTER_BOUND('',#241,.T.);
#166=FACE_OUTER_BOUND('',#247,.T.);
#167=FACE_OUTER_BOUND('',#250,.T.);
#168=FACE_OUTER_BOUND('',#251,.T.);
#169=FACE_OUTER_BOUND('',#254,.T.);
#170=FACE_OUTER_BOUND('',#255,.T.);
#171=FACE_OUTER_BOUND('',#256,.T.);
#172=FACE_OUTER_BOUND('',#257,.T.);
#173=FACE_OUTER_BOUND('',#258,.T.);
#174=FACE_OUTER_BOUND('',#259,.T.);
#175=FACE_OUTER_BOUND('',#260,.T.);
#176=FACE_OUTER_BOUND('',#261,.T.);
#177=FACE_OUTER_BOUND('',#262,.T.);
#178=FACE_OUTER_BOUND('',#263,.T.);
#179=FACE_OUTER_BOUND('',#264,.T.);
#180=FACE_OUTER_BOUND('',#265,.T.);
#181=FACE_OUTER_BOUND('',#266,.T.);
#182=FACE_OUTER_BOUND('',#267,.T.);
#183=FACE_OUTER_BOUND('',#268,.T.);
#184=FACE_OUTER_BOUND('',#269,.T.);
#185=FACE_OUTER_BOUND('',#270,.T.);
#186=FACE_OUTER_BOUND('',#271,.T.);
#187=FACE_OUTER_BOUND('',#272,.T.);
#188=FACE_OUTER_BOUND('',#273,.T.);
#189=EDGE_LOOP('',(#791,#792,#793,#794));
#190=EDGE_LOOP('',(#795));
#191=EDGE_LOOP('',(#796,#797,#798,#799));
#192=EDGE_LOOP('',(#800));
#193=EDGE_LOOP('',(#801,#802,#803,#804));
#194=EDGE_LOOP('',(#805,#806,#807,#808));
#195=EDGE_LOOP('',(#809,#810,#811,#812));
#196=EDGE_LOOP('',(#813,#814,#815,#816));
#197=EDGE_LOOP('',(#817,#818,#819,#820,#821,#822,#823,#824,#825,#826,#827,
#828,#829,#830,#831,#832));
#198=EDGE_LOOP('',(#833,#834,#835,#836));
#199=EDGE_LOOP('',(#837,#838,#839,#840));
#200=EDGE_LOOP('',(#841,#842,#843,#844));
#201=EDGE_LOOP('',(#845,#846,#847,#848));
#202=EDGE_LOOP('',(#849,#850,#851,#852,#853,#854,#855,#856));
#203=EDGE_LOOP('',(#857,#858,#859,#860));
#204=EDGE_LOOP('',(#861));
#205=EDGE_LOOP('',(#862,#863,#864,#865));
#206=EDGE_LOOP('',(#866));
#207=EDGE_LOOP('',(#867,#868,#869,#870));
#208=EDGE_LOOP('',(#871,#872,#873,#874));
#209=EDGE_LOOP('',(#875,#876,#877,#878));
#210=EDGE_LOOP('',(#879,#880,#881,#882));
#211=EDGE_LOOP('',(#883,#884,#885,#886,#887,#888,#889,#890,#891,#892,#893,
#894,#895,#896,#897,#898));
#212=EDGE_LOOP('',(#899,#900,#901,#902));
#213=EDGE_LOOP('',(#903,#904,#905,#906));
#214=EDGE_LOOP('',(#907,#908,#909,#910));
#215=EDGE_LOOP('',(#911,#912,#913,#914));
#216=EDGE_LOOP('',(#915));
#217=EDGE_LOOP('',(#916));
#218=EDGE_LOOP('',(#917,#918));
#219=EDGE_LOOP('',(#919));
#220=EDGE_LOOP('',(#920,#921,#922,#923));
#221=EDGE_LOOP('',(#924,#925));
#222=EDGE_LOOP('',(#926,#927,#928,#929));
#223=EDGE_LOOP('',(#930,#931,#932,#933));
#224=EDGE_LOOP('',(#934,#935,#936,#937));
#225=EDGE_LOOP('',(#938,#939));
#226=EDGE_LOOP('',(#940,#941,#942,#943,#944,#945));
#227=EDGE_LOOP('',(#946));
#228=EDGE_LOOP('',(#947,#948,#949,#950,#951,#952,#953,#954));
#229=EDGE_LOOP('',(#955,#956,#957,#958));
#230=EDGE_LOOP('',(#959,#960,#961,#962,#963,#964,#965,#966));
#231=EDGE_LOOP('',(#967,#968,#969,#970));
#232=EDGE_LOOP('',(#971,#972,#973,#974));
#233=EDGE_LOOP('',(#975));
#234=EDGE_LOOP('',(#976));
#235=EDGE_LOOP('',(#977));
#236=EDGE_LOOP('',(#978));
#237=EDGE_LOOP('',(#979));
#238=EDGE_LOOP('',(#980));
#239=EDGE_LOOP('',(#981));
#240=EDGE_LOOP('',(#982));
#241=EDGE_LOOP('',(#983,#984,#985,#986,#987,#988,#989,#990));
#242=EDGE_LOOP('',(#991));
#243=EDGE_LOOP('',(#992));
#244=EDGE_LOOP('',(#993));
#245=EDGE_LOOP('',(#994));
#246=EDGE_LOOP('',(#995,#996,#997,#998,#999,#1000,#1001,#1002,#1003,#1004,
#1005,#1006,#1007,#1008,#1009,#1010,#1011,#1012,#1013,#1014,#1015,#1016,
#1017,#1018));
#247=EDGE_LOOP('',(#1019,#1020,#1021,#1022));
#248=EDGE_LOOP('',(#1023));
#249=EDGE_LOOP('',(#1024));
#250=EDGE_LOOP('',(#1025,#1026,#1027,#1028));
#251=EDGE_LOOP('',(#1029,#1030,#1031,#1032));
#252=EDGE_LOOP('',(#1033));
#253=EDGE_LOOP('',(#1034));
#254=EDGE_LOOP('',(#1035,#1036,#1037,#1038));
#255=EDGE_LOOP('',(#1039));
#256=EDGE_LOOP('',(#1040,#1041,#1042,#1043));
#257=EDGE_LOOP('',(#1044));
#258=EDGE_LOOP('',(#1045,#1046,#1047,#1048));
#259=EDGE_LOOP('',(#1049,#1050,#1051,#1052));
#260=EDGE_LOOP('',(#1053,#1054,#1055,#1056));
#261=EDGE_LOOP('',(#1057,#1058,#1059,#1060));
#262=EDGE_LOOP('',(#1061,#1062,#1063,#1064));
#263=EDGE_LOOP('',(#1065,#1066,#1067,#1068));
#264=EDGE_LOOP('',(#1069,#1070,#1071,#1072));
#265=EDGE_LOOP('',(#1073,#1074,#1075,#1076));
#266=EDGE_LOOP('',(#1077,#1078,#1079,#1080));
#267=EDGE_LOOP('',(#1081,#1082,#1083,#1084));
#268=EDGE_LOOP('',(#1085,#1086,#1087,#1088));
#269=EDGE_LOOP('',(#1089,#1090,#1091,#1092));
#270=EDGE_LOOP('',(#1093,#1094,#1095,#1096));
#271=EDGE_LOOP('',(#1097,#1098,#1099,#1100));
#272=EDGE_LOOP('',(#1101,#1102,#1103,#1104,#1105,#1106,#1107,#1108));
#273=EDGE_LOOP('',(#1109,#1110,#1111,#1112));
#274=EDGE_LOOP('',(#1113));
#275=EDGE_LOOP('',(#1114));
#276=EDGE_LOOP('',(#1115));
#277=EDGE_LOOP('',(#1116));
#278=EDGE_LOOP('',(#1117));
#279=EDGE_LOOP('',(#1118));
#280=EDGE_LOOP('',(#1119));
#281=EDGE_LOOP('',(#1120));
#282=LINE('',#1647,#379);
#283=LINE('',#1654,#380);
#284=LINE('',#1660,#381);
#285=LINE('',#1662,#382);
#286=LINE('',#1664,#383);
#287=LINE('',#1665,#384);
#288=LINE('',#1669,#385);
#289=LINE('',#1670,#386);
#290=LINE('',#1671,#387);
#291=LINE('',#1674,#388);
#292=LINE('',#1675,#389);
#293=LINE('',#1678,#390);
#294=LINE('',#1679,#391);
#295=LINE('',#1682,#392);
#296=LINE('',#1684,#393);
#297=LINE('',#1686,#394);
#298=LINE('',#1688,#395);
#299=LINE('',#1690,#396);
#300=LINE('',#1692,#397);
#301=LINE('',#1694,#398);
#302=LINE('',#1696,#399);
#303=LINE('',#1700,#400);
#304=LINE('',#1704,#401);
#305=LINE('',#1705,#402);
#306=LINE('',#1709,#403);
#307=LINE('',#1711,#404);
#308=LINE('',#1713,#405);
#309=LINE('',#1714,#406);
#310=LINE('',#1718,#407);
#311=LINE('',#1719,#408);
#312=LINE('',#1720,#409);
#313=LINE('',#1723,#410);
#314=LINE('',#1724,#411);
#315=LINE('',#1727,#412);
#316=LINE('',#1728,#413);
#317=LINE('',#1731,#414);
#318=LINE('',#1733,#415);
#319=LINE('',#1735,#416);
#320=LINE('',#1737,#417);
#321=LINE('',#1738,#418);
#322=LINE('',#1743,#419);
#323=LINE('',#1750,#420);
#324=LINE('',#1788,#421);
#325=LINE('',#1789,#422);
#326=LINE('',#1797,#423);
#327=LINE('',#1798,#424);
#328=LINE('',#1924,#425);
#329=LINE('',#1925,#426);
#330=LINE('',#1927,#427);
#331=LINE('',#1928,#428);
#332=LINE('',#1941,#429);
#333=LINE('',#1954,#430);
#334=LINE('',#1955,#431);
#335=LINE('',#1957,#432);
#336=LINE('',#1958,#433);
#337=LINE('',#1961,#434);
#338=LINE('',#1963,#435);
#339=LINE('',#1964,#436);
#340=LINE('',#1967,#437);
#341=LINE('',#1968,#438);
#342=LINE('',#1971,#439);
#343=LINE('',#1972,#440);
#344=LINE('',#1974,#441);
#345=LINE('',#2062,#442);
#346=LINE('',#2064,#443);
#347=LINE('',#2066,#444);
#348=LINE('',#2068,#445);
#349=LINE('',#2070,#446);
#350=LINE('',#2072,#447);
#351=LINE('',#2073,#448);
#352=LINE('',#2076,#449);
#353=LINE('',#2078,#450);
#354=LINE('',#2079,#451);
#355=LINE('',#2086,#452);
#356=LINE('',#2087,#453);
#357=LINE('',#2090,#454);
#358=LINE('',#2091,#455);
#359=LINE('',#2098,#456);
#360=LINE('',#2103,#457);
#361=LINE('',#2107,#458);
#362=LINE('',#2109,#459);
#363=LINE('',#2113,#460);
#364=LINE('',#2117,#461);
#365=LINE('',#2121,#462);
#366=LINE('',#2125,#463);
#367=LINE('',#2129,#464);
#368=LINE('',#2133,#465);
#369=LINE('',#2137,#466);
#370=LINE('',#2141,#467);
#371=LINE('',#2144,#468);
#372=LINE('',#2146,#469);
#373=LINE('',#2147,#470);
#374=LINE('',#2149,#471);
#375=LINE('',#2181,#472);
#376=LINE('',#2199,#473);
#377=LINE('',#2200,#474);
#378=LINE('',#2202,#475);
#379=VECTOR('',#1337,2.60000000000001);
#380=VECTOR('',#1346,2.6);
#381=VECTOR('',#1353,10.);
#382=VECTOR('',#1354,10.);
#383=VECTOR('',#1355,10.);
#384=VECTOR('',#1356,10.);
#385=VECTOR('',#1359,10.);
#386=VECTOR('',#1360,10.);
#387=VECTOR('',#1361,10.);
#388=VECTOR('',#1364,10.);
#389=VECTOR('',#1365,10.);
#390=VECTOR('',#1368,10.);
#391=VECTOR('',#1369,10.);
#392=VECTOR('',#1372,10.);
#393=VECTOR('',#1373,10.);
#394=VECTOR('',#1374,10.);
#395=VECTOR('',#1375,10.);
#396=VECTOR('',#1376,10.);
#397=VECTOR('',#1377,10.);
#398=VECTOR('',#1378,10.);
#399=VECTOR('',#1379,10.);
#400=VECTOR('',#1382,10.);
#401=VECTOR('',#1385,10.);
#402=VECTOR('',#1386,10.);
#403=VECTOR('',#1389,10.);
#404=VECTOR('',#1390,10.);
#405=VECTOR('',#1391,10.);
#406=VECTOR('',#1392,10.);
#407=VECTOR('',#1395,10.);
#408=VECTOR('',#1396,10.);
#409=VECTOR('',#1397,10.);
#410=VECTOR('',#1400,10.);
#411=VECTOR('',#1401,10.);
#412=VECTOR('',#1404,10.);
#413=VECTOR('',#1405,10.);
#414=VECTOR('',#1408,10.);
#415=VECTOR('',#1409,10.);
#416=VECTOR('',#1410,10.);
#417=VECTOR('',#1411,10.);
#418=VECTOR('',#1412,10.);
#419=VECTOR('',#1417,2.6);
#420=VECTOR('',#1426,2.6);
#421=VECTOR('',#1433,10.);
#422=VECTOR('',#1434,10.);
#423=VECTOR('',#1437,10.);
#424=VECTOR('',#1438,10.);
#425=VECTOR('',#1443,10.);
#426=VECTOR('',#1444,10.);
#427=VECTOR('',#1447,10.);
#428=VECTOR('',#1448,10.);
#429=VECTOR('',#1465,2.);
#430=VECTOR('',#1490,10.);
#431=VECTOR('',#1491,10.);
#432=VECTOR('',#1494,10.);
#433=VECTOR('',#1495,10.);
#434=VECTOR('',#1498,10.);
#435=VECTOR('',#1499,10.);
#436=VECTOR('',#1500,10.);
#437=VECTOR('',#1503,10.);
#438=VECTOR('',#1504,10.);
#439=VECTOR('',#1507,10.);
#440=VECTOR('',#1508,10.);
#441=VECTOR('',#1511,10.);
#442=VECTOR('',#1530,10.);
#443=VECTOR('',#1531,10.);
#444=VECTOR('',#1532,10.);
#445=VECTOR('',#1533,10.);
#446=VECTOR('',#1534,10.);
#447=VECTOR('',#1535,10.);
#448=VECTOR('',#1536,10.);
#449=VECTOR('',#1539,10.);
#450=VECTOR('',#1540,10.);
#451=VECTOR('',#1541,10.);
#452=VECTOR('',#1548,10.);
#453=VECTOR('',#1549,10.);
#454=VECTOR('',#1552,10.);
#455=VECTOR('',#1553,10.);
#456=VECTOR('',#1560,2.55000000000001);
#457=VECTOR('',#1567,2.55);
#458=VECTOR('',#1574,2.);
#459=VECTOR('',#1577,2.);
#460=VECTOR('',#1582,1.99999999999999);
#461=VECTOR('',#1587,1.99999999999999);
#462=VECTOR('',#1592,1.99999999999999);
#463=VECTOR('',#1597,1.99999999999999);
#464=VECTOR('',#1602,2.);
#465=VECTOR('',#1607,1.99999999999999);
#466=VECTOR('',#1612,1.99999999999999);
#467=VECTOR('',#1617,2.);
#468=VECTOR('',#1620,10.);
#469=VECTOR('',#1621,10.);
#470=VECTOR('',#1622,10.);
#471=VECTOR('',#1625,10.);
#472=VECTOR('',#1626,10.);
#473=VECTOR('',#1629,10.);
#474=VECTOR('',#1630,10.);
#475=VECTOR('',#1633,10.);
#476=CIRCLE('',#1223,2.60000000000001);
#477=CIRCLE('',#1224,2.60000000000001);
#478=CIRCLE('',#1227,2.6);
#479=CIRCLE('',#1228,2.6);
#480=CIRCLE('',#1243,2.6);
#481=CIRCLE('',#1244,2.6);
#482=CIRCLE('',#1247,2.6);
#483=CIRCLE('',#1248,2.6);
#484=CIRCLE('',#1257,3.4);
#485=CIRCLE('',#1258,2.);
#486=CIRCLE('',#1260,3.4);
#487=CIRCLE('',#1261,2.);
#488=CIRCLE('',#1263,3.4);
#489=CIRCLE('',#1265,3.95);
#490=CIRCLE('',#1267,3.4);
#491=CIRCLE('',#1269,3.95);
#492=CIRCLE('',#1271,3.95000000000001);
#493=CIRCLE('',#1272,3.95000000000001);
#494=CIRCLE('',#1280,2.);
#495=CIRCLE('',#1281,1.99999999999999);
#496=CIRCLE('',#1282,1.99999999999999);
#497=CIRCLE('',#1283,1.99999999999999);
#498=CIRCLE('',#1284,1.99999999999999);
#499=CIRCLE('',#1285,1.99999999999999);
#500=CIRCLE('',#1286,2.);
#501=CIRCLE('',#1287,1.99999999999999);
#502=CIRCLE('',#1290,2.);
#503=CIRCLE('',#1291,2.);
#504=CIRCLE('',#1294,2.55);
#505=CIRCLE('',#1295,2.55000000000001);
#506=CIRCLE('',#1297,2.55000000000001);
#507=CIRCLE('',#1300,2.55);
#508=CIRCLE('',#1305,1.99999999999999);
#509=CIRCLE('',#1307,1.99999999999999);
#510=CIRCLE('',#1309,1.99999999999999);
#511=CIRCLE('',#1311,1.99999999999999);
#512=CIRCLE('',#1313,2.);
#513=CIRCLE('',#1315,1.99999999999999);
#514=CIRCLE('',#1317,1.99999999999999);
#515=CIRCLE('',#1319,2.);
#516=VERTEX_POINT('',#1644);
#517=VERTEX_POINT('',#1646);
#518=VERTEX_POINT('',#1651);
#519=VERTEX_POINT('',#1653);
#520=VERTEX_POINT('',#1658);
#521=VERTEX_POINT('',#1659);
#522=VERTEX_POINT('',#1661);
#523=VERTEX_POINT('',#1663);
#524=VERTEX_POINT('',#1667);
#525=VERTEX_POINT('',#1668);
#526=VERTEX_POINT('',#1673);
#527=VERTEX_POINT('',#1677);
#528=VERTEX_POINT('',#1681);
#529=VERTEX_POINT('',#1683);
#530=VERTEX_POINT('',#1685);
#531=VERTEX_POINT('',#1687);
#532=VERTEX_POINT('',#1689);
#533=VERTEX_POINT('',#1691);
#534=VERTEX_POINT('',#1693);
#535=VERTEX_POINT('',#1695);
#536=VERTEX_POINT('',#1697);
#537=VERTEX_POINT('',#1699);
#538=VERTEX_POINT('',#1701);
#539=VERTEX_POINT('',#1703);
#540=VERTEX_POINT('',#1707);
#541=VERTEX_POINT('',#1708);
#542=VERTEX_POINT('',#1710);
#543=VERTEX_POINT('',#1712);
#544=VERTEX_POINT('',#1716);
#545=VERTEX_POINT('',#1717);
#546=VERTEX_POINT('',#1722);
#547=VERTEX_POINT('',#1726);
#548=VERTEX_POINT('',#1730);
#549=VERTEX_POINT('',#1732);
#550=VERTEX_POINT('',#1734);
#551=VERTEX_POINT('',#1736);
#552=VERTEX_POINT('',#1740);
#553=VERTEX_POINT('',#1742);
#554=VERTEX_POINT('',#1747);
#555=VERTEX_POINT('',#1749);
#556=VERTEX_POINT('',#1761);
#557=VERTEX_POINT('',#1762);
#558=VERTEX_POINT('',#1767);
#559=VERTEX_POINT('',#1772);
#560=VERTEX_POINT('',#1782);
#561=VERTEX_POINT('',#1783);
#562=VERTEX_POINT('',#1791);
#563=VERTEX_POINT('',#1792);
#564=VERTEX_POINT('',#1818);
#565=VERTEX_POINT('',#1823);
#566=VERTEX_POINT('',#1828);
#567=VERTEX_POINT('',#1833);
#568=VERTEX_POINT('',#1840);
#569=VERTEX_POINT('',#1848);
#570=VERTEX_POINT('',#1853);
#571=VERTEX_POINT('',#1861);
#572=VERTEX_POINT('',#1868);
#573=VERTEX_POINT('',#1873);
#574=VERTEX_POINT('',#1878);
#575=VERTEX_POINT('',#1883);
#576=VERTEX_POINT('',#1903);
#577=VERTEX_POINT('',#1904);
#578=VERTEX_POINT('',#1909);
#579=VERTEX_POINT('',#1914);
#580=VERTEX_POINT('',#1931);
#581=VERTEX_POINT('',#1933);
#582=VERTEX_POINT('',#1937);
#583=VERTEX_POINT('',#1940);
#584=VERTEX_POINT('',#1960);
#585=VERTEX_POINT('',#1962);
#586=VERTEX_POINT('',#1966);
#587=VERTEX_POINT('',#1970);
#588=VERTEX_POINT('',#1975);
#589=VERTEX_POINT('',#1977);
#590=VERTEX_POINT('',#1979);
#591=VERTEX_POINT('',#1981);
#592=VERTEX_POINT('',#1983);
#593=VERTEX_POINT('',#1985);
#594=VERTEX_POINT('',#1987);
#595=VERTEX_POINT('',#1989);
#596=VERTEX_POINT('',#1992);
#597=VERTEX_POINT('',#1993);
#598=VERTEX_POINT('',#2061);
#599=VERTEX_POINT('',#2063);
#600=VERTEX_POINT('',#2065);
#601=VERTEX_POINT('',#2067);
#602=VERTEX_POINT('',#2069);
#603=VERTEX_POINT('',#2071);
#604=VERTEX_POINT('',#2075);
#605=VERTEX_POINT('',#2077);
#606=VERTEX_POINT('',#2080);
#607=VERTEX_POINT('',#2082);
#608=VERTEX_POINT('',#2085);
#609=VERTEX_POINT('',#2089);
#610=VERTEX_POINT('',#2092);
#611=VERTEX_POINT('',#2094);
#612=VERTEX_POINT('',#2097);
#613=VERTEX_POINT('',#2102);
#614=VERTEX_POINT('',#2111);
#615=VERTEX_POINT('',#2115);
#616=VERTEX_POINT('',#2119);
#617=VERTEX_POINT('',#2123);
#618=VERTEX_POINT('',#2127);
#619=VERTEX_POINT('',#2131);
#620=VERTEX_POINT('',#2135);
#621=VERTEX_POINT('',#2139);
#622=VERTEX_POINT('',#2143);
#623=VERTEX_POINT('',#2145);
#624=VERTEX_POINT('',#2180);
#625=VERTEX_POINT('',#2198);
#626=EDGE_CURVE('',#516,#516,#476,.T.);
#627=EDGE_CURVE('',#516,#517,#282,.T.);
#628=EDGE_CURVE('',#517,#517,#477,.T.);
#629=EDGE_CURVE('',#518,#518,#478,.T.);
#630=EDGE_CURVE('',#518,#519,#283,.T.);
#631=EDGE_CURVE('',#519,#519,#479,.T.);
#632=EDGE_CURVE('',#520,#521,#284,.T.);
#633=EDGE_CURVE('',#521,#522,#285,.T.);
#634=EDGE_CURVE('',#522,#523,#286,.T.);
#635=EDGE_CURVE('',#520,#523,#287,.T.);
#636=EDGE_CURVE('',#524,#525,#288,.T.);
#637=EDGE_CURVE('',#524,#521,#289,.T.);
#638=EDGE_CURVE('',#525,#520,#290,.T.);
#639=EDGE_CURVE('',#526,#524,#291,.T.);
#640=EDGE_CURVE('',#526,#522,#292,.T.);
#641=EDGE_CURVE('',#527,#526,#293,.T.);
#642=EDGE_CURVE('',#527,#523,#294,.T.);
#643=EDGE_CURVE('',#528,#525,#295,.T.);
#644=EDGE_CURVE('',#528,#529,#296,.T.);
#645=EDGE_CURVE('',#530,#529,#297,.T.);
#646=EDGE_CURVE('',#530,#531,#298,.T.);
#647=EDGE_CURVE('',#532,#531,#299,.T.);
#648=EDGE_CURVE('',#532,#533,#300,.T.);
#649=EDGE_CURVE('',#533,#534,#301,.F.);
#650=EDGE_CURVE('',#534,#535,#302,.T.);
#651=EDGE_CURVE('',#536,#535,#81,.T.);
#652=EDGE_CURVE('',#537,#536,#303,.T.);
#653=EDGE_CURVE('',#538,#537,#82,.T.);
#654=EDGE_CURVE('',#538,#539,#304,.T.);
#655=EDGE_CURVE('',#527,#539,#305,.T.);
#656=EDGE_CURVE('',#540,#541,#306,.T.);
#657=EDGE_CURVE('',#541,#542,#307,.T.);
#658=EDGE_CURVE('',#542,#543,#308,.T.);
#659=EDGE_CURVE('',#540,#543,#309,.T.);
#660=EDGE_CURVE('',#544,#545,#310,.T.);
#661=EDGE_CURVE('',#544,#541,#311,.T.);
#662=EDGE_CURVE('',#545,#540,#312,.T.);
#663=EDGE_CURVE('',#546,#544,#313,.T.);
#664=EDGE_CURVE('',#546,#542,#314,.T.);
#665=EDGE_CURVE('',#547,#546,#315,.T.);
#666=EDGE_CURVE('',#547,#543,#316,.T.);
#667=EDGE_CURVE('',#548,#545,#317,.T.);
#668=EDGE_CURVE('',#548,#549,#318,.F.);
#669=EDGE_CURVE('',#549,#550,#319,.F.);
#670=EDGE_CURVE('',#550,#551,#320,.F.);
#671=EDGE_CURVE('',#547,#551,#321,.T.);
#672=EDGE_CURVE('',#552,#552,#480,.T.);
#673=EDGE_CURVE('',#552,#553,#322,.T.);
#674=EDGE_CURVE('',#553,#553,#481,.T.);
#675=EDGE_CURVE('',#554,#554,#482,.T.);
#676=EDGE_CURVE('',#554,#555,#323,.T.);
#677=EDGE_CURVE('',#555,#555,#483,.T.);
#678=EDGE_CURVE('',#556,#557,#53,.T.);
#679=EDGE_CURVE('',#558,#556,#54,.T.);
#680=EDGE_CURVE('',#559,#558,#55,.T.);
#681=EDGE_CURVE('',#557,#559,#56,.T.);
#682=EDGE_CURVE('',#560,#561,#57,.T.);
#683=EDGE_CURVE('',#560,#556,#324,.T.);
#684=EDGE_CURVE('',#561,#557,#325,.T.);
#685=EDGE_CURVE('',#562,#563,#58,.T.);
#686=EDGE_CURVE('',#562,#559,#326,.T.);
#687=EDGE_CURVE('',#563,#558,#327,.T.);
#688=EDGE_CURVE('',#561,#562,#59,.T.);
#689=EDGE_CURVE('',#564,#563,#60,.T.);
#690=EDGE_CURVE('',#564,#565,#61,.T.);
#691=EDGE_CURVE('',#565,#566,#62,.T.);
#692=EDGE_CURVE('',#566,#567,#63,.T.);
#693=EDGE_CURVE('',#567,#568,#64,.T.);
#694=EDGE_CURVE('',#568,#569,#65,.T.);
#695=EDGE_CURVE('',#569,#570,#66,.F.);
#696=EDGE_CURVE('',#570,#571,#67,.F.);
#697=EDGE_CURVE('',#572,#571,#68,.T.);
#698=EDGE_CURVE('',#572,#573,#69,.T.);
#699=EDGE_CURVE('',#573,#574,#70,.T.);
#700=EDGE_CURVE('',#574,#575,#71,.T.);
#701=EDGE_CURVE('',#560,#575,#72,.T.);
#702=EDGE_CURVE('',#576,#577,#73,.T.);
#703=EDGE_CURVE('',#578,#576,#74,.T.);
#704=EDGE_CURVE('',#579,#578,#75,.T.);
#705=EDGE_CURVE('',#577,#579,#76,.T.);
#706=EDGE_CURVE('',#572,#576,#328,.T.);
#707=EDGE_CURVE('',#573,#577,#329,.T.);
#708=EDGE_CURVE('',#574,#579,#330,.T.);
#709=EDGE_CURVE('',#575,#578,#331,.T.);
#710=EDGE_CURVE('',#580,#580,#484,.T.);
#711=EDGE_CURVE('',#581,#581,#485,.T.);
#712=EDGE_CURVE('',#531,#530,#486,.T.);
#713=EDGE_CURVE('',#582,#582,#487,.T.);
#714=EDGE_CURVE('',#580,#583,#332,.T.);
#715=EDGE_CURVE('',#583,#583,#488,.T.);
#716=EDGE_CURVE('',#536,#537,#489,.T.);
#717=EDGE_CURVE('',#529,#532,#490,.T.);
#718=EDGE_CURVE('',#535,#538,#491,.F.);
#719=EDGE_CURVE('',#565,#568,#492,.F.);
#720=EDGE_CURVE('',#566,#567,#493,.T.);
#721=EDGE_CURVE('',#551,#528,#333,.T.);
#722=EDGE_CURVE('',#550,#533,#334,.F.);
#723=EDGE_CURVE('',#539,#564,#335,.T.);
#724=EDGE_CURVE('',#569,#534,#336,.F.);
#725=EDGE_CURVE('',#571,#584,#337,.T.);
#726=EDGE_CURVE('',#585,#570,#338,.F.);
#727=EDGE_CURVE('',#585,#584,#339,.F.);
#728=EDGE_CURVE('',#549,#586,#340,.F.);
#729=EDGE_CURVE('',#586,#585,#341,.T.);
#730=EDGE_CURVE('',#587,#548,#342,.T.);
#731=EDGE_CURVE('',#586,#587,#343,.T.);
#732=EDGE_CURVE('',#584,#587,#344,.T.);
#733=EDGE_CURVE('',#588,#588,#494,.T.);
#734=EDGE_CURVE('',#589,#589,#495,.T.);
#735=EDGE_CURVE('',#590,#590,#496,.T.);
#736=EDGE_CURVE('',#591,#591,#497,.T.);
#737=EDGE_CURVE('',#592,#592,#498,.T.);
#738=EDGE_CURVE('',#593,#593,#499,.T.);
#739=EDGE_CURVE('',#594,#594,#500,.T.);
#740=EDGE_CURVE('',#595,#595,#501,.T.);
#741=EDGE_CURVE('',#596,#597,#77,.T.);
#742=EDGE_CURVE('',#598,#596,#345,.T.);
#743=EDGE_CURVE('',#599,#598,#346,.T.);
#744=EDGE_CURVE('',#600,#599,#347,.T.);
#745=EDGE_CURVE('',#601,#600,#348,.T.);
#746=EDGE_CURVE('',#602,#601,#349,.T.);
#747=EDGE_CURVE('',#602,#603,#350,.T.);
#748=EDGE_CURVE('',#597,#603,#351,.T.);
#749=EDGE_CURVE('',#599,#604,#352,.T.);
#750=EDGE_CURVE('',#605,#604,#353,.T.);
#751=EDGE_CURVE('',#605,#600,#354,.T.);
#752=EDGE_CURVE('',#606,#606,#502,.T.);
#753=EDGE_CURVE('',#607,#607,#503,.T.);
#754=EDGE_CURVE('',#608,#598,#355,.T.);
#755=EDGE_CURVE('',#604,#608,#356,.T.);
#756=EDGE_CURVE('',#596,#609,#357,.T.);
#757=EDGE_CURVE('',#609,#608,#358,.T.);
#758=EDGE_CURVE('',#610,#610,#504,.T.);
#759=EDGE_CURVE('',#611,#611,#505,.T.);
#760=EDGE_CURVE('',#611,#612,#359,.T.);
#761=EDGE_CURVE('',#612,#612,#506,.T.);
#762=EDGE_CURVE('',#610,#613,#360,.T.);
#763=EDGE_CURVE('',#613,#613,#507,.T.);
#764=EDGE_CURVE('',#607,#582,#361,.T.);
#765=EDGE_CURVE('',#606,#581,#362,.T.);
#766=EDGE_CURVE('',#614,#614,#508,.T.);
#767=EDGE_CURVE('',#614,#589,#363,.T.);
#768=EDGE_CURVE('',#615,#615,#509,.T.);
#769=EDGE_CURVE('',#615,#591,#364,.T.);
#770=EDGE_CURVE('',#616,#616,#510,.T.);
#771=EDGE_CURVE('',#616,#593,#365,.T.);
#772=EDGE_CURVE('',#617,#617,#511,.T.);
#773=EDGE_CURVE('',#617,#595,#366,.T.);
#774=EDGE_CURVE('',#618,#618,#512,.T.);
#775=EDGE_CURVE('',#618,#588,#367,.T.);
#776=EDGE_CURVE('',#619,#619,#513,.T.);
#777=EDGE_CURVE('',#619,#590,#368,.T.);
#778=EDGE_CURVE('',#620,#620,#514,.T.);
#779=EDGE_CURVE('',#620,#592,#369,.T.);
#780=EDGE_CURVE('',#621,#621,#515,.T.);
#781=EDGE_CURVE('',#621,#594,#370,.T.);
#782=EDGE_CURVE('',#601,#622,#371,.T.);
#783=EDGE_CURVE('',#622,#623,#372,.T.);
#784=EDGE_CURVE('',#623,#602,#373,.T.);
#785=EDGE_CURVE('',#622,#605,#374,.T.);
#786=EDGE_CURVE('',#624,#597,#375,.T.);
#787=EDGE_CURVE('',#609,#624,#23,.T.);
#788=EDGE_CURVE('',#625,#603,#376,.T.);
#789=EDGE_CURVE('',#625,#624,#377,.T.);
#790=EDGE_CURVE('',#623,#625,#378,.T.);
#791=ORIENTED_EDGE('',*,*,#626,.F.);
#792=ORIENTED_EDGE('',*,*,#627,.T.);
#793=ORIENTED_EDGE('',*,*,#628,.T.);
#794=ORIENTED_EDGE('',*,*,#627,.F.);
#795=ORIENTED_EDGE('',*,*,#628,.F.);
#796=ORIENTED_EDGE('',*,*,#629,.F.);
#797=ORIENTED_EDGE('',*,*,#630,.T.);
#798=ORIENTED_EDGE('',*,*,#631,.T.);
#799=ORIENTED_EDGE('',*,*,#630,.F.);
#800=ORIENTED_EDGE('',*,*,#631,.F.);
#801=ORIENTED_EDGE('',*,*,#632,.T.);
#802=ORIENTED_EDGE('',*,*,#633,.T.);
#803=ORIENTED_EDGE('',*,*,#634,.T.);
#804=ORIENTED_EDGE('',*,*,#635,.F.);
#805=ORIENTED_EDGE('',*,*,#636,.F.);
#806=ORIENTED_EDGE('',*,*,#637,.T.);
#807=ORIENTED_EDGE('',*,*,#632,.F.);
#808=ORIENTED_EDGE('',*,*,#638,.F.);
#809=ORIENTED_EDGE('',*,*,#639,.F.);
#810=ORIENTED_EDGE('',*,*,#640,.T.);
#811=ORIENTED_EDGE('',*,*,#633,.F.);
#812=ORIENTED_EDGE('',*,*,#637,.F.);
#813=ORIENTED_EDGE('',*,*,#641,.F.);
#814=ORIENTED_EDGE('',*,*,#642,.T.);
#815=ORIENTED_EDGE('',*,*,#634,.F.);
#816=ORIENTED_EDGE('',*,*,#640,.F.);
#817=ORIENTED_EDGE('',*,*,#641,.T.);
#818=ORIENTED_EDGE('',*,*,#639,.T.);
#819=ORIENTED_EDGE('',*,*,#636,.T.);
#820=ORIENTED_EDGE('',*,*,#643,.F.);
#821=ORIENTED_EDGE('',*,*,#644,.T.);
#822=ORIENTED_EDGE('',*,*,#645,.F.);
#823=ORIENTED_EDGE('',*,*,#646,.T.);
#824=ORIENTED_EDGE('',*,*,#647,.F.);
#825=ORIENTED_EDGE('',*,*,#648,.T.);
#826=ORIENTED_EDGE('',*,*,#649,.T.);
#827=ORIENTED_EDGE('',*,*,#650,.T.);
#828=ORIENTED_EDGE('',*,*,#651,.F.);
#829=ORIENTED_EDGE('',*,*,#652,.F.);
#830=ORIENTED_EDGE('',*,*,#653,.F.);
#831=ORIENTED_EDGE('',*,*,#654,.T.);
#832=ORIENTED_EDGE('',*,*,#655,.F.);
#833=ORIENTED_EDGE('',*,*,#656,.T.);
#834=ORIENTED_EDGE('',*,*,#657,.T.);
#835=ORIENTED_EDGE('',*,*,#658,.T.);
#836=ORIENTED_EDGE('',*,*,#659,.F.);
#837=ORIENTED_EDGE('',*,*,#660,.F.);
#838=ORIENTED_EDGE('',*,*,#661,.T.);
#839=ORIENTED_EDGE('',*,*,#656,.F.);
#840=ORIENTED_EDGE('',*,*,#662,.F.);
#841=ORIENTED_EDGE('',*,*,#663,.F.);
#842=ORIENTED_EDGE('',*,*,#664,.T.);
#843=ORIENTED_EDGE('',*,*,#657,.F.);
#844=ORIENTED_EDGE('',*,*,#661,.F.);
#845=ORIENTED_EDGE('',*,*,#665,.F.);
#846=ORIENTED_EDGE('',*,*,#666,.T.);
#847=ORIENTED_EDGE('',*,*,#658,.F.);
#848=ORIENTED_EDGE('',*,*,#664,.F.);
#849=ORIENTED_EDGE('',*,*,#665,.T.);
#850=ORIENTED_EDGE('',*,*,#663,.T.);
#851=ORIENTED_EDGE('',*,*,#660,.T.);
#852=ORIENTED_EDGE('',*,*,#667,.F.);
#853=ORIENTED_EDGE('',*,*,#668,.T.);
#854=ORIENTED_EDGE('',*,*,#669,.T.);
#855=ORIENTED_EDGE('',*,*,#670,.T.);
#856=ORIENTED_EDGE('',*,*,#671,.F.);
#857=ORIENTED_EDGE('',*,*,#672,.F.);
#858=ORIENTED_EDGE('',*,*,#673,.T.);
#859=ORIENTED_EDGE('',*,*,#674,.T.);
#860=ORIENTED_EDGE('',*,*,#673,.F.);
#861=ORIENTED_EDGE('',*,*,#674,.F.);
#862=ORIENTED_EDGE('',*,*,#675,.F.);
#863=ORIENTED_EDGE('',*,*,#676,.T.);
#864=ORIENTED_EDGE('',*,*,#677,.T.);
#865=ORIENTED_EDGE('',*,*,#676,.F.);
#866=ORIENTED_EDGE('',*,*,#677,.F.);
#867=ORIENTED_EDGE('',*,*,#678,.F.);
#868=ORIENTED_EDGE('',*,*,#679,.F.);
#869=ORIENTED_EDGE('',*,*,#680,.F.);
#870=ORIENTED_EDGE('',*,*,#681,.F.);
#871=ORIENTED_EDGE('',*,*,#682,.F.);
#872=ORIENTED_EDGE('',*,*,#683,.T.);
#873=ORIENTED_EDGE('',*,*,#678,.T.);
#874=ORIENTED_EDGE('',*,*,#684,.F.);
#875=ORIENTED_EDGE('',*,*,#685,.F.);
#876=ORIENTED_EDGE('',*,*,#686,.T.);
#877=ORIENTED_EDGE('',*,*,#680,.T.);
#878=ORIENTED_EDGE('',*,*,#687,.F.);
#879=ORIENTED_EDGE('',*,*,#688,.F.);
#880=ORIENTED_EDGE('',*,*,#684,.T.);
#881=ORIENTED_EDGE('',*,*,#681,.T.);
#882=ORIENTED_EDGE('',*,*,#686,.F.);
#883=ORIENTED_EDGE('',*,*,#682,.T.);
#884=ORIENTED_EDGE('',*,*,#688,.T.);
#885=ORIENTED_EDGE('',*,*,#685,.T.);
#886=ORIENTED_EDGE('',*,*,#689,.F.);
#887=ORIENTED_EDGE('',*,*,#690,.T.);
#888=ORIENTED_EDGE('',*,*,#691,.T.);
#889=ORIENTED_EDGE('',*,*,#692,.T.);
#890=ORIENTED_EDGE('',*,*,#693,.T.);
#891=ORIENTED_EDGE('',*,*,#694,.T.);
#892=ORIENTED_EDGE('',*,*,#695,.T.);
#893=ORIENTED_EDGE('',*,*,#696,.T.);
#894=ORIENTED_EDGE('',*,*,#697,.F.);
#895=ORIENTED_EDGE('',*,*,#698,.T.);
#896=ORIENTED_EDGE('',*,*,#699,.T.);
#897=ORIENTED_EDGE('',*,*,#700,.T.);
#898=ORIENTED_EDGE('',*,*,#701,.F.);
#899=ORIENTED_EDGE('',*,*,#702,.F.);
#900=ORIENTED_EDGE('',*,*,#703,.F.);
#901=ORIENTED_EDGE('',*,*,#704,.F.);
#902=ORIENTED_EDGE('',*,*,#705,.F.);
#903=ORIENTED_EDGE('',*,*,#698,.F.);
#904=ORIENTED_EDGE('',*,*,#706,.T.);
#905=ORIENTED_EDGE('',*,*,#702,.T.);
#906=ORIENTED_EDGE('',*,*,#707,.F.);
#907=ORIENTED_EDGE('',*,*,#700,.F.);
#908=ORIENTED_EDGE('',*,*,#708,.T.);
#909=ORIENTED_EDGE('',*,*,#704,.T.);
#910=ORIENTED_EDGE('',*,*,#709,.F.);
#911=ORIENTED_EDGE('',*,*,#699,.F.);
#912=ORIENTED_EDGE('',*,*,#707,.T.);
#913=ORIENTED_EDGE('',*,*,#705,.T.);
#914=ORIENTED_EDGE('',*,*,#708,.F.);
#915=ORIENTED_EDGE('',*,*,#710,.F.);
#916=ORIENTED_EDGE('',*,*,#711,.F.);
#917=ORIENTED_EDGE('',*,*,#646,.F.);
#918=ORIENTED_EDGE('',*,*,#712,.F.);
#919=ORIENTED_EDGE('',*,*,#713,.F.);
#920=ORIENTED_EDGE('',*,*,#710,.T.);
#921=ORIENTED_EDGE('',*,*,#714,.T.);
#922=ORIENTED_EDGE('',*,*,#715,.T.);
#923=ORIENTED_EDGE('',*,*,#714,.F.);
#924=ORIENTED_EDGE('',*,*,#652,.T.);
#925=ORIENTED_EDGE('',*,*,#716,.T.);
#926=ORIENTED_EDGE('',*,*,#712,.T.);
#927=ORIENTED_EDGE('',*,*,#645,.T.);
#928=ORIENTED_EDGE('',*,*,#717,.T.);
#929=ORIENTED_EDGE('',*,*,#647,.T.);
#930=ORIENTED_EDGE('',*,*,#653,.T.);
#931=ORIENTED_EDGE('',*,*,#716,.F.);
#932=ORIENTED_EDGE('',*,*,#651,.T.);
#933=ORIENTED_EDGE('',*,*,#718,.T.);
#934=ORIENTED_EDGE('',*,*,#691,.F.);
#935=ORIENTED_EDGE('',*,*,#719,.T.);
#936=ORIENTED_EDGE('',*,*,#693,.F.);
#937=ORIENTED_EDGE('',*,*,#720,.F.);
#938=ORIENTED_EDGE('',*,*,#692,.F.);
#939=ORIENTED_EDGE('',*,*,#720,.T.);
#940=ORIENTED_EDGE('',*,*,#717,.F.);
#941=ORIENTED_EDGE('',*,*,#644,.F.);
#942=ORIENTED_EDGE('',*,*,#721,.F.);
#943=ORIENTED_EDGE('',*,*,#670,.F.);
#944=ORIENTED_EDGE('',*,*,#722,.T.);
#945=ORIENTED_EDGE('',*,*,#648,.F.);
#946=ORIENTED_EDGE('',*,*,#715,.F.);
#947=ORIENTED_EDGE('',*,*,#719,.F.);
#948=ORIENTED_EDGE('',*,*,#690,.F.);
#949=ORIENTED_EDGE('',*,*,#723,.F.);
#950=ORIENTED_EDGE('',*,*,#654,.F.);
#951=ORIENTED_EDGE('',*,*,#718,.F.);
#952=ORIENTED_EDGE('',*,*,#650,.F.);
#953=ORIENTED_EDGE('',*,*,#724,.F.);
#954=ORIENTED_EDGE('',*,*,#694,.F.);
#955=ORIENTED_EDGE('',*,*,#725,.F.);
#956=ORIENTED_EDGE('',*,*,#696,.F.);
#957=ORIENTED_EDGE('',*,*,#726,.F.);
#958=ORIENTED_EDGE('',*,*,#727,.T.);
#959=ORIENTED_EDGE('',*,*,#669,.F.);
#960=ORIENTED_EDGE('',*,*,#728,.T.);
#961=ORIENTED_EDGE('',*,*,#729,.T.);
#962=ORIENTED_EDGE('',*,*,#726,.T.);
#963=ORIENTED_EDGE('',*,*,#695,.F.);
#964=ORIENTED_EDGE('',*,*,#724,.T.);
#965=ORIENTED_EDGE('',*,*,#649,.F.);
#966=ORIENTED_EDGE('',*,*,#722,.F.);
#967=ORIENTED_EDGE('',*,*,#730,.F.);
#968=ORIENTED_EDGE('',*,*,#731,.F.);
#969=ORIENTED_EDGE('',*,*,#728,.F.);
#970=ORIENTED_EDGE('',*,*,#668,.F.);
#971=ORIENTED_EDGE('',*,*,#732,.F.);
#972=ORIENTED_EDGE('',*,*,#727,.F.);
#973=ORIENTED_EDGE('',*,*,#729,.F.);
#974=ORIENTED_EDGE('',*,*,#731,.T.);
#975=ORIENTED_EDGE('',*,*,#733,.F.);
#976=ORIENTED_EDGE('',*,*,#734,.F.);
#977=ORIENTED_EDGE('',*,*,#735,.F.);
#978=ORIENTED_EDGE('',*,*,#736,.F.);
#979=ORIENTED_EDGE('',*,*,#737,.F.);
#980=ORIENTED_EDGE('',*,*,#738,.F.);
#981=ORIENTED_EDGE('',*,*,#739,.F.);
#982=ORIENTED_EDGE('',*,*,#740,.F.);
#983=ORIENTED_EDGE('',*,*,#741,.F.);
#984=ORIENTED_EDGE('',*,*,#742,.F.);
#985=ORIENTED_EDGE('',*,*,#743,.F.);
#986=ORIENTED_EDGE('',*,*,#744,.F.);
#987=ORIENTED_EDGE('',*,*,#745,.F.);
#988=ORIENTED_EDGE('',*,*,#746,.F.);
#989=ORIENTED_EDGE('',*,*,#747,.T.);
#990=ORIENTED_EDGE('',*,*,#748,.F.);
#991=ORIENTED_EDGE('',*,*,#626,.T.);
#992=ORIENTED_EDGE('',*,*,#629,.T.);
#993=ORIENTED_EDGE('',*,*,#672,.T.);
#994=ORIENTED_EDGE('',*,*,#675,.T.);
#995=ORIENTED_EDGE('',*,*,#667,.T.);
#996=ORIENTED_EDGE('',*,*,#662,.T.);
#997=ORIENTED_EDGE('',*,*,#659,.T.);
#998=ORIENTED_EDGE('',*,*,#666,.F.);
#999=ORIENTED_EDGE('',*,*,#671,.T.);
#1000=ORIENTED_EDGE('',*,*,#721,.T.);
#1001=ORIENTED_EDGE('',*,*,#643,.T.);
#1002=ORIENTED_EDGE('',*,*,#638,.T.);
#1003=ORIENTED_EDGE('',*,*,#635,.T.);
#1004=ORIENTED_EDGE('',*,*,#642,.F.);
#1005=ORIENTED_EDGE('',*,*,#655,.T.);
#1006=ORIENTED_EDGE('',*,*,#723,.T.);
#1007=ORIENTED_EDGE('',*,*,#689,.T.);
#1008=ORIENTED_EDGE('',*,*,#687,.T.);
#1009=ORIENTED_EDGE('',*,*,#679,.T.);
#1010=ORIENTED_EDGE('',*,*,#683,.F.);
#1011=ORIENTED_EDGE('',*,*,#701,.T.);
#1012=ORIENTED_EDGE('',*,*,#709,.T.);
#1013=ORIENTED_EDGE('',*,*,#703,.T.);
#1014=ORIENTED_EDGE('',*,*,#706,.F.);
#1015=ORIENTED_EDGE('',*,*,#697,.T.);
#1016=ORIENTED_EDGE('',*,*,#725,.T.);
#1017=ORIENTED_EDGE('',*,*,#732,.T.);
#1018=ORIENTED_EDGE('',*,*,#730,.T.);
#1019=ORIENTED_EDGE('',*,*,#744,.T.);
#1020=ORIENTED_EDGE('',*,*,#749,.T.);
#1021=ORIENTED_EDGE('',*,*,#750,.F.);
#1022=ORIENTED_EDGE('',*,*,#751,.T.);
#1023=ORIENTED_EDGE('',*,*,#752,.T.);
#1024=ORIENTED_EDGE('',*,*,#753,.T.);
#1025=ORIENTED_EDGE('',*,*,#743,.T.);
#1026=ORIENTED_EDGE('',*,*,#754,.F.);
#1027=ORIENTED_EDGE('',*,*,#755,.F.);
#1028=ORIENTED_EDGE('',*,*,#749,.F.);
#1029=ORIENTED_EDGE('',*,*,#742,.T.);
#1030=ORIENTED_EDGE('',*,*,#756,.T.);
#1031=ORIENTED_EDGE('',*,*,#757,.T.);
#1032=ORIENTED_EDGE('',*,*,#754,.T.);
#1033=ORIENTED_EDGE('',*,*,#758,.T.);
#1034=ORIENTED_EDGE('',*,*,#759,.T.);
#1035=ORIENTED_EDGE('',*,*,#759,.F.);
#1036=ORIENTED_EDGE('',*,*,#760,.T.);
#1037=ORIENTED_EDGE('',*,*,#761,.T.);
#1038=ORIENTED_EDGE('',*,*,#760,.F.);
#1039=ORIENTED_EDGE('',*,*,#761,.F.);
#1040=ORIENTED_EDGE('',*,*,#758,.F.);
#1041=ORIENTED_EDGE('',*,*,#762,.T.);
#1042=ORIENTED_EDGE('',*,*,#763,.T.);
#1043=ORIENTED_EDGE('',*,*,#762,.F.);
#1044=ORIENTED_EDGE('',*,*,#763,.F.);
#1045=ORIENTED_EDGE('',*,*,#753,.F.);
#1046=ORIENTED_EDGE('',*,*,#764,.T.);
#1047=ORIENTED_EDGE('',*,*,#713,.T.);
#1048=ORIENTED_EDGE('',*,*,#764,.F.);
#1049=ORIENTED_EDGE('',*,*,#752,.F.);
#1050=ORIENTED_EDGE('',*,*,#765,.T.);
#1051=ORIENTED_EDGE('',*,*,#711,.T.);
#1052=ORIENTED_EDGE('',*,*,#765,.F.);
#1053=ORIENTED_EDGE('',*,*,#766,.F.);
#1054=ORIENTED_EDGE('',*,*,#767,.T.);
#1055=ORIENTED_EDGE('',*,*,#734,.T.);
#1056=ORIENTED_EDGE('',*,*,#767,.F.);
#1057=ORIENTED_EDGE('',*,*,#768,.F.);
#1058=ORIENTED_EDGE('',*,*,#769,.T.);
#1059=ORIENTED_EDGE('',*,*,#736,.T.);
#1060=ORIENTED_EDGE('',*,*,#769,.F.);
#1061=ORIENTED_EDGE('',*,*,#770,.F.);
#1062=ORIENTED_EDGE('',*,*,#771,.T.);
#1063=ORIENTED_EDGE('',*,*,#738,.T.);
#1064=ORIENTED_EDGE('',*,*,#771,.F.);
#1065=ORIENTED_EDGE('',*,*,#772,.F.);
#1066=ORIENTED_EDGE('',*,*,#773,.T.);
#1067=ORIENTED_EDGE('',*,*,#740,.T.);
#1068=ORIENTED_EDGE('',*,*,#773,.F.);
#1069=ORIENTED_EDGE('',*,*,#774,.F.);
#1070=ORIENTED_EDGE('',*,*,#775,.T.);
#1071=ORIENTED_EDGE('',*,*,#733,.T.);
#1072=ORIENTED_EDGE('',*,*,#775,.F.);
#1073=ORIENTED_EDGE('',*,*,#776,.F.);
#1074=ORIENTED_EDGE('',*,*,#777,.T.);
#1075=ORIENTED_EDGE('',*,*,#735,.T.);
#1076=ORIENTED_EDGE('',*,*,#777,.F.);
#1077=ORIENTED_EDGE('',*,*,#778,.F.);
#1078=ORIENTED_EDGE('',*,*,#779,.T.);
#1079=ORIENTED_EDGE('',*,*,#737,.T.);
#1080=ORIENTED_EDGE('',*,*,#779,.F.);
#1081=ORIENTED_EDGE('',*,*,#780,.F.);
#1082=ORIENTED_EDGE('',*,*,#781,.T.);
#1083=ORIENTED_EDGE('',*,*,#739,.T.);
#1084=ORIENTED_EDGE('',*,*,#781,.F.);
#1085=ORIENTED_EDGE('',*,*,#746,.T.);
#1086=ORIENTED_EDGE('',*,*,#782,.T.);
#1087=ORIENTED_EDGE('',*,*,#783,.T.);
#1088=ORIENTED_EDGE('',*,*,#784,.T.);
#1089=ORIENTED_EDGE('',*,*,#745,.T.);
#1090=ORIENTED_EDGE('',*,*,#751,.F.);
#1091=ORIENTED_EDGE('',*,*,#785,.F.);
#1092=ORIENTED_EDGE('',*,*,#782,.F.);
#1093=ORIENTED_EDGE('',*,*,#741,.T.);
#1094=ORIENTED_EDGE('',*,*,#786,.F.);
#1095=ORIENTED_EDGE('',*,*,#787,.F.);
#1096=ORIENTED_EDGE('',*,*,#756,.F.);
#1097=ORIENTED_EDGE('',*,*,#748,.T.);
#1098=ORIENTED_EDGE('',*,*,#788,.F.);
#1099=ORIENTED_EDGE('',*,*,#789,.T.);
#1100=ORIENTED_EDGE('',*,*,#786,.T.);
#1101=ORIENTED_EDGE('',*,*,#785,.T.);
#1102=ORIENTED_EDGE('',*,*,#750,.T.);
#1103=ORIENTED_EDGE('',*,*,#755,.T.);
#1104=ORIENTED_EDGE('',*,*,#757,.F.);
#1105=ORIENTED_EDGE('',*,*,#787,.T.);
#1106=ORIENTED_EDGE('',*,*,#789,.F.);
#1107=ORIENTED_EDGE('',*,*,#790,.F.);
#1108=ORIENTED_EDGE('',*,*,#783,.F.);
#1109=ORIENTED_EDGE('',*,*,#747,.F.);
#1110=ORIENTED_EDGE('',*,*,#784,.F.);
#1111=ORIENTED_EDGE('',*,*,#790,.T.);
#1112=ORIENTED_EDGE('',*,*,#788,.T.);
#1113=ORIENTED_EDGE('',*,*,#766,.T.);
#1114=ORIENTED_EDGE('',*,*,#768,.T.);
#1115=ORIENTED_EDGE('',*,*,#770,.T.);
#1116=ORIENTED_EDGE('',*,*,#772,.T.);
#1117=ORIENTED_EDGE('',*,*,#774,.T.);
#1118=ORIENTED_EDGE('',*,*,#776,.T.);
#1119=ORIENTED_EDGE('',*,*,#778,.T.);
#1120=ORIENTED_EDGE('',*,*,#780,.T.);
#1121=CYLINDRICAL_SURFACE('',#1222,2.60000000000001);
#1122=CYLINDRICAL_SURFACE('',#1226,2.6);
#1123=CYLINDRICAL_SURFACE('',#1242,2.6);
#1124=CYLINDRICAL_SURFACE('',#1246,2.6);
#1125=CYLINDRICAL_SURFACE('',#1262,3.4);
#1126=CYLINDRICAL_SURFACE('',#1266,3.4);
#1127=CYLINDRICAL_SURFACE('',#1268,3.95);
#1128=CYLINDRICAL_SURFACE('',#1270,3.95000000000001);
#1129=CYLINDRICAL_SURFACE('',#1296,2.55000000000001);
#1130=CYLINDRICAL_SURFACE('',#1299,2.55);
#1131=CYLINDRICAL_SURFACE('',#1302,2.);
#1132=CYLINDRICAL_SURFACE('',#1303,2.);
#1133=CYLINDRICAL_SURFACE('',#1304,1.99999999999999);
#1134=CYLINDRICAL_SURFACE('',#1306,1.99999999999999);
#1135=CYLINDRICAL_SURFACE('',#1308,1.99999999999999);
#1136=CYLINDRICAL_SURFACE('',#1310,1.99999999999999);
#1137=CYLINDRICAL_SURFACE('',#1312,2.);
#1138=CYLINDRICAL_SURFACE('',#1314,1.99999999999999);
#1139=CYLINDRICAL_SURFACE('',#1316,1.99999999999999);
#1140=CYLINDRICAL_SURFACE('',#1318,2.);
#1141=ADVANCED_FACE('',(#124),#1121,.F.);
#1142=ADVANCED_FACE('',(#125),#83,.T.);
#1143=ADVANCED_FACE('',(#126),#1122,.F.);
#1144=ADVANCED_FACE('',(#127),#84,.T.);
#1145=ADVANCED_FACE('',(#128),#85,.T.);
#1146=ADVANCED_FACE('',(#129),#86,.F.);
#1147=ADVANCED_FACE('',(#130),#87,.F.);
#1148=ADVANCED_FACE('',(#131),#88,.F.);
#1149=ADVANCED_FACE('',(#132),#89,.T.);
#1150=ADVANCED_FACE('',(#133),#90,.T.);
#1151=ADVANCED_FACE('',(#134),#91,.F.);
#1152=ADVANCED_FACE('',(#135),#92,.F.);
#1153=ADVANCED_FACE('',(#136),#93,.F.);
#1154=ADVANCED_FACE('',(#137),#94,.T.);
#1155=ADVANCED_FACE('',(#138),#1123,.F.);
#1156=ADVANCED_FACE('',(#139),#95,.T.);
#1157=ADVANCED_FACE('',(#140),#1124,.F.);
#1158=ADVANCED_FACE('',(#141),#96,.T.);
#1159=ADVANCED_FACE('',(#142),#78,.T.);
#1160=ADVANCED_FACE('',(#143),#97,.F.);
#1161=ADVANCED_FACE('',(#144),#98,.F.);
#1162=ADVANCED_FACE('',(#145),#99,.F.);
#1163=ADVANCED_FACE('',(#146),#79,.T.);
#1164=ADVANCED_FACE('',(#147),#80,.T.);
#1165=ADVANCED_FACE('',(#148),#100,.F.);
#1166=ADVANCED_FACE('',(#149),#101,.F.);
#1167=ADVANCED_FACE('',(#150),#102,.F.);
#1168=ADVANCED_FACE('',(#151,#25),#103,.F.);
#1169=ADVANCED_FACE('',(#152,#26),#104,.F.);
#1170=ADVANCED_FACE('',(#153),#1125,.T.);
#1171=ADVANCED_FACE('',(#154),#105,.F.);
#1172=ADVANCED_FACE('',(#155),#1126,.T.);
#1173=ADVANCED_FACE('',(#156),#1127,.T.);
#1174=ADVANCED_FACE('',(#157),#1128,.T.);
#1175=ADVANCED_FACE('',(#158),#106,.F.);
#1176=ADVANCED_FACE('',(#159,#27),#107,.T.);
#1177=ADVANCED_FACE('',(#160),#108,.F.);
#1178=ADVANCED_FACE('',(#161),#109,.F.);
#1179=ADVANCED_FACE('',(#162),#110,.T.);
#1180=ADVANCED_FACE('',(#163),#111,.F.);
#1181=ADVANCED_FACE('',(#164,#28,#29,#30,#31,#32,#33,#34,#35),#112,.F.);
#1182=ADVANCED_FACE('',(#165,#36,#37,#38,#39,#40),#113,.F.);
#1183=ADVANCED_FACE('',(#166,#41,#42),#114,.F.);
#1184=ADVANCED_FACE('',(#167),#115,.F.);
#1185=ADVANCED_FACE('',(#168,#43,#44),#116,.T.);
#1186=ADVANCED_FACE('',(#169),#1129,.F.);
#1187=ADVANCED_FACE('',(#170),#117,.T.);
#1188=ADVANCED_FACE('',(#171),#1130,.F.);
#1189=ADVANCED_FACE('',(#172),#118,.T.);
#1190=ADVANCED_FACE('',(#173),#1131,.F.);
#1191=ADVANCED_FACE('',(#174),#1132,.F.);
#1192=ADVANCED_FACE('',(#175),#1133,.F.);
#1193=ADVANCED_FACE('',(#176),#1134,.F.);
#1194=ADVANCED_FACE('',(#177),#1135,.F.);
#1195=ADVANCED_FACE('',(#178),#1136,.F.);
#1196=ADVANCED_FACE('',(#179),#1137,.F.);
#1197=ADVANCED_FACE('',(#180),#1138,.F.);
#1198=ADVANCED_FACE('',(#181),#1139,.F.);
#1199=ADVANCED_FACE('',(#182),#1140,.F.);
#1200=ADVANCED_FACE('',(#183),#119,.T.);
#1201=ADVANCED_FACE('',(#184),#120,.F.);
#1202=ADVANCED_FACE('',(#185),#24,.F.);
#1203=ADVANCED_FACE('',(#186),#121,.T.);
#1204=ADVANCED_FACE('',(#187),#122,.F.);
#1205=ADVANCED_FACE('',(#188,#45,#46,#47,#48,#49,#50,#51,#52),#123,.T.);
#1206=CLOSED_SHELL('',(#1141,#1142,#1143,#1144,#1145,#1146,#1147,#1148,
#1149,#1150,#1151,#1152,#1153,#1154,#1155,#1156,#1157,#1158,#1159,#1160,
#1161,#1162,#1163,#1164,#1165,#1166,#1167,#1168,#1169,#1170,#1171,#1172,
#1173,#1174,#1175,#1176,#1177,#1178,#1179,#1180,#1181,#1182,#1183,#1184,
#1185,#1186,#1187,#1188,#1189,#1190,#1191,#1192,#1193,#1194,#1195,#1196,
#1197,#1198,#1199,#1200,#1201,#1202,#1203,#1204,#1205));
#1207=DERIVED_UNIT_ELEMENT(#1209,1.);
#1208=DERIVED_UNIT_ELEMENT(#2215,-3.);
#1209=(
MASS_UNIT()
NAMED_UNIT(*)
SI_UNIT(.KILO.,.GRAM.)
);
#1210=DERIVED_UNIT((#1207,#1208));
#1211=MEASURE_REPRESENTATION_ITEM('density measure',
POSITIVE_RATIO_MEASURE(7850.),#1210);
#1212=PROPERTY_DEFINITION_REPRESENTATION(#1217,#1214);
#1213=PROPERTY_DEFINITION_REPRESENTATION(#1218,#1215);
#1214=REPRESENTATION('material name',(#1216),#2212);
#1215=REPRESENTATION('density',(#1211),#2212);
#1216=DESCRIPTIVE_REPRESENTATION_ITEM('Steel','Steel');
#1217=PROPERTY_DEFINITION('material property','material name',#2232);
#1218=PROPERTY_DEFINITION('material property','density of part',#2232);
#1219=AXIS2_PLACEMENT_3D('',#1640,#1327,#1328);
#1220=AXIS2_PLACEMENT_3D('',#1641,#1329,#1330);
#1221=AXIS2_PLACEMENT_3D('',#1642,#1331,#1332);
#1222=AXIS2_PLACEMENT_3D('',#1643,#1333,#1334);
#1223=AXIS2_PLACEMENT_3D('',#1645,#1335,#1336);
#1224=AXIS2_PLACEMENT_3D('',#1648,#1338,#1339);
#1225=AXIS2_PLACEMENT_3D('',#1649,#1340,#1341);
#1226=AXIS2_PLACEMENT_3D('',#1650,#1342,#1343);
#1227=AXIS2_PLACEMENT_3D('',#1652,#1344,#1345);
#1228=AXIS2_PLACEMENT_3D('',#1655,#1347,#1348);
#1229=AXIS2_PLACEMENT_3D('',#1656,#1349,#1350);
#1230=AXIS2_PLACEMENT_3D('',#1657,#1351,#1352);
#1231=AXIS2_PLACEMENT_3D('',#1666,#1357,#1358);
#1232=AXIS2_PLACEMENT_3D('',#1672,#1362,#1363);
#1233=AXIS2_PLACEMENT_3D('',#1676,#1366,#1367);
#1234=AXIS2_PLACEMENT_3D('',#1680,#1370,#1371);
#1235=AXIS2_PLACEMENT_3D('',#1698,#1380,#1381);
#1236=AXIS2_PLACEMENT_3D('',#1702,#1383,#1384);
#1237=AXIS2_PLACEMENT_3D('',#1706,#1387,#1388);
#1238=AXIS2_PLACEMENT_3D('',#1715,#1393,#1394);
#1239=AXIS2_PLACEMENT_3D('',#1721,#1398,#1399);
#1240=AXIS2_PLACEMENT_3D('',#1725,#1402,#1403);
#1241=AXIS2_PLACEMENT_3D('',#1729,#1406,#1407);
#1242=AXIS2_PLACEMENT_3D('',#1739,#1413,#1414);
#1243=AXIS2_PLACEMENT_3D('',#1741,#1415,#1416);
#1244=AXIS2_PLACEMENT_3D('',#1744,#1418,#1419);
#1245=AXIS2_PLACEMENT_3D('',#1745,#1420,#1421);
#1246=AXIS2_PLACEMENT_3D('',#1746,#1422,#1423);
#1247=AXIS2_PLACEMENT_3D('',#1748,#1424,#1425);
#1248=AXIS2_PLACEMENT_3D('',#1751,#1427,#1428);
#1249=AXIS2_PLACEMENT_3D('',#1752,#1429,#1430);
#1250=AXIS2_PLACEMENT_3D('',#1781,#1431,#1432);
#1251=AXIS2_PLACEMENT_3D('',#1790,#1435,#1436);
#1252=AXIS2_PLACEMENT_3D('',#1799,#1439,#1440);
#1253=AXIS2_PLACEMENT_3D('',#1923,#1441,#1442);
#1254=AXIS2_PLACEMENT_3D('',#1926,#1445,#1446);
#1255=AXIS2_PLACEMENT_3D('',#1929,#1449,#1450);
#1256=AXIS2_PLACEMENT_3D('',#1930,#1451,#1452);
#1257=AXIS2_PLACEMENT_3D('',#1932,#1453,#1454);
#1258=AXIS2_PLACEMENT_3D('',#1934,#1455,#1456);
#1259=AXIS2_PLACEMENT_3D('',#1935,#1457,#1458);
#1260=AXIS2_PLACEMENT_3D('',#1936,#1459,#1460);
#1261=AXIS2_PLACEMENT_3D('',#1938,#1461,#1462);
#1262=AXIS2_PLACEMENT_3D('',#1939,#1463,#1464);
#1263=AXIS2_PLACEMENT_3D('',#1942,#1466,#1467);
#1264=AXIS2_PLACEMENT_3D('',#1943,#1468,#1469);
#1265=AXIS2_PLACEMENT_3D('',#1944,#1470,#1471);
#1266=AXIS2_PLACEMENT_3D('',#1945,#1472,#1473);
#1267=AXIS2_PLACEMENT_3D('',#1946,#1474,#1475);
#1268=AXIS2_PLACEMENT_3D('',#1947,#1476,#1477);
#1269=AXIS2_PLACEMENT_3D('',#1948,#1478,#1479);
#1270=AXIS2_PLACEMENT_3D('',#1949,#1480,#1481);
#1271=AXIS2_PLACEMENT_3D('',#1950,#1482,#1483);
#1272=AXIS2_PLACEMENT_3D('',#1951,#1484,#1485);
#1273=AXIS2_PLACEMENT_3D('',#1952,#1486,#1487);
#1274=AXIS2_PLACEMENT_3D('',#1953,#1488,#1489);
#1275=AXIS2_PLACEMENT_3D('',#1956,#1492,#1493);
#1276=AXIS2_PLACEMENT_3D('',#1959,#1496,#1497);
#1277=AXIS2_PLACEMENT_3D('',#1965,#1501,#1502);
#1278=AXIS2_PLACEMENT_3D('',#1969,#1505,#1506);
#1279=AXIS2_PLACEMENT_3D('',#1973,#1509,#1510);
#1280=AXIS2_PLACEMENT_3D('',#1976,#1512,#1513);
#1281=AXIS2_PLACEMENT_3D('',#1978,#1514,#1515);
#1282=AXIS2_PLACEMENT_3D('',#1980,#1516,#1517);
#1283=AXIS2_PLACEMENT_3D('',#1982,#1518,#1519);
#1284=AXIS2_PLACEMENT_3D('',#1984,#1520,#1521);
#1285=AXIS2_PLACEMENT_3D('',#1986,#1522,#1523);
#1286=AXIS2_PLACEMENT_3D('',#1988,#1524,#1525);
#1287=AXIS2_PLACEMENT_3D('',#1990,#1526,#1527);
#1288=AXIS2_PLACEMENT_3D('',#1991,#1528,#1529);
#1289=AXIS2_PLACEMENT_3D('',#2074,#1537,#1538);
#1290=AXIS2_PLACEMENT_3D('',#2081,#1542,#1543);
#1291=AXIS2_PLACEMENT_3D('',#2083,#1544,#1545);
#1292=AXIS2_PLACEMENT_3D('',#2084,#1546,#1547);
#1293=AXIS2_PLACEMENT_3D('',#2088,#1550,#1551);
#1294=AXIS2_PLACEMENT_3D('',#2093,#1554,#1555);
#1295=AXIS2_PLACEMENT_3D('',#2095,#1556,#1557);
#1296=AXIS2_PLACEMENT_3D('',#2096,#1558,#1559);
#1297=AXIS2_PLACEMENT_3D('',#2099,#1561,#1562);
#1298=AXIS2_PLACEMENT_3D('',#2100,#1563,#1564);
#1299=AXIS2_PLACEMENT_3D('',#2101,#1565,#1566);
#1300=AXIS2_PLACEMENT_3D('',#2104,#1568,#1569);
#1301=AXIS2_PLACEMENT_3D('',#2105,#1570,#1571);
#1302=AXIS2_PLACEMENT_3D('',#2106,#1572,#1573);
#1303=AXIS2_PLACEMENT_3D('',#2108,#1575,#1576);
#1304=AXIS2_PLACEMENT_3D('',#2110,#1578,#1579);
#1305=AXIS2_PLACEMENT_3D('',#2112,#1580,#1581);
#1306=AXIS2_PLACEMENT_3D('',#2114,#1583,#1584);
#1307=AXIS2_PLACEMENT_3D('',#2116,#1585,#1586);
#1308=AXIS2_PLACEMENT_3D('',#2118,#1588,#1589);
#1309=AXIS2_PLACEMENT_3D('',#2120,#1590,#1591);
#1310=AXIS2_PLACEMENT_3D('',#2122,#1593,#1594);
#1311=AXIS2_PLACEMENT_3D('',#2124,#1595,#1596);
#1312=AXIS2_PLACEMENT_3D('',#2126,#1598,#1599);
#1313=AXIS2_PLACEMENT_3D('',#2128,#1600,#1601);
#1314=AXIS2_PLACEMENT_3D('',#2130,#1603,#1604);
#1315=AXIS2_PLACEMENT_3D('',#2132,#1605,#1606);
#1316=AXIS2_PLACEMENT_3D('',#2134,#1608,#1609);
#1317=AXIS2_PLACEMENT_3D('',#2136,#1610,#1611);
#1318=AXIS2_PLACEMENT_3D('',#2138,#1613,#1614);
#1319=AXIS2_PLACEMENT_3D('',#2140,#1615,#1616);
#1320=AXIS2_PLACEMENT_3D('',#2142,#1618,#1619);
#1321=AXIS2_PLACEMENT_3D('',#2148,#1623,#1624);
#1322=AXIS2_PLACEMENT_3D('',#2197,#1627,#1628);
#1323=AXIS2_PLACEMENT_3D('',#2201,#1631,#1632);
#1324=AXIS2_PLACEMENT_3D('',#2203,#1634,#1635);
#1325=AXIS2_PLACEMENT_3D('',#2204,#1636,#1637);
#1326=AXIS2_PLACEMENT_3D('',#2205,#1638,#1639);
#1327=DIRECTION('axis',(0.,0.,1.));
#1328=DIRECTION('refdir',(1.,0.,0.));
#1329=DIRECTION('axis',(0.,0.,1.));
#1330=DIRECTION('refdir',(1.,0.,0.));
#1331=DIRECTION('axis',(0.,0.,1.));
#1332=DIRECTION('refdir',(1.,0.,0.));
#1333=DIRECTION('center_axis',(0.,1.,0.));
#1334=DIRECTION('ref_axis',(1.,0.,0.));
#1335=DIRECTION('center_axis',(0.,1.,0.));
#1336=DIRECTION('ref_axis',(1.,0.,0.));
#1337=DIRECTION('',(0.,1.,0.));
#1338=DIRECTION('center_axis',(0.,1.,0.));
#1339=DIRECTION('ref_axis',(1.,0.,0.));
#1340=DIRECTION('center_axis',(0.,-1.,0.));
#1341=DIRECTION('ref_axis',(1.,0.,0.));
#1342=DIRECTION('center_axis',(0.,1.,0.));
#1343=DIRECTION('ref_axis',(1.,0.,0.));
#1344=DIRECTION('center_axis',(0.,1.,0.));
#1345=DIRECTION('ref_axis',(1.,0.,0.));
#1346=DIRECTION('',(0.,1.,0.));
#1347=DIRECTION('center_axis',(0.,1.,0.));
#1348=DIRECTION('ref_axis',(1.,0.,0.));
#1349=DIRECTION('center_axis',(0.,-1.,0.));
#1350=DIRECTION('ref_axis',(1.,0.,0.));
#1351=DIRECTION('center_axis',(-0.874085045505663,1.07044545316108E-16,
0.485772923518143));
#1352=DIRECTION('ref_axis',(-0.485772923518143,5.94900255898946E-17,-0.874085045505663));
#1353=DIRECTION('',(1.07044545316108E-16,1.,-2.77465218825465E-17));
#1354=DIRECTION('',(-0.485772923518143,2.77465218825465E-17,-0.874085045505663));
#1355=DIRECTION('',(-1.07044545316108E-16,-1.,2.77465218825465E-17));
#1356=DIRECTION('',(-0.485772923518143,0.,-0.874085045505663));
#1357=DIRECTION('center_axis',(-0.485772923518143,2.77465218825465E-17,
-0.874085045505663));
#1358=DIRECTION('ref_axis',(-0.874085045505663,0.,0.485772923518143));
#1359=DIRECTION('',(-1.07044545316108E-16,-1.,2.77465218825465E-17));
#1360=DIRECTION('',(-0.874085045505663,1.07044545316108E-16,0.485772923518143));
#1361=DIRECTION('',(-0.874085045505663,1.07044545316108E-16,0.485772923518143));
#1362=DIRECTION('center_axis',(-1.07044545316108E-16,-1.,2.77465218825465E-17));
#1363=DIRECTION('ref_axis',(0.,-2.77465218825465E-17,-1.));
#1364=DIRECTION('',(0.485772923518143,-2.77465218825465E-17,0.874085045505663));
#1365=DIRECTION('',(-0.874085045505663,1.07044545316108E-16,0.485772923518143));
#1366=DIRECTION('center_axis',(0.485772923518143,-2.77465218825465E-17,
0.874085045505663));
#1367=DIRECTION('ref_axis',(0.874085045505663,0.,-0.485772923518143));
#1368=DIRECTION('',(1.07044545316108E-16,1.,-2.77465218825465E-17));
#1369=DIRECTION('',(-0.874085045505663,1.07044545316108E-16,0.485772923518143));
#1370=DIRECTION('center_axis',(-0.874085045505663,1.07044545316108E-16,
0.485772923518143));
#1371=DIRECTION('ref_axis',(-0.485772923518143,5.94900255898946E-17,-0.874085045505663));
#1372=DIRECTION('',(-0.485772923518143,0.,-0.874085045505663));
#1373=DIRECTION('',(1.22464679914735E-16,1.,6.16297582203915E-33));
#1374=DIRECTION('',(0.485772923518143,0.,0.874085045505663));
#1375=DIRECTION('',(9.35660362637631E-17,1.,-5.1999341724876E-17));
#1376=DIRECTION('',(-0.485772923518143,0.,-0.874085045505663));
#1377=DIRECTION('',(1.22464679914735E-16,1.,6.16297582203915E-33));
#1378=DIRECTION('',(0.485772923518143,-5.94900255898946E-17,0.874085045505663));
#1379=DIRECTION('',(-1.22464679914735E-16,-1.,0.));
#1380=DIRECTION('center_axis',(-0.874085045505663,1.07044545316108E-16,
0.485772923518143));
#1381=DIRECTION('ref_axis',(0.485772923518143,0.,0.874085045505663));
#1382=DIRECTION('',(1.22464679914735E-16,1.,0.));
#1383=DIRECTION('center_axis',(-0.874085045505663,1.07044545316108E-16,
0.485772923518143));
#1384=DIRECTION('ref_axis',(0.485772923518143,0.,0.874085045505663));
#1385=DIRECTION('',(-1.22464679914735E-16,-1.,0.));
#1386=DIRECTION('',(-0.485772923518143,0.,-0.874085045505663));
#1387=DIRECTION('center_axis',(-0.9321350486954,1.14153620375788E-16,0.36211082694891));
#1388=DIRECTION('ref_axis',(-0.36211082694891,4.43457865159584E-17,-0.9321350486954));
#1389=DIRECTION('',(1.14153620375788E-16,1.,-2.13940852123144E-17));
#1390=DIRECTION('',(-0.36211082694891,2.13940852123144E-17,-0.932135048695401));
#1391=DIRECTION('',(-1.14153620375788E-16,-1.,2.13940852123144E-17));
#1392=DIRECTION('',(-0.36211082694891,0.,-0.932135048695401));
#1393=DIRECTION('center_axis',(-0.36211082694891,2.13940852123145E-17,-0.9321350486954));
#1394=DIRECTION('ref_axis',(-0.9321350486954,0.,0.36211082694891));
#1395=DIRECTION('',(-1.14153620375788E-16,-1.,2.13940852123144E-17));
#1396=DIRECTION('',(-0.932135048695401,1.14153620375788E-16,0.36211082694891));
#1397=DIRECTION('',(-0.932135048695401,1.14153620375788E-16,0.36211082694891));
#1398=DIRECTION('center_axis',(-1.14153620375788E-16,-1.,2.13940852123144E-17));
#1399=DIRECTION('ref_axis',(0.,-2.13940852123144E-17,-1.));
#1400=DIRECTION('',(0.36211082694891,-2.13940852123145E-17,0.932135048695401));
#1401=DIRECTION('',(-0.932135048695401,1.14153620375788E-16,0.36211082694891));
#1402=DIRECTION('center_axis',(0.36211082694891,-2.13940852123145E-17,0.9321350486954));
#1403=DIRECTION('ref_axis',(0.9321350486954,0.,-0.36211082694891));
#1404=DIRECTION('',(1.14153620375788E-16,1.,-2.13940852123144E-17));
#1405=DIRECTION('',(-0.932135048695401,1.14153620375788E-16,0.36211082694891));
#1406=DIRECTION('center_axis',(-0.9321350486954,1.14153620375788E-16,0.36211082694891));
#1407=DIRECTION('ref_axis',(-0.36211082694891,4.43457865159584E-17,-0.9321350486954));
#1408=DIRECTION('',(-0.36211082694891,0.,-0.932135048695401));
#1409=DIRECTION('',(-1.22464679914735E-16,-1.,0.));
#1410=DIRECTION('',(0.36211082694891,-4.43457865159584E-17,0.932135048695401));
#1411=DIRECTION('',(1.22464679914735E-16,1.,0.));
#1412=DIRECTION('',(-0.36211082694891,0.,-0.932135048695401));
#1413=DIRECTION('center_axis',(0.,1.,0.));
#1414=DIRECTION('ref_axis',(1.,0.,0.));
#1415=DIRECTION('center_axis',(0.,1.,0.));
#1416=DIRECTION('ref_axis',(1.,0.,0.));
#1417=DIRECTION('',(0.,1.,0.));
#1418=DIRECTION('center_axis',(0.,1.,0.));
#1419=DIRECTION('ref_axis',(1.,0.,0.));
#1420=DIRECTION('center_axis',(0.,-1.,0.));
#1421=DIRECTION('ref_axis',(1.,0.,0.));
#1422=DIRECTION('center_axis',(0.,1.,0.));
#1423=DIRECTION('ref_axis',(1.,0.,0.));
#1424=DIRECTION('center_axis',(0.,1.,0.));
#1425=DIRECTION('ref_axis',(1.,0.,0.));
#1426=DIRECTION('',(0.,1.,0.));
#1427=DIRECTION('center_axis',(0.,1.,0.));
#1428=DIRECTION('ref_axis',(1.,0.,0.));
#1429=DIRECTION('center_axis',(0.,-1.,0.));
#1430=DIRECTION('ref_axis',(1.,0.,0.));
#1431=DIRECTION('center_axis',(0.269823961603115,1.48593638277457E-17,-0.962909668528051));
#1432=DIRECTION('ref_axis',(-0.962909668528051,0.,-0.269823961603115));
#1433=DIRECTION('',(0.962909668527814,-1.17922424343063E-16,0.269823961603961));
#1434=DIRECTION('',(0.962909668527933,-1.17922424343077E-16,0.269823961603534));
#1435=DIRECTION('center_axis',(-0.282130055723505,-1.5537067648959E-17,
0.959376167964085));
#1436=DIRECTION('ref_axis',(0.959376167964085,0.,0.282130055723505));
#1437=DIRECTION('',(0.959376167963812,-1.17489695327514E-16,0.282130055724432));
#1438=DIRECTION('',(0.959376167963816,-1.17489695327514E-16,0.282130055724418));
#1439=DIRECTION('center_axis',(-7.50759422566273E-31,-1.,-5.24192223792104E-31));
#1440=DIRECTION('ref_axis',(0.,5.24192223792104E-31,-1.));
#1441=DIRECTION('center_axis',(0.127657637327418,0.,-0.991818293656646));
#1442=DIRECTION('ref_axis',(-0.991818293656646,0.,-0.127657637327418));
#1443=DIRECTION('',(0.991818293655005,-1.21462709866039E-16,0.127657637340171));
#1444=DIRECTION('',(0.991818293655825,-1.2146270986614E-16,0.127657637333798));
#1445=DIRECTION('center_axis',(-0.145974620748539,0.,0.989288335166912));
#1446=DIRECTION('ref_axis',(0.989288335166912,0.,0.145974620748539));
#1447=DIRECTION('',(0.989288335166335,-1.21152879309527E-16,0.145974620752451));
#1448=DIRECTION('',(0.989288335166334,-1.21152879309526E-16,0.145974620752454));
#1449=DIRECTION('center_axis',(-1.16708052921981E-30,-1.,8.80297196680938E-31));
#1450=DIRECTION('ref_axis',(0.,-8.80297196680938E-31,-1.));
#1451=DIRECTION('center_axis',(0.485772923518143,0.,0.874085045505663));
#1452=DIRECTION('ref_axis',(0.,1.,0.));
#1453=DIRECTION('center_axis',(0.485772923518143,0.,0.874085045505663));
#1454=DIRECTION('ref_axis',(0.,1.,0.));
#1455=DIRECTION('center_axis',(-0.485772923518143,0.,-0.874085045505663));
#1456=DIRECTION('ref_axis',(0.,1.,0.));
#1457=DIRECTION('center_axis',(0.485772923518143,0.,0.874085045505663));
#1458=DIRECTION('ref_axis',(0.,1.,0.));
#1459=DIRECTION('center_axis',(0.485772923518143,0.,0.874085045505663));
#1460=DIRECTION('ref_axis',(0.,1.,0.));
#1461=DIRECTION('center_axis',(-0.485772923518143,0.,-0.874085045505663));
#1462=DIRECTION('ref_axis',(0.,1.,0.));
#1463=DIRECTION('center_axis',(-0.485772923518143,0.,-0.874085045505663));
#1464=DIRECTION('ref_axis',(0.,1.,0.));
#1465=DIRECTION('',(0.485772923518143,0.,0.874085045505663));
#1466=DIRECTION('center_axis',(-0.485772923518143,5.94900255898945E-17,
-0.874085045505663));
#1467=DIRECTION('ref_axis',(0.,1.,0.));
#1468=DIRECTION('center_axis',(0.,0.,-1.));
#1469=DIRECTION('ref_axis',(1.,0.,0.));
#1470=DIRECTION('center_axis',(0.,0.,1.));
#1471=DIRECTION('ref_axis',(1.,0.,0.));
#1472=DIRECTION('center_axis',(-0.485772923518143,0.,-0.874085045505663));
#1473=DIRECTION('ref_axis',(-0.874085045505663,-1.83697019872103E-16,0.485772923518143));
#1474=DIRECTION('center_axis',(-0.485772923518143,5.94900255898945E-17,
-0.874085045505663));
#1475=DIRECTION('ref_axis',(0.,1.,0.));
#1476=DIRECTION('center_axis',(0.,0.,1.));
#1477=DIRECTION('ref_axis',(-1.,-1.22464679914735E-16,0.));
#1478=DIRECTION('center_axis',(0.,0.,-1.));
#1479=DIRECTION('ref_axis',(1.,0.,0.));
#1480=DIRECTION('center_axis',(0.,0.,1.));
#1481=DIRECTION('ref_axis',(1.,0.,0.));
#1482=DIRECTION('center_axis',(0.,0.,-1.));
#1483=DIRECTION('ref_axis',(1.,0.,0.));
#1484=DIRECTION('center_axis',(0.,0.,1.));
#1485=DIRECTION('ref_axis',(1.,0.,0.));
#1486=DIRECTION('center_axis',(0.,0.,-1.));
#1487=DIRECTION('ref_axis',(1.,0.,0.));
#1488=DIRECTION('center_axis',(-0.485772923518143,5.94900255898945E-17,
-0.874085045505663));
#1489=DIRECTION('ref_axis',(0.874085045505663,-1.07044545316108E-16,-0.485772923518143));
#1490=DIRECTION('',(0.874085045505663,0.,-0.485772923518143));
#1491=DIRECTION('',(-0.874085045505663,1.07044545316108E-16,0.485772923518143));
#1492=DIRECTION('center_axis',(0.,0.,-1.));
#1493=DIRECTION('ref_axis',(1.,-1.22464679914735E-16,0.));
#1494=DIRECTION('',(-1.,0.,0.));
#1495=DIRECTION('',(-1.,1.22464679914735E-16,0.));
#1496=DIRECTION('center_axis',(-1.,1.22464679914735E-16,0.));
#1497=DIRECTION('ref_axis',(0.,0.,-1.));
#1498=DIRECTION('',(0.,0.,1.));
#1499=DIRECTION('',(0.,0.,1.));
#1500=DIRECTION('',(1.22464679914735E-16,1.,0.));
#1501=DIRECTION('center_axis',(-1.22464679914735E-16,-1.,0.));
#1502=DIRECTION('ref_axis',(-1.,1.22464679914735E-16,0.));
#1503=DIRECTION('',(0.,0.,-1.));
#1504=DIRECTION('',(-1.,1.22464679914735E-16,0.));
#1505=DIRECTION('center_axis',(1.,-1.22464679914735E-16,0.));
#1506=DIRECTION('ref_axis',(0.,0.,1.));
#1507=DIRECTION('',(0.,0.,-1.));
#1508=DIRECTION('',(-1.22464679914735E-16,-1.,0.));
#1509=DIRECTION('center_axis',(0.,0.,1.));
#1510=DIRECTION('ref_axis',(-1.,1.22464679914735E-16,0.));
#1511=DIRECTION('',(1.,0.,0.));
#1512=DIRECTION('center_axis',(0.,0.,-1.));
#1513=DIRECTION('ref_axis',(-1.,0.,0.));
#1514=DIRECTION('center_axis',(0.,0.,-1.));
#1515=DIRECTION('ref_axis',(-1.,0.,0.));
#1516=DIRECTION('center_axis',(0.,0.,-1.));
#1517=DIRECTION('ref_axis',(-1.,0.,0.));
#1518=DIRECTION('center_axis',(0.,0.,-1.));
#1519=DIRECTION('ref_axis',(-1.,0.,0.));
#1520=DIRECTION('center_axis',(0.,0.,-1.));
#1521=DIRECTION('ref_axis',(-1.,0.,0.));
#1522=DIRECTION('center_axis',(0.,0.,-1.));
#1523=DIRECTION('ref_axis',(-1.,0.,0.));
#1524=DIRECTION('center_axis',(0.,0.,-1.));
#1525=DIRECTION('ref_axis',(-1.,0.,0.));
#1526=DIRECTION('center_axis',(0.,0.,-1.));
#1527=DIRECTION('ref_axis',(-1.,0.,0.));
#1528=DIRECTION('center_axis',(0.,1.,0.));
#1529=DIRECTION('ref_axis',(0.,0.,1.));
#1530=DIRECTION('',(-1.,0.,0.));
#1531=DIRECTION('',(-0.485772923518143,0.,-0.874085045505663));
#1532=DIRECTION('',(0.874085045505663,0.,-0.485772923518143));
#1533=DIRECTION('',(-0.36211082694891,0.,-0.932135048695401));
#1534=DIRECTION('',(0.,0.,-1.));
#1535=DIRECTION('',(-1.,0.,0.));
#1536=DIRECTION('',(0.,0.,1.));
#1537=DIRECTION('center_axis',(-0.485772923518143,5.94900255898945E-17,
-0.874085045505663));
#1538=DIRECTION('ref_axis',(0.874085045505663,-1.07044545316108E-16,-0.485772923518143));
#1539=DIRECTION('',(1.22464679914735E-16,1.,0.));
#1540=DIRECTION('',(0.874085045505663,-1.07044545316108E-16,-0.485772923518143));
#1541=DIRECTION('',(-1.22464679914735E-16,-1.,0.));
#1542=DIRECTION('center_axis',(-0.485772923518143,5.94900255898945E-17,
-0.874085045505663));
#1543=DIRECTION('ref_axis',(0.,1.,0.));
#1544=DIRECTION('center_axis',(-0.485772923518143,5.94900255898945E-17,
-0.874085045505663));
#1545=DIRECTION('ref_axis',(0.,1.,0.));
#1546=DIRECTION('center_axis',(-0.874085045505663,1.07044545316108E-16,
0.485772923518143));
#1547=DIRECTION('ref_axis',(-0.485772923518143,5.94900255898946E-17,-0.874085045505663));
#1548=DIRECTION('',(-1.22464679914735E-16,-1.,0.));
#1549=DIRECTION('',(-0.485772923518143,5.94900255898946E-17,-0.874085045505663));
#1550=DIRECTION('center_axis',(0.,0.,-1.));
#1551=DIRECTION('ref_axis',(1.,-1.22464679914735E-16,0.));
#1552=DIRECTION('',(1.22464679914735E-16,1.,0.));
#1553=DIRECTION('',(1.,-1.22464679914735E-16,0.));
#1554=DIRECTION('center_axis',(0.,0.,1.));
#1555=DIRECTION('ref_axis',(1.,0.,0.));
#1556=DIRECTION('center_axis',(0.,0.,1.));
#1557=DIRECTION('ref_axis',(1.,0.,0.));
#1558=DIRECTION('center_axis',(0.,0.,1.));
#1559=DIRECTION('ref_axis',(1.,0.,0.));
#1560=DIRECTION('',(0.,0.,1.));
#1561=DIRECTION('center_axis',(0.,0.,1.));
#1562=DIRECTION('ref_axis',(1.,0.,0.));
#1563=DIRECTION('center_axis',(0.,0.,-1.));
#1564=DIRECTION('ref_axis',(1.,0.,0.));
#1565=DIRECTION('center_axis',(0.,0.,1.));
#1566=DIRECTION('ref_axis',(1.,0.,0.));
#1567=DIRECTION('',(0.,0.,1.));
#1568=DIRECTION('center_axis',(0.,0.,1.));
#1569=DIRECTION('ref_axis',(1.,0.,0.));
#1570=DIRECTION('center_axis',(0.,0.,-1.));
#1571=DIRECTION('ref_axis',(1.,0.,0.));
#1572=DIRECTION('center_axis',(-0.485772923518143,0.,-0.874085045505663));
#1573=DIRECTION('ref_axis',(0.,1.,0.));
#1574=DIRECTION('',(-0.485772923518143,0.,-0.874085045505663));
#1575=DIRECTION('center_axis',(-0.485772923518143,0.,-0.874085045505663));
#1576=DIRECTION('ref_axis',(0.,1.,0.));
#1577=DIRECTION('',(-0.485772923518143,0.,-0.874085045505663));
#1578=DIRECTION('center_axis',(0.,0.,-1.));
#1579=DIRECTION('ref_axis',(-1.,0.,0.));
#1580=DIRECTION('center_axis',(0.,0.,-1.));
#1581=DIRECTION('ref_axis',(-1.,0.,0.));
#1582=DIRECTION('',(0.,0.,-1.));
#1583=DIRECTION('center_axis',(0.,0.,-1.));
#1584=DIRECTION('ref_axis',(-1.,0.,0.));
#1585=DIRECTION('center_axis',(0.,0.,-1.));
#1586=DIRECTION('ref_axis',(-1.,0.,0.));
#1587=DIRECTION('',(0.,0.,-1.));
#1588=DIRECTION('center_axis',(0.,0.,-1.));
#1589=DIRECTION('ref_axis',(-1.,0.,0.));
#1590=DIRECTION('center_axis',(0.,0.,-1.));
#1591=DIRECTION('ref_axis',(-1.,0.,0.));
#1592=DIRECTION('',(0.,0.,-1.));
#1593=DIRECTION('center_axis',(0.,0.,-1.));
#1594=DIRECTION('ref_axis',(-1.,0.,0.));
#1595=DIRECTION('center_axis',(0.,0.,-1.));
#1596=DIRECTION('ref_axis',(-1.,0.,0.));
#1597=DIRECTION('',(0.,0.,-1.));
#1598=DIRECTION('center_axis',(0.,0.,-1.));
#1599=DIRECTION('ref_axis',(-1.,0.,0.));
#1600=DIRECTION('center_axis',(0.,0.,-1.));
#1601=DIRECTION('ref_axis',(-1.,0.,0.));
#1602=DIRECTION('',(0.,0.,-1.));
#1603=DIRECTION('center_axis',(0.,0.,-1.));
#1604=DIRECTION('ref_axis',(-1.,0.,0.));
#1605=DIRECTION('center_axis',(0.,0.,-1.));
#1606=DIRECTION('ref_axis',(-1.,0.,0.));
#1607=DIRECTION('',(0.,0.,-1.));
#1608=DIRECTION('center_axis',(0.,0.,-1.));
#1609=DIRECTION('ref_axis',(-1.,0.,0.));
#1610=DIRECTION('center_axis',(0.,0.,-1.));
#1611=DIRECTION('ref_axis',(-1.,0.,0.));
#1612=DIRECTION('',(0.,0.,-1.));
#1613=DIRECTION('center_axis',(0.,0.,-1.));
#1614=DIRECTION('ref_axis',(-1.,0.,0.));
#1615=DIRECTION('center_axis',(0.,0.,-1.));
#1616=DIRECTION('ref_axis',(-1.,0.,0.));
#1617=DIRECTION('',(0.,0.,-1.));
#1618=DIRECTION('center_axis',(1.,-1.22464679914735E-16,0.));
#1619=DIRECTION('ref_axis',(0.,0.,1.));
#1620=DIRECTION('',(1.22464679914735E-16,1.,0.));
#1621=DIRECTION('',(0.,0.,1.));
#1622=DIRECTION('',(-1.22464679914735E-16,-1.,0.));
#1623=DIRECTION('center_axis',(-0.9321350486954,1.14153620375788E-16,0.36211082694891));
#1624=DIRECTION('ref_axis',(-0.36211082694891,4.43457865159584E-17,-0.9321350486954));
#1625=DIRECTION('',(-0.36211082694891,4.43457865159584E-17,-0.932135048695401));
#1626=DIRECTION('',(-1.22464679914735E-16,-1.,0.));
#1627=DIRECTION('center_axis',(-1.,1.22464679914735E-16,0.));
#1628=DIRECTION('ref_axis',(0.,0.,-1.));
#1629=DIRECTION('',(-1.22464679914735E-16,-1.,0.));
#1630=DIRECTION('',(0.,0.,-1.));
#1631=DIRECTION('center_axis',(-1.22464679914735E-16,-1.,0.));
#1632=DIRECTION('ref_axis',(-1.,1.22464679914735E-16,0.));
#1633=DIRECTION('',(-1.,1.22464679914735E-16,0.));
#1634=DIRECTION('center_axis',(0.,0.,1.));
#1635=DIRECTION('ref_axis',(-1.,1.22464679914735E-16,0.));
#1636=DIRECTION('',(0.,0.,1.));
#1637=DIRECTION('',(1.,0.,0.));
#1638=DIRECTION('',(0.,0.,1.));
#1639=DIRECTION('',(1.,0.,0.));
#1640=CARTESIAN_POINT('',(0.,0.,0.));
#1641=CARTESIAN_POINT('',(0.,0.,0.));
#1642=CARTESIAN_POINT('',(0.,0.,0.));
#1643=CARTESIAN_POINT('Origin',(-57.8937155794649,-14.,-28.521455617815));
#1644=CARTESIAN_POINT('',(-60.4937155794649,-14.,-28.521455617815));
#1645=CARTESIAN_POINT('Origin',(-57.8937155794649,-14.,-28.521455617815));
#1646=CARTESIAN_POINT('',(-60.4937155794649,-11.8,-28.521455617815));
#1647=CARTESIAN_POINT('',(-60.4937155794649,-14.,-28.521455617815));
#1648=CARTESIAN_POINT('Origin',(-57.8937155794649,-11.8,-28.521455617815));
#1649=CARTESIAN_POINT('Origin',(-57.8937155794649,-11.8,-28.521455617815));
#1650=CARTESIAN_POINT('Origin',(-50.9284074604817,-14.,21.0863328235734));
#1651=CARTESIAN_POINT('',(-53.5284074604817,-14.,21.0863328235734));
#1652=CARTESIAN_POINT('Origin',(-50.9284074604817,-14.,21.0863328235734));
#1653=CARTESIAN_POINT('',(-53.5284074604817,-11.8,21.0863328235734));
#1654=CARTESIAN_POINT('',(-53.5284074604817,-14.,21.0863328235734));
#1655=CARTESIAN_POINT('Origin',(-50.9284074604817,-11.8,21.0863328235734));
#1656=CARTESIAN_POINT('Origin',(-50.9284074604817,-11.8,21.0863328235734));
#1657=CARTESIAN_POINT('Origin',(-48.9682293367419,7.92129635339198E-16,
-6.28548171790842));
#1658=CARTESIAN_POINT('',(-59.0586519454275,-14.,-24.4418817107435));
#1659=CARTESIAN_POINT('',(-59.0586519454275,-11.,-24.4418817107435));
#1660=CARTESIAN_POINT('',(-59.0586519454275,-14.,-24.4418817107435));
#1661=CARTESIAN_POINT('',(-61.9732894865363,-11.,-29.6863919837775));
#1662=CARTESIAN_POINT('',(-59.0586519454275,-11.,-24.4418817107435));
#1663=CARTESIAN_POINT('',(-61.9732894865363,-14.,-29.6863919837775));
#1664=CARTESIAN_POINT('',(-61.9732894865363,-11.,-29.6863919837775));
#1665=CARTESIAN_POINT('',(-51.8857661221085,-14.,-11.5352088030089));
#1666=CARTESIAN_POINT('Origin',(-53.8141416723935,-12.5,-27.3565192518524));
#1667=CARTESIAN_POINT('',(-53.8141416723935,-11.,-27.3565192518524));
#1668=CARTESIAN_POINT('',(-53.8141416723935,-14.,-27.3565192518524));
#1669=CARTESIAN_POINT('',(-53.8141416723935,-6.25000000000001,-27.3565192518524));
#1670=CARTESIAN_POINT('',(-53.8141416723935,-11.,-27.3565192518524));
#1671=CARTESIAN_POINT('',(-53.8141416723935,-14.,-27.3565192518524));
#1672=CARTESIAN_POINT('Origin',(-55.271460442948,-11.,-29.9787743883694));
#1673=CARTESIAN_POINT('',(-56.7287792135024,-11.,-32.6010295248864));
#1674=CARTESIAN_POINT('',(-49.4975897533279,-11.,-19.5894468236933));
#1675=CARTESIAN_POINT('',(-56.7287792135024,-11.,-32.6010295248864));
#1676=CARTESIAN_POINT('Origin',(-56.7287792135024,-12.5,-32.6010295248864));
#1677=CARTESIAN_POINT('',(-56.7287792135024,-14.,-32.6010295248864));
#1678=CARTESIAN_POINT('',(-56.7287792135024,-6.25000000000001,-32.6010295248864));
#1679=CARTESIAN_POINT('',(-56.7287792135024,-14.,-32.6010295248864));
#1680=CARTESIAN_POINT('Origin',(-43.7237190637079,1.49862363442551E-16,
-9.20011925901728));
#1681=CARTESIAN_POINT('',(-44.4038011566333,-14.,-10.4238383227252));
#1682=CARTESIAN_POINT('',(-46.6412558490746,-14.,-14.4498463441177));
#1683=CARTESIAN_POINT('',(-44.4038011566333,-10.9861589277057,-10.4238383227252));
#1684=CARTESIAN_POINT('',(-44.4038011566333,2.33148399268404E-16,-10.4238383227252));
#1685=CARTESIAN_POINT('',(-44.6466876183924,-10.9861589277057,-10.860880845478));
#1686=CARTESIAN_POINT('',(-43.7237190637079,-10.9861589277057,-9.20011925901728));
#1687=CARTESIAN_POINT('',(-44.6466876183924,-6.68214808378157,-10.860880845478));
#1688=CARTESIAN_POINT('',(-44.6466876183924,-4.41707675287182,-10.860880845478));
#1689=CARTESIAN_POINT('',(-44.4038011566333,-6.68214808378158,-10.4238383227252));
#1690=CARTESIAN_POINT('',(-43.7237190637079,-6.68214808378158,-9.20011925901728));
#1691=CARTESIAN_POINT('',(-44.4038011566333,-1.4,-10.4238383227252));
#1692=CARTESIAN_POINT('',(-44.4038011566333,2.33148399268404E-16,-10.4238383227252));
#1693=CARTESIAN_POINT('',(-62.8414590618285,-1.4,-43.6));
#1694=CARTESIAN_POINT('',(-46.6405943180812,-1.4,-14.4486560053392));
#1695=CARTESIAN_POINT('',(-62.8414590618285,-3.77350216285058,-43.6));
#1696=CARTESIAN_POINT('',(-62.8414590618285,2.49111027300552E-15,-43.6));
#1697=CARTESIAN_POINT('',(-61.6743836786797,-4.88953850124131,-41.5));
#1698=CARTESIAN_POINT('Origin',(-64.930232260772,-7.12604247183648,-47.3584750574954));
#1699=CARTESIAN_POINT('',(-61.6743836786797,-9.36254644243165,-41.5));
#1700=CARTESIAN_POINT('',(-61.6743836786797,-3.56302123591824,-41.5));
#1701=CARTESIAN_POINT('',(-62.8414590618285,-10.4785827808224,-43.6));
#1702=CARTESIAN_POINT('Origin',(-64.930232260772,-7.12604247183648,-47.3584750574954));
#1703=CARTESIAN_POINT('',(-62.8414590618285,-14.,-43.6));
#1704=CARTESIAN_POINT('',(-62.8414590618285,2.49111027300552E-15,-43.6));
#1705=CARTESIAN_POINT('',(-46.6412558490746,-14.,-14.4498463441177));
#1706=CARTESIAN_POINT('Origin',(-49.397799360346,8.44736790780835E-16,33.3111356367136));
#1707=CARTESIAN_POINT('',(-52.6384801257211,-14.,24.9690704505064));
#1708=CARTESIAN_POINT('',(-52.6384801257211,-11.,24.9690704505064));
#1709=CARTESIAN_POINT('',(-52.6384801257211,-14.,24.9690704505064));
#1710=CARTESIAN_POINT('',(-54.8111450874146,-11.,19.376260158334));
#1711=CARTESIAN_POINT('',(-52.6384801257211,-11.,24.9690704505064));
#1712=CARTESIAN_POINT('',(-54.8111450874146,-14.,19.376260158334));
#1713=CARTESIAN_POINT('',(-54.8111450874146,-11.,19.376260158334));
#1714=CARTESIAN_POINT('',(-57.3543380860635,-14.,12.8296474828398));
#1715=CARTESIAN_POINT('Origin',(-47.0456698335487,-12.5,22.7964054888129));
#1716=CARTESIAN_POINT('',(-47.0456698335487,-11.,22.7964054888129));
#1717=CARTESIAN_POINT('',(-47.0456698335487,-14.,22.7964054888129));
#1718=CARTESIAN_POINT('',(-47.0456698335487,-6.25000000000001,22.7964054888129));
#1719=CARTESIAN_POINT('',(-47.0456698335487,-11.,22.7964054888129));
#1720=CARTESIAN_POINT('',(-47.0456698335487,-14.,22.7964054888129));
#1721=CARTESIAN_POINT('Origin',(-48.1320023143955,-11.,20.0000003427267));
#1722=CARTESIAN_POINT('',(-49.2183347952422,-11.,17.2035951966405));
#1723=CARTESIAN_POINT('',(-45.9684956912845,-11.,25.5692355088734));
#1724=CARTESIAN_POINT('',(-49.2183347952422,-11.,17.2035951966405));
#1725=CARTESIAN_POINT('Origin',(-49.2183347952422,-12.5,17.2035951966405));
#1726=CARTESIAN_POINT('',(-49.2183347952422,-14.,17.2035951966405));
#1727=CARTESIAN_POINT('',(-49.2183347952422,-6.25000000000001,17.2035951966405));
#1728=CARTESIAN_POINT('',(-49.2183347952422,-14.,17.2035951966405));
#1729=CARTESIAN_POINT('Origin',(-43.8049890681736,1.59815068526104E-16,
31.1384706750202));
#1730=CARTESIAN_POINT('',(-43.9,-14.,30.8938963265787));
#1731=CARTESIAN_POINT('',(-51.7615277938911,-14.,10.6569825211463));
#1732=CARTESIAN_POINT('',(-43.9,-1.4,30.8938963265787));
#1733=CARTESIAN_POINT('',(-43.9,1.7145055188063E-16,30.8938963265787));
#1734=CARTESIAN_POINT('',(-57.1903434232692,-1.4,-3.31771512511496));
#1735=CARTESIAN_POINT('',(-51.7610019733171,-1.4,10.6583360730145));
#1736=CARTESIAN_POINT('',(-57.1903434232692,-14.,-3.31771512511497));
#1737=CARTESIAN_POINT('',(-57.1903434232692,1.7990482051682E-15,-3.31771512511497));
#1738=CARTESIAN_POINT('',(-51.7615277938911,-14.,10.6569825211463));
#1739=CARTESIAN_POINT('Origin',(-109.986593815372,-14.,-28.2095556532676));
#1740=CARTESIAN_POINT('',(-112.586593815372,-14.,-28.2095556532676));
#1741=CARTESIAN_POINT('Origin',(-109.986593815372,-14.,-28.2095556532676));
#1742=CARTESIAN_POINT('',(-112.586593815372,-11.8,-28.2095556532676));
#1743=CARTESIAN_POINT('',(-112.586593815372,-14.,-28.2095556532676));
#1744=CARTESIAN_POINT('Origin',(-109.986593815372,-11.8,-28.2095556532676));
#1745=CARTESIAN_POINT('Origin',(-109.986593815372,-11.8,-28.2095556532676));
#1746=CARTESIAN_POINT('Origin',(-120.432702686914,-14.,20.0534293754324));
#1747=CARTESIAN_POINT('',(-123.032702686914,-14.,20.0534293754324));
#1748=CARTESIAN_POINT('Origin',(-120.432702686914,-14.,20.0534293754324));
#1749=CARTESIAN_POINT('',(-123.032702686914,-11.8,20.0534293754324));
#1750=CARTESIAN_POINT('',(-123.032702686914,-14.,20.0534293754324));
#1751=CARTESIAN_POINT('Origin',(-120.432702686914,-11.8,20.0534293754324));
#1752=CARTESIAN_POINT('Origin',(-120.432702686914,-11.8,20.0534293754324));
#1753=CARTESIAN_POINT('Ctrl Pts',(-105.800604750556,-11.,-30.1054996973763));
#1754=CARTESIAN_POINT('Ctrl Pts',(-105.800604750556,-14.,-30.1054996973763));
#1755=CARTESIAN_POINT('Ctrl Pts',(-106.359284869383,-11.,-28.2057219862075));
#1756=CARTESIAN_POINT('Ctrl Pts',(-106.359284869383,-14.,-28.2057219862075));
#1757=CARTESIAN_POINT('Ctrl Pts',(-106.903405060588,-11.,-26.3119868636488));
#1758=CARTESIAN_POINT('Ctrl Pts',(-106.903405060588,-14.,-26.3119868636488));
#1759=CARTESIAN_POINT('Ctrl Pts',(-107.432215200335,-11.,-24.4248438784495));
#1760=CARTESIAN_POINT('Ctrl Pts',(-107.432215200335,-14.,-24.4248438784495));
#1761=CARTESIAN_POINT('',(-107.432215200231,-14.,-24.4248438788227));
#1762=CARTESIAN_POINT('',(-107.432215200336,-11.,-24.4248438784466));
#1763=CARTESIAN_POINT('Ctrl Pts',(-107.432215200335,-14.,-24.4248438784495));
#1764=CARTESIAN_POINT('Ctrl Pts',(-107.432215200335,-13.,-24.4248438784495));
#1765=CARTESIAN_POINT('Ctrl Pts',(-107.432215200335,-12.,-24.4248438784495));
#1766=CARTESIAN_POINT('Ctrl Pts',(-107.432215200335,-11.,-24.4248438784495));
#1767=CARTESIAN_POINT('',(-105.800604750818,-14.,-30.1054996964847));
#1768=CARTESIAN_POINT('Ctrl Pts',(-105.800604750556,-14.,-30.1054996973763));
#1769=CARTESIAN_POINT('Ctrl Pts',(-106.359284869383,-14.,-28.2057219862075));
#1770=CARTESIAN_POINT('Ctrl Pts',(-106.903405060588,-14.,-26.3119868636488));
#1771=CARTESIAN_POINT('Ctrl Pts',(-107.432215200335,-14.,-24.4248438784495));
#1772=CARTESIAN_POINT('',(-105.800604750818,-11.,-30.1054996964846));
#1773=CARTESIAN_POINT('Ctrl Pts',(-105.800604750816,-11.,-30.1054996964912));
#1774=CARTESIAN_POINT('Ctrl Pts',(-105.800604750816,-12.,-30.1054996964912));
#1775=CARTESIAN_POINT('Ctrl Pts',(-105.800604750816,-13.,-30.1054996964912));
#1776=CARTESIAN_POINT('Ctrl Pts',(-105.800604750816,-14.,-30.1054996964912));
#1777=CARTESIAN_POINT('Ctrl Pts',(-107.432215200231,-11.,-24.4248438788226));
#1778=CARTESIAN_POINT('Ctrl Pts',(-106.903405060517,-11.,-26.3119868638984));
#1779=CARTESIAN_POINT('Ctrl Pts',(-106.359284869346,-11.,-28.2057219863327));
#1780=CARTESIAN_POINT('Ctrl Pts',(-105.800604750556,-11.,-30.1054996973763));
#1781=CARTESIAN_POINT('Origin',(-110.802399040183,-12.5,-25.3692277440605));
#1782=CARTESIAN_POINT('',(-114.172582879925,-14.,-26.3136116100505));
#1783=CARTESIAN_POINT('',(-114.172582880031,-11.,-26.3136116096713));
#1784=CARTESIAN_POINT('Ctrl Pts',(-114.172582880032,-14.,-26.3136116096714));
#1785=CARTESIAN_POINT('Ctrl Pts',(-114.172582880032,-13.,-26.3136116096714));
#1786=CARTESIAN_POINT('Ctrl Pts',(-114.172582880031,-12.,-26.3136116096713));
#1787=CARTESIAN_POINT('Ctrl Pts',(-114.172582880031,-11.,-26.3136116096713));
#1788=CARTESIAN_POINT('',(-114.172582879925,-14.,-26.3136116100505));
#1789=CARTESIAN_POINT('',(-114.172582880031,-11.,-26.3136116096713));
#1790=CARTESIAN_POINT('Origin',(-109.15842133869,-12.5,-31.0929548915234));
#1791=CARTESIAN_POINT('',(-112.516237926564,-11.,-32.0804100865556));
#1792=CARTESIAN_POINT('',(-112.516237926564,-14.,-32.0804100865556));
#1793=CARTESIAN_POINT('Ctrl Pts',(-112.516237926564,-11.,-32.0804100865556));
#1794=CARTESIAN_POINT('Ctrl Pts',(-112.516237926564,-12.,-32.0804100865556));
#1795=CARTESIAN_POINT('Ctrl Pts',(-112.516237926565,-13.,-32.0804100865557));
#1796=CARTESIAN_POINT('Ctrl Pts',(-112.516237926565,-14.,-32.0804100865557));
#1797=CARTESIAN_POINT('',(-112.516237926564,-11.,-32.0804100865556));
#1798=CARTESIAN_POINT('',(-112.516237926564,-14.,-32.0804100865556));
#1799=CARTESIAN_POINT('Origin',(-109.986365394793,-11.,-28.2287642397529));
#1800=CARTESIAN_POINT('Ctrl Pts',(-114.175756171932,-11.,-26.3137669984233));
#1801=CARTESIAN_POINT('Ctrl Pts',(-113.638824791905,-11.,-28.2304500796774));
#1802=CARTESIAN_POINT('Ctrl Pts',(-113.086415259747,-11.,-30.1526587553581));
#1803=CARTESIAN_POINT('Ctrl Pts',(-112.519249878356,-11.,-32.0801303344635));
#1804=CARTESIAN_POINT('Ctrl Pts',(-108.667319890542,-9.04499044003477E-15,
-44.571090072562));
#1805=CARTESIAN_POINT('Ctrl Pts',(-108.667319890542,-14.,-44.571090072562));
#1806=CARTESIAN_POINT('Ctrl Pts',(-113.817045139607,-9.04662964039395E-15,
-28.5702097721292));
#1807=CARTESIAN_POINT('Ctrl Pts',(-113.817045139607,-14.,-28.5702097721292));
#1808=CARTESIAN_POINT('Ctrl Pts',(-118.076670337135,-8.88178419700125E-15,
-12.8860633342773));
#1809=CARTESIAN_POINT('Ctrl Pts',(-118.076670337135,-14.,-12.8860633342773));
#1810=CARTESIAN_POINT('Ctrl Pts',(-121.046432145838,-8.88178419700125E-15,
2.33596116123036));
#1811=CARTESIAN_POINT('Ctrl Pts',(-121.046432145838,-14.,2.33596116123036));
#1812=CARTESIAN_POINT('Ctrl Pts',(-123.557937799214,-8.88178419700125E-15,
15.2091149826058));
#1813=CARTESIAN_POINT('Ctrl Pts',(-123.557937799214,-14.,15.2091149826058));
#1814=CARTESIAN_POINT('Ctrl Pts',(-125.168362686283,-9.05226685125941E-15,
27.7733575919391));
#1815=CARTESIAN_POINT('Ctrl Pts',(-125.168362686283,-14.,27.7733575919391));
#1816=CARTESIAN_POINT('Ctrl Pts',(-126.104011882434,-9.05274343498369E-15,
40.1059111685125));
#1817=CARTESIAN_POINT('Ctrl Pts',(-126.104011882434,-14.,40.1059111685125));
#1818=CARTESIAN_POINT('',(-108.978839906805,-14.,-43.6));
#1819=CARTESIAN_POINT('Ctrl Pts',(-108.978887386674,-14.,-43.5999902437642));
#1820=CARTESIAN_POINT('Ctrl Pts',(-110.213216958987,-14.,-39.74072886176));
#1821=CARTESIAN_POINT('Ctrl Pts',(-111.39521197176,-14.,-35.9000939462609));
#1822=CARTESIAN_POINT('Ctrl Pts',(-112.519249878095,-14.,-32.0801303353513));
#1823=CARTESIAN_POINT('',(-108.978839906805,-10.593854477795,-43.6));
#1824=CARTESIAN_POINT('Ctrl Pts',(-108.978839906805,-14.,-43.6));
#1825=CARTESIAN_POINT('Ctrl Pts',(-108.978839906805,-12.864618159265,-43.6));
#1826=CARTESIAN_POINT('Ctrl Pts',(-108.978839906805,-11.72923631853,-43.6));
#1827=CARTESIAN_POINT('Ctrl Pts',(-108.978839906805,-10.593854477795,-43.6));
#1828=CARTESIAN_POINT('',(-109.645538573656,-10.1359364469431,-41.5));
#1829=CARTESIAN_POINT('Ctrl Pts',(-108.978839906805,-10.5938544777951,-43.6000000000004));
#1830=CARTESIAN_POINT('Ctrl Pts',(-109.200834158859,-10.4727856628355,-42.9057195445932));
#1831=CARTESIAN_POINT('Ctrl Pts',(-109.426878418096,-10.3217631770678,-42.1937235413671));
#1832=CARTESIAN_POINT('Ctrl Pts',(-109.645538573656,-10.1359364469432,-41.5));
#1833=CARTESIAN_POINT('',(-109.645538573656,-4.11614849672979,-41.5));
#1834=CARTESIAN_POINT('Ctrl Pts',(-109.645538573656,-10.1359364469431,-41.5));
#1835=CARTESIAN_POINT('Ctrl Pts',(-109.645538573656,-9.32395763129542,-41.5));
#1836=CARTESIAN_POINT('Ctrl Pts',(-109.645538573656,-8.51197881564771,-41.5));
#1837=CARTESIAN_POINT('Ctrl Pts',(-109.645538573656,-6.50538283224327,-41.5));
#1838=CARTESIAN_POINT('Ctrl Pts',(-109.645538573656,-5.31076566448653,-41.5));
#1839=CARTESIAN_POINT('Ctrl Pts',(-109.645538573656,-4.11614849672979,-41.5));
#1840=CARTESIAN_POINT('',(-108.978839906805,-3.65823046587794,-43.6));
#1841=CARTESIAN_POINT('Ctrl Pts',(-109.645949033975,-4.11614849672981,-41.4999210513677));
#1842=CARTESIAN_POINT('Ctrl Pts',(-109.499001114432,-3.99135875050655,-41.965798116029));
#1843=CARTESIAN_POINT('Ctrl Pts',(-109.34293284584,-3.8773166704263,-42.4583835112971));
#1844=CARTESIAN_POINT('Ctrl Pts',(-109.178957784284,-3.77503437376393,-42.9731708781918));
#1845=CARTESIAN_POINT('Ctrl Pts',(-109.113500615515,-3.7342043262487,-43.1786687339931));
#1846=CARTESIAN_POINT('Ctrl Pts',(-109.046783996214,-3.6952482293919,-43.3877043445631));
#1847=CARTESIAN_POINT('Ctrl Pts',(-108.978887386673,-3.65823046587787,-43.5999902437642));
#1848=CARTESIAN_POINT('',(-108.978839906805,-1.39999999999999,-43.6));
#1849=CARTESIAN_POINT('Ctrl Pts',(-108.978839906805,-3.65823046587794,-43.6));
#1850=CARTESIAN_POINT('Ctrl Pts',(-108.978839906805,-2.90548697725196,-43.6));
#1851=CARTESIAN_POINT('Ctrl Pts',(-108.978839906805,-2.15274348862597,-43.6));
#1852=CARTESIAN_POINT('Ctrl Pts',(-108.978839906805,-1.39999999999999,-43.6));
#1853=CARTESIAN_POINT('',(-126.099999999998,-1.39999999999999,40.0530866725456));
#1854=CARTESIAN_POINT('Ctrl Pts',(-126.100000167659,-1.40000000000001,40.0530867600488));
#1855=CARTESIAN_POINT('Ctrl Pts',(-125.163762317673,-1.40000000000001,27.7374800518621));
#1856=CARTESIAN_POINT('Ctrl Pts',(-123.554352025441,-1.40000000000001,15.1907354829285));
#1857=CARTESIAN_POINT('Ctrl Pts',(-121.046432145838,-1.40000000000001,2.33596116123036));
#1858=CARTESIAN_POINT('Ctrl Pts',(-118.136773167152,-1.40000000000001,-12.5779959505227));
#1859=CARTESIAN_POINT('Ctrl Pts',(-113.988931685062,-1.40000000000001,-27.9355591901868));
#1860=CARTESIAN_POINT('Ctrl Pts',(-108.978887386674,-1.40000000000001,-43.5999902437638));
#1861=CARTESIAN_POINT('',(-126.099999999998,-14.,40.0530866725456));
#1862=CARTESIAN_POINT('Ctrl Pts',(-126.1,-14.,40.0530866726093));
#1863=CARTESIAN_POINT('Ctrl Pts',(-126.1,-11.6666666666667,40.0530866726093));
#1864=CARTESIAN_POINT('Ctrl Pts',(-126.1,-9.33333333333334,40.0530866726093));
#1865=CARTESIAN_POINT('Ctrl Pts',(-126.1,-5.13333333333333,40.0530866726093));
#1866=CARTESIAN_POINT('Ctrl Pts',(-126.1,-3.26666666666666,40.053086672609));
#1867=CARTESIAN_POINT('Ctrl Pts',(-126.1,-1.39999999999999,40.0530866726089));
#1868=CARTESIAN_POINT('',(-124.314400120685,-14.,22.578389702948));
#1869=CARTESIAN_POINT('Ctrl Pts',(-124.317294489516,-14.,22.5804217980396));
#1870=CARTESIAN_POINT('Ctrl Pts',(-125.07479142564,-14.,28.4606675015516));
#1871=CARTESIAN_POINT('Ctrl Pts',(-125.661298778669,-14.,34.2822521700841));
#1872=CARTESIAN_POINT('Ctrl Pts',(-126.100000167659,-14.,40.0530867600488));
#1873=CARTESIAN_POINT('',(-124.314400121226,-11.,22.5783897071469));
#1874=CARTESIAN_POINT('Ctrl Pts',(-124.314400121226,-14.,22.5783897071469));
#1875=CARTESIAN_POINT('Ctrl Pts',(-124.314400121226,-13.,22.5783897071469));
#1876=CARTESIAN_POINT('Ctrl Pts',(-124.314400121226,-12.,22.5783897071469));
#1877=CARTESIAN_POINT('Ctrl Pts',(-124.314400121226,-11.,22.5783897071469));
#1878=CARTESIAN_POINT('',(-123.493733309627,-11.,16.6348655931457));
#1879=CARTESIAN_POINT('Ctrl Pts',(-124.314400121226,-11.,22.5783897071469));
#1880=CARTESIAN_POINT('Ctrl Pts',(-124.059115692367,-11.,20.5949927719654));
#1881=CARTESIAN_POINT('Ctrl Pts',(-123.785702843582,-11.,18.6135797880175));
#1882=CARTESIAN_POINT('Ctrl Pts',(-123.493733309627,-11.,16.6348655931457));
#1883=CARTESIAN_POINT('',(-123.493733309627,-14.,16.6348655931457));
#1884=CARTESIAN_POINT('Ctrl Pts',(-123.493733309627,-11.,16.6348655931457));
#1885=CARTESIAN_POINT('Ctrl Pts',(-123.493733309627,-12.,16.6348655931457));
#1886=CARTESIAN_POINT('Ctrl Pts',(-123.493733309627,-13.,16.6348655931457));
#1887=CARTESIAN_POINT('Ctrl Pts',(-123.493733309627,-14.,16.6348655931457));
#1888=CARTESIAN_POINT('Ctrl Pts',(-114.175756171718,-14.,-26.3137669991877));
#1889=CARTESIAN_POINT('Ctrl Pts',(-116.893877825651,-14.,-16.6108925153169));
#1890=CARTESIAN_POINT('Ctrl Pts',(-119.215338647008,-14.,-7.04962323515688));
#1891=CARTESIAN_POINT('Ctrl Pts',(-121.046432145838,-14.,2.33596116123036));
#1892=CARTESIAN_POINT('Ctrl Pts',(-121.984568014722,-14.,7.14453777313319));
#1893=CARTESIAN_POINT('Ctrl Pts',(-122.796977367346,-14.,11.9100124434835));
#1894=CARTESIAN_POINT('Ctrl Pts',(-123.495454961785,-14.,16.6364099027079));
#1895=CARTESIAN_POINT('Ctrl Pts',(-116.568714963096,-11.,17.6566879359299));
#1896=CARTESIAN_POINT('Ctrl Pts',(-116.568714963096,-14.,17.6566879359299));
#1897=CARTESIAN_POINT('Ctrl Pts',(-116.855623625141,-11.,19.6011039662511));
#1898=CARTESIAN_POINT('Ctrl Pts',(-116.855623625141,-14.,19.6011039662511));
#1899=CARTESIAN_POINT('Ctrl Pts',(-117.122928781354,-11.,21.5394167481527));
#1900=CARTESIAN_POINT('Ctrl Pts',(-117.122928781354,-14.,21.5394167481527));
#1901=CARTESIAN_POINT('Ctrl Pts',(-117.371672065629,-11.,23.4719931684388));
#1902=CARTESIAN_POINT('Ctrl Pts',(-117.371672065629,-14.,23.4719931684388));
#1903=CARTESIAN_POINT('',(-117.3716720651,-14.,23.4719931643292));
#1904=CARTESIAN_POINT('',(-117.371672065635,-11.,23.4719931684834));
#1905=CARTESIAN_POINT('Ctrl Pts',(-117.371672065629,-14.,23.4719931684388));
#1906=CARTESIAN_POINT('Ctrl Pts',(-117.371672065629,-13.,23.4719931684388));
#1907=CARTESIAN_POINT('Ctrl Pts',(-117.371672065629,-12.,23.4719931684388));
#1908=CARTESIAN_POINT('Ctrl Pts',(-117.371672065629,-11.,23.4719931684388));
#1909=CARTESIAN_POINT('',(-116.568714963462,-14.,17.6566879384128));
#1910=CARTESIAN_POINT('Ctrl Pts',(-116.568714963096,-14.,17.6566879359299));
#1911=CARTESIAN_POINT('Ctrl Pts',(-116.855623624595,-14.,19.6011039625566));
#1912=CARTESIAN_POINT('Ctrl Pts',(-117.122928780338,-14.,21.539416740787));
#1913=CARTESIAN_POINT('Ctrl Pts',(-117.371672064211,-14.,23.471993157423));
#1914=CARTESIAN_POINT('',(-116.568714963462,-11.,17.6566879384128));
#1915=CARTESIAN_POINT('Ctrl Pts',(-116.568714963458,-11.,17.6566879383854));
#1916=CARTESIAN_POINT('Ctrl Pts',(-116.568714963458,-12.,17.6566879383854));
#1917=CARTESIAN_POINT('Ctrl Pts',(-116.568714963458,-13.,17.6566879383854));
#1918=CARTESIAN_POINT('Ctrl Pts',(-116.568714963458,-14.,17.6566879383854));
#1919=CARTESIAN_POINT('Ctrl Pts',(-117.37167206474,-11.,23.4719931615304));
#1920=CARTESIAN_POINT('Ctrl Pts',(-117.122928780717,-11.,21.5394167435334));
#1921=CARTESIAN_POINT('Ctrl Pts',(-116.855623624799,-11.,19.6011039639342));
#1922=CARTESIAN_POINT('Ctrl Pts',(-116.568714963096,-11.,17.6566879359299));
#1923=CARTESIAN_POINT('Origin',(-120.843036093427,-12.5,23.0251914377928));
#1924=CARTESIAN_POINT('',(-124.314400120685,-14.,22.578389702948));
#1925=CARTESIAN_POINT('',(-124.314400121226,-11.,22.5783897071469));
#1926=CARTESIAN_POINT('Origin',(-120.031224136543,-12.5,17.1457767657656));
#1927=CARTESIAN_POINT('',(-123.493733309627,-11.,16.6348655931457));
#1928=CARTESIAN_POINT('',(-123.493733309627,-14.,16.6348655931457));
#1929=CARTESIAN_POINT('Origin',(-120.4448632123,-11.,20.0879970256474));
#1930=CARTESIAN_POINT('Origin',(-53.1395384579895,-8.83415350574364,-6.14097744183625));
#1931=CARTESIAN_POINT('',(-53.1395384579895,-12.2341535057436,-6.14097744183625));
#1932=CARTESIAN_POINT('Origin',(-53.1395384579895,-8.83415350574364,-6.14097744183625));
#1933=CARTESIAN_POINT('',(-53.1395384579895,-10.8341535057436,-6.14097744183625));
#1934=CARTESIAN_POINT('Origin',(-53.1395384579895,-8.83415350574364,-6.14097744183625));
#1935=CARTESIAN_POINT('Origin',(-46.9475199956273,-8.83415350574364,-9.58219283203876));
#1936=CARTESIAN_POINT('Origin',(-46.9475199956273,-8.83415350574364,-9.58219283203876));
#1937=CARTESIAN_POINT('',(-46.9475199956273,-10.8341535057436,-9.58219283203876));
#1938=CARTESIAN_POINT('Origin',(-46.9475199956273,-8.83415350574364,-9.58219283203876));
#1939=CARTESIAN_POINT('Origin',(-52.216569903305,-8.83415350574364,-4.48021585537549));
#1940=CARTESIAN_POINT('',(-52.8966519962304,-12.2341535057436,-5.70393491908341));
#1941=CARTESIAN_POINT('',(-52.216569903305,-12.2341535057436,-4.48021585537549));
#1942=CARTESIAN_POINT('Origin',(-52.8966519962304,-8.83415350574364,-5.70393491908341));
#1943=CARTESIAN_POINT('Origin',(-64.930232260772,-7.12604247183648,-41.5));
#1944=CARTESIAN_POINT('Origin',(-64.930232260772,-7.12604247183648,-41.5));
#1945=CARTESIAN_POINT('Origin',(-46.0245514409429,-8.83415350574364,-7.92143124557801));
#1946=CARTESIAN_POINT('Origin',(-46.7046335338683,-8.83415350574364,-9.14515030928593));
#1947=CARTESIAN_POINT('Origin',(-64.930232260772,-7.12604247183648,-45.));
#1948=CARTESIAN_POINT('Origin',(-64.930232260772,-7.12604247183648,-43.6));
#1949=CARTESIAN_POINT('Origin',(-107.087602245556,-7.12604247183648,-45.));
#1950=CARTESIAN_POINT('Origin',(-107.087602245556,-7.12604247183648,-43.6));
#1951=CARTESIAN_POINT('Origin',(-107.087602245556,-7.12604247183648,-41.5));
#1952=CARTESIAN_POINT('Origin',(-107.087602245556,-7.12604247183648,-41.5));
#1953=CARTESIAN_POINT('Origin',(-56.1234501655649,1.66839146386026E-15,
-3.91064124774067));
#1954=CARTESIAN_POINT('',(-67.984230329813,-14.,2.6809894925606));
#1955=CARTESIAN_POINT('',(-67.9848908748719,-1.4,2.68135659059762));
#1956=CARTESIAN_POINT('Origin',(-127.5,1.04094977927525E-14,-43.6));
#1957=CARTESIAN_POINT('',(-106.250000985934,-14.,-43.6));
#1958=CARTESIAN_POINT('',(-106.25,-1.39999999999999,-43.6));
#1959=CARTESIAN_POINT('Origin',(-126.1,1.02380472408719E-14,45.));
#1960=CARTESIAN_POINT('',(-126.1,-14.,43.6));
#1961=CARTESIAN_POINT('',(-126.1,-14.,22.4984425631844));
#1962=CARTESIAN_POINT('',(-126.1,-1.39999999999999,43.6));
#1963=CARTESIAN_POINT('',(-126.1,-1.39999999999999,22.5));
#1964=CARTESIAN_POINT('',(-126.1,1.02380472408719E-14,43.6));
#1965=CARTESIAN_POINT('Origin',(-85.,-1.39999999999999,0.));
#1966=CARTESIAN_POINT('',(-43.9,-1.4,43.6));
#1967=CARTESIAN_POINT('',(-43.9,-1.4,-22.5));
#1968=CARTESIAN_POINT('',(-63.75,-1.4,43.6));
#1969=CARTESIAN_POINT('Origin',(-43.9,1.71450551880629E-16,-45.));
#1970=CARTESIAN_POINT('',(-43.9,-14.,43.6));
#1971=CARTESIAN_POINT('',(-43.9,-14.,-22.5015574368156));
#1972=CARTESIAN_POINT('',(-43.9,1.71450551880629E-16,43.6));
#1973=CARTESIAN_POINT('Origin',(-42.5,0.,43.6));
#1974=CARTESIAN_POINT('',(-63.7500009859344,-14.,43.6));
#1975=CARTESIAN_POINT('',(-75.5558302842641,-7.,43.6));
#1976=CARTESIAN_POINT('Origin',(-77.5558302842641,-7.,43.6));
#1977=CARTESIAN_POINT('',(-69.3548302842641,-6.99999999999999,43.6));
#1978=CARTESIAN_POINT('Origin',(-71.3548302842641,-6.99999999999999,43.6));
#1979=CARTESIAN_POINT('',(-118.055830284264,-7.,43.6));
#1980=CARTESIAN_POINT('Origin',(-120.055830284264,-7.,43.6));
#1981=CARTESIAN_POINT('',(-111.854830284264,-6.99999999999999,43.6));
#1982=CARTESIAN_POINT('Origin',(-113.854830284264,-6.99999999999999,43.6));
#1983=CARTESIAN_POINT('',(-90.4441697157359,-7.,43.6));
#1984=CARTESIAN_POINT('Origin',(-92.4441697157359,-7.,43.6));
#1985=CARTESIAN_POINT('',(-96.6451697157359,-6.99999999999999,43.6));
#1986=CARTESIAN_POINT('Origin',(-98.6451697157359,-6.99999999999999,43.6));
#1987=CARTESIAN_POINT('',(-47.9441697157359,-7.,43.6));
#1988=CARTESIAN_POINT('Origin',(-49.9441697157359,-7.,43.6));
#1989=CARTESIAN_POINT('',(-54.1451697157359,-6.99999999999999,43.6));
#1990=CARTESIAN_POINT('Origin',(-56.1451697157359,-6.99999999999999,43.6));
#1991=CARTESIAN_POINT('Origin',(-85.0000019718688,-14.,-0.00311487363112928));
#1992=CARTESIAN_POINT('',(-110.,-14.,-45.));
#1993=CARTESIAN_POINT('',(-127.5,-14.,40.));
#1994=CARTESIAN_POINT('Ctrl Pts',(-110.,-14.,-45.));
#1995=CARTESIAN_POINT('Ctrl Pts',(-110.40236758036,-14.,-43.749790488088));
#1996=CARTESIAN_POINT('Ctrl Pts',(-110.799076924768,-14.,-42.5015345246218));
#1997=CARTESIAN_POINT('Ctrl Pts',(-111.190103312075,-14.,-41.2552406447634));
#1998=CARTESIAN_POINT('Ctrl Pts',(-111.585312187615,-14.,-39.9956161824787));
#1999=CARTESIAN_POINT('Ctrl Pts',(-111.974715826582,-14.,-38.737996021708));
#2000=CARTESIAN_POINT('Ctrl Pts',(-112.358238140279,-14.,-37.4824064326452));
#2001=CARTESIAN_POINT('Ctrl Pts',(-112.748755335649,-14.,-36.2039167402703));
#2002=CARTESIAN_POINT('Ctrl Pts',(-113.13317467388,-14.,-34.9275323788571));
#2003=CARTESIAN_POINT('Ctrl Pts',(-113.511364194326,-14.,-33.6532989088089));
#2004=CARTESIAN_POINT('Ctrl Pts',(-113.902660202997,-14.,-32.3349057646642));
#2005=CARTESIAN_POINT('Ctrl Pts',(-114.287286918679,-14.,-31.0188152439983));
#2006=CARTESIAN_POINT('Ctrl Pts',(-114.665045182108,-14.,-29.7050961080428));
#2007=CARTESIAN_POINT('Ctrl Pts',(-115.060956018656,-14.,-28.3282482864136));
#2008=CARTESIAN_POINT('Ctrl Pts',(-115.449322215528,-14.,-26.9540053082795));
#2009=CARTESIAN_POINT('Ctrl Pts',(-115.829860248441,-14.,-25.5824650625283));
#2010=CARTESIAN_POINT('Ctrl Pts',(-116.270339795138,-14.,-23.9948828145679));
#2011=CARTESIAN_POINT('Ctrl Pts',(-116.700330015129,-14.,-22.4109220854096));
#2012=CARTESIAN_POINT('Ctrl Pts',(-117.119324710981,-14.,-20.8307576435177));
#2013=CARTESIAN_POINT('Ctrl Pts',(-117.715599569718,-14.,-18.5820123999657));
#2014=CARTESIAN_POINT('Ctrl Pts',(-118.289598678144,-14.,-16.3409580264608));
#2015=CARTESIAN_POINT('Ctrl Pts',(-118.839782810097,-14.,-14.1081259523938));
#2016=CARTESIAN_POINT('Ctrl Pts',(-119.171699075528,-14.,-12.7610982205502));
#2017=CARTESIAN_POINT('Ctrl Pts',(-119.49494663379,-14.,-11.4170634249441));
#2018=CARTESIAN_POINT('Ctrl Pts',(-119.809213008581,-14.,-10.076129450365));
#2019=CARTESIAN_POINT('Ctrl Pts',(-120.078410469965,-14.,-8.92749870015831));
#2020=CARTESIAN_POINT('Ctrl Pts',(-120.341017418954,-14.,-7.78114337383992));
#2021=CARTESIAN_POINT('Ctrl Pts',(-120.5968678507,-14.,-6.63712078582927));
#2022=CARTESIAN_POINT('Ctrl Pts',(-120.829963789086,-14.,-5.59484379272169));
#2023=CARTESIAN_POINT('Ctrl Pts',(-121.057451008515,-14.,-4.55450325194578));
#2024=CARTESIAN_POINT('Ctrl Pts',(-121.279240226191,-14.,-3.51612998905772));
#2025=CARTESIAN_POINT('Ctrl Pts',(-121.494290294266,-14.,-2.50930809207378));
#2026=CARTESIAN_POINT('Ctrl Pts',(-121.703982723097,-14.,-1.50433596026547));
#2027=CARTESIAN_POINT('Ctrl Pts',(-121.908280844457,-14.,-0.501226253613913));
#2028=CARTESIAN_POINT('Ctrl Pts',(-122.119548668314,-14.,0.53610489462492));
#2029=CARTESIAN_POINT('Ctrl Pts',(-122.325047925828,-14.,1.57144440202183));
#2030=CARTESIAN_POINT('Ctrl Pts',(-122.524793551362,-14.,2.60479742477706));
#2031=CARTESIAN_POINT('Ctrl Pts',(-122.735077034751,-14.,3.69266642123039));
#2032=CARTESIAN_POINT('Ctrl Pts',(-122.938984096121,-14.,4.77833391010525));
#2033=CARTESIAN_POINT('Ctrl Pts',(-123.13658903237,-14.,5.86182554296378));
#2034=CARTESIAN_POINT('Ctrl Pts',(-123.34935095402,-14.,7.02842474981182));
#2035=CARTESIAN_POINT('Ctrl Pts',(-123.554807307967,-14.,8.1925016545577));
#2036=CARTESIAN_POINT('Ctrl Pts',(-123.753109809816,-14.,9.35410863815301));
#2037=CARTESIAN_POINT('Ctrl Pts',(-123.981639344051,-14.,10.6927780974379));
#2038=CARTESIAN_POINT('Ctrl Pts',(-124.200668812174,-14.,12.0281675875676));
#2039=CARTESIAN_POINT('Ctrl Pts',(-124.410496655235,-14.,13.3603801475552));
#2040=CARTESIAN_POINT('Ctrl Pts',(-124.76545065965,-14.,15.6140094848384));
#2041=CARTESIAN_POINT('Ctrl Pts',(-125.094080905928,-14.,17.8585503469754));
#2042=CARTESIAN_POINT('Ctrl Pts',(-125.397974150993,-14.,20.094550573708));
#2043=CARTESIAN_POINT('Ctrl Pts',(-125.593095703468,-14.,21.5302252478306));
#2044=CARTESIAN_POINT('Ctrl Pts',(-125.77802150489,-14.,22.9623797623478));
#2045=CARTESIAN_POINT('Ctrl Pts',(-125.953142311271,-14.,24.3911490287073));
#2046=CARTESIAN_POINT('Ctrl Pts',(-126.113919331012,-14.,25.702890730272));
#2047=CARTESIAN_POINT('Ctrl Pts',(-126.266432499762,-14.,27.0117792752336));
#2048=CARTESIAN_POINT('Ctrl Pts',(-126.410939028211,-14.,28.3179034675138));
#2049=CARTESIAN_POINT('Ctrl Pts',(-126.542628022403,-14.,29.5081762047885));
#2050=CARTESIAN_POINT('Ctrl Pts',(-126.667667810081,-14.,30.696153253589));
#2051=CARTESIAN_POINT('Ctrl Pts',(-126.786209771561,-14.,31.8818868791061));
#2052=CARTESIAN_POINT('Ctrl Pts',(-126.902337173434,-14.,33.0434685125293));
#2053=CARTESIAN_POINT('Ctrl Pts',(-127.012229012771,-14.,34.2028972711672));
#2054=CARTESIAN_POINT('Ctrl Pts',(-127.115980569106,-14.,35.3602060509948));
#2055=CARTESIAN_POINT('Ctrl Pts',(-127.218046967258,-14.,36.49871753823));
#2056=CARTESIAN_POINT('Ctrl Pts',(-127.314170988752,-14.,37.6351773753059));
#2057=CARTESIAN_POINT('Ctrl Pts',(-127.404395623364,-14.,38.7696004047654));
#2058=CARTESIAN_POINT('Ctrl Pts',(-127.437036162435,-14.,39.1800002847463));
#2059=CARTESIAN_POINT('Ctrl Pts',(-127.468904142885,-14.,39.5901334330624));
#2060=CARTESIAN_POINT('Ctrl Pts',(-127.5,-14.,40.));
#2061=CARTESIAN_POINT('',(-62.0178345063276,-14.,-45.));
#2062=CARTESIAN_POINT('',(-106.250000985934,-14.,-45.));
#2063=CARTESIAN_POINT('',(-42.5,-14.,-9.88020135194268));
#2064=CARTESIAN_POINT('',(-45.4175367853666,-14.,-15.1299284370431));
#2065=CARTESIAN_POINT('',(-55.4433680726395,-14.,-2.68692218403274));
#2066=CARTESIAN_POINT('',(-67.3041482368876,-14.,3.90470855626853));
#2067=CARTESIAN_POINT('',(-42.5,-14.,30.6315155172917));
#2068=CARTESIAN_POINT('',(-50.4565387257176,-14.,10.1500273634178));
#2069=CARTESIAN_POINT('',(-42.5,-14.,45.));
#2070=CARTESIAN_POINT('',(-42.5,-14.,-22.5015574368156));
#2071=CARTESIAN_POINT('',(-127.5,-14.,45.));
#2072=CARTESIAN_POINT('',(-42.5,-14.,45.));
#2073=CARTESIAN_POINT('',(-127.5,-14.,22.4984425631844));
#2074=CARTESIAN_POINT('Origin',(-55.4433680726395,1.5851054280344E-15,-2.68692218403274));
#2075=CARTESIAN_POINT('',(-42.5,0.,-9.88020135194268));
#2076=CARTESIAN_POINT('',(-42.5,0.,-9.88020135194268));
#2077=CARTESIAN_POINT('',(-55.4433680726395,1.5851054280344E-15,-2.68692218403274));
#2078=CARTESIAN_POINT('',(-67.3048087819465,3.03771296782729E-15,3.90507565430555));
#2079=CARTESIAN_POINT('',(-55.4433680726395,1.5851054280344E-15,-2.68692218403274));
#2080=CARTESIAN_POINT('',(-52.216569903305,-10.8341535057436,-4.48021585537549));
#2081=CARTESIAN_POINT('Origin',(-52.216569903305,-8.83415350574364,-4.48021585537548));
#2082=CARTESIAN_POINT('',(-46.0245514409429,-10.8341535057436,-7.92143124557801));
#2083=CARTESIAN_POINT('Origin',(-46.0245514409429,-8.83415350574364,-7.921431245578));
#2084=CARTESIAN_POINT('Origin',(-42.5,0.,-9.88020135194268));
#2085=CARTESIAN_POINT('',(-62.0178345063276,2.39024535544618E-15,-45.));
#2086=CARTESIAN_POINT('',(-62.0178345063276,2.39024535544618E-15,-45.));
#2087=CARTESIAN_POINT('',(-45.4168752543733,3.57214194378034E-16,-15.1287380982646));
#2088=CARTESIAN_POINT('Origin',(-127.5,1.04094977927525E-14,-45.));
#2089=CARTESIAN_POINT('',(-110.,8.26636589424464E-15,-45.));
#2090=CARTESIAN_POINT('',(-110.,8.26636589424464E-15,-45.));
#2091=CARTESIAN_POINT('',(-127.5,1.04094977927525E-14,-45.));
#2092=CARTESIAN_POINT('',(-67.480232260772,-7.12604247183648,-45.));
#2093=CARTESIAN_POINT('Origin',(-64.930232260772,-7.12604247183648,-45.));
#2094=CARTESIAN_POINT('',(-109.637602245556,-7.12604247183648,-45.));
#2095=CARTESIAN_POINT('Origin',(-107.087602245556,-7.12604247183648,-45.));
#2096=CARTESIAN_POINT('Origin',(-107.087602245556,-7.12604247183648,-45.));
#2097=CARTESIAN_POINT('',(-109.637602245556,-7.12604247183648,-42.9));
#2098=CARTESIAN_POINT('',(-109.637602245556,-7.12604247183648,-45.));
#2099=CARTESIAN_POINT('Origin',(-107.087602245556,-7.12604247183648,-42.9));
#2100=CARTESIAN_POINT('Origin',(-107.087602245556,-7.12604247183648,-42.9));
#2101=CARTESIAN_POINT('Origin',(-64.930232260772,-7.12604247183648,-45.));
#2102=CARTESIAN_POINT('',(-67.480232260772,-7.12604247183648,-42.9));
#2103=CARTESIAN_POINT('',(-67.480232260772,-7.12604247183648,-45.));
#2104=CARTESIAN_POINT('Origin',(-64.930232260772,-7.12604247183648,-42.9));
#2105=CARTESIAN_POINT('Origin',(-64.930232260772,-7.12604247183648,-42.9));
#2106=CARTESIAN_POINT('Origin',(-46.0245514409429,-8.83415350574364,-7.92143124557801));
#2107=CARTESIAN_POINT('',(-46.0245514409429,-10.8341535057436,-7.92143124557801));
#2108=CARTESIAN_POINT('Origin',(-52.216569903305,-8.83415350574364,-4.48021585537549));
#2109=CARTESIAN_POINT('',(-52.216569903305,-10.8341535057436,-4.48021585537549));
#2110=CARTESIAN_POINT('Origin',(-71.3548302842641,-6.99999999999999,45.));
#2111=CARTESIAN_POINT('',(-69.3548302842641,-6.99999999999999,45.));
#2112=CARTESIAN_POINT('Origin',(-71.3548302842641,-6.99999999999999,45.));
#2113=CARTESIAN_POINT('',(-69.3548302842641,-6.99999999999999,45.));
#2114=CARTESIAN_POINT('Origin',(-113.854830284264,-6.99999999999999,45.));
#2115=CARTESIAN_POINT('',(-111.854830284264,-6.99999999999999,45.));
#2116=CARTESIAN_POINT('Origin',(-113.854830284264,-6.99999999999999,45.));
#2117=CARTESIAN_POINT('',(-111.854830284264,-6.99999999999999,45.));
#2118=CARTESIAN_POINT('Origin',(-98.6451697157359,-6.99999999999999,45.));
#2119=CARTESIAN_POINT('',(-96.6451697157359,-6.99999999999999,45.));
#2120=CARTESIAN_POINT('Origin',(-98.6451697157359,-6.99999999999999,45.));
#2121=CARTESIAN_POINT('',(-96.6451697157359,-6.99999999999999,45.));
#2122=CARTESIAN_POINT('Origin',(-56.1451697157359,-6.99999999999999,45.));
#2123=CARTESIAN_POINT('',(-54.1451697157359,-6.99999999999999,45.));
#2124=CARTESIAN_POINT('Origin',(-56.1451697157359,-6.99999999999999,45.));
#2125=CARTESIAN_POINT('',(-54.1451697157359,-6.99999999999999,45.));
#2126=CARTESIAN_POINT('Origin',(-77.5558302842641,-7.,45.));
#2127=CARTESIAN_POINT('',(-75.5558302842641,-7.,45.));
#2128=CARTESIAN_POINT('Origin',(-77.5558302842641,-7.,45.));
#2129=CARTESIAN_POINT('',(-75.5558302842641,-7.,45.));
#2130=CARTESIAN_POINT('Origin',(-120.055830284264,-7.,45.));
#2131=CARTESIAN_POINT('',(-118.055830284264,-7.,45.));
#2132=CARTESIAN_POINT('Origin',(-120.055830284264,-7.,45.));
#2133=CARTESIAN_POINT('',(-118.055830284264,-7.,45.));
#2134=CARTESIAN_POINT('Origin',(-92.4441697157359,-7.,45.));
#2135=CARTESIAN_POINT('',(-90.4441697157359,-7.,45.));
#2136=CARTESIAN_POINT('Origin',(-92.4441697157359,-7.,45.));
#2137=CARTESIAN_POINT('',(-90.4441697157359,-7.,45.));
#2138=CARTESIAN_POINT('Origin',(-49.9441697157359,-7.,45.));
#2139=CARTESIAN_POINT('',(-47.9441697157359,-7.,45.));
#2140=CARTESIAN_POINT('Origin',(-49.9441697157359,-7.,45.));
#2141=CARTESIAN_POINT('',(-47.9441697157359,-7.,45.));
#2142=CARTESIAN_POINT('Origin',(-42.5,0.,-45.));
#2143=CARTESIAN_POINT('',(-42.5,0.,30.6315155172917));
#2144=CARTESIAN_POINT('',(-42.5,0.,30.6315155172917));
#2145=CARTESIAN_POINT('',(-42.5,0.,45.));
#2146=CARTESIAN_POINT('',(-42.5,0.,-45.));
#2147=CARTESIAN_POINT('',(-42.5,0.,45.));
#2148=CARTESIAN_POINT('Origin',(-42.5,0.,30.6315155172917));
#2149=CARTESIAN_POINT('',(-50.4560129051436,9.74330573825914E-16,10.151380915286));
#2150=CARTESIAN_POINT('Ctrl Pts',(-110.,-8.88178419700125E-15,-45.));
#2151=CARTESIAN_POINT('Ctrl Pts',(-110.,-100.,-45.));
#2152=CARTESIAN_POINT('Ctrl Pts',(-110.571770879476,-8.88178419700125E-15,
-43.2234319387383));
#2153=CARTESIAN_POINT('Ctrl Pts',(-110.571770879476,-100.,-43.2234319387383));
#2154=CARTESIAN_POINT('Ctrl Pts',(-111.696255944169,-8.88178419700125E-15,
-39.6768752829894));
#2155=CARTESIAN_POINT('Ctrl Pts',(-111.696255944169,-100.,-39.6768752829894));
#2156=CARTESIAN_POINT('Ctrl Pts',(-113.325816505437,-8.88178419700125E-15,
-34.3767776476897));
#2157=CARTESIAN_POINT('Ctrl Pts',(-113.325816505437,-100.,-34.3767776476897));
#2158=CARTESIAN_POINT('Ctrl Pts',(-115.382322485388,-8.88178419700125E-15,
-27.3501140288501));
#2159=CARTESIAN_POINT('Ctrl Pts',(-115.382322485389,-100.,-27.3501140288501));
#2160=CARTESIAN_POINT('Ctrl Pts',(-117.745800443775,-8.88178419700125E-15,
-18.6383061575097));
#2161=CARTESIAN_POINT('Ctrl Pts',(-117.745800443775,-100.,-18.6383061575097));
#2162=CARTESIAN_POINT('Ctrl Pts',(-119.882599011491,-8.88178419700125E-15,
-10.0047610477717));
#2163=CARTESIAN_POINT('Ctrl Pts',(-119.882599011491,-100.,-10.0047610477717));
#2164=CARTESIAN_POINT('Ctrl Pts',(-121.77257772434,-8.88178419700125E-15,
-1.45643234612683));
#2165=CARTESIAN_POINT('Ctrl Pts',(-121.77257772434,-100.,-1.45643234612683));
#2166=CARTESIAN_POINT('Ctrl Pts',(-123.40191320433,-8.88178419700125E-15,
7.00190732237612));
#2167=CARTESIAN_POINT('Ctrl Pts',(-123.40191320433,-100.,7.00190732237612));
#2168=CARTESIAN_POINT('Ctrl Pts',(-124.776912576447,-8.88178419700125E-15,
15.3724355399877));
#2169=CARTESIAN_POINT('Ctrl Pts',(-124.776912576447,-100.,15.3724355399877));
#2170=CARTESIAN_POINT('Ctrl Pts',(-125.915140311303,-8.88178419700125E-15,
23.66121657206));
#2171=CARTESIAN_POINT('Ctrl Pts',(-125.915140311303,-100.,23.66121657206));
#2172=CARTESIAN_POINT('Ctrl Pts',(-126.651010016522,-8.88178419700125E-15,
30.2319206012606));
#2173=CARTESIAN_POINT('Ctrl Pts',(-126.651010016522,-100.,30.2319206012606));
#2174=CARTESIAN_POINT('Ctrl Pts',(-127.110761249115,-8.88178419700125E-15,
35.128132782506));
#2175=CARTESIAN_POINT('Ctrl Pts',(-127.110761249115,-100.,35.128132782506));
#2176=CARTESIAN_POINT('Ctrl Pts',(-127.376969234064,-8.88178419700125E-15,
38.3783628322333));
#2177=CARTESIAN_POINT('Ctrl Pts',(-127.376969234064,-100.,38.3783628322333));
#2178=CARTESIAN_POINT('Ctrl Pts',(-127.5,-8.88178419700125E-15,40.));
#2179=CARTESIAN_POINT('Ctrl Pts',(-127.5,-100.,40.));
#2180=CARTESIAN_POINT('',(-127.5,1.04094977927525E-14,40.));
#2181=CARTESIAN_POINT('',(-127.5,1.04094977927525E-14,40.));
#2182=CARTESIAN_POINT('Ctrl Pts',(-110.,-8.88178419700125E-15,-45.));
#2183=CARTESIAN_POINT('Ctrl Pts',(-110.571770879476,-8.88178419700125E-15,
-43.2234319387383));
#2184=CARTESIAN_POINT('Ctrl Pts',(-111.696255944169,-8.88178419700125E-15,
-39.6768752829894));
#2185=CARTESIAN_POINT('Ctrl Pts',(-113.325816505437,-8.88178419700125E-15,
-34.3767776476897));
#2186=CARTESIAN_POINT('Ctrl Pts',(-115.382322485388,-8.88178419700125E-15,
-27.3501140288501));
#2187=CARTESIAN_POINT('Ctrl Pts',(-117.745800443775,-8.88178419700125E-15,
-18.6383061575097));
#2188=CARTESIAN_POINT('Ctrl Pts',(-119.882599011491,-8.88178419700125E-15,
-10.0047610477717));
#2189=CARTESIAN_POINT('Ctrl Pts',(-121.77257772434,-8.88178419700125E-15,
-1.45643234612683));
#2190=CARTESIAN_POINT('Ctrl Pts',(-123.40191320433,-8.88178419700125E-15,
7.00190732237612));
#2191=CARTESIAN_POINT('Ctrl Pts',(-124.776912576447,-8.88178419700125E-15,
15.3724355399877));
#2192=CARTESIAN_POINT('Ctrl Pts',(-125.915140311303,-8.88178419700125E-15,
23.66121657206));
#2193=CARTESIAN_POINT('Ctrl Pts',(-126.651010016522,-8.88178419700125E-15,
30.2319206012606));
#2194=CARTESIAN_POINT('Ctrl Pts',(-127.110761249115,-8.88178419700125E-15,
35.128132782506));
#2195=CARTESIAN_POINT('Ctrl Pts',(-127.376969234064,-8.88178419700125E-15,
38.3783628322333));
#2196=CARTESIAN_POINT('Ctrl Pts',(-127.5,-8.88178419700125E-15,40.));
#2197=CARTESIAN_POINT('Origin',(-127.5,1.04094977927525E-14,45.));
#2198=CARTESIAN_POINT('',(-127.5,1.04094977927525E-14,45.));
#2199=CARTESIAN_POINT('',(-127.5,1.04094977927525E-14,45.));
#2200=CARTESIAN_POINT('',(-127.5,1.04094977927525E-14,45.));
#2201=CARTESIAN_POINT('Origin',(-85.,5.20474889637625E-15,0.));
#2202=CARTESIAN_POINT('',(-42.5,0.,45.));
#2203=CARTESIAN_POINT('Origin',(-42.5,0.,45.));
#2204=CARTESIAN_POINT('',(0.,0.,0.));
#2205=CARTESIAN_POINT('',(0.,0.,0.));
#2206=UNCERTAINTY_MEASURE_WITH_UNIT(LENGTH_MEASURE(0.01),#2214,
'DISTANCE_ACCURACY_VALUE',
'Maximum model space distance between geometric entities at asserted c
onnectivities');
#2207=UNCERTAINTY_MEASURE_WITH_UNIT(LENGTH_MEASURE(0.01),#2214,
'DISTANCE_ACCURACY_VALUE',
'Maximum model space distance between geometric entities at asserted c
onnectivities');
#2208=UNCERTAINTY_MEASURE_WITH_UNIT(LENGTH_MEASURE(0.01),#2214,
'DISTANCE_ACCURACY_VALUE',
'Maximum model space distance between geometric entities at asserted c
onnectivities');
#2209=UNCERTAINTY_MEASURE_WITH_UNIT(LENGTH_MEASURE(0.01),#2214,
'DISTANCE_ACCURACY_VALUE',
'Maximum model space distance between geometric entities at asserted c
onnectivities');
#2210=(
GEOMETRIC_REPRESENTATION_CONTEXT(3)
GLOBAL_UNCERTAINTY_ASSIGNED_CONTEXT((#2206))
GLOBAL_UNIT_ASSIGNED_CONTEXT((#2214,#2216,#2217))
REPRESENTATION_CONTEXT('','3D')
);
#2211=(
GEOMETRIC_REPRESENTATION_CONTEXT(3)
GLOBAL_UNCERTAINTY_ASSIGNED_CONTEXT((#2207))
GLOBAL_UNIT_ASSIGNED_CONTEXT((#2214,#2216,#2217))
REPRESENTATION_CONTEXT('','3D')
);
#2212=(
GEOMETRIC_REPRESENTATION_CONTEXT(3)
GLOBAL_UNCERTAINTY_ASSIGNED_CONTEXT((#2208))
GLOBAL_UNIT_ASSIGNED_CONTEXT((#2214,#2216,#2217))
REPRESENTATION_CONTEXT('','3D')
);
#2213=(
GEOMETRIC_REPRESENTATION_CONTEXT(3)
GLOBAL_UNCERTAINTY_ASSIGNED_CONTEXT((#2209))
GLOBAL_UNIT_ASSIGNED_CONTEXT((#2214,#2216,#2217))
REPRESENTATION_CONTEXT('','3D')
);
#2214=(
LENGTH_UNIT()
NAMED_UNIT(*)
SI_UNIT(.MILLI.,.METRE.)
);
#2215=(
LENGTH_UNIT()
NAMED_UNIT(*)
SI_UNIT($,.METRE.)
);
#2216=(
NAMED_UNIT(*)
PLANE_ANGLE_UNIT()
SI_UNIT($,.RADIAN.)
);
#2217=(
NAMED_UNIT(*)
SI_UNIT($,.STERADIAN.)
SOLID_ANGLE_UNIT()
);
#2218=SHAPE_DEFINITION_REPRESENTATION(#2221,#2226);
#2219=SHAPE_DEFINITION_REPRESENTATION(#2222,#2227);
#2220=SHAPE_DEFINITION_REPRESENTATION(#2223,#2228);
#2221=PRODUCT_DEFINITION_SHAPE('',$,#2230);
#2222=PRODUCT_DEFINITION_SHAPE('',$,#2231);
#2223=PRODUCT_DEFINITION_SHAPE('',$,#2232);
#2224=PRODUCT_DEFINITION_SHAPE($,$,#17);
#2225=PRODUCT_DEFINITION_SHAPE($,$,#18);
#2226=SHAPE_REPRESENTATION('',(#1219,#1326),#2210);
#2227=SHAPE_REPRESENTATION('',(#1220,#1325),#2211);
#2228=SHAPE_REPRESENTATION('',(#1221),#2212);
#2229=PRODUCT_DEFINITION_CONTEXT('part definition',#2240,'design');
#2230=PRODUCT_DEFINITION('2025-12-08-00-33-07-883','Arm (1)',#2233,#2229);
#2231=PRODUCT_DEFINITION('2025-12-08-00-40-28-529','Arm',#2234,#2229);
#2232=PRODUCT_DEFINITION('2025-12-08-02-38-12-102','Palm',#2235,#2229);
#2233=PRODUCT_DEFINITION_FORMATION('',$,#2242);
#2234=PRODUCT_DEFINITION_FORMATION('',$,#2243);
#2235=PRODUCT_DEFINITION_FORMATION('',$,#2244);
#2236=PRODUCT_RELATED_PRODUCT_CATEGORY('Arm (1)','Arm (1)',(#2242));
#2237=PRODUCT_RELATED_PRODUCT_CATEGORY('Arm','Arm',(#2243));
#2238=PRODUCT_RELATED_PRODUCT_CATEGORY('Palm','Palm',(#2244));
#2239=APPLICATION_PROTOCOL_DEFINITION('international standard',
'automotive_design',2009,#2240);
#2240=APPLICATION_CONTEXT(
'Core Data for Automotive Mechanical Design Process');
#2241=PRODUCT_CONTEXT('part definition',#2240,'mechanical');
#2242=PRODUCT('2025-12-08-00-33-07-883','Arm (1)',$,(#2241));
#2243=PRODUCT('2025-12-08-00-40-28-529','Arm',$,(#2241));
#2244=PRODUCT('2025-12-08-02-38-12-102','Palm',$,(#2241));
#2245=PRESENTATION_STYLE_ASSIGNMENT((#2257));
#2246=PRESENTATION_STYLE_ASSIGNMENT((#2258));
#2247=PRESENTATION_STYLE_ASSIGNMENT((#2259));
#2248=PRESENTATION_STYLE_ASSIGNMENT((#2260));
#2249=PRESENTATION_STYLE_ASSIGNMENT((#2261));
#2250=PRESENTATION_STYLE_ASSIGNMENT((#2262));
#2251=PRESENTATION_STYLE_ASSIGNMENT((#2263));
#2252=PRESENTATION_STYLE_ASSIGNMENT((#2264));
#2253=PRESENTATION_STYLE_ASSIGNMENT((#2265));
#2254=PRESENTATION_STYLE_ASSIGNMENT((#2266));
#2255=PRESENTATION_STYLE_ASSIGNMENT((#2267));
#2256=PRESENTATION_STYLE_ASSIGNMENT((#2268));
#2257=SURFACE_STYLE_USAGE(.BOTH.,#2269);
#2258=SURFACE_STYLE_USAGE(.BOTH.,#2270);
#2259=SURFACE_STYLE_USAGE(.BOTH.,#2271);
#2260=SURFACE_STYLE_USAGE(.BOTH.,#2272);
#2261=SURFACE_STYLE_USAGE(.BOTH.,#2273);
#2262=SURFACE_STYLE_USAGE(.BOTH.,#2274);
#2263=SURFACE_STYLE_USAGE(.BOTH.,#2275);
#2264=SURFACE_STYLE_USAGE(.BOTH.,#2276);
#2265=SURFACE_STYLE_USAGE(.BOTH.,#2277);
#2266=SURFACE_STYLE_USAGE(.BOTH.,#2278);
#2267=SURFACE_STYLE_USAGE(.BOTH.,#2279);
#2268=SURFACE_STYLE_USAGE(.BOTH.,#2280);
#2269=SURFACE_SIDE_STYLE('',(#2281));
#2270=SURFACE_SIDE_STYLE('',(#2282));
#2271=SURFACE_SIDE_STYLE('',(#2283));
#2272=SURFACE_SIDE_STYLE('',(#2284));
#2273=SURFACE_SIDE_STYLE('',(#2285));
#2274=SURFACE_SIDE_STYLE('',(#2286));
#2275=SURFACE_SIDE_STYLE('',(#2287));
#2276=SURFACE_SIDE_STYLE('',(#2288));
#2277=SURFACE_SIDE_STYLE('',(#2289));
#2278=SURFACE_SIDE_STYLE('',(#2290));
#2279=SURFACE_SIDE_STYLE('',(#2291));
#2280=SURFACE_SIDE_STYLE('',(#2292));
#2281=SURFACE_STYLE_FILL_AREA(#2293);
#2282=SURFACE_STYLE_FILL_AREA(#2294);
#2283=SURFACE_STYLE_FILL_AREA(#2295);
#2284=SURFACE_STYLE_FILL_AREA(#2296);
#2285=SURFACE_STYLE_FILL_AREA(#2297);
#2286=SURFACE_STYLE_FILL_AREA(#2298);
#2287=SURFACE_STYLE_FILL_AREA(#2299);
#2288=SURFACE_STYLE_FILL_AREA(#2300);
#2289=SURFACE_STYLE_FILL_AREA(#2301);
#2290=SURFACE_STYLE_FILL_AREA(#2302);
#2291=SURFACE_STYLE_FILL_AREA(#2303);
#2292=SURFACE_STYLE_FILL_AREA(#2304);
#2293=FILL_AREA_STYLE('Steel - Satin',(#2305));
#2294=FILL_AREA_STYLE('Plastic - Matte (Black)',(#2306));
#2295=FILL_AREA_STYLE('Aluminum - Satin',(#2307));
#2296=FILL_AREA_STYLE('Aluminum - Polished',(#2308));
#2297=FILL_AREA_STYLE('Paek (Beige)',(#2309));
#2298=FILL_AREA_STYLE('Copper - Patina',(#2310));
#2299=FILL_AREA_STYLE('Plastic - Matte (Yellow)',(#2311));
#2300=FILL_AREA_STYLE('Plastic - Matte (Red)',(#2312));
#2301=FILL_AREA_STYLE('Stainless Steel - Polished',(#2313));
#2302=FILL_AREA_STYLE('Plastic - Matte (Green)',(#2314));
#2303=FILL_AREA_STYLE('Plastic - Matte (Blue)',(#2315));
#2304=FILL_AREA_STYLE('Opaque(64,64,64)',(#2316));
#2305=FILL_AREA_STYLE_COLOUR('Steel - Satin',#2317);
#2306=FILL_AREA_STYLE_COLOUR('Plastic - Matte (Black)',#2318);
#2307=FILL_AREA_STYLE_COLOUR('Aluminum - Satin',#2319);
#2308=FILL_AREA_STYLE_COLOUR('Aluminum - Polished',#2320);
#2309=FILL_AREA_STYLE_COLOUR('Paek (Beige)',#2321);
#2310=FILL_AREA_STYLE_COLOUR('Copper - Patina',#2322);
#2311=FILL_AREA_STYLE_COLOUR('Plastic - Matte (Yellow)',#2323);
#2312=FILL_AREA_STYLE_COLOUR('Plastic - Matte (Red)',#2324);
#2313=FILL_AREA_STYLE_COLOUR('Stainless Steel - Polished',#2325);
#2314=FILL_AREA_STYLE_COLOUR('Plastic - Matte (Green)',#2326);
#2315=FILL_AREA_STYLE_COLOUR('Plastic - Matte (Blue)',#2327);
#2316=FILL_AREA_STYLE_COLOUR('Opaque(64,64,64)',#2328);
#2317=COLOUR_RGB('Steel - Satin',0.627450980392157,0.627450980392157,0.627450980392157);
#2318=COLOUR_RGB('Plastic - Matte (Black)',0.0980392156862745,0.0980392156862745,
0.0980392156862745);
#2319=COLOUR_RGB('Aluminum - Satin',0.96078431372549,0.96078431372549,0.964705882352941);
#2320=COLOUR_RGB('Aluminum - Polished',0.96078431372549,0.96078431372549,
0.964705882352941);
#2321=COLOUR_RGB('Paek (Beige)',0.898039215686275,0.792156862745098,0.619607843137255);
#2322=COLOUR_RGB('Copper - Patina',0.929411764705882,0.807843137254902,
0.764705882352941);
#2323=COLOUR_RGB('Plastic - Matte (Yellow)',0.909803921568627,0.67843137254902,
0.137254901960784);
#2324=COLOUR_RGB('Plastic - Matte (Red)',0.768627450980392,0.207843137254902,
0.152941176470588);
#2325=COLOUR_RGB('Stainless Steel - Polished',0.796078431372549,0.796078431372549,
0.796078431372549);
#2326=COLOUR_RGB('Plastic - Matte (Green)',0.266666666666667,0.588235294117647,
0.282352941176471);
#2327=COLOUR_RGB('Plastic - Matte (Blue)',0.188235294117647,0.231372549019608,
0.588235294117647);
#2328=COLOUR_RGB('Opaque(64,64,64)',0.250980392156863,0.250980392156863,
0.250980392156863);
ENDSEC;
END-ISO-10303-21;
