ISO-10303-21;
HEADER;
/* Generated by software containing ST-Developer
 * from STEP Tools, Inc. (www.steptools.com) 
 */

FILE_DESCRIPTION(
/* description */ (''),
/* implementation_level */ '2;1');

FILE_NAME(
/* name */ 'Forearm 1.step',
/* time_stamp */ '2026-01-29T12:04:48Z',
/* author */ (''),
/* organization */ (''),
/* preprocessor_version */ 'ST-DEVELOPER v20.1',
/* originating_system */ 'Autodesk Translation Framework v14.24.0.0',
/* authorisation */ '');

FILE_SCHEMA (('AUTOMOTIVE_DESIGN { 1 0 10303 214 3 1 1 }'));
ENDSEC;

DATA;
#10=MECHANICAL_DESIGN_GEOMETRIC_PRESENTATION_REPRESENTATION('',(#21),#5077);
#11=ITEM_DEFINED_TRANSFORMATION($,$,#3064,#3341);
#12=ITEM_DEFINED_TRANSFORMATION($,$,#3063,#3342);
#13=(
REPRESENTATION_RELATIONSHIP($,$,#5092,#5091)
REPRESENTATION_RELATIONSHIP_WITH_TRANSFORMATION(#11)
SHAPE_REPRESENTATION_RELATIONSHIP()
);
#14=(
REPRESENTATION_RELATIONSHIP($,$,#5091,#5090)
REPRESENTATION_RELATIONSHIP_WITH_TRANSFORMATION(#12)
SHAPE_REPRESENTATION_RELATIONSHIP()
);
#15=CONTEXT_DEPENDENT_SHAPE_REPRESENTATION(#13,#5088);
#16=CONTEXT_DEPENDENT_SHAPE_REPRESENTATION(#14,#5089);
#17=NEXT_ASSEMBLY_USAGE_OCCURRENCE('Forearm 1:1','Forearm 1:1',
'Forearm 1:1',#5095,#5096,'Forearm 1:1');
#18=NEXT_ASSEMBLY_USAGE_OCCURRENCE('Arm:1','Arm:1','Arm:1',#5094,#5095,
'Arm:1');
#19=SHAPE_REPRESENTATION_RELATIONSHIP('SRR','None',#5092,#20);
#20=ADVANCED_BREP_SHAPE_REPRESENTATION('',(#22),#5076);
#21=STYLED_ITEM('',(#5110),#22);
#22=MANIFOLD_SOLID_BREP('Body1',#3049);
#23=CIRCLE('',#3075,2.55);
#24=CIRCLE('',#3076,2.55);
#25=CIRCLE('',#3077,2.55);
#26=CIRCLE('',#3079,2.55000000000001);
#27=CIRCLE('',#3080,2.55000000000001);
#28=CIRCLE('',#3081,2.55000000000001);
#29=CIRCLE('',#3083,2.55);
#30=CIRCLE('',#3085,2.55);
#31=CIRCLE('',#3088,2.55000000000001);
#32=CIRCLE('',#3090,2.55000000000001);
#33=CIRCLE('',#3092,1.37);
#34=CIRCLE('',#3093,1.37);
#35=CIRCLE('',#3096,1.37);
#36=CIRCLE('',#3097,1.37);
#37=CIRCLE('',#3100,1.37);
#38=CIRCLE('',#3101,1.37);
#39=CIRCLE('',#3104,1.37);
#40=CIRCLE('',#3105,1.37);
#41=CIRCLE('',#3108,1.37);
#42=CIRCLE('',#3109,1.37);
#43=CIRCLE('',#3112,1.37);
#44=CIRCLE('',#3113,1.37);
#45=CIRCLE('',#3116,1.37);
#46=CIRCLE('',#3117,1.37);
#47=CIRCLE('',#3120,1.37);
#48=CIRCLE('',#3121,1.37);
#49=CIRCLE('',#3124,1.37);
#50=CIRCLE('',#3125,1.37);
#51=CIRCLE('',#3128,1.37);
#52=CIRCLE('',#3129,1.37);
#53=CIRCLE('',#3132,1.37);
#54=CIRCLE('',#3133,1.37);
#55=CIRCLE('',#3136,1.37);
#56=CIRCLE('',#3137,1.37);
#57=CIRCLE('',#3140,1.37);
#58=CIRCLE('',#3141,1.37);
#59=CIRCLE('',#3144,1.37);
#60=CIRCLE('',#3145,1.37);
#61=CIRCLE('',#3148,1.37);
#62=CIRCLE('',#3149,1.37);
#63=CIRCLE('',#3152,1.37);
#64=CIRCLE('',#3153,1.37);
#65=CIRCLE('',#3156,1.37);
#66=CIRCLE('',#3157,1.37);
#67=CIRCLE('',#3160,1.37);
#68=CIRCLE('',#3161,1.37);
#69=CIRCLE('',#3164,1.37);
#70=CIRCLE('',#3165,1.37);
#71=CIRCLE('',#3168,1.37);
#72=CIRCLE('',#3169,1.37);
#73=CIRCLE('',#3224,2.55);
#74=CIRCLE('',#3225,2.55);
#75=CIRCLE('',#3228,2.55);
#76=CIRCLE('',#3229,2.55);
#77=CIRCLE('',#3232,2.55000000000001);
#78=CIRCLE('',#3233,2.55000000000001);
#79=CIRCLE('',#3236,2.55000000000001);
#80=CIRCLE('',#3237,2.55000000000001);
#81=CIRCLE('',#3240,2.55);
#82=CIRCLE('',#3242,2.55);
#83=CIRCLE('',#3244,2.55000000000001);
#84=CIRCLE('',#3246,2.55000000000001);
#85=CIRCLE('',#3248,2.55000000000001);
#86=CIRCLE('',#3249,2.55000000000001);
#87=CIRCLE('',#3252,2.54999999999999);
#88=CIRCLE('',#3253,2.55000000000001);
#89=CIRCLE('',#3254,2.55);
#90=CIRCLE('',#3255,2.55);
#91=CIRCLE('',#3256,2.55);
#92=CIRCLE('',#3257,2.55000000000001);
#93=CIRCLE('',#3258,2.55000000000001);
#94=CIRCLE('',#3259,2.55000000000001);
#95=CIRCLE('',#3260,2.55);
#96=CIRCLE('',#3261,2.55);
#97=CIRCLE('',#3262,2.55);
#98=CIRCLE('',#3263,2.55000000000001);
#99=CIRCLE('',#3265,2.55000000000001);
#100=CIRCLE('',#3269,2.55);
#101=CIRCLE('',#3272,2.55);
#102=CIRCLE('',#3275,2.55);
#103=CIRCLE('',#3278,2.55000000000001);
#104=CIRCLE('',#3281,2.55000000000001);
#105=CIRCLE('',#3284,2.55000000000001);
#106=CIRCLE('',#3287,2.55);
#107=CIRCLE('',#3290,2.55);
#108=CIRCLE('',#3293,2.55);
#109=CIRCLE('',#3297,2.55000000000001);
#110=CIRCLE('',#3300,2.54999999999999);
#111=CIRCLE('',#3303,2.55000000000001);
#112=CIRCLE('',#3304,2.55000000000001);
#113=CIRCLE('',#3307,2.55);
#114=CIRCLE('',#3308,2.55);
#115=CYLINDRICAL_SURFACE('',#3074,2.55);
#116=CYLINDRICAL_SURFACE('',#3078,2.55000000000001);
#117=CYLINDRICAL_SURFACE('',#3084,2.55);
#118=CYLINDRICAL_SURFACE('',#3089,2.55000000000001);
#119=CYLINDRICAL_SURFACE('',#3091,1.37);
#120=CYLINDRICAL_SURFACE('',#3095,1.37);
#121=CYLINDRICAL_SURFACE('',#3099,1.37);
#122=CYLINDRICAL_SURFACE('',#3103,1.37);
#123=CYLINDRICAL_SURFACE('',#3107,1.37);
#124=CYLINDRICAL_SURFACE('',#3111,1.37);
#125=CYLINDRICAL_SURFACE('',#3115,1.37);
#126=CYLINDRICAL_SURFACE('',#3119,1.37);
#127=CYLINDRICAL_SURFACE('',#3123,1.37);
#128=CYLINDRICAL_SURFACE('',#3127,1.37);
#129=CYLINDRICAL_SURFACE('',#3131,1.37);
#130=CYLINDRICAL_SURFACE('',#3135,1.37);
#131=CYLINDRICAL_SURFACE('',#3139,1.37);
#132=CYLINDRICAL_SURFACE('',#3143,1.37);
#133=CYLINDRICAL_SURFACE('',#3147,1.37);
#134=CYLINDRICAL_SURFACE('',#3151,1.37);
#135=CYLINDRICAL_SURFACE('',#3155,1.37);
#136=CYLINDRICAL_SURFACE('',#3159,1.37);
#137=CYLINDRICAL_SURFACE('',#3163,1.37);
#138=CYLINDRICAL_SURFACE('',#3167,1.37);
#139=CYLINDRICAL_SURFACE('',#3223,2.55);
#140=CYLINDRICAL_SURFACE('',#3227,2.55);
#141=CYLINDRICAL_SURFACE('',#3231,2.55000000000001);
#142=CYLINDRICAL_SURFACE('',#3235,2.55000000000001);
#143=CYLINDRICAL_SURFACE('',#3241,2.55);
#144=CYLINDRICAL_SURFACE('',#3245,2.55000000000001);
#145=CYLINDRICAL_SURFACE('',#3247,2.55000000000001);
#146=CYLINDRICAL_SURFACE('',#3264,2.55000000000001);
#147=CYLINDRICAL_SURFACE('',#3268,2.55);
#148=CYLINDRICAL_SURFACE('',#3271,2.55);
#149=CYLINDRICAL_SURFACE('',#3274,2.55);
#150=CYLINDRICAL_SURFACE('',#3277,2.55000000000001);
#151=CYLINDRICAL_SURFACE('',#3280,2.55000000000001);
#152=CYLINDRICAL_SURFACE('',#3283,2.55000000000001);
#153=CYLINDRICAL_SURFACE('',#3286,2.55);
#154=CYLINDRICAL_SURFACE('',#3289,2.55);
#155=CYLINDRICAL_SURFACE('',#3292,2.55);
#156=CYLINDRICAL_SURFACE('',#3296,2.55000000000001);
#157=CYLINDRICAL_SURFACE('',#3299,2.54999999999999);
#158=CYLINDRICAL_SURFACE('',#3302,2.55000000000001);
#159=CYLINDRICAL_SURFACE('',#3306,2.55);
#160=FACE_BOUND('',#401,.T.);
#161=FACE_BOUND('',#405,.T.);
#162=FACE_BOUND('',#459,.T.);
#163=FACE_BOUND('',#460,.T.);
#164=FACE_BOUND('',#467,.T.);
#165=FACE_BOUND('',#468,.T.);
#166=FACE_BOUND('',#475,.T.);
#167=FACE_BOUND('',#476,.T.);
#168=FACE_BOUND('',#482,.T.);
#169=FACE_BOUND('',#483,.T.);
#170=FACE_BOUND('',#489,.T.);
#171=FACE_BOUND('',#490,.T.);
#172=FACE_BOUND('',#496,.T.);
#173=FACE_BOUND('',#497,.T.);
#174=FACE_BOUND('',#503,.T.);
#175=FACE_BOUND('',#504,.T.);
#176=FACE_BOUND('',#510,.T.);
#177=FACE_BOUND('',#511,.T.);
#178=FACE_BOUND('',#517,.T.);
#179=FACE_BOUND('',#518,.T.);
#180=FACE_BOUND('',#524,.T.);
#181=FACE_BOUND('',#525,.T.);
#182=FACE_BOUND('',#541,.T.);
#183=FACE_BOUND('',#542,.T.);
#184=FACE_BOUND('',#543,.T.);
#185=FACE_BOUND('',#544,.T.);
#186=FACE_BOUND('',#545,.T.);
#187=FACE_BOUND('',#546,.T.);
#188=FACE_BOUND('',#547,.T.);
#189=FACE_BOUND('',#548,.T.);
#190=FACE_BOUND('',#549,.T.);
#191=FACE_BOUND('',#550,.T.);
#192=FACE_BOUND('',#551,.T.);
#193=FACE_BOUND('',#552,.T.);
#194=FACE_BOUND('',#553,.T.);
#195=FACE_BOUND('',#554,.T.);
#196=FACE_BOUND('',#586,.T.);
#197=FACE_BOUND('',#587,.T.);
#198=FACE_BOUND('',#588,.T.);
#199=FACE_BOUND('',#589,.T.);
#200=FACE_BOUND('',#590,.T.);
#201=FACE_BOUND('',#591,.T.);
#202=FACE_BOUND('',#592,.T.);
#203=FACE_BOUND('',#594,.T.);
#204=FACE_BOUND('',#595,.T.);
#205=FACE_BOUND('',#596,.T.);
#206=FACE_BOUND('',#597,.T.);
#207=FACE_BOUND('',#598,.T.);
#208=FACE_BOUND('',#623,.T.);
#209=FACE_BOUND('',#624,.T.);
#210=FACE_BOUND('',#625,.T.);
#211=FACE_BOUND('',#626,.T.);
#212=FACE_BOUND('',#627,.T.);
#213=FACE_BOUND('',#633,.T.);
#214=ELLIPSE('',#3068,7.21248916810278,2.55);
#215=ELLIPSE('',#3072,7.21248916810284,2.55000000000001);
#216=FACE_OUTER_BOUND('',#398,.T.);
#217=FACE_OUTER_BOUND('',#399,.T.);
#218=FACE_OUTER_BOUND('',#400,.T.);
#219=FACE_OUTER_BOUND('',#402,.T.);
#220=FACE_OUTER_BOUND('',#403,.T.);
#221=FACE_OUTER_BOUND('',#404,.T.);
#222=FACE_OUTER_BOUND('',#406,.T.);
#223=FACE_OUTER_BOUND('',#407,.T.);
#224=FACE_OUTER_BOUND('',#408,.T.);
#225=FACE_OUTER_BOUND('',#409,.T.);
#226=FACE_OUTER_BOUND('',#410,.T.);
#227=FACE_OUTER_BOUND('',#411,.T.);
#228=FACE_OUTER_BOUND('',#412,.T.);
#229=FACE_OUTER_BOUND('',#413,.T.);
#230=FACE_OUTER_BOUND('',#414,.T.);
#231=FACE_OUTER_BOUND('',#415,.T.);
#232=FACE_OUTER_BOUND('',#416,.T.);
#233=FACE_OUTER_BOUND('',#417,.T.);
#234=FACE_OUTER_BOUND('',#418,.T.);
#235=FACE_OUTER_BOUND('',#419,.T.);
#236=FACE_OUTER_BOUND('',#420,.T.);
#237=FACE_OUTER_BOUND('',#421,.T.);
#238=FACE_OUTER_BOUND('',#422,.T.);
#239=FACE_OUTER_BOUND('',#423,.T.);
#240=FACE_OUTER_BOUND('',#424,.T.);
#241=FACE_OUTER_BOUND('',#425,.T.);
#242=FACE_OUTER_BOUND('',#426,.T.);
#243=FACE_OUTER_BOUND('',#427,.T.);
#244=FACE_OUTER_BOUND('',#428,.T.);
#245=FACE_OUTER_BOUND('',#429,.T.);
#246=FACE_OUTER_BOUND('',#430,.T.);
#247=FACE_OUTER_BOUND('',#431,.T.);
#248=FACE_OUTER_BOUND('',#432,.T.);
#249=FACE_OUTER_BOUND('',#433,.T.);
#250=FACE_OUTER_BOUND('',#434,.T.);
#251=FACE_OUTER_BOUND('',#435,.T.);
#252=FACE_OUTER_BOUND('',#436,.T.);
#253=FACE_OUTER_BOUND('',#437,.T.);
#254=FACE_OUTER_BOUND('',#438,.T.);
#255=FACE_OUTER_BOUND('',#439,.T.);
#256=FACE_OUTER_BOUND('',#440,.T.);
#257=FACE_OUTER_BOUND('',#441,.T.);
#258=FACE_OUTER_BOUND('',#442,.T.);
#259=FACE_OUTER_BOUND('',#443,.T.);
#260=FACE_OUTER_BOUND('',#444,.T.);
#261=FACE_OUTER_BOUND('',#445,.T.);
#262=FACE_OUTER_BOUND('',#446,.T.);
#263=FACE_OUTER_BOUND('',#447,.T.);
#264=FACE_OUTER_BOUND('',#448,.T.);
#265=FACE_OUTER_BOUND('',#449,.T.);
#266=FACE_OUTER_BOUND('',#450,.T.);
#267=FACE_OUTER_BOUND('',#451,.T.);
#268=FACE_OUTER_BOUND('',#452,.T.);
#269=FACE_OUTER_BOUND('',#453,.T.);
#270=FACE_OUTER_BOUND('',#454,.T.);
#271=FACE_OUTER_BOUND('',#455,.T.);
#272=FACE_OUTER_BOUND('',#456,.T.);
#273=FACE_OUTER_BOUND('',#457,.T.);
#274=FACE_OUTER_BOUND('',#458,.T.);
#275=FACE_OUTER_BOUND('',#461,.T.);
#276=FACE_OUTER_BOUND('',#462,.T.);
#277=FACE_OUTER_BOUND('',#463,.T.);
#278=FACE_OUTER_BOUND('',#464,.T.);
#279=FACE_OUTER_BOUND('',#465,.T.);
#280=FACE_OUTER_BOUND('',#466,.T.);
#281=FACE_OUTER_BOUND('',#469,.T.);
#282=FACE_OUTER_BOUND('',#470,.T.);
#283=FACE_OUTER_BOUND('',#471,.T.);
#284=FACE_OUTER_BOUND('',#472,.T.);
#285=FACE_OUTER_BOUND('',#473,.T.);
#286=FACE_OUTER_BOUND('',#474,.T.);
#287=FACE_OUTER_BOUND('',#477,.T.);
#288=FACE_OUTER_BOUND('',#478,.T.);
#289=FACE_OUTER_BOUND('',#479,.T.);
#290=FACE_OUTER_BOUND('',#480,.T.);
#291=FACE_OUTER_BOUND('',#481,.T.);
#292=FACE_OUTER_BOUND('',#484,.T.);
#293=FACE_OUTER_BOUND('',#485,.T.);
#294=FACE_OUTER_BOUND('',#486,.T.);
#295=FACE_OUTER_BOUND('',#487,.T.);
#296=FACE_OUTER_BOUND('',#488,.T.);
#297=FACE_OUTER_BOUND('',#491,.T.);
#298=FACE_OUTER_BOUND('',#492,.T.);
#299=FACE_OUTER_BOUND('',#493,.T.);
#300=FACE_OUTER_BOUND('',#494,.T.);
#301=FACE_OUTER_BOUND('',#495,.T.);
#302=FACE_OUTER_BOUND('',#498,.T.);
#303=FACE_OUTER_BOUND('',#499,.T.);
#304=FACE_OUTER_BOUND('',#500,.T.);
#305=FACE_OUTER_BOUND('',#501,.T.);
#306=FACE_OUTER_BOUND('',#502,.T.);
#307=FACE_OUTER_BOUND('',#505,.T.);
#308=FACE_OUTER_BOUND('',#506,.T.);
#309=FACE_OUTER_BOUND('',#507,.T.);
#310=FACE_OUTER_BOUND('',#508,.T.);
#311=FACE_OUTER_BOUND('',#509,.T.);
#312=FACE_OUTER_BOUND('',#512,.T.);
#313=FACE_OUTER_BOUND('',#513,.T.);
#314=FACE_OUTER_BOUND('',#514,.T.);
#315=FACE_OUTER_BOUND('',#515,.T.);
#316=FACE_OUTER_BOUND('',#516,.T.);
#317=FACE_OUTER_BOUND('',#519,.T.);
#318=FACE_OUTER_BOUND('',#520,.T.);
#319=FACE_OUTER_BOUND('',#521,.T.);
#320=FACE_OUTER_BOUND('',#522,.T.);
#321=FACE_OUTER_BOUND('',#523,.T.);
#322=FACE_OUTER_BOUND('',#526,.T.);
#323=FACE_OUTER_BOUND('',#527,.T.);
#324=FACE_OUTER_BOUND('',#528,.T.);
#325=FACE_OUTER_BOUND('',#529,.T.);
#326=FACE_OUTER_BOUND('',#530,.T.);
#327=FACE_OUTER_BOUND('',#531,.T.);
#328=FACE_OUTER_BOUND('',#532,.T.);
#329=FACE_OUTER_BOUND('',#533,.T.);
#330=FACE_OUTER_BOUND('',#534,.T.);
#331=FACE_OUTER_BOUND('',#535,.T.);
#332=FACE_OUTER_BOUND('',#536,.T.);
#333=FACE_OUTER_BOUND('',#537,.T.);
#334=FACE_OUTER_BOUND('',#538,.T.);
#335=FACE_OUTER_BOUND('',#539,.T.);
#336=FACE_OUTER_BOUND('',#540,.T.);
#337=FACE_OUTER_BOUND('',#555,.T.);
#338=FACE_OUTER_BOUND('',#556,.T.);
#339=FACE_OUTER_BOUND('',#557,.T.);
#340=FACE_OUTER_BOUND('',#558,.T.);
#341=FACE_OUTER_BOUND('',#559,.T.);
#342=FACE_OUTER_BOUND('',#560,.T.);
#343=FACE_OUTER_BOUND('',#561,.T.);
#344=FACE_OUTER_BOUND('',#562,.T.);
#345=FACE_OUTER_BOUND('',#563,.T.);
#346=FACE_OUTER_BOUND('',#564,.T.);
#347=FACE_OUTER_BOUND('',#565,.T.);
#348=FACE_OUTER_BOUND('',#566,.T.);
#349=FACE_OUTER_BOUND('',#567,.T.);
#350=FACE_OUTER_BOUND('',#568,.T.);
#351=FACE_OUTER_BOUND('',#569,.T.);
#352=FACE_OUTER_BOUND('',#570,.T.);
#353=FACE_OUTER_BOUND('',#571,.T.);
#354=FACE_OUTER_BOUND('',#572,.T.);
#355=FACE_OUTER_BOUND('',#573,.T.);
#356=FACE_OUTER_BOUND('',#574,.T.);
#357=FACE_OUTER_BOUND('',#575,.T.);
#358=FACE_OUTER_BOUND('',#576,.T.);
#359=FACE_OUTER_BOUND('',#577,.T.);
#360=FACE_OUTER_BOUND('',#578,.T.);
#361=FACE_OUTER_BOUND('',#579,.T.);
#362=FACE_OUTER_BOUND('',#580,.T.);
#363=FACE_OUTER_BOUND('',#581,.T.);
#364=FACE_OUTER_BOUND('',#582,.T.);
#365=FACE_OUTER_BOUND('',#583,.T.);
#366=FACE_OUTER_BOUND('',#584,.T.);
#367=FACE_OUTER_BOUND('',#585,.T.);
#368=FACE_OUTER_BOUND('',#593,.T.);
#369=FACE_OUTER_BOUND('',#599,.T.);
#370=FACE_OUTER_BOUND('',#600,.T.);
#371=FACE_OUTER_BOUND('',#601,.T.);
#372=FACE_OUTER_BOUND('',#602,.T.);
#373=FACE_OUTER_BOUND('',#603,.T.);
#374=FACE_OUTER_BOUND('',#604,.T.);
#375=FACE_OUTER_BOUND('',#605,.T.);
#376=FACE_OUTER_BOUND('',#606,.T.);
#377=FACE_OUTER_BOUND('',#607,.T.);
#378=FACE_OUTER_BOUND('',#608,.T.);
#379=FACE_OUTER_BOUND('',#609,.T.);
#380=FACE_OUTER_BOUND('',#610,.T.);
#381=FACE_OUTER_BOUND('',#611,.T.);
#382=FACE_OUTER_BOUND('',#612,.T.);
#383=FACE_OUTER_BOUND('',#613,.T.);
#384=FACE_OUTER_BOUND('',#614,.T.);
#385=FACE_OUTER_BOUND('',#615,.T.);
#386=FACE_OUTER_BOUND('',#616,.T.);
#387=FACE_OUTER_BOUND('',#617,.T.);
#388=FACE_OUTER_BOUND('',#618,.T.);
#389=FACE_OUTER_BOUND('',#619,.T.);
#390=FACE_OUTER_BOUND('',#620,.T.);
#391=FACE_OUTER_BOUND('',#621,.T.);
#392=FACE_OUTER_BOUND('',#622,.T.);
#393=FACE_OUTER_BOUND('',#628,.T.);
#394=FACE_OUTER_BOUND('',#629,.T.);
#395=FACE_OUTER_BOUND('',#630,.T.);
#396=FACE_OUTER_BOUND('',#631,.T.);
#397=FACE_OUTER_BOUND('',#632,.T.);
#398=EDGE_LOOP('',(#1922,#1923,#1924));
#399=EDGE_LOOP('',(#1925,#1926,#1927));
#400=EDGE_LOOP('',(#1928,#1929,#1930,#1931));
#401=EDGE_LOOP('',(#1932,#1933));
#402=EDGE_LOOP('',(#1934,#1935,#1936,#1937));
#403=EDGE_LOOP('',(#1938,#1939,#1940,#1941,#1942,#1943,#1944,#1945));
#404=EDGE_LOOP('',(#1946,#1947,#1948,#1949));
#405=EDGE_LOOP('',(#1950,#1951));
#406=EDGE_LOOP('',(#1952,#1953,#1954,#1955,#1956,#1957,#1958,#1959));
#407=EDGE_LOOP('',(#1960,#1961,#1962,#1963,#1964,#1965));
#408=EDGE_LOOP('',(#1966,#1967,#1968,#1969,#1970,#1971));
#409=EDGE_LOOP('',(#1972,#1973));
#410=EDGE_LOOP('',(#1974,#1975,#1976,#1977));
#411=EDGE_LOOP('',(#1978,#1979,#1980,#1981));
#412=EDGE_LOOP('',(#1982,#1983));
#413=EDGE_LOOP('',(#1984,#1985,#1986,#1987));
#414=EDGE_LOOP('',(#1988,#1989,#1990,#1991));
#415=EDGE_LOOP('',(#1992));
#416=EDGE_LOOP('',(#1993,#1994,#1995,#1996));
#417=EDGE_LOOP('',(#1997));
#418=EDGE_LOOP('',(#1998,#1999,#2000,#2001));
#419=EDGE_LOOP('',(#2002));
#420=EDGE_LOOP('',(#2003,#2004,#2005,#2006));
#421=EDGE_LOOP('',(#2007));
#422=EDGE_LOOP('',(#2008,#2009,#2010,#2011));
#423=EDGE_LOOP('',(#2012));
#424=EDGE_LOOP('',(#2013,#2014,#2015,#2016));
#425=EDGE_LOOP('',(#2017));
#426=EDGE_LOOP('',(#2018,#2019,#2020,#2021));
#427=EDGE_LOOP('',(#2022));
#428=EDGE_LOOP('',(#2023,#2024,#2025,#2026));
#429=EDGE_LOOP('',(#2027));
#430=EDGE_LOOP('',(#2028,#2029,#2030,#2031));
#431=EDGE_LOOP('',(#2032));
#432=EDGE_LOOP('',(#2033,#2034,#2035,#2036));
#433=EDGE_LOOP('',(#2037));
#434=EDGE_LOOP('',(#2038,#2039,#2040,#2041));
#435=EDGE_LOOP('',(#2042));
#436=EDGE_LOOP('',(#2043,#2044,#2045,#2046));
#437=EDGE_LOOP('',(#2047));
#438=EDGE_LOOP('',(#2048,#2049,#2050,#2051));
#439=EDGE_LOOP('',(#2052));
#440=EDGE_LOOP('',(#2053,#2054,#2055,#2056));
#441=EDGE_LOOP('',(#2057));
#442=EDGE_LOOP('',(#2058,#2059,#2060,#2061));
#443=EDGE_LOOP('',(#2062));
#444=EDGE_LOOP('',(#2063,#2064,#2065,#2066));
#445=EDGE_LOOP('',(#2067));
#446=EDGE_LOOP('',(#2068,#2069,#2070,#2071));
#447=EDGE_LOOP('',(#2072));
#448=EDGE_LOOP('',(#2073,#2074,#2075,#2076));
#449=EDGE_LOOP('',(#2077));
#450=EDGE_LOOP('',(#2078,#2079,#2080,#2081));
#451=EDGE_LOOP('',(#2082));
#452=EDGE_LOOP('',(#2083,#2084,#2085,#2086));
#453=EDGE_LOOP('',(#2087));
#454=EDGE_LOOP('',(#2088,#2089,#2090,#2091,#2092));
#455=EDGE_LOOP('',(#2093,#2094,#2095,#2096));
#456=EDGE_LOOP('',(#2097,#2098,#2099,#2100));
#457=EDGE_LOOP('',(#2101,#2102,#2103,#2104,#2105));
#458=EDGE_LOOP('',(#2106,#2107,#2108,#2109));
#459=EDGE_LOOP('',(#2110));
#460=EDGE_LOOP('',(#2111));
#461=EDGE_LOOP('',(#2112,#2113,#2114,#2115,#2116,#2117,#2118,#2119,#2120,
#2121,#2122,#2123,#2124,#2125,#2126,#2127,#2128,#2129,#2130,#2131,#2132,
#2133,#2134,#2135,#2136,#2137,#2138,#2139,#2140,#2141,#2142,#2143,#2144,
#2145,#2146,#2147,#2148,#2149,#2150,#2151,#2152,#2153,#2154,#2155));
#462=EDGE_LOOP('',(#2156,#2157,#2158,#2159,#2160));
#463=EDGE_LOOP('',(#2161,#2162,#2163,#2164));
#464=EDGE_LOOP('',(#2165,#2166,#2167,#2168,#2169));
#465=EDGE_LOOP('',(#2170,#2171,#2172,#2173));
#466=EDGE_LOOP('',(#2174,#2175,#2176,#2177));
#467=EDGE_LOOP('',(#2178));
#468=EDGE_LOOP('',(#2179));
#469=EDGE_LOOP('',(#2180,#2181,#2182,#2183,#2184,#2185,#2186,#2187,#2188,
#2189,#2190,#2191,#2192,#2193,#2194,#2195,#2196,#2197,#2198,#2199,#2200,
#2201,#2202,#2203));
#470=EDGE_LOOP('',(#2204,#2205,#2206,#2207));
#471=EDGE_LOOP('',(#2208,#2209,#2210,#2211));
#472=EDGE_LOOP('',(#2212,#2213,#2214,#2215));
#473=EDGE_LOOP('',(#2216,#2217,#2218,#2219));
#474=EDGE_LOOP('',(#2220,#2221,#2222,#2223));
#475=EDGE_LOOP('',(#2224));
#476=EDGE_LOOP('',(#2225));
#477=EDGE_LOOP('',(#2226,#2227,#2228,#2229));
#478=EDGE_LOOP('',(#2230,#2231,#2232,#2233));
#479=EDGE_LOOP('',(#2234,#2235,#2236,#2237));
#480=EDGE_LOOP('',(#2238,#2239,#2240,#2241));
#481=EDGE_LOOP('',(#2242,#2243,#2244,#2245));
#482=EDGE_LOOP('',(#2246));
#483=EDGE_LOOP('',(#2247));
#484=EDGE_LOOP('',(#2248,#2249,#2250,#2251,#2252));
#485=EDGE_LOOP('',(#2253,#2254,#2255,#2256));
#486=EDGE_LOOP('',(#2257,#2258,#2259,#2260));
#487=EDGE_LOOP('',(#2261,#2262,#2263,#2264,#2265));
#488=EDGE_LOOP('',(#2266,#2267,#2268,#2269));
#489=EDGE_LOOP('',(#2270));
#490=EDGE_LOOP('',(#2271));
#491=EDGE_LOOP('',(#2272,#2273,#2274,#2275,#2276));
#492=EDGE_LOOP('',(#2277,#2278,#2279,#2280));
#493=EDGE_LOOP('',(#2281,#2282,#2283,#2284,#2285));
#494=EDGE_LOOP('',(#2286,#2287,#2288,#2289));
#495=EDGE_LOOP('',(#2290,#2291,#2292,#2293));
#496=EDGE_LOOP('',(#2294));
#497=EDGE_LOOP('',(#2295));
#498=EDGE_LOOP('',(#2296,#2297,#2298,#2299));
#499=EDGE_LOOP('',(#2300,#2301,#2302,#2303));
#500=EDGE_LOOP('',(#2304,#2305,#2306,#2307));
#501=EDGE_LOOP('',(#2308,#2309,#2310,#2311));
#502=EDGE_LOOP('',(#2312,#2313,#2314,#2315));
#503=EDGE_LOOP('',(#2316));
#504=EDGE_LOOP('',(#2317));
#505=EDGE_LOOP('',(#2318,#2319,#2320,#2321));
#506=EDGE_LOOP('',(#2322,#2323,#2324,#2325));
#507=EDGE_LOOP('',(#2326,#2327,#2328,#2329));
#508=EDGE_LOOP('',(#2330,#2331,#2332,#2333));
#509=EDGE_LOOP('',(#2334,#2335,#2336,#2337));
#510=EDGE_LOOP('',(#2338));
#511=EDGE_LOOP('',(#2339));
#512=EDGE_LOOP('',(#2340,#2341,#2342,#2343));
#513=EDGE_LOOP('',(#2344,#2345,#2346,#2347));
#514=EDGE_LOOP('',(#2348,#2349,#2350,#2351));
#515=EDGE_LOOP('',(#2352,#2353,#2354,#2355));
#516=EDGE_LOOP('',(#2356,#2357,#2358,#2359));
#517=EDGE_LOOP('',(#2360));
#518=EDGE_LOOP('',(#2361));
#519=EDGE_LOOP('',(#2362,#2363,#2364,#2365,#2366));
#520=EDGE_LOOP('',(#2367,#2368,#2369,#2370));
#521=EDGE_LOOP('',(#2371,#2372,#2373,#2374,#2375));
#522=EDGE_LOOP('',(#2376,#2377,#2378,#2379));
#523=EDGE_LOOP('',(#2380,#2381,#2382,#2383));
#524=EDGE_LOOP('',(#2384));
#525=EDGE_LOOP('',(#2385));
#526=EDGE_LOOP('',(#2386,#2387,#2388,#2389));
#527=EDGE_LOOP('',(#2390));
#528=EDGE_LOOP('',(#2391,#2392,#2393,#2394));
#529=EDGE_LOOP('',(#2395));
#530=EDGE_LOOP('',(#2396,#2397,#2398,#2399));
#531=EDGE_LOOP('',(#2400));
#532=EDGE_LOOP('',(#2401,#2402,#2403,#2404));
#533=EDGE_LOOP('',(#2405));
#534=EDGE_LOOP('',(#2406,#2407));
#535=EDGE_LOOP('',(#2408,#2409,#2410,#2411));
#536=EDGE_LOOP('',(#2412,#2413));
#537=EDGE_LOOP('',(#2414,#2415,#2416,#2417));
#538=EDGE_LOOP('',(#2418,#2419,#2420,#2421));
#539=EDGE_LOOP('',(#2422));
#540=EDGE_LOOP('',(#2423,#2424,#2425,#2426,#2427,#2428,#2429,#2430,#2431,
#2432,#2433,#2434,#2435,#2436,#2437,#2438,#2439,#2440));
#541=EDGE_LOOP('',(#2441));
#542=EDGE_LOOP('',(#2442));
#543=EDGE_LOOP('',(#2443));
#544=EDGE_LOOP('',(#2444));
#545=EDGE_LOOP('',(#2445));
#546=EDGE_LOOP('',(#2446));
#547=EDGE_LOOP('',(#2447));
#548=EDGE_LOOP('',(#2448));
#549=EDGE_LOOP('',(#2449));
#550=EDGE_LOOP('',(#2450));
#551=EDGE_LOOP('',(#2451));
#552=EDGE_LOOP('',(#2452));
#553=EDGE_LOOP('',(#2453));
#554=EDGE_LOOP('',(#2454));
#555=EDGE_LOOP('',(#2455,#2456,#2457,#2458));
#556=EDGE_LOOP('',(#2459));
#557=EDGE_LOOP('',(#2460,#2461,#2462));
#558=EDGE_LOOP('',(#2463,#2464,#2465,#2466));
#559=EDGE_LOOP('',(#2467));
#560=EDGE_LOOP('',(#2468,#2469,#2470,#2471));
#561=EDGE_LOOP('',(#2472));
#562=EDGE_LOOP('',(#2473,#2474,#2475,#2476));
#563=EDGE_LOOP('',(#2477));
#564=EDGE_LOOP('',(#2478,#2479,#2480,#2481));
#565=EDGE_LOOP('',(#2482));
#566=EDGE_LOOP('',(#2483,#2484,#2485,#2486));
#567=EDGE_LOOP('',(#2487));
#568=EDGE_LOOP('',(#2488,#2489,#2490,#2491));
#569=EDGE_LOOP('',(#2492));
#570=EDGE_LOOP('',(#2493,#2494,#2495,#2496));
#571=EDGE_LOOP('',(#2497));
#572=EDGE_LOOP('',(#2498,#2499,#2500,#2501));
#573=EDGE_LOOP('',(#2502));
#574=EDGE_LOOP('',(#2503,#2504,#2505,#2506));
#575=EDGE_LOOP('',(#2507));
#576=EDGE_LOOP('',(#2508,#2509,#2510));
#577=EDGE_LOOP('',(#2511,#2512,#2513,#2514));
#578=EDGE_LOOP('',(#2515));
#579=EDGE_LOOP('',(#2516,#2517,#2518,#2519));
#580=EDGE_LOOP('',(#2520));
#581=EDGE_LOOP('',(#2521,#2522,#2523,#2524));
#582=EDGE_LOOP('',(#2525));
#583=EDGE_LOOP('',(#2526,#2527,#2528,#2529));
#584=EDGE_LOOP('',(#2530));
#585=EDGE_LOOP('',(#2531,#2532,#2533,#2534));
#586=EDGE_LOOP('',(#2535));
#587=EDGE_LOOP('',(#2536));
#588=EDGE_LOOP('',(#2537,#2538,#2539,#2540));
#589=EDGE_LOOP('',(#2541,#2542,#2543,#2544));
#590=EDGE_LOOP('',(#2545,#2546,#2547,#2548));
#591=EDGE_LOOP('',(#2549,#2550,#2551,#2552));
#592=EDGE_LOOP('',(#2553,#2554,#2555,#2556));
#593=EDGE_LOOP('',(#2557,#2558,#2559,#2560,#2561,#2562,#2563,#2564,#2565,
#2566,#2567,#2568,#2569,#2570,#2571,#2572,#2573,#2574));
#594=EDGE_LOOP('',(#2575));
#595=EDGE_LOOP('',(#2576));
#596=EDGE_LOOP('',(#2577));
#597=EDGE_LOOP('',(#2578));
#598=EDGE_LOOP('',(#2579));
#599=EDGE_LOOP('',(#2580,#2581,#2582,#2583));
#600=EDGE_LOOP('',(#2584,#2585,#2586,#2587));
#601=EDGE_LOOP('',(#2588,#2589,#2590,#2591));
#602=EDGE_LOOP('',(#2592,#2593,#2594,#2595));
#603=EDGE_LOOP('',(#2596,#2597,#2598,#2599));
#604=EDGE_LOOP('',(#2600,#2601,#2602,#2603));
#605=EDGE_LOOP('',(#2604,#2605,#2606,#2607));
#606=EDGE_LOOP('',(#2608,#2609,#2610,#2611));
#607=EDGE_LOOP('',(#2612,#2613,#2614,#2615));
#608=EDGE_LOOP('',(#2616,#2617,#2618,#2619));
#609=EDGE_LOOP('',(#2620,#2621,#2622,#2623));
#610=EDGE_LOOP('',(#2624,#2625,#2626,#2627));
#611=EDGE_LOOP('',(#2628,#2629,#2630,#2631,#2632,#2633,#2634,#2635,#2636,
#2637,#2638,#2639,#2640,#2641));
#612=EDGE_LOOP('',(#2642,#2643,#2644,#2645));
#613=EDGE_LOOP('',(#2646,#2647,#2648,#2649));
#614=EDGE_LOOP('',(#2650,#2651,#2652,#2653));
#615=EDGE_LOOP('',(#2654,#2655,#2656,#2657));
#616=EDGE_LOOP('',(#2658,#2659,#2660,#2661));
#617=EDGE_LOOP('',(#2662,#2663,#2664,#2665));
#618=EDGE_LOOP('',(#2666,#2667,#2668,#2669));
#619=EDGE_LOOP('',(#2670,#2671,#2672,#2673));
#620=EDGE_LOOP('',(#2674,#2675,#2676,#2677));
#621=EDGE_LOOP('',(#2678,#2679,#2680,#2681));
#622=EDGE_LOOP('',(#2682,#2683,#2684,#2685));
#623=EDGE_LOOP('',(#2686,#2687,#2688,#2689));
#624=EDGE_LOOP('',(#2690,#2691,#2692,#2693));
#625=EDGE_LOOP('',(#2694,#2695,#2696,#2697));
#626=EDGE_LOOP('',(#2698,#2699,#2700,#2701));
#627=EDGE_LOOP('',(#2702,#2703,#2704,#2705));
#628=EDGE_LOOP('',(#2706,#2707,#2708,#2709));
#629=EDGE_LOOP('',(#2710,#2711,#2712,#2713));
#630=EDGE_LOOP('',(#2714,#2715,#2716,#2717));
#631=EDGE_LOOP('',(#2718,#2719,#2720,#2721));
#632=EDGE_LOOP('',(#2722,#2723,#2724,#2725));
#633=EDGE_LOOP('',(#2726,#2727,#2728,#2729));
#634=LINE('',#4221,#944);
#635=LINE('',#4223,#945);
#636=LINE('',#4224,#946);
#637=LINE('',#4228,#947);
#638=LINE('',#4230,#948);
#639=LINE('',#4231,#949);
#640=LINE('',#4235,#950);
#641=LINE('',#4236,#951);
#642=LINE('',#4237,#952);
#643=LINE('',#4241,#953);
#644=LINE('',#4243,#954);
#645=LINE('',#4244,#955);
#646=LINE('',#4248,#956);
#647=LINE('',#4249,#957);
#648=LINE('',#4251,#958);
#649=LINE('',#4253,#959);
#650=LINE('',#4255,#960);
#651=LINE('',#4257,#961);
#652=LINE('',#4258,#962);
#653=LINE('',#4262,#963);
#654=LINE('',#4263,#964);
#655=LINE('',#4264,#965);
#656=LINE('',#4268,#966);
#657=LINE('',#4272,#967);
#658=LINE('',#4273,#968);
#659=LINE('',#4275,#969);
#660=LINE('',#4277,#970);
#661=LINE('',#4279,#971);
#662=LINE('',#4281,#972);
#663=LINE('',#4282,#973);
#664=LINE('',#4287,#974);
#665=LINE('',#4294,#975);
#666=LINE('',#4302,#976);
#667=LINE('',#4311,#977);
#668=LINE('',#4318,#978);
#669=LINE('',#4325,#979);
#670=LINE('',#4332,#980);
#671=LINE('',#4339,#981);
#672=LINE('',#4346,#982);
#673=LINE('',#4353,#983);
#674=LINE('',#4360,#984);
#675=LINE('',#4367,#985);
#676=LINE('',#4374,#986);
#677=LINE('',#4381,#987);
#678=LINE('',#4388,#988);
#679=LINE('',#4395,#989);
#680=LINE('',#4402,#990);
#681=LINE('',#4409,#991);
#682=LINE('',#4416,#992);
#683=LINE('',#4423,#993);
#684=LINE('',#4430,#994);
#685=LINE('',#4437,#995);
#686=LINE('',#4444,#996);
#687=LINE('',#4450,#997);
#688=LINE('',#4452,#998);
#689=LINE('',#4454,#999);
#690=LINE('',#4456,#1000);
#691=LINE('',#4457,#1001);
#692=LINE('',#4460,#1002);
#693=LINE('',#4462,#1003);
#694=LINE('',#4463,#1004);
#695=LINE('',#4466,#1005);
#696=LINE('',#4468,#1006);
#697=LINE('',#4469,#1007);
#698=LINE('',#4472,#1008);
#699=LINE('',#4473,#1009);
#700=LINE('',#4474,#1010);
#701=LINE('',#4478,#1011);
#702=LINE('',#4480,#1012);
#703=LINE('',#4482,#1013);
#704=LINE('',#4484,#1014);
#705=LINE('',#4486,#1015);
#706=LINE('',#4488,#1016);
#707=LINE('',#4490,#1017);
#708=LINE('',#4492,#1018);
#709=LINE('',#4494,#1019);
#710=LINE('',#4496,#1020);
#711=LINE('',#4498,#1021);
#712=LINE('',#4500,#1022);
#713=LINE('',#4502,#1023);
#714=LINE('',#4504,#1024);
#715=LINE('',#4506,#1025);
#716=LINE('',#4508,#1026);
#717=LINE('',#4510,#1027);
#718=LINE('',#4512,#1028);
#719=LINE('',#4514,#1029);
#720=LINE('',#4516,#1030);
#721=LINE('',#4518,#1031);
#722=LINE('',#4520,#1032);
#723=LINE('',#4522,#1033);
#724=LINE('',#4524,#1034);
#725=LINE('',#4526,#1035);
#726=LINE('',#4528,#1036);
#727=LINE('',#4530,#1037);
#728=LINE('',#4532,#1038);
#729=LINE('',#4534,#1039);
#730=LINE('',#4536,#1040);
#731=LINE('',#4538,#1041);
#732=LINE('',#4540,#1042);
#733=LINE('',#4542,#1043);
#734=LINE('',#4544,#1044);
#735=LINE('',#4546,#1045);
#736=LINE('',#4548,#1046);
#737=LINE('',#4550,#1047);
#738=LINE('',#4552,#1048);
#739=LINE('',#4554,#1049);
#740=LINE('',#4556,#1050);
#741=LINE('',#4557,#1051);
#742=LINE('',#4560,#1052);
#743=LINE('',#4562,#1053);
#744=LINE('',#4564,#1054);
#745=LINE('',#4565,#1055);
#746=LINE('',#4568,#1056);
#747=LINE('',#4570,#1057);
#748=LINE('',#4571,#1058);
#749=LINE('',#4573,#1059);
#750=LINE('',#4575,#1060);
#751=LINE('',#4576,#1061);
#752=LINE('',#4578,#1062);
#753=LINE('',#4582,#1063);
#754=LINE('',#4584,#1064);
#755=LINE('',#4585,#1065);
#756=LINE('',#4587,#1066);
#757=LINE('',#4589,#1067);
#758=LINE('',#4590,#1068);
#759=LINE('',#4592,#1069);
#760=LINE('',#4594,#1070);
#761=LINE('',#4595,#1071);
#762=LINE('',#4597,#1072);
#763=LINE('',#4599,#1073);
#764=LINE('',#4600,#1074);
#765=LINE('',#4602,#1075);
#766=LINE('',#4604,#1076);
#767=LINE('',#4606,#1077);
#768=LINE('',#4607,#1078);
#769=LINE('',#4610,#1079);
#770=LINE('',#4611,#1080);
#771=LINE('',#4614,#1081);
#772=LINE('',#4615,#1082);
#773=LINE('',#4617,#1083);
#774=LINE('',#4620,#1084);
#775=LINE('',#4622,#1085);
#776=LINE('',#4624,#1086);
#777=LINE('',#4625,#1087);
#778=LINE('',#4628,#1088);
#779=LINE('',#4629,#1089);
#780=LINE('',#4632,#1090);
#781=LINE('',#4633,#1091);
#782=LINE('',#4635,#1092);
#783=LINE('',#4639,#1093);
#784=LINE('',#4641,#1094);
#785=LINE('',#4642,#1095);
#786=LINE('',#4645,#1096);
#787=LINE('',#4646,#1097);
#788=LINE('',#4649,#1098);
#789=LINE('',#4650,#1099);
#790=LINE('',#4652,#1100);
#791=LINE('',#4656,#1101);
#792=LINE('',#4658,#1102);
#793=LINE('',#4659,#1103);
#794=LINE('',#4662,#1104);
#795=LINE('',#4663,#1105);
#796=LINE('',#4666,#1106);
#797=LINE('',#4667,#1107);
#798=LINE('',#4669,#1108);
#799=LINE('',#4672,#1109);
#800=LINE('',#4674,#1110);
#801=LINE('',#4676,#1111);
#802=LINE('',#4677,#1112);
#803=LINE('',#4680,#1113);
#804=LINE('',#4681,#1114);
#805=LINE('',#4684,#1115);
#806=LINE('',#4685,#1116);
#807=LINE('',#4687,#1117);
#808=LINE('',#4690,#1118);
#809=LINE('',#4692,#1119);
#810=LINE('',#4694,#1120);
#811=LINE('',#4695,#1121);
#812=LINE('',#4698,#1122);
#813=LINE('',#4699,#1123);
#814=LINE('',#4702,#1124);
#815=LINE('',#4703,#1125);
#816=LINE('',#4705,#1126);
#817=LINE('',#4708,#1127);
#818=LINE('',#4710,#1128);
#819=LINE('',#4712,#1129);
#820=LINE('',#4713,#1130);
#821=LINE('',#4716,#1131);
#822=LINE('',#4717,#1132);
#823=LINE('',#4720,#1133);
#824=LINE('',#4721,#1134);
#825=LINE('',#4723,#1135);
#826=LINE('',#4727,#1136);
#827=LINE('',#4729,#1137);
#828=LINE('',#4730,#1138);
#829=LINE('',#4733,#1139);
#830=LINE('',#4734,#1140);
#831=LINE('',#4737,#1141);
#832=LINE('',#4738,#1142);
#833=LINE('',#4740,#1143);
#834=LINE('',#4746,#1144);
#835=LINE('',#4753,#1145);
#836=LINE('',#4760,#1146);
#837=LINE('',#4767,#1147);
#838=LINE('',#4773,#1148);
#839=LINE('',#4777,#1149);
#840=LINE('',#4780,#1150);
#841=LINE('',#4784,#1151);
#842=LINE('',#4788,#1152);
#843=LINE('',#4791,#1153);
#844=LINE('',#4796,#1154);
#845=LINE('',#4801,#1155);
#846=LINE('',#4802,#1156);
#847=LINE('',#4804,#1157);
#848=LINE('',#4806,#1158);
#849=LINE('',#4807,#1159);
#850=LINE('',#4808,#1160);
#851=LINE('',#4810,#1161);
#852=LINE('',#4811,#1162);
#853=LINE('',#4812,#1163);
#854=LINE('',#4839,#1164);
#855=LINE('',#4845,#1165);
#856=LINE('',#4850,#1166);
#857=LINE('',#4855,#1167);
#858=LINE('',#4860,#1168);
#859=LINE('',#4865,#1169);
#860=LINE('',#4870,#1170);
#861=LINE('',#4875,#1171);
#862=LINE('',#4880,#1172);
#863=LINE('',#4885,#1173);
#864=LINE('',#4891,#1174);
#865=LINE('',#4896,#1175);
#866=LINE('',#4903,#1176);
#867=LINE('',#4910,#1177);
#868=LINE('',#4916,#1178);
#869=LINE('',#4918,#1179);
#870=LINE('',#4920,#1180);
#871=LINE('',#4921,#1181);
#872=LINE('',#4924,#1182);
#873=LINE('',#4926,#1183);
#874=LINE('',#4928,#1184);
#875=LINE('',#4929,#1185);
#876=LINE('',#4932,#1186);
#877=LINE('',#4934,#1187);
#878=LINE('',#4936,#1188);
#879=LINE('',#4937,#1189);
#880=LINE('',#4940,#1190);
#881=LINE('',#4942,#1191);
#882=LINE('',#4944,#1192);
#883=LINE('',#4945,#1193);
#884=LINE('',#4948,#1194);
#885=LINE('',#4950,#1195);
#886=LINE('',#4952,#1196);
#887=LINE('',#4953,#1197);
#888=LINE('',#4955,#1198);
#889=LINE('',#4956,#1199);
#890=LINE('',#4957,#1200);
#891=LINE('',#4963,#1201);
#892=LINE('',#4964,#1202);
#893=LINE('',#4965,#1203);
#894=LINE('',#4968,#1204);
#895=LINE('',#4969,#1205);
#896=LINE('',#4973,#1206);
#897=LINE('',#4974,#1207);
#898=LINE('',#4975,#1208);
#899=LINE('',#4978,#1209);
#900=LINE('',#4979,#1210);
#901=LINE('',#4983,#1211);
#902=LINE('',#4984,#1212);
#903=LINE('',#4985,#1213);
#904=LINE('',#4988,#1214);
#905=LINE('',#4989,#1215);
#906=LINE('',#4993,#1216);
#907=LINE('',#4994,#1217);
#908=LINE('',#4995,#1218);
#909=LINE('',#4998,#1219);
#910=LINE('',#4999,#1220);
#911=LINE('',#5003,#1221);
#912=LINE('',#5004,#1222);
#913=LINE('',#5005,#1223);
#914=LINE('',#5008,#1224);
#915=LINE('',#5009,#1225);
#916=LINE('',#5011,#1226);
#917=LINE('',#5014,#1227);
#918=LINE('',#5015,#1228);
#919=LINE('',#5017,#1229);
#920=LINE('',#5020,#1230);
#921=LINE('',#5021,#1231);
#922=LINE('',#5023,#1232);
#923=LINE('',#5026,#1233);
#924=LINE('',#5027,#1234);
#925=LINE('',#5029,#1235);
#926=LINE('',#5032,#1236);
#927=LINE('',#5033,#1237);
#928=LINE('',#5035,#1238);
#929=LINE('',#5038,#1239);
#930=LINE('',#5039,#1240);
#931=LINE('',#5041,#1241);
#932=LINE('',#5045,#1242);
#933=LINE('',#5047,#1243);
#934=LINE('',#5049,#1244);
#935=LINE('',#5050,#1245);
#936=LINE('',#5054,#1246);
#937=LINE('',#5055,#1247);
#938=LINE('',#5056,#1248);
#939=LINE('',#5059,#1249);
#940=LINE('',#5060,#1250);
#941=LINE('',#5063,#1251);
#942=LINE('',#5064,#1252);
#943=LINE('',#5066,#1253);
#944=VECTOR('',#3351,10.);
#945=VECTOR('',#3352,10.);
#946=VECTOR('',#3353,10.);
#947=VECTOR('',#3356,10.);
#948=VECTOR('',#3357,10.);
#949=VECTOR('',#3358,10.);
#950=VECTOR('',#3361,10.);
#951=VECTOR('',#3362,10.);
#952=VECTOR('',#3363,10.);
#953=VECTOR('',#3366,10.);
#954=VECTOR('',#3369,10.);
#955=VECTOR('',#3370,10.);
#956=VECTOR('',#3373,10.);
#957=VECTOR('',#3374,10.);
#958=VECTOR('',#3375,10.);
#959=VECTOR('',#3376,10.);
#960=VECTOR('',#3377,10.);
#961=VECTOR('',#3378,10.);
#962=VECTOR('',#3379,10.);
#963=VECTOR('',#3382,10.);
#964=VECTOR('',#3383,10.);
#965=VECTOR('',#3384,10.);
#966=VECTOR('',#3387,10.);
#967=VECTOR('',#3390,10.);
#968=VECTOR('',#3391,10.);
#969=VECTOR('',#3392,10.);
#970=VECTOR('',#3393,10.);
#971=VECTOR('',#3394,10.);
#972=VECTOR('',#3395,10.);
#973=VECTOR('',#3396,10.);
#974=VECTOR('',#3401,2.55);
#975=VECTOR('',#3410,2.55000000000001);
#976=VECTOR('',#3425,10.);
#977=VECTOR('',#3438,1.37);
#978=VECTOR('',#3447,1.37);
#979=VECTOR('',#3456,1.37);
#980=VECTOR('',#3465,1.37);
#981=VECTOR('',#3474,1.37);
#982=VECTOR('',#3483,1.37);
#983=VECTOR('',#3492,1.37);
#984=VECTOR('',#3501,1.37);
#985=VECTOR('',#3510,1.37);
#986=VECTOR('',#3519,1.37);
#987=VECTOR('',#3528,1.37);
#988=VECTOR('',#3537,1.37);
#989=VECTOR('',#3546,1.37);
#990=VECTOR('',#3555,1.37);
#991=VECTOR('',#3564,1.37);
#992=VECTOR('',#3573,1.37);
#993=VECTOR('',#3582,1.37);
#994=VECTOR('',#3591,1.37);
#995=VECTOR('',#3600,1.37);
#996=VECTOR('',#3609,1.37);
#997=VECTOR('',#3616,10.);
#998=VECTOR('',#3617,10.);
#999=VECTOR('',#3618,10.);
#1000=VECTOR('',#3619,10.);
#1001=VECTOR('',#3620,10.);
#1002=VECTOR('',#3623,10.);
#1003=VECTOR('',#3624,10.);
#1004=VECTOR('',#3625,10.);
#1005=VECTOR('',#3628,10.);
#1006=VECTOR('',#3629,10.);
#1007=VECTOR('',#3630,10.);
#1008=VECTOR('',#3633,10.);
#1009=VECTOR('',#3634,10.);
#1010=VECTOR('',#3635,10.);
#1011=VECTOR('',#3640,10.);
#1012=VECTOR('',#3641,10.);
#1013=VECTOR('',#3642,10.);
#1014=VECTOR('',#3643,10.);
#1015=VECTOR('',#3644,10.);
#1016=VECTOR('',#3645,10.);
#1017=VECTOR('',#3646,10.);
#1018=VECTOR('',#3647,10.);
#1019=VECTOR('',#3648,10.);
#1020=VECTOR('',#3649,10.);
#1021=VECTOR('',#3650,10.);
#1022=VECTOR('',#3651,10.);
#1023=VECTOR('',#3652,10.);
#1024=VECTOR('',#3653,10.);
#1025=VECTOR('',#3654,10.);
#1026=VECTOR('',#3655,10.);
#1027=VECTOR('',#3656,10.);
#1028=VECTOR('',#3657,10.);
#1029=VECTOR('',#3658,10.);
#1030=VECTOR('',#3659,10.);
#1031=VECTOR('',#3660,10.);
#1032=VECTOR('',#3661,10.);
#1033=VECTOR('',#3662,10.);
#1034=VECTOR('',#3663,10.);
#1035=VECTOR('',#3664,10.);
#1036=VECTOR('',#3665,10.);
#1037=VECTOR('',#3666,10.);
#1038=VECTOR('',#3667,10.);
#1039=VECTOR('',#3668,10.);
#1040=VECTOR('',#3669,10.);
#1041=VECTOR('',#3670,10.);
#1042=VECTOR('',#3671,10.);
#1043=VECTOR('',#3672,10.);
#1044=VECTOR('',#3673,10.);
#1045=VECTOR('',#3674,10.);
#1046=VECTOR('',#3675,10.);
#1047=VECTOR('',#3676,10.);
#1048=VECTOR('',#3677,10.);
#1049=VECTOR('',#3678,10.);
#1050=VECTOR('',#3679,10.);
#1051=VECTOR('',#3680,10.);
#1052=VECTOR('',#3683,10.);
#1053=VECTOR('',#3684,10.);
#1054=VECTOR('',#3685,10.);
#1055=VECTOR('',#3686,10.);
#1056=VECTOR('',#3689,10.);
#1057=VECTOR('',#3690,10.);
#1058=VECTOR('',#3691,10.);
#1059=VECTOR('',#3694,10.);
#1060=VECTOR('',#3695,10.);
#1061=VECTOR('',#3696,10.);
#1062=VECTOR('',#3699,10.);
#1063=VECTOR('',#3704,10.);
#1064=VECTOR('',#3705,10.);
#1065=VECTOR('',#3706,10.);
#1066=VECTOR('',#3707,10.);
#1067=VECTOR('',#3708,10.);
#1068=VECTOR('',#3709,10.);
#1069=VECTOR('',#3710,10.);
#1070=VECTOR('',#3711,10.);
#1071=VECTOR('',#3712,10.);
#1072=VECTOR('',#3713,10.);
#1073=VECTOR('',#3714,10.);
#1074=VECTOR('',#3715,10.);
#1075=VECTOR('',#3718,10.);
#1076=VECTOR('',#3719,10.);
#1077=VECTOR('',#3720,10.);
#1078=VECTOR('',#3721,10.);
#1079=VECTOR('',#3724,10.);
#1080=VECTOR('',#3725,10.);
#1081=VECTOR('',#3728,10.);
#1082=VECTOR('',#3729,10.);
#1083=VECTOR('',#3732,10.);
#1084=VECTOR('',#3737,10.);
#1085=VECTOR('',#3738,10.);
#1086=VECTOR('',#3739,10.);
#1087=VECTOR('',#3740,10.);
#1088=VECTOR('',#3743,10.);
#1089=VECTOR('',#3744,10.);
#1090=VECTOR('',#3747,10.);
#1091=VECTOR('',#3748,10.);
#1092=VECTOR('',#3751,10.);
#1093=VECTOR('',#3756,10.);
#1094=VECTOR('',#3757,10.);
#1095=VECTOR('',#3758,10.);
#1096=VECTOR('',#3761,10.);
#1097=VECTOR('',#3762,10.);
#1098=VECTOR('',#3765,10.);
#1099=VECTOR('',#3766,10.);
#1100=VECTOR('',#3769,10.);
#1101=VECTOR('',#3774,10.);
#1102=VECTOR('',#3775,10.);
#1103=VECTOR('',#3776,10.);
#1104=VECTOR('',#3779,10.);
#1105=VECTOR('',#3780,10.);
#1106=VECTOR('',#3783,10.);
#1107=VECTOR('',#3784,10.);
#1108=VECTOR('',#3787,10.);
#1109=VECTOR('',#3792,10.);
#1110=VECTOR('',#3793,10.);
#1111=VECTOR('',#3794,10.);
#1112=VECTOR('',#3795,10.);
#1113=VECTOR('',#3798,10.);
#1114=VECTOR('',#3799,10.);
#1115=VECTOR('',#3802,10.);
#1116=VECTOR('',#3803,10.);
#1117=VECTOR('',#3806,10.);
#1118=VECTOR('',#3811,10.);
#1119=VECTOR('',#3812,10.);
#1120=VECTOR('',#3813,10.);
#1121=VECTOR('',#3814,10.);
#1122=VECTOR('',#3817,10.);
#1123=VECTOR('',#3818,10.);
#1124=VECTOR('',#3821,10.);
#1125=VECTOR('',#3822,10.);
#1126=VECTOR('',#3825,10.);
#1127=VECTOR('',#3830,10.);
#1128=VECTOR('',#3831,10.);
#1129=VECTOR('',#3832,10.);
#1130=VECTOR('',#3833,10.);
#1131=VECTOR('',#3836,10.);
#1132=VECTOR('',#3837,10.);
#1133=VECTOR('',#3840,10.);
#1134=VECTOR('',#3841,10.);
#1135=VECTOR('',#3844,10.);
#1136=VECTOR('',#3849,10.);
#1137=VECTOR('',#3850,10.);
#1138=VECTOR('',#3851,10.);
#1139=VECTOR('',#3854,10.);
#1140=VECTOR('',#3855,10.);
#1141=VECTOR('',#3858,10.);
#1142=VECTOR('',#3859,10.);
#1143=VECTOR('',#3862,10.);
#1144=VECTOR('',#3869,2.55);
#1145=VECTOR('',#3878,2.55);
#1146=VECTOR('',#3887,2.55000000000001);
#1147=VECTOR('',#3896,2.55000000000001);
#1148=VECTOR('',#3903,10.);
#1149=VECTOR('',#3908,10.);
#1150=VECTOR('',#3911,10.);
#1151=VECTOR('',#3914,10.);
#1152=VECTOR('',#3919,10.);
#1153=VECTOR('',#3922,10.);
#1154=VECTOR('',#3927,2.55000000000001);
#1155=VECTOR('',#3934,10.);
#1156=VECTOR('',#3935,10.);
#1157=VECTOR('',#3936,10.);
#1158=VECTOR('',#3937,10.);
#1159=VECTOR('',#3938,10.);
#1160=VECTOR('',#3939,10.);
#1161=VECTOR('',#3940,10.);
#1162=VECTOR('',#3941,10.);
#1163=VECTOR('',#3942,10.);
#1164=VECTOR('',#3969,2.55000000000001);
#1165=VECTOR('',#3978,2.55);
#1166=VECTOR('',#3985,2.55);
#1167=VECTOR('',#3992,2.55);
#1168=VECTOR('',#3999,2.55000000000001);
#1169=VECTOR('',#4006,2.55000000000001);
#1170=VECTOR('',#4013,2.55000000000001);
#1171=VECTOR('',#4020,2.55);
#1172=VECTOR('',#4027,2.55);
#1173=VECTOR('',#4034,2.55);
#1174=VECTOR('',#4043,2.55000000000001);
#1175=VECTOR('',#4050,2.54999999999999);
#1176=VECTOR('',#4059,2.55000000000001);
#1177=VECTOR('',#4068,2.55);
#1178=VECTOR('',#4075,10.);
#1179=VECTOR('',#4076,10.);
#1180=VECTOR('',#4077,10.);
#1181=VECTOR('',#4078,10.);
#1182=VECTOR('',#4079,10.);
#1183=VECTOR('',#4080,10.);
#1184=VECTOR('',#4081,10.);
#1185=VECTOR('',#4082,10.);
#1186=VECTOR('',#4083,10.);
#1187=VECTOR('',#4084,10.);
#1188=VECTOR('',#4085,10.);
#1189=VECTOR('',#4086,10.);
#1190=VECTOR('',#4087,10.);
#1191=VECTOR('',#4088,10.);
#1192=VECTOR('',#4089,10.);
#1193=VECTOR('',#4090,10.);
#1194=VECTOR('',#4091,10.);
#1195=VECTOR('',#4092,10.);
#1196=VECTOR('',#4093,10.);
#1197=VECTOR('',#4094,10.);
#1198=VECTOR('',#4097,10.);
#1199=VECTOR('',#4098,10.);
#1200=VECTOR('',#4099,10.);
#1201=VECTOR('',#4106,10.);
#1202=VECTOR('',#4107,10.);
#1203=VECTOR('',#4108,10.);
#1204=VECTOR('',#4111,10.);
#1205=VECTOR('',#4112,10.);
#1206=VECTOR('',#4115,10.);
#1207=VECTOR('',#4116,10.);
#1208=VECTOR('',#4117,10.);
#1209=VECTOR('',#4120,10.);
#1210=VECTOR('',#4121,10.);
#1211=VECTOR('',#4124,10.);
#1212=VECTOR('',#4125,10.);
#1213=VECTOR('',#4126,10.);
#1214=VECTOR('',#4129,10.);
#1215=VECTOR('',#4130,10.);
#1216=VECTOR('',#4133,10.);
#1217=VECTOR('',#4134,10.);
#1218=VECTOR('',#4135,10.);
#1219=VECTOR('',#4138,10.);
#1220=VECTOR('',#4139,10.);
#1221=VECTOR('',#4142,10.);
#1222=VECTOR('',#4143,10.);
#1223=VECTOR('',#4144,10.);
#1224=VECTOR('',#4147,10.);
#1225=VECTOR('',#4148,10.);
#1226=VECTOR('',#4151,10.);
#1227=VECTOR('',#4154,10.);
#1228=VECTOR('',#4155,10.);
#1229=VECTOR('',#4158,10.);
#1230=VECTOR('',#4161,10.);
#1231=VECTOR('',#4162,10.);
#1232=VECTOR('',#4165,10.);
#1233=VECTOR('',#4168,10.);
#1234=VECTOR('',#4169,10.);
#1235=VECTOR('',#4172,10.);
#1236=VECTOR('',#4175,10.);
#1237=VECTOR('',#4176,10.);
#1238=VECTOR('',#4179,10.);
#1239=VECTOR('',#4182,10.);
#1240=VECTOR('',#4183,10.);
#1241=VECTOR('',#4186,10.);
#1242=VECTOR('',#4189,10.);
#1243=VECTOR('',#4190,10.);
#1244=VECTOR('',#4191,10.);
#1245=VECTOR('',#4192,10.);
#1246=VECTOR('',#4195,10.);
#1247=VECTOR('',#4196,10.);
#1248=VECTOR('',#4197,10.);
#1249=VECTOR('',#4200,10.);
#1250=VECTOR('',#4201,10.);
#1251=VECTOR('',#4204,10.);
#1252=VECTOR('',#4205,10.);
#1253=VECTOR('',#4208,10.);
#1254=VERTEX_POINT('',#4219);
#1255=VERTEX_POINT('',#4220);
#1256=VERTEX_POINT('',#4222);
#1257=VERTEX_POINT('',#4226);
#1258=VERTEX_POINT('',#4227);
#1259=VERTEX_POINT('',#4229);
#1260=VERTEX_POINT('',#4233);
#1261=VERTEX_POINT('',#4234);
#1262=VERTEX_POINT('',#4238);
#1263=VERTEX_POINT('',#4239);
#1264=VERTEX_POINT('',#4246);
#1265=VERTEX_POINT('',#4247);
#1266=VERTEX_POINT('',#4250);
#1267=VERTEX_POINT('',#4252);
#1268=VERTEX_POINT('',#4254);
#1269=VERTEX_POINT('',#4256);
#1270=VERTEX_POINT('',#4260);
#1271=VERTEX_POINT('',#4261);
#1272=VERTEX_POINT('',#4265);
#1273=VERTEX_POINT('',#4266);
#1274=VERTEX_POINT('',#4270);
#1275=VERTEX_POINT('',#4271);
#1276=VERTEX_POINT('',#4274);
#1277=VERTEX_POINT('',#4276);
#1278=VERTEX_POINT('',#4278);
#1279=VERTEX_POINT('',#4280);
#1280=VERTEX_POINT('',#4284);
#1281=VERTEX_POINT('',#4286);
#1282=VERTEX_POINT('',#4291);
#1283=VERTEX_POINT('',#4293);
#1284=VERTEX_POINT('',#4308);
#1285=VERTEX_POINT('',#4310);
#1286=VERTEX_POINT('',#4315);
#1287=VERTEX_POINT('',#4317);
#1288=VERTEX_POINT('',#4322);
#1289=VERTEX_POINT('',#4324);
#1290=VERTEX_POINT('',#4329);
#1291=VERTEX_POINT('',#4331);
#1292=VERTEX_POINT('',#4336);
#1293=VERTEX_POINT('',#4338);
#1294=VERTEX_POINT('',#4343);
#1295=VERTEX_POINT('',#4345);
#1296=VERTEX_POINT('',#4350);
#1297=VERTEX_POINT('',#4352);
#1298=VERTEX_POINT('',#4357);
#1299=VERTEX_POINT('',#4359);
#1300=VERTEX_POINT('',#4364);
#1301=VERTEX_POINT('',#4366);
#1302=VERTEX_POINT('',#4371);
#1303=VERTEX_POINT('',#4373);
#1304=VERTEX_POINT('',#4378);
#1305=VERTEX_POINT('',#4380);
#1306=VERTEX_POINT('',#4385);
#1307=VERTEX_POINT('',#4387);
#1308=VERTEX_POINT('',#4392);
#1309=VERTEX_POINT('',#4394);
#1310=VERTEX_POINT('',#4399);
#1311=VERTEX_POINT('',#4401);
#1312=VERTEX_POINT('',#4406);
#1313=VERTEX_POINT('',#4408);
#1314=VERTEX_POINT('',#4413);
#1315=VERTEX_POINT('',#4415);
#1316=VERTEX_POINT('',#4420);
#1317=VERTEX_POINT('',#4422);
#1318=VERTEX_POINT('',#4427);
#1319=VERTEX_POINT('',#4429);
#1320=VERTEX_POINT('',#4434);
#1321=VERTEX_POINT('',#4436);
#1322=VERTEX_POINT('',#4441);
#1323=VERTEX_POINT('',#4443);
#1324=VERTEX_POINT('',#4448);
#1325=VERTEX_POINT('',#4449);
#1326=VERTEX_POINT('',#4451);
#1327=VERTEX_POINT('',#4453);
#1328=VERTEX_POINT('',#4455);
#1329=VERTEX_POINT('',#4459);
#1330=VERTEX_POINT('',#4461);
#1331=VERTEX_POINT('',#4465);
#1332=VERTEX_POINT('',#4467);
#1333=VERTEX_POINT('',#4471);
#1334=VERTEX_POINT('',#4477);
#1335=VERTEX_POINT('',#4479);
#1336=VERTEX_POINT('',#4481);
#1337=VERTEX_POINT('',#4483);
#1338=VERTEX_POINT('',#4485);
#1339=VERTEX_POINT('',#4487);
#1340=VERTEX_POINT('',#4489);
#1341=VERTEX_POINT('',#4491);
#1342=VERTEX_POINT('',#4493);
#1343=VERTEX_POINT('',#4495);
#1344=VERTEX_POINT('',#4497);
#1345=VERTEX_POINT('',#4499);
#1346=VERTEX_POINT('',#4501);
#1347=VERTEX_POINT('',#4503);
#1348=VERTEX_POINT('',#4505);
#1349=VERTEX_POINT('',#4507);
#1350=VERTEX_POINT('',#4509);
#1351=VERTEX_POINT('',#4511);
#1352=VERTEX_POINT('',#4513);
#1353=VERTEX_POINT('',#4515);
#1354=VERTEX_POINT('',#4517);
#1355=VERTEX_POINT('',#4519);
#1356=VERTEX_POINT('',#4521);
#1357=VERTEX_POINT('',#4523);
#1358=VERTEX_POINT('',#4525);
#1359=VERTEX_POINT('',#4527);
#1360=VERTEX_POINT('',#4529);
#1361=VERTEX_POINT('',#4531);
#1362=VERTEX_POINT('',#4533);
#1363=VERTEX_POINT('',#4535);
#1364=VERTEX_POINT('',#4537);
#1365=VERTEX_POINT('',#4539);
#1366=VERTEX_POINT('',#4541);
#1367=VERTEX_POINT('',#4543);
#1368=VERTEX_POINT('',#4545);
#1369=VERTEX_POINT('',#4547);
#1370=VERTEX_POINT('',#4549);
#1371=VERTEX_POINT('',#4551);
#1372=VERTEX_POINT('',#4553);
#1373=VERTEX_POINT('',#4555);
#1374=VERTEX_POINT('',#4559);
#1375=VERTEX_POINT('',#4561);
#1376=VERTEX_POINT('',#4563);
#1377=VERTEX_POINT('',#4567);
#1378=VERTEX_POINT('',#4569);
#1379=VERTEX_POINT('',#4574);
#1380=VERTEX_POINT('',#4581);
#1381=VERTEX_POINT('',#4583);
#1382=VERTEX_POINT('',#4586);
#1383=VERTEX_POINT('',#4588);
#1384=VERTEX_POINT('',#4591);
#1385=VERTEX_POINT('',#4593);
#1386=VERTEX_POINT('',#4596);
#1387=VERTEX_POINT('',#4598);
#1388=VERTEX_POINT('',#4603);
#1389=VERTEX_POINT('',#4605);
#1390=VERTEX_POINT('',#4609);
#1391=VERTEX_POINT('',#4613);
#1392=VERTEX_POINT('',#4621);
#1393=VERTEX_POINT('',#4623);
#1394=VERTEX_POINT('',#4627);
#1395=VERTEX_POINT('',#4631);
#1396=VERTEX_POINT('',#4638);
#1397=VERTEX_POINT('',#4640);
#1398=VERTEX_POINT('',#4644);
#1399=VERTEX_POINT('',#4648);
#1400=VERTEX_POINT('',#4655);
#1401=VERTEX_POINT('',#4657);
#1402=VERTEX_POINT('',#4661);
#1403=VERTEX_POINT('',#4665);
#1404=VERTEX_POINT('',#4673);
#1405=VERTEX_POINT('',#4675);
#1406=VERTEX_POINT('',#4679);
#1407=VERTEX_POINT('',#4683);
#1408=VERTEX_POINT('',#4691);
#1409=VERTEX_POINT('',#4693);
#1410=VERTEX_POINT('',#4697);
#1411=VERTEX_POINT('',#4701);
#1412=VERTEX_POINT('',#4709);
#1413=VERTEX_POINT('',#4711);
#1414=VERTEX_POINT('',#4715);
#1415=VERTEX_POINT('',#4719);
#1416=VERTEX_POINT('',#4726);
#1417=VERTEX_POINT('',#4728);
#1418=VERTEX_POINT('',#4732);
#1419=VERTEX_POINT('',#4736);
#1420=VERTEX_POINT('',#4743);
#1421=VERTEX_POINT('',#4745);
#1422=VERTEX_POINT('',#4750);
#1423=VERTEX_POINT('',#4752);
#1424=VERTEX_POINT('',#4757);
#1425=VERTEX_POINT('',#4759);
#1426=VERTEX_POINT('',#4764);
#1427=VERTEX_POINT('',#4766);
#1428=VERTEX_POINT('',#4771);
#1429=VERTEX_POINT('',#4772);
#1430=VERTEX_POINT('',#4776);
#1431=VERTEX_POINT('',#4778);
#1432=VERTEX_POINT('',#4782);
#1433=VERTEX_POINT('',#4783);
#1434=VERTEX_POINT('',#4787);
#1435=VERTEX_POINT('',#4789);
#1436=VERTEX_POINT('',#4793);
#1437=VERTEX_POINT('',#4795);
#1438=VERTEX_POINT('',#4800);
#1439=VERTEX_POINT('',#4803);
#1440=VERTEX_POINT('',#4805);
#1441=VERTEX_POINT('',#4809);
#1442=VERTEX_POINT('',#4813);
#1443=VERTEX_POINT('',#4815);
#1444=VERTEX_POINT('',#4817);
#1445=VERTEX_POINT('',#4819);
#1446=VERTEX_POINT('',#4821);
#1447=VERTEX_POINT('',#4823);
#1448=VERTEX_POINT('',#4825);
#1449=VERTEX_POINT('',#4827);
#1450=VERTEX_POINT('',#4829);
#1451=VERTEX_POINT('',#4831);
#1452=VERTEX_POINT('',#4833);
#1453=VERTEX_POINT('',#4835);
#1454=VERTEX_POINT('',#4838);
#1455=VERTEX_POINT('',#4844);
#1456=VERTEX_POINT('',#4849);
#1457=VERTEX_POINT('',#4854);
#1458=VERTEX_POINT('',#4859);
#1459=VERTEX_POINT('',#4864);
#1460=VERTEX_POINT('',#4869);
#1461=VERTEX_POINT('',#4874);
#1462=VERTEX_POINT('',#4879);
#1463=VERTEX_POINT('',#4884);
#1464=VERTEX_POINT('',#4890);
#1465=VERTEX_POINT('',#4895);
#1466=VERTEX_POINT('',#4900);
#1467=VERTEX_POINT('',#4902);
#1468=VERTEX_POINT('',#4907);
#1469=VERTEX_POINT('',#4909);
#1470=VERTEX_POINT('',#4914);
#1471=VERTEX_POINT('',#4915);
#1472=VERTEX_POINT('',#4917);
#1473=VERTEX_POINT('',#4919);
#1474=VERTEX_POINT('',#4922);
#1475=VERTEX_POINT('',#4923);
#1476=VERTEX_POINT('',#4925);
#1477=VERTEX_POINT('',#4927);
#1478=VERTEX_POINT('',#4930);
#1479=VERTEX_POINT('',#4931);
#1480=VERTEX_POINT('',#4933);
#1481=VERTEX_POINT('',#4935);
#1482=VERTEX_POINT('',#4938);
#1483=VERTEX_POINT('',#4939);
#1484=VERTEX_POINT('',#4941);
#1485=VERTEX_POINT('',#4943);
#1486=VERTEX_POINT('',#4946);
#1487=VERTEX_POINT('',#4947);
#1488=VERTEX_POINT('',#4949);
#1489=VERTEX_POINT('',#4951);
#1490=VERTEX_POINT('',#4961);
#1491=VERTEX_POINT('',#4962);
#1492=VERTEX_POINT('',#4967);
#1493=VERTEX_POINT('',#4971);
#1494=VERTEX_POINT('',#4972);
#1495=VERTEX_POINT('',#4977);
#1496=VERTEX_POINT('',#4981);
#1497=VERTEX_POINT('',#4982);
#1498=VERTEX_POINT('',#4987);
#1499=VERTEX_POINT('',#4991);
#1500=VERTEX_POINT('',#4992);
#1501=VERTEX_POINT('',#4997);
#1502=VERTEX_POINT('',#5001);
#1503=VERTEX_POINT('',#5002);
#1504=VERTEX_POINT('',#5007);
#1505=VERTEX_POINT('',#5013);
#1506=VERTEX_POINT('',#5019);
#1507=VERTEX_POINT('',#5025);
#1508=VERTEX_POINT('',#5031);
#1509=VERTEX_POINT('',#5037);
#1510=VERTEX_POINT('',#5043);
#1511=VERTEX_POINT('',#5044);
#1512=VERTEX_POINT('',#5046);
#1513=VERTEX_POINT('',#5048);
#1514=VERTEX_POINT('',#5052);
#1515=VERTEX_POINT('',#5053);
#1516=VERTEX_POINT('',#5058);
#1517=VERTEX_POINT('',#5062);
#1518=EDGE_CURVE('',#1254,#1255,#634,.T.);
#1519=EDGE_CURVE('',#1256,#1254,#635,.T.);
#1520=EDGE_CURVE('',#1255,#1256,#636,.T.);
#1521=EDGE_CURVE('',#1257,#1258,#637,.T.);
#1522=EDGE_CURVE('',#1259,#1257,#638,.T.);
#1523=EDGE_CURVE('',#1258,#1259,#639,.T.);
#1524=EDGE_CURVE('',#1260,#1261,#640,.T.);
#1525=EDGE_CURVE('',#1261,#1259,#641,.T.);
#1526=EDGE_CURVE('',#1257,#1260,#642,.T.);
#1527=EDGE_CURVE('',#1262,#1263,#214,.T.);
#1528=EDGE_CURVE('',#1263,#1262,#643,.T.);
#1529=EDGE_CURVE('',#1254,#1258,#644,.T.);
#1530=EDGE_CURVE('',#1259,#1256,#645,.T.);
#1531=EDGE_CURVE('',#1264,#1265,#646,.T.);
#1532=EDGE_CURVE('',#1265,#1257,#647,.T.);
#1533=EDGE_CURVE('',#1258,#1266,#648,.T.);
#1534=EDGE_CURVE('',#1266,#1267,#649,.T.);
#1535=EDGE_CURVE('',#1267,#1268,#650,.T.);
#1536=EDGE_CURVE('',#1268,#1269,#651,.T.);
#1537=EDGE_CURVE('',#1269,#1264,#652,.T.);
#1538=EDGE_CURVE('',#1270,#1271,#653,.T.);
#1539=EDGE_CURVE('',#1271,#1255,#654,.T.);
#1540=EDGE_CURVE('',#1256,#1270,#655,.T.);
#1541=EDGE_CURVE('',#1272,#1273,#215,.T.);
#1542=EDGE_CURVE('',#1273,#1272,#656,.T.);
#1543=EDGE_CURVE('',#1274,#1275,#657,.T.);
#1544=EDGE_CURVE('',#1275,#1254,#658,.T.);
#1545=EDGE_CURVE('',#1255,#1276,#659,.T.);
#1546=EDGE_CURVE('',#1276,#1277,#660,.T.);
#1547=EDGE_CURVE('',#1277,#1278,#661,.T.);
#1548=EDGE_CURVE('',#1278,#1279,#662,.T.);
#1549=EDGE_CURVE('',#1279,#1274,#663,.T.);
#1550=EDGE_CURVE('',#1280,#1280,#23,.T.);
#1551=EDGE_CURVE('',#1280,#1281,#664,.T.);
#1552=EDGE_CURVE('',#1281,#1263,#24,.T.);
#1553=EDGE_CURVE('',#1262,#1281,#25,.T.);
#1554=EDGE_CURVE('',#1282,#1282,#26,.T.);
#1555=EDGE_CURVE('',#1282,#1283,#665,.T.);
#1556=EDGE_CURVE('',#1283,#1273,#27,.T.);
#1557=EDGE_CURVE('',#1272,#1283,#28,.T.);
#1558=EDGE_CURVE('',#1269,#1268,#29,.T.);
#1559=EDGE_CURVE('',#1264,#1267,#30,.T.);
#1560=EDGE_CURVE('',#1266,#1275,#666,.T.);
#1561=EDGE_CURVE('',#1279,#1278,#31,.T.);
#1562=EDGE_CURVE('',#1274,#1277,#32,.T.);
#1563=EDGE_CURVE('',#1284,#1284,#33,.T.);
#1564=EDGE_CURVE('',#1284,#1285,#667,.T.);
#1565=EDGE_CURVE('',#1285,#1285,#34,.T.);
#1566=EDGE_CURVE('',#1286,#1286,#35,.T.);
#1567=EDGE_CURVE('',#1286,#1287,#668,.T.);
#1568=EDGE_CURVE('',#1287,#1287,#36,.T.);
#1569=EDGE_CURVE('',#1288,#1288,#37,.T.);
#1570=EDGE_CURVE('',#1288,#1289,#669,.T.);
#1571=EDGE_CURVE('',#1289,#1289,#38,.T.);
#1572=EDGE_CURVE('',#1290,#1290,#39,.T.);
#1573=EDGE_CURVE('',#1290,#1291,#670,.T.);
#1574=EDGE_CURVE('',#1291,#1291,#40,.T.);
#1575=EDGE_CURVE('',#1292,#1292,#41,.T.);
#1576=EDGE_CURVE('',#1292,#1293,#671,.T.);
#1577=EDGE_CURVE('',#1293,#1293,#42,.T.);
#1578=EDGE_CURVE('',#1294,#1294,#43,.T.);
#1579=EDGE_CURVE('',#1294,#1295,#672,.T.);
#1580=EDGE_CURVE('',#1295,#1295,#44,.T.);
#1581=EDGE_CURVE('',#1296,#1296,#45,.T.);
#1582=EDGE_CURVE('',#1296,#1297,#673,.T.);
#1583=EDGE_CURVE('',#1297,#1297,#46,.T.);
#1584=EDGE_CURVE('',#1298,#1298,#47,.T.);
#1585=EDGE_CURVE('',#1298,#1299,#674,.T.);
#1586=EDGE_CURVE('',#1299,#1299,#48,.T.);
#1587=EDGE_CURVE('',#1300,#1300,#49,.T.);
#1588=EDGE_CURVE('',#1300,#1301,#675,.T.);
#1589=EDGE_CURVE('',#1301,#1301,#50,.T.);
#1590=EDGE_CURVE('',#1302,#1302,#51,.T.);
#1591=EDGE_CURVE('',#1302,#1303,#676,.T.);
#1592=EDGE_CURVE('',#1303,#1303,#52,.T.);
#1593=EDGE_CURVE('',#1304,#1304,#53,.T.);
#1594=EDGE_CURVE('',#1304,#1305,#677,.T.);
#1595=EDGE_CURVE('',#1305,#1305,#54,.T.);
#1596=EDGE_CURVE('',#1306,#1306,#55,.T.);
#1597=EDGE_CURVE('',#1306,#1307,#678,.T.);
#1598=EDGE_CURVE('',#1307,#1307,#56,.T.);
#1599=EDGE_CURVE('',#1308,#1308,#57,.T.);
#1600=EDGE_CURVE('',#1308,#1309,#679,.T.);
#1601=EDGE_CURVE('',#1309,#1309,#58,.T.);
#1602=EDGE_CURVE('',#1310,#1310,#59,.T.);
#1603=EDGE_CURVE('',#1310,#1311,#680,.T.);
#1604=EDGE_CURVE('',#1311,#1311,#60,.T.);
#1605=EDGE_CURVE('',#1312,#1312,#61,.T.);
#1606=EDGE_CURVE('',#1312,#1313,#681,.T.);
#1607=EDGE_CURVE('',#1313,#1313,#62,.T.);
#1608=EDGE_CURVE('',#1314,#1314,#63,.T.);
#1609=EDGE_CURVE('',#1314,#1315,#682,.T.);
#1610=EDGE_CURVE('',#1315,#1315,#64,.T.);
#1611=EDGE_CURVE('',#1316,#1316,#65,.T.);
#1612=EDGE_CURVE('',#1316,#1317,#683,.T.);
#1613=EDGE_CURVE('',#1317,#1317,#66,.T.);
#1614=EDGE_CURVE('',#1318,#1318,#67,.T.);
#1615=EDGE_CURVE('',#1318,#1319,#684,.T.);
#1616=EDGE_CURVE('',#1319,#1319,#68,.T.);
#1617=EDGE_CURVE('',#1320,#1320,#69,.T.);
#1618=EDGE_CURVE('',#1320,#1321,#685,.T.);
#1619=EDGE_CURVE('',#1321,#1321,#70,.T.);
#1620=EDGE_CURVE('',#1322,#1322,#71,.T.);
#1621=EDGE_CURVE('',#1322,#1323,#686,.T.);
#1622=EDGE_CURVE('',#1323,#1323,#72,.T.);
#1623=EDGE_CURVE('',#1324,#1325,#687,.T.);
#1624=EDGE_CURVE('',#1324,#1326,#688,.T.);
#1625=EDGE_CURVE('',#1327,#1326,#689,.T.);
#1626=EDGE_CURVE('',#1328,#1327,#690,.T.);
#1627=EDGE_CURVE('',#1325,#1328,#691,.T.);
#1628=EDGE_CURVE('',#1329,#1324,#692,.T.);
#1629=EDGE_CURVE('',#1329,#1330,#693,.T.);
#1630=EDGE_CURVE('',#1326,#1330,#694,.T.);
#1631=EDGE_CURVE('',#1328,#1331,#695,.T.);
#1632=EDGE_CURVE('',#1332,#1327,#696,.T.);
#1633=EDGE_CURVE('',#1331,#1332,#697,.T.);
#1634=EDGE_CURVE('',#1333,#1329,#698,.T.);
#1635=EDGE_CURVE('',#1331,#1333,#699,.T.);
#1636=EDGE_CURVE('',#1330,#1332,#700,.T.);
#1637=EDGE_CURVE('',#1334,#1333,#701,.F.);
#1638=EDGE_CURVE('',#1334,#1335,#702,.T.);
#1639=EDGE_CURVE('',#1335,#1336,#703,.T.);
#1640=EDGE_CURVE('',#1336,#1337,#704,.T.);
#1641=EDGE_CURVE('',#1338,#1337,#705,.F.);
#1642=EDGE_CURVE('',#1338,#1339,#706,.T.);
#1643=EDGE_CURVE('',#1339,#1340,#707,.T.);
#1644=EDGE_CURVE('',#1340,#1341,#708,.T.);
#1645=EDGE_CURVE('',#1342,#1341,#709,.F.);
#1646=EDGE_CURVE('',#1342,#1343,#710,.T.);
#1647=EDGE_CURVE('',#1343,#1344,#711,.T.);
#1648=EDGE_CURVE('',#1344,#1345,#712,.T.);
#1649=EDGE_CURVE('',#1346,#1345,#713,.F.);
#1650=EDGE_CURVE('',#1346,#1347,#714,.T.);
#1651=EDGE_CURVE('',#1347,#1348,#715,.T.);
#1652=EDGE_CURVE('',#1348,#1349,#716,.T.);
#1653=EDGE_CURVE('',#1350,#1349,#717,.F.);
#1654=EDGE_CURVE('',#1351,#1350,#718,.F.);
#1655=EDGE_CURVE('',#1351,#1352,#719,.F.);
#1656=EDGE_CURVE('',#1352,#1353,#720,.T.);
#1657=EDGE_CURVE('',#1353,#1354,#721,.T.);
#1658=EDGE_CURVE('',#1354,#1355,#722,.T.);
#1659=EDGE_CURVE('',#1355,#1356,#723,.F.);
#1660=EDGE_CURVE('',#1356,#1357,#724,.T.);
#1661=EDGE_CURVE('',#1357,#1358,#725,.T.);
#1662=EDGE_CURVE('',#1358,#1359,#726,.T.);
#1663=EDGE_CURVE('',#1359,#1360,#727,.F.);
#1664=EDGE_CURVE('',#1360,#1361,#728,.T.);
#1665=EDGE_CURVE('',#1361,#1362,#729,.T.);
#1666=EDGE_CURVE('',#1362,#1363,#730,.T.);
#1667=EDGE_CURVE('',#1363,#1364,#731,.F.);
#1668=EDGE_CURVE('',#1364,#1365,#732,.T.);
#1669=EDGE_CURVE('',#1365,#1366,#733,.T.);
#1670=EDGE_CURVE('',#1366,#1367,#734,.T.);
#1671=EDGE_CURVE('',#1367,#1368,#735,.F.);
#1672=EDGE_CURVE('',#1368,#1369,#736,.T.);
#1673=EDGE_CURVE('',#1369,#1370,#737,.T.);
#1674=EDGE_CURVE('',#1370,#1371,#738,.T.);
#1675=EDGE_CURVE('',#1371,#1372,#739,.F.);
#1676=EDGE_CURVE('',#1373,#1372,#740,.T.);
#1677=EDGE_CURVE('',#1325,#1373,#741,.F.);
#1678=EDGE_CURVE('',#1349,#1374,#742,.T.);
#1679=EDGE_CURVE('',#1348,#1375,#743,.T.);
#1680=EDGE_CURVE('',#1376,#1375,#744,.T.);
#1681=EDGE_CURVE('',#1374,#1376,#745,.T.);
#1682=EDGE_CURVE('',#1374,#1377,#746,.T.);
#1683=EDGE_CURVE('',#1378,#1376,#747,.T.);
#1684=EDGE_CURVE('',#1377,#1378,#748,.T.);
#1685=EDGE_CURVE('',#1377,#1346,#749,.T.);
#1686=EDGE_CURVE('',#1379,#1378,#750,.T.);
#1687=EDGE_CURVE('',#1347,#1379,#751,.T.);
#1688=EDGE_CURVE('',#1375,#1379,#752,.T.);
#1689=EDGE_CURVE('',#1380,#1373,#753,.T.);
#1690=EDGE_CURVE('',#1381,#1380,#754,.F.);
#1691=EDGE_CURVE('',#1350,#1381,#755,.F.);
#1692=EDGE_CURVE('',#1345,#1382,#756,.T.);
#1693=EDGE_CURVE('',#1382,#1383,#757,.T.);
#1694=EDGE_CURVE('',#1383,#1342,#758,.T.);
#1695=EDGE_CURVE('',#1341,#1384,#759,.T.);
#1696=EDGE_CURVE('',#1384,#1385,#760,.T.);
#1697=EDGE_CURVE('',#1385,#1338,#761,.T.);
#1698=EDGE_CURVE('',#1337,#1386,#762,.T.);
#1699=EDGE_CURVE('',#1386,#1387,#763,.T.);
#1700=EDGE_CURVE('',#1387,#1334,#764,.T.);
#1701=EDGE_CURVE('',#1356,#1359,#765,.F.);
#1702=EDGE_CURVE('',#1359,#1388,#766,.T.);
#1703=EDGE_CURVE('',#1389,#1388,#767,.T.);
#1704=EDGE_CURVE('',#1356,#1389,#768,.T.);
#1705=EDGE_CURVE('',#1390,#1389,#769,.T.);
#1706=EDGE_CURVE('',#1357,#1390,#770,.T.);
#1707=EDGE_CURVE('',#1391,#1390,#771,.T.);
#1708=EDGE_CURVE('',#1358,#1391,#772,.T.);
#1709=EDGE_CURVE('',#1388,#1391,#773,.T.);
#1710=EDGE_CURVE('',#1360,#1363,#774,.F.);
#1711=EDGE_CURVE('',#1363,#1392,#775,.T.);
#1712=EDGE_CURVE('',#1393,#1392,#776,.T.);
#1713=EDGE_CURVE('',#1360,#1393,#777,.T.);
#1714=EDGE_CURVE('',#1394,#1393,#778,.T.);
#1715=EDGE_CURVE('',#1361,#1394,#779,.T.);
#1716=EDGE_CURVE('',#1395,#1394,#780,.T.);
#1717=EDGE_CURVE('',#1362,#1395,#781,.T.);
#1718=EDGE_CURVE('',#1392,#1395,#782,.T.);
#1719=EDGE_CURVE('',#1383,#1396,#783,.T.);
#1720=EDGE_CURVE('',#1397,#1396,#784,.T.);
#1721=EDGE_CURVE('',#1343,#1397,#785,.T.);
#1722=EDGE_CURVE('',#1382,#1398,#786,.T.);
#1723=EDGE_CURVE('',#1396,#1398,#787,.T.);
#1724=EDGE_CURVE('',#1399,#1397,#788,.T.);
#1725=EDGE_CURVE('',#1344,#1399,#789,.T.);
#1726=EDGE_CURVE('',#1398,#1399,#790,.T.);
#1727=EDGE_CURVE('',#1336,#1400,#791,.T.);
#1728=EDGE_CURVE('',#1401,#1400,#792,.T.);
#1729=EDGE_CURVE('',#1386,#1401,#793,.T.);
#1730=EDGE_CURVE('',#1402,#1401,#794,.T.);
#1731=EDGE_CURVE('',#1387,#1402,#795,.T.);
#1732=EDGE_CURVE('',#1403,#1402,#796,.T.);
#1733=EDGE_CURVE('',#1335,#1403,#797,.T.);
#1734=EDGE_CURVE('',#1400,#1403,#798,.T.);
#1735=EDGE_CURVE('',#1368,#1371,#799,.F.);
#1736=EDGE_CURVE('',#1371,#1404,#800,.T.);
#1737=EDGE_CURVE('',#1405,#1404,#801,.T.);
#1738=EDGE_CURVE('',#1368,#1405,#802,.T.);
#1739=EDGE_CURVE('',#1406,#1405,#803,.T.);
#1740=EDGE_CURVE('',#1369,#1406,#804,.T.);
#1741=EDGE_CURVE('',#1407,#1406,#805,.T.);
#1742=EDGE_CURVE('',#1370,#1407,#806,.T.);
#1743=EDGE_CURVE('',#1404,#1407,#807,.T.);
#1744=EDGE_CURVE('',#1352,#1355,#808,.F.);
#1745=EDGE_CURVE('',#1355,#1408,#809,.T.);
#1746=EDGE_CURVE('',#1409,#1408,#810,.T.);
#1747=EDGE_CURVE('',#1352,#1409,#811,.T.);
#1748=EDGE_CURVE('',#1410,#1409,#812,.T.);
#1749=EDGE_CURVE('',#1353,#1410,#813,.T.);
#1750=EDGE_CURVE('',#1411,#1410,#814,.T.);
#1751=EDGE_CURVE('',#1354,#1411,#815,.T.);
#1752=EDGE_CURVE('',#1408,#1411,#816,.T.);
#1753=EDGE_CURVE('',#1364,#1367,#817,.F.);
#1754=EDGE_CURVE('',#1367,#1412,#818,.T.);
#1755=EDGE_CURVE('',#1413,#1412,#819,.T.);
#1756=EDGE_CURVE('',#1364,#1413,#820,.T.);
#1757=EDGE_CURVE('',#1414,#1413,#821,.T.);
#1758=EDGE_CURVE('',#1365,#1414,#822,.T.);
#1759=EDGE_CURVE('',#1415,#1414,#823,.T.);
#1760=EDGE_CURVE('',#1366,#1415,#824,.T.);
#1761=EDGE_CURVE('',#1412,#1415,#825,.T.);
#1762=EDGE_CURVE('',#1340,#1416,#826,.T.);
#1763=EDGE_CURVE('',#1417,#1416,#827,.T.);
#1764=EDGE_CURVE('',#1384,#1417,#828,.T.);
#1765=EDGE_CURVE('',#1418,#1417,#829,.T.);
#1766=EDGE_CURVE('',#1385,#1418,#830,.T.);
#1767=EDGE_CURVE('',#1419,#1418,#831,.T.);
#1768=EDGE_CURVE('',#1339,#1419,#832,.T.);
#1769=EDGE_CURVE('',#1416,#1419,#833,.T.);
#1770=EDGE_CURVE('',#1420,#1420,#73,.T.);
#1771=EDGE_CURVE('',#1420,#1421,#834,.T.);
#1772=EDGE_CURVE('',#1421,#1421,#74,.T.);
#1773=EDGE_CURVE('',#1422,#1422,#75,.T.);
#1774=EDGE_CURVE('',#1422,#1423,#835,.T.);
#1775=EDGE_CURVE('',#1423,#1423,#76,.T.);
#1776=EDGE_CURVE('',#1424,#1424,#77,.T.);
#1777=EDGE_CURVE('',#1424,#1425,#836,.T.);
#1778=EDGE_CURVE('',#1425,#1425,#78,.T.);
#1779=EDGE_CURVE('',#1426,#1426,#79,.T.);
#1780=EDGE_CURVE('',#1426,#1427,#837,.T.);
#1781=EDGE_CURVE('',#1427,#1427,#80,.T.);
#1782=EDGE_CURVE('',#1428,#1429,#838,.T.);
#1783=EDGE_CURVE('',#1429,#1428,#81,.T.);
#1784=EDGE_CURVE('',#1430,#1428,#839,.T.);
#1785=EDGE_CURVE('',#1431,#1430,#82,.T.);
#1786=EDGE_CURVE('',#1429,#1431,#840,.T.);
#1787=EDGE_CURVE('',#1432,#1433,#841,.T.);
#1788=EDGE_CURVE('',#1433,#1432,#83,.T.);
#1789=EDGE_CURVE('',#1434,#1432,#842,.T.);
#1790=EDGE_CURVE('',#1435,#1434,#84,.T.);
#1791=EDGE_CURVE('',#1433,#1435,#843,.T.);
#1792=EDGE_CURVE('',#1436,#1436,#85,.T.);
#1793=EDGE_CURVE('',#1436,#1437,#844,.T.);
#1794=EDGE_CURVE('',#1437,#1437,#86,.T.);
#1795=EDGE_CURVE('',#1260,#1438,#845,.T.);
#1796=EDGE_CURVE('',#1438,#1430,#846,.T.);
#1797=EDGE_CURVE('',#1431,#1439,#847,.T.);
#1798=EDGE_CURVE('',#1440,#1439,#848,.F.);
#1799=EDGE_CURVE('',#1440,#1381,#849,.T.);
#1800=EDGE_CURVE('',#1380,#1434,#850,.T.);
#1801=EDGE_CURVE('',#1435,#1441,#851,.T.);
#1802=EDGE_CURVE('',#1271,#1441,#852,.T.);
#1803=EDGE_CURVE('',#1270,#1261,#853,.T.);
#1804=EDGE_CURVE('',#1442,#1442,#87,.T.);
#1805=EDGE_CURVE('',#1443,#1443,#88,.T.);
#1806=EDGE_CURVE('',#1444,#1444,#89,.T.);
#1807=EDGE_CURVE('',#1445,#1445,#90,.T.);
#1808=EDGE_CURVE('',#1446,#1446,#91,.T.);
#1809=EDGE_CURVE('',#1447,#1447,#92,.T.);
#1810=EDGE_CURVE('',#1448,#1448,#93,.T.);
#1811=EDGE_CURVE('',#1449,#1449,#94,.T.);
#1812=EDGE_CURVE('',#1450,#1450,#95,.T.);
#1813=EDGE_CURVE('',#1451,#1451,#96,.T.);
#1814=EDGE_CURVE('',#1452,#1452,#97,.T.);
#1815=EDGE_CURVE('',#1453,#1453,#98,.T.);
#1816=EDGE_CURVE('',#1453,#1454,#854,.T.);
#1817=EDGE_CURVE('',#1454,#1454,#99,.T.);
#1818=EDGE_CURVE('',#1452,#1455,#855,.T.);
#1819=EDGE_CURVE('',#1455,#1455,#100,.T.);
#1820=EDGE_CURVE('',#1451,#1456,#856,.T.);
#1821=EDGE_CURVE('',#1456,#1456,#101,.T.);
#1822=EDGE_CURVE('',#1450,#1457,#857,.T.);
#1823=EDGE_CURVE('',#1457,#1457,#102,.T.);
#1824=EDGE_CURVE('',#1449,#1458,#858,.T.);
#1825=EDGE_CURVE('',#1458,#1458,#103,.T.);
#1826=EDGE_CURVE('',#1448,#1459,#859,.T.);
#1827=EDGE_CURVE('',#1459,#1459,#104,.T.);
#1828=EDGE_CURVE('',#1447,#1460,#860,.T.);
#1829=EDGE_CURVE('',#1460,#1460,#105,.T.);
#1830=EDGE_CURVE('',#1446,#1461,#861,.T.);
#1831=EDGE_CURVE('',#1461,#1461,#106,.T.);
#1832=EDGE_CURVE('',#1445,#1462,#862,.T.);
#1833=EDGE_CURVE('',#1462,#1462,#107,.T.);
#1834=EDGE_CURVE('',#1444,#1463,#863,.T.);
#1835=EDGE_CURVE('',#1463,#1463,#108,.T.);
#1836=EDGE_CURVE('',#1443,#1464,#864,.T.);
#1837=EDGE_CURVE('',#1464,#1464,#109,.T.);
#1838=EDGE_CURVE('',#1442,#1465,#865,.T.);
#1839=EDGE_CURVE('',#1465,#1465,#110,.T.);
#1840=EDGE_CURVE('',#1466,#1466,#111,.T.);
#1841=EDGE_CURVE('',#1466,#1467,#866,.T.);
#1842=EDGE_CURVE('',#1467,#1467,#112,.T.);
#1843=EDGE_CURVE('',#1468,#1468,#113,.T.);
#1844=EDGE_CURVE('',#1468,#1469,#867,.T.);
#1845=EDGE_CURVE('',#1469,#1469,#114,.T.);
#1846=EDGE_CURVE('',#1470,#1471,#868,.T.);
#1847=EDGE_CURVE('',#1472,#1470,#869,.T.);
#1848=EDGE_CURVE('',#1473,#1472,#870,.T.);
#1849=EDGE_CURVE('',#1471,#1473,#871,.T.);
#1850=EDGE_CURVE('',#1474,#1475,#872,.T.);
#1851=EDGE_CURVE('',#1476,#1474,#873,.T.);
#1852=EDGE_CURVE('',#1477,#1476,#874,.T.);
#1853=EDGE_CURVE('',#1475,#1477,#875,.T.);
#1854=EDGE_CURVE('',#1478,#1479,#876,.T.);
#1855=EDGE_CURVE('',#1480,#1478,#877,.T.);
#1856=EDGE_CURVE('',#1481,#1480,#878,.T.);
#1857=EDGE_CURVE('',#1479,#1481,#879,.T.);
#1858=EDGE_CURVE('',#1482,#1483,#880,.T.);
#1859=EDGE_CURVE('',#1484,#1482,#881,.T.);
#1860=EDGE_CURVE('',#1485,#1484,#882,.T.);
#1861=EDGE_CURVE('',#1483,#1485,#883,.T.);
#1862=EDGE_CURVE('',#1486,#1487,#884,.T.);
#1863=EDGE_CURVE('',#1488,#1486,#885,.T.);
#1864=EDGE_CURVE('',#1489,#1488,#886,.T.);
#1865=EDGE_CURVE('',#1487,#1489,#887,.T.);
#1866=EDGE_CURVE('',#1276,#1441,#888,.T.);
#1867=EDGE_CURVE('',#1372,#1439,#889,.T.);
#1868=EDGE_CURVE('',#1438,#1265,#890,.T.);
#1869=EDGE_CURVE('',#1490,#1491,#891,.T.);
#1870=EDGE_CURVE('',#1470,#1491,#892,.T.);
#1871=EDGE_CURVE('',#1471,#1490,#893,.T.);
#1872=EDGE_CURVE('',#1492,#1490,#894,.T.);
#1873=EDGE_CURVE('',#1473,#1492,#895,.T.);
#1874=EDGE_CURVE('',#1493,#1494,#896,.T.);
#1875=EDGE_CURVE('',#1474,#1494,#897,.T.);
#1876=EDGE_CURVE('',#1475,#1493,#898,.T.);
#1877=EDGE_CURVE('',#1495,#1493,#899,.T.);
#1878=EDGE_CURVE('',#1477,#1495,#900,.T.);
#1879=EDGE_CURVE('',#1496,#1497,#901,.T.);
#1880=EDGE_CURVE('',#1478,#1497,#902,.T.);
#1881=EDGE_CURVE('',#1479,#1496,#903,.T.);
#1882=EDGE_CURVE('',#1498,#1496,#904,.T.);
#1883=EDGE_CURVE('',#1481,#1498,#905,.T.);
#1884=EDGE_CURVE('',#1499,#1500,#906,.T.);
#1885=EDGE_CURVE('',#1482,#1500,#907,.T.);
#1886=EDGE_CURVE('',#1483,#1499,#908,.T.);
#1887=EDGE_CURVE('',#1501,#1499,#909,.T.);
#1888=EDGE_CURVE('',#1485,#1501,#910,.T.);
#1889=EDGE_CURVE('',#1502,#1503,#911,.T.);
#1890=EDGE_CURVE('',#1486,#1503,#912,.T.);
#1891=EDGE_CURVE('',#1487,#1502,#913,.T.);
#1892=EDGE_CURVE('',#1504,#1502,#914,.T.);
#1893=EDGE_CURVE('',#1489,#1504,#915,.T.);
#1894=EDGE_CURVE('',#1440,#1351,#916,.F.);
#1895=EDGE_CURVE('',#1505,#1504,#917,.T.);
#1896=EDGE_CURVE('',#1488,#1505,#918,.T.);
#1897=EDGE_CURVE('',#1503,#1505,#919,.T.);
#1898=EDGE_CURVE('',#1506,#1501,#920,.T.);
#1899=EDGE_CURVE('',#1484,#1506,#921,.T.);
#1900=EDGE_CURVE('',#1500,#1506,#922,.T.);
#1901=EDGE_CURVE('',#1507,#1498,#923,.T.);
#1902=EDGE_CURVE('',#1480,#1507,#924,.T.);
#1903=EDGE_CURVE('',#1497,#1507,#925,.T.);
#1904=EDGE_CURVE('',#1508,#1495,#926,.T.);
#1905=EDGE_CURVE('',#1476,#1508,#927,.T.);
#1906=EDGE_CURVE('',#1494,#1508,#928,.T.);
#1907=EDGE_CURVE('',#1509,#1492,#929,.T.);
#1908=EDGE_CURVE('',#1472,#1509,#930,.T.);
#1909=EDGE_CURVE('',#1491,#1509,#931,.T.);
#1910=EDGE_CURVE('',#1510,#1511,#932,.T.);
#1911=EDGE_CURVE('',#1512,#1510,#933,.T.);
#1912=EDGE_CURVE('',#1513,#1512,#934,.T.);
#1913=EDGE_CURVE('',#1511,#1513,#935,.T.);
#1914=EDGE_CURVE('',#1514,#1515,#936,.F.);
#1915=EDGE_CURVE('',#1514,#1511,#937,.T.);
#1916=EDGE_CURVE('',#1515,#1513,#938,.T.);
#1917=EDGE_CURVE('',#1515,#1516,#939,.F.);
#1918=EDGE_CURVE('',#1516,#1512,#940,.T.);
#1919=EDGE_CURVE('',#1517,#1514,#941,.F.);
#1920=EDGE_CURVE('',#1517,#1510,#942,.T.);
#1921=EDGE_CURVE('',#1516,#1517,#943,.F.);
#1922=ORIENTED_EDGE('',*,*,#1518,.F.);
#1923=ORIENTED_EDGE('',*,*,#1519,.F.);
#1924=ORIENTED_EDGE('',*,*,#1520,.F.);
#1925=ORIENTED_EDGE('',*,*,#1521,.F.);
#1926=ORIENTED_EDGE('',*,*,#1522,.F.);
#1927=ORIENTED_EDGE('',*,*,#1523,.F.);
#1928=ORIENTED_EDGE('',*,*,#1524,.T.);
#1929=ORIENTED_EDGE('',*,*,#1525,.T.);
#1930=ORIENTED_EDGE('',*,*,#1522,.T.);
#1931=ORIENTED_EDGE('',*,*,#1526,.T.);
#1932=ORIENTED_EDGE('',*,*,#1527,.T.);
#1933=ORIENTED_EDGE('',*,*,#1528,.T.);
#1934=ORIENTED_EDGE('',*,*,#1519,.T.);
#1935=ORIENTED_EDGE('',*,*,#1529,.T.);
#1936=ORIENTED_EDGE('',*,*,#1523,.T.);
#1937=ORIENTED_EDGE('',*,*,#1530,.T.);
#1938=ORIENTED_EDGE('',*,*,#1531,.T.);
#1939=ORIENTED_EDGE('',*,*,#1532,.T.);
#1940=ORIENTED_EDGE('',*,*,#1521,.T.);
#1941=ORIENTED_EDGE('',*,*,#1533,.T.);
#1942=ORIENTED_EDGE('',*,*,#1534,.T.);
#1943=ORIENTED_EDGE('',*,*,#1535,.T.);
#1944=ORIENTED_EDGE('',*,*,#1536,.T.);
#1945=ORIENTED_EDGE('',*,*,#1537,.T.);
#1946=ORIENTED_EDGE('',*,*,#1538,.T.);
#1947=ORIENTED_EDGE('',*,*,#1539,.T.);
#1948=ORIENTED_EDGE('',*,*,#1520,.T.);
#1949=ORIENTED_EDGE('',*,*,#1540,.T.);
#1950=ORIENTED_EDGE('',*,*,#1541,.T.);
#1951=ORIENTED_EDGE('',*,*,#1542,.T.);
#1952=ORIENTED_EDGE('',*,*,#1543,.T.);
#1953=ORIENTED_EDGE('',*,*,#1544,.T.);
#1954=ORIENTED_EDGE('',*,*,#1518,.T.);
#1955=ORIENTED_EDGE('',*,*,#1545,.T.);
#1956=ORIENTED_EDGE('',*,*,#1546,.T.);
#1957=ORIENTED_EDGE('',*,*,#1547,.T.);
#1958=ORIENTED_EDGE('',*,*,#1548,.T.);
#1959=ORIENTED_EDGE('',*,*,#1549,.T.);
#1960=ORIENTED_EDGE('',*,*,#1550,.F.);
#1961=ORIENTED_EDGE('',*,*,#1551,.T.);
#1962=ORIENTED_EDGE('',*,*,#1552,.T.);
#1963=ORIENTED_EDGE('',*,*,#1527,.F.);
#1964=ORIENTED_EDGE('',*,*,#1553,.T.);
#1965=ORIENTED_EDGE('',*,*,#1551,.F.);
#1966=ORIENTED_EDGE('',*,*,#1554,.F.);
#1967=ORIENTED_EDGE('',*,*,#1555,.T.);
#1968=ORIENTED_EDGE('',*,*,#1556,.T.);
#1969=ORIENTED_EDGE('',*,*,#1541,.F.);
#1970=ORIENTED_EDGE('',*,*,#1557,.T.);
#1971=ORIENTED_EDGE('',*,*,#1555,.F.);
#1972=ORIENTED_EDGE('',*,*,#1536,.F.);
#1973=ORIENTED_EDGE('',*,*,#1558,.F.);
#1974=ORIENTED_EDGE('',*,*,#1537,.F.);
#1975=ORIENTED_EDGE('',*,*,#1558,.T.);
#1976=ORIENTED_EDGE('',*,*,#1535,.F.);
#1977=ORIENTED_EDGE('',*,*,#1559,.F.);
#1978=ORIENTED_EDGE('',*,*,#1533,.F.);
#1979=ORIENTED_EDGE('',*,*,#1529,.F.);
#1980=ORIENTED_EDGE('',*,*,#1544,.F.);
#1981=ORIENTED_EDGE('',*,*,#1560,.F.);
#1982=ORIENTED_EDGE('',*,*,#1548,.F.);
#1983=ORIENTED_EDGE('',*,*,#1561,.F.);
#1984=ORIENTED_EDGE('',*,*,#1549,.F.);
#1985=ORIENTED_EDGE('',*,*,#1561,.T.);
#1986=ORIENTED_EDGE('',*,*,#1547,.F.);
#1987=ORIENTED_EDGE('',*,*,#1562,.F.);
#1988=ORIENTED_EDGE('',*,*,#1563,.F.);
#1989=ORIENTED_EDGE('',*,*,#1564,.T.);
#1990=ORIENTED_EDGE('',*,*,#1565,.T.);
#1991=ORIENTED_EDGE('',*,*,#1564,.F.);
#1992=ORIENTED_EDGE('',*,*,#1565,.F.);
#1993=ORIENTED_EDGE('',*,*,#1566,.F.);
#1994=ORIENTED_EDGE('',*,*,#1567,.T.);
#1995=ORIENTED_EDGE('',*,*,#1568,.T.);
#1996=ORIENTED_EDGE('',*,*,#1567,.F.);
#1997=ORIENTED_EDGE('',*,*,#1568,.F.);
#1998=ORIENTED_EDGE('',*,*,#1569,.F.);
#1999=ORIENTED_EDGE('',*,*,#1570,.T.);
#2000=ORIENTED_EDGE('',*,*,#1571,.T.);
#2001=ORIENTED_EDGE('',*,*,#1570,.F.);
#2002=ORIENTED_EDGE('',*,*,#1571,.F.);
#2003=ORIENTED_EDGE('',*,*,#1572,.F.);
#2004=ORIENTED_EDGE('',*,*,#1573,.T.);
#2005=ORIENTED_EDGE('',*,*,#1574,.T.);
#2006=ORIENTED_EDGE('',*,*,#1573,.F.);
#2007=ORIENTED_EDGE('',*,*,#1574,.F.);
#2008=ORIENTED_EDGE('',*,*,#1575,.F.);
#2009=ORIENTED_EDGE('',*,*,#1576,.T.);
#2010=ORIENTED_EDGE('',*,*,#1577,.T.);
#2011=ORIENTED_EDGE('',*,*,#1576,.F.);
#2012=ORIENTED_EDGE('',*,*,#1577,.F.);
#2013=ORIENTED_EDGE('',*,*,#1578,.F.);
#2014=ORIENTED_EDGE('',*,*,#1579,.T.);
#2015=ORIENTED_EDGE('',*,*,#1580,.T.);
#2016=ORIENTED_EDGE('',*,*,#1579,.F.);
#2017=ORIENTED_EDGE('',*,*,#1580,.F.);
#2018=ORIENTED_EDGE('',*,*,#1581,.F.);
#2019=ORIENTED_EDGE('',*,*,#1582,.T.);
#2020=ORIENTED_EDGE('',*,*,#1583,.T.);
#2021=ORIENTED_EDGE('',*,*,#1582,.F.);
#2022=ORIENTED_EDGE('',*,*,#1583,.F.);
#2023=ORIENTED_EDGE('',*,*,#1584,.F.);
#2024=ORIENTED_EDGE('',*,*,#1585,.T.);
#2025=ORIENTED_EDGE('',*,*,#1586,.T.);
#2026=ORIENTED_EDGE('',*,*,#1585,.F.);
#2027=ORIENTED_EDGE('',*,*,#1586,.F.);
#2028=ORIENTED_EDGE('',*,*,#1587,.F.);
#2029=ORIENTED_EDGE('',*,*,#1588,.T.);
#2030=ORIENTED_EDGE('',*,*,#1589,.T.);
#2031=ORIENTED_EDGE('',*,*,#1588,.F.);
#2032=ORIENTED_EDGE('',*,*,#1589,.F.);
#2033=ORIENTED_EDGE('',*,*,#1590,.F.);
#2034=ORIENTED_EDGE('',*,*,#1591,.T.);
#2035=ORIENTED_EDGE('',*,*,#1592,.T.);
#2036=ORIENTED_EDGE('',*,*,#1591,.F.);
#2037=ORIENTED_EDGE('',*,*,#1592,.F.);
#2038=ORIENTED_EDGE('',*,*,#1593,.F.);
#2039=ORIENTED_EDGE('',*,*,#1594,.T.);
#2040=ORIENTED_EDGE('',*,*,#1595,.T.);
#2041=ORIENTED_EDGE('',*,*,#1594,.F.);
#2042=ORIENTED_EDGE('',*,*,#1595,.F.);
#2043=ORIENTED_EDGE('',*,*,#1596,.F.);
#2044=ORIENTED_EDGE('',*,*,#1597,.T.);
#2045=ORIENTED_EDGE('',*,*,#1598,.T.);
#2046=ORIENTED_EDGE('',*,*,#1597,.F.);
#2047=ORIENTED_EDGE('',*,*,#1598,.F.);
#2048=ORIENTED_EDGE('',*,*,#1599,.F.);
#2049=ORIENTED_EDGE('',*,*,#1600,.T.);
#2050=ORIENTED_EDGE('',*,*,#1601,.T.);
#2051=ORIENTED_EDGE('',*,*,#1600,.F.);
#2052=ORIENTED_EDGE('',*,*,#1601,.F.);
#2053=ORIENTED_EDGE('',*,*,#1602,.F.);
#2054=ORIENTED_EDGE('',*,*,#1603,.T.);
#2055=ORIENTED_EDGE('',*,*,#1604,.T.);
#2056=ORIENTED_EDGE('',*,*,#1603,.F.);
#2057=ORIENTED_EDGE('',*,*,#1604,.F.);
#2058=ORIENTED_EDGE('',*,*,#1605,.F.);
#2059=ORIENTED_EDGE('',*,*,#1606,.T.);
#2060=ORIENTED_EDGE('',*,*,#1607,.T.);
#2061=ORIENTED_EDGE('',*,*,#1606,.F.);
#2062=ORIENTED_EDGE('',*,*,#1607,.F.);
#2063=ORIENTED_EDGE('',*,*,#1608,.F.);
#2064=ORIENTED_EDGE('',*,*,#1609,.T.);
#2065=ORIENTED_EDGE('',*,*,#1610,.T.);
#2066=ORIENTED_EDGE('',*,*,#1609,.F.);
#2067=ORIENTED_EDGE('',*,*,#1610,.F.);
#2068=ORIENTED_EDGE('',*,*,#1611,.F.);
#2069=ORIENTED_EDGE('',*,*,#1612,.T.);
#2070=ORIENTED_EDGE('',*,*,#1613,.T.);
#2071=ORIENTED_EDGE('',*,*,#1612,.F.);
#2072=ORIENTED_EDGE('',*,*,#1613,.F.);
#2073=ORIENTED_EDGE('',*,*,#1614,.F.);
#2074=ORIENTED_EDGE('',*,*,#1615,.T.);
#2075=ORIENTED_EDGE('',*,*,#1616,.T.);
#2076=ORIENTED_EDGE('',*,*,#1615,.F.);
#2077=ORIENTED_EDGE('',*,*,#1616,.F.);
#2078=ORIENTED_EDGE('',*,*,#1617,.F.);
#2079=ORIENTED_EDGE('',*,*,#1618,.T.);
#2080=ORIENTED_EDGE('',*,*,#1619,.T.);
#2081=ORIENTED_EDGE('',*,*,#1618,.F.);
#2082=ORIENTED_EDGE('',*,*,#1619,.F.);
#2083=ORIENTED_EDGE('',*,*,#1620,.F.);
#2084=ORIENTED_EDGE('',*,*,#1621,.T.);
#2085=ORIENTED_EDGE('',*,*,#1622,.T.);
#2086=ORIENTED_EDGE('',*,*,#1621,.F.);
#2087=ORIENTED_EDGE('',*,*,#1622,.F.);
#2088=ORIENTED_EDGE('',*,*,#1623,.F.);
#2089=ORIENTED_EDGE('',*,*,#1624,.T.);
#2090=ORIENTED_EDGE('',*,*,#1625,.F.);
#2091=ORIENTED_EDGE('',*,*,#1626,.F.);
#2092=ORIENTED_EDGE('',*,*,#1627,.F.);
#2093=ORIENTED_EDGE('',*,*,#1628,.F.);
#2094=ORIENTED_EDGE('',*,*,#1629,.T.);
#2095=ORIENTED_EDGE('',*,*,#1630,.F.);
#2096=ORIENTED_EDGE('',*,*,#1624,.F.);
#2097=ORIENTED_EDGE('',*,*,#1631,.F.);
#2098=ORIENTED_EDGE('',*,*,#1626,.T.);
#2099=ORIENTED_EDGE('',*,*,#1632,.F.);
#2100=ORIENTED_EDGE('',*,*,#1633,.F.);
#2101=ORIENTED_EDGE('',*,*,#1634,.F.);
#2102=ORIENTED_EDGE('',*,*,#1635,.F.);
#2103=ORIENTED_EDGE('',*,*,#1633,.T.);
#2104=ORIENTED_EDGE('',*,*,#1636,.F.);
#2105=ORIENTED_EDGE('',*,*,#1629,.F.);
#2106=ORIENTED_EDGE('',*,*,#1636,.T.);
#2107=ORIENTED_EDGE('',*,*,#1632,.T.);
#2108=ORIENTED_EDGE('',*,*,#1625,.T.);
#2109=ORIENTED_EDGE('',*,*,#1630,.T.);
#2110=ORIENTED_EDGE('',*,*,#1584,.T.);
#2111=ORIENTED_EDGE('',*,*,#1614,.T.);
#2112=ORIENTED_EDGE('',*,*,#1627,.T.);
#2113=ORIENTED_EDGE('',*,*,#1631,.T.);
#2114=ORIENTED_EDGE('',*,*,#1635,.T.);
#2115=ORIENTED_EDGE('',*,*,#1637,.F.);
#2116=ORIENTED_EDGE('',*,*,#1638,.T.);
#2117=ORIENTED_EDGE('',*,*,#1639,.T.);
#2118=ORIENTED_EDGE('',*,*,#1640,.T.);
#2119=ORIENTED_EDGE('',*,*,#1641,.F.);
#2120=ORIENTED_EDGE('',*,*,#1642,.T.);
#2121=ORIENTED_EDGE('',*,*,#1643,.T.);
#2122=ORIENTED_EDGE('',*,*,#1644,.T.);
#2123=ORIENTED_EDGE('',*,*,#1645,.F.);
#2124=ORIENTED_EDGE('',*,*,#1646,.T.);
#2125=ORIENTED_EDGE('',*,*,#1647,.T.);
#2126=ORIENTED_EDGE('',*,*,#1648,.T.);
#2127=ORIENTED_EDGE('',*,*,#1649,.F.);
#2128=ORIENTED_EDGE('',*,*,#1650,.T.);
#2129=ORIENTED_EDGE('',*,*,#1651,.T.);
#2130=ORIENTED_EDGE('',*,*,#1652,.T.);
#2131=ORIENTED_EDGE('',*,*,#1653,.F.);
#2132=ORIENTED_EDGE('',*,*,#1654,.F.);
#2133=ORIENTED_EDGE('',*,*,#1655,.T.);
#2134=ORIENTED_EDGE('',*,*,#1656,.T.);
#2135=ORIENTED_EDGE('',*,*,#1657,.T.);
#2136=ORIENTED_EDGE('',*,*,#1658,.T.);
#2137=ORIENTED_EDGE('',*,*,#1659,.T.);
#2138=ORIENTED_EDGE('',*,*,#1660,.T.);
#2139=ORIENTED_EDGE('',*,*,#1661,.T.);
#2140=ORIENTED_EDGE('',*,*,#1662,.T.);
#2141=ORIENTED_EDGE('',*,*,#1663,.T.);
#2142=ORIENTED_EDGE('',*,*,#1664,.T.);
#2143=ORIENTED_EDGE('',*,*,#1665,.T.);
#2144=ORIENTED_EDGE('',*,*,#1666,.T.);
#2145=ORIENTED_EDGE('',*,*,#1667,.T.);
#2146=ORIENTED_EDGE('',*,*,#1668,.T.);
#2147=ORIENTED_EDGE('',*,*,#1669,.T.);
#2148=ORIENTED_EDGE('',*,*,#1670,.T.);
#2149=ORIENTED_EDGE('',*,*,#1671,.T.);
#2150=ORIENTED_EDGE('',*,*,#1672,.T.);
#2151=ORIENTED_EDGE('',*,*,#1673,.T.);
#2152=ORIENTED_EDGE('',*,*,#1674,.T.);
#2153=ORIENTED_EDGE('',*,*,#1675,.T.);
#2154=ORIENTED_EDGE('',*,*,#1676,.F.);
#2155=ORIENTED_EDGE('',*,*,#1677,.F.);
#2156=ORIENTED_EDGE('',*,*,#1678,.F.);
#2157=ORIENTED_EDGE('',*,*,#1652,.F.);
#2158=ORIENTED_EDGE('',*,*,#1679,.T.);
#2159=ORIENTED_EDGE('',*,*,#1680,.F.);
#2160=ORIENTED_EDGE('',*,*,#1681,.F.);
#2161=ORIENTED_EDGE('',*,*,#1682,.F.);
#2162=ORIENTED_EDGE('',*,*,#1681,.T.);
#2163=ORIENTED_EDGE('',*,*,#1683,.F.);
#2164=ORIENTED_EDGE('',*,*,#1684,.F.);
#2165=ORIENTED_EDGE('',*,*,#1685,.F.);
#2166=ORIENTED_EDGE('',*,*,#1684,.T.);
#2167=ORIENTED_EDGE('',*,*,#1686,.F.);
#2168=ORIENTED_EDGE('',*,*,#1687,.F.);
#2169=ORIENTED_EDGE('',*,*,#1650,.F.);
#2170=ORIENTED_EDGE('',*,*,#1651,.F.);
#2171=ORIENTED_EDGE('',*,*,#1687,.T.);
#2172=ORIENTED_EDGE('',*,*,#1688,.F.);
#2173=ORIENTED_EDGE('',*,*,#1679,.F.);
#2174=ORIENTED_EDGE('',*,*,#1680,.T.);
#2175=ORIENTED_EDGE('',*,*,#1688,.T.);
#2176=ORIENTED_EDGE('',*,*,#1686,.T.);
#2177=ORIENTED_EDGE('',*,*,#1683,.T.);
#2178=ORIENTED_EDGE('',*,*,#1590,.T.);
#2179=ORIENTED_EDGE('',*,*,#1620,.T.);
#2180=ORIENTED_EDGE('',*,*,#1623,.T.);
#2181=ORIENTED_EDGE('',*,*,#1677,.T.);
#2182=ORIENTED_EDGE('',*,*,#1689,.F.);
#2183=ORIENTED_EDGE('',*,*,#1690,.F.);
#2184=ORIENTED_EDGE('',*,*,#1691,.F.);
#2185=ORIENTED_EDGE('',*,*,#1653,.T.);
#2186=ORIENTED_EDGE('',*,*,#1678,.T.);
#2187=ORIENTED_EDGE('',*,*,#1682,.T.);
#2188=ORIENTED_EDGE('',*,*,#1685,.T.);
#2189=ORIENTED_EDGE('',*,*,#1649,.T.);
#2190=ORIENTED_EDGE('',*,*,#1692,.T.);
#2191=ORIENTED_EDGE('',*,*,#1693,.T.);
#2192=ORIENTED_EDGE('',*,*,#1694,.T.);
#2193=ORIENTED_EDGE('',*,*,#1645,.T.);
#2194=ORIENTED_EDGE('',*,*,#1695,.T.);
#2195=ORIENTED_EDGE('',*,*,#1696,.T.);
#2196=ORIENTED_EDGE('',*,*,#1697,.T.);
#2197=ORIENTED_EDGE('',*,*,#1641,.T.);
#2198=ORIENTED_EDGE('',*,*,#1698,.T.);
#2199=ORIENTED_EDGE('',*,*,#1699,.T.);
#2200=ORIENTED_EDGE('',*,*,#1700,.T.);
#2201=ORIENTED_EDGE('',*,*,#1637,.T.);
#2202=ORIENTED_EDGE('',*,*,#1634,.T.);
#2203=ORIENTED_EDGE('',*,*,#1628,.T.);
#2204=ORIENTED_EDGE('',*,*,#1701,.T.);
#2205=ORIENTED_EDGE('',*,*,#1702,.T.);
#2206=ORIENTED_EDGE('',*,*,#1703,.F.);
#2207=ORIENTED_EDGE('',*,*,#1704,.F.);
#2208=ORIENTED_EDGE('',*,*,#1660,.F.);
#2209=ORIENTED_EDGE('',*,*,#1704,.T.);
#2210=ORIENTED_EDGE('',*,*,#1705,.F.);
#2211=ORIENTED_EDGE('',*,*,#1706,.F.);
#2212=ORIENTED_EDGE('',*,*,#1661,.F.);
#2213=ORIENTED_EDGE('',*,*,#1706,.T.);
#2214=ORIENTED_EDGE('',*,*,#1707,.F.);
#2215=ORIENTED_EDGE('',*,*,#1708,.F.);
#2216=ORIENTED_EDGE('',*,*,#1662,.F.);
#2217=ORIENTED_EDGE('',*,*,#1708,.T.);
#2218=ORIENTED_EDGE('',*,*,#1709,.F.);
#2219=ORIENTED_EDGE('',*,*,#1702,.F.);
#2220=ORIENTED_EDGE('',*,*,#1709,.T.);
#2221=ORIENTED_EDGE('',*,*,#1707,.T.);
#2222=ORIENTED_EDGE('',*,*,#1705,.T.);
#2223=ORIENTED_EDGE('',*,*,#1703,.T.);
#2224=ORIENTED_EDGE('',*,*,#1578,.T.);
#2225=ORIENTED_EDGE('',*,*,#1608,.T.);
#2226=ORIENTED_EDGE('',*,*,#1710,.T.);
#2227=ORIENTED_EDGE('',*,*,#1711,.T.);
#2228=ORIENTED_EDGE('',*,*,#1712,.F.);
#2229=ORIENTED_EDGE('',*,*,#1713,.F.);
#2230=ORIENTED_EDGE('',*,*,#1664,.F.);
#2231=ORIENTED_EDGE('',*,*,#1713,.T.);
#2232=ORIENTED_EDGE('',*,*,#1714,.F.);
#2233=ORIENTED_EDGE('',*,*,#1715,.F.);
#2234=ORIENTED_EDGE('',*,*,#1665,.F.);
#2235=ORIENTED_EDGE('',*,*,#1715,.T.);
#2236=ORIENTED_EDGE('',*,*,#1716,.F.);
#2237=ORIENTED_EDGE('',*,*,#1717,.F.);
#2238=ORIENTED_EDGE('',*,*,#1666,.F.);
#2239=ORIENTED_EDGE('',*,*,#1717,.T.);
#2240=ORIENTED_EDGE('',*,*,#1718,.F.);
#2241=ORIENTED_EDGE('',*,*,#1711,.F.);
#2242=ORIENTED_EDGE('',*,*,#1718,.T.);
#2243=ORIENTED_EDGE('',*,*,#1716,.T.);
#2244=ORIENTED_EDGE('',*,*,#1714,.T.);
#2245=ORIENTED_EDGE('',*,*,#1712,.T.);
#2246=ORIENTED_EDGE('',*,*,#1572,.T.);
#2247=ORIENTED_EDGE('',*,*,#1602,.T.);
#2248=ORIENTED_EDGE('',*,*,#1694,.F.);
#2249=ORIENTED_EDGE('',*,*,#1719,.T.);
#2250=ORIENTED_EDGE('',*,*,#1720,.F.);
#2251=ORIENTED_EDGE('',*,*,#1721,.F.);
#2252=ORIENTED_EDGE('',*,*,#1646,.F.);
#2253=ORIENTED_EDGE('',*,*,#1693,.F.);
#2254=ORIENTED_EDGE('',*,*,#1722,.T.);
#2255=ORIENTED_EDGE('',*,*,#1723,.F.);
#2256=ORIENTED_EDGE('',*,*,#1719,.F.);
#2257=ORIENTED_EDGE('',*,*,#1647,.F.);
#2258=ORIENTED_EDGE('',*,*,#1721,.T.);
#2259=ORIENTED_EDGE('',*,*,#1724,.F.);
#2260=ORIENTED_EDGE('',*,*,#1725,.F.);
#2261=ORIENTED_EDGE('',*,*,#1692,.F.);
#2262=ORIENTED_EDGE('',*,*,#1648,.F.);
#2263=ORIENTED_EDGE('',*,*,#1725,.T.);
#2264=ORIENTED_EDGE('',*,*,#1726,.F.);
#2265=ORIENTED_EDGE('',*,*,#1722,.F.);
#2266=ORIENTED_EDGE('',*,*,#1726,.T.);
#2267=ORIENTED_EDGE('',*,*,#1724,.T.);
#2268=ORIENTED_EDGE('',*,*,#1720,.T.);
#2269=ORIENTED_EDGE('',*,*,#1723,.T.);
#2270=ORIENTED_EDGE('',*,*,#1563,.T.);
#2271=ORIENTED_EDGE('',*,*,#1593,.T.);
#2272=ORIENTED_EDGE('',*,*,#1698,.F.);
#2273=ORIENTED_EDGE('',*,*,#1640,.F.);
#2274=ORIENTED_EDGE('',*,*,#1727,.T.);
#2275=ORIENTED_EDGE('',*,*,#1728,.F.);
#2276=ORIENTED_EDGE('',*,*,#1729,.F.);
#2277=ORIENTED_EDGE('',*,*,#1699,.F.);
#2278=ORIENTED_EDGE('',*,*,#1729,.T.);
#2279=ORIENTED_EDGE('',*,*,#1730,.F.);
#2280=ORIENTED_EDGE('',*,*,#1731,.F.);
#2281=ORIENTED_EDGE('',*,*,#1700,.F.);
#2282=ORIENTED_EDGE('',*,*,#1731,.T.);
#2283=ORIENTED_EDGE('',*,*,#1732,.F.);
#2284=ORIENTED_EDGE('',*,*,#1733,.F.);
#2285=ORIENTED_EDGE('',*,*,#1638,.F.);
#2286=ORIENTED_EDGE('',*,*,#1639,.F.);
#2287=ORIENTED_EDGE('',*,*,#1733,.T.);
#2288=ORIENTED_EDGE('',*,*,#1734,.F.);
#2289=ORIENTED_EDGE('',*,*,#1727,.F.);
#2290=ORIENTED_EDGE('',*,*,#1728,.T.);
#2291=ORIENTED_EDGE('',*,*,#1734,.T.);
#2292=ORIENTED_EDGE('',*,*,#1732,.T.);
#2293=ORIENTED_EDGE('',*,*,#1730,.T.);
#2294=ORIENTED_EDGE('',*,*,#1566,.T.);
#2295=ORIENTED_EDGE('',*,*,#1596,.T.);
#2296=ORIENTED_EDGE('',*,*,#1735,.T.);
#2297=ORIENTED_EDGE('',*,*,#1736,.T.);
#2298=ORIENTED_EDGE('',*,*,#1737,.F.);
#2299=ORIENTED_EDGE('',*,*,#1738,.F.);
#2300=ORIENTED_EDGE('',*,*,#1672,.F.);
#2301=ORIENTED_EDGE('',*,*,#1738,.T.);
#2302=ORIENTED_EDGE('',*,*,#1739,.F.);
#2303=ORIENTED_EDGE('',*,*,#1740,.F.);
#2304=ORIENTED_EDGE('',*,*,#1673,.F.);
#2305=ORIENTED_EDGE('',*,*,#1740,.T.);
#2306=ORIENTED_EDGE('',*,*,#1741,.F.);
#2307=ORIENTED_EDGE('',*,*,#1742,.F.);
#2308=ORIENTED_EDGE('',*,*,#1674,.F.);
#2309=ORIENTED_EDGE('',*,*,#1742,.T.);
#2310=ORIENTED_EDGE('',*,*,#1743,.F.);
#2311=ORIENTED_EDGE('',*,*,#1736,.F.);
#2312=ORIENTED_EDGE('',*,*,#1743,.T.);
#2313=ORIENTED_EDGE('',*,*,#1741,.T.);
#2314=ORIENTED_EDGE('',*,*,#1739,.T.);
#2315=ORIENTED_EDGE('',*,*,#1737,.T.);
#2316=ORIENTED_EDGE('',*,*,#1569,.T.);
#2317=ORIENTED_EDGE('',*,*,#1599,.T.);
#2318=ORIENTED_EDGE('',*,*,#1744,.T.);
#2319=ORIENTED_EDGE('',*,*,#1745,.T.);
#2320=ORIENTED_EDGE('',*,*,#1746,.F.);
#2321=ORIENTED_EDGE('',*,*,#1747,.F.);
#2322=ORIENTED_EDGE('',*,*,#1656,.F.);
#2323=ORIENTED_EDGE('',*,*,#1747,.T.);
#2324=ORIENTED_EDGE('',*,*,#1748,.F.);
#2325=ORIENTED_EDGE('',*,*,#1749,.F.);
#2326=ORIENTED_EDGE('',*,*,#1657,.F.);
#2327=ORIENTED_EDGE('',*,*,#1749,.T.);
#2328=ORIENTED_EDGE('',*,*,#1750,.F.);
#2329=ORIENTED_EDGE('',*,*,#1751,.F.);
#2330=ORIENTED_EDGE('',*,*,#1658,.F.);
#2331=ORIENTED_EDGE('',*,*,#1751,.T.);
#2332=ORIENTED_EDGE('',*,*,#1752,.F.);
#2333=ORIENTED_EDGE('',*,*,#1745,.F.);
#2334=ORIENTED_EDGE('',*,*,#1752,.T.);
#2335=ORIENTED_EDGE('',*,*,#1750,.T.);
#2336=ORIENTED_EDGE('',*,*,#1748,.T.);
#2337=ORIENTED_EDGE('',*,*,#1746,.T.);
#2338=ORIENTED_EDGE('',*,*,#1575,.T.);
#2339=ORIENTED_EDGE('',*,*,#1605,.T.);
#2340=ORIENTED_EDGE('',*,*,#1753,.T.);
#2341=ORIENTED_EDGE('',*,*,#1754,.T.);
#2342=ORIENTED_EDGE('',*,*,#1755,.F.);
#2343=ORIENTED_EDGE('',*,*,#1756,.F.);
#2344=ORIENTED_EDGE('',*,*,#1668,.F.);
#2345=ORIENTED_EDGE('',*,*,#1756,.T.);
#2346=ORIENTED_EDGE('',*,*,#1757,.F.);
#2347=ORIENTED_EDGE('',*,*,#1758,.F.);
#2348=ORIENTED_EDGE('',*,*,#1669,.F.);
#2349=ORIENTED_EDGE('',*,*,#1758,.T.);
#2350=ORIENTED_EDGE('',*,*,#1759,.F.);
#2351=ORIENTED_EDGE('',*,*,#1760,.F.);
#2352=ORIENTED_EDGE('',*,*,#1670,.F.);
#2353=ORIENTED_EDGE('',*,*,#1760,.T.);
#2354=ORIENTED_EDGE('',*,*,#1761,.F.);
#2355=ORIENTED_EDGE('',*,*,#1754,.F.);
#2356=ORIENTED_EDGE('',*,*,#1761,.T.);
#2357=ORIENTED_EDGE('',*,*,#1759,.T.);
#2358=ORIENTED_EDGE('',*,*,#1757,.T.);
#2359=ORIENTED_EDGE('',*,*,#1755,.T.);
#2360=ORIENTED_EDGE('',*,*,#1581,.T.);
#2361=ORIENTED_EDGE('',*,*,#1611,.T.);
#2362=ORIENTED_EDGE('',*,*,#1695,.F.);
#2363=ORIENTED_EDGE('',*,*,#1644,.F.);
#2364=ORIENTED_EDGE('',*,*,#1762,.T.);
#2365=ORIENTED_EDGE('',*,*,#1763,.F.);
#2366=ORIENTED_EDGE('',*,*,#1764,.F.);
#2367=ORIENTED_EDGE('',*,*,#1696,.F.);
#2368=ORIENTED_EDGE('',*,*,#1764,.T.);
#2369=ORIENTED_EDGE('',*,*,#1765,.F.);
#2370=ORIENTED_EDGE('',*,*,#1766,.F.);
#2371=ORIENTED_EDGE('',*,*,#1697,.F.);
#2372=ORIENTED_EDGE('',*,*,#1766,.T.);
#2373=ORIENTED_EDGE('',*,*,#1767,.F.);
#2374=ORIENTED_EDGE('',*,*,#1768,.F.);
#2375=ORIENTED_EDGE('',*,*,#1642,.F.);
#2376=ORIENTED_EDGE('',*,*,#1643,.F.);
#2377=ORIENTED_EDGE('',*,*,#1768,.T.);
#2378=ORIENTED_EDGE('',*,*,#1769,.F.);
#2379=ORIENTED_EDGE('',*,*,#1762,.F.);
#2380=ORIENTED_EDGE('',*,*,#1763,.T.);
#2381=ORIENTED_EDGE('',*,*,#1769,.T.);
#2382=ORIENTED_EDGE('',*,*,#1767,.T.);
#2383=ORIENTED_EDGE('',*,*,#1765,.T.);
#2384=ORIENTED_EDGE('',*,*,#1587,.T.);
#2385=ORIENTED_EDGE('',*,*,#1617,.T.);
#2386=ORIENTED_EDGE('',*,*,#1770,.F.);
#2387=ORIENTED_EDGE('',*,*,#1771,.T.);
#2388=ORIENTED_EDGE('',*,*,#1772,.T.);
#2389=ORIENTED_EDGE('',*,*,#1771,.F.);
#2390=ORIENTED_EDGE('',*,*,#1772,.F.);
#2391=ORIENTED_EDGE('',*,*,#1773,.F.);
#2392=ORIENTED_EDGE('',*,*,#1774,.T.);
#2393=ORIENTED_EDGE('',*,*,#1775,.T.);
#2394=ORIENTED_EDGE('',*,*,#1774,.F.);
#2395=ORIENTED_EDGE('',*,*,#1775,.F.);
#2396=ORIENTED_EDGE('',*,*,#1776,.F.);
#2397=ORIENTED_EDGE('',*,*,#1777,.T.);
#2398=ORIENTED_EDGE('',*,*,#1778,.T.);
#2399=ORIENTED_EDGE('',*,*,#1777,.F.);
#2400=ORIENTED_EDGE('',*,*,#1778,.F.);
#2401=ORIENTED_EDGE('',*,*,#1779,.F.);
#2402=ORIENTED_EDGE('',*,*,#1780,.T.);
#2403=ORIENTED_EDGE('',*,*,#1781,.T.);
#2404=ORIENTED_EDGE('',*,*,#1780,.F.);
#2405=ORIENTED_EDGE('',*,*,#1781,.F.);
#2406=ORIENTED_EDGE('',*,*,#1782,.F.);
#2407=ORIENTED_EDGE('',*,*,#1783,.F.);
#2408=ORIENTED_EDGE('',*,*,#1784,.F.);
#2409=ORIENTED_EDGE('',*,*,#1785,.F.);
#2410=ORIENTED_EDGE('',*,*,#1786,.F.);
#2411=ORIENTED_EDGE('',*,*,#1783,.T.);
#2412=ORIENTED_EDGE('',*,*,#1787,.F.);
#2413=ORIENTED_EDGE('',*,*,#1788,.F.);
#2414=ORIENTED_EDGE('',*,*,#1789,.F.);
#2415=ORIENTED_EDGE('',*,*,#1790,.F.);
#2416=ORIENTED_EDGE('',*,*,#1791,.F.);
#2417=ORIENTED_EDGE('',*,*,#1788,.T.);
#2418=ORIENTED_EDGE('',*,*,#1792,.F.);
#2419=ORIENTED_EDGE('',*,*,#1793,.T.);
#2420=ORIENTED_EDGE('',*,*,#1794,.T.);
#2421=ORIENTED_EDGE('',*,*,#1793,.F.);
#2422=ORIENTED_EDGE('',*,*,#1794,.F.);
#2423=ORIENTED_EDGE('',*,*,#1524,.F.);
#2424=ORIENTED_EDGE('',*,*,#1795,.T.);
#2425=ORIENTED_EDGE('',*,*,#1796,.T.);
#2426=ORIENTED_EDGE('',*,*,#1784,.T.);
#2427=ORIENTED_EDGE('',*,*,#1782,.T.);
#2428=ORIENTED_EDGE('',*,*,#1786,.T.);
#2429=ORIENTED_EDGE('',*,*,#1797,.T.);
#2430=ORIENTED_EDGE('',*,*,#1798,.F.);
#2431=ORIENTED_EDGE('',*,*,#1799,.T.);
#2432=ORIENTED_EDGE('',*,*,#1690,.T.);
#2433=ORIENTED_EDGE('',*,*,#1800,.T.);
#2434=ORIENTED_EDGE('',*,*,#1789,.T.);
#2435=ORIENTED_EDGE('',*,*,#1787,.T.);
#2436=ORIENTED_EDGE('',*,*,#1791,.T.);
#2437=ORIENTED_EDGE('',*,*,#1801,.T.);
#2438=ORIENTED_EDGE('',*,*,#1802,.F.);
#2439=ORIENTED_EDGE('',*,*,#1538,.F.);
#2440=ORIENTED_EDGE('',*,*,#1803,.T.);
#2441=ORIENTED_EDGE('',*,*,#1804,.T.);
#2442=ORIENTED_EDGE('',*,*,#1805,.T.);
#2443=ORIENTED_EDGE('',*,*,#1550,.T.);
#2444=ORIENTED_EDGE('',*,*,#1806,.T.);
#2445=ORIENTED_EDGE('',*,*,#1807,.T.);
#2446=ORIENTED_EDGE('',*,*,#1808,.T.);
#2447=ORIENTED_EDGE('',*,*,#1809,.T.);
#2448=ORIENTED_EDGE('',*,*,#1810,.T.);
#2449=ORIENTED_EDGE('',*,*,#1811,.T.);
#2450=ORIENTED_EDGE('',*,*,#1812,.T.);
#2451=ORIENTED_EDGE('',*,*,#1813,.T.);
#2452=ORIENTED_EDGE('',*,*,#1814,.T.);
#2453=ORIENTED_EDGE('',*,*,#1554,.T.);
#2454=ORIENTED_EDGE('',*,*,#1815,.T.);
#2455=ORIENTED_EDGE('',*,*,#1815,.F.);
#2456=ORIENTED_EDGE('',*,*,#1816,.T.);
#2457=ORIENTED_EDGE('',*,*,#1817,.T.);
#2458=ORIENTED_EDGE('',*,*,#1816,.F.);
#2459=ORIENTED_EDGE('',*,*,#1817,.F.);
#2460=ORIENTED_EDGE('',*,*,#1542,.F.);
#2461=ORIENTED_EDGE('',*,*,#1556,.F.);
#2462=ORIENTED_EDGE('',*,*,#1557,.F.);
#2463=ORIENTED_EDGE('',*,*,#1814,.F.);
#2464=ORIENTED_EDGE('',*,*,#1818,.T.);
#2465=ORIENTED_EDGE('',*,*,#1819,.T.);
#2466=ORIENTED_EDGE('',*,*,#1818,.F.);
#2467=ORIENTED_EDGE('',*,*,#1819,.F.);
#2468=ORIENTED_EDGE('',*,*,#1813,.F.);
#2469=ORIENTED_EDGE('',*,*,#1820,.T.);
#2470=ORIENTED_EDGE('',*,*,#1821,.T.);
#2471=ORIENTED_EDGE('',*,*,#1820,.F.);
#2472=ORIENTED_EDGE('',*,*,#1821,.F.);
#2473=ORIENTED_EDGE('',*,*,#1812,.F.);
#2474=ORIENTED_EDGE('',*,*,#1822,.T.);
#2475=ORIENTED_EDGE('',*,*,#1823,.T.);
#2476=ORIENTED_EDGE('',*,*,#1822,.F.);
#2477=ORIENTED_EDGE('',*,*,#1823,.F.);
#2478=ORIENTED_EDGE('',*,*,#1811,.F.);
#2479=ORIENTED_EDGE('',*,*,#1824,.T.);
#2480=ORIENTED_EDGE('',*,*,#1825,.T.);
#2481=ORIENTED_EDGE('',*,*,#1824,.F.);
#2482=ORIENTED_EDGE('',*,*,#1825,.F.);
#2483=ORIENTED_EDGE('',*,*,#1810,.F.);
#2484=ORIENTED_EDGE('',*,*,#1826,.T.);
#2485=ORIENTED_EDGE('',*,*,#1827,.T.);
#2486=ORIENTED_EDGE('',*,*,#1826,.F.);
#2487=ORIENTED_EDGE('',*,*,#1827,.F.);
#2488=ORIENTED_EDGE('',*,*,#1809,.F.);
#2489=ORIENTED_EDGE('',*,*,#1828,.T.);
#2490=ORIENTED_EDGE('',*,*,#1829,.T.);
#2491=ORIENTED_EDGE('',*,*,#1828,.F.);
#2492=ORIENTED_EDGE('',*,*,#1829,.F.);
#2493=ORIENTED_EDGE('',*,*,#1808,.F.);
#2494=ORIENTED_EDGE('',*,*,#1830,.T.);
#2495=ORIENTED_EDGE('',*,*,#1831,.T.);
#2496=ORIENTED_EDGE('',*,*,#1830,.F.);
#2497=ORIENTED_EDGE('',*,*,#1831,.F.);
#2498=ORIENTED_EDGE('',*,*,#1807,.F.);
#2499=ORIENTED_EDGE('',*,*,#1832,.T.);
#2500=ORIENTED_EDGE('',*,*,#1833,.T.);
#2501=ORIENTED_EDGE('',*,*,#1832,.F.);
#2502=ORIENTED_EDGE('',*,*,#1833,.F.);
#2503=ORIENTED_EDGE('',*,*,#1806,.F.);
#2504=ORIENTED_EDGE('',*,*,#1834,.T.);
#2505=ORIENTED_EDGE('',*,*,#1835,.T.);
#2506=ORIENTED_EDGE('',*,*,#1834,.F.);
#2507=ORIENTED_EDGE('',*,*,#1835,.F.);
#2508=ORIENTED_EDGE('',*,*,#1528,.F.);
#2509=ORIENTED_EDGE('',*,*,#1552,.F.);
#2510=ORIENTED_EDGE('',*,*,#1553,.F.);
#2511=ORIENTED_EDGE('',*,*,#1805,.F.);
#2512=ORIENTED_EDGE('',*,*,#1836,.T.);
#2513=ORIENTED_EDGE('',*,*,#1837,.T.);
#2514=ORIENTED_EDGE('',*,*,#1836,.F.);
#2515=ORIENTED_EDGE('',*,*,#1837,.F.);
#2516=ORIENTED_EDGE('',*,*,#1804,.F.);
#2517=ORIENTED_EDGE('',*,*,#1838,.T.);
#2518=ORIENTED_EDGE('',*,*,#1839,.T.);
#2519=ORIENTED_EDGE('',*,*,#1838,.F.);
#2520=ORIENTED_EDGE('',*,*,#1839,.F.);
#2521=ORIENTED_EDGE('',*,*,#1840,.F.);
#2522=ORIENTED_EDGE('',*,*,#1841,.T.);
#2523=ORIENTED_EDGE('',*,*,#1842,.T.);
#2524=ORIENTED_EDGE('',*,*,#1841,.F.);
#2525=ORIENTED_EDGE('',*,*,#1842,.F.);
#2526=ORIENTED_EDGE('',*,*,#1843,.F.);
#2527=ORIENTED_EDGE('',*,*,#1844,.T.);
#2528=ORIENTED_EDGE('',*,*,#1845,.T.);
#2529=ORIENTED_EDGE('',*,*,#1844,.F.);
#2530=ORIENTED_EDGE('',*,*,#1845,.F.);
#2531=ORIENTED_EDGE('',*,*,#1525,.F.);
#2532=ORIENTED_EDGE('',*,*,#1803,.F.);
#2533=ORIENTED_EDGE('',*,*,#1540,.F.);
#2534=ORIENTED_EDGE('',*,*,#1530,.F.);
#2535=ORIENTED_EDGE('',*,*,#1840,.T.);
#2536=ORIENTED_EDGE('',*,*,#1843,.T.);
#2537=ORIENTED_EDGE('',*,*,#1846,.F.);
#2538=ORIENTED_EDGE('',*,*,#1847,.F.);
#2539=ORIENTED_EDGE('',*,*,#1848,.F.);
#2540=ORIENTED_EDGE('',*,*,#1849,.F.);
#2541=ORIENTED_EDGE('',*,*,#1850,.F.);
#2542=ORIENTED_EDGE('',*,*,#1851,.F.);
#2543=ORIENTED_EDGE('',*,*,#1852,.F.);
#2544=ORIENTED_EDGE('',*,*,#1853,.F.);
#2545=ORIENTED_EDGE('',*,*,#1854,.F.);
#2546=ORIENTED_EDGE('',*,*,#1855,.F.);
#2547=ORIENTED_EDGE('',*,*,#1856,.F.);
#2548=ORIENTED_EDGE('',*,*,#1857,.F.);
#2549=ORIENTED_EDGE('',*,*,#1858,.F.);
#2550=ORIENTED_EDGE('',*,*,#1859,.F.);
#2551=ORIENTED_EDGE('',*,*,#1860,.F.);
#2552=ORIENTED_EDGE('',*,*,#1861,.F.);
#2553=ORIENTED_EDGE('',*,*,#1862,.F.);
#2554=ORIENTED_EDGE('',*,*,#1863,.F.);
#2555=ORIENTED_EDGE('',*,*,#1864,.F.);
#2556=ORIENTED_EDGE('',*,*,#1865,.F.);
#2557=ORIENTED_EDGE('',*,*,#1531,.F.);
#2558=ORIENTED_EDGE('',*,*,#1559,.T.);
#2559=ORIENTED_EDGE('',*,*,#1534,.F.);
#2560=ORIENTED_EDGE('',*,*,#1560,.T.);
#2561=ORIENTED_EDGE('',*,*,#1543,.F.);
#2562=ORIENTED_EDGE('',*,*,#1562,.T.);
#2563=ORIENTED_EDGE('',*,*,#1546,.F.);
#2564=ORIENTED_EDGE('',*,*,#1866,.T.);
#2565=ORIENTED_EDGE('',*,*,#1801,.F.);
#2566=ORIENTED_EDGE('',*,*,#1790,.T.);
#2567=ORIENTED_EDGE('',*,*,#1800,.F.);
#2568=ORIENTED_EDGE('',*,*,#1689,.T.);
#2569=ORIENTED_EDGE('',*,*,#1676,.T.);
#2570=ORIENTED_EDGE('',*,*,#1867,.T.);
#2571=ORIENTED_EDGE('',*,*,#1797,.F.);
#2572=ORIENTED_EDGE('',*,*,#1785,.T.);
#2573=ORIENTED_EDGE('',*,*,#1796,.F.);
#2574=ORIENTED_EDGE('',*,*,#1868,.T.);
#2575=ORIENTED_EDGE('',*,*,#1770,.T.);
#2576=ORIENTED_EDGE('',*,*,#1773,.T.);
#2577=ORIENTED_EDGE('',*,*,#1776,.T.);
#2578=ORIENTED_EDGE('',*,*,#1779,.T.);
#2579=ORIENTED_EDGE('',*,*,#1792,.T.);
#2580=ORIENTED_EDGE('',*,*,#1532,.F.);
#2581=ORIENTED_EDGE('',*,*,#1868,.F.);
#2582=ORIENTED_EDGE('',*,*,#1795,.F.);
#2583=ORIENTED_EDGE('',*,*,#1526,.F.);
#2584=ORIENTED_EDGE('',*,*,#1539,.F.);
#2585=ORIENTED_EDGE('',*,*,#1802,.T.);
#2586=ORIENTED_EDGE('',*,*,#1866,.F.);
#2587=ORIENTED_EDGE('',*,*,#1545,.F.);
#2588=ORIENTED_EDGE('',*,*,#1869,.T.);
#2589=ORIENTED_EDGE('',*,*,#1870,.F.);
#2590=ORIENTED_EDGE('',*,*,#1846,.T.);
#2591=ORIENTED_EDGE('',*,*,#1871,.T.);
#2592=ORIENTED_EDGE('',*,*,#1872,.T.);
#2593=ORIENTED_EDGE('',*,*,#1871,.F.);
#2594=ORIENTED_EDGE('',*,*,#1849,.T.);
#2595=ORIENTED_EDGE('',*,*,#1873,.T.);
#2596=ORIENTED_EDGE('',*,*,#1874,.T.);
#2597=ORIENTED_EDGE('',*,*,#1875,.F.);
#2598=ORIENTED_EDGE('',*,*,#1850,.T.);
#2599=ORIENTED_EDGE('',*,*,#1876,.T.);
#2600=ORIENTED_EDGE('',*,*,#1877,.T.);
#2601=ORIENTED_EDGE('',*,*,#1876,.F.);
#2602=ORIENTED_EDGE('',*,*,#1853,.T.);
#2603=ORIENTED_EDGE('',*,*,#1878,.T.);
#2604=ORIENTED_EDGE('',*,*,#1879,.T.);
#2605=ORIENTED_EDGE('',*,*,#1880,.F.);
#2606=ORIENTED_EDGE('',*,*,#1854,.T.);
#2607=ORIENTED_EDGE('',*,*,#1881,.T.);
#2608=ORIENTED_EDGE('',*,*,#1882,.T.);
#2609=ORIENTED_EDGE('',*,*,#1881,.F.);
#2610=ORIENTED_EDGE('',*,*,#1857,.T.);
#2611=ORIENTED_EDGE('',*,*,#1883,.T.);
#2612=ORIENTED_EDGE('',*,*,#1884,.T.);
#2613=ORIENTED_EDGE('',*,*,#1885,.F.);
#2614=ORIENTED_EDGE('',*,*,#1858,.T.);
#2615=ORIENTED_EDGE('',*,*,#1886,.T.);
#2616=ORIENTED_EDGE('',*,*,#1887,.T.);
#2617=ORIENTED_EDGE('',*,*,#1886,.F.);
#2618=ORIENTED_EDGE('',*,*,#1861,.T.);
#2619=ORIENTED_EDGE('',*,*,#1888,.T.);
#2620=ORIENTED_EDGE('',*,*,#1889,.T.);
#2621=ORIENTED_EDGE('',*,*,#1890,.F.);
#2622=ORIENTED_EDGE('',*,*,#1862,.T.);
#2623=ORIENTED_EDGE('',*,*,#1891,.T.);
#2624=ORIENTED_EDGE('',*,*,#1892,.T.);
#2625=ORIENTED_EDGE('',*,*,#1891,.F.);
#2626=ORIENTED_EDGE('',*,*,#1865,.T.);
#2627=ORIENTED_EDGE('',*,*,#1893,.T.);
#2628=ORIENTED_EDGE('',*,*,#1894,.F.);
#2629=ORIENTED_EDGE('',*,*,#1798,.T.);
#2630=ORIENTED_EDGE('',*,*,#1867,.F.);
#2631=ORIENTED_EDGE('',*,*,#1675,.F.);
#2632=ORIENTED_EDGE('',*,*,#1735,.F.);
#2633=ORIENTED_EDGE('',*,*,#1671,.F.);
#2634=ORIENTED_EDGE('',*,*,#1753,.F.);
#2635=ORIENTED_EDGE('',*,*,#1667,.F.);
#2636=ORIENTED_EDGE('',*,*,#1710,.F.);
#2637=ORIENTED_EDGE('',*,*,#1663,.F.);
#2638=ORIENTED_EDGE('',*,*,#1701,.F.);
#2639=ORIENTED_EDGE('',*,*,#1659,.F.);
#2640=ORIENTED_EDGE('',*,*,#1744,.F.);
#2641=ORIENTED_EDGE('',*,*,#1655,.F.);
#2642=ORIENTED_EDGE('',*,*,#1895,.T.);
#2643=ORIENTED_EDGE('',*,*,#1893,.F.);
#2644=ORIENTED_EDGE('',*,*,#1864,.T.);
#2645=ORIENTED_EDGE('',*,*,#1896,.T.);
#2646=ORIENTED_EDGE('',*,*,#1897,.T.);
#2647=ORIENTED_EDGE('',*,*,#1896,.F.);
#2648=ORIENTED_EDGE('',*,*,#1863,.T.);
#2649=ORIENTED_EDGE('',*,*,#1890,.T.);
#2650=ORIENTED_EDGE('',*,*,#1898,.T.);
#2651=ORIENTED_EDGE('',*,*,#1888,.F.);
#2652=ORIENTED_EDGE('',*,*,#1860,.T.);
#2653=ORIENTED_EDGE('',*,*,#1899,.T.);
#2654=ORIENTED_EDGE('',*,*,#1900,.T.);
#2655=ORIENTED_EDGE('',*,*,#1899,.F.);
#2656=ORIENTED_EDGE('',*,*,#1859,.T.);
#2657=ORIENTED_EDGE('',*,*,#1885,.T.);
#2658=ORIENTED_EDGE('',*,*,#1901,.T.);
#2659=ORIENTED_EDGE('',*,*,#1883,.F.);
#2660=ORIENTED_EDGE('',*,*,#1856,.T.);
#2661=ORIENTED_EDGE('',*,*,#1902,.T.);
#2662=ORIENTED_EDGE('',*,*,#1903,.T.);
#2663=ORIENTED_EDGE('',*,*,#1902,.F.);
#2664=ORIENTED_EDGE('',*,*,#1855,.T.);
#2665=ORIENTED_EDGE('',*,*,#1880,.T.);
#2666=ORIENTED_EDGE('',*,*,#1904,.T.);
#2667=ORIENTED_EDGE('',*,*,#1878,.F.);
#2668=ORIENTED_EDGE('',*,*,#1852,.T.);
#2669=ORIENTED_EDGE('',*,*,#1905,.T.);
#2670=ORIENTED_EDGE('',*,*,#1906,.T.);
#2671=ORIENTED_EDGE('',*,*,#1905,.F.);
#2672=ORIENTED_EDGE('',*,*,#1851,.T.);
#2673=ORIENTED_EDGE('',*,*,#1875,.T.);
#2674=ORIENTED_EDGE('',*,*,#1907,.T.);
#2675=ORIENTED_EDGE('',*,*,#1873,.F.);
#2676=ORIENTED_EDGE('',*,*,#1848,.T.);
#2677=ORIENTED_EDGE('',*,*,#1908,.T.);
#2678=ORIENTED_EDGE('',*,*,#1909,.T.);
#2679=ORIENTED_EDGE('',*,*,#1908,.F.);
#2680=ORIENTED_EDGE('',*,*,#1847,.T.);
#2681=ORIENTED_EDGE('',*,*,#1870,.T.);
#2682=ORIENTED_EDGE('',*,*,#1910,.F.);
#2683=ORIENTED_EDGE('',*,*,#1911,.F.);
#2684=ORIENTED_EDGE('',*,*,#1912,.F.);
#2685=ORIENTED_EDGE('',*,*,#1913,.F.);
#2686=ORIENTED_EDGE('',*,*,#1889,.F.);
#2687=ORIENTED_EDGE('',*,*,#1892,.F.);
#2688=ORIENTED_EDGE('',*,*,#1895,.F.);
#2689=ORIENTED_EDGE('',*,*,#1897,.F.);
#2690=ORIENTED_EDGE('',*,*,#1884,.F.);
#2691=ORIENTED_EDGE('',*,*,#1887,.F.);
#2692=ORIENTED_EDGE('',*,*,#1898,.F.);
#2693=ORIENTED_EDGE('',*,*,#1900,.F.);
#2694=ORIENTED_EDGE('',*,*,#1879,.F.);
#2695=ORIENTED_EDGE('',*,*,#1882,.F.);
#2696=ORIENTED_EDGE('',*,*,#1901,.F.);
#2697=ORIENTED_EDGE('',*,*,#1903,.F.);
#2698=ORIENTED_EDGE('',*,*,#1874,.F.);
#2699=ORIENTED_EDGE('',*,*,#1877,.F.);
#2700=ORIENTED_EDGE('',*,*,#1904,.F.);
#2701=ORIENTED_EDGE('',*,*,#1906,.F.);
#2702=ORIENTED_EDGE('',*,*,#1869,.F.);
#2703=ORIENTED_EDGE('',*,*,#1872,.F.);
#2704=ORIENTED_EDGE('',*,*,#1907,.F.);
#2705=ORIENTED_EDGE('',*,*,#1909,.F.);
#2706=ORIENTED_EDGE('',*,*,#1914,.F.);
#2707=ORIENTED_EDGE('',*,*,#1915,.T.);
#2708=ORIENTED_EDGE('',*,*,#1913,.T.);
#2709=ORIENTED_EDGE('',*,*,#1916,.F.);
#2710=ORIENTED_EDGE('',*,*,#1917,.F.);
#2711=ORIENTED_EDGE('',*,*,#1916,.T.);
#2712=ORIENTED_EDGE('',*,*,#1912,.T.);
#2713=ORIENTED_EDGE('',*,*,#1918,.F.);
#2714=ORIENTED_EDGE('',*,*,#1919,.F.);
#2715=ORIENTED_EDGE('',*,*,#1920,.T.);
#2716=ORIENTED_EDGE('',*,*,#1910,.T.);
#2717=ORIENTED_EDGE('',*,*,#1915,.F.);
#2718=ORIENTED_EDGE('',*,*,#1921,.F.);
#2719=ORIENTED_EDGE('',*,*,#1918,.T.);
#2720=ORIENTED_EDGE('',*,*,#1911,.T.);
#2721=ORIENTED_EDGE('',*,*,#1920,.F.);
#2722=ORIENTED_EDGE('',*,*,#1799,.F.);
#2723=ORIENTED_EDGE('',*,*,#1894,.T.);
#2724=ORIENTED_EDGE('',*,*,#1654,.T.);
#2725=ORIENTED_EDGE('',*,*,#1691,.T.);
#2726=ORIENTED_EDGE('',*,*,#1917,.T.);
#2727=ORIENTED_EDGE('',*,*,#1921,.T.);
#2728=ORIENTED_EDGE('',*,*,#1919,.T.);
#2729=ORIENTED_EDGE('',*,*,#1914,.T.);
#2730=PLANE('',#3065);
#2731=PLANE('',#3066);
#2732=PLANE('',#3067);
#2733=PLANE('',#3069);
#2734=PLANE('',#3070);
#2735=PLANE('',#3071);
#2736=PLANE('',#3073);
#2737=PLANE('',#3082);
#2738=PLANE('',#3086);
#2739=PLANE('',#3087);
#2740=PLANE('',#3094);
#2741=PLANE('',#3098);
#2742=PLANE('',#3102);
#2743=PLANE('',#3106);
#2744=PLANE('',#3110);
#2745=PLANE('',#3114);
#2746=PLANE('',#3118);
#2747=PLANE('',#3122);
#2748=PLANE('',#3126);
#2749=PLANE('',#3130);
#2750=PLANE('',#3134);
#2751=PLANE('',#3138);
#2752=PLANE('',#3142);
#2753=PLANE('',#3146);
#2754=PLANE('',#3150);
#2755=PLANE('',#3154);
#2756=PLANE('',#3158);
#2757=PLANE('',#3162);
#2758=PLANE('',#3166);
#2759=PLANE('',#3170);
#2760=PLANE('',#3171);
#2761=PLANE('',#3172);
#2762=PLANE('',#3173);
#2763=PLANE('',#3174);
#2764=PLANE('',#3175);
#2765=PLANE('',#3176);
#2766=PLANE('',#3177);
#2767=PLANE('',#3178);
#2768=PLANE('',#3179);
#2769=PLANE('',#3180);
#2770=PLANE('',#3181);
#2771=PLANE('',#3182);
#2772=PLANE('',#3183);
#2773=PLANE('',#3184);
#2774=PLANE('',#3185);
#2775=PLANE('',#3186);
#2776=PLANE('',#3187);
#2777=PLANE('',#3188);
#2778=PLANE('',#3189);
#2779=PLANE('',#3190);
#2780=PLANE('',#3191);
#2781=PLANE('',#3192);
#2782=PLANE('',#3193);
#2783=PLANE('',#3194);
#2784=PLANE('',#3195);
#2785=PLANE('',#3196);
#2786=PLANE('',#3197);
#2787=PLANE('',#3198);
#2788=PLANE('',#3199);
#2789=PLANE('',#3200);
#2790=PLANE('',#3201);
#2791=PLANE('',#3202);
#2792=PLANE('',#3203);
#2793=PLANE('',#3204);
#2794=PLANE('',#3205);
#2795=PLANE('',#3206);
#2796=PLANE('',#3207);
#2797=PLANE('',#3208);
#2798=PLANE('',#3209);
#2799=PLANE('',#3210);
#2800=PLANE('',#3211);
#2801=PLANE('',#3212);
#2802=PLANE('',#3213);
#2803=PLANE('',#3214);
#2804=PLANE('',#3215);
#2805=PLANE('',#3216);
#2806=PLANE('',#3217);
#2807=PLANE('',#3218);
#2808=PLANE('',#3219);
#2809=PLANE('',#3220);
#2810=PLANE('',#3221);
#2811=PLANE('',#3222);
#2812=PLANE('',#3226);
#2813=PLANE('',#3230);
#2814=PLANE('',#3234);
#2815=PLANE('',#3238);
#2816=PLANE('',#3239);
#2817=PLANE('',#3243);
#2818=PLANE('',#3250);
#2819=PLANE('',#3251);
#2820=PLANE('',#3266);
#2821=PLANE('',#3267);
#2822=PLANE('',#3270);
#2823=PLANE('',#3273);
#2824=PLANE('',#3276);
#2825=PLANE('',#3279);
#2826=PLANE('',#3282);
#2827=PLANE('',#3285);
#2828=PLANE('',#3288);
#2829=PLANE('',#3291);
#2830=PLANE('',#3294);
#2831=PLANE('',#3295);
#2832=PLANE('',#3298);
#2833=PLANE('',#3301);
#2834=PLANE('',#3305);
#2835=PLANE('',#3309);
#2836=PLANE('',#3310);
#2837=PLANE('',#3311);
#2838=PLANE('',#3312);
#2839=PLANE('',#3313);
#2840=PLANE('',#3314);
#2841=PLANE('',#3315);
#2842=PLANE('',#3316);
#2843=PLANE('',#3317);
#2844=PLANE('',#3318);
#2845=PLANE('',#3319);
#2846=PLANE('',#3320);
#2847=PLANE('',#3321);
#2848=PLANE('',#3322);
#2849=PLANE('',#3323);
#2850=PLANE('',#3324);
#2851=PLANE('',#3325);
#2852=PLANE('',#3326);
#2853=PLANE('',#3327);
#2854=PLANE('',#3328);
#2855=PLANE('',#3329);
#2856=PLANE('',#3330);
#2857=PLANE('',#3331);
#2858=PLANE('',#3332);
#2859=PLANE('',#3333);
#2860=PLANE('',#3334);
#2861=PLANE('',#3335);
#2862=PLANE('',#3336);
#2863=PLANE('',#3337);
#2864=PLANE('',#3338);
#2865=PLANE('',#3339);
#2866=PLANE('',#3340);
#2867=ADVANCED_FACE('',(#216),#2730,.T.);
#2868=ADVANCED_FACE('',(#217),#2731,.T.);
#2869=ADVANCED_FACE('',(#218,#160),#2732,.T.);
#2870=ADVANCED_FACE('',(#219),#2733,.T.);
#2871=ADVANCED_FACE('',(#220),#2734,.T.);
#2872=ADVANCED_FACE('',(#221,#161),#2735,.T.);
#2873=ADVANCED_FACE('',(#222),#2736,.T.);
#2874=ADVANCED_FACE('',(#223),#115,.F.);
#2875=ADVANCED_FACE('',(#224),#116,.F.);
#2876=ADVANCED_FACE('',(#225),#2737,.T.);
#2877=ADVANCED_FACE('',(#226),#117,.F.);
#2878=ADVANCED_FACE('',(#227),#2738,.T.);
#2879=ADVANCED_FACE('',(#228),#2739,.T.);
#2880=ADVANCED_FACE('',(#229),#118,.F.);
#2881=ADVANCED_FACE('',(#230),#119,.F.);
#2882=ADVANCED_FACE('',(#231),#2740,.T.);
#2883=ADVANCED_FACE('',(#232),#120,.F.);
#2884=ADVANCED_FACE('',(#233),#2741,.T.);
#2885=ADVANCED_FACE('',(#234),#121,.F.);
#2886=ADVANCED_FACE('',(#235),#2742,.T.);
#2887=ADVANCED_FACE('',(#236),#122,.F.);
#2888=ADVANCED_FACE('',(#237),#2743,.T.);
#2889=ADVANCED_FACE('',(#238),#123,.F.);
#2890=ADVANCED_FACE('',(#239),#2744,.T.);
#2891=ADVANCED_FACE('',(#240),#124,.F.);
#2892=ADVANCED_FACE('',(#241),#2745,.T.);
#2893=ADVANCED_FACE('',(#242),#125,.F.);
#2894=ADVANCED_FACE('',(#243),#2746,.T.);
#2895=ADVANCED_FACE('',(#244),#126,.F.);
#2896=ADVANCED_FACE('',(#245),#2747,.T.);
#2897=ADVANCED_FACE('',(#246),#127,.F.);
#2898=ADVANCED_FACE('',(#247),#2748,.T.);
#2899=ADVANCED_FACE('',(#248),#128,.F.);
#2900=ADVANCED_FACE('',(#249),#2749,.T.);
#2901=ADVANCED_FACE('',(#250),#129,.F.);
#2902=ADVANCED_FACE('',(#251),#2750,.T.);
#2903=ADVANCED_FACE('',(#252),#130,.F.);
#2904=ADVANCED_FACE('',(#253),#2751,.T.);
#2905=ADVANCED_FACE('',(#254),#131,.F.);
#2906=ADVANCED_FACE('',(#255),#2752,.T.);
#2907=ADVANCED_FACE('',(#256),#132,.F.);
#2908=ADVANCED_FACE('',(#257),#2753,.T.);
#2909=ADVANCED_FACE('',(#258),#133,.F.);
#2910=ADVANCED_FACE('',(#259),#2754,.T.);
#2911=ADVANCED_FACE('',(#260),#134,.F.);
#2912=ADVANCED_FACE('',(#261),#2755,.T.);
#2913=ADVANCED_FACE('',(#262),#135,.F.);
#2914=ADVANCED_FACE('',(#263),#2756,.T.);
#2915=ADVANCED_FACE('',(#264),#136,.F.);
#2916=ADVANCED_FACE('',(#265),#2757,.T.);
#2917=ADVANCED_FACE('',(#266),#137,.F.);
#2918=ADVANCED_FACE('',(#267),#2758,.T.);
#2919=ADVANCED_FACE('',(#268),#138,.F.);
#2920=ADVANCED_FACE('',(#269),#2759,.T.);
#2921=ADVANCED_FACE('',(#270),#2760,.T.);
#2922=ADVANCED_FACE('',(#271),#2761,.T.);
#2923=ADVANCED_FACE('',(#272),#2762,.T.);
#2924=ADVANCED_FACE('',(#273),#2763,.T.);
#2925=ADVANCED_FACE('',(#274,#162,#163),#2764,.T.);
#2926=ADVANCED_FACE('',(#275),#2765,.F.);
#2927=ADVANCED_FACE('',(#276),#2766,.T.);
#2928=ADVANCED_FACE('',(#277),#2767,.T.);
#2929=ADVANCED_FACE('',(#278),#2768,.T.);
#2930=ADVANCED_FACE('',(#279),#2769,.T.);
#2931=ADVANCED_FACE('',(#280,#164,#165),#2770,.T.);
#2932=ADVANCED_FACE('',(#281),#2771,.F.);
#2933=ADVANCED_FACE('',(#282),#2772,.T.);
#2934=ADVANCED_FACE('',(#283),#2773,.T.);
#2935=ADVANCED_FACE('',(#284),#2774,.T.);
#2936=ADVANCED_FACE('',(#285),#2775,.T.);
#2937=ADVANCED_FACE('',(#286,#166,#167),#2776,.T.);
#2938=ADVANCED_FACE('',(#287),#2777,.T.);
#2939=ADVANCED_FACE('',(#288),#2778,.T.);
#2940=ADVANCED_FACE('',(#289),#2779,.T.);
#2941=ADVANCED_FACE('',(#290),#2780,.T.);
#2942=ADVANCED_FACE('',(#291,#168,#169),#2781,.T.);
#2943=ADVANCED_FACE('',(#292),#2782,.T.);
#2944=ADVANCED_FACE('',(#293),#2783,.T.);
#2945=ADVANCED_FACE('',(#294),#2784,.T.);
#2946=ADVANCED_FACE('',(#295),#2785,.T.);
#2947=ADVANCED_FACE('',(#296,#170,#171),#2786,.T.);
#2948=ADVANCED_FACE('',(#297),#2787,.T.);
#2949=ADVANCED_FACE('',(#298),#2788,.T.);
#2950=ADVANCED_FACE('',(#299),#2789,.T.);
#2951=ADVANCED_FACE('',(#300),#2790,.T.);
#2952=ADVANCED_FACE('',(#301,#172,#173),#2791,.T.);
#2953=ADVANCED_FACE('',(#302),#2792,.T.);
#2954=ADVANCED_FACE('',(#303),#2793,.T.);
#2955=ADVANCED_FACE('',(#304),#2794,.T.);
#2956=ADVANCED_FACE('',(#305),#2795,.T.);
#2957=ADVANCED_FACE('',(#306,#174,#175),#2796,.T.);
#2958=ADVANCED_FACE('',(#307),#2797,.T.);
#2959=ADVANCED_FACE('',(#308),#2798,.T.);
#2960=ADVANCED_FACE('',(#309),#2799,.T.);
#2961=ADVANCED_FACE('',(#310),#2800,.T.);
#2962=ADVANCED_FACE('',(#311,#176,#177),#2801,.T.);
#2963=ADVANCED_FACE('',(#312),#2802,.T.);
#2964=ADVANCED_FACE('',(#313),#2803,.T.);
#2965=ADVANCED_FACE('',(#314),#2804,.T.);
#2966=ADVANCED_FACE('',(#315),#2805,.T.);
#2967=ADVANCED_FACE('',(#316,#178,#179),#2806,.T.);
#2968=ADVANCED_FACE('',(#317),#2807,.T.);
#2969=ADVANCED_FACE('',(#318),#2808,.T.);
#2970=ADVANCED_FACE('',(#319),#2809,.T.);
#2971=ADVANCED_FACE('',(#320),#2810,.T.);
#2972=ADVANCED_FACE('',(#321,#180,#181),#2811,.T.);
#2973=ADVANCED_FACE('',(#322),#139,.F.);
#2974=ADVANCED_FACE('',(#323),#2812,.T.);
#2975=ADVANCED_FACE('',(#324),#140,.F.);
#2976=ADVANCED_FACE('',(#325),#2813,.T.);
#2977=ADVANCED_FACE('',(#326),#141,.F.);
#2978=ADVANCED_FACE('',(#327),#2814,.T.);
#2979=ADVANCED_FACE('',(#328),#142,.F.);
#2980=ADVANCED_FACE('',(#329),#2815,.T.);
#2981=ADVANCED_FACE('',(#330),#2816,.T.);
#2982=ADVANCED_FACE('',(#331),#143,.F.);
#2983=ADVANCED_FACE('',(#332),#2817,.T.);
#2984=ADVANCED_FACE('',(#333),#144,.F.);
#2985=ADVANCED_FACE('',(#334),#145,.F.);
#2986=ADVANCED_FACE('',(#335),#2818,.T.);
#2987=ADVANCED_FACE('',(#336,#182,#183,#184,#185,#186,#187,#188,#189,#190,
#191,#192,#193,#194,#195),#2819,.T.);
#2988=ADVANCED_FACE('',(#337),#146,.F.);
#2989=ADVANCED_FACE('',(#338),#2820,.T.);
#2990=ADVANCED_FACE('',(#339),#2821,.T.);
#2991=ADVANCED_FACE('',(#340),#147,.F.);
#2992=ADVANCED_FACE('',(#341),#2822,.T.);
#2993=ADVANCED_FACE('',(#342),#148,.F.);
#2994=ADVANCED_FACE('',(#343),#2823,.T.);
#2995=ADVANCED_FACE('',(#344),#149,.F.);
#2996=ADVANCED_FACE('',(#345),#2824,.T.);
#2997=ADVANCED_FACE('',(#346),#150,.F.);
#2998=ADVANCED_FACE('',(#347),#2825,.T.);
#2999=ADVANCED_FACE('',(#348),#151,.F.);
#3000=ADVANCED_FACE('',(#349),#2826,.T.);
#3001=ADVANCED_FACE('',(#350),#152,.F.);
#3002=ADVANCED_FACE('',(#351),#2827,.T.);
#3003=ADVANCED_FACE('',(#352),#153,.F.);
#3004=ADVANCED_FACE('',(#353),#2828,.T.);
#3005=ADVANCED_FACE('',(#354),#154,.F.);
#3006=ADVANCED_FACE('',(#355),#2829,.T.);
#3007=ADVANCED_FACE('',(#356),#155,.F.);
#3008=ADVANCED_FACE('',(#357),#2830,.T.);
#3009=ADVANCED_FACE('',(#358),#2831,.T.);
#3010=ADVANCED_FACE('',(#359),#156,.F.);
#3011=ADVANCED_FACE('',(#360),#2832,.T.);
#3012=ADVANCED_FACE('',(#361),#157,.F.);
#3013=ADVANCED_FACE('',(#362),#2833,.T.);
#3014=ADVANCED_FACE('',(#363),#158,.F.);
#3015=ADVANCED_FACE('',(#364),#2834,.T.);
#3016=ADVANCED_FACE('',(#365),#159,.F.);
#3017=ADVANCED_FACE('',(#366),#2835,.T.);
#3018=ADVANCED_FACE('',(#367,#196,#197,#198,#199,#200,#201,#202),#2836,
 .F.);
#3019=ADVANCED_FACE('',(#368,#203,#204,#205,#206,#207),#2837,.T.);
#3020=ADVANCED_FACE('',(#369),#2838,.T.);
#3021=ADVANCED_FACE('',(#370),#2839,.T.);
#3022=ADVANCED_FACE('',(#371),#2840,.T.);
#3023=ADVANCED_FACE('',(#372),#2841,.T.);
#3024=ADVANCED_FACE('',(#373),#2842,.T.);
#3025=ADVANCED_FACE('',(#374),#2843,.T.);
#3026=ADVANCED_FACE('',(#375),#2844,.T.);
#3027=ADVANCED_FACE('',(#376),#2845,.T.);
#3028=ADVANCED_FACE('',(#377),#2846,.T.);
#3029=ADVANCED_FACE('',(#378),#2847,.T.);
#3030=ADVANCED_FACE('',(#379),#2848,.T.);
#3031=ADVANCED_FACE('',(#380),#2849,.T.);
#3032=ADVANCED_FACE('',(#381),#2850,.F.);
#3033=ADVANCED_FACE('',(#382),#2851,.T.);
#3034=ADVANCED_FACE('',(#383),#2852,.T.);
#3035=ADVANCED_FACE('',(#384),#2853,.T.);
#3036=ADVANCED_FACE('',(#385),#2854,.T.);
#3037=ADVANCED_FACE('',(#386),#2855,.T.);
#3038=ADVANCED_FACE('',(#387),#2856,.T.);
#3039=ADVANCED_FACE('',(#388),#2857,.T.);
#3040=ADVANCED_FACE('',(#389),#2858,.T.);
#3041=ADVANCED_FACE('',(#390),#2859,.T.);
#3042=ADVANCED_FACE('',(#391),#2860,.T.);
#3043=ADVANCED_FACE('',(#392,#208,#209,#210,#211,#212),#2861,.F.);
#3044=ADVANCED_FACE('',(#393),#2862,.F.);
#3045=ADVANCED_FACE('',(#394),#2863,.F.);
#3046=ADVANCED_FACE('',(#395),#2864,.F.);
#3047=ADVANCED_FACE('',(#396),#2865,.F.);
#3048=ADVANCED_FACE('',(#397,#213),#2866,.T.);
#3049=CLOSED_SHELL('',(#2867,#2868,#2869,#2870,#2871,#2872,#2873,#2874,
#2875,#2876,#2877,#2878,#2879,#2880,#2881,#2882,#2883,#2884,#2885,#2886,
#2887,#2888,#2889,#2890,#2891,#2892,#2893,#2894,#2895,#2896,#2897,#2898,
#2899,#2900,#2901,#2902,#2903,#2904,#2905,#2906,#2907,#2908,#2909,#2910,
#2911,#2912,#2913,#2914,#2915,#2916,#2917,#2918,#2919,#2920,#2921,#2922,
#2923,#2924,#2925,#2926,#2927,#2928,#2929,#2930,#2931,#2932,#2933,#2934,
#2935,#2936,#2937,#2938,#2939,#2940,#2941,#2942,#2943,#2944,#2945,#2946,
#2947,#2948,#2949,#2950,#2951,#2952,#2953,#2954,#2955,#2956,#2957,#2958,
#2959,#2960,#2961,#2962,#2963,#2964,#2965,#2966,#2967,#2968,#2969,#2970,
#2971,#2972,#2973,#2974,#2975,#2976,#2977,#2978,#2979,#2980,#2981,#2982,
#2983,#2984,#2985,#2986,#2987,#2988,#2989,#2990,#2991,#2992,#2993,#2994,
#2995,#2996,#2997,#2998,#2999,#3000,#3001,#3002,#3003,#3004,#3005,#3006,
#3007,#3008,#3009,#3010,#3011,#3012,#3013,#3014,#3015,#3016,#3017,#3018,
#3019,#3020,#3021,#3022,#3023,#3024,#3025,#3026,#3027,#3028,#3029,#3030,
#3031,#3032,#3033,#3034,#3035,#3036,#3037,#3038,#3039,#3040,#3041,#3042,
#3043,#3044,#3045,#3046,#3047,#3048));
#3050=DERIVED_UNIT_ELEMENT(#3052,1.);
#3051=DERIVED_UNIT_ELEMENT(#5079,-3.);
#3052=(
MASS_UNIT()
NAMED_UNIT(*)
SI_UNIT(.KILO.,.GRAM.)
);
#3053=DERIVED_UNIT((#3050,#3051));
#3054=MEASURE_REPRESENTATION_ITEM('density measure',
POSITIVE_RATIO_MEASURE(7850.),#3053);
#3055=PROPERTY_DEFINITION_REPRESENTATION(#3060,#3057);
#3056=PROPERTY_DEFINITION_REPRESENTATION(#3061,#3058);
#3057=REPRESENTATION('material name',(#3059),#5076);
#3058=REPRESENTATION('density',(#3054),#5076);
#3059=DESCRIPTIVE_REPRESENTATION_ITEM('Steel','Steel');
#3060=PROPERTY_DEFINITION('material property','material name',#5096);
#3061=PROPERTY_DEFINITION('material property','density of part',#5096);
#3062=AXIS2_PLACEMENT_3D('',#4215,#3343,#3344);
#3063=AXIS2_PLACEMENT_3D('',#4216,#3345,#3346);
#3064=AXIS2_PLACEMENT_3D('',#4217,#3347,#3348);
#3065=AXIS2_PLACEMENT_3D('',#4218,#3349,#3350);
#3066=AXIS2_PLACEMENT_3D('',#4225,#3354,#3355);
#3067=AXIS2_PLACEMENT_3D('',#4232,#3359,#3360);
#3068=AXIS2_PLACEMENT_3D('',#4240,#3364,#3365);
#3069=AXIS2_PLACEMENT_3D('',#4242,#3367,#3368);
#3070=AXIS2_PLACEMENT_3D('',#4245,#3371,#3372);
#3071=AXIS2_PLACEMENT_3D('',#4259,#3380,#3381);
#3072=AXIS2_PLACEMENT_3D('',#4267,#3385,#3386);
#3073=AXIS2_PLACEMENT_3D('',#4269,#3388,#3389);
#3074=AXIS2_PLACEMENT_3D('',#4283,#3397,#3398);
#3075=AXIS2_PLACEMENT_3D('',#4285,#3399,#3400);
#3076=AXIS2_PLACEMENT_3D('',#4288,#3402,#3403);
#3077=AXIS2_PLACEMENT_3D('',#4289,#3404,#3405);
#3078=AXIS2_PLACEMENT_3D('',#4290,#3406,#3407);
#3079=AXIS2_PLACEMENT_3D('',#4292,#3408,#3409);
#3080=AXIS2_PLACEMENT_3D('',#4295,#3411,#3412);
#3081=AXIS2_PLACEMENT_3D('',#4296,#3413,#3414);
#3082=AXIS2_PLACEMENT_3D('',#4297,#3415,#3416);
#3083=AXIS2_PLACEMENT_3D('',#4298,#3417,#3418);
#3084=AXIS2_PLACEMENT_3D('',#4299,#3419,#3420);
#3085=AXIS2_PLACEMENT_3D('',#4300,#3421,#3422);
#3086=AXIS2_PLACEMENT_3D('',#4301,#3423,#3424);
#3087=AXIS2_PLACEMENT_3D('',#4303,#3426,#3427);
#3088=AXIS2_PLACEMENT_3D('',#4304,#3428,#3429);
#3089=AXIS2_PLACEMENT_3D('',#4305,#3430,#3431);
#3090=AXIS2_PLACEMENT_3D('',#4306,#3432,#3433);
#3091=AXIS2_PLACEMENT_3D('',#4307,#3434,#3435);
#3092=AXIS2_PLACEMENT_3D('',#4309,#3436,#3437);
#3093=AXIS2_PLACEMENT_3D('',#4312,#3439,#3440);
#3094=AXIS2_PLACEMENT_3D('',#4313,#3441,#3442);
#3095=AXIS2_PLACEMENT_3D('',#4314,#3443,#3444);
#3096=AXIS2_PLACEMENT_3D('',#4316,#3445,#3446);
#3097=AXIS2_PLACEMENT_3D('',#4319,#3448,#3449);
#3098=AXIS2_PLACEMENT_3D('',#4320,#3450,#3451);
#3099=AXIS2_PLACEMENT_3D('',#4321,#3452,#3453);
#3100=AXIS2_PLACEMENT_3D('',#4323,#3454,#3455);
#3101=AXIS2_PLACEMENT_3D('',#4326,#3457,#3458);
#3102=AXIS2_PLACEMENT_3D('',#4327,#3459,#3460);
#3103=AXIS2_PLACEMENT_3D('',#4328,#3461,#3462);
#3104=AXIS2_PLACEMENT_3D('',#4330,#3463,#3464);
#3105=AXIS2_PLACEMENT_3D('',#4333,#3466,#3467);
#3106=AXIS2_PLACEMENT_3D('',#4334,#3468,#3469);
#3107=AXIS2_PLACEMENT_3D('',#4335,#3470,#3471);
#3108=AXIS2_PLACEMENT_3D('',#4337,#3472,#3473);
#3109=AXIS2_PLACEMENT_3D('',#4340,#3475,#3476);
#3110=AXIS2_PLACEMENT_3D('',#4341,#3477,#3478);
#3111=AXIS2_PLACEMENT_3D('',#4342,#3479,#3480);
#3112=AXIS2_PLACEMENT_3D('',#4344,#3481,#3482);
#3113=AXIS2_PLACEMENT_3D('',#4347,#3484,#3485);
#3114=AXIS2_PLACEMENT_3D('',#4348,#3486,#3487);
#3115=AXIS2_PLACEMENT_3D('',#4349,#3488,#3489);
#3116=AXIS2_PLACEMENT_3D('',#4351,#3490,#3491);
#3117=AXIS2_PLACEMENT_3D('',#4354,#3493,#3494);
#3118=AXIS2_PLACEMENT_3D('',#4355,#3495,#3496);
#3119=AXIS2_PLACEMENT_3D('',#4356,#3497,#3498);
#3120=AXIS2_PLACEMENT_3D('',#4358,#3499,#3500);
#3121=AXIS2_PLACEMENT_3D('',#4361,#3502,#3503);
#3122=AXIS2_PLACEMENT_3D('',#4362,#3504,#3505);
#3123=AXIS2_PLACEMENT_3D('',#4363,#3506,#3507);
#3124=AXIS2_PLACEMENT_3D('',#4365,#3508,#3509);
#3125=AXIS2_PLACEMENT_3D('',#4368,#3511,#3512);
#3126=AXIS2_PLACEMENT_3D('',#4369,#3513,#3514);
#3127=AXIS2_PLACEMENT_3D('',#4370,#3515,#3516);
#3128=AXIS2_PLACEMENT_3D('',#4372,#3517,#3518);
#3129=AXIS2_PLACEMENT_3D('',#4375,#3520,#3521);
#3130=AXIS2_PLACEMENT_3D('',#4376,#3522,#3523);
#3131=AXIS2_PLACEMENT_3D('',#4377,#3524,#3525);
#3132=AXIS2_PLACEMENT_3D('',#4379,#3526,#3527);
#3133=AXIS2_PLACEMENT_3D('',#4382,#3529,#3530);
#3134=AXIS2_PLACEMENT_3D('',#4383,#3531,#3532);
#3135=AXIS2_PLACEMENT_3D('',#4384,#3533,#3534);
#3136=AXIS2_PLACEMENT_3D('',#4386,#3535,#3536);
#3137=AXIS2_PLACEMENT_3D('',#4389,#3538,#3539);
#3138=AXIS2_PLACEMENT_3D('',#4390,#3540,#3541);
#3139=AXIS2_PLACEMENT_3D('',#4391,#3542,#3543);
#3140=AXIS2_PLACEMENT_3D('',#4393,#3544,#3545);
#3141=AXIS2_PLACEMENT_3D('',#4396,#3547,#3548);
#3142=AXIS2_PLACEMENT_3D('',#4397,#3549,#3550);
#3143=AXIS2_PLACEMENT_3D('',#4398,#3551,#3552);
#3144=AXIS2_PLACEMENT_3D('',#4400,#3553,#3554);
#3145=AXIS2_PLACEMENT_3D('',#4403,#3556,#3557);
#3146=AXIS2_PLACEMENT_3D('',#4404,#3558,#3559);
#3147=AXIS2_PLACEMENT_3D('',#4405,#3560,#3561);
#3148=AXIS2_PLACEMENT_3D('',#4407,#3562,#3563);
#3149=AXIS2_PLACEMENT_3D('',#4410,#3565,#3566);
#3150=AXIS2_PLACEMENT_3D('',#4411,#3567,#3568);
#3151=AXIS2_PLACEMENT_3D('',#4412,#3569,#3570);
#3152=AXIS2_PLACEMENT_3D('',#4414,#3571,#3572);
#3153=AXIS2_PLACEMENT_3D('',#4417,#3574,#3575);
#3154=AXIS2_PLACEMENT_3D('',#4418,#3576,#3577);
#3155=AXIS2_PLACEMENT_3D('',#4419,#3578,#3579);
#3156=AXIS2_PLACEMENT_3D('',#4421,#3580,#3581);
#3157=AXIS2_PLACEMENT_3D('',#4424,#3583,#3584);
#3158=AXIS2_PLACEMENT_3D('',#4425,#3585,#3586);
#3159=AXIS2_PLACEMENT_3D('',#4426,#3587,#3588);
#3160=AXIS2_PLACEMENT_3D('',#4428,#3589,#3590);
#3161=AXIS2_PLACEMENT_3D('',#4431,#3592,#3593);
#3162=AXIS2_PLACEMENT_3D('',#4432,#3594,#3595);
#3163=AXIS2_PLACEMENT_3D('',#4433,#3596,#3597);
#3164=AXIS2_PLACEMENT_3D('',#4435,#3598,#3599);
#3165=AXIS2_PLACEMENT_3D('',#4438,#3601,#3602);
#3166=AXIS2_PLACEMENT_3D('',#4439,#3603,#3604);
#3167=AXIS2_PLACEMENT_3D('',#4440,#3605,#3606);
#3168=AXIS2_PLACEMENT_3D('',#4442,#3607,#3608);
#3169=AXIS2_PLACEMENT_3D('',#4445,#3610,#3611);
#3170=AXIS2_PLACEMENT_3D('',#4446,#3612,#3613);
#3171=AXIS2_PLACEMENT_3D('',#4447,#3614,#3615);
#3172=AXIS2_PLACEMENT_3D('',#4458,#3621,#3622);
#3173=AXIS2_PLACEMENT_3D('',#4464,#3626,#3627);
#3174=AXIS2_PLACEMENT_3D('',#4470,#3631,#3632);
#3175=AXIS2_PLACEMENT_3D('',#4475,#3636,#3637);
#3176=AXIS2_PLACEMENT_3D('',#4476,#3638,#3639);
#3177=AXIS2_PLACEMENT_3D('',#4558,#3681,#3682);
#3178=AXIS2_PLACEMENT_3D('',#4566,#3687,#3688);
#3179=AXIS2_PLACEMENT_3D('',#4572,#3692,#3693);
#3180=AXIS2_PLACEMENT_3D('',#4577,#3697,#3698);
#3181=AXIS2_PLACEMENT_3D('',#4579,#3700,#3701);
#3182=AXIS2_PLACEMENT_3D('',#4580,#3702,#3703);
#3183=AXIS2_PLACEMENT_3D('',#4601,#3716,#3717);
#3184=AXIS2_PLACEMENT_3D('',#4608,#3722,#3723);
#3185=AXIS2_PLACEMENT_3D('',#4612,#3726,#3727);
#3186=AXIS2_PLACEMENT_3D('',#4616,#3730,#3731);
#3187=AXIS2_PLACEMENT_3D('',#4618,#3733,#3734);
#3188=AXIS2_PLACEMENT_3D('',#4619,#3735,#3736);
#3189=AXIS2_PLACEMENT_3D('',#4626,#3741,#3742);
#3190=AXIS2_PLACEMENT_3D('',#4630,#3745,#3746);
#3191=AXIS2_PLACEMENT_3D('',#4634,#3749,#3750);
#3192=AXIS2_PLACEMENT_3D('',#4636,#3752,#3753);
#3193=AXIS2_PLACEMENT_3D('',#4637,#3754,#3755);
#3194=AXIS2_PLACEMENT_3D('',#4643,#3759,#3760);
#3195=AXIS2_PLACEMENT_3D('',#4647,#3763,#3764);
#3196=AXIS2_PLACEMENT_3D('',#4651,#3767,#3768);
#3197=AXIS2_PLACEMENT_3D('',#4653,#3770,#3771);
#3198=AXIS2_PLACEMENT_3D('',#4654,#3772,#3773);
#3199=AXIS2_PLACEMENT_3D('',#4660,#3777,#3778);
#3200=AXIS2_PLACEMENT_3D('',#4664,#3781,#3782);
#3201=AXIS2_PLACEMENT_3D('',#4668,#3785,#3786);
#3202=AXIS2_PLACEMENT_3D('',#4670,#3788,#3789);
#3203=AXIS2_PLACEMENT_3D('',#4671,#3790,#3791);
#3204=AXIS2_PLACEMENT_3D('',#4678,#3796,#3797);
#3205=AXIS2_PLACEMENT_3D('',#4682,#3800,#3801);
#3206=AXIS2_PLACEMENT_3D('',#4686,#3804,#3805);
#3207=AXIS2_PLACEMENT_3D('',#4688,#3807,#3808);
#3208=AXIS2_PLACEMENT_3D('',#4689,#3809,#3810);
#3209=AXIS2_PLACEMENT_3D('',#4696,#3815,#3816);
#3210=AXIS2_PLACEMENT_3D('',#4700,#3819,#3820);
#3211=AXIS2_PLACEMENT_3D('',#4704,#3823,#3824);
#3212=AXIS2_PLACEMENT_3D('',#4706,#3826,#3827);
#3213=AXIS2_PLACEMENT_3D('',#4707,#3828,#3829);
#3214=AXIS2_PLACEMENT_3D('',#4714,#3834,#3835);
#3215=AXIS2_PLACEMENT_3D('',#4718,#3838,#3839);
#3216=AXIS2_PLACEMENT_3D('',#4722,#3842,#3843);
#3217=AXIS2_PLACEMENT_3D('',#4724,#3845,#3846);
#3218=AXIS2_PLACEMENT_3D('',#4725,#3847,#3848);
#3219=AXIS2_PLACEMENT_3D('',#4731,#3852,#3853);
#3220=AXIS2_PLACEMENT_3D('',#4735,#3856,#3857);
#3221=AXIS2_PLACEMENT_3D('',#4739,#3860,#3861);
#3222=AXIS2_PLACEMENT_3D('',#4741,#3863,#3864);
#3223=AXIS2_PLACEMENT_3D('',#4742,#3865,#3866);
#3224=AXIS2_PLACEMENT_3D('',#4744,#3867,#3868);
#3225=AXIS2_PLACEMENT_3D('',#4747,#3870,#3871);
#3226=AXIS2_PLACEMENT_3D('',#4748,#3872,#3873);
#3227=AXIS2_PLACEMENT_3D('',#4749,#3874,#3875);
#3228=AXIS2_PLACEMENT_3D('',#4751,#3876,#3877);
#3229=AXIS2_PLACEMENT_3D('',#4754,#3879,#3880);
#3230=AXIS2_PLACEMENT_3D('',#4755,#3881,#3882);
#3231=AXIS2_PLACEMENT_3D('',#4756,#3883,#3884);
#3232=AXIS2_PLACEMENT_3D('',#4758,#3885,#3886);
#3233=AXIS2_PLACEMENT_3D('',#4761,#3888,#3889);
#3234=AXIS2_PLACEMENT_3D('',#4762,#3890,#3891);
#3235=AXIS2_PLACEMENT_3D('',#4763,#3892,#3893);
#3236=AXIS2_PLACEMENT_3D('',#4765,#3894,#3895);
#3237=AXIS2_PLACEMENT_3D('',#4768,#3897,#3898);
#3238=AXIS2_PLACEMENT_3D('',#4769,#3899,#3900);
#3239=AXIS2_PLACEMENT_3D('',#4770,#3901,#3902);
#3240=AXIS2_PLACEMENT_3D('',#4774,#3904,#3905);
#3241=AXIS2_PLACEMENT_3D('',#4775,#3906,#3907);
#3242=AXIS2_PLACEMENT_3D('',#4779,#3909,#3910);
#3243=AXIS2_PLACEMENT_3D('',#4781,#3912,#3913);
#3244=AXIS2_PLACEMENT_3D('',#4785,#3915,#3916);
#3245=AXIS2_PLACEMENT_3D('',#4786,#3917,#3918);
#3246=AXIS2_PLACEMENT_3D('',#4790,#3920,#3921);
#3247=AXIS2_PLACEMENT_3D('',#4792,#3923,#3924);
#3248=AXIS2_PLACEMENT_3D('',#4794,#3925,#3926);
#3249=AXIS2_PLACEMENT_3D('',#4797,#3928,#3929);
#3250=AXIS2_PLACEMENT_3D('',#4798,#3930,#3931);
#3251=AXIS2_PLACEMENT_3D('',#4799,#3932,#3933);
#3252=AXIS2_PLACEMENT_3D('',#4814,#3943,#3944);
#3253=AXIS2_PLACEMENT_3D('',#4816,#3945,#3946);
#3254=AXIS2_PLACEMENT_3D('',#4818,#3947,#3948);
#3255=AXIS2_PLACEMENT_3D('',#4820,#3949,#3950);
#3256=AXIS2_PLACEMENT_3D('',#4822,#3951,#3952);
#3257=AXIS2_PLACEMENT_3D('',#4824,#3953,#3954);
#3258=AXIS2_PLACEMENT_3D('',#4826,#3955,#3956);
#3259=AXIS2_PLACEMENT_3D('',#4828,#3957,#3958);
#3260=AXIS2_PLACEMENT_3D('',#4830,#3959,#3960);
#3261=AXIS2_PLACEMENT_3D('',#4832,#3961,#3962);
#3262=AXIS2_PLACEMENT_3D('',#4834,#3963,#3964);
#3263=AXIS2_PLACEMENT_3D('',#4836,#3965,#3966);
#3264=AXIS2_PLACEMENT_3D('',#4837,#3967,#3968);
#3265=AXIS2_PLACEMENT_3D('',#4840,#3970,#3971);
#3266=AXIS2_PLACEMENT_3D('',#4841,#3972,#3973);
#3267=AXIS2_PLACEMENT_3D('',#4842,#3974,#3975);
#3268=AXIS2_PLACEMENT_3D('',#4843,#3976,#3977);
#3269=AXIS2_PLACEMENT_3D('',#4846,#3979,#3980);
#3270=AXIS2_PLACEMENT_3D('',#4847,#3981,#3982);
#3271=AXIS2_PLACEMENT_3D('',#4848,#3983,#3984);
#3272=AXIS2_PLACEMENT_3D('',#4851,#3986,#3987);
#3273=AXIS2_PLACEMENT_3D('',#4852,#3988,#3989);
#3274=AXIS2_PLACEMENT_3D('',#4853,#3990,#3991);
#3275=AXIS2_PLACEMENT_3D('',#4856,#3993,#3994);
#3276=AXIS2_PLACEMENT_3D('',#4857,#3995,#3996);
#3277=AXIS2_PLACEMENT_3D('',#4858,#3997,#3998);
#3278=AXIS2_PLACEMENT_3D('',#4861,#4000,#4001);
#3279=AXIS2_PLACEMENT_3D('',#4862,#4002,#4003);
#3280=AXIS2_PLACEMENT_3D('',#4863,#4004,#4005);
#3281=AXIS2_PLACEMENT_3D('',#4866,#4007,#4008);
#3282=AXIS2_PLACEMENT_3D('',#4867,#4009,#4010);
#3283=AXIS2_PLACEMENT_3D('',#4868,#4011,#4012);
#3284=AXIS2_PLACEMENT_3D('',#4871,#4014,#4015);
#3285=AXIS2_PLACEMENT_3D('',#4872,#4016,#4017);
#3286=AXIS2_PLACEMENT_3D('',#4873,#4018,#4019);
#3287=AXIS2_PLACEMENT_3D('',#4876,#4021,#4022);
#3288=AXIS2_PLACEMENT_3D('',#4877,#4023,#4024);
#3289=AXIS2_PLACEMENT_3D('',#4878,#4025,#4026);
#3290=AXIS2_PLACEMENT_3D('',#4881,#4028,#4029);
#3291=AXIS2_PLACEMENT_3D('',#4882,#4030,#4031);
#3292=AXIS2_PLACEMENT_3D('',#4883,#4032,#4033);
#3293=AXIS2_PLACEMENT_3D('',#4886,#4035,#4036);
#3294=AXIS2_PLACEMENT_3D('',#4887,#4037,#4038);
#3295=AXIS2_PLACEMENT_3D('',#4888,#4039,#4040);
#3296=AXIS2_PLACEMENT_3D('',#4889,#4041,#4042);
#3297=AXIS2_PLACEMENT_3D('',#4892,#4044,#4045);
#3298=AXIS2_PLACEMENT_3D('',#4893,#4046,#4047);
#3299=AXIS2_PLACEMENT_3D('',#4894,#4048,#4049);
#3300=AXIS2_PLACEMENT_3D('',#4897,#4051,#4052);
#3301=AXIS2_PLACEMENT_3D('',#4898,#4053,#4054);
#3302=AXIS2_PLACEMENT_3D('',#4899,#4055,#4056);
#3303=AXIS2_PLACEMENT_3D('',#4901,#4057,#4058);
#3304=AXIS2_PLACEMENT_3D('',#4904,#4060,#4061);
#3305=AXIS2_PLACEMENT_3D('',#4905,#4062,#4063);
#3306=AXIS2_PLACEMENT_3D('',#4906,#4064,#4065);
#3307=AXIS2_PLACEMENT_3D('',#4908,#4066,#4067);
#3308=AXIS2_PLACEMENT_3D('',#4911,#4069,#4070);
#3309=AXIS2_PLACEMENT_3D('',#4912,#4071,#4072);
#3310=AXIS2_PLACEMENT_3D('',#4913,#4073,#4074);
#3311=AXIS2_PLACEMENT_3D('',#4954,#4095,#4096);
#3312=AXIS2_PLACEMENT_3D('',#4958,#4100,#4101);
#3313=AXIS2_PLACEMENT_3D('',#4959,#4102,#4103);
#3314=AXIS2_PLACEMENT_3D('',#4960,#4104,#4105);
#3315=AXIS2_PLACEMENT_3D('',#4966,#4109,#4110);
#3316=AXIS2_PLACEMENT_3D('',#4970,#4113,#4114);
#3317=AXIS2_PLACEMENT_3D('',#4976,#4118,#4119);
#3318=AXIS2_PLACEMENT_3D('',#4980,#4122,#4123);
#3319=AXIS2_PLACEMENT_3D('',#4986,#4127,#4128);
#3320=AXIS2_PLACEMENT_3D('',#4990,#4131,#4132);
#3321=AXIS2_PLACEMENT_3D('',#4996,#4136,#4137);
#3322=AXIS2_PLACEMENT_3D('',#5000,#4140,#4141);
#3323=AXIS2_PLACEMENT_3D('',#5006,#4145,#4146);
#3324=AXIS2_PLACEMENT_3D('',#5010,#4149,#4150);
#3325=AXIS2_PLACEMENT_3D('',#5012,#4152,#4153);
#3326=AXIS2_PLACEMENT_3D('',#5016,#4156,#4157);
#3327=AXIS2_PLACEMENT_3D('',#5018,#4159,#4160);
#3328=AXIS2_PLACEMENT_3D('',#5022,#4163,#4164);
#3329=AXIS2_PLACEMENT_3D('',#5024,#4166,#4167);
#3330=AXIS2_PLACEMENT_3D('',#5028,#4170,#4171);
#3331=AXIS2_PLACEMENT_3D('',#5030,#4173,#4174);
#3332=AXIS2_PLACEMENT_3D('',#5034,#4177,#4178);
#3333=AXIS2_PLACEMENT_3D('',#5036,#4180,#4181);
#3334=AXIS2_PLACEMENT_3D('',#5040,#4184,#4185);
#3335=AXIS2_PLACEMENT_3D('',#5042,#4187,#4188);
#3336=AXIS2_PLACEMENT_3D('',#5051,#4193,#4194);
#3337=AXIS2_PLACEMENT_3D('',#5057,#4198,#4199);
#3338=AXIS2_PLACEMENT_3D('',#5061,#4202,#4203);
#3339=AXIS2_PLACEMENT_3D('',#5065,#4206,#4207);
#3340=AXIS2_PLACEMENT_3D('',#5067,#4209,#4210);
#3341=AXIS2_PLACEMENT_3D('',#5068,#4211,#4212);
#3342=AXIS2_PLACEMENT_3D('',#5069,#4213,#4214);
#3343=DIRECTION('axis',(0.,0.,1.));
#3344=DIRECTION('refdir',(1.,0.,0.));
#3345=DIRECTION('axis',(0.,0.,1.));
#3346=DIRECTION('refdir',(1.,0.,0.));
#3347=DIRECTION('axis',(0.,0.,1.));
#3348=DIRECTION('refdir',(1.,0.,0.));
#3349=DIRECTION('center_axis',(-0.418321028566613,-0.724553275351851,0.547750005235851));
#3350=DIRECTION('ref_axis',(0.794740374205062,0.,0.606949534647155));
#3351=DIRECTION('',(-0.86602540378444,0.499999999999997,0.));
#3352=DIRECTION('',(0.286344323664977,-0.677497944020808,-0.67749794402081));
#3353=DIRECTION('',(0.72990259236624,0.0907675134870593,0.677497944020806));
#3354=DIRECTION('center_axis',(0.418321028566618,-0.72455327535185,0.547750005235849));
#3355=DIRECTION('ref_axis',(0.794740374205058,0.,-0.60694953464716));
#3356=DIRECTION('',(-0.866025403784437,-0.500000000000002,0.));
#3357=DIRECTION('',(0.729902592366239,-0.0907675134870556,-0.677497944020808));
#3358=DIRECTION('',(0.286344323664975,0.677497944020808,0.67749794402081));
#3359=DIRECTION('center_axis',(0.612372435695794,-0.353553390593274,0.707106781186548));
#3360=DIRECTION('ref_axis',(0.755928946018455,0.,-0.654653670707977));
#3361=DIRECTION('',(-0.755928946018455,-3.97937937103896E-16,0.654653670707977));
#3362=DIRECTION('',(-0.5,-0.866025403784439,0.));
#3363=DIRECTION('',(0.5,0.866025403784439,0.));
#3364=DIRECTION('center_axis',(-0.612372435695794,0.353553390593274,-0.707106781186548));
#3365=DIRECTION('ref_axis',(-0.231455024943138,-0.935414346693485,-0.267261241912424));
#3366=DIRECTION('',(-0.755928946018455,-3.97937937103896E-16,0.654653670707977));
#3367=DIRECTION('center_axis',(1.08779196440841E-16,-0.707106781186549,
0.707106781186547));
#3368=DIRECTION('ref_axis',(1.,0.,-1.53837014910685E-16));
#3369=DIRECTION('',(1.,1.53837014910685E-16,0.));
#3370=DIRECTION('',(-1.,-1.53837014910685E-16,0.));
#3371=DIRECTION('center_axis',(0.500000000000002,-0.866025403784437,0.));
#3372=DIRECTION('ref_axis',(0.,0.,-1.));
#3373=DIRECTION('',(0.866025403784437,0.500000000000002,0.));
#3374=DIRECTION('',(0.,0.,1.));
#3375=DIRECTION('',(0.,0.,-1.));
#3376=DIRECTION('',(0.866025403784437,0.500000000000002,0.));
#3377=DIRECTION('',(0.,0.,1.));
#3378=DIRECTION('',(0.866025403784437,0.500000000000002,0.));
#3379=DIRECTION('',(0.,0.,-1.));
#3380=DIRECTION('center_axis',(-0.612372435695792,-0.353553390593272,0.707106781186551));
#3381=DIRECTION('ref_axis',(0.755928946018457,0.,0.654653670707974));
#3382=DIRECTION('',(-0.755928946018457,-3.97937937103897E-16,-0.654653670707974));
#3383=DIRECTION('',(0.5,-0.866025403784439,0.));
#3384=DIRECTION('',(-0.5,0.866025403784439,0.));
#3385=DIRECTION('center_axis',(0.612372435695792,0.353553390593272,-0.707106781186551));
#3386=DIRECTION('ref_axis',(-0.231455024943136,0.935414346693486,0.267261241912424));
#3387=DIRECTION('',(-0.755928946018457,-3.97937937103898E-16,-0.654653670707974));
#3388=DIRECTION('center_axis',(-0.499999999999997,-0.86602540378444,0.));
#3389=DIRECTION('ref_axis',(0.,0.,-1.));
#3390=DIRECTION('',(0.86602540378444,-0.499999999999997,0.));
#3391=DIRECTION('',(0.,0.,1.));
#3392=DIRECTION('',(0.,0.,-1.));
#3393=DIRECTION('',(0.86602540378444,-0.499999999999997,0.));
#3394=DIRECTION('',(0.,0.,1.));
#3395=DIRECTION('',(0.86602540378444,-0.499999999999997,0.));
#3396=DIRECTION('',(0.,0.,-1.));
#3397=DIRECTION('center_axis',(0.,-1.,0.));
#3398=DIRECTION('ref_axis',(-1.,0.,0.));
#3399=DIRECTION('center_axis',(5.26422409407486E-16,-1.,0.));
#3400=DIRECTION('ref_axis',(-1.,0.,0.));
#3401=DIRECTION('',(0.,-1.,0.));
#3402=DIRECTION('center_axis',(5.26422409407486E-16,-1.,0.));
#3403=DIRECTION('ref_axis',(-1.,-5.26422409407486E-16,0.));
#3404=DIRECTION('center_axis',(5.26422409407486E-16,-1.,0.));
#3405=DIRECTION('ref_axis',(-1.,-5.26422409407486E-16,0.));
#3406=DIRECTION('center_axis',(0.,-1.,0.));
#3407=DIRECTION('ref_axis',(-1.,0.,0.));
#3408=DIRECTION('center_axis',(5.26422409407486E-16,-1.,0.));
#3409=DIRECTION('ref_axis',(-1.,0.,0.));
#3410=DIRECTION('',(0.,-1.,0.));
#3411=DIRECTION('center_axis',(5.26422409407486E-16,-1.,0.));
#3412=DIRECTION('ref_axis',(-1.,-5.26422409407486E-16,0.));
#3413=DIRECTION('center_axis',(5.26422409407486E-16,-1.,0.));
#3414=DIRECTION('ref_axis',(-1.,-5.26422409407486E-16,0.));
#3415=DIRECTION('center_axis',(0.,0.,-1.));
#3416=DIRECTION('ref_axis',(1.,0.,0.));
#3417=DIRECTION('center_axis',(0.,0.,1.));
#3418=DIRECTION('ref_axis',(1.,0.,0.));
#3419=DIRECTION('center_axis',(0.,0.,1.));
#3420=DIRECTION('ref_axis',(-0.500000000000003,0.866025403784437,0.));
#3421=DIRECTION('center_axis',(0.,0.,1.));
#3422=DIRECTION('ref_axis',(1.,0.,0.));
#3423=DIRECTION('center_axis',(1.53837014910685E-16,-1.,0.));
#3424=DIRECTION('ref_axis',(-1.,-1.53837014910685E-16,0.));
#3425=DIRECTION('',(-1.,-1.53837014910685E-16,0.));
#3426=DIRECTION('center_axis',(0.,0.,-1.));
#3427=DIRECTION('ref_axis',(1.,0.,0.));
#3428=DIRECTION('center_axis',(0.,0.,1.));
#3429=DIRECTION('ref_axis',(1.,0.,0.));
#3430=DIRECTION('center_axis',(0.,0.,1.));
#3431=DIRECTION('ref_axis',(0.499999999999997,0.86602540378444,0.));
#3432=DIRECTION('center_axis',(0.,0.,1.));
#3433=DIRECTION('ref_axis',(1.,0.,0.));
#3434=DIRECTION('center_axis',(0.,-1.,0.));
#3435=DIRECTION('ref_axis',(-1.,0.,0.));
#3436=DIRECTION('center_axis',(0.,-1.,0.));
#3437=DIRECTION('ref_axis',(-1.,0.,0.));
#3438=DIRECTION('',(0.,-1.,0.));
#3439=DIRECTION('center_axis',(0.,-1.,0.));
#3440=DIRECTION('ref_axis',(-1.,0.,0.));
#3441=DIRECTION('center_axis',(0.,1.,0.));
#3442=DIRECTION('ref_axis',(-1.,0.,0.));
#3443=DIRECTION('center_axis',(0.,-1.,0.));
#3444=DIRECTION('ref_axis',(-1.,0.,0.));
#3445=DIRECTION('center_axis',(0.,-1.,0.));
#3446=DIRECTION('ref_axis',(-1.,0.,0.));
#3447=DIRECTION('',(0.,-1.,0.));
#3448=DIRECTION('center_axis',(0.,-1.,0.));
#3449=DIRECTION('ref_axis',(-1.,0.,0.));
#3450=DIRECTION('center_axis',(0.,1.,0.));
#3451=DIRECTION('ref_axis',(-1.,0.,0.));
#3452=DIRECTION('center_axis',(0.,-1.,0.));
#3453=DIRECTION('ref_axis',(-1.,0.,0.));
#3454=DIRECTION('center_axis',(0.,-1.,0.));
#3455=DIRECTION('ref_axis',(-1.,0.,0.));
#3456=DIRECTION('',(0.,-1.,0.));
#3457=DIRECTION('center_axis',(0.,-1.,0.));
#3458=DIRECTION('ref_axis',(-1.,0.,0.));
#3459=DIRECTION('center_axis',(0.,1.,0.));
#3460=DIRECTION('ref_axis',(-1.,0.,0.));
#3461=DIRECTION('center_axis',(0.,-1.,0.));
#3462=DIRECTION('ref_axis',(-1.,0.,0.));
#3463=DIRECTION('center_axis',(0.,-1.,0.));
#3464=DIRECTION('ref_axis',(-1.,0.,0.));
#3465=DIRECTION('',(0.,-1.,0.));
#3466=DIRECTION('center_axis',(0.,-1.,0.));
#3467=DIRECTION('ref_axis',(-1.,0.,0.));
#3468=DIRECTION('center_axis',(0.,1.,0.));
#3469=DIRECTION('ref_axis',(-1.,0.,0.));
#3470=DIRECTION('center_axis',(0.,-1.,0.));
#3471=DIRECTION('ref_axis',(-1.,0.,0.));
#3472=DIRECTION('center_axis',(0.,-1.,0.));
#3473=DIRECTION('ref_axis',(-1.,0.,0.));
#3474=DIRECTION('',(0.,-1.,0.));
#3475=DIRECTION('center_axis',(0.,-1.,0.));
#3476=DIRECTION('ref_axis',(-1.,0.,0.));
#3477=DIRECTION('center_axis',(0.,1.,0.));
#3478=DIRECTION('ref_axis',(-1.,0.,0.));
#3479=DIRECTION('center_axis',(0.,-1.,0.));
#3480=DIRECTION('ref_axis',(-1.,0.,0.));
#3481=DIRECTION('center_axis',(0.,-1.,0.));
#3482=DIRECTION('ref_axis',(-1.,0.,0.));
#3483=DIRECTION('',(0.,-1.,0.));
#3484=DIRECTION('center_axis',(0.,-1.,0.));
#3485=DIRECTION('ref_axis',(-1.,0.,0.));
#3486=DIRECTION('center_axis',(0.,1.,0.));
#3487=DIRECTION('ref_axis',(-1.,0.,0.));
#3488=DIRECTION('center_axis',(0.,-1.,0.));
#3489=DIRECTION('ref_axis',(-1.,0.,0.));
#3490=DIRECTION('center_axis',(0.,-1.,0.));
#3491=DIRECTION('ref_axis',(-1.,0.,0.));
#3492=DIRECTION('',(0.,-1.,0.));
#3493=DIRECTION('center_axis',(0.,-1.,0.));
#3494=DIRECTION('ref_axis',(-1.,0.,0.));
#3495=DIRECTION('center_axis',(0.,1.,0.));
#3496=DIRECTION('ref_axis',(-1.,0.,0.));
#3497=DIRECTION('center_axis',(0.,-1.,0.));
#3498=DIRECTION('ref_axis',(-1.,0.,0.));
#3499=DIRECTION('center_axis',(0.,-1.,0.));
#3500=DIRECTION('ref_axis',(-1.,0.,0.));
#3501=DIRECTION('',(0.,-1.,0.));
#3502=DIRECTION('center_axis',(0.,-1.,0.));
#3503=DIRECTION('ref_axis',(-1.,0.,0.));
#3504=DIRECTION('center_axis',(0.,1.,0.));
#3505=DIRECTION('ref_axis',(-1.,0.,0.));
#3506=DIRECTION('center_axis',(0.,-1.,0.));
#3507=DIRECTION('ref_axis',(-1.,0.,0.));
#3508=DIRECTION('center_axis',(0.,-1.,0.));
#3509=DIRECTION('ref_axis',(-1.,0.,0.));
#3510=DIRECTION('',(0.,-1.,0.));
#3511=DIRECTION('center_axis',(0.,-1.,0.));
#3512=DIRECTION('ref_axis',(-1.,0.,0.));
#3513=DIRECTION('center_axis',(0.,1.,0.));
#3514=DIRECTION('ref_axis',(-1.,0.,0.));
#3515=DIRECTION('center_axis',(0.,-1.,0.));
#3516=DIRECTION('ref_axis',(-1.,0.,0.));
#3517=DIRECTION('center_axis',(0.,-1.,0.));
#3518=DIRECTION('ref_axis',(-1.,0.,0.));
#3519=DIRECTION('',(0.,-1.,0.));
#3520=DIRECTION('center_axis',(0.,-1.,0.));
#3521=DIRECTION('ref_axis',(-1.,0.,0.));
#3522=DIRECTION('center_axis',(0.,1.,0.));
#3523=DIRECTION('ref_axis',(-1.,0.,0.));
#3524=DIRECTION('center_axis',(0.,-1.,0.));
#3525=DIRECTION('ref_axis',(-1.,0.,0.));
#3526=DIRECTION('center_axis',(0.,-1.,0.));
#3527=DIRECTION('ref_axis',(-1.,0.,0.));
#3528=DIRECTION('',(0.,-1.,0.));
#3529=DIRECTION('center_axis',(0.,-1.,0.));
#3530=DIRECTION('ref_axis',(-1.,0.,0.));
#3531=DIRECTION('center_axis',(0.,1.,0.));
#3532=DIRECTION('ref_axis',(-1.,0.,0.));
#3533=DIRECTION('center_axis',(0.,-1.,0.));
#3534=DIRECTION('ref_axis',(-1.,0.,0.));
#3535=DIRECTION('center_axis',(0.,-1.,0.));
#3536=DIRECTION('ref_axis',(-1.,0.,0.));
#3537=DIRECTION('',(0.,-1.,0.));
#3538=DIRECTION('center_axis',(0.,-1.,0.));
#3539=DIRECTION('ref_axis',(-1.,0.,0.));
#3540=DIRECTION('center_axis',(0.,1.,0.));
#3541=DIRECTION('ref_axis',(-1.,0.,0.));
#3542=DIRECTION('center_axis',(0.,-1.,0.));
#3543=DIRECTION('ref_axis',(-1.,0.,0.));
#3544=DIRECTION('center_axis',(0.,-1.,0.));
#3545=DIRECTION('ref_axis',(-1.,0.,0.));
#3546=DIRECTION('',(0.,-1.,0.));
#3547=DIRECTION('center_axis',(0.,-1.,0.));
#3548=DIRECTION('ref_axis',(-1.,0.,0.));
#3549=DIRECTION('center_axis',(0.,1.,0.));
#3550=DIRECTION('ref_axis',(-1.,0.,0.));
#3551=DIRECTION('center_axis',(0.,-1.,0.));
#3552=DIRECTION('ref_axis',(-1.,0.,0.));
#3553=DIRECTION('center_axis',(0.,-1.,0.));
#3554=DIRECTION('ref_axis',(-1.,0.,0.));
#3555=DIRECTION('',(0.,-1.,0.));
#3556=DIRECTION('center_axis',(0.,-1.,0.));
#3557=DIRECTION('ref_axis',(-1.,0.,0.));
#3558=DIRECTION('center_axis',(0.,1.,0.));
#3559=DIRECTION('ref_axis',(-1.,0.,0.));
#3560=DIRECTION('center_axis',(0.,-1.,0.));
#3561=DIRECTION('ref_axis',(-1.,0.,0.));
#3562=DIRECTION('center_axis',(0.,-1.,0.));
#3563=DIRECTION('ref_axis',(-1.,0.,0.));
#3564=DIRECTION('',(0.,-1.,0.));
#3565=DIRECTION('center_axis',(0.,-1.,0.));
#3566=DIRECTION('ref_axis',(-1.,0.,0.));
#3567=DIRECTION('center_axis',(0.,1.,0.));
#3568=DIRECTION('ref_axis',(-1.,0.,0.));
#3569=DIRECTION('center_axis',(0.,-1.,0.));
#3570=DIRECTION('ref_axis',(-1.,0.,0.));
#3571=DIRECTION('center_axis',(0.,-1.,0.));
#3572=DIRECTION('ref_axis',(-1.,0.,0.));
#3573=DIRECTION('',(0.,-1.,0.));
#3574=DIRECTION('center_axis',(0.,-1.,0.));
#3575=DIRECTION('ref_axis',(-1.,0.,0.));
#3576=DIRECTION('center_axis',(0.,1.,0.));
#3577=DIRECTION('ref_axis',(-1.,0.,0.));
#3578=DIRECTION('center_axis',(0.,-1.,0.));
#3579=DIRECTION('ref_axis',(-1.,0.,0.));
#3580=DIRECTION('center_axis',(0.,-1.,0.));
#3581=DIRECTION('ref_axis',(-1.,0.,0.));
#3582=DIRECTION('',(0.,-1.,0.));
#3583=DIRECTION('center_axis',(0.,-1.,0.));
#3584=DIRECTION('ref_axis',(-1.,0.,0.));
#3585=DIRECTION('center_axis',(0.,1.,0.));
#3586=DIRECTION('ref_axis',(-1.,0.,0.));
#3587=DIRECTION('center_axis',(0.,-1.,0.));
#3588=DIRECTION('ref_axis',(-1.,0.,0.));
#3589=DIRECTION('center_axis',(0.,-1.,0.));
#3590=DIRECTION('ref_axis',(-1.,0.,0.));
#3591=DIRECTION('',(0.,-1.,0.));
#3592=DIRECTION('center_axis',(0.,-1.,0.));
#3593=DIRECTION('ref_axis',(-1.,0.,0.));
#3594=DIRECTION('center_axis',(0.,1.,0.));
#3595=DIRECTION('ref_axis',(-1.,0.,0.));
#3596=DIRECTION('center_axis',(0.,-1.,0.));
#3597=DIRECTION('ref_axis',(-1.,0.,0.));
#3598=DIRECTION('center_axis',(0.,-1.,0.));
#3599=DIRECTION('ref_axis',(-1.,0.,0.));
#3600=DIRECTION('',(0.,-1.,0.));
#3601=DIRECTION('center_axis',(0.,-1.,0.));
#3602=DIRECTION('ref_axis',(-1.,0.,0.));
#3603=DIRECTION('center_axis',(0.,1.,0.));
#3604=DIRECTION('ref_axis',(-1.,0.,0.));
#3605=DIRECTION('center_axis',(0.,-1.,0.));
#3606=DIRECTION('ref_axis',(-1.,0.,0.));
#3607=DIRECTION('center_axis',(0.,-1.,0.));
#3608=DIRECTION('ref_axis',(-1.,0.,0.));
#3609=DIRECTION('',(0.,-1.,0.));
#3610=DIRECTION('center_axis',(0.,-1.,0.));
#3611=DIRECTION('ref_axis',(-1.,0.,0.));
#3612=DIRECTION('center_axis',(0.,1.,0.));
#3613=DIRECTION('ref_axis',(-1.,0.,0.));
#3614=DIRECTION('center_axis',(0.,0.,-1.));
#3615=DIRECTION('ref_axis',(-1.,0.,0.));
#3616=DIRECTION('',(0.5,-0.866025403784439,0.));
#3617=DIRECTION('',(0.,1.,0.));
#3618=DIRECTION('',(-1.,0.,0.));
#3619=DIRECTION('',(0.,1.,0.));
#3620=DIRECTION('',(1.,1.53837014910685E-16,0.));
#3621=DIRECTION('center_axis',(-1.,0.,0.));
#3622=DIRECTION('ref_axis',(0.,0.,1.));
#3623=DIRECTION('',(0.,0.,-1.));
#3624=DIRECTION('',(0.,1.,0.));
#3625=DIRECTION('',(0.,0.,1.));
#3626=DIRECTION('center_axis',(1.,0.,0.));
#3627=DIRECTION('ref_axis',(0.,0.,-1.));
#3628=DIRECTION('',(0.,0.,1.));
#3629=DIRECTION('',(0.,0.,-1.));
#3630=DIRECTION('',(0.,1.,0.));
#3631=DIRECTION('center_axis',(0.,0.,1.));
#3632=DIRECTION('ref_axis',(1.,0.,0.));
#3633=DIRECTION('',(-0.5,0.866025403784439,0.));
#3634=DIRECTION('',(-1.,-1.53837014910685E-16,0.));
#3635=DIRECTION('',(1.,0.,0.));
#3636=DIRECTION('center_axis',(0.,1.,0.));
#3637=DIRECTION('ref_axis',(0.,0.,1.));
#3638=DIRECTION('center_axis',(1.53837014910685E-16,-1.,0.));
#3639=DIRECTION('ref_axis',(-1.,-1.53837014910685E-16,0.));
#3640=DIRECTION('',(0.,0.,1.));
#3641=DIRECTION('',(1.,1.53837014910685E-16,0.));
#3642=DIRECTION('',(0.,0.,1.));
#3643=DIRECTION('',(-1.,-1.53837014910685E-16,0.));
#3644=DIRECTION('',(0.,0.,1.));
#3645=DIRECTION('',(1.,1.53837014910685E-16,0.));
#3646=DIRECTION('',(0.,0.,1.));
#3647=DIRECTION('',(-1.,-1.53837014910685E-16,0.));
#3648=DIRECTION('',(0.,0.,1.));
#3649=DIRECTION('',(1.,1.53837014910685E-16,0.));
#3650=DIRECTION('',(0.,0.,1.));
#3651=DIRECTION('',(-1.,-1.53837014910685E-16,0.));
#3652=DIRECTION('',(0.,0.,1.));
#3653=DIRECTION('',(1.,1.53837014910685E-16,0.));
#3654=DIRECTION('',(0.,0.,1.));
#3655=DIRECTION('',(-1.,-1.53837014910685E-16,0.));
#3656=DIRECTION('',(0.,0.,1.));
#3657=DIRECTION('',(1.,1.53837014910685E-16,0.));
#3658=DIRECTION('',(0.,0.,1.));
#3659=DIRECTION('',(-1.,-1.53837014910685E-16,0.));
#3660=DIRECTION('',(0.,0.,-1.));
#3661=DIRECTION('',(1.,1.53837014910685E-16,0.));
#3662=DIRECTION('',(0.,0.,1.));
#3663=DIRECTION('',(-1.,-1.53837014910685E-16,0.));
#3664=DIRECTION('',(0.,0.,-1.));
#3665=DIRECTION('',(1.,1.53837014910685E-16,0.));
#3666=DIRECTION('',(0.,0.,1.));
#3667=DIRECTION('',(-1.,-1.53837014910685E-16,0.));
#3668=DIRECTION('',(0.,0.,-1.));
#3669=DIRECTION('',(1.,1.53837014910685E-16,0.));
#3670=DIRECTION('',(0.,0.,1.));
#3671=DIRECTION('',(-1.,-1.53837014910685E-16,0.));
#3672=DIRECTION('',(0.,0.,-1.));
#3673=DIRECTION('',(1.,1.53837014910685E-16,0.));
#3674=DIRECTION('',(0.,0.,1.));
#3675=DIRECTION('',(-1.,-1.53837014910685E-16,0.));
#3676=DIRECTION('',(0.,0.,-1.));
#3677=DIRECTION('',(1.,1.53837014910685E-16,0.));
#3678=DIRECTION('',(0.,0.,1.));
#3679=DIRECTION('',(1.,1.53837014910685E-16,0.));
#3680=DIRECTION('',(0.,0.,1.));
#3681=DIRECTION('center_axis',(0.,0.,1.));
#3682=DIRECTION('ref_axis',(1.,0.,0.));
#3683=DIRECTION('',(-0.5,0.866025403784439,0.));
#3684=DIRECTION('',(0.,1.,0.));
#3685=DIRECTION('',(1.,0.,0.));
#3686=DIRECTION('',(0.,1.,0.));
#3687=DIRECTION('center_axis',(-1.,0.,0.));
#3688=DIRECTION('ref_axis',(0.,0.,1.));
#3689=DIRECTION('',(0.,0.,-1.));
#3690=DIRECTION('',(0.,0.,1.));
#3691=DIRECTION('',(0.,1.,0.));
#3692=DIRECTION('center_axis',(0.,0.,-1.));
#3693=DIRECTION('ref_axis',(-1.,0.,0.));
#3694=DIRECTION('',(0.5,-0.866025403784439,0.));
#3695=DIRECTION('',(-1.,0.,0.));
#3696=DIRECTION('',(0.,1.,0.));
#3697=DIRECTION('center_axis',(1.,0.,0.));
#3698=DIRECTION('ref_axis',(0.,0.,-1.));
#3699=DIRECTION('',(0.,0.,-1.));
#3700=DIRECTION('center_axis',(0.,1.,0.));
#3701=DIRECTION('ref_axis',(0.,0.,1.));
#3702=DIRECTION('center_axis',(-0.866025403784439,-0.5,0.));
#3703=DIRECTION('ref_axis',(-0.5,0.866025403784439,0.));
#3704=DIRECTION('',(0.5,-0.866025403784439,0.));
#3705=DIRECTION('',(0.,0.,1.));
#3706=DIRECTION('',(0.5,-0.866025403784439,0.));
#3707=DIRECTION('',(-0.5,0.866025403784439,0.));
#3708=DIRECTION('',(0.,0.,-1.));
#3709=DIRECTION('',(0.5,-0.866025403784439,0.));
#3710=DIRECTION('',(-0.5,0.866025403784439,0.));
#3711=DIRECTION('',(0.,0.,-1.));
#3712=DIRECTION('',(0.5,-0.866025403784439,0.));
#3713=DIRECTION('',(-0.5,0.866025403784439,0.));
#3714=DIRECTION('',(0.,0.,-1.));
#3715=DIRECTION('',(0.5,-0.866025403784439,0.));
#3716=DIRECTION('center_axis',(1.,0.,0.));
#3717=DIRECTION('ref_axis',(0.,0.,-1.));
#3718=DIRECTION('',(0.,0.,1.));
#3719=DIRECTION('',(0.,1.,0.));
#3720=DIRECTION('',(0.,0.,-1.));
#3721=DIRECTION('',(0.,1.,0.));
#3722=DIRECTION('center_axis',(0.,0.,1.));
#3723=DIRECTION('ref_axis',(1.,0.,0.));
#3724=DIRECTION('',(1.,0.,0.));
#3725=DIRECTION('',(0.,1.,0.));
#3726=DIRECTION('center_axis',(-1.,0.,0.));
#3727=DIRECTION('ref_axis',(0.,0.,1.));
#3728=DIRECTION('',(0.,0.,1.));
#3729=DIRECTION('',(0.,1.,0.));
#3730=DIRECTION('center_axis',(0.,0.,-1.));
#3731=DIRECTION('ref_axis',(-1.,0.,0.));
#3732=DIRECTION('',(-1.,0.,0.));
#3733=DIRECTION('center_axis',(0.,1.,0.));
#3734=DIRECTION('ref_axis',(0.,0.,1.));
#3735=DIRECTION('center_axis',(1.,0.,0.));
#3736=DIRECTION('ref_axis',(0.,0.,-1.));
#3737=DIRECTION('',(0.,0.,1.));
#3738=DIRECTION('',(0.,1.,0.));
#3739=DIRECTION('',(0.,0.,-1.));
#3740=DIRECTION('',(0.,1.,0.));
#3741=DIRECTION('center_axis',(0.,0.,1.));
#3742=DIRECTION('ref_axis',(1.,0.,0.));
#3743=DIRECTION('',(1.,0.,0.));
#3744=DIRECTION('',(0.,1.,0.));
#3745=DIRECTION('center_axis',(-1.,0.,0.));
#3746=DIRECTION('ref_axis',(0.,0.,1.));
#3747=DIRECTION('',(0.,0.,1.));
#3748=DIRECTION('',(0.,1.,0.));
#3749=DIRECTION('center_axis',(0.,0.,-1.));
#3750=DIRECTION('ref_axis',(-1.,0.,0.));
#3751=DIRECTION('',(-1.,0.,0.));
#3752=DIRECTION('center_axis',(0.,1.,0.));
#3753=DIRECTION('ref_axis',(0.,0.,1.));
#3754=DIRECTION('center_axis',(0.,0.,-1.));
#3755=DIRECTION('ref_axis',(-1.,0.,0.));
#3756=DIRECTION('',(0.,1.,0.));
#3757=DIRECTION('',(-1.,0.,0.));
#3758=DIRECTION('',(0.,1.,0.));
#3759=DIRECTION('center_axis',(-1.,0.,0.));
#3760=DIRECTION('ref_axis',(0.,0.,1.));
#3761=DIRECTION('',(0.,1.,0.));
#3762=DIRECTION('',(0.,0.,1.));
#3763=DIRECTION('center_axis',(1.,0.,0.));
#3764=DIRECTION('ref_axis',(0.,0.,-1.));
#3765=DIRECTION('',(0.,0.,-1.));
#3766=DIRECTION('',(0.,1.,0.));
#3767=DIRECTION('center_axis',(0.,0.,1.));
#3768=DIRECTION('ref_axis',(1.,0.,0.));
#3769=DIRECTION('',(1.,0.,0.));
#3770=DIRECTION('center_axis',(0.,1.,0.));
#3771=DIRECTION('ref_axis',(0.,0.,1.));
#3772=DIRECTION('center_axis',(0.,0.,1.));
#3773=DIRECTION('ref_axis',(1.,0.,0.));
#3774=DIRECTION('',(0.,1.,0.));
#3775=DIRECTION('',(1.,0.,0.));
#3776=DIRECTION('',(0.,1.,0.));
#3777=DIRECTION('center_axis',(-1.,0.,0.));
#3778=DIRECTION('ref_axis',(0.,0.,1.));
#3779=DIRECTION('',(0.,0.,1.));
#3780=DIRECTION('',(0.,1.,0.));
#3781=DIRECTION('center_axis',(0.,0.,-1.));
#3782=DIRECTION('ref_axis',(-1.,0.,0.));
#3783=DIRECTION('',(-1.,0.,0.));
#3784=DIRECTION('',(0.,1.,0.));
#3785=DIRECTION('center_axis',(1.,0.,0.));
#3786=DIRECTION('ref_axis',(0.,0.,-1.));
#3787=DIRECTION('',(0.,0.,-1.));
#3788=DIRECTION('center_axis',(0.,1.,0.));
#3789=DIRECTION('ref_axis',(0.,0.,1.));
#3790=DIRECTION('center_axis',(1.,0.,0.));
#3791=DIRECTION('ref_axis',(0.,0.,-1.));
#3792=DIRECTION('',(0.,0.,1.));
#3793=DIRECTION('',(0.,1.,0.));
#3794=DIRECTION('',(0.,0.,-1.));
#3795=DIRECTION('',(0.,1.,0.));
#3796=DIRECTION('center_axis',(0.,0.,1.));
#3797=DIRECTION('ref_axis',(1.,0.,0.));
#3798=DIRECTION('',(1.,0.,0.));
#3799=DIRECTION('',(0.,1.,0.));
#3800=DIRECTION('center_axis',(-1.,0.,0.));
#3801=DIRECTION('ref_axis',(0.,0.,1.));
#3802=DIRECTION('',(0.,0.,1.));
#3803=DIRECTION('',(0.,1.,0.));
#3804=DIRECTION('center_axis',(0.,0.,-1.));
#3805=DIRECTION('ref_axis',(-1.,0.,0.));
#3806=DIRECTION('',(-1.,0.,0.));
#3807=DIRECTION('center_axis',(0.,1.,0.));
#3808=DIRECTION('ref_axis',(0.,0.,1.));
#3809=DIRECTION('center_axis',(1.,0.,0.));
#3810=DIRECTION('ref_axis',(0.,0.,-1.));
#3811=DIRECTION('',(0.,0.,1.));
#3812=DIRECTION('',(0.,1.,0.));
#3813=DIRECTION('',(0.,0.,-1.));
#3814=DIRECTION('',(0.,1.,0.));
#3815=DIRECTION('center_axis',(0.,0.,1.));
#3816=DIRECTION('ref_axis',(1.,0.,0.));
#3817=DIRECTION('',(1.,0.,0.));
#3818=DIRECTION('',(0.,1.,0.));
#3819=DIRECTION('center_axis',(-1.,0.,0.));
#3820=DIRECTION('ref_axis',(0.,0.,1.));
#3821=DIRECTION('',(0.,0.,1.));
#3822=DIRECTION('',(0.,1.,0.));
#3823=DIRECTION('center_axis',(0.,0.,-1.));
#3824=DIRECTION('ref_axis',(-1.,0.,0.));
#3825=DIRECTION('',(-1.,0.,0.));
#3826=DIRECTION('center_axis',(0.,1.,0.));
#3827=DIRECTION('ref_axis',(0.,0.,1.));
#3828=DIRECTION('center_axis',(1.,0.,0.));
#3829=DIRECTION('ref_axis',(0.,0.,-1.));
#3830=DIRECTION('',(0.,0.,1.));
#3831=DIRECTION('',(0.,1.,0.));
#3832=DIRECTION('',(0.,0.,-1.));
#3833=DIRECTION('',(0.,1.,0.));
#3834=DIRECTION('center_axis',(0.,0.,1.));
#3835=DIRECTION('ref_axis',(1.,0.,0.));
#3836=DIRECTION('',(1.,0.,0.));
#3837=DIRECTION('',(0.,1.,0.));
#3838=DIRECTION('center_axis',(-1.,0.,0.));
#3839=DIRECTION('ref_axis',(0.,0.,1.));
#3840=DIRECTION('',(0.,0.,1.));
#3841=DIRECTION('',(0.,1.,0.));
#3842=DIRECTION('center_axis',(0.,0.,-1.));
#3843=DIRECTION('ref_axis',(-1.,0.,0.));
#3844=DIRECTION('',(-1.,0.,0.));
#3845=DIRECTION('center_axis',(0.,1.,0.));
#3846=DIRECTION('ref_axis',(0.,0.,1.));
#3847=DIRECTION('center_axis',(0.,0.,1.));
#3848=DIRECTION('ref_axis',(1.,0.,0.));
#3849=DIRECTION('',(0.,1.,0.));
#3850=DIRECTION('',(1.,0.,0.));
#3851=DIRECTION('',(0.,1.,0.));
#3852=DIRECTION('center_axis',(-1.,0.,0.));
#3853=DIRECTION('ref_axis',(0.,0.,1.));
#3854=DIRECTION('',(0.,0.,1.));
#3855=DIRECTION('',(0.,1.,0.));
#3856=DIRECTION('center_axis',(0.,0.,-1.));
#3857=DIRECTION('ref_axis',(-1.,0.,0.));
#3858=DIRECTION('',(-1.,0.,0.));
#3859=DIRECTION('',(0.,1.,0.));
#3860=DIRECTION('center_axis',(1.,0.,0.));
#3861=DIRECTION('ref_axis',(0.,0.,-1.));
#3862=DIRECTION('',(0.,0.,-1.));
#3863=DIRECTION('center_axis',(0.,1.,0.));
#3864=DIRECTION('ref_axis',(0.,0.,1.));
#3865=DIRECTION('center_axis',(0.,0.,1.));
#3866=DIRECTION('ref_axis',(1.,0.,0.));
#3867=DIRECTION('center_axis',(0.,0.,1.));
#3868=DIRECTION('ref_axis',(1.,0.,0.));
#3869=DIRECTION('',(0.,0.,1.));
#3870=DIRECTION('center_axis',(0.,0.,1.));
#3871=DIRECTION('ref_axis',(1.,0.,0.));
#3872=DIRECTION('center_axis',(0.,0.,-1.));
#3873=DIRECTION('ref_axis',(1.,0.,0.));
#3874=DIRECTION('center_axis',(0.,0.,1.));
#3875=DIRECTION('ref_axis',(1.,0.,0.));
#3876=DIRECTION('center_axis',(0.,0.,1.));
#3877=DIRECTION('ref_axis',(1.,0.,0.));
#3878=DIRECTION('',(0.,0.,1.));
#3879=DIRECTION('center_axis',(0.,0.,1.));
#3880=DIRECTION('ref_axis',(1.,0.,0.));
#3881=DIRECTION('center_axis',(0.,0.,-1.));
#3882=DIRECTION('ref_axis',(1.,0.,0.));
#3883=DIRECTION('center_axis',(0.,0.,1.));
#3884=DIRECTION('ref_axis',(1.,0.,0.));
#3885=DIRECTION('center_axis',(0.,0.,1.));
#3886=DIRECTION('ref_axis',(1.,0.,0.));
#3887=DIRECTION('',(0.,0.,1.));
#3888=DIRECTION('center_axis',(0.,0.,1.));
#3889=DIRECTION('ref_axis',(1.,0.,0.));
#3890=DIRECTION('center_axis',(0.,0.,-1.));
#3891=DIRECTION('ref_axis',(1.,0.,0.));
#3892=DIRECTION('center_axis',(0.,0.,1.));
#3893=DIRECTION('ref_axis',(1.,0.,0.));
#3894=DIRECTION('center_axis',(0.,0.,1.));
#3895=DIRECTION('ref_axis',(1.,0.,0.));
#3896=DIRECTION('',(0.,0.,1.));
#3897=DIRECTION('center_axis',(0.,0.,1.));
#3898=DIRECTION('ref_axis',(1.,0.,0.));
#3899=DIRECTION('center_axis',(0.,0.,-1.));
#3900=DIRECTION('ref_axis',(1.,0.,0.));
#3901=DIRECTION('center_axis',(0.,0.,-1.));
#3902=DIRECTION('ref_axis',(1.,0.,0.));
#3903=DIRECTION('',(-1.,-5.26422409407486E-16,0.));
#3904=DIRECTION('center_axis',(0.,0.,1.));
#3905=DIRECTION('ref_axis',(1.,0.,0.));
#3906=DIRECTION('center_axis',(0.,0.,1.));
#3907=DIRECTION('ref_axis',(1.,0.,0.));
#3908=DIRECTION('',(0.,0.,1.));
#3909=DIRECTION('center_axis',(0.,0.,1.));
#3910=DIRECTION('ref_axis',(1.,0.,0.));
#3911=DIRECTION('',(0.,0.,-1.));
#3912=DIRECTION('center_axis',(0.,0.,-1.));
#3913=DIRECTION('ref_axis',(1.,0.,0.));
#3914=DIRECTION('',(-1.,-5.26422409407486E-16,0.));
#3915=DIRECTION('center_axis',(0.,0.,1.));
#3916=DIRECTION('ref_axis',(1.,0.,0.));
#3917=DIRECTION('center_axis',(0.,0.,1.));
#3918=DIRECTION('ref_axis',(1.,0.,0.));
#3919=DIRECTION('',(0.,0.,1.));
#3920=DIRECTION('center_axis',(0.,0.,1.));
#3921=DIRECTION('ref_axis',(1.,0.,0.));
#3922=DIRECTION('',(0.,0.,-1.));
#3923=DIRECTION('center_axis',(0.,0.,1.));
#3924=DIRECTION('ref_axis',(1.,0.,0.));
#3925=DIRECTION('center_axis',(0.,0.,1.));
#3926=DIRECTION('ref_axis',(1.,0.,0.));
#3927=DIRECTION('',(0.,0.,1.));
#3928=DIRECTION('center_axis',(0.,0.,1.));
#3929=DIRECTION('ref_axis',(1.,0.,0.));
#3930=DIRECTION('center_axis',(0.,0.,-1.));
#3931=DIRECTION('ref_axis',(1.,0.,0.));
#3932=DIRECTION('center_axis',(-5.26422409407486E-16,1.,0.));
#3933=DIRECTION('ref_axis',(0.,0.,1.));
#3934=DIRECTION('',(0.,0.,-1.));
#3935=DIRECTION('',(-1.,-5.26422409407486E-16,0.));
#3936=DIRECTION('',(-1.,-5.26422409407486E-16,0.));
#3937=DIRECTION('',(0.,0.,1.));
#3938=DIRECTION('',(-1.,-5.26422409407486E-16,0.));
#3939=DIRECTION('',(-1.,-5.26422409407486E-16,0.));
#3940=DIRECTION('',(-1.,-5.26422409407486E-16,0.));
#3941=DIRECTION('',(0.,0.,-1.));
#3942=DIRECTION('',(1.,5.26422409407486E-16,0.));
#3943=DIRECTION('center_axis',(5.26422409407486E-16,-1.,0.));
#3944=DIRECTION('ref_axis',(-1.,0.,0.));
#3945=DIRECTION('center_axis',(5.26422409407486E-16,-1.,0.));
#3946=DIRECTION('ref_axis',(-1.,0.,0.));
#3947=DIRECTION('center_axis',(5.26422409407486E-16,-1.,0.));
#3948=DIRECTION('ref_axis',(-1.,0.,0.));
#3949=DIRECTION('center_axis',(5.26422409407486E-16,-1.,0.));
#3950=DIRECTION('ref_axis',(-1.,0.,0.));
#3951=DIRECTION('center_axis',(5.26422409407486E-16,-1.,0.));
#3952=DIRECTION('ref_axis',(-1.,0.,0.));
#3953=DIRECTION('center_axis',(5.26422409407486E-16,-1.,0.));
#3954=DIRECTION('ref_axis',(-1.,0.,0.));
#3955=DIRECTION('center_axis',(5.26422409407486E-16,-1.,0.));
#3956=DIRECTION('ref_axis',(-1.,0.,0.));
#3957=DIRECTION('center_axis',(5.26422409407486E-16,-1.,0.));
#3958=DIRECTION('ref_axis',(-1.,0.,0.));
#3959=DIRECTION('center_axis',(5.26422409407486E-16,-1.,0.));
#3960=DIRECTION('ref_axis',(-1.,0.,0.));
#3961=DIRECTION('center_axis',(5.26422409407486E-16,-1.,0.));
#3962=DIRECTION('ref_axis',(-1.,0.,0.));
#3963=DIRECTION('center_axis',(5.26422409407486E-16,-1.,0.));
#3964=DIRECTION('ref_axis',(-1.,0.,0.));
#3965=DIRECTION('center_axis',(5.26422409407486E-16,-1.,0.));
#3966=DIRECTION('ref_axis',(-1.,0.,0.));
#3967=DIRECTION('center_axis',(0.,-1.,0.));
#3968=DIRECTION('ref_axis',(-1.,0.,0.));
#3969=DIRECTION('',(0.,-1.,0.));
#3970=DIRECTION('center_axis',(5.26422409407486E-16,-1.,0.));
#3971=DIRECTION('ref_axis',(-1.,-5.26422409407486E-16,0.));
#3972=DIRECTION('center_axis',(-5.26422409407486E-16,1.,0.));
#3973=DIRECTION('ref_axis',(-1.,-5.26422409407486E-16,0.));
#3974=DIRECTION('center_axis',(-5.26422409407486E-16,1.,0.));
#3975=DIRECTION('ref_axis',(-1.,-5.26422409407486E-16,0.));
#3976=DIRECTION('center_axis',(0.,-1.,0.));
#3977=DIRECTION('ref_axis',(-1.,0.,0.));
#3978=DIRECTION('',(0.,-1.,0.));
#3979=DIRECTION('center_axis',(5.26422409407486E-16,-1.,0.));
#3980=DIRECTION('ref_axis',(-1.,-5.26422409407486E-16,0.));
#3981=DIRECTION('center_axis',(-5.26422409407486E-16,1.,0.));
#3982=DIRECTION('ref_axis',(-1.,-5.26422409407486E-16,0.));
#3983=DIRECTION('center_axis',(0.,-1.,0.));
#3984=DIRECTION('ref_axis',(-1.,0.,0.));
#3985=DIRECTION('',(0.,-1.,0.));
#3986=DIRECTION('center_axis',(5.26422409407486E-16,-1.,0.));
#3987=DIRECTION('ref_axis',(-1.,-5.26422409407486E-16,0.));
#3988=DIRECTION('center_axis',(-5.26422409407486E-16,1.,0.));
#3989=DIRECTION('ref_axis',(-1.,-5.26422409407486E-16,0.));
#3990=DIRECTION('center_axis',(0.,-1.,0.));
#3991=DIRECTION('ref_axis',(-1.,0.,0.));
#3992=DIRECTION('',(0.,-1.,0.));
#3993=DIRECTION('center_axis',(5.26422409407486E-16,-1.,0.));
#3994=DIRECTION('ref_axis',(-1.,-5.26422409407486E-16,0.));
#3995=DIRECTION('center_axis',(-5.26422409407486E-16,1.,0.));
#3996=DIRECTION('ref_axis',(-1.,-5.26422409407486E-16,0.));
#3997=DIRECTION('center_axis',(0.,-1.,0.));
#3998=DIRECTION('ref_axis',(-1.,0.,0.));
#3999=DIRECTION('',(0.,-1.,0.));
#4000=DIRECTION('center_axis',(5.26422409407486E-16,-1.,0.));
#4001=DIRECTION('ref_axis',(-1.,-5.26422409407486E-16,0.));
#4002=DIRECTION('center_axis',(-5.26422409407486E-16,1.,0.));
#4003=DIRECTION('ref_axis',(-1.,-5.26422409407486E-16,0.));
#4004=DIRECTION('center_axis',(0.,-1.,0.));
#4005=DIRECTION('ref_axis',(-1.,0.,0.));
#4006=DIRECTION('',(0.,-1.,0.));
#4007=DIRECTION('center_axis',(5.26422409407486E-16,-1.,0.));
#4008=DIRECTION('ref_axis',(-1.,-5.26422409407486E-16,0.));
#4009=DIRECTION('center_axis',(-5.26422409407486E-16,1.,0.));
#4010=DIRECTION('ref_axis',(-1.,-5.26422409407486E-16,0.));
#4011=DIRECTION('center_axis',(0.,-1.,0.));
#4012=DIRECTION('ref_axis',(-1.,0.,0.));
#4013=DIRECTION('',(0.,-1.,0.));
#4014=DIRECTION('center_axis',(5.26422409407486E-16,-1.,0.));
#4015=DIRECTION('ref_axis',(-1.,-5.26422409407486E-16,0.));
#4016=DIRECTION('center_axis',(-5.26422409407486E-16,1.,0.));
#4017=DIRECTION('ref_axis',(-1.,-5.26422409407486E-16,0.));
#4018=DIRECTION('center_axis',(0.,-1.,0.));
#4019=DIRECTION('ref_axis',(-1.,0.,0.));
#4020=DIRECTION('',(0.,-1.,0.));
#4021=DIRECTION('center_axis',(5.26422409407486E-16,-1.,0.));
#4022=DIRECTION('ref_axis',(-1.,-5.26422409407486E-16,0.));
#4023=DIRECTION('center_axis',(-5.26422409407486E-16,1.,0.));
#4024=DIRECTION('ref_axis',(-1.,-5.26422409407486E-16,0.));
#4025=DIRECTION('center_axis',(0.,-1.,0.));
#4026=DIRECTION('ref_axis',(-1.,0.,0.));
#4027=DIRECTION('',(0.,-1.,0.));
#4028=DIRECTION('center_axis',(5.26422409407486E-16,-1.,0.));
#4029=DIRECTION('ref_axis',(-1.,-5.26422409407486E-16,0.));
#4030=DIRECTION('center_axis',(-5.26422409407486E-16,1.,0.));
#4031=DIRECTION('ref_axis',(-1.,-5.26422409407486E-16,0.));
#4032=DIRECTION('center_axis',(0.,-1.,0.));
#4033=DIRECTION('ref_axis',(-1.,0.,0.));
#4034=DIRECTION('',(0.,-1.,0.));
#4035=DIRECTION('center_axis',(5.26422409407486E-16,-1.,0.));
#4036=DIRECTION('ref_axis',(-1.,-5.26422409407486E-16,0.));
#4037=DIRECTION('center_axis',(-5.26422409407486E-16,1.,0.));
#4038=DIRECTION('ref_axis',(-1.,-5.26422409407486E-16,0.));
#4039=DIRECTION('center_axis',(-5.26422409407486E-16,1.,0.));
#4040=DIRECTION('ref_axis',(-1.,-5.26422409407486E-16,0.));
#4041=DIRECTION('center_axis',(0.,-1.,0.));
#4042=DIRECTION('ref_axis',(-1.,0.,0.));
#4043=DIRECTION('',(0.,-1.,0.));
#4044=DIRECTION('center_axis',(5.26422409407486E-16,-1.,0.));
#4045=DIRECTION('ref_axis',(-1.,-5.26422409407486E-16,0.));
#4046=DIRECTION('center_axis',(-5.26422409407486E-16,1.,0.));
#4047=DIRECTION('ref_axis',(-1.,-5.26422409407486E-16,0.));
#4048=DIRECTION('center_axis',(0.,-1.,0.));
#4049=DIRECTION('ref_axis',(-1.,0.,0.));
#4050=DIRECTION('',(0.,-1.,0.));
#4051=DIRECTION('center_axis',(5.26422409407486E-16,-1.,0.));
#4052=DIRECTION('ref_axis',(-1.,-5.26422409407486E-16,0.));
#4053=DIRECTION('center_axis',(-5.26422409407486E-16,1.,0.));
#4054=DIRECTION('ref_axis',(-1.,-5.26422409407486E-16,0.));
#4055=DIRECTION('center_axis',(0.,0.,-1.));
#4056=DIRECTION('ref_axis',(-1.,0.,0.));
#4057=DIRECTION('center_axis',(0.,0.,-1.));
#4058=DIRECTION('ref_axis',(-1.,0.,0.));
#4059=DIRECTION('',(0.,0.,-1.));
#4060=DIRECTION('center_axis',(0.,0.,-1.));
#4061=DIRECTION('ref_axis',(-1.,0.,0.));
#4062=DIRECTION('center_axis',(0.,0.,1.));
#4063=DIRECTION('ref_axis',(-1.,0.,0.));
#4064=DIRECTION('center_axis',(0.,0.,-1.));
#4065=DIRECTION('ref_axis',(-1.,0.,0.));
#4066=DIRECTION('center_axis',(0.,0.,-1.));
#4067=DIRECTION('ref_axis',(-1.,0.,0.));
#4068=DIRECTION('',(0.,0.,-1.));
#4069=DIRECTION('center_axis',(0.,0.,-1.));
#4070=DIRECTION('ref_axis',(-1.,0.,0.));
#4071=DIRECTION('center_axis',(0.,0.,1.));
#4072=DIRECTION('ref_axis',(-1.,0.,0.));
#4073=DIRECTION('center_axis',(0.,0.,-1.));
#4074=DIRECTION('ref_axis',(1.,0.,0.));
#4075=DIRECTION('',(-1.,0.,0.));
#4076=DIRECTION('',(0.,1.,0.));
#4077=DIRECTION('',(1.,0.,0.));
#4078=DIRECTION('',(0.,-1.,0.));
#4079=DIRECTION('',(-1.,0.,0.));
#4080=DIRECTION('',(0.,1.,0.));
#4081=DIRECTION('',(1.,0.,0.));
#4082=DIRECTION('',(0.,-1.,0.));
#4083=DIRECTION('',(-1.,0.,0.));
#4084=DIRECTION('',(0.,1.,0.));
#4085=DIRECTION('',(1.,0.,0.));
#4086=DIRECTION('',(0.,-1.,0.));
#4087=DIRECTION('',(-1.,0.,0.));
#4088=DIRECTION('',(0.,1.,0.));
#4089=DIRECTION('',(1.,0.,0.));
#4090=DIRECTION('',(0.,-1.,0.));
#4091=DIRECTION('',(-1.,0.,0.));
#4092=DIRECTION('',(0.,1.,0.));
#4093=DIRECTION('',(1.,0.,0.));
#4094=DIRECTION('',(0.,-1.,0.));
#4095=DIRECTION('center_axis',(0.,0.,-1.));
#4096=DIRECTION('ref_axis',(-1.,0.,0.));
#4097=DIRECTION('',(-0.5,0.866025403784439,0.));
#4098=DIRECTION('',(0.5,0.866025403784439,0.));
#4099=DIRECTION('',(-0.5,-0.866025403784439,0.));
#4100=DIRECTION('center_axis',(0.866025403784439,-0.5,0.));
#4101=DIRECTION('ref_axis',(-0.5,-0.866025403784439,0.));
#4102=DIRECTION('center_axis',(-0.866025403784439,-0.5,0.));
#4103=DIRECTION('ref_axis',(-0.5,0.866025403784439,0.));
#4104=DIRECTION('center_axis',(0.,-1.,0.));
#4105=DIRECTION('ref_axis',(-1.,0.,0.));
#4106=DIRECTION('',(1.,0.,0.));
#4107=DIRECTION('',(0.,0.,-1.));
#4108=DIRECTION('',(0.,0.,-1.));
#4109=DIRECTION('center_axis',(1.,0.,0.));
#4110=DIRECTION('ref_axis',(0.,-1.,0.));
#4111=DIRECTION('',(0.,1.,0.));
#4112=DIRECTION('',(0.,0.,-1.));
#4113=DIRECTION('center_axis',(0.,-1.,0.));
#4114=DIRECTION('ref_axis',(-1.,0.,0.));
#4115=DIRECTION('',(1.,0.,0.));
#4116=DIRECTION('',(0.,0.,-1.));
#4117=DIRECTION('',(0.,0.,-1.));
#4118=DIRECTION('center_axis',(1.,0.,0.));
#4119=DIRECTION('ref_axis',(0.,-1.,0.));
#4120=DIRECTION('',(0.,1.,0.));
#4121=DIRECTION('',(0.,0.,-1.));
#4122=DIRECTION('center_axis',(0.,-1.,0.));
#4123=DIRECTION('ref_axis',(-1.,0.,0.));
#4124=DIRECTION('',(1.,0.,0.));
#4125=DIRECTION('',(0.,0.,-1.));
#4126=DIRECTION('',(0.,0.,-1.));
#4127=DIRECTION('center_axis',(1.,0.,0.));
#4128=DIRECTION('ref_axis',(0.,-1.,0.));
#4129=DIRECTION('',(0.,1.,0.));
#4130=DIRECTION('',(0.,0.,-1.));
#4131=DIRECTION('center_axis',(0.,-1.,0.));
#4132=DIRECTION('ref_axis',(-1.,0.,0.));
#4133=DIRECTION('',(1.,0.,0.));
#4134=DIRECTION('',(0.,0.,-1.));
#4135=DIRECTION('',(0.,0.,-1.));
#4136=DIRECTION('center_axis',(1.,0.,0.));
#4137=DIRECTION('ref_axis',(0.,-1.,0.));
#4138=DIRECTION('',(0.,1.,0.));
#4139=DIRECTION('',(0.,0.,-1.));
#4140=DIRECTION('center_axis',(0.,-1.,0.));
#4141=DIRECTION('ref_axis',(-1.,0.,0.));
#4142=DIRECTION('',(1.,0.,0.));
#4143=DIRECTION('',(0.,0.,-1.));
#4144=DIRECTION('',(0.,0.,-1.));
#4145=DIRECTION('center_axis',(1.,0.,0.));
#4146=DIRECTION('ref_axis',(0.,-1.,0.));
#4147=DIRECTION('',(0.,1.,0.));
#4148=DIRECTION('',(0.,0.,-1.));
#4149=DIRECTION('center_axis',(0.866025403784439,-0.5,0.));
#4150=DIRECTION('ref_axis',(-0.5,-0.866025403784439,0.));
#4151=DIRECTION('',(0.5,0.866025403784439,0.));
#4152=DIRECTION('center_axis',(0.,1.,0.));
#4153=DIRECTION('ref_axis',(1.,0.,0.));
#4154=DIRECTION('',(-1.,0.,0.));
#4155=DIRECTION('',(0.,0.,-1.));
#4156=DIRECTION('center_axis',(-1.,0.,0.));
#4157=DIRECTION('ref_axis',(0.,1.,0.));
#4158=DIRECTION('',(0.,-1.,0.));
#4159=DIRECTION('center_axis',(0.,1.,0.));
#4160=DIRECTION('ref_axis',(1.,0.,0.));
#4161=DIRECTION('',(-1.,0.,0.));
#4162=DIRECTION('',(0.,0.,-1.));
#4163=DIRECTION('center_axis',(-1.,0.,0.));
#4164=DIRECTION('ref_axis',(0.,1.,0.));
#4165=DIRECTION('',(0.,-1.,0.));
#4166=DIRECTION('center_axis',(0.,1.,0.));
#4167=DIRECTION('ref_axis',(1.,0.,0.));
#4168=DIRECTION('',(-1.,0.,0.));
#4169=DIRECTION('',(0.,0.,-1.));
#4170=DIRECTION('center_axis',(-1.,0.,0.));
#4171=DIRECTION('ref_axis',(0.,1.,0.));
#4172=DIRECTION('',(0.,-1.,0.));
#4173=DIRECTION('center_axis',(0.,1.,0.));
#4174=DIRECTION('ref_axis',(1.,0.,0.));
#4175=DIRECTION('',(-1.,0.,0.));
#4176=DIRECTION('',(0.,0.,-1.));
#4177=DIRECTION('center_axis',(-1.,0.,0.));
#4178=DIRECTION('ref_axis',(0.,1.,0.));
#4179=DIRECTION('',(0.,-1.,0.));
#4180=DIRECTION('center_axis',(0.,1.,0.));
#4181=DIRECTION('ref_axis',(1.,0.,0.));
#4182=DIRECTION('',(-1.,0.,0.));
#4183=DIRECTION('',(0.,0.,-1.));
#4184=DIRECTION('center_axis',(-1.,0.,0.));
#4185=DIRECTION('ref_axis',(0.,1.,0.));
#4186=DIRECTION('',(0.,-1.,0.));
#4187=DIRECTION('center_axis',(0.,0.,1.));
#4188=DIRECTION('ref_axis',(1.,0.,0.));
#4189=DIRECTION('',(-1.,0.,0.));
#4190=DIRECTION('',(0.,1.,0.));
#4191=DIRECTION('',(1.,0.,0.));
#4192=DIRECTION('',(0.,-1.,0.));
#4193=DIRECTION('center_axis',(-1.,0.,0.));
#4194=DIRECTION('ref_axis',(0.,-1.,0.));
#4195=DIRECTION('',(0.,1.,0.));
#4196=DIRECTION('',(0.,0.,1.));
#4197=DIRECTION('',(0.,0.,1.));
#4198=DIRECTION('center_axis',(0.,-1.,0.));
#4199=DIRECTION('ref_axis',(1.,0.,0.));
#4200=DIRECTION('',(-1.,0.,0.));
#4201=DIRECTION('',(0.,0.,1.));
#4202=DIRECTION('center_axis',(0.,1.,0.));
#4203=DIRECTION('ref_axis',(-1.,0.,0.));
#4204=DIRECTION('',(1.,0.,0.));
#4205=DIRECTION('',(0.,0.,1.));
#4206=DIRECTION('center_axis',(1.,0.,0.));
#4207=DIRECTION('ref_axis',(0.,1.,0.));
#4208=DIRECTION('',(0.,-1.,0.));
#4209=DIRECTION('center_axis',(0.,0.,-1.));
#4210=DIRECTION('ref_axis',(1.,0.,0.));
#4211=DIRECTION('',(0.,0.,1.));
#4212=DIRECTION('',(1.,0.,0.));
#4213=DIRECTION('',(0.,0.,1.));
#4214=DIRECTION('',(1.,0.,0.));
#4215=CARTESIAN_POINT('',(0.,0.,0.));
#4216=CARTESIAN_POINT('',(0.,0.,0.));
#4217=CARTESIAN_POINT('',(0.,0.,0.));
#4218=CARTESIAN_POINT('Origin',(-113.144379905076,-62.0000000000001,-45.));
#4219=CARTESIAN_POINT('',(-111.876430712645,-65.0000000000001,-48.));
#4220=CARTESIAN_POINT('',(-116.376430712645,-62.4019237886468,-48.));
#4221=CARTESIAN_POINT('',(-111.876430712645,-65.0000000000001,-48.));
#4222=CARTESIAN_POINT('',(-113.144379905076,-62.0000000000001,-45.));
#4223=CARTESIAN_POINT('',(-113.144379905076,-62.0000000000001,-45.));
#4224=CARTESIAN_POINT('',(-116.376430712645,-62.4019237886468,-48.));
#4225=CARTESIAN_POINT('Origin',(-58.8734546012513,-62.0000000000001,-45.));
#4226=CARTESIAN_POINT('',(-55.6414037936824,-62.4019237886468,-48.));
#4227=CARTESIAN_POINT('',(-60.1414037936824,-65.0000000000001,-48.));
#4228=CARTESIAN_POINT('',(-55.6414037936824,-62.4019237886468,-48.));
#4229=CARTESIAN_POINT('',(-58.8734546012513,-62.0000000000001,-45.));
#4230=CARTESIAN_POINT('',(-58.8734546012513,-62.0000000000001,-45.));
#4231=CARTESIAN_POINT('',(-60.1414037936824,-65.0000000000001,-48.));
#4232=CARTESIAN_POINT('Origin',(-36.7898068047481,-26.75,-46.5));
#4233=CARTESIAN_POINT('',(-28.2738903342011,-15.,-48.));
#4234=CARTESIAN_POINT('',(-31.7379919493388,-14.9999999999999,-45.));
#4235=CARTESIAN_POINT('',(-27.2841470155904,-14.9999999999999,-48.8571428571428));
#4236=CARTESIAN_POINT('',(-38.0888449104247,-26.,-45.));
#4237=CARTESIAN_POINT('',(-35.4907686990714,-27.5,-48.));
#4238=CARTESIAN_POINT('',(-32.3118199860934,-17.1,-45.5530503427668));
#4239=CARTESIAN_POINT('',(-29.9334957379067,-17.1,-47.612739560133));
#4240=CARTESIAN_POINT('Origin',(-32.436509374254,-22.4098676699252,-48.1));
#4241=CARTESIAN_POINT('',(-32.7623544552998,-17.1,-45.1628760471535));
#4242=CARTESIAN_POINT('Origin',(-71.5751605234231,-63.5000000000001,-46.5));
#4243=CARTESIAN_POINT('',(-71.5751605234231,-65.0000000000001,-48.));
#4244=CARTESIAN_POINT('',(-71.5751605234231,-62.0000000000001,-45.));
#4245=CARTESIAN_POINT('Origin',(-57.8914037936824,-63.7009618943234,-45.));
#4246=CARTESIAN_POINT('',(-56.5973490585985,-62.9538390446766,-215.));
#4247=CARTESIAN_POINT('',(-55.6414037936824,-62.4019237886468,-215.));
#4248=CARTESIAN_POINT('',(-57.8914037936824,-63.7009618943234,-215.));
#4249=CARTESIAN_POINT('',(-55.6414037936824,-62.4019237886468,-45.));
#4250=CARTESIAN_POINT('',(-60.1414037936824,-65.0000000000001,-215.));
#4251=CARTESIAN_POINT('',(-60.1414037936824,-65.0000000000001,-45.));
#4252=CARTESIAN_POINT('',(-58.9522756537861,-64.31345654833,-215.));
#4253=CARTESIAN_POINT('',(-57.8914037936824,-63.7009618943234,-215.));
#4254=CARTESIAN_POINT('',(-58.9522756537861,-64.31345654833,-212.9));
#4255=CARTESIAN_POINT('',(-58.9522756537861,-64.31345654833,-215.));
#4256=CARTESIAN_POINT('',(-56.5973490585985,-62.9538390446766,-212.9));
#4257=CARTESIAN_POINT('',(-57.8331080749374,-63.6673048454133,-212.9));
#4258=CARTESIAN_POINT('',(-56.5973490585985,-62.9538390446766,-215.));
#4259=CARTESIAN_POINT('Origin',(-120.794270971839,-51.7500000000001,-46.5));
#4260=CARTESIAN_POINT('',(-140.279842556989,-15.,-45.));
#4261=CARTESIAN_POINT('',(-143.743944172126,-15.,-48.));
#4262=CARTESIAN_POINT('',(-140.609756996525,-15.,-45.2857142857141));
#4263=CARTESIAN_POINT('',(-122.093309077515,-52.5000000000001,-48.));
#4264=CARTESIAN_POINT('',(-119.495232866162,-51.0000000000001,-45.));
#4265=CARTESIAN_POINT('',(-142.084338768421,-17.1,-47.612739560133));
#4266=CARTESIAN_POINT('',(-139.706014520234,-17.1,-45.5530503427668));
#4267=CARTESIAN_POINT('Origin',(-139.581325132073,-22.4098676699254,-48.1));
#4268=CARTESIAN_POINT('',(-135.131549556816,-17.1,-41.5914474757249));
#4269=CARTESIAN_POINT('Origin',(-114.126430712645,-63.7009618943234,-45.));
#4270=CARTESIAN_POINT('',(-113.065558852542,-64.3134565483298,-215.));
#4271=CARTESIAN_POINT('',(-111.876430712645,-65.0000000000001,-215.));
#4272=CARTESIAN_POINT('',(-114.126430712645,-63.7009618943235,-215.));
#4273=CARTESIAN_POINT('',(-111.876430712645,-65.0000000000001,-45.));
#4274=CARTESIAN_POINT('',(-116.376430712645,-62.4019237886468,-215.));
#4275=CARTESIAN_POINT('',(-116.376430712645,-62.4019237886468,-45.));
#4276=CARTESIAN_POINT('',(-115.420485447729,-62.9538390446767,-215.));
#4277=CARTESIAN_POINT('',(-114.126430712645,-63.7009618943235,-215.));
#4278=CARTESIAN_POINT('',(-115.420485447729,-62.9538390446767,-212.9));
#4279=CARTESIAN_POINT('',(-115.420485447729,-62.9538390446767,-215.));
#4280=CARTESIAN_POINT('',(-113.065558852542,-64.3134565483298,-212.9));
#4281=CARTESIAN_POINT('',(-114.18472643139,-63.6673048454133,-212.9));
#4282=CARTESIAN_POINT('',(-113.065558852542,-64.3134565483298,-215.));
#4283=CARTESIAN_POINT('Origin',(-32.436509374254,-15.,-48.1));
#4284=CARTESIAN_POINT('',(-29.886509374254,-14.9999999999999,-48.1));
#4285=CARTESIAN_POINT('Origin',(-32.436509374254,-15.,-48.1));
#4286=CARTESIAN_POINT('',(-29.886509374254,-17.1,-48.1));
#4287=CARTESIAN_POINT('',(-29.886509374254,-15.,-48.1));
#4288=CARTESIAN_POINT('Origin',(-32.436509374254,-17.1,-48.1));
#4289=CARTESIAN_POINT('Origin',(-32.436509374254,-17.1,-48.1));
#4290=CARTESIAN_POINT('Origin',(-139.581325132073,-15.,-48.1));
#4291=CARTESIAN_POINT('',(-137.031325132073,-15.,-48.1));
#4292=CARTESIAN_POINT('Origin',(-139.581325132073,-15.,-48.1));
#4293=CARTESIAN_POINT('',(-137.031325132073,-17.1,-48.1));
#4294=CARTESIAN_POINT('',(-137.031325132073,-15.,-48.1));
#4295=CARTESIAN_POINT('Origin',(-139.581325132073,-17.1,-48.1));
#4296=CARTESIAN_POINT('Origin',(-139.581325132073,-17.1,-48.1));
#4297=CARTESIAN_POINT('Origin',(-58.8534620031768,-61.7653718043598,-212.9));
#4298=CARTESIAN_POINT('Origin',(-58.8534620031768,-61.7653718043598,-212.9));
#4299=CARTESIAN_POINT('Origin',(-58.8534620031768,-61.7653718043598,-215.));
#4300=CARTESIAN_POINT('Origin',(-58.8534620031768,-61.7653718043598,-215.));
#4301=CARTESIAN_POINT('Origin',(-57.1414037936824,-65.0000000000001,-45.));
#4302=CARTESIAN_POINT('',(-57.1414037936824,-65.0000000000001,-215.));
#4303=CARTESIAN_POINT('Origin',(-113.164372503151,-61.7653718043597,-212.9));
#4304=CARTESIAN_POINT('Origin',(-113.164372503151,-61.7653718043597,-212.9));
#4305=CARTESIAN_POINT('Origin',(-113.164372503151,-61.7653718043597,-215.));
#4306=CARTESIAN_POINT('Origin',(-113.164372503151,-61.7653718043597,-215.));
#4307=CARTESIAN_POINT('Origin',(-111.000001654029,-23.8000000000001,-106.500001586974));
#4308=CARTESIAN_POINT('',(-109.630001654029,-23.8000000000001,-106.500001586974));
#4309=CARTESIAN_POINT('Origin',(-111.000001654029,-23.8000000000001,-106.500001586974));
#4310=CARTESIAN_POINT('',(-109.630001654029,-47.8000000000001,-106.500001586974));
#4311=CARTESIAN_POINT('',(-109.630001654029,-23.8000000000001,-106.500001586974));
#4312=CARTESIAN_POINT('Origin',(-111.000001654029,-47.8000000000001,-106.500001586974));
#4313=CARTESIAN_POINT('Origin',(-111.000001654029,-47.8000000000001,-106.500001586974));
#4314=CARTESIAN_POINT('Origin',(-110.896664826015,-23.8000000000001,-166.624073385891));
#4315=CARTESIAN_POINT('',(-109.526664826015,-23.8000000000001,-166.624073385891));
#4316=CARTESIAN_POINT('Origin',(-110.896664826015,-23.8000000000001,-166.624073385891));
#4317=CARTESIAN_POINT('',(-109.526664826015,-47.8000000000001,-166.624073385891));
#4318=CARTESIAN_POINT('',(-109.526664826015,-23.8000000000001,-166.624073385891));
#4319=CARTESIAN_POINT('Origin',(-110.896664826015,-47.8000000000001,-166.624073385891));
#4320=CARTESIAN_POINT('Origin',(-110.896664826015,-47.8000000000001,-166.624073385891));
#4321=CARTESIAN_POINT('Origin',(-62.8595074196576,-23.8000000000001,-205.336582992668));
#4322=CARTESIAN_POINT('',(-61.4895074196576,-23.8000000000001,-205.336582992668));
#4323=CARTESIAN_POINT('Origin',(-62.8595074196576,-23.8000000000001,-205.336582992668));
#4324=CARTESIAN_POINT('',(-61.4895074196576,-47.8000000000001,-205.336582992668));
#4325=CARTESIAN_POINT('',(-61.4895074196576,-23.8000000000001,-205.336582992668));
#4326=CARTESIAN_POINT('Origin',(-62.8595074196576,-47.8000000000001,-205.336582992668));
#4327=CARTESIAN_POINT('Origin',(-62.8595074196576,-47.8000000000001,-205.336582992668));
#4328=CARTESIAN_POINT('Origin',(-63.0000009387732,-23.8000000000001,-145.000002160668));
#4329=CARTESIAN_POINT('',(-61.6300009387732,-23.8000000000001,-145.000002160668));
#4330=CARTESIAN_POINT('Origin',(-63.0000009387732,-23.8000000000001,-145.000002160668));
#4331=CARTESIAN_POINT('',(-61.6300009387732,-47.8000000000001,-145.000002160668));
#4332=CARTESIAN_POINT('',(-61.6300009387732,-23.8000000000001,-145.000002160668));
#4333=CARTESIAN_POINT('Origin',(-63.0000009387732,-47.8000000000001,-145.000002160668));
#4334=CARTESIAN_POINT('Origin',(-63.0000009387732,-47.8000000000001,-145.000002160668));
#4335=CARTESIAN_POINT('Origin',(-63.0000009387732,-23.8000000000001,-85.0000012665987));
#4336=CARTESIAN_POINT('',(-61.6300009387732,-23.8000000000001,-85.0000012665987));
#4337=CARTESIAN_POINT('Origin',(-63.0000009387732,-23.8000000000001,-85.0000012665987));
#4338=CARTESIAN_POINT('',(-61.6300009387732,-47.8000000000001,-85.0000012665987));
#4339=CARTESIAN_POINT('',(-61.6300009387732,-23.8000000000001,-85.0000012665987));
#4340=CARTESIAN_POINT('Origin',(-63.0000009387732,-47.8000000000001,-85.0000012665987));
#4341=CARTESIAN_POINT('Origin',(-63.0000009387732,-47.8000000000001,-85.0000012665987));
#4342=CARTESIAN_POINT('Origin',(-63.0000009387732,-23.8000000000001,-115.000001713634));
#4343=CARTESIAN_POINT('',(-61.6300009387732,-23.8000000000001,-115.000001713634));
#4344=CARTESIAN_POINT('Origin',(-63.0000009387732,-23.8000000000001,-115.000001713634));
#4345=CARTESIAN_POINT('',(-61.6300009387732,-47.8000000000001,-115.000001713634));
#4346=CARTESIAN_POINT('',(-61.6300009387732,-23.8000000000001,-115.000001713634));
#4347=CARTESIAN_POINT('Origin',(-63.0000009387732,-47.8000000000001,-115.000001713634));
#4348=CARTESIAN_POINT('Origin',(-63.0000009387732,-47.8000000000001,-115.000001713634));
#4349=CARTESIAN_POINT('Origin',(-63.0476550405655,-23.8000000000001,-166.515457212013));
#4350=CARTESIAN_POINT('',(-61.6776550405655,-23.8000000000001,-166.515457212013));
#4351=CARTESIAN_POINT('Origin',(-63.0476550405655,-23.8000000000001,-166.515457212013));
#4352=CARTESIAN_POINT('',(-61.6776550405655,-47.8000000000001,-166.515457212013));
#4353=CARTESIAN_POINT('',(-61.6776550405655,-23.8000000000001,-166.515457212013));
#4354=CARTESIAN_POINT('Origin',(-63.0476550405655,-47.8000000000001,-166.515457212013));
#4355=CARTESIAN_POINT('Origin',(-63.0476550405655,-47.8000000000001,-166.515457212013));
#4356=CARTESIAN_POINT('Origin',(-111.000001654029,-23.8000000000001,-205.000003054738));
#4357=CARTESIAN_POINT('',(-109.630001654029,-23.8000000000001,-205.000003054738));
#4358=CARTESIAN_POINT('Origin',(-111.000001654029,-23.8000000000001,-205.000003054738));
#4359=CARTESIAN_POINT('',(-109.630001654029,-47.8000000000001,-205.000003054738));
#4360=CARTESIAN_POINT('',(-109.630001654029,-23.8000000000001,-205.000003054738));
#4361=CARTESIAN_POINT('Origin',(-111.000001654029,-47.8000000000001,-205.000003054738));
#4362=CARTESIAN_POINT('Origin',(-111.000001654029,-47.8000000000001,-205.000003054738));
#4363=CARTESIAN_POINT('Origin',(-111.000001654029,-23.8000000000001,-145.000002160668));
#4364=CARTESIAN_POINT('',(-109.630001654029,-23.8000000000001,-145.000002160668));
#4365=CARTESIAN_POINT('Origin',(-111.000001654029,-23.8000000000001,-145.000002160668));
#4366=CARTESIAN_POINT('',(-109.630001654029,-47.8000000000001,-145.000002160668));
#4367=CARTESIAN_POINT('',(-109.630001654029,-23.8000000000001,-145.000002160668));
#4368=CARTESIAN_POINT('Origin',(-111.000001654029,-47.8000000000001,-145.000002160668));
#4369=CARTESIAN_POINT('Origin',(-111.000001654029,-47.8000000000001,-145.000002160668));
#4370=CARTESIAN_POINT('Origin',(-111.000001654029,-23.8000000000001,-85.0000012665987));
#4371=CARTESIAN_POINT('',(-109.630001654029,-23.8000000000001,-85.0000012665987));
#4372=CARTESIAN_POINT('Origin',(-111.000001654029,-23.8000000000001,-85.0000012665987));
#4373=CARTESIAN_POINT('',(-109.630001654029,-47.8000000000001,-85.0000012665987));
#4374=CARTESIAN_POINT('',(-109.630001654029,-23.8000000000001,-85.0000012665987));
#4375=CARTESIAN_POINT('Origin',(-111.000001654029,-47.8000000000001,-85.0000012665987));
#4376=CARTESIAN_POINT('Origin',(-111.000001654029,-47.8000000000001,-85.0000012665987));
#4377=CARTESIAN_POINT('Origin',(-111.000001654029,-23.8000000000001,-115.000001713634));
#4378=CARTESIAN_POINT('',(-109.630001654029,-23.8000000000001,-115.000001713634));
#4379=CARTESIAN_POINT('Origin',(-111.000001654029,-23.8000000000001,-115.000001713634));
#4380=CARTESIAN_POINT('',(-109.630001654029,-47.8000000000001,-115.000001713634));
#4381=CARTESIAN_POINT('',(-109.630001654029,-23.8000000000001,-115.000001713634));
#4382=CARTESIAN_POINT('Origin',(-111.000001654029,-47.8000000000001,-115.000001713634));
#4383=CARTESIAN_POINT('Origin',(-111.000001654029,-47.8000000000001,-115.000001713634));
#4384=CARTESIAN_POINT('Origin',(-111.000001654029,-23.8000000000001,-175.000002607703));
#4385=CARTESIAN_POINT('',(-109.630001654029,-23.8000000000001,-175.000002607703));
#4386=CARTESIAN_POINT('Origin',(-111.000001654029,-23.8000000000001,-175.000002607703));
#4387=CARTESIAN_POINT('',(-109.630001654029,-47.8000000000001,-175.000002607703));
#4388=CARTESIAN_POINT('',(-109.630001654029,-23.8000000000001,-175.000002607703));
#4389=CARTESIAN_POINT('Origin',(-111.000001654029,-47.8000000000001,-175.000002607703));
#4390=CARTESIAN_POINT('Origin',(-111.000001654029,-47.8000000000001,-175.000002607703));
#4391=CARTESIAN_POINT('Origin',(-62.7654336092037,-23.8000000000001,-196.619076557271));
#4392=CARTESIAN_POINT('',(-61.3954336092037,-23.8000000000001,-196.619076557271));
#4393=CARTESIAN_POINT('Origin',(-62.7654336092037,-23.8000000000001,-196.619076557271));
#4394=CARTESIAN_POINT('',(-61.3954336092037,-47.8000000000001,-196.619076557271));
#4395=CARTESIAN_POINT('',(-61.3954336092037,-23.8000000000001,-196.619076557271));
#4396=CARTESIAN_POINT('Origin',(-62.7654336092037,-47.8000000000001,-196.619076557271));
#4397=CARTESIAN_POINT('Origin',(-62.7654336092037,-47.8000000000001,-196.619076557271));
#4398=CARTESIAN_POINT('Origin',(-62.8915779787223,-23.8000000000001,-136.57952440004));
#4399=CARTESIAN_POINT('',(-61.5215779787223,-23.8000000000001,-136.57952440004));
#4400=CARTESIAN_POINT('Origin',(-62.8915779787223,-23.8000000000001,-136.57952440004));
#4401=CARTESIAN_POINT('',(-61.5215779787223,-47.8000000000001,-136.57952440004));
#4402=CARTESIAN_POINT('',(-61.5215779787223,-23.8000000000001,-136.57952440004));
#4403=CARTESIAN_POINT('Origin',(-62.8915779787223,-47.8000000000001,-136.57952440004));
#4404=CARTESIAN_POINT('Origin',(-62.8915779787223,-47.8000000000001,-136.57952440004));
#4405=CARTESIAN_POINT('Origin',(-63.0606662204645,-23.8000000000001,-76.7551754721226));
#4406=CARTESIAN_POINT('',(-61.6906662204645,-23.8000000000001,-76.7551754721226));
#4407=CARTESIAN_POINT('Origin',(-63.0606662204645,-23.8000000000001,-76.7551754721226));
#4408=CARTESIAN_POINT('',(-61.6906662204645,-47.8000000000001,-76.7551754721226));
#4409=CARTESIAN_POINT('',(-61.6906662204645,-23.8000000000001,-76.7551754721226));
#4410=CARTESIAN_POINT('Origin',(-63.0606662204645,-47.8000000000001,-76.7551754721226));
#4411=CARTESIAN_POINT('Origin',(-63.0606662204645,-47.8000000000001,-76.7551754721226));
#4412=CARTESIAN_POINT('Origin',(-63.0174979726346,-23.8000000000001,-106.633747824186));
#4413=CARTESIAN_POINT('',(-61.6474979726346,-23.8000000000001,-106.633747824186));
#4414=CARTESIAN_POINT('Origin',(-63.0174979726346,-23.8000000000001,-106.633747824186));
#4415=CARTESIAN_POINT('',(-61.6474979726346,-47.8000000000001,-106.633747824186));
#4416=CARTESIAN_POINT('',(-61.6474979726346,-23.8000000000001,-106.633747824186));
#4417=CARTESIAN_POINT('Origin',(-63.0174979726346,-47.8000000000001,-106.633747824186));
#4418=CARTESIAN_POINT('Origin',(-63.0174979726346,-47.8000000000001,-106.633747824186));
#4419=CARTESIAN_POINT('Origin',(-63.0000009387732,-23.8000000000001,-175.000002607703));
#4420=CARTESIAN_POINT('',(-61.6300009387732,-23.8000000000001,-175.000002607703));
#4421=CARTESIAN_POINT('Origin',(-63.0000009387732,-23.8000000000001,-175.000002607703));
#4422=CARTESIAN_POINT('',(-61.6300009387732,-47.8000000000001,-175.000002607703));
#4423=CARTESIAN_POINT('',(-61.6300009387732,-23.8000000000001,-175.000002607703));
#4424=CARTESIAN_POINT('Origin',(-63.0000009387732,-47.8000000000001,-175.000002607703));
#4425=CARTESIAN_POINT('Origin',(-63.0000009387732,-47.8000000000001,-175.000002607703));
#4426=CARTESIAN_POINT('Origin',(-110.883782203849,-23.8000000000001,-196.458291321276));
#4427=CARTESIAN_POINT('',(-109.513782203849,-23.8000000000001,-196.458291321276));
#4428=CARTESIAN_POINT('Origin',(-110.883782203849,-23.8000000000001,-196.458291321276));
#4429=CARTESIAN_POINT('',(-109.513782203849,-47.8000000000001,-196.458291321276));
#4430=CARTESIAN_POINT('',(-109.513782203849,-23.8000000000001,-196.458291321276));
#4431=CARTESIAN_POINT('Origin',(-110.883782203849,-47.8000000000001,-196.458291321276));
#4432=CARTESIAN_POINT('Origin',(-110.883782203849,-47.8000000000001,-196.458291321276));
#4433=CARTESIAN_POINT('Origin',(-111.01566158013,-23.8000000000001,-136.606785592535));
#4434=CARTESIAN_POINT('',(-109.64566158013,-23.8000000000001,-136.606785592535));
#4435=CARTESIAN_POINT('Origin',(-111.01566158013,-23.8000000000001,-136.606785592535));
#4436=CARTESIAN_POINT('',(-109.64566158013,-47.8000000000001,-136.606785592535));
#4437=CARTESIAN_POINT('',(-109.64566158013,-23.8000000000001,-136.606785592535));
#4438=CARTESIAN_POINT('Origin',(-111.01566158013,-47.8000000000001,-136.606785592535));
#4439=CARTESIAN_POINT('Origin',(-111.01566158013,-47.8000000000001,-136.606785592535));
#4440=CARTESIAN_POINT('Origin',(-110.862182173511,-23.8000000000001,-76.4631328267585));
#4441=CARTESIAN_POINT('',(-109.492182173511,-23.8000000000001,-76.4631328267585));
#4442=CARTESIAN_POINT('Origin',(-110.862182173511,-23.8000000000001,-76.4631328267585));
#4443=CARTESIAN_POINT('',(-109.492182173511,-47.8000000000001,-76.4631328267585));
#4444=CARTESIAN_POINT('',(-109.492182173511,-23.8000000000001,-76.4631328267585));
#4445=CARTESIAN_POINT('Origin',(-110.862182173511,-47.8000000000001,-76.4631328267585));
#4446=CARTESIAN_POINT('Origin',(-110.862182173511,-47.8000000000001,-76.4631328267585));
#4447=CARTESIAN_POINT('Origin',(-107.000001594424,-58.8000000000001,-209.000003114343));
#4448=CARTESIAN_POINT('',(-114.000001698732,-54.1180195813245,-209.000003114343));
#4449=CARTESIAN_POINT('',(-111.296859043669,-58.8000000000001,-209.000003114343));
#4450=CARTESIAN_POINT('',(-109.86485894527,-61.2802969268718,-209.000003114343));
#4451=CARTESIAN_POINT('',(-114.000001698732,-23.8000000000001,-209.000003114343));
#4452=CARTESIAN_POINT('',(-114.000001698732,-58.8000000000001,-209.000003114343));
#4453=CARTESIAN_POINT('',(-107.000001594424,-23.8000000000001,-209.000003114343));
#4454=CARTESIAN_POINT('',(-114.000001698732,-23.8000000000001,-209.000003114343));
#4455=CARTESIAN_POINT('',(-107.000001594424,-58.8000000000001,-209.000003114343));
#4456=CARTESIAN_POINT('',(-107.000001594424,-58.8000000000001,-209.000003114343));
#4457=CARTESIAN_POINT('',(-82.0707026940534,-58.8000000000001,-209.000003114343));
#4458=CARTESIAN_POINT('Origin',(-114.000001698732,-58.8000000000001,-209.000003114343));
#4459=CARTESIAN_POINT('',(-114.000001698732,-54.1180195813245,-193.000002875924));
#4460=CARTESIAN_POINT('',(-114.000001698732,-54.1180195813245,-127.000001557171));
#4461=CARTESIAN_POINT('',(-114.000001698732,-23.8000000000001,-193.000002875924));
#4462=CARTESIAN_POINT('',(-114.000001698732,-58.8000000000001,-193.000002875924));
#4463=CARTESIAN_POINT('',(-114.000001698732,-23.8000000000001,-193.000002875924));
#4464=CARTESIAN_POINT('Origin',(-107.000001594424,-58.8000000000001,-193.000002875924));
#4465=CARTESIAN_POINT('',(-107.000001594424,-58.8000000000001,-193.000002875924));
#4466=CARTESIAN_POINT('',(-107.000001594424,-58.8000000000001,-119.000001437962));
#4467=CARTESIAN_POINT('',(-107.000001594424,-23.8000000000001,-193.000002875924));
#4468=CARTESIAN_POINT('',(-107.000001594424,-23.8000000000001,-209.000003114343));
#4469=CARTESIAN_POINT('',(-107.000001594424,-58.8000000000001,-193.000002875924));
#4470=CARTESIAN_POINT('Origin',(-114.000001698732,-58.8000000000001,-193.000002875924));
#4471=CARTESIAN_POINT('',(-111.296859043669,-58.8000000000001,-193.000002875924));
#4472=CARTESIAN_POINT('',(-110.739858958308,-59.7647524476656,-193.000002875924));
#4473=CARTESIAN_POINT('',(-85.5707027462074,-58.8000000000001,-193.000002875924));
#4474=CARTESIAN_POINT('',(-107.000001594424,-23.8000000000001,-193.000002875924));
#4475=CARTESIAN_POINT('Origin',(-110.500001646578,-23.8000000000001,-201.000002995133));
#4476=CARTESIAN_POINT('Origin',(-57.1414037936824,-58.8000000000001,-45.));
#4477=CARTESIAN_POINT('',(-111.296859043669,-58.8000000000001,-179.000002667308));
#4478=CARTESIAN_POINT('',(-111.296859043669,-58.8000000000001,-45.));
#4479=CARTESIAN_POINT('',(-107.000001594424,-58.8000000000001,-179.000002667308));
#4480=CARTESIAN_POINT('',(-82.0707026940534,-58.8000000000001,-179.000002667308));
#4481=CARTESIAN_POINT('',(-107.000001594424,-58.8000000000001,-162.000002413988));
#4482=CARTESIAN_POINT('',(-107.000001594424,-58.8000000000001,-103.500001206994));
#4483=CARTESIAN_POINT('',(-111.296859043669,-58.8000000000001,-162.000002413988));
#4484=CARTESIAN_POINT('',(-85.5707027462074,-58.8000000000001,-162.000002413988));
#4485=CARTESIAN_POINT('',(-111.296859043669,-58.8000000000001,-149.000002220273));
#4486=CARTESIAN_POINT('',(-111.296859043669,-58.8000000000001,-45.));
#4487=CARTESIAN_POINT('',(-107.000001594424,-58.8000000000001,-149.000002220273));
#4488=CARTESIAN_POINT('',(-82.0707026940534,-58.8000000000001,-149.000002220273));
#4489=CARTESIAN_POINT('',(-107.000001594424,-58.8000000000001,-133.000001981854));
#4490=CARTESIAN_POINT('',(-107.000001594424,-58.8000000000001,-89.0000009909272));
#4491=CARTESIAN_POINT('',(-111.296859043669,-58.8000000000001,-133.000001981854));
#4492=CARTESIAN_POINT('',(-85.5707027462074,-58.8000000000001,-133.000001981854));
#4493=CARTESIAN_POINT('',(-111.296859043669,-58.8000000000001,-119.000001773238));
#4494=CARTESIAN_POINT('',(-111.296859043669,-58.8000000000001,-45.));
#4495=CARTESIAN_POINT('',(-107.000001594424,-58.8000000000001,-119.000001773238));
#4496=CARTESIAN_POINT('',(-82.0707026940534,-58.8000000000001,-119.000001773238));
#4497=CARTESIAN_POINT('',(-107.000001594424,-58.8000000000001,-103.00000153482));
#4498=CARTESIAN_POINT('',(-107.000001594424,-58.8000000000001,-74.0000007674098));
#4499=CARTESIAN_POINT('',(-111.296859043669,-58.8000000000001,-103.00000153482));
#4500=CARTESIAN_POINT('',(-85.5707027462074,-58.8000000000001,-103.00000153482));
#4501=CARTESIAN_POINT('',(-111.296859043669,-58.8000000000001,-89.0000013262033));
#4502=CARTESIAN_POINT('',(-111.296859043669,-58.8000000000001,-45.));
#4503=CARTESIAN_POINT('',(-107.000001594424,-58.8000000000001,-89.0000013262033));
#4504=CARTESIAN_POINT('',(-82.0707026940534,-58.8000000000001,-89.0000013262033));
#4505=CARTESIAN_POINT('',(-107.000001594424,-58.8000000000001,-72.0000010728836));
#4506=CARTESIAN_POINT('',(-107.000001594424,-58.8000000000001,-58.5000005364418));
#4507=CARTESIAN_POINT('',(-111.296859043669,-58.8000000000001,-72.0000010728836));
#4508=CARTESIAN_POINT('',(-85.5707027462074,-58.8000000000001,-72.0000010728836));
#4509=CARTESIAN_POINT('',(-111.296859043669,-58.8000000000001,-51.2));
#4510=CARTESIAN_POINT('',(-111.296859043669,-58.8000000000001,-45.));
#4511=CARTESIAN_POINT('',(-60.7209754626581,-58.8000000000001,-51.2));
#4512=CARTESIAN_POINT('',(-71.5751605234231,-58.8000000000001,-51.2));
#4513=CARTESIAN_POINT('',(-60.7209754626581,-58.8000000000001,-72.9958931178699));
#4514=CARTESIAN_POINT('',(-60.7209754626581,-58.8000000000001,-45.));
#4515=CARTESIAN_POINT('',(-66.7909926525286,-58.8000000000001,-72.9958931178699));
#4516=CARTESIAN_POINT('',(-61.9661982231055,-58.8000000000001,-72.9958931178699));
#4517=CARTESIAN_POINT('',(-66.7909926525286,-58.8000000000001,-89.4448519465535));
#4518=CARTESIAN_POINT('',(-66.7909926525286,-58.8000000000001,-67.2224259732767));
#4519=CARTESIAN_POINT('',(-60.7209754626581,-58.8000000000001,-89.4448519465535));
#4520=CARTESIAN_POINT('',(-58.9311896281703,-58.8000000000001,-89.4448519465535));
#4521=CARTESIAN_POINT('',(-60.7209754626581,-58.8000000000001,-103.253704022151));
#4522=CARTESIAN_POINT('',(-60.7209754626581,-58.8000000000001,-45.));
#4523=CARTESIAN_POINT('',(-67.0000009983778,-58.8000000000001,-103.253704022151));
#4524=CARTESIAN_POINT('',(-62.0707023960301,-58.8000000000001,-103.253704022151));
#4525=CARTESIAN_POINT('',(-67.0000009983778,-58.8000000000001,-119.000001773238));
#4526=CARTESIAN_POINT('',(-67.0000009983778,-58.8000000000001,-82.0000008866191));
#4527=CARTESIAN_POINT('',(-60.7209754626581,-58.8000000000001,-119.000001773238));
#4528=CARTESIAN_POINT('',(-58.9311896281703,-58.8000000000001,-119.000001773238));
#4529=CARTESIAN_POINT('',(-60.7209754626581,-58.8000000000001,-133.1));
#4530=CARTESIAN_POINT('',(-60.7209754626581,-58.8000000000001,-45.));
#4531=CARTESIAN_POINT('',(-67.0000009983778,-58.8000000000001,-133.1));
#4532=CARTESIAN_POINT('',(-62.0707023960301,-58.8000000000001,-133.1));
#4533=CARTESIAN_POINT('',(-67.0000009983778,-58.8000000000001,-150.000002235174));
#4534=CARTESIAN_POINT('',(-67.0000009983778,-58.8000000000001,-97.5000011175871));
#4535=CARTESIAN_POINT('',(-60.7209754626581,-58.8000000000001,-150.000002235174));
#4536=CARTESIAN_POINT('',(-58.9311896281703,-58.8000000000001,-150.000002235174));
#4537=CARTESIAN_POINT('',(-60.7209754626581,-58.8000000000001,-162.529924209573));
#4538=CARTESIAN_POINT('',(-60.7209754626581,-58.8000000000001,-45.));
#4539=CARTESIAN_POINT('',(-67.0000009983778,-58.8000000000001,-162.529924209573));
#4540=CARTESIAN_POINT('',(-62.0707023960301,-58.8000000000001,-162.529924209573));
#4541=CARTESIAN_POINT('',(-67.0000009983778,-58.8000000000001,-179.000002667308));
#4542=CARTESIAN_POINT('',(-67.0000009983778,-58.8000000000001,-112.000001333654));
#4543=CARTESIAN_POINT('',(-60.7209754626581,-58.8000000000001,-179.000002667308));
#4544=CARTESIAN_POINT('',(-58.9311896281703,-58.8000000000001,-179.000002667308));
#4545=CARTESIAN_POINT('',(-60.7209754626581,-58.8000000000001,-193.017693445937));
#4546=CARTESIAN_POINT('',(-60.7209754626581,-58.8000000000001,-45.));
#4547=CARTESIAN_POINT('',(-67.0000009983778,-58.8000000000001,-193.017693445937));
#4548=CARTESIAN_POINT('',(-62.0707023960301,-58.8000000000001,-193.017693445937));
#4549=CARTESIAN_POINT('',(-67.0000009983778,-58.8000000000001,-209.000003114343));
#4550=CARTESIAN_POINT('',(-67.0000009983778,-58.8000000000001,-127.000001557171));
#4551=CARTESIAN_POINT('',(-60.7209754626581,-58.8000000000001,-209.000003114343));
#4552=CARTESIAN_POINT('',(-58.9311896281703,-58.8000000000001,-209.000003114343));
#4553=CARTESIAN_POINT('',(-60.7209754626581,-58.8000000000001,-215.));
#4554=CARTESIAN_POINT('',(-60.7209754626581,-58.8000000000001,-45.));
#4555=CARTESIAN_POINT('',(-111.296859043669,-58.8000000000001,-215.));
#4556=CARTESIAN_POINT('',(-71.5751605234231,-58.8000000000001,-215.));
#4557=CARTESIAN_POINT('',(-111.296859043669,-58.8000000000001,-45.));
#4558=CARTESIAN_POINT('Origin',(-114.000001698732,-58.8000000000001,-72.0000010728836));
#4559=CARTESIAN_POINT('',(-114.000001698732,-54.1180195813245,-72.0000010728836));
#4560=CARTESIAN_POINT('',(-110.739858958308,-59.7647524476656,-72.0000010728836));
#4561=CARTESIAN_POINT('',(-107.000001594424,-23.8000000000001,-72.0000010728836));
#4562=CARTESIAN_POINT('',(-107.000001594424,-58.8000000000001,-72.0000010728836));
#4563=CARTESIAN_POINT('',(-114.000001698732,-23.8000000000001,-72.0000010728836));
#4564=CARTESIAN_POINT('',(-107.000001594424,-23.8000000000001,-72.0000010728836));
#4565=CARTESIAN_POINT('',(-114.000001698732,-58.8000000000001,-72.0000010728836));
#4566=CARTESIAN_POINT('Origin',(-114.000001698732,-58.8000000000001,-89.0000013262033));
#4567=CARTESIAN_POINT('',(-114.000001698732,-54.1180195813245,-89.0000013262033));
#4568=CARTESIAN_POINT('',(-114.000001698732,-54.1180195813245,-67.0000006631017));
#4569=CARTESIAN_POINT('',(-114.000001698732,-23.8000000000001,-89.0000013262033));
#4570=CARTESIAN_POINT('',(-114.000001698732,-23.8000000000001,-72.0000010728836));
#4571=CARTESIAN_POINT('',(-114.000001698732,-58.8000000000001,-89.0000013262033));
#4572=CARTESIAN_POINT('Origin',(-107.000001594424,-58.8000000000001,-89.0000013262033));
#4573=CARTESIAN_POINT('',(-109.86485894527,-61.2802969268718,-89.0000013262033));
#4574=CARTESIAN_POINT('',(-107.000001594424,-23.8000000000001,-89.0000013262033));
#4575=CARTESIAN_POINT('',(-114.000001698732,-23.8000000000001,-89.0000013262033));
#4576=CARTESIAN_POINT('',(-107.000001594424,-58.8000000000001,-89.0000013262033));
#4577=CARTESIAN_POINT('Origin',(-107.000001594424,-58.8000000000001,-72.0000010728836));
#4578=CARTESIAN_POINT('',(-107.000001594424,-23.8000000000001,-89.0000013262033));
#4579=CARTESIAN_POINT('Origin',(-110.500001646578,-23.8000000000001,-80.5000011995435));
#4580=CARTESIAN_POINT('Origin',(-109.507073209182,-61.9000000000001,-45.));
#4581=CARTESIAN_POINT('',(-136.584800834175,-15.,-215.));
#4582=CARTESIAN_POINT('',(-116.723951574052,-49.4000000000001,-215.));
#4583=CARTESIAN_POINT('',(-136.584800834175,-15.,-51.2));
#4584=CARTESIAN_POINT('',(-136.584800834175,-15.,-45.));
#4585=CARTESIAN_POINT('',(-116.723951574052,-49.4000000000001,-51.2));
#4586=CARTESIAN_POINT('',(-114.000001698732,-54.1180195813245,-103.00000153482));
#4587=CARTESIAN_POINT('',(-110.739858958308,-59.7647524476656,-103.00000153482));
#4588=CARTESIAN_POINT('',(-114.000001698732,-54.1180195813245,-119.000001773238));
#4589=CARTESIAN_POINT('',(-114.000001698732,-54.1180195813245,-82.0000008866191));
#4590=CARTESIAN_POINT('',(-109.86485894527,-61.2802969268718,-119.000001773238));
#4591=CARTESIAN_POINT('',(-114.000001698732,-54.1180195813245,-133.000001981854));
#4592=CARTESIAN_POINT('',(-110.739858958308,-59.7647524476656,-133.000001981854));
#4593=CARTESIAN_POINT('',(-114.000001698732,-54.1180195813245,-149.000002220273));
#4594=CARTESIAN_POINT('',(-114.000001698732,-54.1180195813245,-97.0000011101365));
#4595=CARTESIAN_POINT('',(-109.86485894527,-61.2802969268718,-149.000002220273));
#4596=CARTESIAN_POINT('',(-114.000001698732,-54.1180195813245,-162.000002413988));
#4597=CARTESIAN_POINT('',(-110.739858958308,-59.7647524476656,-162.000002413988));
#4598=CARTESIAN_POINT('',(-114.000001698732,-54.1180195813245,-179.000002667308));
#4599=CARTESIAN_POINT('',(-114.000001698732,-54.1180195813245,-112.000001333654));
#4600=CARTESIAN_POINT('',(-109.86485894527,-61.2802969268718,-179.000002667308));
#4601=CARTESIAN_POINT('Origin',(-60.7209754626581,-58.8000000000001,-103.253704022151));
#4602=CARTESIAN_POINT('',(-60.7209754626581,-58.8000000000001,-45.));
#4603=CARTESIAN_POINT('',(-60.7209754626581,-23.8000000000001,-119.000001773238));
#4604=CARTESIAN_POINT('',(-60.7209754626581,-58.8000000000001,-119.000001773238));
#4605=CARTESIAN_POINT('',(-60.7209754626581,-23.8000000000001,-103.253704022151));
#4606=CARTESIAN_POINT('',(-60.7209754626581,-23.8000000000001,-119.000001773238));
#4607=CARTESIAN_POINT('',(-60.7209754626581,-58.8000000000001,-103.253704022151));
#4608=CARTESIAN_POINT('Origin',(-67.0000009983778,-58.8000000000001,-103.253704022151));
#4609=CARTESIAN_POINT('',(-67.0000009983778,-23.8000000000001,-103.253704022151));
#4610=CARTESIAN_POINT('',(-60.7209754626581,-23.8000000000001,-103.253704022151));
#4611=CARTESIAN_POINT('',(-67.0000009983778,-58.8000000000001,-103.253704022151));
#4612=CARTESIAN_POINT('Origin',(-67.0000009983778,-58.8000000000001,-119.000001773238));
#4613=CARTESIAN_POINT('',(-67.0000009983778,-23.8000000000001,-119.000001773238));
#4614=CARTESIAN_POINT('',(-67.0000009983778,-23.8000000000001,-103.253704022151));
#4615=CARTESIAN_POINT('',(-67.0000009983778,-58.8000000000001,-119.000001773238));
#4616=CARTESIAN_POINT('Origin',(-60.7209754626581,-58.8000000000001,-119.000001773238));
#4617=CARTESIAN_POINT('',(-67.0000009983778,-23.8000000000001,-119.000001773238));
#4618=CARTESIAN_POINT('Origin',(-63.860488230518,-23.8000000000001,-111.126852897695));
#4619=CARTESIAN_POINT('Origin',(-60.7209754626581,-58.8000000000001,-133.1));
#4620=CARTESIAN_POINT('',(-60.7209754626581,-58.8000000000001,-45.));
#4621=CARTESIAN_POINT('',(-60.7209754626581,-23.8000000000001,-150.000002235174));
#4622=CARTESIAN_POINT('',(-60.7209754626581,-58.8000000000001,-150.000002235174));
#4623=CARTESIAN_POINT('',(-60.7209754626581,-23.8000000000001,-133.1));
#4624=CARTESIAN_POINT('',(-60.7209754626581,-23.8000000000001,-150.000002235174));
#4625=CARTESIAN_POINT('',(-60.7209754626581,-58.8000000000001,-133.1));
#4626=CARTESIAN_POINT('Origin',(-67.0000009983778,-58.8000000000001,-133.1));
#4627=CARTESIAN_POINT('',(-67.0000009983778,-23.8000000000001,-133.1));
#4628=CARTESIAN_POINT('',(-60.7209754626581,-23.8000000000001,-133.1));
#4629=CARTESIAN_POINT('',(-67.0000009983778,-58.8000000000001,-133.1));
#4630=CARTESIAN_POINT('Origin',(-67.0000009983778,-58.8000000000001,-150.000002235174));
#4631=CARTESIAN_POINT('',(-67.0000009983778,-23.8000000000001,-150.000002235174));
#4632=CARTESIAN_POINT('',(-67.0000009983778,-23.8000000000001,-133.1));
#4633=CARTESIAN_POINT('',(-67.0000009983778,-58.8000000000001,-150.000002235174));
#4634=CARTESIAN_POINT('Origin',(-60.7209754626581,-58.8000000000001,-150.000002235174));
#4635=CARTESIAN_POINT('',(-67.0000009983778,-23.8000000000001,-150.000002235174));
#4636=CARTESIAN_POINT('Origin',(-63.860488230518,-23.8000000000001,-141.550001117587));
#4637=CARTESIAN_POINT('Origin',(-107.000001594424,-58.8000000000001,-119.000001773238));
#4638=CARTESIAN_POINT('',(-114.000001698732,-23.8000000000001,-119.000001773238));
#4639=CARTESIAN_POINT('',(-114.000001698732,-58.8000000000001,-119.000001773238));
#4640=CARTESIAN_POINT('',(-107.000001594424,-23.8000000000001,-119.000001773238));
#4641=CARTESIAN_POINT('',(-114.000001698732,-23.8000000000001,-119.000001773238));
#4642=CARTESIAN_POINT('',(-107.000001594424,-58.8000000000001,-119.000001773238));
#4643=CARTESIAN_POINT('Origin',(-114.000001698732,-58.8000000000001,-119.000001773238));
#4644=CARTESIAN_POINT('',(-114.000001698732,-23.8000000000001,-103.00000153482));
#4645=CARTESIAN_POINT('',(-114.000001698732,-58.8000000000001,-103.00000153482));
#4646=CARTESIAN_POINT('',(-114.000001698732,-23.8000000000001,-103.00000153482));
#4647=CARTESIAN_POINT('Origin',(-107.000001594424,-58.8000000000001,-103.00000153482));
#4648=CARTESIAN_POINT('',(-107.000001594424,-23.8000000000001,-103.00000153482));
#4649=CARTESIAN_POINT('',(-107.000001594424,-23.8000000000001,-119.000001773238));
#4650=CARTESIAN_POINT('',(-107.000001594424,-58.8000000000001,-103.00000153482));
#4651=CARTESIAN_POINT('Origin',(-114.000001698732,-58.8000000000001,-103.00000153482));
#4652=CARTESIAN_POINT('',(-107.000001594424,-23.8000000000001,-103.00000153482));
#4653=CARTESIAN_POINT('Origin',(-110.500001646578,-23.8000000000001,-111.000001654029));
#4654=CARTESIAN_POINT('Origin',(-114.000001698732,-58.8000000000001,-162.000002413988));
#4655=CARTESIAN_POINT('',(-107.000001594424,-23.8000000000001,-162.000002413988));
#4656=CARTESIAN_POINT('',(-107.000001594424,-58.8000000000001,-162.000002413988));
#4657=CARTESIAN_POINT('',(-114.000001698732,-23.8000000000001,-162.000002413988));
#4658=CARTESIAN_POINT('',(-107.000001594424,-23.8000000000001,-162.000002413988));
#4659=CARTESIAN_POINT('',(-114.000001698732,-58.8000000000001,-162.000002413988));
#4660=CARTESIAN_POINT('Origin',(-114.000001698732,-58.8000000000001,-179.000002667308));
#4661=CARTESIAN_POINT('',(-114.000001698732,-23.8000000000001,-179.000002667308));
#4662=CARTESIAN_POINT('',(-114.000001698732,-23.8000000000001,-162.000002413988));
#4663=CARTESIAN_POINT('',(-114.000001698732,-58.8000000000001,-179.000002667308));
#4664=CARTESIAN_POINT('Origin',(-107.000001594424,-58.8000000000001,-179.000002667308));
#4665=CARTESIAN_POINT('',(-107.000001594424,-23.8000000000001,-179.000002667308));
#4666=CARTESIAN_POINT('',(-114.000001698732,-23.8000000000001,-179.000002667308));
#4667=CARTESIAN_POINT('',(-107.000001594424,-58.8000000000001,-179.000002667308));
#4668=CARTESIAN_POINT('Origin',(-107.000001594424,-58.8000000000001,-162.000002413988));
#4669=CARTESIAN_POINT('',(-107.000001594424,-23.8000000000001,-179.000002667308));
#4670=CARTESIAN_POINT('Origin',(-110.500001646578,-23.8000000000001,-170.500002540648));
#4671=CARTESIAN_POINT('Origin',(-60.7209754626581,-58.8000000000001,-193.017693445937));
#4672=CARTESIAN_POINT('',(-60.7209754626581,-58.8000000000001,-45.));
#4673=CARTESIAN_POINT('',(-60.7209754626581,-23.8000000000001,-209.000003114343));
#4674=CARTESIAN_POINT('',(-60.7209754626581,-58.8000000000001,-209.000003114343));
#4675=CARTESIAN_POINT('',(-60.7209754626581,-23.8000000000001,-193.017693445937));
#4676=CARTESIAN_POINT('',(-60.7209754626581,-23.8000000000001,-209.000003114343));
#4677=CARTESIAN_POINT('',(-60.7209754626581,-58.8000000000001,-193.017693445937));
#4678=CARTESIAN_POINT('Origin',(-67.0000009983778,-58.8000000000001,-193.017693445937));
#4679=CARTESIAN_POINT('',(-67.0000009983778,-23.8000000000001,-193.017693445937));
#4680=CARTESIAN_POINT('',(-60.7209754626581,-23.8000000000001,-193.017693445937));
#4681=CARTESIAN_POINT('',(-67.0000009983778,-58.8000000000001,-193.017693445937));
#4682=CARTESIAN_POINT('Origin',(-67.0000009983778,-58.8000000000001,-209.000003114343));
#4683=CARTESIAN_POINT('',(-67.0000009983778,-23.8000000000001,-209.000003114343));
#4684=CARTESIAN_POINT('',(-67.0000009983778,-23.8000000000001,-193.017693445937));
#4685=CARTESIAN_POINT('',(-67.0000009983778,-58.8000000000001,-209.000003114343));
#4686=CARTESIAN_POINT('Origin',(-60.7209754626581,-58.8000000000001,-209.000003114343));
#4687=CARTESIAN_POINT('',(-67.0000009983778,-23.8000000000001,-209.000003114343));
#4688=CARTESIAN_POINT('Origin',(-63.860488230518,-23.8000000000001,-201.00884828014));
#4689=CARTESIAN_POINT('Origin',(-60.7209754626581,-58.8000000000001,-72.9958931178699));
#4690=CARTESIAN_POINT('',(-60.7209754626581,-58.8000000000001,-45.));
#4691=CARTESIAN_POINT('',(-60.7209754626581,-23.8000000000001,-89.4448519465535));
#4692=CARTESIAN_POINT('',(-60.7209754626581,-58.8000000000001,-89.4448519465535));
#4693=CARTESIAN_POINT('',(-60.7209754626581,-23.8000000000001,-72.9958931178699));
#4694=CARTESIAN_POINT('',(-60.7209754626581,-23.8000000000001,-89.4448519465535));
#4695=CARTESIAN_POINT('',(-60.7209754626581,-58.8000000000001,-72.9958931178699));
#4696=CARTESIAN_POINT('Origin',(-66.7909926525286,-58.8000000000001,-72.9958931178699));
#4697=CARTESIAN_POINT('',(-66.7909926525286,-23.8000000000001,-72.9958931178699));
#4698=CARTESIAN_POINT('',(-60.7209754626581,-23.8000000000001,-72.9958931178699));
#4699=CARTESIAN_POINT('',(-66.7909926525286,-58.8000000000001,-72.9958931178699));
#4700=CARTESIAN_POINT('Origin',(-66.7909926525286,-58.8000000000001,-89.4448519465535));
#4701=CARTESIAN_POINT('',(-66.7909926525286,-23.8000000000001,-89.4448519465535));
#4702=CARTESIAN_POINT('',(-66.7909926525286,-23.8000000000001,-72.9958931178699));
#4703=CARTESIAN_POINT('',(-66.7909926525286,-58.8000000000001,-89.4448519465535));
#4704=CARTESIAN_POINT('Origin',(-60.7209754626581,-58.8000000000001,-89.4448519465535));
#4705=CARTESIAN_POINT('',(-66.7909926525286,-23.8000000000001,-89.4448519465535));
#4706=CARTESIAN_POINT('Origin',(-63.7559840575934,-23.8000000000001,-81.2203725322117));
#4707=CARTESIAN_POINT('Origin',(-60.7209754626581,-58.8000000000001,-162.529924209573));
#4708=CARTESIAN_POINT('',(-60.7209754626581,-58.8000000000001,-45.));
#4709=CARTESIAN_POINT('',(-60.7209754626581,-23.8000000000001,-179.000002667308));
#4710=CARTESIAN_POINT('',(-60.7209754626581,-58.8000000000001,-179.000002667308));
#4711=CARTESIAN_POINT('',(-60.7209754626581,-23.8000000000001,-162.529924209573));
#4712=CARTESIAN_POINT('',(-60.7209754626581,-23.8000000000001,-179.000002667308));
#4713=CARTESIAN_POINT('',(-60.7209754626581,-58.8000000000001,-162.529924209573));
#4714=CARTESIAN_POINT('Origin',(-67.0000009983778,-58.8000000000001,-162.529924209573));
#4715=CARTESIAN_POINT('',(-67.0000009983778,-23.8000000000001,-162.529924209573));
#4716=CARTESIAN_POINT('',(-60.7209754626581,-23.8000000000001,-162.529924209573));
#4717=CARTESIAN_POINT('',(-67.0000009983778,-58.8000000000001,-162.529924209573));
#4718=CARTESIAN_POINT('Origin',(-67.0000009983778,-58.8000000000001,-179.000002667308));
#4719=CARTESIAN_POINT('',(-67.0000009983778,-23.8000000000001,-179.000002667308));
#4720=CARTESIAN_POINT('',(-67.0000009983778,-23.8000000000001,-162.529924209573));
#4721=CARTESIAN_POINT('',(-67.0000009983778,-58.8000000000001,-179.000002667308));
#4722=CARTESIAN_POINT('Origin',(-60.7209754626581,-58.8000000000001,-179.000002667308));
#4723=CARTESIAN_POINT('',(-67.0000009983778,-23.8000000000001,-179.000002667308));
#4724=CARTESIAN_POINT('Origin',(-63.860488230518,-23.8000000000001,-170.76496343844));
#4725=CARTESIAN_POINT('Origin',(-114.000001698732,-58.8000000000001,-133.000001981854));
#4726=CARTESIAN_POINT('',(-107.000001594424,-23.8000000000001,-133.000001981854));
#4727=CARTESIAN_POINT('',(-107.000001594424,-58.8000000000001,-133.000001981854));
#4728=CARTESIAN_POINT('',(-114.000001698732,-23.8000000000001,-133.000001981854));
#4729=CARTESIAN_POINT('',(-107.000001594424,-23.8000000000001,-133.000001981854));
#4730=CARTESIAN_POINT('',(-114.000001698732,-58.8000000000001,-133.000001981854));
#4731=CARTESIAN_POINT('Origin',(-114.000001698732,-58.8000000000001,-149.000002220273));
#4732=CARTESIAN_POINT('',(-114.000001698732,-23.8000000000001,-149.000002220273));
#4733=CARTESIAN_POINT('',(-114.000001698732,-23.8000000000001,-133.000001981854));
#4734=CARTESIAN_POINT('',(-114.000001698732,-58.8000000000001,-149.000002220273));
#4735=CARTESIAN_POINT('Origin',(-107.000001594424,-58.8000000000001,-149.000002220273));
#4736=CARTESIAN_POINT('',(-107.000001594424,-23.8000000000001,-149.000002220273));
#4737=CARTESIAN_POINT('',(-114.000001698732,-23.8000000000001,-149.000002220273));
#4738=CARTESIAN_POINT('',(-107.000001594424,-58.8000000000001,-149.000002220273));
#4739=CARTESIAN_POINT('Origin',(-107.000001594424,-58.8000000000001,-133.000001981854));
#4740=CARTESIAN_POINT('',(-107.000001594424,-23.8000000000001,-149.000002220273));
#4741=CARTESIAN_POINT('Origin',(-110.500001646578,-23.8000000000001,-141.000002101064));
#4742=CARTESIAN_POINT('Origin',(-40.8534620031766,-30.5884572681202,-215.));
#4743=CARTESIAN_POINT('',(-43.4034620031766,-30.5884572681202,-215.));
#4744=CARTESIAN_POINT('Origin',(-40.8534620031766,-30.5884572681202,-215.));
#4745=CARTESIAN_POINT('',(-43.4034620031766,-30.5884572681202,-212.9));
#4746=CARTESIAN_POINT('',(-43.4034620031766,-30.5884572681202,-215.));
#4747=CARTESIAN_POINT('Origin',(-40.8534620031766,-30.5884572681202,-212.9));
#4748=CARTESIAN_POINT('Origin',(-40.8534620031766,-30.5884572681202,-212.9));
#4749=CARTESIAN_POINT('Origin',(-49.8534620031767,-46.17691453624,-215.));
#4750=CARTESIAN_POINT('',(-52.4034620031767,-46.17691453624,-215.));
#4751=CARTESIAN_POINT('Origin',(-49.8534620031767,-46.17691453624,-215.));
#4752=CARTESIAN_POINT('',(-52.4034620031767,-46.17691453624,-212.9));
#4753=CARTESIAN_POINT('',(-52.4034620031767,-46.17691453624,-215.));
#4754=CARTESIAN_POINT('Origin',(-49.8534620031767,-46.17691453624,-212.9));
#4755=CARTESIAN_POINT('Origin',(-49.8534620031767,-46.17691453624,-212.9));
#4756=CARTESIAN_POINT('Origin',(-122.164372503151,-46.1769145362398,-215.));
#4757=CARTESIAN_POINT('',(-124.714372503151,-46.1769145362398,-215.));
#4758=CARTESIAN_POINT('Origin',(-122.164372503151,-46.1769145362398,-215.));
#4759=CARTESIAN_POINT('',(-124.714372503151,-46.1769145362398,-212.9));
#4760=CARTESIAN_POINT('',(-124.714372503151,-46.1769145362398,-215.));
#4761=CARTESIAN_POINT('Origin',(-122.164372503151,-46.1769145362398,-212.9));
#4762=CARTESIAN_POINT('Origin',(-122.164372503151,-46.1769145362398,-212.9));
#4763=CARTESIAN_POINT('Origin',(-86.0089172531638,-61.9000000000001,-215.));
#4764=CARTESIAN_POINT('',(-88.5589172531638,-61.9000000000001,-215.));
#4765=CARTESIAN_POINT('Origin',(-86.0089172531638,-61.9000000000001,-215.));
#4766=CARTESIAN_POINT('',(-88.5589172531638,-61.9000000000001,-212.9));
#4767=CARTESIAN_POINT('',(-88.5589172531638,-61.9000000000001,-215.));
#4768=CARTESIAN_POINT('Origin',(-86.0089172531638,-61.9000000000001,-212.9));
#4769=CARTESIAN_POINT('Origin',(-86.0089172531638,-61.9000000000001,-212.9));
#4770=CARTESIAN_POINT('Origin',(-31.8534620031765,-15.0000000000003,-212.9));
#4771=CARTESIAN_POINT('',(-29.3034620031765,-14.9999999999999,-212.9));
#4772=CARTESIAN_POINT('',(-34.4034620031765,-15.0000000000003,-212.9));
#4773=CARTESIAN_POINT('',(-58.9311896281701,-15.,-212.9));
#4774=CARTESIAN_POINT('Origin',(-31.8534620031765,-15.0000000000003,-212.9));
#4775=CARTESIAN_POINT('Origin',(-31.8534620031765,-15.0000000000003,-215.));
#4776=CARTESIAN_POINT('',(-29.3034620031765,-14.9999999999999,-215.));
#4777=CARTESIAN_POINT('',(-29.3034620031765,-14.9999999999999,-215.));
#4778=CARTESIAN_POINT('',(-34.4034620031765,-15.0000000000003,-215.));
#4779=CARTESIAN_POINT('Origin',(-31.8534620031765,-15.0000000000003,-215.));
#4780=CARTESIAN_POINT('',(-34.4034620031765,-15.,-215.));
#4781=CARTESIAN_POINT('Origin',(-140.164372503151,-15.,-212.9));
#4782=CARTESIAN_POINT('',(-137.614372503151,-15.,-212.9));
#4783=CARTESIAN_POINT('',(-142.714372503151,-15.,-212.9));
#4784=CARTESIAN_POINT('',(-113.086644878157,-15.,-212.9));
#4785=CARTESIAN_POINT('Origin',(-140.164372503151,-15.,-212.9));
#4786=CARTESIAN_POINT('Origin',(-140.164372503151,-15.,-215.));
#4787=CARTESIAN_POINT('',(-137.614372503151,-15.,-215.));
#4788=CARTESIAN_POINT('',(-137.614372503151,-15.,-215.));
#4789=CARTESIAN_POINT('',(-142.714372503151,-15.,-215.));
#4790=CARTESIAN_POINT('Origin',(-140.164372503151,-15.,-215.));
#4791=CARTESIAN_POINT('',(-142.714372503151,-15.,-215.));
#4792=CARTESIAN_POINT('Origin',(-131.164372503151,-30.5884572681199,-215.));
#4793=CARTESIAN_POINT('',(-133.714372503151,-30.5884572681199,-215.));
#4794=CARTESIAN_POINT('Origin',(-131.164372503151,-30.5884572681199,-215.));
#4795=CARTESIAN_POINT('',(-133.714372503151,-30.5884572681199,-212.9));
#4796=CARTESIAN_POINT('',(-133.714372503151,-30.5884572681199,-215.));
#4797=CARTESIAN_POINT('Origin',(-131.164372503151,-30.5884572681199,-212.9));
#4798=CARTESIAN_POINT('Origin',(-131.164372503151,-30.5884572681199,-212.9));
#4799=CARTESIAN_POINT('Origin',(-86.0089172531638,-15.,-130.));
#4800=CARTESIAN_POINT('',(-28.2738903342011,-15.,-215.));
#4801=CARTESIAN_POINT('',(-28.2738903342011,-15.,-45.));
#4802=CARTESIAN_POINT('',(-86.0089172531638,-15.,-215.));
#4803=CARTESIAN_POINT('',(-35.4330336721524,-15.,-215.));
#4804=CARTESIAN_POINT('',(-86.0089172531638,-15.,-215.));
#4805=CARTESIAN_POINT('',(-35.4330336721524,-15.,-51.2));
#4806=CARTESIAN_POINT('',(-35.4330336721525,-15.,-45.));
#4807=CARTESIAN_POINT('',(-86.0089172531638,-15.,-51.2));
#4808=CARTESIAN_POINT('',(-86.0089172531638,-15.,-215.));
#4809=CARTESIAN_POINT('',(-143.743944172126,-15.,-215.));
#4810=CARTESIAN_POINT('',(-86.0089172531638,-15.,-215.));
#4811=CARTESIAN_POINT('',(-143.743944172126,-15.,-45.));
#4812=CARTESIAN_POINT('',(-86.0089172531638,-15.,-45.));
#4813=CARTESIAN_POINT('',(-107.031325132074,-15.,-48.1));
#4814=CARTESIAN_POINT('Origin',(-109.581325132073,-15.,-48.1));
#4815=CARTESIAN_POINT('',(-137.031325132073,-15.,-104.766666666667));
#4816=CARTESIAN_POINT('Origin',(-139.581325132073,-15.,-104.766666666667));
#4817=CARTESIAN_POINT('',(-29.886509374254,-14.9999999999999,-161.433333333333));
#4818=CARTESIAN_POINT('Origin',(-32.436509374254,-15.,-161.433333333333));
#4819=CARTESIAN_POINT('',(-29.886509374254,-14.9999999999999,-189.766666666667));
#4820=CARTESIAN_POINT('Origin',(-32.436509374254,-15.,-189.766666666667));
#4821=CARTESIAN_POINT('',(-59.886509374254,-15.,-48.1));
#4822=CARTESIAN_POINT('Origin',(-62.436509374254,-15.,-48.1));
#4823=CARTESIAN_POINT('',(-137.031325132073,-15.,-133.1));
#4824=CARTESIAN_POINT('Origin',(-139.581325132073,-15.,-133.1));
#4825=CARTESIAN_POINT('',(-137.031325132073,-15.,-189.766666666667));
#4826=CARTESIAN_POINT('Origin',(-139.581325132073,-15.,-189.766666666667));
#4827=CARTESIAN_POINT('',(-137.031325132073,-15.,-76.4333333333333));
#4828=CARTESIAN_POINT('Origin',(-139.581325132073,-15.,-76.4333333333333));
#4829=CARTESIAN_POINT('',(-29.886509374254,-14.9999999999999,-76.4333333333333));
#4830=CARTESIAN_POINT('Origin',(-32.436509374254,-15.,-76.4333333333333));
#4831=CARTESIAN_POINT('',(-29.886509374254,-14.9999999999999,-133.1));
#4832=CARTESIAN_POINT('Origin',(-32.436509374254,-15.,-133.1));
#4833=CARTESIAN_POINT('',(-29.886509374254,-14.9999999999999,-104.766666666667));
#4834=CARTESIAN_POINT('Origin',(-32.436509374254,-15.,-104.766666666667));
#4835=CARTESIAN_POINT('',(-137.031325132073,-15.,-161.433333333333));
#4836=CARTESIAN_POINT('Origin',(-139.581325132073,-15.,-161.433333333333));
#4837=CARTESIAN_POINT('Origin',(-139.581325132073,-15.,-161.433333333333));
#4838=CARTESIAN_POINT('',(-137.031325132073,-17.1,-161.433333333333));
#4839=CARTESIAN_POINT('',(-137.031325132073,-15.,-161.433333333333));
#4840=CARTESIAN_POINT('Origin',(-139.581325132073,-17.1,-161.433333333333));
#4841=CARTESIAN_POINT('Origin',(-139.581325132073,-17.1,-161.433333333333));
#4842=CARTESIAN_POINT('Origin',(-139.581325132073,-17.1,-48.1));
#4843=CARTESIAN_POINT('Origin',(-32.436509374254,-15.,-104.766666666667));
#4844=CARTESIAN_POINT('',(-29.886509374254,-17.0999999999999,-104.766666666667));
#4845=CARTESIAN_POINT('',(-29.886509374254,-15.,-104.766666666667));
#4846=CARTESIAN_POINT('Origin',(-32.436509374254,-17.1,-104.766666666667));
#4847=CARTESIAN_POINT('Origin',(-32.436509374254,-17.1,-104.766666666667));
#4848=CARTESIAN_POINT('Origin',(-32.436509374254,-15.,-133.1));
#4849=CARTESIAN_POINT('',(-29.886509374254,-17.0999999999999,-133.1));
#4850=CARTESIAN_POINT('',(-29.886509374254,-15.,-133.1));
#4851=CARTESIAN_POINT('Origin',(-32.436509374254,-17.1,-133.1));
#4852=CARTESIAN_POINT('Origin',(-32.436509374254,-17.1,-133.1));
#4853=CARTESIAN_POINT('Origin',(-32.436509374254,-15.,-76.4333333333333));
#4854=CARTESIAN_POINT('',(-29.886509374254,-17.0999999999999,-76.4333333333333));
#4855=CARTESIAN_POINT('',(-29.886509374254,-15.,-76.4333333333333));
#4856=CARTESIAN_POINT('Origin',(-32.436509374254,-17.1,-76.4333333333333));
#4857=CARTESIAN_POINT('Origin',(-32.436509374254,-17.1,-76.4333333333333));
#4858=CARTESIAN_POINT('Origin',(-139.581325132073,-15.,-76.4333333333333));
#4859=CARTESIAN_POINT('',(-137.031325132073,-17.1,-76.4333333333333));
#4860=CARTESIAN_POINT('',(-137.031325132073,-15.,-76.4333333333333));
#4861=CARTESIAN_POINT('Origin',(-139.581325132073,-17.1,-76.4333333333333));
#4862=CARTESIAN_POINT('Origin',(-139.581325132073,-17.1,-76.4333333333333));
#4863=CARTESIAN_POINT('Origin',(-139.581325132073,-15.,-189.766666666667));
#4864=CARTESIAN_POINT('',(-137.031325132073,-17.1,-189.766666666667));
#4865=CARTESIAN_POINT('',(-137.031325132073,-15.,-189.766666666667));
#4866=CARTESIAN_POINT('Origin',(-139.581325132073,-17.1,-189.766666666667));
#4867=CARTESIAN_POINT('Origin',(-139.581325132073,-17.1,-189.766666666667));
#4868=CARTESIAN_POINT('Origin',(-139.581325132073,-15.,-133.1));
#4869=CARTESIAN_POINT('',(-137.031325132073,-17.1,-133.1));
#4870=CARTESIAN_POINT('',(-137.031325132073,-15.,-133.1));
#4871=CARTESIAN_POINT('Origin',(-139.581325132073,-17.1,-133.1));
#4872=CARTESIAN_POINT('Origin',(-139.581325132073,-17.1,-133.1));
#4873=CARTESIAN_POINT('Origin',(-62.436509374254,-15.,-48.1));
#4874=CARTESIAN_POINT('',(-59.886509374254,-17.1,-48.1));
#4875=CARTESIAN_POINT('',(-59.886509374254,-15.,-48.1));
#4876=CARTESIAN_POINT('Origin',(-62.436509374254,-17.1,-48.1));
#4877=CARTESIAN_POINT('Origin',(-62.436509374254,-17.1,-48.1));
#4878=CARTESIAN_POINT('Origin',(-32.436509374254,-15.,-189.766666666667));
#4879=CARTESIAN_POINT('',(-29.886509374254,-17.0999999999999,-189.766666666667));
#4880=CARTESIAN_POINT('',(-29.886509374254,-15.,-189.766666666667));
#4881=CARTESIAN_POINT('Origin',(-32.436509374254,-17.1,-189.766666666667));
#4882=CARTESIAN_POINT('Origin',(-32.436509374254,-17.1,-189.766666666667));
#4883=CARTESIAN_POINT('Origin',(-32.436509374254,-15.,-161.433333333333));
#4884=CARTESIAN_POINT('',(-29.886509374254,-17.0999999999999,-161.433333333333));
#4885=CARTESIAN_POINT('',(-29.886509374254,-15.,-161.433333333333));
#4886=CARTESIAN_POINT('Origin',(-32.436509374254,-17.1,-161.433333333333));
#4887=CARTESIAN_POINT('Origin',(-32.436509374254,-17.1,-161.433333333333));
#4888=CARTESIAN_POINT('Origin',(-32.436509374254,-17.1,-48.1));
#4889=CARTESIAN_POINT('Origin',(-139.581325132073,-15.,-104.766666666667));
#4890=CARTESIAN_POINT('',(-137.031325132073,-17.1,-104.766666666667));
#4891=CARTESIAN_POINT('',(-137.031325132073,-15.,-104.766666666667));
#4892=CARTESIAN_POINT('Origin',(-139.581325132073,-17.1,-104.766666666667));
#4893=CARTESIAN_POINT('Origin',(-139.581325132073,-17.1,-104.766666666667));
#4894=CARTESIAN_POINT('Origin',(-109.581325132073,-15.,-48.1));
#4895=CARTESIAN_POINT('',(-107.031325132074,-17.1,-48.1));
#4896=CARTESIAN_POINT('',(-107.031325132074,-15.,-48.1));
#4897=CARTESIAN_POINT('Origin',(-109.581325132073,-17.1,-48.1));
#4898=CARTESIAN_POINT('Origin',(-109.581325132073,-17.1,-48.1));
#4899=CARTESIAN_POINT('Origin',(-107.087602245556,-22.8739575281635,-45.));
#4900=CARTESIAN_POINT('',(-104.537602245556,-22.8739575281635,-45.));
#4901=CARTESIAN_POINT('Origin',(-107.087602245556,-22.8739575281635,-45.));
#4902=CARTESIAN_POINT('',(-104.537602245556,-22.8739575281635,-47.1));
#4903=CARTESIAN_POINT('',(-104.537602245556,-22.8739575281635,-45.));
#4904=CARTESIAN_POINT('Origin',(-107.087602245556,-22.8739575281635,-47.1));
#4905=CARTESIAN_POINT('Origin',(-107.087602245556,-22.8739575281635,-47.1));
#4906=CARTESIAN_POINT('Origin',(-64.930232260772,-22.8739575281635,-45.));
#4907=CARTESIAN_POINT('',(-62.380232260772,-22.8739575281635,-45.));
#4908=CARTESIAN_POINT('Origin',(-64.930232260772,-22.8739575281635,-45.));
#4909=CARTESIAN_POINT('',(-62.380232260772,-22.8739575281635,-47.1));
#4910=CARTESIAN_POINT('',(-62.380232260772,-22.8739575281635,-45.));
#4911=CARTESIAN_POINT('Origin',(-64.930232260772,-22.8739575281635,-47.1));
#4912=CARTESIAN_POINT('Origin',(-64.930232260772,-22.8739575281635,-47.1));
#4913=CARTESIAN_POINT('Origin',(-86.0089172531638,-15.,-45.));
#4914=CARTESIAN_POINT('',(-82.843704783211,-23.75,-45.));
#4915=CARTESIAN_POINT('',(-84.8592775169045,-23.75,-45.));
#4916=CARTESIAN_POINT('',(-82.843704783211,-23.75,-45.));
#4917=CARTESIAN_POINT('',(-82.843704783211,-26.25,-45.));
#4918=CARTESIAN_POINT('',(-82.843704783211,-26.25,-45.));
#4919=CARTESIAN_POINT('',(-84.8592775169045,-26.25,-45.));
#4920=CARTESIAN_POINT('',(-84.8592775169045,-26.25,-45.));
#4921=CARTESIAN_POINT('',(-84.8592775169045,-23.75,-45.));
#4922=CARTESIAN_POINT('',(-77.5966748978077,-23.75,-45.));
#4923=CARTESIAN_POINT('',(-79.802780019115,-23.75,-45.));
#4924=CARTESIAN_POINT('',(-77.5966748978077,-23.75,-45.));
#4925=CARTESIAN_POINT('',(-77.5966748978077,-26.25,-45.));
#4926=CARTESIAN_POINT('',(-77.5966748978077,-26.25,-45.));
#4927=CARTESIAN_POINT('',(-79.802780019115,-26.25,-45.));
#4928=CARTESIAN_POINT('',(-79.802780019115,-26.25,-45.));
#4929=CARTESIAN_POINT('',(-79.802780019115,-23.75,-45.));
#4930=CARTESIAN_POINT('',(-92.0000018230148,-23.75,-45.));
#4931=CARTESIAN_POINT('',(-94.1936144378476,-23.75,-45.));
#4932=CARTESIAN_POINT('',(-92.0000018230148,-23.75,-45.));
#4933=CARTESIAN_POINT('',(-92.0000018230148,-26.25,-45.));
#4934=CARTESIAN_POINT('',(-92.0000018230148,-26.25,-45.));
#4935=CARTESIAN_POINT('',(-94.1936144378476,-26.25,-45.));
#4936=CARTESIAN_POINT('',(-94.1936144378476,-26.25,-45.));
#4937=CARTESIAN_POINT('',(-94.1936144378476,-23.75,-45.));
#4938=CARTESIAN_POINT('',(-73.5074212885239,-23.75,-45.));
#4939=CARTESIAN_POINT('',(-75.4445857520809,-23.75,-45.));
#4940=CARTESIAN_POINT('',(-73.5074212885239,-23.75,-45.));
#4941=CARTESIAN_POINT('',(-73.5074212885239,-26.25,-45.));
#4942=CARTESIAN_POINT('',(-73.5074212885239,-26.25,-45.));
#4943=CARTESIAN_POINT('',(-75.4445857520809,-26.25,-45.));
#4944=CARTESIAN_POINT('',(-75.4445857520809,-26.25,-45.));
#4945=CARTESIAN_POINT('',(-75.4445857520809,-23.75,-45.));
#4946=CARTESIAN_POINT('',(-88.0000013113022,-23.75,-45.));
#4947=CARTESIAN_POINT('',(-90.0996925227927,-23.75,-45.));
#4948=CARTESIAN_POINT('',(-88.0000013113022,-23.75,-45.));
#4949=CARTESIAN_POINT('',(-88.0000013113022,-26.25,-45.));
#4950=CARTESIAN_POINT('',(-88.0000013113022,-26.25,-45.));
#4951=CARTESIAN_POINT('',(-90.0996925227927,-26.25,-45.));
#4952=CARTESIAN_POINT('',(-90.0996925227927,-26.25,-45.));
#4953=CARTESIAN_POINT('',(-90.0996925227927,-23.75,-45.));
#4954=CARTESIAN_POINT('Origin',(-86.0089172531638,-15.,-215.));
#4955=CARTESIAN_POINT('',(-114.876430712645,-65.0000000000001,-215.));
#4956=CARTESIAN_POINT('',(-40.8601262025349,-24.4,-215.));
#4957=CARTESIAN_POINT('',(-28.2738903342011,-15.,-215.));
#4958=CARTESIAN_POINT('Origin',(-28.2738903342011,-15.,-45.));
#4959=CARTESIAN_POINT('Origin',(-114.876430712645,-65.0000000000001,-45.));
#4960=CARTESIAN_POINT('Origin',(-82.843704783211,-23.75,-45.));
#4961=CARTESIAN_POINT('',(-84.8592775169045,-23.75,-51.));
#4962=CARTESIAN_POINT('',(-82.843704783211,-23.75,-51.));
#4963=CARTESIAN_POINT('',(-84.4263110181874,-23.75,-51.));
#4964=CARTESIAN_POINT('',(-82.843704783211,-23.75,-45.));
#4965=CARTESIAN_POINT('',(-84.8592775169045,-23.75,-45.));
#4966=CARTESIAN_POINT('Origin',(-84.8592775169045,-23.75,-45.));
#4967=CARTESIAN_POINT('',(-84.8592775169045,-26.25,-51.));
#4968=CARTESIAN_POINT('',(-84.8592775169045,-19.375,-51.));
#4969=CARTESIAN_POINT('',(-84.8592775169045,-26.25,-45.));
#4970=CARTESIAN_POINT('Origin',(-77.5966748978077,-23.75,-45.));
#4971=CARTESIAN_POINT('',(-79.802780019115,-23.75,-51.));
#4972=CARTESIAN_POINT('',(-77.5966748978077,-23.75,-51.));
#4973=CARTESIAN_POINT('',(-81.8027960754858,-23.75,-51.));
#4974=CARTESIAN_POINT('',(-77.5966748978077,-23.75,-45.));
#4975=CARTESIAN_POINT('',(-79.802780019115,-23.75,-45.));
#4976=CARTESIAN_POINT('Origin',(-79.802780019115,-23.75,-45.));
#4977=CARTESIAN_POINT('',(-79.802780019115,-26.25,-51.));
#4978=CARTESIAN_POINT('',(-79.802780019115,-19.375,-51.));
#4979=CARTESIAN_POINT('',(-79.802780019115,-26.25,-45.));
#4980=CARTESIAN_POINT('Origin',(-92.0000018230148,-23.75,-45.));
#4981=CARTESIAN_POINT('',(-94.1936144378476,-23.75,-51.));
#4982=CARTESIAN_POINT('',(-92.0000018230148,-23.75,-51.));
#4983=CARTESIAN_POINT('',(-89.0044595380893,-23.75,-51.));
#4984=CARTESIAN_POINT('',(-92.0000018230148,-23.75,-45.));
#4985=CARTESIAN_POINT('',(-94.1936144378476,-23.75,-45.));
#4986=CARTESIAN_POINT('Origin',(-94.1936144378476,-23.75,-45.));
#4987=CARTESIAN_POINT('',(-94.1936144378476,-26.25,-51.));
#4988=CARTESIAN_POINT('',(-94.1936144378476,-19.375,-51.));
#4989=CARTESIAN_POINT('',(-94.1936144378476,-26.25,-45.));
#4990=CARTESIAN_POINT('Origin',(-73.5074212885239,-23.75,-45.));
#4991=CARTESIAN_POINT('',(-75.4445857520809,-23.75,-51.));
#4992=CARTESIAN_POINT('',(-73.5074212885239,-23.75,-51.));
#4993=CARTESIAN_POINT('',(-79.7581692708439,-23.75,-51.));
#4994=CARTESIAN_POINT('',(-73.5074212885239,-23.75,-45.));
#4995=CARTESIAN_POINT('',(-75.4445857520809,-23.75,-45.));
#4996=CARTESIAN_POINT('Origin',(-75.4445857520809,-23.75,-45.));
#4997=CARTESIAN_POINT('',(-75.4445857520809,-26.25,-51.));
#4998=CARTESIAN_POINT('',(-75.4445857520809,-19.375,-51.));
#4999=CARTESIAN_POINT('',(-75.4445857520809,-26.25,-45.));
#5000=CARTESIAN_POINT('Origin',(-88.0000013113022,-23.75,-45.));
#5001=CARTESIAN_POINT('',(-90.0996925227927,-23.75,-51.));
#5002=CARTESIAN_POINT('',(-88.0000013113022,-23.75,-51.));
#5003=CARTESIAN_POINT('',(-87.004459282233,-23.75,-51.));
#5004=CARTESIAN_POINT('',(-88.0000013113022,-23.75,-45.));
#5005=CARTESIAN_POINT('',(-90.0996925227927,-23.75,-45.));
#5006=CARTESIAN_POINT('Origin',(-90.0996925227927,-23.75,-45.));
#5007=CARTESIAN_POINT('',(-90.0996925227927,-26.25,-51.));
#5008=CARTESIAN_POINT('',(-90.0996925227927,-19.375,-51.));
#5009=CARTESIAN_POINT('',(-90.0996925227927,-26.25,-45.));
#5010=CARTESIAN_POINT('Origin',(-33.6432478376646,-11.9,-45.));
#5011=CARTESIAN_POINT('',(-40.8601262025349,-24.4,-51.2));
#5012=CARTESIAN_POINT('Origin',(-90.0996925227927,-26.25,-45.));
#5013=CARTESIAN_POINT('',(-88.0000013113022,-26.25,-51.));
#5014=CARTESIAN_POINT('',(-88.0543048879782,-26.25,-51.));
#5015=CARTESIAN_POINT('',(-88.0000013113022,-26.25,-45.));
#5016=CARTESIAN_POINT('Origin',(-88.0000013113022,-26.25,-45.));
#5017=CARTESIAN_POINT('',(-88.0000013113022,-20.625,-51.));
#5018=CARTESIAN_POINT('Origin',(-75.4445857520809,-26.25,-45.));
#5019=CARTESIAN_POINT('',(-73.5074212885239,-26.25,-51.));
#5020=CARTESIAN_POINT('',(-80.7267515026223,-26.25,-51.));
#5021=CARTESIAN_POINT('',(-73.5074212885239,-26.25,-45.));
#5022=CARTESIAN_POINT('Origin',(-73.5074212885239,-26.25,-45.));
#5023=CARTESIAN_POINT('',(-73.5074212885239,-20.625,-51.));
#5024=CARTESIAN_POINT('Origin',(-94.1936144378476,-26.25,-45.));
#5025=CARTESIAN_POINT('',(-92.0000018230148,-26.25,-51.));
#5026=CARTESIAN_POINT('',(-90.1012658455057,-26.25,-51.));
#5027=CARTESIAN_POINT('',(-92.0000018230148,-26.25,-45.));
#5028=CARTESIAN_POINT('Origin',(-92.0000018230148,-26.25,-45.));
#5029=CARTESIAN_POINT('',(-92.0000018230148,-20.625,-51.));
#5030=CARTESIAN_POINT('Origin',(-79.802780019115,-26.25,-45.));
#5031=CARTESIAN_POINT('',(-77.5966748978077,-26.25,-51.));
#5032=CARTESIAN_POINT('',(-82.9058486361394,-26.25,-51.));
#5033=CARTESIAN_POINT('',(-77.5966748978077,-26.25,-45.));
#5034=CARTESIAN_POINT('Origin',(-77.5966748978077,-26.25,-45.));
#5035=CARTESIAN_POINT('',(-77.5966748978077,-20.625,-51.));
#5036=CARTESIAN_POINT('Origin',(-84.8592775169045,-26.25,-45.));
#5037=CARTESIAN_POINT('',(-82.843704783211,-26.25,-51.));
#5038=CARTESIAN_POINT('',(-85.4340973850342,-26.25,-51.));
#5039=CARTESIAN_POINT('',(-82.843704783211,-26.25,-45.));
#5040=CARTESIAN_POINT('Origin',(-82.843704783211,-26.25,-45.));
#5041=CARTESIAN_POINT('',(-82.843704783211,-20.625,-51.));
#5042=CARTESIAN_POINT('Origin',(-86.0089172531638,-15.,-51.));
#5043=CARTESIAN_POINT('',(-67.3074212885239,-17.55,-51.));
#5044=CARTESIAN_POINT('',(-100.393614437848,-17.55,-51.));
#5045=CARTESIAN_POINT('',(-79.7581692708439,-17.55,-51.));
#5046=CARTESIAN_POINT('',(-67.3074212885239,-32.45,-51.));
#5047=CARTESIAN_POINT('',(-67.3074212885239,-20.625,-51.));
#5048=CARTESIAN_POINT('',(-100.393614437848,-32.45,-51.));
#5049=CARTESIAN_POINT('',(-90.1012658455057,-32.45,-51.));
#5050=CARTESIAN_POINT('',(-100.393614437848,-19.375,-51.));
#5051=CARTESIAN_POINT('Origin',(-100.393614437848,-17.55,-215.));
#5052=CARTESIAN_POINT('',(-100.393614437848,-17.55,-51.2));
#5053=CARTESIAN_POINT('',(-100.393614437848,-32.45,-51.2));
#5054=CARTESIAN_POINT('',(-100.393614437848,-19.375,-51.2));
#5055=CARTESIAN_POINT('',(-100.393614437848,-17.55,-215.));
#5056=CARTESIAN_POINT('',(-100.393614437848,-32.45,-215.));
#5057=CARTESIAN_POINT('Origin',(-100.393614437848,-32.45,-215.));
#5058=CARTESIAN_POINT('',(-67.3074212885239,-32.45,-51.2));
#5059=CARTESIAN_POINT('',(-80.7267515026223,-32.45,-51.2));
#5060=CARTESIAN_POINT('',(-67.3074212885239,-32.45,-215.));
#5061=CARTESIAN_POINT('Origin',(-67.3074212885239,-17.55,-215.));
#5062=CARTESIAN_POINT('',(-67.3074212885239,-17.55,-51.2));
#5063=CARTESIAN_POINT('',(-89.0044595380893,-17.55,-51.2));
#5064=CARTESIAN_POINT('',(-67.3074212885239,-17.55,-215.));
#5065=CARTESIAN_POINT('Origin',(-67.3074212885239,-32.45,-215.));
#5066=CARTESIAN_POINT('',(-67.3074212885239,-20.625,-51.2));
#5067=CARTESIAN_POINT('Origin',(-86.0089172531638,-15.,-51.2));
#5068=CARTESIAN_POINT('',(0.,0.,0.));
#5069=CARTESIAN_POINT('',(0.,0.,0.));
#5070=UNCERTAINTY_MEASURE_WITH_UNIT(LENGTH_MEASURE(0.01),#5078,
'DISTANCE_ACCURACY_VALUE',
'Maximum model space distance between geometric entities at asserted c
onnectivities');
#5071=UNCERTAINTY_MEASURE_WITH_UNIT(LENGTH_MEASURE(0.01),#5078,
'DISTANCE_ACCURACY_VALUE',
'Maximum model space distance between geometric entities at asserted c
onnectivities');
#5072=UNCERTAINTY_MEASURE_WITH_UNIT(LENGTH_MEASURE(0.01),#5078,
'DISTANCE_ACCURACY_VALUE',
'Maximum model space distance between geometric entities at asserted c
onnectivities');
#5073=UNCERTAINTY_MEASURE_WITH_UNIT(LENGTH_MEASURE(0.01),#5078,
'DISTANCE_ACCURACY_VALUE',
'Maximum model space distance between geometric entities at asserted c
onnectivities');
#5074=(
GEOMETRIC_REPRESENTATION_CONTEXT(3)
GLOBAL_UNCERTAINTY_ASSIGNED_CONTEXT((#5070))
GLOBAL_UNIT_ASSIGNED_CONTEXT((#5078,#5080,#5081))
REPRESENTATION_CONTEXT('','3D')
);
#5075=(
GEOMETRIC_REPRESENTATION_CONTEXT(3)
GLOBAL_UNCERTAINTY_ASSIGNED_CONTEXT((#5071))
GLOBAL_UNIT_ASSIGNED_CONTEXT((#5078,#5080,#5081))
REPRESENTATION_CONTEXT('','3D')
);
#5076=(
GEOMETRIC_REPRESENTATION_CONTEXT(3)
GLOBAL_UNCERTAINTY_ASSIGNED_CONTEXT((#5072))
GLOBAL_UNIT_ASSIGNED_CONTEXT((#5078,#5080,#5081))
REPRESENTATION_CONTEXT('','3D')
);
#5077=(
GEOMETRIC_REPRESENTATION_CONTEXT(3)
GLOBAL_UNCERTAINTY_ASSIGNED_CONTEXT((#5073))
GLOBAL_UNIT_ASSIGNED_CONTEXT((#5078,#5080,#5081))
REPRESENTATION_CONTEXT('','3D')
);
#5078=(
LENGTH_UNIT()
NAMED_UNIT(*)
SI_UNIT(.MILLI.,.METRE.)
);
#5079=(
LENGTH_UNIT()
NAMED_UNIT(*)
SI_UNIT($,.METRE.)
);
#5080=(
NAMED_UNIT(*)
PLANE_ANGLE_UNIT()
SI_UNIT($,.RADIAN.)
);
#5081=(
NAMED_UNIT(*)
SI_UNIT($,.STERADIAN.)
SOLID_ANGLE_UNIT()
);
#5082=SHAPE_DEFINITION_REPRESENTATION(#5085,#5090);
#5083=SHAPE_DEFINITION_REPRESENTATION(#5086,#5091);
#5084=SHAPE_DEFINITION_REPRESENTATION(#5087,#5092);
#5085=PRODUCT_DEFINITION_SHAPE('',$,#5094);
#5086=PRODUCT_DEFINITION_SHAPE('',$,#5095);
#5087=PRODUCT_DEFINITION_SHAPE('',$,#5096);
#5088=PRODUCT_DEFINITION_SHAPE($,$,#17);
#5089=PRODUCT_DEFINITION_SHAPE($,$,#18);
#5090=SHAPE_REPRESENTATION('',(#3062,#3342),#5074);
#5091=SHAPE_REPRESENTATION('',(#3063,#3341),#5075);
#5092=SHAPE_REPRESENTATION('',(#3064),#5076);
#5093=PRODUCT_DEFINITION_CONTEXT('part definition',#5104,'design');
#5094=PRODUCT_DEFINITION('2025-12-08-00-33-07-883','Arm (1)',#5097,#5093);
#5095=PRODUCT_DEFINITION('2025-12-08-00-40-28-529','Arm',#5098,#5093);
#5096=PRODUCT_DEFINITION('2025-12-08-02-41-02-466','Forearm 1',#5099,#5093);
#5097=PRODUCT_DEFINITION_FORMATION('',$,#5106);
#5098=PRODUCT_DEFINITION_FORMATION('',$,#5107);
#5099=PRODUCT_DEFINITION_FORMATION('',$,#5108);
#5100=PRODUCT_RELATED_PRODUCT_CATEGORY('Arm (1)','Arm (1)',(#5106));
#5101=PRODUCT_RELATED_PRODUCT_CATEGORY('Arm','Arm',(#5107));
#5102=PRODUCT_RELATED_PRODUCT_CATEGORY('Forearm 1','Forearm 1',(#5108));
#5103=APPLICATION_PROTOCOL_DEFINITION('international standard',
'automotive_design',2009,#5104);
#5104=APPLICATION_CONTEXT(
'Core Data for Automotive Mechanical Design Process');
#5105=PRODUCT_CONTEXT('part definition',#5104,'mechanical');
#5106=PRODUCT('2025-12-08-00-33-07-883','Arm (1)',$,(#5105));
#5107=PRODUCT('2025-12-08-00-40-28-529','Arm',$,(#5105));
#5108=PRODUCT('2025-12-08-02-41-02-466','Forearm 1',$,(#5105));
#5109=PRESENTATION_STYLE_ASSIGNMENT((#5121));
#5110=PRESENTATION_STYLE_ASSIGNMENT((#5122));
#5111=PRESENTATION_STYLE_ASSIGNMENT((#5123));
#5112=PRESENTATION_STYLE_ASSIGNMENT((#5124));
#5113=PRESENTATION_STYLE_ASSIGNMENT((#5125));
#5114=PRESENTATION_STYLE_ASSIGNMENT((#5126));
#5115=PRESENTATION_STYLE_ASSIGNMENT((#5127));
#5116=PRESENTATION_STYLE_ASSIGNMENT((#5128));
#5117=PRESENTATION_STYLE_ASSIGNMENT((#5129));
#5118=PRESENTATION_STYLE_ASSIGNMENT((#5130));
#5119=PRESENTATION_STYLE_ASSIGNMENT((#5131));
#5120=PRESENTATION_STYLE_ASSIGNMENT((#5132));
#5121=SURFACE_STYLE_USAGE(.BOTH.,#5133);
#5122=SURFACE_STYLE_USAGE(.BOTH.,#5134);
#5123=SURFACE_STYLE_USAGE(.BOTH.,#5135);
#5124=SURFACE_STYLE_USAGE(.BOTH.,#5136);
#5125=SURFACE_STYLE_USAGE(.BOTH.,#5137);
#5126=SURFACE_STYLE_USAGE(.BOTH.,#5138);
#5127=SURFACE_STYLE_USAGE(.BOTH.,#5139);
#5128=SURFACE_STYLE_USAGE(.BOTH.,#5140);
#5129=SURFACE_STYLE_USAGE(.BOTH.,#5141);
#5130=SURFACE_STYLE_USAGE(.BOTH.,#5142);
#5131=SURFACE_STYLE_USAGE(.BOTH.,#5143);
#5132=SURFACE_STYLE_USAGE(.BOTH.,#5144);
#5133=SURFACE_SIDE_STYLE('',(#5145));
#5134=SURFACE_SIDE_STYLE('',(#5146));
#5135=SURFACE_SIDE_STYLE('',(#5147));
#5136=SURFACE_SIDE_STYLE('',(#5148));
#5137=SURFACE_SIDE_STYLE('',(#5149));
#5138=SURFACE_SIDE_STYLE('',(#5150));
#5139=SURFACE_SIDE_STYLE('',(#5151));
#5140=SURFACE_SIDE_STYLE('',(#5152));
#5141=SURFACE_SIDE_STYLE('',(#5153));
#5142=SURFACE_SIDE_STYLE('',(#5154));
#5143=SURFACE_SIDE_STYLE('',(#5155));
#5144=SURFACE_SIDE_STYLE('',(#5156));
#5145=SURFACE_STYLE_FILL_AREA(#5157);
#5146=SURFACE_STYLE_FILL_AREA(#5158);
#5147=SURFACE_STYLE_FILL_AREA(#5159);
#5148=SURFACE_STYLE_FILL_AREA(#5160);
#5149=SURFACE_STYLE_FILL_AREA(#5161);
#5150=SURFACE_STYLE_FILL_AREA(#5162);
#5151=SURFACE_STYLE_FILL_AREA(#5163);
#5152=SURFACE_STYLE_FILL_AREA(#5164);
#5153=SURFACE_STYLE_FILL_AREA(#5165);
#5154=SURFACE_STYLE_FILL_AREA(#5166);
#5155=SURFACE_STYLE_FILL_AREA(#5167);
#5156=SURFACE_STYLE_FILL_AREA(#5168);
#5157=FILL_AREA_STYLE('Steel - Satin',(#5169));
#5158=FILL_AREA_STYLE('Plastic - Matte (Black)',(#5170));
#5159=FILL_AREA_STYLE('Aluminum - Satin',(#5171));
#5160=FILL_AREA_STYLE('Aluminum - Polished',(#5172));
#5161=FILL_AREA_STYLE('Paek (Beige)',(#5173));
#5162=FILL_AREA_STYLE('Copper - Patina',(#5174));
#5163=FILL_AREA_STYLE('Plastic - Matte (Yellow)',(#5175));
#5164=FILL_AREA_STYLE('Plastic - Matte (Red)',(#5176));
#5165=FILL_AREA_STYLE('Stainless Steel - Polished',(#5177));
#5166=FILL_AREA_STYLE('Plastic - Matte (Green)',(#5178));
#5167=FILL_AREA_STYLE('Plastic - Matte (Blue)',(#5179));
#5168=FILL_AREA_STYLE('Opaque(64,64,64)',(#5180));
#5169=FILL_AREA_STYLE_COLOUR('Steel - Satin',#5181);
#5170=FILL_AREA_STYLE_COLOUR('Plastic - Matte (Black)',#5182);
#5171=FILL_AREA_STYLE_COLOUR('Aluminum - Satin',#5183);
#5172=FILL_AREA_STYLE_COLOUR('Aluminum - Polished',#5184);
#5173=FILL_AREA_STYLE_COLOUR('Paek (Beige)',#5185);
#5174=FILL_AREA_STYLE_COLOUR('Copper - Patina',#5186);
#5175=FILL_AREA_STYLE_COLOUR('Plastic - Matte (Yellow)',#5187);
#5176=FILL_AREA_STYLE_COLOUR('Plastic - Matte (Red)',#5188);
#5177=FILL_AREA_STYLE_COLOUR('Stainless Steel - Polished',#5189);
#5178=FILL_AREA_STYLE_COLOUR('Plastic - Matte (Green)',#5190);
#5179=FILL_AREA_STYLE_COLOUR('Plastic - Matte (Blue)',#5191);
#5180=FILL_AREA_STYLE_COLOUR('Opaque(64,64,64)',#5192);
#5181=COLOUR_RGB('Steel - Satin',0.627450980392157,0.627450980392157,0.627450980392157);
#5182=COLOUR_RGB('Plastic - Matte (Black)',0.0980392156862745,0.0980392156862745,
0.0980392156862745);
#5183=COLOUR_RGB('Aluminum - Satin',0.96078431372549,0.96078431372549,0.964705882352941);
#5184=COLOUR_RGB('Aluminum - Polished',0.96078431372549,0.96078431372549,
0.964705882352941);
#5185=COLOUR_RGB('Paek (Beige)',0.898039215686275,0.792156862745098,0.619607843137255);
#5186=COLOUR_RGB('Copper - Patina',0.929411764705882,0.807843137254902,
0.764705882352941);
#5187=COLOUR_RGB('Plastic - Matte (Yellow)',0.909803921568627,0.67843137254902,
0.137254901960784);
#5188=COLOUR_RGB('Plastic - Matte (Red)',0.768627450980392,0.207843137254902,
0.152941176470588);
#5189=COLOUR_RGB('Stainless Steel - Polished',0.796078431372549,0.796078431372549,
0.796078431372549);
#5190=COLOUR_RGB('Plastic - Matte (Green)',0.266666666666667,0.588235294117647,
0.282352941176471);
#5191=COLOUR_RGB('Plastic - Matte (Blue)',0.188235294117647,0.231372549019608,
0.588235294117647);
#5192=COLOUR_RGB('Opaque(64,64,64)',0.250980392156863,0.250980392156863,
0.250980392156863);
ENDSEC;
END-ISO-10303-21;
