ISO-10303-21;
HEADER;
/* Generated by software containing ST-Developer
 * from STEP Tools, Inc. (www.steptools.com) 
 */

FILE_DESCRIPTION(
/* description */ (''),
/* implementation_level */ '2;1');

FILE_NAME(
/* name */ 'Lid.step',
/* time_stamp */ '2026-01-29T12:08:04Z',
/* author */ (''),
/* organization */ (''),
/* preprocessor_version */ 'ST-DEVELOPER v20.1',
/* originating_system */ 'Autodesk Translation Framework v14.24.0.0',
/* authorisation */ '');

FILE_SCHEMA (('AUTOMOTIVE_DESIGN { 1 0 10303 214 3 1 1 }'));
ENDSEC;

DATA;
#10=MECHANICAL_DESIGN_GEOMETRIC_PRESENTATION_REPRESENTATION('',(#21),#2158);
#11=ITEM_DEFINED_TRANSFORMATION($,$,#1269,#1408);
#12=ITEM_DEFINED_TRANSFORMATION($,$,#1268,#1409);
#13=(
REPRESENTATION_RELATIONSHIP($,$,#2173,#2172)
REPRESENTATION_RELATIONSHIP_WITH_TRANSFORMATION(#11)
SHAPE_REPRESENTATION_RELATIONSHIP()
);
#14=(
REPRESENTATION_RELATIONSHIP($,$,#2172,#2171)
REPRESENTATION_RELATIONSHIP_WITH_TRANSFORMATION(#12)
SHAPE_REPRESENTATION_RELATIONSHIP()
);
#15=CONTEXT_DEPENDENT_SHAPE_REPRESENTATION(#13,#2169);
#16=CONTEXT_DEPENDENT_SHAPE_REPRESENTATION(#14,#2170);
#17=NEXT_ASSEMBLY_USAGE_OCCURRENCE('Lid:1','Lid:1','Lid:1',#2176,#2177,
'Lid:1');
#18=NEXT_ASSEMBLY_USAGE_OCCURRENCE('Arm:1','Arm:1','Arm:1',#2175,#2176,
'Arm:1');
#19=SHAPE_REPRESENTATION_RELATIONSHIP('SRR','None',#2173,#20);
#20=ADVANCED_BREP_SHAPE_REPRESENTATION('',(#22),#2157);
#21=STYLED_ITEM('',(#2191),#22);
#22=MANIFOLD_SOLID_BREP('Body1',#1254);
#23=CYLINDRICAL_SURFACE('',#1309,2.55);
#24=CYLINDRICAL_SURFACE('',#1312,2.55000000000001);
#25=CYLINDRICAL_SURFACE('',#1315,2.55);
#26=CYLINDRICAL_SURFACE('',#1318,2.55000000000001);
#27=CYLINDRICAL_SURFACE('',#1321,2.55000000000001);
#28=CYLINDRICAL_SURFACE('',#1324,2.55);
#29=CYLINDRICAL_SURFACE('',#1327,2.55000000000001);
#30=CYLINDRICAL_SURFACE('',#1330,2.55000000000001);
#31=CYLINDRICAL_SURFACE('',#1333,2.55);
#32=CYLINDRICAL_SURFACE('',#1336,2.55000000000001);
#33=CYLINDRICAL_SURFACE('',#1339,2.55000000000001);
#34=CYLINDRICAL_SURFACE('',#1342,2.55);
#35=CYLINDRICAL_SURFACE('',#1345,2.55000000000001);
#36=CYLINDRICAL_SURFACE('',#1348,2.55);
#37=CYLINDRICAL_SURFACE('',#1351,2.55);
#38=CYLINDRICAL_SURFACE('',#1354,2.55000000000001);
#39=CYLINDRICAL_SURFACE('',#1357,2.55000000000001);
#40=CYLINDRICAL_SURFACE('',#1360,2.55);
#41=CYLINDRICAL_SURFACE('',#1363,2.55);
#42=CYLINDRICAL_SURFACE('',#1366,2.55000000000001);
#43=CYLINDRICAL_SURFACE('',#1369,2.55000000000001);
#44=CYLINDRICAL_SURFACE('',#1372,2.55);
#45=CYLINDRICAL_SURFACE('',#1375,2.55000000000001);
#46=CYLINDRICAL_SURFACE('',#1378,2.55000000000001);
#47=CYLINDRICAL_SURFACE('',#1381,2.55000000000001);
#48=CYLINDRICAL_SURFACE('',#1384,2.55);
#49=CYLINDRICAL_SURFACE('',#1387,2.55);
#50=CYLINDRICAL_SURFACE('',#1390,2.55000000000001);
#51=FACE_BOUND('',#221,.T.);
#52=FACE_BOUND('',#222,.T.);
#53=FACE_BOUND('',#223,.T.);
#54=FACE_BOUND('',#224,.T.);
#55=FACE_BOUND('',#225,.T.);
#56=FACE_BOUND('',#226,.T.);
#57=FACE_BOUND('',#227,.T.);
#58=FACE_BOUND('',#228,.T.);
#59=FACE_BOUND('',#229,.T.);
#60=FACE_BOUND('',#230,.T.);
#61=FACE_BOUND('',#231,.T.);
#62=FACE_BOUND('',#234,.T.);
#63=FACE_BOUND('',#235,.T.);
#64=FACE_BOUND('',#236,.T.);
#65=FACE_BOUND('',#237,.T.);
#66=FACE_BOUND('',#238,.T.);
#67=FACE_BOUND('',#239,.T.);
#68=FACE_BOUND('',#240,.T.);
#69=FACE_BOUND('',#241,.T.);
#70=FACE_BOUND('',#242,.T.);
#71=FACE_BOUND('',#243,.T.);
#72=FACE_BOUND('',#244,.T.);
#73=FACE_BOUND('',#245,.T.);
#74=FACE_BOUND('',#246,.T.);
#75=FACE_BOUND('',#247,.T.);
#76=FACE_BOUND('',#248,.T.);
#77=FACE_BOUND('',#249,.T.);
#78=FACE_BOUND('',#250,.T.);
#79=FACE_BOUND('',#328,.T.);
#80=CIRCLE('',#1273,2.55000000000001);
#81=CIRCLE('',#1274,2.55);
#82=CIRCLE('',#1275,2.55);
#83=CIRCLE('',#1276,2.55);
#84=CIRCLE('',#1277,2.55000000000001);
#85=CIRCLE('',#1278,2.55000000000001);
#86=CIRCLE('',#1279,2.55);
#87=CIRCLE('',#1280,2.55000000000001);
#88=CIRCLE('',#1281,2.55000000000001);
#89=CIRCLE('',#1282,2.55);
#90=CIRCLE('',#1283,2.55000000000001);
#91=CIRCLE('',#1284,2.55000000000001);
#92=CIRCLE('',#1287,2.55000000000001);
#93=CIRCLE('',#1288,2.55);
#94=CIRCLE('',#1289,2.55);
#95=CIRCLE('',#1290,2.55000000000001);
#96=CIRCLE('',#1291,2.55000000000001);
#97=CIRCLE('',#1292,2.55);
#98=CIRCLE('',#1293,2.55);
#99=CIRCLE('',#1294,2.55000000000001);
#100=CIRCLE('',#1295,2.55000000000001);
#101=CIRCLE('',#1296,2.55);
#102=CIRCLE('',#1297,2.55000000000001);
#103=CIRCLE('',#1298,2.55000000000001);
#104=CIRCLE('',#1299,2.55000000000001);
#105=CIRCLE('',#1300,2.55);
#106=CIRCLE('',#1301,2.55);
#107=CIRCLE('',#1302,2.55000000000001);
#108=CIRCLE('',#1310,2.55);
#109=CIRCLE('',#1313,2.55000000000001);
#110=CIRCLE('',#1316,2.55);
#111=CIRCLE('',#1319,2.55000000000001);
#112=CIRCLE('',#1322,2.55000000000001);
#113=CIRCLE('',#1325,2.55);
#114=CIRCLE('',#1328,2.55000000000001);
#115=CIRCLE('',#1331,2.55000000000001);
#116=CIRCLE('',#1334,2.55);
#117=CIRCLE('',#1337,2.55000000000001);
#118=CIRCLE('',#1340,2.55000000000001);
#119=CIRCLE('',#1343,2.55);
#120=CIRCLE('',#1346,2.55000000000001);
#121=CIRCLE('',#1349,2.55);
#122=CIRCLE('',#1352,2.55);
#123=CIRCLE('',#1355,2.55000000000001);
#124=CIRCLE('',#1358,2.55000000000001);
#125=CIRCLE('',#1361,2.55);
#126=CIRCLE('',#1364,2.55);
#127=CIRCLE('',#1367,2.55000000000001);
#128=CIRCLE('',#1370,2.55000000000001);
#129=CIRCLE('',#1373,2.55);
#130=CIRCLE('',#1376,2.55000000000001);
#131=CIRCLE('',#1379,2.55000000000001);
#132=CIRCLE('',#1382,2.55000000000001);
#133=CIRCLE('',#1385,2.55);
#134=CIRCLE('',#1388,2.55);
#135=CIRCLE('',#1391,2.55000000000001);
#136=FACE_OUTER_BOUND('',#218,.T.);
#137=FACE_OUTER_BOUND('',#219,.T.);
#138=FACE_OUTER_BOUND('',#220,.T.);
#139=FACE_OUTER_BOUND('',#232,.T.);
#140=FACE_OUTER_BOUND('',#233,.T.);
#141=FACE_OUTER_BOUND('',#251,.T.);
#142=FACE_OUTER_BOUND('',#252,.T.);
#143=FACE_OUTER_BOUND('',#253,.T.);
#144=FACE_OUTER_BOUND('',#254,.T.);
#145=FACE_OUTER_BOUND('',#255,.T.);
#146=FACE_OUTER_BOUND('',#256,.T.);
#147=FACE_OUTER_BOUND('',#257,.T.);
#148=FACE_OUTER_BOUND('',#258,.T.);
#149=FACE_OUTER_BOUND('',#259,.T.);
#150=FACE_OUTER_BOUND('',#260,.T.);
#151=FACE_OUTER_BOUND('',#261,.T.);
#152=FACE_OUTER_BOUND('',#262,.T.);
#153=FACE_OUTER_BOUND('',#263,.T.);
#154=FACE_OUTER_BOUND('',#264,.T.);
#155=FACE_OUTER_BOUND('',#265,.T.);
#156=FACE_OUTER_BOUND('',#266,.T.);
#157=FACE_OUTER_BOUND('',#267,.T.);
#158=FACE_OUTER_BOUND('',#268,.T.);
#159=FACE_OUTER_BOUND('',#269,.T.);
#160=FACE_OUTER_BOUND('',#270,.T.);
#161=FACE_OUTER_BOUND('',#271,.T.);
#162=FACE_OUTER_BOUND('',#272,.T.);
#163=FACE_OUTER_BOUND('',#273,.T.);
#164=FACE_OUTER_BOUND('',#274,.T.);
#165=FACE_OUTER_BOUND('',#275,.T.);
#166=FACE_OUTER_BOUND('',#276,.T.);
#167=FACE_OUTER_BOUND('',#277,.T.);
#168=FACE_OUTER_BOUND('',#278,.T.);
#169=FACE_OUTER_BOUND('',#279,.T.);
#170=FACE_OUTER_BOUND('',#280,.T.);
#171=FACE_OUTER_BOUND('',#281,.T.);
#172=FACE_OUTER_BOUND('',#282,.T.);
#173=FACE_OUTER_BOUND('',#283,.T.);
#174=FACE_OUTER_BOUND('',#284,.T.);
#175=FACE_OUTER_BOUND('',#285,.T.);
#176=FACE_OUTER_BOUND('',#286,.T.);
#177=FACE_OUTER_BOUND('',#287,.T.);
#178=FACE_OUTER_BOUND('',#288,.T.);
#179=FACE_OUTER_BOUND('',#289,.T.);
#180=FACE_OUTER_BOUND('',#290,.T.);
#181=FACE_OUTER_BOUND('',#291,.T.);
#182=FACE_OUTER_BOUND('',#292,.T.);
#183=FACE_OUTER_BOUND('',#293,.T.);
#184=FACE_OUTER_BOUND('',#294,.T.);
#185=FACE_OUTER_BOUND('',#295,.T.);
#186=FACE_OUTER_BOUND('',#296,.T.);
#187=FACE_OUTER_BOUND('',#297,.T.);
#188=FACE_OUTER_BOUND('',#298,.T.);
#189=FACE_OUTER_BOUND('',#299,.T.);
#190=FACE_OUTER_BOUND('',#300,.T.);
#191=FACE_OUTER_BOUND('',#301,.T.);
#192=FACE_OUTER_BOUND('',#302,.T.);
#193=FACE_OUTER_BOUND('',#303,.T.);
#194=FACE_OUTER_BOUND('',#304,.T.);
#195=FACE_OUTER_BOUND('',#305,.T.);
#196=FACE_OUTER_BOUND('',#306,.T.);
#197=FACE_OUTER_BOUND('',#307,.T.);
#198=FACE_OUTER_BOUND('',#308,.T.);
#199=FACE_OUTER_BOUND('',#309,.T.);
#200=FACE_OUTER_BOUND('',#310,.T.);
#201=FACE_OUTER_BOUND('',#311,.T.);
#202=FACE_OUTER_BOUND('',#312,.T.);
#203=FACE_OUTER_BOUND('',#313,.T.);
#204=FACE_OUTER_BOUND('',#314,.T.);
#205=FACE_OUTER_BOUND('',#315,.T.);
#206=FACE_OUTER_BOUND('',#316,.T.);
#207=FACE_OUTER_BOUND('',#317,.T.);
#208=FACE_OUTER_BOUND('',#318,.T.);
#209=FACE_OUTER_BOUND('',#319,.T.);
#210=FACE_OUTER_BOUND('',#320,.T.);
#211=FACE_OUTER_BOUND('',#321,.T.);
#212=FACE_OUTER_BOUND('',#322,.T.);
#213=FACE_OUTER_BOUND('',#323,.T.);
#214=FACE_OUTER_BOUND('',#324,.T.);
#215=FACE_OUTER_BOUND('',#325,.T.);
#216=FACE_OUTER_BOUND('',#326,.T.);
#217=FACE_OUTER_BOUND('',#327,.T.);
#218=EDGE_LOOP('',(#800,#801,#802,#803));
#219=EDGE_LOOP('',(#804,#805,#806,#807));
#220=EDGE_LOOP('',(#808,#809,#810,#811,#812,#813,#814,#815,#816,#817,#818,
#819,#820));
#221=EDGE_LOOP('',(#821));
#222=EDGE_LOOP('',(#822));
#223=EDGE_LOOP('',(#823));
#224=EDGE_LOOP('',(#824));
#225=EDGE_LOOP('',(#825));
#226=EDGE_LOOP('',(#826));
#227=EDGE_LOOP('',(#827));
#228=EDGE_LOOP('',(#828));
#229=EDGE_LOOP('',(#829));
#230=EDGE_LOOP('',(#830));
#231=EDGE_LOOP('',(#831,#832,#833,#834,#835,#836));
#232=EDGE_LOOP('',(#837,#838,#839,#840,#841,#842));
#233=EDGE_LOOP('',(#843,#844,#845,#846,#847,#848,#849,#850,#851,#852,#853));
#234=EDGE_LOOP('',(#854));
#235=EDGE_LOOP('',(#855));
#236=EDGE_LOOP('',(#856));
#237=EDGE_LOOP('',(#857));
#238=EDGE_LOOP('',(#858));
#239=EDGE_LOOP('',(#859));
#240=EDGE_LOOP('',(#860));
#241=EDGE_LOOP('',(#861));
#242=EDGE_LOOP('',(#862));
#243=EDGE_LOOP('',(#863));
#244=EDGE_LOOP('',(#864));
#245=EDGE_LOOP('',(#865));
#246=EDGE_LOOP('',(#866));
#247=EDGE_LOOP('',(#867));
#248=EDGE_LOOP('',(#868));
#249=EDGE_LOOP('',(#869));
#250=EDGE_LOOP('',(#870,#871,#872,#873,#874,#875));
#251=EDGE_LOOP('',(#876,#877,#878,#879));
#252=EDGE_LOOP('',(#880,#881,#882,#883,#884,#885));
#253=EDGE_LOOP('',(#886,#887,#888,#889,#890,#891));
#254=EDGE_LOOP('',(#892,#893,#894,#895));
#255=EDGE_LOOP('',(#896,#897,#898,#899));
#256=EDGE_LOOP('',(#900,#901,#902,#903));
#257=EDGE_LOOP('',(#904,#905,#906,#907));
#258=EDGE_LOOP('',(#908));
#259=EDGE_LOOP('',(#909,#910,#911,#912));
#260=EDGE_LOOP('',(#913,#914,#915));
#261=EDGE_LOOP('',(#916,#917,#918,#919));
#262=EDGE_LOOP('',(#920));
#263=EDGE_LOOP('',(#921,#922,#923,#924));
#264=EDGE_LOOP('',(#925));
#265=EDGE_LOOP('',(#926,#927,#928,#929));
#266=EDGE_LOOP('',(#930));
#267=EDGE_LOOP('',(#931,#932,#933,#934));
#268=EDGE_LOOP('',(#935));
#269=EDGE_LOOP('',(#936,#937,#938,#939));
#270=EDGE_LOOP('',(#940));
#271=EDGE_LOOP('',(#941,#942,#943,#944));
#272=EDGE_LOOP('',(#945));
#273=EDGE_LOOP('',(#946,#947,#948,#949));
#274=EDGE_LOOP('',(#950));
#275=EDGE_LOOP('',(#951,#952,#953,#954));
#276=EDGE_LOOP('',(#955));
#277=EDGE_LOOP('',(#956,#957,#958,#959));
#278=EDGE_LOOP('',(#960));
#279=EDGE_LOOP('',(#961,#962,#963,#964));
#280=EDGE_LOOP('',(#965,#966,#967));
#281=EDGE_LOOP('',(#968,#969,#970,#971));
#282=EDGE_LOOP('',(#972));
#283=EDGE_LOOP('',(#973,#974,#975,#976));
#284=EDGE_LOOP('',(#977));
#285=EDGE_LOOP('',(#978,#979,#980,#981));
#286=EDGE_LOOP('',(#982));
#287=EDGE_LOOP('',(#983,#984,#985,#986));
#288=EDGE_LOOP('',(#987));
#289=EDGE_LOOP('',(#988,#989,#990,#991));
#290=EDGE_LOOP('',(#992));
#291=EDGE_LOOP('',(#993,#994,#995,#996));
#292=EDGE_LOOP('',(#997));
#293=EDGE_LOOP('',(#998,#999,#1000,#1001));
#294=EDGE_LOOP('',(#1002));
#295=EDGE_LOOP('',(#1003,#1004,#1005,#1006));
#296=EDGE_LOOP('',(#1007));
#297=EDGE_LOOP('',(#1008,#1009,#1010,#1011));
#298=EDGE_LOOP('',(#1012));
#299=EDGE_LOOP('',(#1013,#1014,#1015,#1016));
#300=EDGE_LOOP('',(#1017));
#301=EDGE_LOOP('',(#1018,#1019,#1020,#1021));
#302=EDGE_LOOP('',(#1022));
#303=EDGE_LOOP('',(#1023,#1024,#1025,#1026));
#304=EDGE_LOOP('',(#1027));
#305=EDGE_LOOP('',(#1028,#1029,#1030,#1031));
#306=EDGE_LOOP('',(#1032));
#307=EDGE_LOOP('',(#1033,#1034,#1035,#1036));
#308=EDGE_LOOP('',(#1037));
#309=EDGE_LOOP('',(#1038,#1039,#1040,#1041));
#310=EDGE_LOOP('',(#1042));
#311=EDGE_LOOP('',(#1043,#1044,#1045,#1046));
#312=EDGE_LOOP('',(#1047));
#313=EDGE_LOOP('',(#1048,#1049,#1050,#1051));
#314=EDGE_LOOP('',(#1052,#1053,#1054,#1055,#1056,#1057));
#315=EDGE_LOOP('',(#1058,#1059,#1060,#1061));
#316=EDGE_LOOP('',(#1062,#1063,#1064,#1065));
#317=EDGE_LOOP('',(#1066,#1067,#1068,#1069));
#318=EDGE_LOOP('',(#1070,#1071,#1072,#1073));
#319=EDGE_LOOP('',(#1074,#1075,#1076,#1077));
#320=EDGE_LOOP('',(#1078,#1079,#1080,#1081));
#321=EDGE_LOOP('',(#1082,#1083,#1084,#1085));
#322=EDGE_LOOP('',(#1086,#1087,#1088,#1089));
#323=EDGE_LOOP('',(#1090,#1091,#1092,#1093));
#324=EDGE_LOOP('',(#1094,#1095,#1096,#1097));
#325=EDGE_LOOP('',(#1098,#1099,#1100,#1101));
#326=EDGE_LOOP('',(#1102,#1103,#1104,#1105));
#327=EDGE_LOOP('',(#1106,#1107,#1108,#1109,#1110,#1111));
#328=EDGE_LOOP('',(#1112,#1113,#1114,#1115,#1116,#1117));
#329=LINE('',#1805,#432);
#330=LINE('',#1807,#433);
#331=LINE('',#1809,#434);
#332=LINE('',#1810,#435);
#333=LINE('',#1813,#436);
#334=LINE('',#1815,#437);
#335=LINE('',#1816,#438);
#336=LINE('',#1819,#439);
#337=LINE('',#1821,#440);
#338=LINE('',#1823,#441);
#339=LINE('',#1825,#442);
#340=LINE('',#1829,#443);
#341=LINE('',#1831,#444);
#342=LINE('',#1833,#445);
#343=LINE('',#1835,#446);
#344=LINE('',#1838,#447);
#345=LINE('',#1861,#448);
#346=LINE('',#1863,#449);
#347=LINE('',#1865,#450);
#348=LINE('',#1867,#451);
#349=LINE('',#1869,#452);
#350=LINE('',#1870,#453);
#351=LINE('',#1873,#454);
#352=LINE('',#1875,#455);
#353=LINE('',#1877,#456);
#354=LINE('',#1878,#457);
#355=LINE('',#1881,#458);
#356=LINE('',#1883,#459);
#357=LINE('',#1885,#460);
#358=LINE('',#1887,#461);
#359=LINE('',#1889,#462);
#360=LINE('',#1891,#463);
#361=LINE('',#1893,#464);
#362=LINE('',#1894,#465);
#363=LINE('',#1929,#466);
#364=LINE('',#1931,#467);
#365=LINE('',#1933,#468);
#366=LINE('',#1935,#469);
#367=LINE('',#1937,#470);
#368=LINE('',#1938,#471);
#369=LINE('',#1940,#472);
#370=LINE('',#1941,#473);
#371=LINE('',#1944,#474);
#372=LINE('',#1946,#475);
#373=LINE('',#1947,#476);
#374=LINE('',#1950,#477);
#375=LINE('',#1951,#478);
#376=LINE('',#1952,#479);
#377=LINE('',#1954,#480);
#378=LINE('',#1956,#481);
#379=LINE('',#1960,#482);
#380=LINE('',#1968,#483);
#381=LINE('',#1973,#484);
#382=LINE('',#1978,#485);
#383=LINE('',#1983,#486);
#384=LINE('',#1988,#487);
#385=LINE('',#1993,#488);
#386=LINE('',#1998,#489);
#387=LINE('',#2003,#490);
#388=LINE('',#2008,#491);
#389=LINE('',#2013,#492);
#390=LINE('',#2016,#493);
#391=LINE('',#2019,#494);
#392=LINE('',#2024,#495);
#393=LINE('',#2029,#496);
#394=LINE('',#2034,#497);
#395=LINE('',#2039,#498);
#396=LINE('',#2044,#499);
#397=LINE('',#2049,#500);
#398=LINE('',#2054,#501);
#399=LINE('',#2059,#502);
#400=LINE('',#2064,#503);
#401=LINE('',#2069,#504);
#402=LINE('',#2074,#505);
#403=LINE('',#2079,#506);
#404=LINE('',#2084,#507);
#405=LINE('',#2089,#508);
#406=LINE('',#2094,#509);
#407=LINE('',#2098,#510);
#408=LINE('',#2103,#511);
#409=LINE('',#2104,#512);
#410=LINE('',#2105,#513);
#411=LINE('',#2108,#514);
#412=LINE('',#2109,#515);
#413=LINE('',#2112,#516);
#414=LINE('',#2113,#517);
#415=LINE('',#2116,#518);
#416=LINE('',#2117,#519);
#417=LINE('',#2120,#520);
#418=LINE('',#2121,#521);
#419=LINE('',#2123,#522);
#420=LINE('',#2126,#523);
#421=LINE('',#2128,#524);
#422=LINE('',#2129,#525);
#423=LINE('',#2132,#526);
#424=LINE('',#2133,#527);
#425=LINE('',#2136,#528);
#426=LINE('',#2137,#529);
#427=LINE('',#2140,#530);
#428=LINE('',#2141,#531);
#429=LINE('',#2144,#532);
#430=LINE('',#2145,#533);
#431=LINE('',#2147,#534);
#432=VECTOR('',#1418,10.);
#433=VECTOR('',#1419,10.);
#434=VECTOR('',#1420,10.);
#435=VECTOR('',#1421,10.);
#436=VECTOR('',#1424,10.);
#437=VECTOR('',#1425,10.);
#438=VECTOR('',#1426,10.);
#439=VECTOR('',#1429,10.);
#440=VECTOR('',#1430,10.);
#441=VECTOR('',#1431,10.);
#442=VECTOR('',#1432,10.);
#443=VECTOR('',#1435,10.);
#444=VECTOR('',#1436,10.);
#445=VECTOR('',#1437,10.);
#446=VECTOR('',#1438,10.);
#447=VECTOR('',#1441,10.);
#448=VECTOR('',#1462,10.);
#449=VECTOR('',#1463,10.);
#450=VECTOR('',#1464,10.);
#451=VECTOR('',#1465,10.);
#452=VECTOR('',#1466,10.);
#453=VECTOR('',#1467,10.);
#454=VECTOR('',#1470,10.);
#455=VECTOR('',#1471,10.);
#456=VECTOR('',#1472,10.);
#457=VECTOR('',#1473,10.);
#458=VECTOR('',#1476,10.);
#459=VECTOR('',#1477,10.);
#460=VECTOR('',#1478,10.);
#461=VECTOR('',#1479,10.);
#462=VECTOR('',#1480,10.);
#463=VECTOR('',#1481,10.);
#464=VECTOR('',#1482,10.);
#465=VECTOR('',#1483,10.);
#466=VECTOR('',#1516,10.);
#467=VECTOR('',#1517,10.);
#468=VECTOR('',#1518,10.);
#469=VECTOR('',#1519,10.);
#470=VECTOR('',#1520,10.);
#471=VECTOR('',#1521,10.);
#472=VECTOR('',#1524,10.);
#473=VECTOR('',#1525,10.);
#474=VECTOR('',#1528,10.);
#475=VECTOR('',#1529,10.);
#476=VECTOR('',#1530,10.);
#477=VECTOR('',#1533,10.);
#478=VECTOR('',#1534,10.);
#479=VECTOR('',#1535,10.);
#480=VECTOR('',#1538,10.);
#481=VECTOR('',#1541,10.);
#482=VECTOR('',#1546,2.55);
#483=VECTOR('',#1559,2.55);
#484=VECTOR('',#1566,2.55000000000001);
#485=VECTOR('',#1573,2.55000000000001);
#486=VECTOR('',#1580,2.55);
#487=VECTOR('',#1587,2.55000000000001);
#488=VECTOR('',#1594,2.55000000000001);
#489=VECTOR('',#1601,2.55);
#490=VECTOR('',#1608,2.55000000000001);
#491=VECTOR('',#1615,2.55000000000001);
#492=VECTOR('',#1622,10.);
#493=VECTOR('',#1627,10.);
#494=VECTOR('',#1630,2.55000000000001);
#495=VECTOR('',#1637,2.55);
#496=VECTOR('',#1644,2.55);
#497=VECTOR('',#1651,2.55000000000001);
#498=VECTOR('',#1658,2.55000000000001);
#499=VECTOR('',#1665,2.55);
#500=VECTOR('',#1672,2.55);
#501=VECTOR('',#1679,2.55000000000001);
#502=VECTOR('',#1686,2.55000000000001);
#503=VECTOR('',#1693,2.55);
#504=VECTOR('',#1700,2.55000000000001);
#505=VECTOR('',#1707,2.55000000000001);
#506=VECTOR('',#1714,2.55000000000001);
#507=VECTOR('',#1721,2.55);
#508=VECTOR('',#1728,2.55);
#509=VECTOR('',#1735,2.55000000000001);
#510=VECTOR('',#1742,10.);
#511=VECTOR('',#1747,10.);
#512=VECTOR('',#1748,10.);
#513=VECTOR('',#1749,10.);
#514=VECTOR('',#1752,10.);
#515=VECTOR('',#1753,10.);
#516=VECTOR('',#1756,10.);
#517=VECTOR('',#1757,10.);
#518=VECTOR('',#1760,10.);
#519=VECTOR('',#1761,10.);
#520=VECTOR('',#1764,10.);
#521=VECTOR('',#1765,10.);
#522=VECTOR('',#1768,10.);
#523=VECTOR('',#1771,10.);
#524=VECTOR('',#1772,10.);
#525=VECTOR('',#1773,10.);
#526=VECTOR('',#1776,10.);
#527=VECTOR('',#1777,10.);
#528=VECTOR('',#1780,10.);
#529=VECTOR('',#1781,10.);
#530=VECTOR('',#1784,10.);
#531=VECTOR('',#1785,10.);
#532=VECTOR('',#1788,10.);
#533=VECTOR('',#1789,10.);
#534=VECTOR('',#1792,10.);
#535=VERTEX_POINT('',#1803);
#536=VERTEX_POINT('',#1804);
#537=VERTEX_POINT('',#1806);
#538=VERTEX_POINT('',#1808);
#539=VERTEX_POINT('',#1812);
#540=VERTEX_POINT('',#1814);
#541=VERTEX_POINT('',#1818);
#542=VERTEX_POINT('',#1820);
#543=VERTEX_POINT('',#1822);
#544=VERTEX_POINT('',#1824);
#545=VERTEX_POINT('',#1826);
#546=VERTEX_POINT('',#1828);
#547=VERTEX_POINT('',#1830);
#548=VERTEX_POINT('',#1832);
#549=VERTEX_POINT('',#1834);
#550=VERTEX_POINT('',#1836);
#551=VERTEX_POINT('',#1839);
#552=VERTEX_POINT('',#1841);
#553=VERTEX_POINT('',#1843);
#554=VERTEX_POINT('',#1845);
#555=VERTEX_POINT('',#1847);
#556=VERTEX_POINT('',#1849);
#557=VERTEX_POINT('',#1851);
#558=VERTEX_POINT('',#1853);
#559=VERTEX_POINT('',#1855);
#560=VERTEX_POINT('',#1857);
#561=VERTEX_POINT('',#1859);
#562=VERTEX_POINT('',#1860);
#563=VERTEX_POINT('',#1862);
#564=VERTEX_POINT('',#1864);
#565=VERTEX_POINT('',#1866);
#566=VERTEX_POINT('',#1868);
#567=VERTEX_POINT('',#1872);
#568=VERTEX_POINT('',#1874);
#569=VERTEX_POINT('',#1876);
#570=VERTEX_POINT('',#1880);
#571=VERTEX_POINT('',#1882);
#572=VERTEX_POINT('',#1884);
#573=VERTEX_POINT('',#1886);
#574=VERTEX_POINT('',#1888);
#575=VERTEX_POINT('',#1890);
#576=VERTEX_POINT('',#1892);
#577=VERTEX_POINT('',#1895);
#578=VERTEX_POINT('',#1897);
#579=VERTEX_POINT('',#1899);
#580=VERTEX_POINT('',#1901);
#581=VERTEX_POINT('',#1903);
#582=VERTEX_POINT('',#1905);
#583=VERTEX_POINT('',#1907);
#584=VERTEX_POINT('',#1909);
#585=VERTEX_POINT('',#1911);
#586=VERTEX_POINT('',#1913);
#587=VERTEX_POINT('',#1915);
#588=VERTEX_POINT('',#1917);
#589=VERTEX_POINT('',#1919);
#590=VERTEX_POINT('',#1921);
#591=VERTEX_POINT('',#1923);
#592=VERTEX_POINT('',#1925);
#593=VERTEX_POINT('',#1927);
#594=VERTEX_POINT('',#1928);
#595=VERTEX_POINT('',#1930);
#596=VERTEX_POINT('',#1932);
#597=VERTEX_POINT('',#1934);
#598=VERTEX_POINT('',#1936);
#599=VERTEX_POINT('',#1943);
#600=VERTEX_POINT('',#1945);
#601=VERTEX_POINT('',#1949);
#602=VERTEX_POINT('',#1959);
#603=VERTEX_POINT('',#1967);
#604=VERTEX_POINT('',#1972);
#605=VERTEX_POINT('',#1977);
#606=VERTEX_POINT('',#1982);
#607=VERTEX_POINT('',#1987);
#608=VERTEX_POINT('',#1992);
#609=VERTEX_POINT('',#1997);
#610=VERTEX_POINT('',#2002);
#611=VERTEX_POINT('',#2007);
#612=VERTEX_POINT('',#2012);
#613=VERTEX_POINT('',#2018);
#614=VERTEX_POINT('',#2023);
#615=VERTEX_POINT('',#2028);
#616=VERTEX_POINT('',#2033);
#617=VERTEX_POINT('',#2038);
#618=VERTEX_POINT('',#2043);
#619=VERTEX_POINT('',#2048);
#620=VERTEX_POINT('',#2053);
#621=VERTEX_POINT('',#2058);
#622=VERTEX_POINT('',#2063);
#623=VERTEX_POINT('',#2068);
#624=VERTEX_POINT('',#2073);
#625=VERTEX_POINT('',#2078);
#626=VERTEX_POINT('',#2083);
#627=VERTEX_POINT('',#2088);
#628=VERTEX_POINT('',#2093);
#629=VERTEX_POINT('',#2101);
#630=VERTEX_POINT('',#2102);
#631=VERTEX_POINT('',#2107);
#632=VERTEX_POINT('',#2111);
#633=VERTEX_POINT('',#2115);
#634=VERTEX_POINT('',#2119);
#635=VERTEX_POINT('',#2125);
#636=VERTEX_POINT('',#2127);
#637=VERTEX_POINT('',#2131);
#638=VERTEX_POINT('',#2135);
#639=VERTEX_POINT('',#2139);
#640=VERTEX_POINT('',#2143);
#641=EDGE_CURVE('',#535,#536,#329,.T.);
#642=EDGE_CURVE('',#536,#537,#330,.T.);
#643=EDGE_CURVE('',#537,#538,#331,.T.);
#644=EDGE_CURVE('',#538,#535,#332,.T.);
#645=EDGE_CURVE('',#539,#538,#333,.T.);
#646=EDGE_CURVE('',#540,#539,#334,.T.);
#647=EDGE_CURVE('',#535,#540,#335,.T.);
#648=EDGE_CURVE('',#537,#541,#336,.T.);
#649=EDGE_CURVE('',#542,#541,#337,.T.);
#650=EDGE_CURVE('',#542,#543,#338,.T.);
#651=EDGE_CURVE('',#544,#543,#339,.T.);
#652=EDGE_CURVE('',#544,#545,#80,.T.);
#653=EDGE_CURVE('',#545,#546,#340,.T.);
#654=EDGE_CURVE('',#547,#546,#341,.T.);
#655=EDGE_CURVE('',#547,#548,#342,.T.);
#656=EDGE_CURVE('',#548,#549,#343,.T.);
#657=EDGE_CURVE('',#549,#550,#81,.T.);
#658=EDGE_CURVE('',#539,#550,#344,.T.);
#659=EDGE_CURVE('',#551,#551,#82,.T.);
#660=EDGE_CURVE('',#552,#552,#83,.T.);
#661=EDGE_CURVE('',#553,#553,#84,.T.);
#662=EDGE_CURVE('',#554,#554,#85,.T.);
#663=EDGE_CURVE('',#555,#555,#86,.T.);
#664=EDGE_CURVE('',#556,#556,#87,.T.);
#665=EDGE_CURVE('',#557,#557,#88,.T.);
#666=EDGE_CURVE('',#558,#558,#89,.T.);
#667=EDGE_CURVE('',#559,#559,#90,.T.);
#668=EDGE_CURVE('',#560,#560,#91,.T.);
#669=EDGE_CURVE('',#561,#562,#345,.T.);
#670=EDGE_CURVE('',#563,#561,#346,.T.);
#671=EDGE_CURVE('',#564,#563,#347,.T.);
#672=EDGE_CURVE('',#565,#564,#348,.T.);
#673=EDGE_CURVE('',#566,#565,#349,.T.);
#674=EDGE_CURVE('',#562,#566,#350,.T.);
#675=EDGE_CURVE('',#567,#540,#351,.T.);
#676=EDGE_CURVE('',#550,#568,#352,.T.);
#677=EDGE_CURVE('',#568,#569,#353,.T.);
#678=EDGE_CURVE('',#569,#567,#354,.T.);
#679=EDGE_CURVE('',#567,#570,#355,.T.);
#680=EDGE_CURVE('',#570,#571,#356,.T.);
#681=EDGE_CURVE('',#572,#571,#357,.T.);
#682=EDGE_CURVE('',#572,#573,#358,.T.);
#683=EDGE_CURVE('',#574,#573,#359,.T.);
#684=EDGE_CURVE('',#574,#575,#360,.T.);
#685=EDGE_CURVE('',#576,#575,#361,.T.);
#686=EDGE_CURVE('',#576,#536,#362,.T.);
#687=EDGE_CURVE('',#577,#577,#92,.T.);
#688=EDGE_CURVE('',#578,#578,#93,.T.);
#689=EDGE_CURVE('',#579,#579,#94,.T.);
#690=EDGE_CURVE('',#580,#580,#95,.T.);
#691=EDGE_CURVE('',#581,#581,#96,.T.);
#692=EDGE_CURVE('',#582,#582,#97,.T.);
#693=EDGE_CURVE('',#583,#583,#98,.T.);
#694=EDGE_CURVE('',#584,#584,#99,.T.);
#695=EDGE_CURVE('',#585,#585,#100,.T.);
#696=EDGE_CURVE('',#586,#586,#101,.T.);
#697=EDGE_CURVE('',#587,#587,#102,.T.);
#698=EDGE_CURVE('',#588,#588,#103,.T.);
#699=EDGE_CURVE('',#589,#589,#104,.T.);
#700=EDGE_CURVE('',#590,#590,#105,.T.);
#701=EDGE_CURVE('',#591,#591,#106,.T.);
#702=EDGE_CURVE('',#592,#592,#107,.T.);
#703=EDGE_CURVE('',#593,#594,#363,.T.);
#704=EDGE_CURVE('',#594,#595,#364,.T.);
#705=EDGE_CURVE('',#595,#596,#365,.T.);
#706=EDGE_CURVE('',#596,#597,#366,.T.);
#707=EDGE_CURVE('',#597,#598,#367,.T.);
#708=EDGE_CURVE('',#598,#593,#368,.T.);
#709=EDGE_CURVE('',#571,#547,#369,.T.);
#710=EDGE_CURVE('',#546,#572,#370,.T.);
#711=EDGE_CURVE('',#545,#599,#371,.T.);
#712=EDGE_CURVE('',#599,#600,#372,.T.);
#713=EDGE_CURVE('',#573,#600,#373,.T.);
#714=EDGE_CURVE('',#600,#601,#374,.T.);
#715=EDGE_CURVE('',#601,#544,#375,.T.);
#716=EDGE_CURVE('',#543,#574,#376,.T.);
#717=EDGE_CURVE('',#575,#542,#377,.T.);
#718=EDGE_CURVE('',#541,#576,#378,.T.);
#719=EDGE_CURVE('',#551,#602,#379,.T.);
#720=EDGE_CURVE('',#602,#602,#108,.T.);
#721=EDGE_CURVE('',#601,#599,#109,.T.);
#722=EDGE_CURVE('',#552,#603,#380,.T.);
#723=EDGE_CURVE('',#603,#603,#110,.T.);
#724=EDGE_CURVE('',#553,#604,#381,.T.);
#725=EDGE_CURVE('',#604,#604,#111,.T.);
#726=EDGE_CURVE('',#554,#605,#382,.T.);
#727=EDGE_CURVE('',#605,#605,#112,.T.);
#728=EDGE_CURVE('',#555,#606,#383,.T.);
#729=EDGE_CURVE('',#606,#606,#113,.T.);
#730=EDGE_CURVE('',#556,#607,#384,.T.);
#731=EDGE_CURVE('',#607,#607,#114,.T.);
#732=EDGE_CURVE('',#557,#608,#385,.T.);
#733=EDGE_CURVE('',#608,#608,#115,.T.);
#734=EDGE_CURVE('',#558,#609,#386,.T.);
#735=EDGE_CURVE('',#609,#609,#116,.T.);
#736=EDGE_CURVE('',#559,#610,#387,.T.);
#737=EDGE_CURVE('',#610,#610,#117,.T.);
#738=EDGE_CURVE('',#560,#611,#388,.T.);
#739=EDGE_CURVE('',#611,#611,#118,.T.);
#740=EDGE_CURVE('',#612,#549,#389,.T.);
#741=EDGE_CURVE('',#612,#568,#119,.T.);
#742=EDGE_CURVE('',#569,#612,#390,.T.);
#743=EDGE_CURVE('',#577,#613,#391,.T.);
#744=EDGE_CURVE('',#613,#613,#120,.T.);
#745=EDGE_CURVE('',#578,#614,#392,.T.);
#746=EDGE_CURVE('',#614,#614,#121,.T.);
#747=EDGE_CURVE('',#579,#615,#393,.T.);
#748=EDGE_CURVE('',#615,#615,#122,.T.);
#749=EDGE_CURVE('',#580,#616,#394,.T.);
#750=EDGE_CURVE('',#616,#616,#123,.T.);
#751=EDGE_CURVE('',#581,#617,#395,.T.);
#752=EDGE_CURVE('',#617,#617,#124,.T.);
#753=EDGE_CURVE('',#582,#618,#396,.T.);
#754=EDGE_CURVE('',#618,#618,#125,.T.);
#755=EDGE_CURVE('',#583,#619,#397,.T.);
#756=EDGE_CURVE('',#619,#619,#126,.T.);
#757=EDGE_CURVE('',#584,#620,#398,.T.);
#758=EDGE_CURVE('',#620,#620,#127,.T.);
#759=EDGE_CURVE('',#585,#621,#399,.T.);
#760=EDGE_CURVE('',#621,#621,#128,.T.);
#761=EDGE_CURVE('',#586,#622,#400,.T.);
#762=EDGE_CURVE('',#622,#622,#129,.T.);
#763=EDGE_CURVE('',#587,#623,#401,.T.);
#764=EDGE_CURVE('',#623,#623,#130,.T.);
#765=EDGE_CURVE('',#588,#624,#402,.T.);
#766=EDGE_CURVE('',#624,#624,#131,.T.);
#767=EDGE_CURVE('',#589,#625,#403,.T.);
#768=EDGE_CURVE('',#625,#625,#132,.T.);
#769=EDGE_CURVE('',#590,#626,#404,.T.);
#770=EDGE_CURVE('',#626,#626,#133,.T.);
#771=EDGE_CURVE('',#591,#627,#405,.T.);
#772=EDGE_CURVE('',#627,#627,#134,.T.);
#773=EDGE_CURVE('',#592,#628,#406,.T.);
#774=EDGE_CURVE('',#628,#628,#135,.T.);
#775=EDGE_CURVE('',#548,#570,#407,.T.);
#776=EDGE_CURVE('',#629,#630,#408,.T.);
#777=EDGE_CURVE('',#629,#594,#409,.T.);
#778=EDGE_CURVE('',#630,#593,#410,.T.);
#779=EDGE_CURVE('',#631,#629,#411,.T.);
#780=EDGE_CURVE('',#631,#595,#412,.T.);
#781=EDGE_CURVE('',#632,#631,#413,.T.);
#782=EDGE_CURVE('',#632,#596,#414,.T.);
#783=EDGE_CURVE('',#633,#632,#415,.T.);
#784=EDGE_CURVE('',#633,#597,#416,.T.);
#785=EDGE_CURVE('',#634,#633,#417,.T.);
#786=EDGE_CURVE('',#634,#598,#418,.T.);
#787=EDGE_CURVE('',#630,#634,#419,.T.);
#788=EDGE_CURVE('',#562,#635,#420,.F.);
#789=EDGE_CURVE('',#636,#635,#421,.F.);
#790=EDGE_CURVE('',#561,#636,#422,.F.);
#791=EDGE_CURVE('',#637,#636,#423,.F.);
#792=EDGE_CURVE('',#563,#637,#424,.T.);
#793=EDGE_CURVE('',#638,#637,#425,.F.);
#794=EDGE_CURVE('',#564,#638,#426,.T.);
#795=EDGE_CURVE('',#639,#638,#427,.F.);
#796=EDGE_CURVE('',#565,#639,#428,.F.);
#797=EDGE_CURVE('',#640,#639,#429,.F.);
#798=EDGE_CURVE('',#566,#640,#430,.F.);
#799=EDGE_CURVE('',#635,#640,#431,.F.);
#800=ORIENTED_EDGE('',*,*,#641,.T.);
#801=ORIENTED_EDGE('',*,*,#642,.T.);
#802=ORIENTED_EDGE('',*,*,#643,.T.);
#803=ORIENTED_EDGE('',*,*,#644,.T.);
#804=ORIENTED_EDGE('',*,*,#644,.F.);
#805=ORIENTED_EDGE('',*,*,#645,.F.);
#806=ORIENTED_EDGE('',*,*,#646,.F.);
#807=ORIENTED_EDGE('',*,*,#647,.F.);
#808=ORIENTED_EDGE('',*,*,#643,.F.);
#809=ORIENTED_EDGE('',*,*,#648,.T.);
#810=ORIENTED_EDGE('',*,*,#649,.F.);
#811=ORIENTED_EDGE('',*,*,#650,.T.);
#812=ORIENTED_EDGE('',*,*,#651,.F.);
#813=ORIENTED_EDGE('',*,*,#652,.T.);
#814=ORIENTED_EDGE('',*,*,#653,.T.);
#815=ORIENTED_EDGE('',*,*,#654,.F.);
#816=ORIENTED_EDGE('',*,*,#655,.T.);
#817=ORIENTED_EDGE('',*,*,#656,.T.);
#818=ORIENTED_EDGE('',*,*,#657,.T.);
#819=ORIENTED_EDGE('',*,*,#658,.F.);
#820=ORIENTED_EDGE('',*,*,#645,.T.);
#821=ORIENTED_EDGE('',*,*,#659,.T.);
#822=ORIENTED_EDGE('',*,*,#660,.T.);
#823=ORIENTED_EDGE('',*,*,#661,.T.);
#824=ORIENTED_EDGE('',*,*,#662,.T.);
#825=ORIENTED_EDGE('',*,*,#663,.T.);
#826=ORIENTED_EDGE('',*,*,#664,.T.);
#827=ORIENTED_EDGE('',*,*,#665,.T.);
#828=ORIENTED_EDGE('',*,*,#666,.T.);
#829=ORIENTED_EDGE('',*,*,#667,.T.);
#830=ORIENTED_EDGE('',*,*,#668,.T.);
#831=ORIENTED_EDGE('',*,*,#669,.F.);
#832=ORIENTED_EDGE('',*,*,#670,.F.);
#833=ORIENTED_EDGE('',*,*,#671,.F.);
#834=ORIENTED_EDGE('',*,*,#672,.F.);
#835=ORIENTED_EDGE('',*,*,#673,.F.);
#836=ORIENTED_EDGE('',*,*,#674,.F.);
#837=ORIENTED_EDGE('',*,*,#675,.T.);
#838=ORIENTED_EDGE('',*,*,#646,.T.);
#839=ORIENTED_EDGE('',*,*,#658,.T.);
#840=ORIENTED_EDGE('',*,*,#676,.T.);
#841=ORIENTED_EDGE('',*,*,#677,.T.);
#842=ORIENTED_EDGE('',*,*,#678,.T.);
#843=ORIENTED_EDGE('',*,*,#641,.F.);
#844=ORIENTED_EDGE('',*,*,#647,.T.);
#845=ORIENTED_EDGE('',*,*,#675,.F.);
#846=ORIENTED_EDGE('',*,*,#679,.T.);
#847=ORIENTED_EDGE('',*,*,#680,.T.);
#848=ORIENTED_EDGE('',*,*,#681,.F.);
#849=ORIENTED_EDGE('',*,*,#682,.T.);
#850=ORIENTED_EDGE('',*,*,#683,.F.);
#851=ORIENTED_EDGE('',*,*,#684,.T.);
#852=ORIENTED_EDGE('',*,*,#685,.F.);
#853=ORIENTED_EDGE('',*,*,#686,.T.);
#854=ORIENTED_EDGE('',*,*,#687,.T.);
#855=ORIENTED_EDGE('',*,*,#688,.T.);
#856=ORIENTED_EDGE('',*,*,#689,.T.);
#857=ORIENTED_EDGE('',*,*,#690,.T.);
#858=ORIENTED_EDGE('',*,*,#691,.T.);
#859=ORIENTED_EDGE('',*,*,#692,.T.);
#860=ORIENTED_EDGE('',*,*,#693,.T.);
#861=ORIENTED_EDGE('',*,*,#694,.T.);
#862=ORIENTED_EDGE('',*,*,#695,.T.);
#863=ORIENTED_EDGE('',*,*,#696,.T.);
#864=ORIENTED_EDGE('',*,*,#697,.T.);
#865=ORIENTED_EDGE('',*,*,#698,.T.);
#866=ORIENTED_EDGE('',*,*,#699,.T.);
#867=ORIENTED_EDGE('',*,*,#700,.T.);
#868=ORIENTED_EDGE('',*,*,#701,.T.);
#869=ORIENTED_EDGE('',*,*,#702,.T.);
#870=ORIENTED_EDGE('',*,*,#703,.T.);
#871=ORIENTED_EDGE('',*,*,#704,.T.);
#872=ORIENTED_EDGE('',*,*,#705,.T.);
#873=ORIENTED_EDGE('',*,*,#706,.T.);
#874=ORIENTED_EDGE('',*,*,#707,.T.);
#875=ORIENTED_EDGE('',*,*,#708,.T.);
#876=ORIENTED_EDGE('',*,*,#681,.T.);
#877=ORIENTED_EDGE('',*,*,#709,.T.);
#878=ORIENTED_EDGE('',*,*,#654,.T.);
#879=ORIENTED_EDGE('',*,*,#710,.T.);
#880=ORIENTED_EDGE('',*,*,#710,.F.);
#881=ORIENTED_EDGE('',*,*,#653,.F.);
#882=ORIENTED_EDGE('',*,*,#711,.T.);
#883=ORIENTED_EDGE('',*,*,#712,.T.);
#884=ORIENTED_EDGE('',*,*,#713,.F.);
#885=ORIENTED_EDGE('',*,*,#682,.F.);
#886=ORIENTED_EDGE('',*,*,#683,.T.);
#887=ORIENTED_EDGE('',*,*,#713,.T.);
#888=ORIENTED_EDGE('',*,*,#714,.T.);
#889=ORIENTED_EDGE('',*,*,#715,.T.);
#890=ORIENTED_EDGE('',*,*,#651,.T.);
#891=ORIENTED_EDGE('',*,*,#716,.T.);
#892=ORIENTED_EDGE('',*,*,#716,.F.);
#893=ORIENTED_EDGE('',*,*,#650,.F.);
#894=ORIENTED_EDGE('',*,*,#717,.F.);
#895=ORIENTED_EDGE('',*,*,#684,.F.);
#896=ORIENTED_EDGE('',*,*,#685,.T.);
#897=ORIENTED_EDGE('',*,*,#717,.T.);
#898=ORIENTED_EDGE('',*,*,#649,.T.);
#899=ORIENTED_EDGE('',*,*,#718,.T.);
#900=ORIENTED_EDGE('',*,*,#642,.F.);
#901=ORIENTED_EDGE('',*,*,#686,.F.);
#902=ORIENTED_EDGE('',*,*,#718,.F.);
#903=ORIENTED_EDGE('',*,*,#648,.F.);
#904=ORIENTED_EDGE('',*,*,#659,.F.);
#905=ORIENTED_EDGE('',*,*,#719,.T.);
#906=ORIENTED_EDGE('',*,*,#720,.T.);
#907=ORIENTED_EDGE('',*,*,#719,.F.);
#908=ORIENTED_EDGE('',*,*,#720,.F.);
#909=ORIENTED_EDGE('',*,*,#715,.F.);
#910=ORIENTED_EDGE('',*,*,#721,.T.);
#911=ORIENTED_EDGE('',*,*,#711,.F.);
#912=ORIENTED_EDGE('',*,*,#652,.F.);
#913=ORIENTED_EDGE('',*,*,#714,.F.);
#914=ORIENTED_EDGE('',*,*,#712,.F.);
#915=ORIENTED_EDGE('',*,*,#721,.F.);
#916=ORIENTED_EDGE('',*,*,#660,.F.);
#917=ORIENTED_EDGE('',*,*,#722,.T.);
#918=ORIENTED_EDGE('',*,*,#723,.T.);
#919=ORIENTED_EDGE('',*,*,#722,.F.);
#920=ORIENTED_EDGE('',*,*,#723,.F.);
#921=ORIENTED_EDGE('',*,*,#661,.F.);
#922=ORIENTED_EDGE('',*,*,#724,.T.);
#923=ORIENTED_EDGE('',*,*,#725,.T.);
#924=ORIENTED_EDGE('',*,*,#724,.F.);
#925=ORIENTED_EDGE('',*,*,#725,.F.);
#926=ORIENTED_EDGE('',*,*,#662,.F.);
#927=ORIENTED_EDGE('',*,*,#726,.T.);
#928=ORIENTED_EDGE('',*,*,#727,.T.);
#929=ORIENTED_EDGE('',*,*,#726,.F.);
#930=ORIENTED_EDGE('',*,*,#727,.F.);
#931=ORIENTED_EDGE('',*,*,#663,.F.);
#932=ORIENTED_EDGE('',*,*,#728,.T.);
#933=ORIENTED_EDGE('',*,*,#729,.T.);
#934=ORIENTED_EDGE('',*,*,#728,.F.);
#935=ORIENTED_EDGE('',*,*,#729,.F.);
#936=ORIENTED_EDGE('',*,*,#664,.F.);
#937=ORIENTED_EDGE('',*,*,#730,.T.);
#938=ORIENTED_EDGE('',*,*,#731,.T.);
#939=ORIENTED_EDGE('',*,*,#730,.F.);
#940=ORIENTED_EDGE('',*,*,#731,.F.);
#941=ORIENTED_EDGE('',*,*,#665,.F.);
#942=ORIENTED_EDGE('',*,*,#732,.T.);
#943=ORIENTED_EDGE('',*,*,#733,.T.);
#944=ORIENTED_EDGE('',*,*,#732,.F.);
#945=ORIENTED_EDGE('',*,*,#733,.F.);
#946=ORIENTED_EDGE('',*,*,#666,.F.);
#947=ORIENTED_EDGE('',*,*,#734,.T.);
#948=ORIENTED_EDGE('',*,*,#735,.T.);
#949=ORIENTED_EDGE('',*,*,#734,.F.);
#950=ORIENTED_EDGE('',*,*,#735,.F.);
#951=ORIENTED_EDGE('',*,*,#667,.F.);
#952=ORIENTED_EDGE('',*,*,#736,.T.);
#953=ORIENTED_EDGE('',*,*,#737,.T.);
#954=ORIENTED_EDGE('',*,*,#736,.F.);
#955=ORIENTED_EDGE('',*,*,#737,.F.);
#956=ORIENTED_EDGE('',*,*,#668,.F.);
#957=ORIENTED_EDGE('',*,*,#738,.T.);
#958=ORIENTED_EDGE('',*,*,#739,.T.);
#959=ORIENTED_EDGE('',*,*,#738,.F.);
#960=ORIENTED_EDGE('',*,*,#739,.F.);
#961=ORIENTED_EDGE('',*,*,#676,.F.);
#962=ORIENTED_EDGE('',*,*,#657,.F.);
#963=ORIENTED_EDGE('',*,*,#740,.F.);
#964=ORIENTED_EDGE('',*,*,#741,.T.);
#965=ORIENTED_EDGE('',*,*,#677,.F.);
#966=ORIENTED_EDGE('',*,*,#741,.F.);
#967=ORIENTED_EDGE('',*,*,#742,.F.);
#968=ORIENTED_EDGE('',*,*,#687,.F.);
#969=ORIENTED_EDGE('',*,*,#743,.T.);
#970=ORIENTED_EDGE('',*,*,#744,.T.);
#971=ORIENTED_EDGE('',*,*,#743,.F.);
#972=ORIENTED_EDGE('',*,*,#744,.F.);
#973=ORIENTED_EDGE('',*,*,#688,.F.);
#974=ORIENTED_EDGE('',*,*,#745,.T.);
#975=ORIENTED_EDGE('',*,*,#746,.T.);
#976=ORIENTED_EDGE('',*,*,#745,.F.);
#977=ORIENTED_EDGE('',*,*,#746,.F.);
#978=ORIENTED_EDGE('',*,*,#689,.F.);
#979=ORIENTED_EDGE('',*,*,#747,.T.);
#980=ORIENTED_EDGE('',*,*,#748,.T.);
#981=ORIENTED_EDGE('',*,*,#747,.F.);
#982=ORIENTED_EDGE('',*,*,#748,.F.);
#983=ORIENTED_EDGE('',*,*,#690,.F.);
#984=ORIENTED_EDGE('',*,*,#749,.T.);
#985=ORIENTED_EDGE('',*,*,#750,.T.);
#986=ORIENTED_EDGE('',*,*,#749,.F.);
#987=ORIENTED_EDGE('',*,*,#750,.F.);
#988=ORIENTED_EDGE('',*,*,#691,.F.);
#989=ORIENTED_EDGE('',*,*,#751,.T.);
#990=ORIENTED_EDGE('',*,*,#752,.T.);
#991=ORIENTED_EDGE('',*,*,#751,.F.);
#992=ORIENTED_EDGE('',*,*,#752,.F.);
#993=ORIENTED_EDGE('',*,*,#692,.F.);
#994=ORIENTED_EDGE('',*,*,#753,.T.);
#995=ORIENTED_EDGE('',*,*,#754,.T.);
#996=ORIENTED_EDGE('',*,*,#753,.F.);
#997=ORIENTED_EDGE('',*,*,#754,.F.);
#998=ORIENTED_EDGE('',*,*,#693,.F.);
#999=ORIENTED_EDGE('',*,*,#755,.T.);
#1000=ORIENTED_EDGE('',*,*,#756,.T.);
#1001=ORIENTED_EDGE('',*,*,#755,.F.);
#1002=ORIENTED_EDGE('',*,*,#756,.F.);
#1003=ORIENTED_EDGE('',*,*,#694,.F.);
#1004=ORIENTED_EDGE('',*,*,#757,.T.);
#1005=ORIENTED_EDGE('',*,*,#758,.T.);
#1006=ORIENTED_EDGE('',*,*,#757,.F.);
#1007=ORIENTED_EDGE('',*,*,#758,.F.);
#1008=ORIENTED_EDGE('',*,*,#695,.F.);
#1009=ORIENTED_EDGE('',*,*,#759,.T.);
#1010=ORIENTED_EDGE('',*,*,#760,.T.);
#1011=ORIENTED_EDGE('',*,*,#759,.F.);
#1012=ORIENTED_EDGE('',*,*,#760,.F.);
#1013=ORIENTED_EDGE('',*,*,#696,.F.);
#1014=ORIENTED_EDGE('',*,*,#761,.T.);
#1015=ORIENTED_EDGE('',*,*,#762,.T.);
#1016=ORIENTED_EDGE('',*,*,#761,.F.);
#1017=ORIENTED_EDGE('',*,*,#762,.F.);
#1018=ORIENTED_EDGE('',*,*,#697,.F.);
#1019=ORIENTED_EDGE('',*,*,#763,.T.);
#1020=ORIENTED_EDGE('',*,*,#764,.T.);
#1021=ORIENTED_EDGE('',*,*,#763,.F.);
#1022=ORIENTED_EDGE('',*,*,#764,.F.);
#1023=ORIENTED_EDGE('',*,*,#698,.F.);
#1024=ORIENTED_EDGE('',*,*,#765,.T.);
#1025=ORIENTED_EDGE('',*,*,#766,.T.);
#1026=ORIENTED_EDGE('',*,*,#765,.F.);
#1027=ORIENTED_EDGE('',*,*,#766,.F.);
#1028=ORIENTED_EDGE('',*,*,#699,.F.);
#1029=ORIENTED_EDGE('',*,*,#767,.T.);
#1030=ORIENTED_EDGE('',*,*,#768,.T.);
#1031=ORIENTED_EDGE('',*,*,#767,.F.);
#1032=ORIENTED_EDGE('',*,*,#768,.F.);
#1033=ORIENTED_EDGE('',*,*,#700,.F.);
#1034=ORIENTED_EDGE('',*,*,#769,.T.);
#1035=ORIENTED_EDGE('',*,*,#770,.T.);
#1036=ORIENTED_EDGE('',*,*,#769,.F.);
#1037=ORIENTED_EDGE('',*,*,#770,.F.);
#1038=ORIENTED_EDGE('',*,*,#701,.F.);
#1039=ORIENTED_EDGE('',*,*,#771,.T.);
#1040=ORIENTED_EDGE('',*,*,#772,.T.);
#1041=ORIENTED_EDGE('',*,*,#771,.F.);
#1042=ORIENTED_EDGE('',*,*,#772,.F.);
#1043=ORIENTED_EDGE('',*,*,#702,.F.);
#1044=ORIENTED_EDGE('',*,*,#773,.T.);
#1045=ORIENTED_EDGE('',*,*,#774,.T.);
#1046=ORIENTED_EDGE('',*,*,#773,.F.);
#1047=ORIENTED_EDGE('',*,*,#774,.F.);
#1048=ORIENTED_EDGE('',*,*,#709,.F.);
#1049=ORIENTED_EDGE('',*,*,#680,.F.);
#1050=ORIENTED_EDGE('',*,*,#775,.F.);
#1051=ORIENTED_EDGE('',*,*,#655,.F.);
#1052=ORIENTED_EDGE('',*,*,#678,.F.);
#1053=ORIENTED_EDGE('',*,*,#742,.T.);
#1054=ORIENTED_EDGE('',*,*,#740,.T.);
#1055=ORIENTED_EDGE('',*,*,#656,.F.);
#1056=ORIENTED_EDGE('',*,*,#775,.T.);
#1057=ORIENTED_EDGE('',*,*,#679,.F.);
#1058=ORIENTED_EDGE('',*,*,#776,.F.);
#1059=ORIENTED_EDGE('',*,*,#777,.T.);
#1060=ORIENTED_EDGE('',*,*,#703,.F.);
#1061=ORIENTED_EDGE('',*,*,#778,.F.);
#1062=ORIENTED_EDGE('',*,*,#779,.F.);
#1063=ORIENTED_EDGE('',*,*,#780,.T.);
#1064=ORIENTED_EDGE('',*,*,#704,.F.);
#1065=ORIENTED_EDGE('',*,*,#777,.F.);
#1066=ORIENTED_EDGE('',*,*,#781,.F.);
#1067=ORIENTED_EDGE('',*,*,#782,.T.);
#1068=ORIENTED_EDGE('',*,*,#705,.F.);
#1069=ORIENTED_EDGE('',*,*,#780,.F.);
#1070=ORIENTED_EDGE('',*,*,#783,.F.);
#1071=ORIENTED_EDGE('',*,*,#784,.T.);
#1072=ORIENTED_EDGE('',*,*,#706,.F.);
#1073=ORIENTED_EDGE('',*,*,#782,.F.);
#1074=ORIENTED_EDGE('',*,*,#785,.F.);
#1075=ORIENTED_EDGE('',*,*,#786,.T.);
#1076=ORIENTED_EDGE('',*,*,#707,.F.);
#1077=ORIENTED_EDGE('',*,*,#784,.F.);
#1078=ORIENTED_EDGE('',*,*,#787,.F.);
#1079=ORIENTED_EDGE('',*,*,#778,.T.);
#1080=ORIENTED_EDGE('',*,*,#708,.F.);
#1081=ORIENTED_EDGE('',*,*,#786,.F.);
#1082=ORIENTED_EDGE('',*,*,#669,.T.);
#1083=ORIENTED_EDGE('',*,*,#788,.T.);
#1084=ORIENTED_EDGE('',*,*,#789,.F.);
#1085=ORIENTED_EDGE('',*,*,#790,.F.);
#1086=ORIENTED_EDGE('',*,*,#670,.T.);
#1087=ORIENTED_EDGE('',*,*,#790,.T.);
#1088=ORIENTED_EDGE('',*,*,#791,.F.);
#1089=ORIENTED_EDGE('',*,*,#792,.F.);
#1090=ORIENTED_EDGE('',*,*,#671,.T.);
#1091=ORIENTED_EDGE('',*,*,#792,.T.);
#1092=ORIENTED_EDGE('',*,*,#793,.F.);
#1093=ORIENTED_EDGE('',*,*,#794,.F.);
#1094=ORIENTED_EDGE('',*,*,#672,.T.);
#1095=ORIENTED_EDGE('',*,*,#794,.T.);
#1096=ORIENTED_EDGE('',*,*,#795,.F.);
#1097=ORIENTED_EDGE('',*,*,#796,.F.);
#1098=ORIENTED_EDGE('',*,*,#673,.T.);
#1099=ORIENTED_EDGE('',*,*,#796,.T.);
#1100=ORIENTED_EDGE('',*,*,#797,.F.);
#1101=ORIENTED_EDGE('',*,*,#798,.F.);
#1102=ORIENTED_EDGE('',*,*,#674,.T.);
#1103=ORIENTED_EDGE('',*,*,#798,.T.);
#1104=ORIENTED_EDGE('',*,*,#799,.F.);
#1105=ORIENTED_EDGE('',*,*,#788,.F.);
#1106=ORIENTED_EDGE('',*,*,#799,.T.);
#1107=ORIENTED_EDGE('',*,*,#797,.T.);
#1108=ORIENTED_EDGE('',*,*,#795,.T.);
#1109=ORIENTED_EDGE('',*,*,#793,.T.);
#1110=ORIENTED_EDGE('',*,*,#791,.T.);
#1111=ORIENTED_EDGE('',*,*,#789,.T.);
#1112=ORIENTED_EDGE('',*,*,#776,.T.);
#1113=ORIENTED_EDGE('',*,*,#787,.T.);
#1114=ORIENTED_EDGE('',*,*,#785,.T.);
#1115=ORIENTED_EDGE('',*,*,#783,.T.);
#1116=ORIENTED_EDGE('',*,*,#781,.T.);
#1117=ORIENTED_EDGE('',*,*,#779,.T.);
#1118=PLANE('',#1270);
#1119=PLANE('',#1271);
#1120=PLANE('',#1272);
#1121=PLANE('',#1285);
#1122=PLANE('',#1286);
#1123=PLANE('',#1303);
#1124=PLANE('',#1304);
#1125=PLANE('',#1305);
#1126=PLANE('',#1306);
#1127=PLANE('',#1307);
#1128=PLANE('',#1308);
#1129=PLANE('',#1311);
#1130=PLANE('',#1314);
#1131=PLANE('',#1317);
#1132=PLANE('',#1320);
#1133=PLANE('',#1323);
#1134=PLANE('',#1326);
#1135=PLANE('',#1329);
#1136=PLANE('',#1332);
#1137=PLANE('',#1335);
#1138=PLANE('',#1338);
#1139=PLANE('',#1341);
#1140=PLANE('',#1344);
#1141=PLANE('',#1347);
#1142=PLANE('',#1350);
#1143=PLANE('',#1353);
#1144=PLANE('',#1356);
#1145=PLANE('',#1359);
#1146=PLANE('',#1362);
#1147=PLANE('',#1365);
#1148=PLANE('',#1368);
#1149=PLANE('',#1371);
#1150=PLANE('',#1374);
#1151=PLANE('',#1377);
#1152=PLANE('',#1380);
#1153=PLANE('',#1383);
#1154=PLANE('',#1386);
#1155=PLANE('',#1389);
#1156=PLANE('',#1392);
#1157=PLANE('',#1393);
#1158=PLANE('',#1394);
#1159=PLANE('',#1395);
#1160=PLANE('',#1396);
#1161=PLANE('',#1397);
#1162=PLANE('',#1398);
#1163=PLANE('',#1399);
#1164=PLANE('',#1400);
#1165=PLANE('',#1401);
#1166=PLANE('',#1402);
#1167=PLANE('',#1403);
#1168=PLANE('',#1404);
#1169=PLANE('',#1405);
#1170=PLANE('',#1406);
#1171=PLANE('',#1407);
#1172=ADVANCED_FACE('',(#136),#1118,.T.);
#1173=ADVANCED_FACE('',(#137),#1119,.T.);
#1174=ADVANCED_FACE('',(#138,#51,#52,#53,#54,#55,#56,#57,#58,#59,#60,#61),
#1120,.F.);
#1175=ADVANCED_FACE('',(#139),#1121,.T.);
#1176=ADVANCED_FACE('',(#140,#62,#63,#64,#65,#66,#67,#68,#69,#70,#71,#72,
#73,#74,#75,#76,#77,#78),#1122,.T.);
#1177=ADVANCED_FACE('',(#141),#1123,.T.);
#1178=ADVANCED_FACE('',(#142),#1124,.T.);
#1179=ADVANCED_FACE('',(#143),#1125,.T.);
#1180=ADVANCED_FACE('',(#144),#1126,.T.);
#1181=ADVANCED_FACE('',(#145),#1127,.T.);
#1182=ADVANCED_FACE('',(#146),#1128,.T.);
#1183=ADVANCED_FACE('',(#147),#23,.F.);
#1184=ADVANCED_FACE('',(#148),#1129,.F.);
#1185=ADVANCED_FACE('',(#149),#24,.F.);
#1186=ADVANCED_FACE('',(#150),#1130,.F.);
#1187=ADVANCED_FACE('',(#151),#25,.F.);
#1188=ADVANCED_FACE('',(#152),#1131,.F.);
#1189=ADVANCED_FACE('',(#153),#26,.F.);
#1190=ADVANCED_FACE('',(#154),#1132,.F.);
#1191=ADVANCED_FACE('',(#155),#27,.F.);
#1192=ADVANCED_FACE('',(#156),#1133,.F.);
#1193=ADVANCED_FACE('',(#157),#28,.F.);
#1194=ADVANCED_FACE('',(#158),#1134,.F.);
#1195=ADVANCED_FACE('',(#159),#29,.F.);
#1196=ADVANCED_FACE('',(#160),#1135,.F.);
#1197=ADVANCED_FACE('',(#161),#30,.F.);
#1198=ADVANCED_FACE('',(#162),#1136,.F.);
#1199=ADVANCED_FACE('',(#163),#31,.F.);
#1200=ADVANCED_FACE('',(#164),#1137,.F.);
#1201=ADVANCED_FACE('',(#165),#32,.F.);
#1202=ADVANCED_FACE('',(#166),#1138,.F.);
#1203=ADVANCED_FACE('',(#167),#33,.F.);
#1204=ADVANCED_FACE('',(#168),#1139,.F.);
#1205=ADVANCED_FACE('',(#169),#34,.F.);
#1206=ADVANCED_FACE('',(#170),#1140,.F.);
#1207=ADVANCED_FACE('',(#171),#35,.F.);
#1208=ADVANCED_FACE('',(#172),#1141,.T.);
#1209=ADVANCED_FACE('',(#173),#36,.F.);
#1210=ADVANCED_FACE('',(#174),#1142,.T.);
#1211=ADVANCED_FACE('',(#175),#37,.F.);
#1212=ADVANCED_FACE('',(#176),#1143,.T.);
#1213=ADVANCED_FACE('',(#177),#38,.F.);
#1214=ADVANCED_FACE('',(#178),#1144,.T.);
#1215=ADVANCED_FACE('',(#179),#39,.F.);
#1216=ADVANCED_FACE('',(#180),#1145,.T.);
#1217=ADVANCED_FACE('',(#181),#40,.F.);
#1218=ADVANCED_FACE('',(#182),#1146,.T.);
#1219=ADVANCED_FACE('',(#183),#41,.F.);
#1220=ADVANCED_FACE('',(#184),#1147,.T.);
#1221=ADVANCED_FACE('',(#185),#42,.F.);
#1222=ADVANCED_FACE('',(#186),#1148,.T.);
#1223=ADVANCED_FACE('',(#187),#43,.F.);
#1224=ADVANCED_FACE('',(#188),#1149,.T.);
#1225=ADVANCED_FACE('',(#189),#44,.F.);
#1226=ADVANCED_FACE('',(#190),#1150,.T.);
#1227=ADVANCED_FACE('',(#191),#45,.F.);
#1228=ADVANCED_FACE('',(#192),#1151,.T.);
#1229=ADVANCED_FACE('',(#193),#46,.F.);
#1230=ADVANCED_FACE('',(#194),#1152,.T.);
#1231=ADVANCED_FACE('',(#195),#47,.F.);
#1232=ADVANCED_FACE('',(#196),#1153,.T.);
#1233=ADVANCED_FACE('',(#197),#48,.F.);
#1234=ADVANCED_FACE('',(#198),#1154,.T.);
#1235=ADVANCED_FACE('',(#199),#49,.F.);
#1236=ADVANCED_FACE('',(#200),#1155,.T.);
#1237=ADVANCED_FACE('',(#201),#50,.F.);
#1238=ADVANCED_FACE('',(#202),#1156,.T.);
#1239=ADVANCED_FACE('',(#203),#1157,.T.);
#1240=ADVANCED_FACE('',(#204),#1158,.T.);
#1241=ADVANCED_FACE('',(#205),#1159,.F.);
#1242=ADVANCED_FACE('',(#206),#1160,.F.);
#1243=ADVANCED_FACE('',(#207),#1161,.F.);
#1244=ADVANCED_FACE('',(#208),#1162,.F.);
#1245=ADVANCED_FACE('',(#209),#1163,.F.);
#1246=ADVANCED_FACE('',(#210),#1164,.F.);
#1247=ADVANCED_FACE('',(#211),#1165,.T.);
#1248=ADVANCED_FACE('',(#212),#1166,.T.);
#1249=ADVANCED_FACE('',(#213),#1167,.T.);
#1250=ADVANCED_FACE('',(#214),#1168,.T.);
#1251=ADVANCED_FACE('',(#215),#1169,.T.);
#1252=ADVANCED_FACE('',(#216),#1170,.T.);
#1253=ADVANCED_FACE('',(#217,#79),#1171,.T.);
#1254=CLOSED_SHELL('',(#1172,#1173,#1174,#1175,#1176,#1177,#1178,#1179,
#1180,#1181,#1182,#1183,#1184,#1185,#1186,#1187,#1188,#1189,#1190,#1191,
#1192,#1193,#1194,#1195,#1196,#1197,#1198,#1199,#1200,#1201,#1202,#1203,
#1204,#1205,#1206,#1207,#1208,#1209,#1210,#1211,#1212,#1213,#1214,#1215,
#1216,#1217,#1218,#1219,#1220,#1221,#1222,#1223,#1224,#1225,#1226,#1227,
#1228,#1229,#1230,#1231,#1232,#1233,#1234,#1235,#1236,#1237,#1238,#1239,
#1240,#1241,#1242,#1243,#1244,#1245,#1246,#1247,#1248,#1249,#1250,#1251,
#1252,#1253));
#1255=DERIVED_UNIT_ELEMENT(#1257,1.);
#1256=DERIVED_UNIT_ELEMENT(#2160,-3.);
#1257=(
MASS_UNIT()
NAMED_UNIT(*)
SI_UNIT(.KILO.,.GRAM.)
);
#1258=DERIVED_UNIT((#1255,#1256));
#1259=MEASURE_REPRESENTATION_ITEM('density measure',
POSITIVE_RATIO_MEASURE(7850.),#1258);
#1260=PROPERTY_DEFINITION_REPRESENTATION(#1265,#1262);
#1261=PROPERTY_DEFINITION_REPRESENTATION(#1266,#1263);
#1262=REPRESENTATION('material name',(#1264),#2157);
#1263=REPRESENTATION('density',(#1259),#2157);
#1264=DESCRIPTIVE_REPRESENTATION_ITEM('Steel','Steel');
#1265=PROPERTY_DEFINITION('material property','material name',#2177);
#1266=PROPERTY_DEFINITION('material property','density of part',#2177);
#1267=AXIS2_PLACEMENT_3D('',#1799,#1410,#1411);
#1268=AXIS2_PLACEMENT_3D('',#1800,#1412,#1413);
#1269=AXIS2_PLACEMENT_3D('',#1801,#1414,#1415);
#1270=AXIS2_PLACEMENT_3D('',#1802,#1416,#1417);
#1271=AXIS2_PLACEMENT_3D('',#1811,#1422,#1423);
#1272=AXIS2_PLACEMENT_3D('',#1817,#1427,#1428);
#1273=AXIS2_PLACEMENT_3D('',#1827,#1433,#1434);
#1274=AXIS2_PLACEMENT_3D('',#1837,#1439,#1440);
#1275=AXIS2_PLACEMENT_3D('',#1840,#1442,#1443);
#1276=AXIS2_PLACEMENT_3D('',#1842,#1444,#1445);
#1277=AXIS2_PLACEMENT_3D('',#1844,#1446,#1447);
#1278=AXIS2_PLACEMENT_3D('',#1846,#1448,#1449);
#1279=AXIS2_PLACEMENT_3D('',#1848,#1450,#1451);
#1280=AXIS2_PLACEMENT_3D('',#1850,#1452,#1453);
#1281=AXIS2_PLACEMENT_3D('',#1852,#1454,#1455);
#1282=AXIS2_PLACEMENT_3D('',#1854,#1456,#1457);
#1283=AXIS2_PLACEMENT_3D('',#1856,#1458,#1459);
#1284=AXIS2_PLACEMENT_3D('',#1858,#1460,#1461);
#1285=AXIS2_PLACEMENT_3D('',#1871,#1468,#1469);
#1286=AXIS2_PLACEMENT_3D('',#1879,#1474,#1475);
#1287=AXIS2_PLACEMENT_3D('',#1896,#1484,#1485);
#1288=AXIS2_PLACEMENT_3D('',#1898,#1486,#1487);
#1289=AXIS2_PLACEMENT_3D('',#1900,#1488,#1489);
#1290=AXIS2_PLACEMENT_3D('',#1902,#1490,#1491);
#1291=AXIS2_PLACEMENT_3D('',#1904,#1492,#1493);
#1292=AXIS2_PLACEMENT_3D('',#1906,#1494,#1495);
#1293=AXIS2_PLACEMENT_3D('',#1908,#1496,#1497);
#1294=AXIS2_PLACEMENT_3D('',#1910,#1498,#1499);
#1295=AXIS2_PLACEMENT_3D('',#1912,#1500,#1501);
#1296=AXIS2_PLACEMENT_3D('',#1914,#1502,#1503);
#1297=AXIS2_PLACEMENT_3D('',#1916,#1504,#1505);
#1298=AXIS2_PLACEMENT_3D('',#1918,#1506,#1507);
#1299=AXIS2_PLACEMENT_3D('',#1920,#1508,#1509);
#1300=AXIS2_PLACEMENT_3D('',#1922,#1510,#1511);
#1301=AXIS2_PLACEMENT_3D('',#1924,#1512,#1513);
#1302=AXIS2_PLACEMENT_3D('',#1926,#1514,#1515);
#1303=AXIS2_PLACEMENT_3D('',#1939,#1522,#1523);
#1304=AXIS2_PLACEMENT_3D('',#1942,#1526,#1527);
#1305=AXIS2_PLACEMENT_3D('',#1948,#1531,#1532);
#1306=AXIS2_PLACEMENT_3D('',#1953,#1536,#1537);
#1307=AXIS2_PLACEMENT_3D('',#1955,#1539,#1540);
#1308=AXIS2_PLACEMENT_3D('',#1957,#1542,#1543);
#1309=AXIS2_PLACEMENT_3D('',#1958,#1544,#1545);
#1310=AXIS2_PLACEMENT_3D('',#1961,#1547,#1548);
#1311=AXIS2_PLACEMENT_3D('',#1962,#1549,#1550);
#1312=AXIS2_PLACEMENT_3D('',#1963,#1551,#1552);
#1313=AXIS2_PLACEMENT_3D('',#1964,#1553,#1554);
#1314=AXIS2_PLACEMENT_3D('',#1965,#1555,#1556);
#1315=AXIS2_PLACEMENT_3D('',#1966,#1557,#1558);
#1316=AXIS2_PLACEMENT_3D('',#1969,#1560,#1561);
#1317=AXIS2_PLACEMENT_3D('',#1970,#1562,#1563);
#1318=AXIS2_PLACEMENT_3D('',#1971,#1564,#1565);
#1319=AXIS2_PLACEMENT_3D('',#1974,#1567,#1568);
#1320=AXIS2_PLACEMENT_3D('',#1975,#1569,#1570);
#1321=AXIS2_PLACEMENT_3D('',#1976,#1571,#1572);
#1322=AXIS2_PLACEMENT_3D('',#1979,#1574,#1575);
#1323=AXIS2_PLACEMENT_3D('',#1980,#1576,#1577);
#1324=AXIS2_PLACEMENT_3D('',#1981,#1578,#1579);
#1325=AXIS2_PLACEMENT_3D('',#1984,#1581,#1582);
#1326=AXIS2_PLACEMENT_3D('',#1985,#1583,#1584);
#1327=AXIS2_PLACEMENT_3D('',#1986,#1585,#1586);
#1328=AXIS2_PLACEMENT_3D('',#1989,#1588,#1589);
#1329=AXIS2_PLACEMENT_3D('',#1990,#1590,#1591);
#1330=AXIS2_PLACEMENT_3D('',#1991,#1592,#1593);
#1331=AXIS2_PLACEMENT_3D('',#1994,#1595,#1596);
#1332=AXIS2_PLACEMENT_3D('',#1995,#1597,#1598);
#1333=AXIS2_PLACEMENT_3D('',#1996,#1599,#1600);
#1334=AXIS2_PLACEMENT_3D('',#1999,#1602,#1603);
#1335=AXIS2_PLACEMENT_3D('',#2000,#1604,#1605);
#1336=AXIS2_PLACEMENT_3D('',#2001,#1606,#1607);
#1337=AXIS2_PLACEMENT_3D('',#2004,#1609,#1610);
#1338=AXIS2_PLACEMENT_3D('',#2005,#1611,#1612);
#1339=AXIS2_PLACEMENT_3D('',#2006,#1613,#1614);
#1340=AXIS2_PLACEMENT_3D('',#2009,#1616,#1617);
#1341=AXIS2_PLACEMENT_3D('',#2010,#1618,#1619);
#1342=AXIS2_PLACEMENT_3D('',#2011,#1620,#1621);
#1343=AXIS2_PLACEMENT_3D('',#2014,#1623,#1624);
#1344=AXIS2_PLACEMENT_3D('',#2015,#1625,#1626);
#1345=AXIS2_PLACEMENT_3D('',#2017,#1628,#1629);
#1346=AXIS2_PLACEMENT_3D('',#2020,#1631,#1632);
#1347=AXIS2_PLACEMENT_3D('',#2021,#1633,#1634);
#1348=AXIS2_PLACEMENT_3D('',#2022,#1635,#1636);
#1349=AXIS2_PLACEMENT_3D('',#2025,#1638,#1639);
#1350=AXIS2_PLACEMENT_3D('',#2026,#1640,#1641);
#1351=AXIS2_PLACEMENT_3D('',#2027,#1642,#1643);
#1352=AXIS2_PLACEMENT_3D('',#2030,#1645,#1646);
#1353=AXIS2_PLACEMENT_3D('',#2031,#1647,#1648);
#1354=AXIS2_PLACEMENT_3D('',#2032,#1649,#1650);
#1355=AXIS2_PLACEMENT_3D('',#2035,#1652,#1653);
#1356=AXIS2_PLACEMENT_3D('',#2036,#1654,#1655);
#1357=AXIS2_PLACEMENT_3D('',#2037,#1656,#1657);
#1358=AXIS2_PLACEMENT_3D('',#2040,#1659,#1660);
#1359=AXIS2_PLACEMENT_3D('',#2041,#1661,#1662);
#1360=AXIS2_PLACEMENT_3D('',#2042,#1663,#1664);
#1361=AXIS2_PLACEMENT_3D('',#2045,#1666,#1667);
#1362=AXIS2_PLACEMENT_3D('',#2046,#1668,#1669);
#1363=AXIS2_PLACEMENT_3D('',#2047,#1670,#1671);
#1364=AXIS2_PLACEMENT_3D('',#2050,#1673,#1674);
#1365=AXIS2_PLACEMENT_3D('',#2051,#1675,#1676);
#1366=AXIS2_PLACEMENT_3D('',#2052,#1677,#1678);
#1367=AXIS2_PLACEMENT_3D('',#2055,#1680,#1681);
#1368=AXIS2_PLACEMENT_3D('',#2056,#1682,#1683);
#1369=AXIS2_PLACEMENT_3D('',#2057,#1684,#1685);
#1370=AXIS2_PLACEMENT_3D('',#2060,#1687,#1688);
#1371=AXIS2_PLACEMENT_3D('',#2061,#1689,#1690);
#1372=AXIS2_PLACEMENT_3D('',#2062,#1691,#1692);
#1373=AXIS2_PLACEMENT_3D('',#2065,#1694,#1695);
#1374=AXIS2_PLACEMENT_3D('',#2066,#1696,#1697);
#1375=AXIS2_PLACEMENT_3D('',#2067,#1698,#1699);
#1376=AXIS2_PLACEMENT_3D('',#2070,#1701,#1702);
#1377=AXIS2_PLACEMENT_3D('',#2071,#1703,#1704);
#1378=AXIS2_PLACEMENT_3D('',#2072,#1705,#1706);
#1379=AXIS2_PLACEMENT_3D('',#2075,#1708,#1709);
#1380=AXIS2_PLACEMENT_3D('',#2076,#1710,#1711);
#1381=AXIS2_PLACEMENT_3D('',#2077,#1712,#1713);
#1382=AXIS2_PLACEMENT_3D('',#2080,#1715,#1716);
#1383=AXIS2_PLACEMENT_3D('',#2081,#1717,#1718);
#1384=AXIS2_PLACEMENT_3D('',#2082,#1719,#1720);
#1385=AXIS2_PLACEMENT_3D('',#2085,#1722,#1723);
#1386=AXIS2_PLACEMENT_3D('',#2086,#1724,#1725);
#1387=AXIS2_PLACEMENT_3D('',#2087,#1726,#1727);
#1388=AXIS2_PLACEMENT_3D('',#2090,#1729,#1730);
#1389=AXIS2_PLACEMENT_3D('',#2091,#1731,#1732);
#1390=AXIS2_PLACEMENT_3D('',#2092,#1733,#1734);
#1391=AXIS2_PLACEMENT_3D('',#2095,#1736,#1737);
#1392=AXIS2_PLACEMENT_3D('',#2096,#1738,#1739);
#1393=AXIS2_PLACEMENT_3D('',#2097,#1740,#1741);
#1394=AXIS2_PLACEMENT_3D('',#2099,#1743,#1744);
#1395=AXIS2_PLACEMENT_3D('',#2100,#1745,#1746);
#1396=AXIS2_PLACEMENT_3D('',#2106,#1750,#1751);
#1397=AXIS2_PLACEMENT_3D('',#2110,#1754,#1755);
#1398=AXIS2_PLACEMENT_3D('',#2114,#1758,#1759);
#1399=AXIS2_PLACEMENT_3D('',#2118,#1762,#1763);
#1400=AXIS2_PLACEMENT_3D('',#2122,#1766,#1767);
#1401=AXIS2_PLACEMENT_3D('',#2124,#1769,#1770);
#1402=AXIS2_PLACEMENT_3D('',#2130,#1774,#1775);
#1403=AXIS2_PLACEMENT_3D('',#2134,#1778,#1779);
#1404=AXIS2_PLACEMENT_3D('',#2138,#1782,#1783);
#1405=AXIS2_PLACEMENT_3D('',#2142,#1786,#1787);
#1406=AXIS2_PLACEMENT_3D('',#2146,#1790,#1791);
#1407=AXIS2_PLACEMENT_3D('',#2148,#1793,#1794);
#1408=AXIS2_PLACEMENT_3D('',#2149,#1795,#1796);
#1409=AXIS2_PLACEMENT_3D('',#2150,#1797,#1798);
#1410=DIRECTION('axis',(0.,0.,1.));
#1411=DIRECTION('refdir',(1.,0.,0.));
#1412=DIRECTION('axis',(0.,0.,1.));
#1413=DIRECTION('refdir',(1.,0.,0.));
#1414=DIRECTION('axis',(0.,0.,1.));
#1415=DIRECTION('refdir',(1.,0.,0.));
#1416=DIRECTION('center_axis',(0.5,-0.866025403784439,0.));
#1417=DIRECTION('ref_axis',(0.,0.,-1.));
#1418=DIRECTION('',(-0.866025403784439,-0.5,0.));
#1419=DIRECTION('',(0.,0.,-1.));
#1420=DIRECTION('',(0.866025403784439,0.5,0.));
#1421=DIRECTION('',(0.,0.,1.));
#1422=DIRECTION('center_axis',(0.866025403784439,-0.5,0.));
#1423=DIRECTION('ref_axis',(0.5,0.866025403784439,0.));
#1424=DIRECTION('',(-0.5,-0.866025403784439,0.));
#1425=DIRECTION('',(0.,0.,-1.));
#1426=DIRECTION('',(0.5,0.866025403784439,0.));
#1427=DIRECTION('center_axis',(0.,0.,1.));
#1428=DIRECTION('ref_axis',(-1.,0.,0.));
#1429=DIRECTION('',(-1.,0.,0.));
#1430=DIRECTION('',(0.86602540378444,-0.499999999999997,0.));
#1431=DIRECTION('',(-0.500000000000001,0.866025403784438,0.));
#1432=DIRECTION('',(0.,-1.,0.));
#1433=DIRECTION('center_axis',(0.,0.,1.));
#1434=DIRECTION('ref_axis',(-1.,0.,0.));
#1435=DIRECTION('',(0.5,0.866025403784439,0.));
#1436=DIRECTION('',(-0.866025403784439,-0.5,0.));
#1437=DIRECTION('',(1.,0.,0.));
#1438=DIRECTION('',(0.5,-0.866025403784438,0.));
#1439=DIRECTION('center_axis',(0.,0.,1.));
#1440=DIRECTION('ref_axis',(-1.,0.,0.));
#1441=DIRECTION('',(8.54650082837141E-16,1.,0.));
#1442=DIRECTION('center_axis',(0.,0.,1.));
#1443=DIRECTION('ref_axis',(-1.,0.,0.));
#1444=DIRECTION('center_axis',(0.,0.,1.));
#1445=DIRECTION('ref_axis',(-1.,0.,0.));
#1446=DIRECTION('center_axis',(0.,0.,1.));
#1447=DIRECTION('ref_axis',(-1.,0.,0.));
#1448=DIRECTION('center_axis',(0.,0.,1.));
#1449=DIRECTION('ref_axis',(-1.,0.,0.));
#1450=DIRECTION('center_axis',(0.,0.,1.));
#1451=DIRECTION('ref_axis',(-1.,0.,0.));
#1452=DIRECTION('center_axis',(0.,0.,1.));
#1453=DIRECTION('ref_axis',(-1.,0.,0.));
#1454=DIRECTION('center_axis',(0.,0.,1.));
#1455=DIRECTION('ref_axis',(-1.,0.,0.));
#1456=DIRECTION('center_axis',(0.,0.,1.));
#1457=DIRECTION('ref_axis',(-1.,0.,0.));
#1458=DIRECTION('center_axis',(0.,0.,1.));
#1459=DIRECTION('ref_axis',(-1.,0.,0.));
#1460=DIRECTION('center_axis',(0.,0.,1.));
#1461=DIRECTION('ref_axis',(-1.,0.,0.));
#1462=DIRECTION('',(-1.,0.,0.));
#1463=DIRECTION('',(-0.5,-0.866025403784439,0.));
#1464=DIRECTION('',(0.500000000000001,-0.866025403784438,0.));
#1465=DIRECTION('',(1.,0.,0.));
#1466=DIRECTION('',(0.5,0.866025403784439,0.));
#1467=DIRECTION('',(-0.500000000000001,0.866025403784438,0.));
#1468=DIRECTION('center_axis',(1.,-8.5465008283714E-16,0.));
#1469=DIRECTION('ref_axis',(0.,0.,-1.));
#1470=DIRECTION('',(-8.54650082837141E-16,-1.,0.));
#1471=DIRECTION('',(0.,0.,1.));
#1472=DIRECTION('',(8.54650082837141E-16,1.,0.));
#1473=DIRECTION('',(0.,0.,1.));
#1474=DIRECTION('center_axis',(0.,0.,1.));
#1475=DIRECTION('ref_axis',(1.,0.,0.));
#1476=DIRECTION('',(-0.5,0.866025403784438,0.));
#1477=DIRECTION('',(-1.,0.,0.));
#1478=DIRECTION('',(0.866025403784439,0.5,0.));
#1479=DIRECTION('',(-0.5,-0.866025403784439,0.));
#1480=DIRECTION('',(0.,1.,0.));
#1481=DIRECTION('',(0.500000000000001,-0.866025403784438,0.));
#1482=DIRECTION('',(-0.86602540378444,0.499999999999997,0.));
#1483=DIRECTION('',(1.,0.,0.));
#1484=DIRECTION('center_axis',(0.,0.,-1.));
#1485=DIRECTION('ref_axis',(-1.,0.,0.));
#1486=DIRECTION('center_axis',(0.,0.,-1.));
#1487=DIRECTION('ref_axis',(-1.,0.,0.));
#1488=DIRECTION('center_axis',(0.,0.,-1.));
#1489=DIRECTION('ref_axis',(-1.,0.,0.));
#1490=DIRECTION('center_axis',(0.,0.,-1.));
#1491=DIRECTION('ref_axis',(-1.,0.,0.));
#1492=DIRECTION('center_axis',(0.,0.,-1.));
#1493=DIRECTION('ref_axis',(-1.,0.,0.));
#1494=DIRECTION('center_axis',(0.,0.,-1.));
#1495=DIRECTION('ref_axis',(-1.,0.,0.));
#1496=DIRECTION('center_axis',(0.,0.,-1.));
#1497=DIRECTION('ref_axis',(-1.,0.,0.));
#1498=DIRECTION('center_axis',(0.,0.,-1.));
#1499=DIRECTION('ref_axis',(-1.,0.,0.));
#1500=DIRECTION('center_axis',(0.,0.,-1.));
#1501=DIRECTION('ref_axis',(-1.,0.,0.));
#1502=DIRECTION('center_axis',(0.,0.,-1.));
#1503=DIRECTION('ref_axis',(-1.,0.,0.));
#1504=DIRECTION('center_axis',(0.,0.,-1.));
#1505=DIRECTION('ref_axis',(-1.,0.,0.));
#1506=DIRECTION('center_axis',(0.,0.,-1.));
#1507=DIRECTION('ref_axis',(-1.,0.,0.));
#1508=DIRECTION('center_axis',(0.,0.,-1.));
#1509=DIRECTION('ref_axis',(-1.,0.,0.));
#1510=DIRECTION('center_axis',(0.,0.,-1.));
#1511=DIRECTION('ref_axis',(-1.,0.,0.));
#1512=DIRECTION('center_axis',(0.,0.,-1.));
#1513=DIRECTION('ref_axis',(-1.,0.,0.));
#1514=DIRECTION('center_axis',(0.,0.,-1.));
#1515=DIRECTION('ref_axis',(-1.,0.,0.));
#1516=DIRECTION('',(-0.5,0.866025403784438,0.));
#1517=DIRECTION('',(0.499999999999999,0.866025403784439,0.));
#1518=DIRECTION('',(1.,0.,0.));
#1519=DIRECTION('',(0.500000000000001,-0.866025403784438,0.));
#1520=DIRECTION('',(-0.5,-0.866025403784438,0.));
#1521=DIRECTION('',(-1.,-3.7705150713403E-16,0.));
#1522=DIRECTION('center_axis',(-0.5,0.866025403784439,0.));
#1523=DIRECTION('ref_axis',(0.,0.,1.));
#1524=DIRECTION('',(0.,0.,-1.));
#1525=DIRECTION('',(0.,0.,1.));
#1526=DIRECTION('center_axis',(-0.866025403784439,0.5,0.));
#1527=DIRECTION('ref_axis',(-0.5,-0.866025403784439,0.));
#1528=DIRECTION('',(0.,0.,1.));
#1529=DIRECTION('',(-0.5,-0.866025403784439,0.));
#1530=DIRECTION('',(0.,0.,-1.));
#1531=DIRECTION('center_axis',(-1.,0.,0.));
#1532=DIRECTION('ref_axis',(0.,0.,1.));
#1533=DIRECTION('',(0.,-1.,0.));
#1534=DIRECTION('',(0.,0.,-1.));
#1535=DIRECTION('',(0.,0.,1.));
#1536=DIRECTION('center_axis',(-0.866025403784438,-0.500000000000001,0.));
#1537=DIRECTION('ref_axis',(0.500000000000001,-0.866025403784438,0.));
#1538=DIRECTION('',(0.,0.,-1.));
#1539=DIRECTION('center_axis',(-0.499999999999997,-0.86602540378444,0.));
#1540=DIRECTION('ref_axis',(0.,0.,-1.));
#1541=DIRECTION('',(0.,0.,1.));
#1542=DIRECTION('center_axis',(0.,-1.,0.));
#1543=DIRECTION('ref_axis',(1.,0.,0.));
#1544=DIRECTION('center_axis',(0.,0.,1.));
#1545=DIRECTION('ref_axis',(-1.,0.,0.));
#1546=DIRECTION('',(0.,0.,1.));
#1547=DIRECTION('center_axis',(0.,0.,1.));
#1548=DIRECTION('ref_axis',(-1.,0.,0.));
#1549=DIRECTION('center_axis',(0.,0.,1.));
#1550=DIRECTION('ref_axis',(-1.,0.,0.));
#1551=DIRECTION('center_axis',(0.,0.,1.));
#1552=DIRECTION('ref_axis',(0.997233269237028,-0.0743357701704174,0.));
#1553=DIRECTION('center_axis',(0.,0.,1.));
#1554=DIRECTION('ref_axis',(-1.,0.,0.));
#1555=DIRECTION('center_axis',(0.,0.,1.));
#1556=DIRECTION('ref_axis',(-1.,0.,0.));
#1557=DIRECTION('center_axis',(0.,0.,1.));
#1558=DIRECTION('ref_axis',(-1.,0.,0.));
#1559=DIRECTION('',(0.,0.,1.));
#1560=DIRECTION('center_axis',(0.,0.,1.));
#1561=DIRECTION('ref_axis',(-1.,0.,0.));
#1562=DIRECTION('center_axis',(0.,0.,1.));
#1563=DIRECTION('ref_axis',(-1.,0.,0.));
#1564=DIRECTION('center_axis',(0.,0.,1.));
#1565=DIRECTION('ref_axis',(-1.,0.,0.));
#1566=DIRECTION('',(0.,0.,1.));
#1567=DIRECTION('center_axis',(0.,0.,1.));
#1568=DIRECTION('ref_axis',(-1.,0.,0.));
#1569=DIRECTION('center_axis',(0.,0.,1.));
#1570=DIRECTION('ref_axis',(-1.,0.,0.));
#1571=DIRECTION('center_axis',(0.,0.,1.));
#1572=DIRECTION('ref_axis',(-1.,0.,0.));
#1573=DIRECTION('',(0.,0.,1.));
#1574=DIRECTION('center_axis',(0.,0.,1.));
#1575=DIRECTION('ref_axis',(-1.,0.,0.));
#1576=DIRECTION('center_axis',(0.,0.,1.));
#1577=DIRECTION('ref_axis',(-1.,0.,0.));
#1578=DIRECTION('center_axis',(0.,0.,1.));
#1579=DIRECTION('ref_axis',(-1.,0.,0.));
#1580=DIRECTION('',(0.,0.,1.));
#1581=DIRECTION('center_axis',(0.,0.,1.));
#1582=DIRECTION('ref_axis',(-1.,0.,0.));
#1583=DIRECTION('center_axis',(0.,0.,1.));
#1584=DIRECTION('ref_axis',(-1.,0.,0.));
#1585=DIRECTION('center_axis',(0.,0.,1.));
#1586=DIRECTION('ref_axis',(-1.,0.,0.));
#1587=DIRECTION('',(0.,0.,1.));
#1588=DIRECTION('center_axis',(0.,0.,1.));
#1589=DIRECTION('ref_axis',(-1.,0.,0.));
#1590=DIRECTION('center_axis',(0.,0.,1.));
#1591=DIRECTION('ref_axis',(-1.,0.,0.));
#1592=DIRECTION('center_axis',(0.,0.,1.));
#1593=DIRECTION('ref_axis',(-1.,0.,0.));
#1594=DIRECTION('',(0.,0.,1.));
#1595=DIRECTION('center_axis',(0.,0.,1.));
#1596=DIRECTION('ref_axis',(-1.,0.,0.));
#1597=DIRECTION('center_axis',(0.,0.,1.));
#1598=DIRECTION('ref_axis',(-1.,0.,0.));
#1599=DIRECTION('center_axis',(0.,0.,1.));
#1600=DIRECTION('ref_axis',(-1.,0.,0.));
#1601=DIRECTION('',(0.,0.,1.));
#1602=DIRECTION('center_axis',(0.,0.,1.));
#1603=DIRECTION('ref_axis',(-1.,0.,0.));
#1604=DIRECTION('center_axis',(0.,0.,1.));
#1605=DIRECTION('ref_axis',(-1.,0.,0.));
#1606=DIRECTION('center_axis',(0.,0.,1.));
#1607=DIRECTION('ref_axis',(-1.,0.,0.));
#1608=DIRECTION('',(0.,0.,1.));
#1609=DIRECTION('center_axis',(0.,0.,1.));
#1610=DIRECTION('ref_axis',(-1.,0.,0.));
#1611=DIRECTION('center_axis',(0.,0.,1.));
#1612=DIRECTION('ref_axis',(-1.,0.,0.));
#1613=DIRECTION('center_axis',(0.,0.,1.));
#1614=DIRECTION('ref_axis',(-1.,0.,0.));
#1615=DIRECTION('',(0.,0.,1.));
#1616=DIRECTION('center_axis',(0.,0.,1.));
#1617=DIRECTION('ref_axis',(-1.,0.,0.));
#1618=DIRECTION('center_axis',(0.,0.,1.));
#1619=DIRECTION('ref_axis',(-1.,0.,0.));
#1620=DIRECTION('center_axis',(0.,0.,1.));
#1621=DIRECTION('ref_axis',(-1.,0.,0.));
#1622=DIRECTION('',(0.,0.,-1.));
#1623=DIRECTION('center_axis',(0.,0.,1.));
#1624=DIRECTION('ref_axis',(-1.,0.,0.));
#1625=DIRECTION('center_axis',(0.,0.,1.));
#1626=DIRECTION('ref_axis',(-1.,0.,0.));
#1627=DIRECTION('',(-0.5,0.866025403784438,0.));
#1628=DIRECTION('center_axis',(0.,0.,-1.));
#1629=DIRECTION('ref_axis',(-1.,0.,0.));
#1630=DIRECTION('',(0.,0.,-1.));
#1631=DIRECTION('center_axis',(0.,0.,-1.));
#1632=DIRECTION('ref_axis',(-1.,0.,0.));
#1633=DIRECTION('center_axis',(0.,0.,1.));
#1634=DIRECTION('ref_axis',(-1.,0.,0.));
#1635=DIRECTION('center_axis',(0.,0.,-1.));
#1636=DIRECTION('ref_axis',(-1.,0.,0.));
#1637=DIRECTION('',(0.,0.,-1.));
#1638=DIRECTION('center_axis',(0.,0.,-1.));
#1639=DIRECTION('ref_axis',(-1.,0.,0.));
#1640=DIRECTION('center_axis',(0.,0.,1.));
#1641=DIRECTION('ref_axis',(-1.,0.,0.));
#1642=DIRECTION('center_axis',(0.,0.,-1.));
#1643=DIRECTION('ref_axis',(-1.,0.,0.));
#1644=DIRECTION('',(0.,0.,-1.));
#1645=DIRECTION('center_axis',(0.,0.,-1.));
#1646=DIRECTION('ref_axis',(-1.,0.,0.));
#1647=DIRECTION('center_axis',(0.,0.,1.));
#1648=DIRECTION('ref_axis',(-1.,0.,0.));
#1649=DIRECTION('center_axis',(0.,0.,-1.));
#1650=DIRECTION('ref_axis',(-1.,0.,0.));
#1651=DIRECTION('',(0.,0.,-1.));
#1652=DIRECTION('center_axis',(0.,0.,-1.));
#1653=DIRECTION('ref_axis',(-1.,0.,0.));
#1654=DIRECTION('center_axis',(0.,0.,1.));
#1655=DIRECTION('ref_axis',(-1.,0.,0.));
#1656=DIRECTION('center_axis',(0.,0.,-1.));
#1657=DIRECTION('ref_axis',(-1.,0.,0.));
#1658=DIRECTION('',(0.,0.,-1.));
#1659=DIRECTION('center_axis',(0.,0.,-1.));
#1660=DIRECTION('ref_axis',(-1.,0.,0.));
#1661=DIRECTION('center_axis',(0.,0.,1.));
#1662=DIRECTION('ref_axis',(-1.,0.,0.));
#1663=DIRECTION('center_axis',(0.,0.,-1.));
#1664=DIRECTION('ref_axis',(-1.,0.,0.));
#1665=DIRECTION('',(0.,0.,-1.));
#1666=DIRECTION('center_axis',(0.,0.,-1.));
#1667=DIRECTION('ref_axis',(-1.,0.,0.));
#1668=DIRECTION('center_axis',(0.,0.,1.));
#1669=DIRECTION('ref_axis',(-1.,0.,0.));
#1670=DIRECTION('center_axis',(0.,0.,-1.));
#1671=DIRECTION('ref_axis',(-1.,0.,0.));
#1672=DIRECTION('',(0.,0.,-1.));
#1673=DIRECTION('center_axis',(0.,0.,-1.));
#1674=DIRECTION('ref_axis',(-1.,0.,0.));
#1675=DIRECTION('center_axis',(0.,0.,1.));
#1676=DIRECTION('ref_axis',(-1.,0.,0.));
#1677=DIRECTION('center_axis',(0.,0.,-1.));
#1678=DIRECTION('ref_axis',(-1.,0.,0.));
#1679=DIRECTION('',(0.,0.,-1.));
#1680=DIRECTION('center_axis',(0.,0.,-1.));
#1681=DIRECTION('ref_axis',(-1.,0.,0.));
#1682=DIRECTION('center_axis',(0.,0.,1.));
#1683=DIRECTION('ref_axis',(-1.,0.,0.));
#1684=DIRECTION('center_axis',(0.,0.,-1.));
#1685=DIRECTION('ref_axis',(-1.,0.,0.));
#1686=DIRECTION('',(0.,0.,-1.));
#1687=DIRECTION('center_axis',(0.,0.,-1.));
#1688=DIRECTION('ref_axis',(-1.,0.,0.));
#1689=DIRECTION('center_axis',(0.,0.,1.));
#1690=DIRECTION('ref_axis',(-1.,0.,0.));
#1691=DIRECTION('center_axis',(0.,0.,-1.));
#1692=DIRECTION('ref_axis',(-1.,0.,0.));
#1693=DIRECTION('',(0.,0.,-1.));
#1694=DIRECTION('center_axis',(0.,0.,-1.));
#1695=DIRECTION('ref_axis',(-1.,0.,0.));
#1696=DIRECTION('center_axis',(0.,0.,1.));
#1697=DIRECTION('ref_axis',(-1.,0.,0.));
#1698=DIRECTION('center_axis',(0.,0.,-1.));
#1699=DIRECTION('ref_axis',(-1.,0.,0.));
#1700=DIRECTION('',(0.,0.,-1.));
#1701=DIRECTION('center_axis',(0.,0.,-1.));
#1702=DIRECTION('ref_axis',(-1.,0.,0.));
#1703=DIRECTION('center_axis',(0.,0.,1.));
#1704=DIRECTION('ref_axis',(-1.,0.,0.));
#1705=DIRECTION('center_axis',(0.,0.,-1.));
#1706=DIRECTION('ref_axis',(-1.,0.,0.));
#1707=DIRECTION('',(0.,0.,-1.));
#1708=DIRECTION('center_axis',(0.,0.,-1.));
#1709=DIRECTION('ref_axis',(-1.,0.,0.));
#1710=DIRECTION('center_axis',(0.,0.,1.));
#1711=DIRECTION('ref_axis',(-1.,0.,0.));
#1712=DIRECTION('center_axis',(0.,0.,-1.));
#1713=DIRECTION('ref_axis',(-1.,0.,0.));
#1714=DIRECTION('',(0.,0.,-1.));
#1715=DIRECTION('center_axis',(0.,0.,-1.));
#1716=DIRECTION('ref_axis',(-1.,0.,0.));
#1717=DIRECTION('center_axis',(0.,0.,1.));
#1718=DIRECTION('ref_axis',(-1.,0.,0.));
#1719=DIRECTION('center_axis',(0.,0.,-1.));
#1720=DIRECTION('ref_axis',(-1.,0.,0.));
#1721=DIRECTION('',(0.,0.,-1.));
#1722=DIRECTION('center_axis',(0.,0.,-1.));
#1723=DIRECTION('ref_axis',(-1.,0.,0.));
#1724=DIRECTION('center_axis',(0.,0.,1.));
#1725=DIRECTION('ref_axis',(-1.,0.,0.));
#1726=DIRECTION('center_axis',(0.,0.,-1.));
#1727=DIRECTION('ref_axis',(-1.,0.,0.));
#1728=DIRECTION('',(0.,0.,-1.));
#1729=DIRECTION('center_axis',(0.,0.,-1.));
#1730=DIRECTION('ref_axis',(-1.,0.,0.));
#1731=DIRECTION('center_axis',(0.,0.,1.));
#1732=DIRECTION('ref_axis',(-1.,0.,0.));
#1733=DIRECTION('center_axis',(0.,0.,-1.));
#1734=DIRECTION('ref_axis',(-1.,0.,0.));
#1735=DIRECTION('',(0.,0.,-1.));
#1736=DIRECTION('center_axis',(0.,0.,-1.));
#1737=DIRECTION('ref_axis',(-1.,0.,0.));
#1738=DIRECTION('center_axis',(0.,0.,1.));
#1739=DIRECTION('ref_axis',(-1.,0.,0.));
#1740=DIRECTION('center_axis',(0.,1.,0.));
#1741=DIRECTION('ref_axis',(-1.,0.,0.));
#1742=DIRECTION('',(0.,0.,1.));
#1743=DIRECTION('center_axis',(0.866025403784438,0.5,0.));
#1744=DIRECTION('ref_axis',(-0.5,0.866025403784438,0.));
#1745=DIRECTION('center_axis',(-0.866025403784438,-0.5,0.));
#1746=DIRECTION('ref_axis',(0.5,-0.866025403784438,0.));
#1747=DIRECTION('',(0.5,-0.866025403784438,0.));
#1748=DIRECTION('',(0.,0.,1.));
#1749=DIRECTION('',(0.,0.,1.));
#1750=DIRECTION('center_axis',(-0.866025403784439,0.499999999999999,0.));
#1751=DIRECTION('ref_axis',(-0.499999999999999,-0.866025403784439,0.));
#1752=DIRECTION('',(-0.499999999999999,-0.866025403784439,0.));
#1753=DIRECTION('',(0.,0.,1.));
#1754=DIRECTION('center_axis',(0.,1.,0.));
#1755=DIRECTION('ref_axis',(-1.,0.,0.));
#1756=DIRECTION('',(-1.,0.,0.));
#1757=DIRECTION('',(0.,0.,1.));
#1758=DIRECTION('center_axis',(0.866025403784438,0.500000000000001,0.));
#1759=DIRECTION('ref_axis',(-0.500000000000001,0.866025403784438,0.));
#1760=DIRECTION('',(-0.500000000000001,0.866025403784438,0.));
#1761=DIRECTION('',(0.,0.,1.));
#1762=DIRECTION('center_axis',(0.866025403784438,-0.5,0.));
#1763=DIRECTION('ref_axis',(0.5,0.866025403784438,0.));
#1764=DIRECTION('',(0.5,0.866025403784438,0.));
#1765=DIRECTION('',(0.,0.,1.));
#1766=DIRECTION('center_axis',(3.7705150713403E-16,-1.,0.));
#1767=DIRECTION('ref_axis',(1.,3.7705150713403E-16,0.));
#1768=DIRECTION('',(1.,3.7705150713403E-16,0.));
#1769=DIRECTION('center_axis',(0.,-1.,0.));
#1770=DIRECTION('ref_axis',(-1.,0.,0.));
#1771=DIRECTION('',(0.,0.,1.));
#1772=DIRECTION('',(1.,0.,0.));
#1773=DIRECTION('',(0.,0.,1.));
#1774=DIRECTION('center_axis',(0.866025403784439,-0.5,0.));
#1775=DIRECTION('ref_axis',(-0.5,-0.866025403784439,0.));
#1776=DIRECTION('',(0.5,0.866025403784439,0.));
#1777=DIRECTION('',(0.,0.,-1.));
#1778=DIRECTION('center_axis',(0.866025403784438,0.500000000000001,0.));
#1779=DIRECTION('ref_axis',(0.500000000000001,-0.866025403784438,0.));
#1780=DIRECTION('',(-0.500000000000001,0.866025403784438,0.));
#1781=DIRECTION('',(0.,0.,-1.));
#1782=DIRECTION('center_axis',(0.,1.,0.));
#1783=DIRECTION('ref_axis',(1.,0.,0.));
#1784=DIRECTION('',(-1.,0.,0.));
#1785=DIRECTION('',(0.,0.,1.));
#1786=DIRECTION('center_axis',(-0.866025403784439,0.5,0.));
#1787=DIRECTION('ref_axis',(0.5,0.866025403784439,0.));
#1788=DIRECTION('',(-0.5,-0.866025403784439,0.));
#1789=DIRECTION('',(0.,0.,1.));
#1790=DIRECTION('center_axis',(-0.866025403784438,-0.500000000000001,0.));
#1791=DIRECTION('ref_axis',(-0.500000000000001,0.866025403784438,0.));
#1792=DIRECTION('',(0.500000000000001,-0.866025403784438,0.));
#1793=DIRECTION('center_axis',(0.,0.,-1.));
#1794=DIRECTION('ref_axis',(-1.,0.,0.));
#1795=DIRECTION('',(0.,0.,1.));
#1796=DIRECTION('',(1.,0.,0.));
#1797=DIRECTION('',(0.,0.,1.));
#1798=DIRECTION('',(1.,0.,0.));
#1799=CARTESIAN_POINT('',(0.,0.,0.));
#1800=CARTESIAN_POINT('',(0.,0.,0.));
#1801=CARTESIAN_POINT('',(0.,0.,0.));
#1802=CARTESIAN_POINT('Origin',(-49.2311497558378,-78.7009618943234,-215.));
#1803=CARTESIAN_POINT('',(-46.9811497558378,-77.4019237886468,-210.));
#1804=CARTESIAN_POINT('',(-51.4811497558378,-80.0000000000001,-210.));
#1805=CARTESIAN_POINT('',(-49.2311497558379,-78.7009618943235,-210.));
#1806=CARTESIAN_POINT('',(-51.4811497558378,-80.0000000000001,-215.));
#1807=CARTESIAN_POINT('',(-51.4811497558378,-80.0000000000001,-215.));
#1808=CARTESIAN_POINT('',(-46.9811497558378,-77.4019237886468,-215.));
#1809=CARTESIAN_POINT('',(-49.2311497558379,-78.7009618943235,-215.));
#1810=CARTESIAN_POINT('',(-46.9811497558378,-77.4019237886468,-215.));
#1811=CARTESIAN_POINT('Origin',(-48.4811497558378,-80.0000000000001,-215.));
#1812=CARTESIAN_POINT('',(-12.4533822585122,-17.5980762113535,-215.));
#1813=CARTESIAN_POINT('',(-10.9533822585122,-15.0000000000002,-215.));
#1814=CARTESIAN_POINT('',(-12.4533822585122,-17.5980762113535,-210.));
#1815=CARTESIAN_POINT('',(-12.4533822585122,-17.5980762113535,-215.));
#1816=CARTESIAN_POINT('',(-10.9533822585122,-15.0000000000002,-210.));
#1817=CARTESIAN_POINT('Origin',(-86.0089172531637,-15.0000000000001,-215.));
#1818=CARTESIAN_POINT('',(-120.536684750489,-80.0000000000001,-215.));
#1819=CARTESIAN_POINT('',(-48.4811497558378,-80.0000000000001,-215.));
#1820=CARTESIAN_POINT('',(-125.036684750489,-77.4019237886468,-215.));
#1821=CARTESIAN_POINT('',(-122.786684750489,-78.7009618943235,-215.));
#1822=CARTESIAN_POINT('',(-159.564452247815,-17.5980762113535,-215.));
#1823=CARTESIAN_POINT('',(-123.536684750489,-80.0000000000001,-215.));
#1824=CARTESIAN_POINT('',(-159.564452247815,-14.6501301362481,-215.));
#1825=CARTESIAN_POINT('',(-159.564452247815,-15.0000000000001,-215.));
#1826=CARTESIAN_POINT('',(-159.372021607859,-12.0686241433101,-215.));
#1827=CARTESIAN_POINT('Origin',(-157.277226853952,-13.5226994298768,-215.));
#1828=CARTESIAN_POINT('',(-125.036684750489,47.4019237886466,-215.));
#1829=CARTESIAN_POINT('',(-161.064452247815,-15.0000000000002,-215.));
#1830=CARTESIAN_POINT('',(-120.536684750489,49.9999999999999,-215.));
#1831=CARTESIAN_POINT('',(-122.786684750489,48.7009618943233,-215.));
#1832=CARTESIAN_POINT('',(-48.4811497558379,49.9999999999999,-215.));
#1833=CARTESIAN_POINT('',(-123.536684750489,49.9999999999999,-215.));
#1834=CARTESIAN_POINT('',(-12.6458128984683,-12.0686241433098,-215.));
#1835=CARTESIAN_POINT('',(-48.4811497558379,49.9999999999999,-215.));
#1836=CARTESIAN_POINT('',(-12.4533822585122,-14.6501301362481,-215.));
#1837=CARTESIAN_POINT('Origin',(-14.740607652375,-13.5226994298768,-215.));
#1838=CARTESIAN_POINT('',(-12.4533822585122,-15.0000000000002,-215.));
#1839=CARTESIAN_POINT('',(-47.9406076523751,-75.4435158004642,-215.));
#1840=CARTESIAN_POINT('Origin',(-50.4906076523751,-75.4435158004642,-215.));
#1841=CARTESIAN_POINT('',(-47.9406076523751,45.4435158004638,-215.));
#1842=CARTESIAN_POINT('Origin',(-50.4906076523751,45.4435158004638,-215.));
#1843=CARTESIAN_POINT('',(-83.4589172531636,46.7499999999998,-215.));
#1844=CARTESIAN_POINT('Origin',(-86.0089172531636,46.7499999999998,-215.));
#1845=CARTESIAN_POINT('',(-136.852226853952,-44.4831076151705,-215.));
#1846=CARTESIAN_POINT('Origin',(-139.402226853952,-44.4831076151705,-215.));
#1847=CARTESIAN_POINT('',(-30.065607652375,-44.4831076151705,-215.));
#1848=CARTESIAN_POINT('Origin',(-32.615607652375,-44.4831076151705,-215.));
#1849=CARTESIAN_POINT('',(-83.4589172531636,-76.7500000000001,-215.));
#1850=CARTESIAN_POINT('Origin',(-86.0089172531636,-76.7500000000001,-215.));
#1851=CARTESIAN_POINT('',(-136.852226853952,14.4831076151702,-215.));
#1852=CARTESIAN_POINT('Origin',(-139.402226853952,14.4831076151702,-215.));
#1853=CARTESIAN_POINT('',(-30.065607652375,14.4831076151702,-215.));
#1854=CARTESIAN_POINT('Origin',(-32.615607652375,14.4831076151702,-215.));
#1855=CARTESIAN_POINT('',(-118.977226853952,45.4435158004638,-215.));
#1856=CARTESIAN_POINT('Origin',(-121.527226853952,45.4435158004638,-215.));
#1857=CARTESIAN_POINT('',(-118.977226853952,-75.4435158004642,-215.));
#1858=CARTESIAN_POINT('Origin',(-121.527226853952,-75.4435158004642,-215.));
#1859=CARTESIAN_POINT('',(-53.9659773131393,-70.5000000000001,-215.));
#1860=CARTESIAN_POINT('',(-118.051857193188,-70.5000000000001,-215.));
#1861=CARTESIAN_POINT('',(-69.121421879367,-70.5000000000001,-215.));
#1862=CARTESIAN_POINT('',(-21.9230373731151,-15.0000000000002,-215.));
#1863=CARTESIAN_POINT('',(-29.5007596562289,-28.1250000000002,-215.));
#1864=CARTESIAN_POINT('',(-53.9659773131394,40.4999999999999,-215.));
#1865=CARTESIAN_POINT('',(-46.3882550300255,27.3749999999999,-215.));
#1866=CARTESIAN_POINT('',(-118.051857193188,40.4999999999999,-215.));
#1867=CARTESIAN_POINT('',(-102.89641262696,40.4999999999999,-215.));
#1868=CARTESIAN_POINT('',(-150.094797133212,-15.0000000000002,-215.));
#1869=CARTESIAN_POINT('',(-142.517074850098,-1.87500000000012,-215.));
#1870=CARTESIAN_POINT('',(-125.629579476302,-57.3750000000002,-215.));
#1871=CARTESIAN_POINT('Origin',(-12.4533822585122,-15.0000000000002,-215.));
#1872=CARTESIAN_POINT('',(-12.4533822585122,-12.4019237886469,-210.));
#1873=CARTESIAN_POINT('',(-12.4533822585122,-15.0000000000002,-210.));
#1874=CARTESIAN_POINT('',(-12.4533822585122,-14.6501301362481,-212.9));
#1875=CARTESIAN_POINT('',(-12.4533822585122,-14.6501301362481,-215.));
#1876=CARTESIAN_POINT('',(-12.4533822585122,-12.4019237886469,-212.9));
#1877=CARTESIAN_POINT('',(-12.4533822585122,-14.2613497149385,-212.9));
#1878=CARTESIAN_POINT('',(-12.4533822585122,-12.4019237886469,-215.));
#1879=CARTESIAN_POINT('Origin',(-86.0089172531637,-15.0000000000001,-210.));
#1880=CARTESIAN_POINT('',(-48.4811497558379,49.9999999999999,-210.));
#1881=CARTESIAN_POINT('',(-48.4811497558379,49.9999999999999,-210.));
#1882=CARTESIAN_POINT('',(-120.536684750489,49.9999999999999,-210.));
#1883=CARTESIAN_POINT('',(-123.536684750489,49.9999999999999,-210.));
#1884=CARTESIAN_POINT('',(-125.036684750489,47.4019237886466,-210.));
#1885=CARTESIAN_POINT('',(-122.786684750489,48.7009618943233,-210.));
#1886=CARTESIAN_POINT('',(-159.564452247815,-12.4019237886469,-210.));
#1887=CARTESIAN_POINT('',(-161.064452247815,-15.0000000000002,-210.));
#1888=CARTESIAN_POINT('',(-159.564452247815,-17.5980762113535,-210.));
#1889=CARTESIAN_POINT('',(-159.564452247815,-15.0000000000001,-210.));
#1890=CARTESIAN_POINT('',(-125.036684750489,-77.4019237886468,-210.));
#1891=CARTESIAN_POINT('',(-123.536684750489,-80.0000000000001,-210.));
#1892=CARTESIAN_POINT('',(-120.536684750489,-80.0000000000001,-210.));
#1893=CARTESIAN_POINT('',(-122.786684750489,-78.7009618943235,-210.));
#1894=CARTESIAN_POINT('',(-48.4811497558378,-80.0000000000001,-210.));
#1895=CARTESIAN_POINT('',(-110.614372503151,31.76537180436,-210.));
#1896=CARTESIAN_POINT('Origin',(-113.164372503151,31.76537180436,-210.));
#1897=CARTESIAN_POINT('',(-38.3034620031766,0.588457268120205,-210.));
#1898=CARTESIAN_POINT('Origin',(-40.8534620031766,0.588457268120205,-210.));
#1899=CARTESIAN_POINT('',(-56.3034620031768,-61.7653718043598,-210.));
#1900=CARTESIAN_POINT('Origin',(-58.8534620031768,-61.7653718043598,-210.));
#1901=CARTESIAN_POINT('',(-128.614372503151,-30.5884572681199,-210.));
#1902=CARTESIAN_POINT('Origin',(-131.164372503151,-30.5884572681199,-210.));
#1903=CARTESIAN_POINT('',(-119.614372503151,-46.1769145362398,-210.));
#1904=CARTESIAN_POINT('Origin',(-122.164372503151,-46.1769145362398,-210.));
#1905=CARTESIAN_POINT('',(-47.3034620031767,-46.17691453624,-210.));
#1906=CARTESIAN_POINT('Origin',(-49.8534620031767,-46.17691453624,-210.));
#1907=CARTESIAN_POINT('',(-47.3034620031766,16.1769145362401,-210.));
#1908=CARTESIAN_POINT('Origin',(-49.8534620031766,16.1769145362401,-210.));
#1909=CARTESIAN_POINT('',(-119.614372503151,16.1769145362401,-210.));
#1910=CARTESIAN_POINT('Origin',(-122.164372503151,16.1769145362401,-210.));
#1911=CARTESIAN_POINT('',(-83.4589172531636,31.9000000000003,-210.));
#1912=CARTESIAN_POINT('Origin',(-86.0089172531637,31.9000000000003,-210.));
#1913=CARTESIAN_POINT('',(-29.3034620031765,-15.0000000000003,-210.));
#1914=CARTESIAN_POINT('Origin',(-31.8534620031765,-15.0000000000003,-210.));
#1915=CARTESIAN_POINT('',(-83.4589172531638,-61.9000000000001,-210.));
#1916=CARTESIAN_POINT('Origin',(-86.0089172531638,-61.9000000000001,-210.));
#1917=CARTESIAN_POINT('',(-137.614372503151,-15.,-210.));
#1918=CARTESIAN_POINT('Origin',(-140.164372503151,-15.,-210.));
#1919=CARTESIAN_POINT('',(-110.614372503151,-61.7653718043597,-210.));
#1920=CARTESIAN_POINT('Origin',(-113.164372503151,-61.7653718043597,-210.));
#1921=CARTESIAN_POINT('',(-38.3034620031766,-30.5884572681202,-210.));
#1922=CARTESIAN_POINT('Origin',(-40.8534620031766,-30.5884572681202,-210.));
#1923=CARTESIAN_POINT('',(-56.3034620031767,31.7653718043599,-210.));
#1924=CARTESIAN_POINT('Origin',(-58.8534620031767,31.7653718043599,-210.));
#1925=CARTESIAN_POINT('',(-128.614372503151,0.588457268120223,-210.));
#1926=CARTESIAN_POINT('Origin',(-131.164372503151,0.588457268120223,-210.));
#1927=CARTESIAN_POINT('',(-109.564808236101,-55.8000000000001,-210.));
#1928=CARTESIAN_POINT('',(-133.120699219037,-15.0000000000002,-210.));
#1929=CARTESIAN_POINT('',(-127.231726473303,-25.2000000000002,-210.));
#1930=CARTESIAN_POINT('',(-109.564808236101,25.7999999999999,-210.));
#1931=CARTESIAN_POINT('',(-115.453780981835,15.6,-210.));
#1932=CARTESIAN_POINT('',(-62.4530262702271,25.7999999999999,-210.));
#1933=CARTESIAN_POINT('',(-74.2309717616954,25.7999999999999,-210.));
#1934=CARTESIAN_POINT('',(-38.8971352872903,-15.0000000000002,-210.));
#1935=CARTESIAN_POINT('',(-44.7861080330245,-4.80000000000016,-210.));
#1936=CARTESIAN_POINT('',(-62.453026270227,-55.8000000000001,-210.));
#1937=CARTESIAN_POINT('',(-56.5640535244928,-45.6000000000001,-210.));
#1938=CARTESIAN_POINT('',(-97.7868627446322,-55.8000000000001,-210.));
#1939=CARTESIAN_POINT('Origin',(-122.786684750489,48.7009618943232,-215.));
#1940=CARTESIAN_POINT('',(-120.536684750489,49.9999999999999,-215.));
#1941=CARTESIAN_POINT('',(-125.036684750489,47.4019237886466,-215.));
#1942=CARTESIAN_POINT('Origin',(-123.536684750489,49.9999999999999,-215.));
#1943=CARTESIAN_POINT('',(-159.372021607859,-12.0686241433103,-212.9));
#1944=CARTESIAN_POINT('',(-159.372021607859,-12.0686241433103,-215.));
#1945=CARTESIAN_POINT('',(-159.564452247815,-12.4019237886469,-212.9));
#1946=CARTESIAN_POINT('',(-141.507320369231,18.8739460640318,-212.9));
#1947=CARTESIAN_POINT('',(-159.564452247815,-12.4019237886469,-215.));
#1948=CARTESIAN_POINT('Origin',(-159.564452247815,-15.0000000000002,-215.));
#1949=CARTESIAN_POINT('',(-159.564452247815,-14.6501301362481,-212.9));
#1950=CARTESIAN_POINT('',(-159.564452247815,-14.2613497149385,-212.9));
#1951=CARTESIAN_POINT('',(-159.564452247815,-14.6501301362481,-215.));
#1952=CARTESIAN_POINT('',(-159.564452247815,-17.5980762113535,-215.));
#1953=CARTESIAN_POINT('Origin',(-161.064452247815,-15.0000000000002,-215.));
#1954=CARTESIAN_POINT('',(-125.036684750489,-77.4019237886468,-215.));
#1955=CARTESIAN_POINT('Origin',(-122.786684750489,-78.7009618943235,-215.));
#1956=CARTESIAN_POINT('',(-120.536684750489,-80.0000000000001,-215.));
#1957=CARTESIAN_POINT('Origin',(-123.536684750489,-80.0000000000001,-215.));
#1958=CARTESIAN_POINT('Origin',(-50.4906076523751,-75.4435158004642,-215.));
#1959=CARTESIAN_POINT('',(-47.9406076523751,-75.4435158004642,-212.9));
#1960=CARTESIAN_POINT('',(-47.9406076523751,-75.4435158004642,-215.));
#1961=CARTESIAN_POINT('Origin',(-50.4906076523751,-75.4435158004642,-212.9));
#1962=CARTESIAN_POINT('Origin',(-50.4906076523751,-75.4435158004642,-212.9));
#1963=CARTESIAN_POINT('Origin',(-157.277226853952,-13.5226994298768,-215.));
#1964=CARTESIAN_POINT('Origin',(-157.277226853952,-13.5226994298768,-212.9));
#1965=CARTESIAN_POINT('Origin',(-157.277226853952,-13.5226994298768,-212.9));
#1966=CARTESIAN_POINT('Origin',(-50.4906076523751,45.4435158004638,-215.));
#1967=CARTESIAN_POINT('',(-47.9406076523751,45.4435158004638,-212.9));
#1968=CARTESIAN_POINT('',(-47.9406076523751,45.4435158004638,-215.));
#1969=CARTESIAN_POINT('Origin',(-50.4906076523751,45.4435158004638,-212.9));
#1970=CARTESIAN_POINT('Origin',(-50.4906076523751,45.4435158004638,-212.9));
#1971=CARTESIAN_POINT('Origin',(-86.0089172531636,46.7499999999998,-215.));
#1972=CARTESIAN_POINT('',(-83.4589172531636,46.7499999999998,-212.9));
#1973=CARTESIAN_POINT('',(-83.4589172531636,46.7499999999998,-215.));
#1974=CARTESIAN_POINT('Origin',(-86.0089172531636,46.7499999999998,-212.9));
#1975=CARTESIAN_POINT('Origin',(-86.0089172531636,46.7499999999998,-212.9));
#1976=CARTESIAN_POINT('Origin',(-139.402226853952,-44.4831076151705,-215.));
#1977=CARTESIAN_POINT('',(-136.852226853952,-44.4831076151705,-212.9));
#1978=CARTESIAN_POINT('',(-136.852226853952,-44.4831076151705,-215.));
#1979=CARTESIAN_POINT('Origin',(-139.402226853952,-44.4831076151705,-212.9));
#1980=CARTESIAN_POINT('Origin',(-139.402226853952,-44.4831076151705,-212.9));
#1981=CARTESIAN_POINT('Origin',(-32.615607652375,-44.4831076151705,-215.));
#1982=CARTESIAN_POINT('',(-30.065607652375,-44.4831076151705,-212.9));
#1983=CARTESIAN_POINT('',(-30.065607652375,-44.4831076151705,-215.));
#1984=CARTESIAN_POINT('Origin',(-32.615607652375,-44.4831076151705,-212.9));
#1985=CARTESIAN_POINT('Origin',(-32.615607652375,-44.4831076151705,-212.9));
#1986=CARTESIAN_POINT('Origin',(-86.0089172531636,-76.7500000000001,-215.));
#1987=CARTESIAN_POINT('',(-83.4589172531636,-76.7500000000001,-212.9));
#1988=CARTESIAN_POINT('',(-83.4589172531636,-76.7500000000001,-215.));
#1989=CARTESIAN_POINT('Origin',(-86.0089172531636,-76.7500000000001,-212.9));
#1990=CARTESIAN_POINT('Origin',(-86.0089172531636,-76.7500000000001,-212.9));
#1991=CARTESIAN_POINT('Origin',(-139.402226853952,14.4831076151702,-215.));
#1992=CARTESIAN_POINT('',(-136.852226853952,14.4831076151702,-212.9));
#1993=CARTESIAN_POINT('',(-136.852226853952,14.4831076151702,-215.));
#1994=CARTESIAN_POINT('Origin',(-139.402226853952,14.4831076151702,-212.9));
#1995=CARTESIAN_POINT('Origin',(-139.402226853952,14.4831076151702,-212.9));
#1996=CARTESIAN_POINT('Origin',(-32.615607652375,14.4831076151702,-215.));
#1997=CARTESIAN_POINT('',(-30.065607652375,14.4831076151702,-212.9));
#1998=CARTESIAN_POINT('',(-30.065607652375,14.4831076151702,-215.));
#1999=CARTESIAN_POINT('Origin',(-32.615607652375,14.4831076151702,-212.9));
#2000=CARTESIAN_POINT('Origin',(-32.615607652375,14.4831076151702,-212.9));
#2001=CARTESIAN_POINT('Origin',(-121.527226853952,45.4435158004638,-215.));
#2002=CARTESIAN_POINT('',(-118.977226853952,45.4435158004638,-212.9));
#2003=CARTESIAN_POINT('',(-118.977226853952,45.4435158004638,-215.));
#2004=CARTESIAN_POINT('Origin',(-121.527226853952,45.4435158004638,-212.9));
#2005=CARTESIAN_POINT('Origin',(-121.527226853952,45.4435158004638,-212.9));
#2006=CARTESIAN_POINT('Origin',(-121.527226853952,-75.4435158004642,-215.));
#2007=CARTESIAN_POINT('',(-118.977226853952,-75.4435158004642,-212.9));
#2008=CARTESIAN_POINT('',(-118.977226853952,-75.4435158004642,-215.));
#2009=CARTESIAN_POINT('Origin',(-121.527226853952,-75.4435158004642,-212.9));
#2010=CARTESIAN_POINT('Origin',(-121.527226853952,-75.4435158004642,-212.9));
#2011=CARTESIAN_POINT('Origin',(-14.740607652375,-13.5226994298768,-215.));
#2012=CARTESIAN_POINT('',(-12.6458128984683,-12.0686241433099,-212.9));
#2013=CARTESIAN_POINT('',(-12.6458128984683,-12.0686241433099,-215.));
#2014=CARTESIAN_POINT('Origin',(-14.740607652375,-13.5226994298768,-212.9));
#2015=CARTESIAN_POINT('Origin',(-14.740607652375,-13.5226994298768,-212.9));
#2016=CARTESIAN_POINT('',(-11.746630388433,-13.6260539359682,-212.9));
#2017=CARTESIAN_POINT('Origin',(-113.164372503151,31.76537180436,-210.));
#2018=CARTESIAN_POINT('',(-110.614372503151,31.76537180436,-212.1));
#2019=CARTESIAN_POINT('',(-110.614372503151,31.76537180436,-210.));
#2020=CARTESIAN_POINT('Origin',(-113.164372503151,31.76537180436,-212.1));
#2021=CARTESIAN_POINT('Origin',(-113.164372503151,31.76537180436,-212.1));
#2022=CARTESIAN_POINT('Origin',(-40.8534620031766,0.588457268120205,-210.));
#2023=CARTESIAN_POINT('',(-38.3034620031766,0.588457268120205,-212.1));
#2024=CARTESIAN_POINT('',(-38.3034620031766,0.588457268120205,-210.));
#2025=CARTESIAN_POINT('Origin',(-40.8534620031766,0.588457268120205,-212.1));
#2026=CARTESIAN_POINT('Origin',(-40.8534620031766,0.588457268120205,-212.1));
#2027=CARTESIAN_POINT('Origin',(-58.8534620031768,-61.7653718043598,-210.));
#2028=CARTESIAN_POINT('',(-56.3034620031768,-61.7653718043598,-212.1));
#2029=CARTESIAN_POINT('',(-56.3034620031768,-61.7653718043598,-210.));
#2030=CARTESIAN_POINT('Origin',(-58.8534620031768,-61.7653718043598,-212.1));
#2031=CARTESIAN_POINT('Origin',(-58.8534620031768,-61.7653718043598,-212.1));
#2032=CARTESIAN_POINT('Origin',(-131.164372503151,-30.5884572681199,-210.));
#2033=CARTESIAN_POINT('',(-128.614372503151,-30.5884572681199,-212.1));
#2034=CARTESIAN_POINT('',(-128.614372503151,-30.5884572681199,-210.));
#2035=CARTESIAN_POINT('Origin',(-131.164372503151,-30.5884572681199,-212.1));
#2036=CARTESIAN_POINT('Origin',(-131.164372503151,-30.5884572681199,-212.1));
#2037=CARTESIAN_POINT('Origin',(-122.164372503151,-46.1769145362398,-210.));
#2038=CARTESIAN_POINT('',(-119.614372503151,-46.1769145362398,-212.1));
#2039=CARTESIAN_POINT('',(-119.614372503151,-46.1769145362398,-210.));
#2040=CARTESIAN_POINT('Origin',(-122.164372503151,-46.1769145362398,-212.1));
#2041=CARTESIAN_POINT('Origin',(-122.164372503151,-46.1769145362398,-212.1));
#2042=CARTESIAN_POINT('Origin',(-49.8534620031767,-46.17691453624,-210.));
#2043=CARTESIAN_POINT('',(-47.3034620031767,-46.17691453624,-212.1));
#2044=CARTESIAN_POINT('',(-47.3034620031767,-46.17691453624,-210.));
#2045=CARTESIAN_POINT('Origin',(-49.8534620031767,-46.17691453624,-212.1));
#2046=CARTESIAN_POINT('Origin',(-49.8534620031767,-46.17691453624,-212.1));
#2047=CARTESIAN_POINT('Origin',(-49.8534620031766,16.1769145362401,-210.));
#2048=CARTESIAN_POINT('',(-47.3034620031766,16.1769145362401,-212.1));
#2049=CARTESIAN_POINT('',(-47.3034620031766,16.1769145362401,-210.));
#2050=CARTESIAN_POINT('Origin',(-49.8534620031766,16.1769145362401,-212.1));
#2051=CARTESIAN_POINT('Origin',(-49.8534620031766,16.1769145362401,-212.1));
#2052=CARTESIAN_POINT('Origin',(-122.164372503151,16.1769145362401,-210.));
#2053=CARTESIAN_POINT('',(-119.614372503151,16.1769145362401,-212.1));
#2054=CARTESIAN_POINT('',(-119.614372503151,16.1769145362401,-210.));
#2055=CARTESIAN_POINT('Origin',(-122.164372503151,16.1769145362401,-212.1));
#2056=CARTESIAN_POINT('Origin',(-122.164372503151,16.1769145362401,-212.1));
#2057=CARTESIAN_POINT('Origin',(-86.0089172531637,31.9000000000003,-210.));
#2058=CARTESIAN_POINT('',(-83.4589172531636,31.9000000000003,-212.1));
#2059=CARTESIAN_POINT('',(-83.4589172531636,31.9000000000003,-210.));
#2060=CARTESIAN_POINT('Origin',(-86.0089172531637,31.9000000000003,-212.1));
#2061=CARTESIAN_POINT('Origin',(-86.0089172531637,31.9000000000003,-212.1));
#2062=CARTESIAN_POINT('Origin',(-31.8534620031765,-15.0000000000003,-210.));
#2063=CARTESIAN_POINT('',(-29.3034620031765,-15.0000000000003,-212.1));
#2064=CARTESIAN_POINT('',(-29.3034620031765,-15.0000000000003,-210.));
#2065=CARTESIAN_POINT('Origin',(-31.8534620031765,-15.0000000000003,-212.1));
#2066=CARTESIAN_POINT('Origin',(-31.8534620031765,-15.0000000000003,-212.1));
#2067=CARTESIAN_POINT('Origin',(-86.0089172531638,-61.9000000000001,-210.));
#2068=CARTESIAN_POINT('',(-83.4589172531638,-61.9000000000001,-212.1));
#2069=CARTESIAN_POINT('',(-83.4589172531638,-61.9000000000001,-210.));
#2070=CARTESIAN_POINT('Origin',(-86.0089172531638,-61.9000000000001,-212.1));
#2071=CARTESIAN_POINT('Origin',(-86.0089172531638,-61.9000000000001,-212.1));
#2072=CARTESIAN_POINT('Origin',(-140.164372503151,-15.,-210.));
#2073=CARTESIAN_POINT('',(-137.614372503151,-15.,-212.1));
#2074=CARTESIAN_POINT('',(-137.614372503151,-15.,-210.));
#2075=CARTESIAN_POINT('Origin',(-140.164372503151,-15.,-212.1));
#2076=CARTESIAN_POINT('Origin',(-140.164372503151,-15.,-212.1));
#2077=CARTESIAN_POINT('Origin',(-113.164372503151,-61.7653718043597,-210.));
#2078=CARTESIAN_POINT('',(-110.614372503151,-61.7653718043597,-212.1));
#2079=CARTESIAN_POINT('',(-110.614372503151,-61.7653718043597,-210.));
#2080=CARTESIAN_POINT('Origin',(-113.164372503151,-61.7653718043597,-212.1));
#2081=CARTESIAN_POINT('Origin',(-113.164372503151,-61.7653718043597,-212.1));
#2082=CARTESIAN_POINT('Origin',(-40.8534620031766,-30.5884572681202,-210.));
#2083=CARTESIAN_POINT('',(-38.3034620031766,-30.5884572681202,-212.1));
#2084=CARTESIAN_POINT('',(-38.3034620031766,-30.5884572681202,-210.));
#2085=CARTESIAN_POINT('Origin',(-40.8534620031766,-30.5884572681202,-212.1));
#2086=CARTESIAN_POINT('Origin',(-40.8534620031766,-30.5884572681202,-212.1));
#2087=CARTESIAN_POINT('Origin',(-58.8534620031767,31.7653718043599,-210.));
#2088=CARTESIAN_POINT('',(-56.3034620031767,31.7653718043599,-212.1));
#2089=CARTESIAN_POINT('',(-56.3034620031767,31.7653718043599,-210.));
#2090=CARTESIAN_POINT('Origin',(-58.8534620031767,31.7653718043599,-212.1));
#2091=CARTESIAN_POINT('Origin',(-58.8534620031767,31.7653718043599,-212.1));
#2092=CARTESIAN_POINT('Origin',(-131.164372503151,0.588457268120223,-210.));
#2093=CARTESIAN_POINT('',(-128.614372503151,0.588457268120223,-212.1));
#2094=CARTESIAN_POINT('',(-128.614372503151,0.588457268120222,-210.));
#2095=CARTESIAN_POINT('Origin',(-131.164372503151,0.588457268120223,-212.1));
#2096=CARTESIAN_POINT('Origin',(-131.164372503151,0.588457268120223,-212.1));
#2097=CARTESIAN_POINT('Origin',(-48.4811497558379,49.9999999999999,-215.));
#2098=CARTESIAN_POINT('',(-48.4811497558379,49.9999999999999,-215.));
#2099=CARTESIAN_POINT('Origin',(-10.9533822585122,-15.0000000000002,-215.));
#2100=CARTESIAN_POINT('Origin',(-133.120699219037,-15.0000000000002,-225.));
#2101=CARTESIAN_POINT('',(-133.120699219037,-15.0000000000002,-225.));
#2102=CARTESIAN_POINT('',(-109.564808236101,-55.8000000000001,-225.));
#2103=CARTESIAN_POINT('',(-127.231726473303,-25.2000000000002,-225.));
#2104=CARTESIAN_POINT('',(-133.120699219037,-15.0000000000002,-215.));
#2105=CARTESIAN_POINT('',(-109.564808236101,-55.8000000000001,-225.));
#2106=CARTESIAN_POINT('Origin',(-109.564808236101,25.7999999999999,-225.));
#2107=CARTESIAN_POINT('',(-109.564808236101,25.7999999999999,-225.));
#2108=CARTESIAN_POINT('',(-115.453780981835,15.6,-225.));
#2109=CARTESIAN_POINT('',(-109.564808236101,25.7999999999999,-215.));
#2110=CARTESIAN_POINT('Origin',(-62.4530262702271,25.7999999999999,-225.));
#2111=CARTESIAN_POINT('',(-62.4530262702271,25.7999999999999,-225.));
#2112=CARTESIAN_POINT('',(-74.2309717616954,25.7999999999999,-225.));
#2113=CARTESIAN_POINT('',(-62.4530262702271,25.7999999999999,-215.));
#2114=CARTESIAN_POINT('Origin',(-38.8971352872903,-15.0000000000002,-225.));
#2115=CARTESIAN_POINT('',(-38.8971352872903,-15.0000000000002,-225.));
#2116=CARTESIAN_POINT('',(-44.7861080330245,-4.80000000000016,-225.));
#2117=CARTESIAN_POINT('',(-38.8971352872903,-15.0000000000002,-215.));
#2118=CARTESIAN_POINT('Origin',(-62.453026270227,-55.8000000000001,-225.));
#2119=CARTESIAN_POINT('',(-62.453026270227,-55.8000000000001,-225.));
#2120=CARTESIAN_POINT('',(-56.5640535244928,-45.6000000000001,-225.));
#2121=CARTESIAN_POINT('',(-62.453026270227,-55.8000000000001,-215.));
#2122=CARTESIAN_POINT('Origin',(-109.564808236101,-55.8000000000001,-225.));
#2123=CARTESIAN_POINT('',(-97.7868627446322,-55.8000000000001,-225.));
#2124=CARTESIAN_POINT('Origin',(-52.2339265055704,-70.5000000000001,-215.));
#2125=CARTESIAN_POINT('',(-118.051857193188,-70.5000000000001,-225.));
#2126=CARTESIAN_POINT('',(-118.051857193188,-70.5000000000001,-215.));
#2127=CARTESIAN_POINT('',(-53.9659773131393,-70.5000000000001,-225.));
#2128=CARTESIAN_POINT('',(-69.121421879367,-70.5000000000001,-225.));
#2129=CARTESIAN_POINT('',(-53.9659773131393,-70.5000000000001,-215.));
#2130=CARTESIAN_POINT('Origin',(-21.0570119693306,-13.5000000000002,-215.));
#2131=CARTESIAN_POINT('',(-21.9230373731151,-15.0000000000002,-225.));
#2132=CARTESIAN_POINT('',(-29.5007596562289,-28.1250000000002,-225.));
#2133=CARTESIAN_POINT('',(-21.9230373731151,-15.0000000000002,-215.));
#2134=CARTESIAN_POINT('Origin',(-54.8320027169238,41.9999999999999,-215.));
#2135=CARTESIAN_POINT('',(-53.9659773131394,40.4999999999999,-225.));
#2136=CARTESIAN_POINT('',(-46.3882550300255,27.3749999999999,-225.));
#2137=CARTESIAN_POINT('',(-53.9659773131394,40.4999999999999,-215.));
#2138=CARTESIAN_POINT('Origin',(-119.783908000757,40.4999999999999,-215.));
#2139=CARTESIAN_POINT('',(-118.051857193188,40.4999999999999,-225.));
#2140=CARTESIAN_POINT('',(-102.89641262696,40.4999999999999,-225.));
#2141=CARTESIAN_POINT('',(-118.051857193188,40.4999999999999,-215.));
#2142=CARTESIAN_POINT('Origin',(-150.960822536997,-16.5000000000002,-215.));
#2143=CARTESIAN_POINT('',(-150.094797133212,-15.0000000000002,-225.));
#2144=CARTESIAN_POINT('',(-142.517074850098,-1.87500000000012,-225.));
#2145=CARTESIAN_POINT('',(-150.094797133212,-15.0000000000002,-215.));
#2146=CARTESIAN_POINT('Origin',(-117.185831789404,-72.0000000000001,-215.));
#2147=CARTESIAN_POINT('',(-125.629579476302,-57.3750000000002,-225.));
#2148=CARTESIAN_POINT('Origin',(-86.0089172531637,-15.0000000000001,-225.));
#2149=CARTESIAN_POINT('',(0.,0.,0.));
#2150=CARTESIAN_POINT('',(0.,0.,0.));
#2151=UNCERTAINTY_MEASURE_WITH_UNIT(LENGTH_MEASURE(0.01),#2159,
'DISTANCE_ACCURACY_VALUE',
'Maximum model space distance between geometric entities at asserted c
onnectivities');
#2152=UNCERTAINTY_MEASURE_WITH_UNIT(LENGTH_MEASURE(0.01),#2159,
'DISTANCE_ACCURACY_VALUE',
'Maximum model space distance between geometric entities at asserted c
onnectivities');
#2153=UNCERTAINTY_MEASURE_WITH_UNIT(LENGTH_MEASURE(0.01),#2159,
'DISTANCE_ACCURACY_VALUE',
'Maximum model space distance between geometric entities at asserted c
onnectivities');
#2154=UNCERTAINTY_MEASURE_WITH_UNIT(LENGTH_MEASURE(0.01),#2159,
'DISTANCE_ACCURACY_VALUE',
'Maximum model space distance between geometric entities at asserted c
onnectivities');
#2155=(
GEOMETRIC_REPRESENTATION_CONTEXT(3)
GLOBAL_UNCERTAINTY_ASSIGNED_CONTEXT((#2151))
GLOBAL_UNIT_ASSIGNED_CONTEXT((#2159,#2161,#2162))
REPRESENTATION_CONTEXT('','3D')
);
#2156=(
GEOMETRIC_REPRESENTATION_CONTEXT(3)
GLOBAL_UNCERTAINTY_ASSIGNED_CONTEXT((#2152))
GLOBAL_UNIT_ASSIGNED_CONTEXT((#2159,#2161,#2162))
REPRESENTATION_CONTEXT('','3D')
);
#2157=(
GEOMETRIC_REPRESENTATION_CONTEXT(3)
GLOBAL_UNCERTAINTY_ASSIGNED_CONTEXT((#2153))
GLOBAL_UNIT_ASSIGNED_CONTEXT((#2159,#2161,#2162))
REPRESENTATION_CONTEXT('','3D')
);
#2158=(
GEOMETRIC_REPRESENTATION_CONTEXT(3)
GLOBAL_UNCERTAINTY_ASSIGNED_CONTEXT((#2154))
GLOBAL_UNIT_ASSIGNED_CONTEXT((#2159,#2161,#2162))
REPRESENTATION_CONTEXT('','3D')
);
#2159=(
LENGTH_UNIT()
NAMED_UNIT(*)
SI_UNIT(.MILLI.,.METRE.)
);
#2160=(
LENGTH_UNIT()
NAMED_UNIT(*)
SI_UNIT($,.METRE.)
);
#2161=(
NAMED_UNIT(*)
PLANE_ANGLE_UNIT()
SI_UNIT($,.RADIAN.)
);
#2162=(
NAMED_UNIT(*)
SI_UNIT($,.STERADIAN.)
SOLID_ANGLE_UNIT()
);
#2163=SHAPE_DEFINITION_REPRESENTATION(#2166,#2171);
#2164=SHAPE_DEFINITION_REPRESENTATION(#2167,#2172);
#2165=SHAPE_DEFINITION_REPRESENTATION(#2168,#2173);
#2166=PRODUCT_DEFINITION_SHAPE('',$,#2175);
#2167=PRODUCT_DEFINITION_SHAPE('',$,#2176);
#2168=PRODUCT_DEFINITION_SHAPE('',$,#2177);
#2169=PRODUCT_DEFINITION_SHAPE($,$,#17);
#2170=PRODUCT_DEFINITION_SHAPE($,$,#18);
#2171=SHAPE_REPRESENTATION('',(#1267,#1409),#2155);
#2172=SHAPE_REPRESENTATION('',(#1268,#1408),#2156);
#2173=SHAPE_REPRESENTATION('',(#1269),#2157);
#2174=PRODUCT_DEFINITION_CONTEXT('part definition',#2185,'design');
#2175=PRODUCT_DEFINITION('2025-12-08-00-33-07-883','Arm (1)',#2178,#2174);
#2176=PRODUCT_DEFINITION('2025-12-08-00-40-28-529','Arm',#2179,#2174);
#2177=PRODUCT_DEFINITION('2025-12-08-02-46-42-908','Lid',#2180,#2174);
#2178=PRODUCT_DEFINITION_FORMATION('',$,#2187);
#2179=PRODUCT_DEFINITION_FORMATION('',$,#2188);
#2180=PRODUCT_DEFINITION_FORMATION('',$,#2189);
#2181=PRODUCT_RELATED_PRODUCT_CATEGORY('Arm (1)','Arm (1)',(#2187));
#2182=PRODUCT_RELATED_PRODUCT_CATEGORY('Arm','Arm',(#2188));
#2183=PRODUCT_RELATED_PRODUCT_CATEGORY('Lid','Lid',(#2189));
#2184=APPLICATION_PROTOCOL_DEFINITION('international standard',
'automotive_design',2009,#2185);
#2185=APPLICATION_CONTEXT(
'Core Data for Automotive Mechanical Design Process');
#2186=PRODUCT_CONTEXT('part definition',#2185,'mechanical');
#2187=PRODUCT('2025-12-08-00-33-07-883','Arm (1)',$,(#2186));
#2188=PRODUCT('2025-12-08-00-40-28-529','Arm',$,(#2186));
#2189=PRODUCT('2025-12-08-02-46-42-908','Lid',$,(#2186));
#2190=PRESENTATION_STYLE_ASSIGNMENT((#2202));
#2191=PRESENTATION_STYLE_ASSIGNMENT((#2203));
#2192=PRESENTATION_STYLE_ASSIGNMENT((#2204));
#2193=PRESENTATION_STYLE_ASSIGNMENT((#2205));
#2194=PRESENTATION_STYLE_ASSIGNMENT((#2206));
#2195=PRESENTATION_STYLE_ASSIGNMENT((#2207));
#2196=PRESENTATION_STYLE_ASSIGNMENT((#2208));
#2197=PRESENTATION_STYLE_ASSIGNMENT((#2209));
#2198=PRESENTATION_STYLE_ASSIGNMENT((#2210));
#2199=PRESENTATION_STYLE_ASSIGNMENT((#2211));
#2200=PRESENTATION_STYLE_ASSIGNMENT((#2212));
#2201=PRESENTATION_STYLE_ASSIGNMENT((#2213));
#2202=SURFACE_STYLE_USAGE(.BOTH.,#2214);
#2203=SURFACE_STYLE_USAGE(.BOTH.,#2215);
#2204=SURFACE_STYLE_USAGE(.BOTH.,#2216);
#2205=SURFACE_STYLE_USAGE(.BOTH.,#2217);
#2206=SURFACE_STYLE_USAGE(.BOTH.,#2218);
#2207=SURFACE_STYLE_USAGE(.BOTH.,#2219);
#2208=SURFACE_STYLE_USAGE(.BOTH.,#2220);
#2209=SURFACE_STYLE_USAGE(.BOTH.,#2221);
#2210=SURFACE_STYLE_USAGE(.BOTH.,#2222);
#2211=SURFACE_STYLE_USAGE(.BOTH.,#2223);
#2212=SURFACE_STYLE_USAGE(.BOTH.,#2224);
#2213=SURFACE_STYLE_USAGE(.BOTH.,#2225);
#2214=SURFACE_SIDE_STYLE('',(#2226));
#2215=SURFACE_SIDE_STYLE('',(#2227));
#2216=SURFACE_SIDE_STYLE('',(#2228));
#2217=SURFACE_SIDE_STYLE('',(#2229));
#2218=SURFACE_SIDE_STYLE('',(#2230));
#2219=SURFACE_SIDE_STYLE('',(#2231));
#2220=SURFACE_SIDE_STYLE('',(#2232));
#2221=SURFACE_SIDE_STYLE('',(#2233));
#2222=SURFACE_SIDE_STYLE('',(#2234));
#2223=SURFACE_SIDE_STYLE('',(#2235));
#2224=SURFACE_SIDE_STYLE('',(#2236));
#2225=SURFACE_SIDE_STYLE('',(#2237));
#2226=SURFACE_STYLE_FILL_AREA(#2238);
#2227=SURFACE_STYLE_FILL_AREA(#2239);
#2228=SURFACE_STYLE_FILL_AREA(#2240);
#2229=SURFACE_STYLE_FILL_AREA(#2241);
#2230=SURFACE_STYLE_FILL_AREA(#2242);
#2231=SURFACE_STYLE_FILL_AREA(#2243);
#2232=SURFACE_STYLE_FILL_AREA(#2244);
#2233=SURFACE_STYLE_FILL_AREA(#2245);
#2234=SURFACE_STYLE_FILL_AREA(#2246);
#2235=SURFACE_STYLE_FILL_AREA(#2247);
#2236=SURFACE_STYLE_FILL_AREA(#2248);
#2237=SURFACE_STYLE_FILL_AREA(#2249);
#2238=FILL_AREA_STYLE('Steel - Satin',(#2250));
#2239=FILL_AREA_STYLE('Plastic - Matte (Black)',(#2251));
#2240=FILL_AREA_STYLE('Aluminum - Satin',(#2252));
#2241=FILL_AREA_STYLE('Aluminum - Polished',(#2253));
#2242=FILL_AREA_STYLE('Paek (Beige)',(#2254));
#2243=FILL_AREA_STYLE('Copper - Patina',(#2255));
#2244=FILL_AREA_STYLE('Plastic - Matte (Yellow)',(#2256));
#2245=FILL_AREA_STYLE('Plastic - Matte (Red)',(#2257));
#2246=FILL_AREA_STYLE('Stainless Steel - Polished',(#2258));
#2247=FILL_AREA_STYLE('Plastic - Matte (Green)',(#2259));
#2248=FILL_AREA_STYLE('Plastic - Matte (Blue)',(#2260));
#2249=FILL_AREA_STYLE('Opaque(64,64,64)',(#2261));
#2250=FILL_AREA_STYLE_COLOUR('Steel - Satin',#2262);
#2251=FILL_AREA_STYLE_COLOUR('Plastic - Matte (Black)',#2263);
#2252=FILL_AREA_STYLE_COLOUR('Aluminum - Satin',#2264);
#2253=FILL_AREA_STYLE_COLOUR('Aluminum - Polished',#2265);
#2254=FILL_AREA_STYLE_COLOUR('Paek (Beige)',#2266);
#2255=FILL_AREA_STYLE_COLOUR('Copper - Patina',#2267);
#2256=FILL_AREA_STYLE_COLOUR('Plastic - Matte (Yellow)',#2268);
#2257=FILL_AREA_STYLE_COLOUR('Plastic - Matte (Red)',#2269);
#2258=FILL_AREA_STYLE_COLOUR('Stainless Steel - Polished',#2270);
#2259=FILL_AREA_STYLE_COLOUR('Plastic - Matte (Green)',#2271);
#2260=FILL_AREA_STYLE_COLOUR('Plastic - Matte (Blue)',#2272);
#2261=FILL_AREA_STYLE_COLOUR('Opaque(64,64,64)',#2273);
#2262=COLOUR_RGB('Steel - Satin',0.627450980392157,0.627450980392157,0.627450980392157);
#2263=COLOUR_RGB('Plastic - Matte (Black)',0.0980392156862745,0.0980392156862745,
0.0980392156862745);
#2264=COLOUR_RGB('Aluminum - Satin',0.96078431372549,0.96078431372549,0.964705882352941);
#2265=COLOUR_RGB('Aluminum - Polished',0.96078431372549,0.96078431372549,
0.964705882352941);
#2266=COLOUR_RGB('Paek (Beige)',0.898039215686275,0.792156862745098,0.619607843137255);
#2267=COLOUR_RGB('Copper - Patina',0.929411764705882,0.807843137254902,
0.764705882352941);
#2268=COLOUR_RGB('Plastic - Matte (Yellow)',0.909803921568627,0.67843137254902,
0.137254901960784);
#2269=COLOUR_RGB('Plastic - Matte (Red)',0.768627450980392,0.207843137254902,
0.152941176470588);
#2270=COLOUR_RGB('Stainless Steel - Polished',0.796078431372549,0.796078431372549,
0.796078431372549);
#2271=COLOUR_RGB('Plastic - Matte (Green)',0.266666666666667,0.588235294117647,
0.282352941176471);
#2272=COLOUR_RGB('Plastic - Matte (Blue)',0.188235294117647,0.231372549019608,
0.588235294117647);
#2273=COLOUR_RGB('Opaque(64,64,64)',0.250980392156863,0.250980392156863,
0.250980392156863);
ENDSEC;
END-ISO-10303-21;
