ISO-10303-21;
HEADER;
/* Generated by software containing ST-Developer
 * from STEP Tools, Inc. (www.steptools.com) 
 */

FILE_DESCRIPTION(
/* description */ (''),
/* implementation_level */ '2;1');

FILE_NAME(
/* name */ 'Middle Finger.step',
/* time_stamp */ '2026-03-21T00:51:56Z',
/* author */ (''),
/* organization */ (''),
/* preprocessor_version */ 'ST-DEVELOPER v20.1',
/* originating_system */ 'Autodesk Translation Framework v14.24.0.0',
/* authorisation */ '');

FILE_SCHEMA (('AUTOMOTIVE_DESIGN { 1 0 10303 214 3 1 1 }'));
ENDSEC;

DATA;
#10=MECHANICAL_DESIGN_GEOMETRIC_PRESENTATION_REPRESENTATION('',(#29,#30,
#31),#2717);
#11=ITEM_DEFINED_TRANSFORMATION($,$,#814,#861);
#12=ITEM_DEFINED_TRANSFORMATION($,$,#830,#862);
#13=ITEM_DEFINED_TRANSFORMATION($,$,#847,#863);
#14=(
REPRESENTATION_RELATIONSHIP($,$,#2734,#2733)
REPRESENTATION_RELATIONSHIP_WITH_TRANSFORMATION(#11)
SHAPE_REPRESENTATION_RELATIONSHIP()
);
#15=(
REPRESENTATION_RELATIONSHIP($,$,#2735,#2733)
REPRESENTATION_RELATIONSHIP_WITH_TRANSFORMATION(#12)
SHAPE_REPRESENTATION_RELATIONSHIP()
);
#16=(
REPRESENTATION_RELATIONSHIP($,$,#2736,#2733)
REPRESENTATION_RELATIONSHIP_WITH_TRANSFORMATION(#13)
SHAPE_REPRESENTATION_RELATIONSHIP()
);
#17=CONTEXT_DEPENDENT_SHAPE_REPRESENTATION(#14,#2730);
#18=CONTEXT_DEPENDENT_SHAPE_REPRESENTATION(#15,#2731);
#19=CONTEXT_DEPENDENT_SHAPE_REPRESENTATION(#16,#2732);
#20=NEXT_ASSEMBLY_USAGE_OCCURRENCE('Proximal phalanx:1',
'Proximal phalanx:1','Proximal phalanx:1',#2738,#2739,
'Proximal phalanx:1');
#21=NEXT_ASSEMBLY_USAGE_OCCURRENCE('Middle phalanx:1',
'Middle phalanx:1','Middle phalanx:1',#2738,#2740,'Middle phalanx:1');
#22=NEXT_ASSEMBLY_USAGE_OCCURRENCE('Distal phalanx:1',
'Distal phalanx:1','Distal phalanx:1',#2738,#2741,'Distal phalanx:1');
#23=SHAPE_REPRESENTATION_RELATIONSHIP('SRR','None',#2734,#26);
#24=SHAPE_REPRESENTATION_RELATIONSHIP('SRR','None',#2735,#27);
#25=SHAPE_REPRESENTATION_RELATIONSHIP('SRR','None',#2736,#28);
#26=ADVANCED_BREP_SHAPE_REPRESENTATION('',(#32),#2714);
#27=ADVANCED_BREP_SHAPE_REPRESENTATION('',(#33),#2715);
#28=ADVANCED_BREP_SHAPE_REPRESENTATION('',(#34),#2716);
#29=STYLED_ITEM('',(#2757),#32);
#30=STYLED_ITEM('',(#2757),#33);
#31=STYLED_ITEM('',(#2757),#34);
#32=MANIFOLD_SOLID_BREP('Body1',#776);
#33=MANIFOLD_SOLID_BREP('Body1',#777);
#34=MANIFOLD_SOLID_BREP('Body1',#778);
#35=ELLIPSE('',#825,1.76776695296637,1.25);
#36=ELLIPSE('',#826,1.76776695296637,1.25);
#37=ELLIPSE('',#838,1.76776695296637,1.25);
#38=ELLIPSE('',#855,1.76776695296636,1.25);
#39=B_SPLINE_SURFACE_WITH_KNOTS('',3,3,((#1120,#1121,#1122,#1123),(#1124,
#1125,#1126,#1127),(#1128,#1129,#1130,#1131),(#1132,#1133,#1134,#1135),
(#1136,#1137,#1138,#1139),(#1140,#1141,#1142,#1143),(#1144,#1145,#1146,
#1147),(#1148,#1149,#1150,#1151),(#1152,#1153,#1154,#1155),(#1156,#1157,
#1158,#1159),(#1160,#1161,#1162,#1163),(#1164,#1165,#1166,#1167),(#1168,
#1169,#1170,#1171),(#1172,#1173,#1174,#1175),(#1176,#1177,#1178,#1179),
(#1180,#1181,#1182,#1183),(#1184,#1185,#1186,#1187),(#1188,#1189,#1190,
#1191),(#1192,#1193,#1194,#1195),(#1196,#1197,#1198,#1199),(#1200,#1201,
#1202,#1203),(#1204,#1205,#1206,#1207)),.UNSPECIFIED.,.F.,.F.,.F.,(4,2,
2,1,2,2,2,2,1,2,2,4),(4,4),(0.,0.152199945630612,0.160967359171351,0.25908797276818,
0.35720858636501,0.364711159439456,0.635288840560544,0.642765261531093,
0.740885875127922,0.839006488724752,0.847800054369388,1.),(0.,1.),
 .UNSPECIFIED.);
#40=B_SPLINE_SURFACE_WITH_KNOTS('',3,3,((#1305,#1306,#1307,#1308),(#1309,
#1310,#1311,#1312),(#1313,#1314,#1315,#1316),(#1317,#1318,#1319,#1320),
(#1321,#1322,#1323,#1324),(#1325,#1326,#1327,#1328)),.UNSPECIFIED.,.F.,
 .F.,.F.,(4,1,1,4),(4,4),(0.,0.285714285714286,0.571428571428571,1.),(0.0270345575156005,
0.972960703077032),.UNSPECIFIED.);
#41=B_SPLINE_SURFACE_WITH_KNOTS('',3,3,((#1331,#1332,#1333,#1334),(#1335,
#1336,#1337,#1338),(#1339,#1340,#1341,#1342),(#1343,#1344,#1345,#1346),
(#1347,#1348,#1349,#1350),(#1351,#1352,#1353,#1354)),.UNSPECIFIED.,.F.,
 .F.,.F.,(4,1,1,4),(4,4),(0.,0.285714285714286,0.571428571428571,1.),(0.0270340220467246,
0.973580807798176),.UNSPECIFIED.);
#42=B_SPLINE_SURFACE_WITH_KNOTS('',3,3,((#1458,#1459,#1460,#1461),(#1462,
#1463,#1464,#1465),(#1466,#1467,#1468,#1469),(#1470,#1471,#1472,#1473),
(#1474,#1475,#1476,#1477),(#1478,#1479,#1480,#1481),(#1482,#1483,#1484,
#1485),(#1486,#1487,#1488,#1489),(#1490,#1491,#1492,#1493),(#1494,#1495,
#1496,#1497),(#1498,#1499,#1500,#1501),(#1502,#1503,#1504,#1505),(#1506,
#1507,#1508,#1509),(#1510,#1511,#1512,#1513),(#1514,#1515,#1516,#1517),
(#1518,#1519,#1520,#1521),(#1522,#1523,#1524,#1525),(#1526,#1527,#1528,
#1529),(#1530,#1531,#1532,#1533),(#1534,#1535,#1536,#1537),(#1538,#1539,
#1540,#1541),(#1542,#1543,#1544,#1545)),.UNSPECIFIED.,.F.,.F.,.F.,(4,2,
2,1,2,2,2,2,1,2,2,4),(4,4),(0.,0.160967359171351,0.170770090547354,0.259800016237574,
0.348829941927794,0.357208586365009,0.642765261531093,0.651113734070784,
0.740143659761004,0.829173585451224,0.839006488724751,1.),(0.,1.),
 .UNSPECIFIED.);
#43=B_SPLINE_SURFACE_WITH_KNOTS('',3,3,((#1661,#1662,#1663,#1664),(#1665,
#1666,#1667,#1668),(#1669,#1670,#1671,#1672),(#1673,#1674,#1675,#1676),
(#1677,#1678,#1679,#1680),(#1681,#1682,#1683,#1684)),.UNSPECIFIED.,.F.,
 .F.,.F.,(4,1,1,4),(4,4),(0.,0.285714285714286,0.571428571428571,1.),(0.0304827017016801,
0.968740338495983),.UNSPECIFIED.);
#44=B_SPLINE_SURFACE_WITH_KNOTS('',3,3,((#1686,#1687,#1688,#1689),(#1690,
#1691,#1692,#1693),(#1694,#1695,#1696,#1697),(#1698,#1699,#1700,#1701),
(#1702,#1703,#1704,#1705),(#1706,#1707,#1708,#1709)),.UNSPECIFIED.,.F.,
 .F.,.F.,(4,1,1,4),(4,4),(0.,0.285714285714286,0.571428571428571,1.),(0.031286171303227,
0.968716694480396),.UNSPECIFIED.);
#45=B_SPLINE_SURFACE_WITH_KNOTS('',3,3,((#1863,#1864,#1865,#1866,#1867,
#1868,#1869,#1870,#1871,#1872,#1873,#1874,#1875,#1876),(#1877,#1878,#1879,
#1880,#1881,#1882,#1883,#1884,#1885,#1886,#1887,#1888,#1889,#1890),(#1891,
#1892,#1893,#1894,#1895,#1896,#1897,#1898,#1899,#1900,#1901,#1902,#1903,
#1904),(#1905,#1906,#1907,#1908,#1909,#1910,#1911,#1912,#1913,#1914,#1915,
#1916,#1917,#1918),(#1919,#1920,#1921,#1922,#1923,#1924,#1925,#1926,#1927,
#1928,#1929,#1930,#1931,#1932),(#1933,#1934,#1935,#1936,#1937,#1938,#1939,
#1940,#1941,#1942,#1943,#1944,#1945,#1946),(#1947,#1948,#1949,#1950,#1951,
#1952,#1953,#1954,#1955,#1956,#1957,#1958,#1959,#1960),(#1961,#1962,#1963,
#1964,#1965,#1966,#1967,#1968,#1969,#1970,#1971,#1972,#1973,#1974),(#1975,
#1976,#1977,#1978,#1979,#1980,#1981,#1982,#1983,#1984,#1985,#1986,#1987,
#1988)),.UNSPECIFIED.,.F.,.F.,.F.,(4,1,1,1,1,1,4),(4,2,2,1,1,2,2,4),(0.,
0.4,0.5,0.6,0.7,0.8,1.),(0.,0.247958726004843,0.274707774060376,0.387047705557774,
0.499387637055172,0.724067500049968,0.755618550130958,1.),.UNSPECIFIED.);
#46=B_SPLINE_SURFACE_WITH_KNOTS('',3,3,((#2016,#2017,#2018,#2019,#2020,
#2021,#2022,#2023,#2024,#2025,#2026,#2027,#2028,#2029),(#2030,#2031,#2032,
#2033,#2034,#2035,#2036,#2037,#2038,#2039,#2040,#2041,#2042,#2043),(#2044,
#2045,#2046,#2047,#2048,#2049,#2050,#2051,#2052,#2053,#2054,#2055,#2056,
#2057),(#2058,#2059,#2060,#2061,#2062,#2063,#2064,#2065,#2066,#2067,#2068,
#2069,#2070,#2071),(#2072,#2073,#2074,#2075,#2076,#2077,#2078,#2079,#2080,
#2081,#2082,#2083,#2084,#2085),(#2086,#2087,#2088,#2089,#2090,#2091,#2092,
#2093,#2094,#2095,#2096,#2097,#2098,#2099),(#2100,#2101,#2102,#2103,#2104,
#2105,#2106,#2107,#2108,#2109,#2110,#2111,#2112,#2113),(#2114,#2115,#2116,
#2117,#2118,#2119,#2120,#2121,#2122,#2123,#2124,#2125,#2126,#2127),(#2128,
#2129,#2130,#2131,#2132,#2133,#2134,#2135,#2136,#2137,#2138,#2139,#2140,
#2141)),.UNSPECIFIED.,.F.,.F.,.F.,(4,1,1,1,1,1,4),(4,2,2,1,1,2,2,4),(0.,
0.4,0.5,0.6,0.7,0.8,1.),(0.,0.244455897801797,0.275907011755323,0.388246943252721,
0.500586874750119,0.725266737744916,0.752115721927914,1.),.UNSPECIFIED.);
#47=B_SPLINE_SURFACE_WITH_KNOTS('',3,3,((#2219,#2220,#2221,#2222,#2223,
#2224),(#2225,#2226,#2227,#2228,#2229,#2230),(#2231,#2232,#2233,#2234,#2235,
#2236),(#2237,#2238,#2239,#2240,#2241,#2242),(#2243,#2244,#2245,#2246,#2247,
#2248),(#2249,#2250,#2251,#2252,#2253,#2254)),.UNSPECIFIED.,.F.,.F.,.F.,
(4,1,1,4),(4,1,1,4),(0.,0.285714285714286,0.571428571428571,1.),(-0.00755404127884429,
0.117972361157127,0.201656629447775,0.285340897738422),.UNSPECIFIED.);
#48=B_SPLINE_SURFACE_WITH_KNOTS('',3,3,((#2358,#2359,#2360,#2361),(#2362,
#2363,#2364,#2365),(#2366,#2367,#2368,#2369),(#2370,#2371,#2372,#2373),
(#2374,#2375,#2376,#2377),(#2378,#2379,#2380,#2381)),.UNSPECIFIED.,.F.,
 .F.,.F.,(4,1,1,4),(4,4),(0.,0.285714285714286,0.571428571428571,1.),(0.24375195220995,
0.952790284442943),.UNSPECIFIED.);
#49=B_SPLINE_SURFACE_WITH_KNOTS('',3,3,((#2417,#2418,#2419,#2420),(#2421,
#2422,#2423,#2424),(#2425,#2426,#2427,#2428),(#2429,#2430,#2431,#2432),
(#2433,#2434,#2435,#2436),(#2437,#2438,#2439,#2440)),.UNSPECIFIED.,.F.,
 .F.,.F.,(4,1,1,4),(4,4),(0.,0.285714285714286,0.571428571428571,1.),(0.243752007973031,
0.950000007599219),.UNSPECIFIED.);
#50=B_SPLINE_SURFACE_WITH_KNOTS('',3,3,((#2442,#2443,#2444,#2445),(#2446,
#2447,#2448,#2449),(#2450,#2451,#2452,#2453),(#2454,#2455,#2456,#2457),
(#2458,#2459,#2460,#2461),(#2462,#2463,#2464,#2465)),.UNSPECIFIED.,.F.,
 .F.,.F.,(4,1,1,4),(4,4),(0.,0.285714285714286,0.571428571428571,1.),(0.233154923625726,
0.557842472438599),.UNSPECIFIED.);
#51=B_SPLINE_SURFACE_WITH_KNOTS('',3,3,((#2474,#2475,#2476,#2477,#2478,
#2479),(#2480,#2481,#2482,#2483,#2484,#2485),(#2486,#2487,#2488,#2489,#2490,
#2491),(#2492,#2493,#2494,#2495,#2496,#2497),(#2498,#2499,#2500,#2501,#2502,
#2503),(#2504,#2505,#2506,#2507,#2508,#2509)),.UNSPECIFIED.,.F.,.F.,.F.,
(4,1,1,4),(4,1,1,4),(0.,0.285714285714286,0.571428571428571,1.),(-1.41968963695834E-16,
0.126413972801188,0.210689954668646,0.294965936536104),.UNSPECIFIED.);
#52=B_SPLINE_SURFACE_WITH_KNOTS('',3,3,((#2529,#2530,#2531,#2532),(#2533,
#2534,#2535,#2536),(#2537,#2538,#2539,#2540),(#2541,#2542,#2543,#2544),
(#2545,#2546,#2547,#2548),(#2549,#2550,#2551,#2552)),.UNSPECIFIED.,.F.,
 .F.,.F.,(4,1,1,4),(4,4),(0.,0.285714285714286,0.571428571428571,1.),(-0.461054749935791,
-0.232361880026696),.UNSPECIFIED.);
#53=B_SPLINE_SURFACE_WITH_KNOTS('',3,3,((#2561,#2562,#2563,#2564),(#2565,
#2566,#2567,#2568),(#2569,#2570,#2571,#2572),(#2573,#2574,#2575,#2576),
(#2577,#2578,#2579,#2580),(#2581,#2582,#2583,#2584)),.UNSPECIFIED.,.F.,
 .F.,.F.,(4,1,1,4),(4,4),(0.,0.285714285714286,0.571428571428571,1.),(-0.215273129703385,
0.0146988545510481),.UNSPECIFIED.);
#54=B_SPLINE_SURFACE_WITH_KNOTS('',3,3,((#2593,#2594,#2595,#2596),(#2597,
#2598,#2599,#2600),(#2601,#2602,#2603,#2604),(#2605,#2606,#2607,#2608),
(#2609,#2610,#2611,#2612),(#2613,#2614,#2615,#2616),(#2617,#2618,#2619,
#2620),(#2621,#2622,#2623,#2624),(#2625,#2626,#2627,#2628),(#2629,#2630,
#2631,#2632),(#2633,#2634,#2635,#2636),(#2637,#2638,#2639,#2640),(#2641,
#2642,#2643,#2644),(#2645,#2646,#2647,#2648),(#2649,#2650,#2651,#2652),
(#2653,#2654,#2655,#2656),(#2657,#2658,#2659,#2660),(#2661,#2662,#2663,
#2664),(#2665,#2666,#2667,#2668),(#2669,#2670,#2671,#2672),(#2673,#2674,
#2675,#2676),(#2677,#2678,#2679,#2680)),.UNSPECIFIED.,.F.,.F.,.F.,(4,2,
2,1,2,2,2,2,1,2,2,4),(4,4),(0.,0.170770090547354,0.181801455272648,0.2606071064425,
0.339412757612352,0.348829941927794,0.651113734070784,0.660495866150145,
0.739301517319997,0.818107168489849,0.829173585451224,1.),(0.24375195220995,
1.),.UNSPECIFIED.);
#55=FACE_BOUND('',#193,.T.);
#56=FACE_BOUND('',#194,.T.);
#57=FACE_BOUND('',#198,.T.);
#58=FACE_BOUND('',#200,.T.);
#59=FACE_BOUND('',#203,.T.);
#60=FACE_BOUND('',#204,.T.);
#61=FACE_BOUND('',#214,.T.);
#62=FACE_BOUND('',#215,.T.);
#63=FACE_BOUND('',#217,.T.);
#64=FACE_BOUND('',#220,.T.);
#65=FACE_BOUND('',#221,.T.);
#66=FACE_BOUND('',#234,.T.);
#67=FACE_BOUND('',#243,.T.);
#68=FACE_BOUND('',#244,.T.);
#69=PLANE('',#823);
#70=PLANE('',#827);
#71=PLANE('',#828);
#72=PLANE('',#829);
#73=PLANE('',#840);
#74=PLANE('',#843);
#75=PLANE('',#844);
#76=PLANE('',#845);
#77=PLANE('',#846);
#78=PLANE('',#857);
#79=PLANE('',#858);
#80=PLANE('',#859);
#81=PLANE('',#860);
#82=B_SPLINE_CURVE_WITH_KNOTS('',3,(#1013,#1014,#1015,#1016,#1017,#1018,
#1019,#1020,#1021,#1022,#1023,#1024,#1025,#1026,#1027,#1028),
 .UNSPECIFIED.,.F.,.F.,(4,3,3,3,3,4),(-0.157532543777669,-0.149349328526301,
-0.116112617447378,-0.0792909056975339,-0.0395767892863399,0.),
 .UNSPECIFIED.);
#83=B_SPLINE_CURVE_WITH_KNOTS('',3,(#1032,#1033,#1034,#1035,#1036,#1037,
#1038,#1039,#1040,#1041,#1042,#1043,#1044,#1045,#1046,#1047,#1048,#1049,
#1050),.UNSPECIFIED.,.F.,.F.,(4,3,3,3,3,3,4),(0.,0.0202390104923947,0.040647738698362,
0.0785040224447984,0.116330133098272,0.149541346926255,0.157430516120902),
 .UNSPECIFIED.);
#84=B_SPLINE_CURVE_WITH_KNOTS('',3,(#1055,#1056,#1057,#1058,#1059,#1060,
#1061,#1062,#1063,#1064,#1065,#1066,#1067,#1068),.UNSPECIFIED.,.F.,.F.,
(4,2,2,2,2,2,4),(-0.625489930261655,-0.607076089580068,-0.587310470440003,
-0.551056741973417,-0.511360413173885,-0.47170061722001,-0.470267663990397),
 .UNSPECIFIED.);
#85=B_SPLINE_CURVE_WITH_KNOTS('',3,(#1072,#1073,#1074,#1075,#1076,#1077,
#1078,#1079,#1080,#1081,#1082,#1083,#1084,#1085,#1086,#1087,#1088,#1089,
#1090),.UNSPECIFIED.,.F.,.F.,(4,3,3,3,3,3,4),(0.,0.0244978541134595,0.0494130924449229,
0.0894070092725031,0.125008057563203,0.156172855308374,0.15743640763994),
 .UNSPECIFIED.);
#86=B_SPLINE_CURVE_WITH_KNOTS('',3,(#1093,#1094,#1095,#1096),
 .UNSPECIFIED.,.F.,.F.,(4,4),(-0.00224949323773964,0.),.UNSPECIFIED.);
#87=B_SPLINE_CURVE_WITH_KNOTS('',3,(#1098,#1099,#1100,#1101,#1102,#1103,
#1104,#1105,#1106,#1107,#1108,#1109,#1110,#1111,#1112,#1113,#1114,#1115,
#1116,#1117,#1118,#1119),.UNSPECIFIED.,.F.,.F.,(4,2,2,1,2,2,2,2,1,2,2,4),
(0.0356945843957605,0.152199945630612,0.160967359171351,0.25908797276818,
0.35720858636501,0.364711159439456,0.635288840560544,0.642765261531093,
0.740885875127922,0.839006488724752,0.847800054369388,0.964279263500342),
 .UNSPECIFIED.);
#88=B_SPLINE_CURVE_WITH_KNOTS('',3,(#1209,#1210,#1211,#1212),
 .UNSPECIFIED.,.F.,.F.,(4,4),(-3.94057594640951E-5,0.),.UNSPECIFIED.);
#89=B_SPLINE_CURVE_WITH_KNOTS('',3,(#1215,#1216,#1217,#1218),
 .UNSPECIFIED.,.F.,.F.,(4,4),(-0.0500664889040687,-0.0500022826359895),
 .UNSPECIFIED.);
#90=B_SPLINE_CURVE_WITH_KNOTS('',3,(#1221,#1222,#1223,#1224),
 .UNSPECIFIED.,.F.,.F.,(4,4),(-0.0500388863783568,-0.0500022826359892),
 .UNSPECIFIED.);
#91=B_SPLINE_CURVE_WITH_KNOTS('',3,(#1225,#1226,#1227,#1228,#1229,#1230,
#1231,#1232,#1233,#1234,#1235,#1236,#1237,#1238,#1239,#1240,#1241,#1242,
#1243,#1244,#1245,#1246),.UNSPECIFIED.,.F.,.F.,(4,2,2,1,2,2,2,2,1,2,2,4),
(0.0338222101401361,0.152199945630612,0.160967359171351,0.25908797276818,
0.35720858636501,0.364711159439456,0.635288840560544,0.642765261531093,
0.740885875127922,0.839006488724752,0.847800054369388,0.966177789859864),
 .UNSPECIFIED.);
#92=B_SPLINE_CURVE_WITH_KNOTS('',3,(#1255,#1256,#1257,#1258,#1259,#1260,
#1261,#1262,#1263,#1264,#1265,#1266),.UNSPECIFIED.,.F.,.F.,(4,2,2,2,2,4),
(-1.5028774960271,-1.14714931072757,-0.8025341792666,-0.467360955019318,
-0.21683576799433,0.),.UNSPECIFIED.);
#93=B_SPLINE_CURVE_WITH_KNOTS('',3,(#1267,#1268,#1269,#1270,#1271,#1272,
#1273,#1274,#1275,#1276,#1277,#1278),.UNSPECIFIED.,.F.,.F.,(4,2,2,2,2,4),
(-1.69160721586405,-1.54061678407174,-1.38628426072655,-1.0594244559767,
-0.589597510995717,0.),.UNSPECIFIED.);
#94=B_SPLINE_CURVE_WITH_KNOTS('',3,(#1281,#1282,#1283,#1284,#1285,#1286,
#1287,#1288,#1289,#1290,#1291,#1292),.UNSPECIFIED.,.F.,.F.,(4,2,2,2,2,4),
(-1.68544865234445,-1.53564611353038,-1.38253256246042,-1.05811790035182,
-0.587239061653996,0.),.UNSPECIFIED.);
#95=B_SPLINE_CURVE_WITH_KNOTS('',3,(#1293,#1294,#1295,#1296,#1297,#1298,
#1299,#1300,#1301,#1302,#1303,#1304),.UNSPECIFIED.,.F.,.F.,(4,2,2,2,2,4),
(-1.56374663789988,-1.19826772305499,-0.84694878255855,-0.493401164195519,
-0.229145679284421,0.),.UNSPECIFIED.);
#96=B_SPLINE_CURVE_WITH_KNOTS('',3,(#1378,#1379,#1380,#1381,#1382,#1383,
#1384,#1385,#1386,#1387,#1388,#1389,#1390,#1391,#1392,#1393),
 .UNSPECIFIED.,.F.,.F.,(4,3,3,3,3,4),(-0.157546583557231,-0.151495773712932,
-0.115710269518284,-0.0795335466421043,-0.0394747303775843,0.),
 .UNSPECIFIED.);
#97=B_SPLINE_CURVE_WITH_KNOTS('',3,(#1397,#1398,#1399,#1400,#1401,#1402,
#1403,#1404,#1405,#1406,#1407,#1408,#1409,#1410,#1411,#1412),
 .UNSPECIFIED.,.F.,.F.,(4,3,3,3,3,4),(0.,0.0259618275972751,0.0644731874465462,
0.104353108362307,0.140789506683498,0.157514172059774),.UNSPECIFIED.);
#98=B_SPLINE_CURVE_WITH_KNOTS('',3,(#1417,#1418,#1419,#1420,#1421,#1422,
#1423,#1424,#1425,#1426,#1427,#1428,#1429,#1430,#1431,#1432),
 .UNSPECIFIED.,.F.,.F.,(4,3,3,3,3,4),(-0.625167620492764,-0.597208748288153,
-0.565523168770507,-0.525802394604013,-0.485911383860729,-0.4701197503481),
 .UNSPECIFIED.);
#99=B_SPLINE_CURVE_WITH_KNOTS('',3,(#1436,#1437,#1438,#1439,#1440,#1441,
#1442,#1443,#1444,#1445,#1446,#1447,#1448,#1449,#1450,#1451),
 .UNSPECIFIED.,.F.,.F.,(4,3,3,3,3,4),(0.,0.0362431314018016,0.0743330655748281,
0.11291920450157,0.147328440298511,0.15752008857566),.UNSPECIFIED.);
#100=B_SPLINE_CURVE_WITH_KNOTS('',3,(#1454,#1455,#1456,#1457),
 .UNSPECIFIED.,.F.,.F.,(4,4),(-0.00245604520554919,0.),.UNSPECIFIED.);
#101=B_SPLINE_CURVE_WITH_KNOTS('',3,(#1547,#1548,#1549,#1550),
 .UNSPECIFIED.,.F.,.F.,(4,4),(-0.000150732775238686,0.),.UNSPECIFIED.);
#102=B_SPLINE_CURVE_WITH_KNOTS('',3,(#1553,#1554,#1555,#1556),
 .UNSPECIFIED.,.F.,.F.,(4,4),(-0.0501667542876816,-0.0500030516646849),
 .UNSPECIFIED.);
#103=B_SPLINE_CURVE_WITH_KNOTS('',3,(#1557,#1558,#1559,#1560,#1561,#1562,
#1563,#1564,#1565,#1566,#1567,#1568,#1569,#1570,#1571,#1572,#1573,#1574,
#1575,#1576,#1577,#1578),.UNSPECIFIED.,.F.,.F.,(4,2,2,1,2,2,2,2,1,2,2,4),
(0.0377854740178738,0.160967359171351,0.170770090547354,0.259800016237574,
0.348829941927794,0.357208586365009,0.642765261531093,0.651113734070784,
0.740143659761004,0.829173585451224,0.839006488724751,0.962158201980704),
 .UNSPECIFIED.);
#104=B_SPLINE_CURVE_WITH_KNOTS('',3,(#1581,#1582,#1583,#1584),
 .UNSPECIFIED.,.F.,.F.,(4,4),(-0.0500467773092886,-0.0500030516646858),
 .UNSPECIFIED.);
#105=B_SPLINE_CURVE_WITH_KNOTS('',3,(#1585,#1586,#1587,#1588,#1589,#1590,
#1591,#1592,#1593,#1594,#1595,#1596,#1597,#1598,#1599,#1600,#1601,#1602,
#1603,#1604,#1605,#1606),.UNSPECIFIED.,.F.,.F.,(4,2,2,1,2,2,2,2,1,2,2,4),
(0.0356945843957604,0.160967359171351,0.170770090547354,0.259800016237574,
0.348829941927794,0.357208586365009,0.642765261531093,0.651113734070784,
0.740143659761004,0.829173585451224,0.839006488724751,0.964279263500342),
 .UNSPECIFIED.);
#106=B_SPLINE_CURVE_WITH_KNOTS('',3,(#1610,#1611,#1612,#1613,#1614,#1615,
#1616,#1617,#1618,#1619,#1620,#1621),.UNSPECIFIED.,.F.,.F.,(4,2,2,2,2,4),
(-1.58374561872269,-1.44214565970653,-1.29747527240012,-0.991673152686868,
-0.551828272043839,0.),.UNSPECIFIED.);
#107=B_SPLINE_CURVE_WITH_KNOTS('',3,(#1622,#1623,#1624,#1625,#1626,#1627,
#1628,#1629,#1630,#1631,#1632,#1633),.UNSPECIFIED.,.F.,.F.,(4,2,2,2,2,4),
(-1.40829234257645,-1.07464738031261,-0.750744495962206,-0.437256222303702,
-0.202846999772007,0.),.UNSPECIFIED.);
#108=B_SPLINE_CURVE_WITH_KNOTS('',3,(#1636,#1637,#1638,#1639,#1640,#1641,
#1642,#1643,#1644,#1645,#1646,#1647),.UNSPECIFIED.,.F.,.F.,(4,2,2,2,2,4),
(-1.58017855230287,-1.43813420513036,-1.29296734606253,-0.98574146365707,
-0.541042144390636,0.),.UNSPECIFIED.);
#109=B_SPLINE_CURVE_WITH_KNOTS('',3,(#1648,#1649,#1650,#1651,#1652,#1653,
#1654,#1655,#1656,#1657,#1658,#1659),.UNSPECIFIED.,.F.,.F.,(4,2,2,2,2,4),
(-1.46547397640089,-1.12369515846253,-0.794793073206538,-0.46303872323275,
-0.215016932469052,0.),.UNSPECIFIED.);
#110=B_SPLINE_CURVE_WITH_KNOTS('',3,(#1717,#1718,#1719,#1720,#1721,#1722,
#1723,#1724,#1725,#1726,#1727,#1728),.UNSPECIFIED.,.F.,.F.,(4,2,2,2,2,4),
(-1.17851867082285,-1.1491420373939,-1.12019265601389,-1.07290531318007,
-1.04001596370883,-1.03732493565599),.UNSPECIFIED.);
#111=B_SPLINE_CURVE_WITH_KNOTS('',3,(#1730,#1731,#1732,#1733,#1734,#1735,
#1736,#1737,#1738,#1739,#1740,#1741,#1742,#1743,#1744,#1745,#1746,#1747,
#1748,#1749,#1750,#1751,#1752,#1753,#1754,#1755,#1756,#1757,#1758,#1759,
#1760,#1761,#1762,#1763,#1764,#1765,#1766,#1767,#1768,#1769,#1770,#1771,
#1772,#1773,#1774,#1775),.UNSPECIFIED.,.F.,.F.,(4,3,3,3,3,3,3,3,3,3,3,3,
3,3,3,4),(-0.339093522108764,-0.313812687508977,-0.288827120308525,-0.271268936598142,
-0.243032597886597,-0.214796259175052,-0.187705687354668,-0.163309674927625,
-0.1377177358788,-0.130302481641215,-0.120750314881396,-0.0952718128201633,
-0.0726891871995552,-0.0461373133148883,-0.0181429640924008,0.),
 .UNSPECIFIED.);
#112=B_SPLINE_CURVE_WITH_KNOTS('',3,(#1776,#1777,#1778,#1779,#1780,#1781,
#1782,#1783,#1784,#1785,#1786,#1787,#1788,#1789,#1790,#1791,#1792,#1793,
#1794,#1795,#1796,#1797,#1798,#1799,#1800,#1801,#1802,#1803),
 .UNSPECIFIED.,.F.,.F.,(4,2,2,2,2,2,2,2,2,2,2,2,2,4),(-1.03732493565599,
-1.01191584172403,-0.975446470980341,-0.906606168977071,-0.818643968864531,
-0.718318704889114,-0.601905011789325,-0.485275055764743,-0.36602690641432,
-0.283373533744358,-0.229709462873164,-0.179608072718106,-0.101533698278446,
0.),.UNSPECIFIED.);
#113=B_SPLINE_CURVE_WITH_KNOTS('',3,(#1810,#1811,#1812,#1813,#1814,#1815,
#1816,#1817,#1818,#1819,#1820,#1821,#1822,#1823,#1824,#1825,#1826,#1827,
#1828,#1829,#1830,#1831,#1832,#1833,#1834,#1835,#1836,#1837),
 .UNSPECIFIED.,.F.,.F.,(4,2,2,2,2,2,2,2,2,2,2,2,2,4),(-1.17562746773155,
-1.0583410716844,-0.956391224417067,-0.880732496732284,-0.811412166184111,
-0.699630860761746,-0.592321715560465,-0.486076309787799,-0.379327908615485,
-0.293492705463515,-0.219731510329529,-0.173126821352521,-0.148219870296893,
-0.133605839552344),.UNSPECIFIED.);
#114=B_SPLINE_CURVE_WITH_KNOTS('',3,(#1839,#1840,#1841,#1842,#1843,#1844,
#1845,#1846,#1847,#1848,#1849,#1850,#1851,#1852),.UNSPECIFIED.,.F.,.F.,
(4,2,2,2,2,2,4),(-0.338598869661256,-0.291353758673291,-0.24940986224553,
-0.204723790579026,-0.161036052709475,-0.10241550930443,0.),
 .UNSPECIFIED.);
#115=B_SPLINE_CURVE_WITH_KNOTS('',3,(#1853,#1854,#1855,#1856,#1857,#1858,
#1859,#1860,#1861,#1862),.UNSPECIFIED.,.F.,.F.,(4,2,2,2,4),(-0.133605839552344,
-0.127287135607936,-0.100253327647399,-0.0556014266276675,0.),
 .UNSPECIFIED.);
#116=B_SPLINE_CURVE_WITH_KNOTS('',3,(#1990,#1991,#1992,#1993,#1994),
 .UNSPECIFIED.,.F.,.F.,(4,1,4),(-1.,-0.571428571428571,-0.543801385480392),
 .UNSPECIFIED.);
#117=B_SPLINE_CURVE_WITH_KNOTS('',3,(#1996,#1997,#1998,#1999,#2000,#2001,
#2002,#2003,#2004,#2005,#2006,#2007,#2008,#2009),.UNSPECIFIED.,.F.,.F.,
(4,2,2,1,1,2,2,4),(0.,0.247958726004843,0.274707774060376,0.387047705557774,
0.499387637055172,0.724067500049968,0.755618550130958,1.),.UNSPECIFIED.);
#118=B_SPLINE_CURVE_WITH_KNOTS('',3,(#2012,#2013,#2014,#2015),
 .UNSPECIFIED.,.F.,.F.,(4,4),(-0.134041202029908,0.),.UNSPECIFIED.);
#119=B_SPLINE_CURVE_WITH_KNOTS('',3,(#2143,#2144,#2145,#2146),
 .UNSPECIFIED.,.F.,.F.,(4,4),(0.,0.134041202029907),.UNSPECIFIED.);
#120=B_SPLINE_CURVE_WITH_KNOTS('',3,(#2150,#2151,#2152,#2153,#2154,#2155,
#2156,#2157,#2158,#2159,#2160,#2161,#2162,#2163),.UNSPECIFIED.,.F.,.F.,
(4,2,2,1,1,2,2,4),(0.,0.244455897801797,0.275907011755323,0.388246943252721,
0.500586874750119,0.725266737744916,0.752115721927914,1.),.UNSPECIFIED.);
#121=B_SPLINE_CURVE_WITH_KNOTS('',3,(#2164,#2165,#2166,#2167,#2168),
 .UNSPECIFIED.,.F.,.F.,(4,1,4),(0.543801385480391,0.571428571428571,1.),
 .UNSPECIFIED.);
#122=B_SPLINE_CURVE_WITH_KNOTS('',3,(#2175,#2176,#2177,#2178,#2179,#2180,
#2181,#2182,#2183,#2184,#2185,#2186,#2187,#2188,#2189,#2190,#2191,#2192,
#2193,#2194,#2195,#2196),.UNSPECIFIED.,.F.,.F.,(4,2,2,2,2,2,2,2,2,2,4),
(-0.416801181536664,-0.402181902622393,-0.353619360053848,-0.320012187128694,
-0.288624245562163,-0.248550792645395,-0.190731442557383,-0.134439356582935,
-0.085518888936977,-0.0423751825729235,-0.00520843773367799),
 .UNSPECIFIED.);
#123=B_SPLINE_CURVE_WITH_KNOTS('',3,(#2197,#2198,#2199,#2200,#2201,#2202,
#2203,#2204,#2205,#2206,#2207,#2208,#2209,#2210,#2211,#2212,#2213,#2214,
#2215,#2216,#2217,#2218),.UNSPECIFIED.,.F.,.F.,(4,2,2,2,2,2,2,2,2,2,4),
(-0.421679878226206,-0.3968306666195,-0.36428765830249,-0.314573484295217,
-0.256684777985047,-0.200363958673407,-0.152585339070838,-0.119337725671745,
-0.0878725113496971,-0.0485258924021779,-0.011283767614575),
 .UNSPECIFIED.);
#124=B_SPLINE_CURVE_WITH_KNOTS('',3,(#2256,#2257,#2258,#2259,#2260,#2261),
 .UNSPECIFIED.,.F.,.F.,(4,2,4),(-0.00196996602599811,0.,0.0616770940649512),
 .UNSPECIFIED.);
#125=B_SPLINE_CURVE_WITH_KNOTS('',3,(#2263,#2264,#2265,#2266,#2267,#2268),
 .UNSPECIFIED.,.F.,.F.,(4,1,1,4),(-0.272448734707809,-0.201656629447775,
-0.117972361157127,0.00755404127884429),.UNSPECIFIED.);
#126=B_SPLINE_CURVE_WITH_KNOTS('',3,(#2270,#2271,#2272,#2273,#2274,#2275,
#2276,#2277,#2278,#2279,#2280,#2281,#2282,#2283),.UNSPECIFIED.,.F.,.F.,
(4,2,2,2,2,2,4),(-0.775391679802688,-0.772492787148911,-0.597169461137189,
-0.40181641405553,-0.206514616168505,-0.0112367962437238,0.),
 .UNSPECIFIED.);
#127=B_SPLINE_CURVE_WITH_KNOTS('',3,(#2285,#2286,#2287,#2288,#2289,#2290),
 .UNSPECIFIED.,.F.,.F.,(4,1,1,4),(1.46146360140936E-6,0.117972361157127,
0.201656629447775,0.285340897738422),.UNSPECIFIED.);
#128=B_SPLINE_CURVE_WITH_KNOTS('',3,(#2291,#2292,#2293,#2294,#2295,#2296,
#2297,#2298),.UNSPECIFIED.,.F.,.F.,(4,2,2,4),(0.337890662627477,0.383759722030969,
0.579254417968473,0.774726225909195),.UNSPECIFIED.);
#129=B_SPLINE_CURVE_WITH_KNOTS('',3,(#2302,#2303,#2304,#2305,#2306,#2307,
#2308,#2309,#2310,#2311,#2312,#2313,#2314,#2315,#2316,#2317,#2318,#2319,
#2320),.UNSPECIFIED.,.F.,.F.,(4,3,3,3,3,3,4),(-0.157455067181215,-0.129807057060959,
-0.0930234159969668,-0.0562134323151743,-0.0532366286878325,-0.02372273428795,
0.),.UNSPECIFIED.);
#130=B_SPLINE_CURVE_WITH_KNOTS('',3,(#2324,#2325,#2326,#2327,#2328,#2329,
#2330,#2331,#2332,#2333,#2334,#2335,#2336,#2337,#2338,#2339,#2340,#2341,
#2342),.UNSPECIFIED.,.F.,.F.,(4,3,3,3,3,3,4),(-0.151910725045075,-0.13974227358232,
-0.113836611221014,-0.0792579935242494,-0.0421976788045313,-0.0397368750200787,
0.),.UNSPECIFIED.);
#131=B_SPLINE_CURVE_WITH_KNOTS('',3,(#2344,#2345,#2346,#2347),
 .UNSPECIFIED.,.F.,.F.,(4,4),(-0.0110707904196778,-0.00553947996272651),
 .UNSPECIFIED.);
#132=B_SPLINE_CURVE_WITH_KNOTS('',3,(#2351,#2352,#2353,#2354),
 .UNSPECIFIED.,.F.,.F.,(4,4),(-0.100031240913561,-0.0999761055223986),
 .UNSPECIFIED.);
#133=B_SPLINE_CURVE_WITH_KNOTS('',3,(#2384,#2385,#2386,#2387,#2388,#2389),
 .UNSPECIFIED.,.F.,.F.,(4,1,1,4),(-1.41968963695834E-16,0.126413972801188,
0.210689954668646,0.287928060428758),.UNSPECIFIED.);
#134=B_SPLINE_CURVE_WITH_KNOTS('',3,(#2392,#2393,#2394,#2395,#2396,#2397,
#2398,#2399,#2400,#2401,#2402,#2403),.UNSPECIFIED.,.F.,.F.,(4,2,2,2,2,4),
(-1.47008331549551,-1.32778966069776,-1.1828691189972,-0.880158365127216,
-0.439721014153066,-0.000216486768125357),.UNSPECIFIED.);
#135=B_SPLINE_CURVE_WITH_KNOTS('',3,(#2405,#2406,#2407,#2408,#2409,#2410,
#2411,#2412,#2413,#2414,#2415,#2416),.UNSPECIFIED.,.F.,.F.,(4,2,2,2,2,4),
(-1.35881718003987,-1.04281664930245,-0.736146538678023,-0.430233900421353,
-0.200285599860101,0.),.UNSPECIFIED.);
#136=B_SPLINE_CURVE_WITH_KNOTS('',3,(#2466,#2467,#2468,#2469),
 .UNSPECIFIED.,.F.,.F.,(4,4),(0.233154923625726,0.557842472438599),
 .UNSPECIFIED.);
#137=B_SPLINE_CURVE_WITH_KNOTS('',3,(#2470,#2471,#2472,#2473),
 .UNSPECIFIED.,.F.,.F.,(4,4),(-0.557842472438599,-0.233154923625726),
 .UNSPECIFIED.);
#138=B_SPLINE_CURVE_WITH_KNOTS('',3,(#2511,#2512,#2513,#2514,#2515,#2516,
#2517,#2518,#2519,#2520,#2521,#2522),.UNSPECIFIED.,.F.,.F.,(4,2,2,2,2,4),
(-0.772351642088097,-0.577095259784663,-0.381819544811064,-0.186500945592347,
0.,0.00299441684930025),.UNSPECIFIED.);
#139=B_SPLINE_CURVE_WITH_KNOTS('',3,(#2523,#2524,#2525,#2526,#2527,#2528),
 .UNSPECIFIED.,.F.,.F.,(4,1,1,4),(-0.294965936536104,-0.210689954668646,
-0.126413972801188,-0.0129533927899304),.UNSPECIFIED.);
#140=B_SPLINE_CURVE_WITH_KNOTS('',3,(#2553,#2554,#2555,#2556),
 .UNSPECIFIED.,.F.,.F.,(4,4),(0.232361880026696,0.461054749935791),
 .UNSPECIFIED.);
#141=B_SPLINE_CURVE_WITH_KNOTS('',3,(#2557,#2558,#2559,#2560),
 .UNSPECIFIED.,.F.,.F.,(4,4),(-0.447426500445925,-0.232361880026696),
 .UNSPECIFIED.);
#142=B_SPLINE_CURVE_WITH_KNOTS('',3,(#2585,#2586,#2587,#2588),
 .UNSPECIFIED.,.F.,.F.,(4,4),(-0.215273129703385,-6.14885156680067E-11),
 .UNSPECIFIED.);
#143=B_SPLINE_CURVE_WITH_KNOTS('',3,(#2589,#2590,#2591,#2592),
 .UNSPECIFIED.,.F.,.F.,(4,4),(-0.0146988545510481,0.215273129703385),
 .UNSPECIFIED.);
#144=B_SPLINE_CURVE_WITH_KNOTS('',3,(#2681,#2682,#2683,#2684,#2685,#2686,
#2687,#2688,#2689,#2690,#2691,#2692,#2693,#2694,#2695,#2696,#2697,#2698,
#2699,#2700,#2701,#2702),.UNSPECIFIED.,.F.,.F.,(4,2,2,1,2,2,2,2,1,2,2,4),
(0.0377090092075371,0.170770090547354,0.181801455272648,0.2606071064425,
0.339412757612352,0.348829941927794,0.651113734070784,0.660495866150145,
0.739301517319997,0.818107168489849,0.829173585451224,0.962234666007752),
 .UNSPECIFIED.);
#145=FACE_OUTER_BOUND('',#188,.T.);
#146=FACE_OUTER_BOUND('',#189,.T.);
#147=FACE_OUTER_BOUND('',#190,.T.);
#148=FACE_OUTER_BOUND('',#191,.T.);
#149=FACE_OUTER_BOUND('',#192,.T.);
#150=FACE_OUTER_BOUND('',#195,.T.);
#151=FACE_OUTER_BOUND('',#196,.T.);
#152=FACE_OUTER_BOUND('',#197,.T.);
#153=FACE_OUTER_BOUND('',#199,.T.);
#154=FACE_OUTER_BOUND('',#201,.T.);
#155=FACE_OUTER_BOUND('',#202,.T.);
#156=FACE_OUTER_BOUND('',#205,.T.);
#157=FACE_OUTER_BOUND('',#206,.T.);
#158=FACE_OUTER_BOUND('',#207,.T.);
#159=FACE_OUTER_BOUND('',#208,.T.);
#160=FACE_OUTER_BOUND('',#209,.T.);
#161=FACE_OUTER_BOUND('',#210,.T.);
#162=FACE_OUTER_BOUND('',#211,.T.);
#163=FACE_OUTER_BOUND('',#212,.T.);
#164=FACE_OUTER_BOUND('',#213,.T.);
#165=FACE_OUTER_BOUND('',#216,.T.);
#166=FACE_OUTER_BOUND('',#218,.T.);
#167=FACE_OUTER_BOUND('',#219,.T.);
#168=FACE_OUTER_BOUND('',#222,.T.);
#169=FACE_OUTER_BOUND('',#223,.T.);
#170=FACE_OUTER_BOUND('',#224,.T.);
#171=FACE_OUTER_BOUND('',#225,.T.);
#172=FACE_OUTER_BOUND('',#226,.T.);
#173=FACE_OUTER_BOUND('',#227,.T.);
#174=FACE_OUTER_BOUND('',#228,.T.);
#175=FACE_OUTER_BOUND('',#229,.T.);
#176=FACE_OUTER_BOUND('',#230,.T.);
#177=FACE_OUTER_BOUND('',#231,.T.);
#178=FACE_OUTER_BOUND('',#232,.T.);
#179=FACE_OUTER_BOUND('',#233,.T.);
#180=FACE_OUTER_BOUND('',#235,.T.);
#181=FACE_OUTER_BOUND('',#236,.T.);
#182=FACE_OUTER_BOUND('',#237,.T.);
#183=FACE_OUTER_BOUND('',#238,.T.);
#184=FACE_OUTER_BOUND('',#239,.T.);
#185=FACE_OUTER_BOUND('',#240,.T.);
#186=FACE_OUTER_BOUND('',#241,.T.);
#187=FACE_OUTER_BOUND('',#242,.T.);
#188=EDGE_LOOP('',(#499,#500,#501,#502));
#189=EDGE_LOOP('',(#503,#504,#505,#506));
#190=EDGE_LOOP('',(#507,#508,#509,#510));
#191=EDGE_LOOP('',(#511,#512,#513,#514,#515));
#192=EDGE_LOOP('',(#516,#517));
#193=EDGE_LOOP('',(#518));
#194=EDGE_LOOP('',(#519));
#195=EDGE_LOOP('',(#520,#521,#522,#523,#524,#525,#526,#527,#528,#529,#530));
#196=EDGE_LOOP('',(#531,#532,#533,#534));
#197=EDGE_LOOP('',(#535,#536,#537,#538));
#198=EDGE_LOOP('',(#539));
#199=EDGE_LOOP('',(#540,#541,#542,#543,#544));
#200=EDGE_LOOP('',(#545));
#201=EDGE_LOOP('',(#546,#547,#548,#549));
#202=EDGE_LOOP('',(#550,#551));
#203=EDGE_LOOP('',(#552));
#204=EDGE_LOOP('',(#553));
#205=EDGE_LOOP('',(#554,#555,#556,#557,#558));
#206=EDGE_LOOP('',(#559,#560,#561,#562));
#207=EDGE_LOOP('',(#563,#564,#565,#566));
#208=EDGE_LOOP('',(#567,#568,#569,#570));
#209=EDGE_LOOP('',(#571));
#210=EDGE_LOOP('',(#572,#573,#574,#575));
#211=EDGE_LOOP('',(#576,#577,#578,#579,#580));
#212=EDGE_LOOP('',(#581,#582,#583,#584,#585,#586,#587,#588,#589,#590,#591));
#213=EDGE_LOOP('',(#592,#593));
#214=EDGE_LOOP('',(#594));
#215=EDGE_LOOP('',(#595));
#216=EDGE_LOOP('',(#596,#597,#598,#599));
#217=EDGE_LOOP('',(#600));
#218=EDGE_LOOP('',(#601,#602,#603,#604,#605));
#219=EDGE_LOOP('',(#606,#607));
#220=EDGE_LOOP('',(#608));
#221=EDGE_LOOP('',(#609));
#222=EDGE_LOOP('',(#610,#611,#612,#613,#614));
#223=EDGE_LOOP('',(#615,#616,#617,#618));
#224=EDGE_LOOP('',(#619,#620,#621,#622,#623,#624));
#225=EDGE_LOOP('',(#625,#626,#627,#628,#629,#630));
#226=EDGE_LOOP('',(#631,#632,#633,#634,#635,#636));
#227=EDGE_LOOP('',(#637,#638,#639,#640,#641,#642));
#228=EDGE_LOOP('',(#643,#644,#645,#646,#647));
#229=EDGE_LOOP('',(#648,#649,#650,#651,#652,#653));
#230=EDGE_LOOP('',(#654,#655,#656,#657,#658));
#231=EDGE_LOOP('',(#659,#660,#661,#662));
#232=EDGE_LOOP('',(#663,#664,#665,#666,#667,#668));
#233=EDGE_LOOP('',(#669,#670,#671));
#234=EDGE_LOOP('',(#672));
#235=EDGE_LOOP('',(#673,#674,#675,#676));
#236=EDGE_LOOP('',(#677,#678,#679,#680,#681,#682,#683,#684));
#237=EDGE_LOOP('',(#685,#686,#687,#688,#689,#690));
#238=EDGE_LOOP('',(#691,#692,#693,#694));
#239=EDGE_LOOP('',(#695,#696,#697,#698));
#240=EDGE_LOOP('',(#699,#700,#701,#702,#703,#704,#705,#706,#707,#708,#709));
#241=EDGE_LOOP('',(#710,#711,#712,#713,#714));
#242=EDGE_LOOP('',(#715,#716));
#243=EDGE_LOOP('',(#717));
#244=EDGE_LOOP('',(#718));
#245=LINE('',#1002,#275);
#246=LINE('',#1008,#276);
#247=LINE('',#1030,#277);
#248=LINE('',#1051,#278);
#249=LINE('',#1070,#279);
#250=LINE('',#1092,#280);
#251=LINE('',#1214,#281);
#252=LINE('',#1220,#282);
#253=LINE('',#1251,#283);
#254=LINE('',#1329,#284);
#255=LINE('',#1360,#285);
#256=LINE('',#1366,#286);
#257=LINE('',#1372,#287);
#258=LINE('',#1395,#288);
#259=LINE('',#1413,#289);
#260=LINE('',#1434,#290);
#261=LINE('',#1453,#291);
#262=LINE('',#1552,#292);
#263=LINE('',#1580,#293);
#264=LINE('',#1685,#294);
#265=LINE('',#1715,#295);
#266=LINE('',#1808,#296);
#267=LINE('',#2172,#297);
#268=LINE('',#2322,#298);
#269=LINE('',#2348,#299);
#270=LINE('',#2356,#300);
#271=LINE('',#2357,#301);
#272=LINE('',#2383,#302);
#273=LINE('',#2391,#303);
#274=LINE('',#2441,#304);
#275=VECTOR('',#872,2.);
#276=VECTOR('',#879,2.);
#277=VECTOR('',#884,10.);
#278=VECTOR('',#885,10.);
#279=VECTOR('',#888,10.);
#280=VECTOR('',#889,10.);
#281=VECTOR('',#892,37.0033796594474);
#282=VECTOR('',#893,37.0033794626357);
#283=VECTOR('',#898,1.25);
#284=VECTOR('',#905,37.0033798800919);
#285=VECTOR('',#914,2.);
#286=VECTOR('',#921,2.);
#287=VECTOR('',#928,1.25);
#288=VECTOR('',#935,10.);
#289=VECTOR('',#936,10.);
#290=VECTOR('',#939,10.);
#291=VECTOR('',#940,10.);
#292=VECTOR('',#941,32.0039077830501);
#293=VECTOR('',#942,32.0039075398376);
#294=VECTOR('',#951,32.0039081929702);
#295=VECTOR('',#958,2.);
#296=VECTOR('',#963,2.);
#297=VECTOR('',#970,1.25);
#298=VECTOR('',#975,10.);
#299=VECTOR('',#976,10.);
#300=VECTOR('',#979,10.);
#301=VECTOR('',#980,20.0062520624814);
#302=VECTOR('',#981,20.0062516446706);
#303=VECTOR('',#982,20.0062530358345);
#304=VECTOR('',#985,20.0062520624814);
#305=CIRCLE('',#816,2.);
#306=CIRCLE('',#817,2.);
#307=CIRCLE('',#819,2.);
#308=CIRCLE('',#820,2.);
#309=CIRCLE('',#832,2.);
#310=CIRCLE('',#833,2.);
#311=CIRCLE('',#835,2.);
#312=CIRCLE('',#836,2.);
#313=CIRCLE('',#839,1.25);
#314=CIRCLE('',#849,2.);
#315=CIRCLE('',#851,2.);
#316=CIRCLE('',#852,5.);
#317=CIRCLE('',#853,5.);
#318=VERTEX_POINT('',#999);
#319=VERTEX_POINT('',#1001);
#320=VERTEX_POINT('',#1005);
#321=VERTEX_POINT('',#1007);
#322=VERTEX_POINT('',#1011);
#323=VERTEX_POINT('',#1012);
#324=VERTEX_POINT('',#1029);
#325=VERTEX_POINT('',#1031);
#326=VERTEX_POINT('',#1053);
#327=VERTEX_POINT('',#1054);
#328=VERTEX_POINT('',#1069);
#329=VERTEX_POINT('',#1071);
#330=VERTEX_POINT('',#1091);
#331=VERTEX_POINT('',#1208);
#332=VERTEX_POINT('',#1213);
#333=VERTEX_POINT('',#1219);
#334=VERTEX_POINT('',#1248);
#335=VERTEX_POINT('',#1250);
#336=VERTEX_POINT('',#1254);
#337=VERTEX_POINT('',#1280);
#338=VERTEX_POINT('',#1357);
#339=VERTEX_POINT('',#1359);
#340=VERTEX_POINT('',#1363);
#341=VERTEX_POINT('',#1365);
#342=VERTEX_POINT('',#1369);
#343=VERTEX_POINT('',#1371);
#344=VERTEX_POINT('',#1376);
#345=VERTEX_POINT('',#1377);
#346=VERTEX_POINT('',#1394);
#347=VERTEX_POINT('',#1396);
#348=VERTEX_POINT('',#1415);
#349=VERTEX_POINT('',#1416);
#350=VERTEX_POINT('',#1433);
#351=VERTEX_POINT('',#1435);
#352=VERTEX_POINT('',#1452);
#353=VERTEX_POINT('',#1546);
#354=VERTEX_POINT('',#1551);
#355=VERTEX_POINT('',#1579);
#356=VERTEX_POINT('',#1609);
#357=VERTEX_POINT('',#1635);
#358=VERTEX_POINT('',#1712);
#359=VERTEX_POINT('',#1714);
#360=VERTEX_POINT('',#1716);
#361=VERTEX_POINT('',#1729);
#362=VERTEX_POINT('',#1805);
#363=VERTEX_POINT('',#1807);
#364=VERTEX_POINT('',#1809);
#365=VERTEX_POINT('',#1838);
#366=VERTEX_POINT('',#1989);
#367=VERTEX_POINT('',#1995);
#368=VERTEX_POINT('',#2010);
#369=VERTEX_POINT('',#2142);
#370=VERTEX_POINT('',#2147);
#371=VERTEX_POINT('',#2149);
#372=VERTEX_POINT('',#2170);
#373=VERTEX_POINT('',#2171);
#374=VERTEX_POINT('',#2174);
#375=VERTEX_POINT('',#2255);
#376=VERTEX_POINT('',#2262);
#377=VERTEX_POINT('',#2269);
#378=VERTEX_POINT('',#2284);
#379=VERTEX_POINT('',#2300);
#380=VERTEX_POINT('',#2301);
#381=VERTEX_POINT('',#2321);
#382=VERTEX_POINT('',#2323);
#383=VERTEX_POINT('',#2343);
#384=VERTEX_POINT('',#2350);
#385=VERTEX_POINT('',#2355);
#386=VERTEX_POINT('',#2382);
#387=VERTEX_POINT('',#2390);
#388=VERTEX_POINT('',#2510);
#389=EDGE_CURVE('',#318,#318,#305,.T.);
#390=EDGE_CURVE('',#318,#319,#245,.T.);
#391=EDGE_CURVE('',#319,#319,#306,.T.);
#392=EDGE_CURVE('',#320,#320,#307,.T.);
#393=EDGE_CURVE('',#320,#321,#246,.T.);
#394=EDGE_CURVE('',#321,#321,#308,.T.);
#395=EDGE_CURVE('',#322,#323,#82,.T.);
#396=EDGE_CURVE('',#323,#324,#247,.T.);
#397=EDGE_CURVE('',#324,#325,#83,.T.);
#398=EDGE_CURVE('',#325,#322,#248,.T.);
#399=EDGE_CURVE('',#326,#327,#84,.T.);
#400=EDGE_CURVE('',#327,#328,#249,.T.);
#401=EDGE_CURVE('',#328,#329,#85,.T.);
#402=EDGE_CURVE('',#329,#330,#250,.T.);
#403=EDGE_CURVE('',#330,#326,#86,.T.);
#404=EDGE_CURVE('',#327,#328,#87,.T.);
#405=EDGE_CURVE('',#322,#331,#88,.T.);
#406=EDGE_CURVE('',#331,#332,#251,.T.);
#407=EDGE_CURVE('',#332,#329,#89,.T.);
#408=EDGE_CURVE('',#333,#326,#252,.T.);
#409=EDGE_CURVE('',#333,#325,#90,.T.);
#410=EDGE_CURVE('',#324,#323,#91,.T.);
#411=EDGE_CURVE('',#334,#334,#35,.T.);
#412=EDGE_CURVE('',#334,#335,#253,.T.);
#413=EDGE_CURVE('',#335,#335,#36,.T.);
#414=EDGE_CURVE('',#330,#336,#92,.T.);
#415=EDGE_CURVE('',#336,#332,#93,.T.);
#416=EDGE_CURVE('',#337,#333,#94,.T.);
#417=EDGE_CURVE('',#331,#337,#95,.T.);
#418=EDGE_CURVE('',#337,#336,#254,.T.);
#419=EDGE_CURVE('',#338,#338,#309,.T.);
#420=EDGE_CURVE('',#338,#339,#255,.T.);
#421=EDGE_CURVE('',#339,#339,#310,.T.);
#422=EDGE_CURVE('',#340,#340,#311,.T.);
#423=EDGE_CURVE('',#340,#341,#256,.T.);
#424=EDGE_CURVE('',#341,#341,#312,.T.);
#425=EDGE_CURVE('',#342,#342,#37,.T.);
#426=EDGE_CURVE('',#342,#343,#257,.T.);
#427=EDGE_CURVE('',#343,#343,#313,.T.);
#428=EDGE_CURVE('',#344,#345,#96,.T.);
#429=EDGE_CURVE('',#345,#346,#258,.T.);
#430=EDGE_CURVE('',#346,#347,#97,.T.);
#431=EDGE_CURVE('',#347,#344,#259,.T.);
#432=EDGE_CURVE('',#348,#349,#98,.T.);
#433=EDGE_CURVE('',#349,#350,#260,.T.);
#434=EDGE_CURVE('',#350,#351,#99,.T.);
#435=EDGE_CURVE('',#351,#352,#261,.T.);
#436=EDGE_CURVE('',#352,#348,#100,.T.);
#437=EDGE_CURVE('',#344,#353,#101,.T.);
#438=EDGE_CURVE('',#354,#353,#262,.T.);
#439=EDGE_CURVE('',#354,#351,#102,.T.);
#440=EDGE_CURVE('',#349,#350,#103,.T.);
#441=EDGE_CURVE('',#348,#355,#263,.T.);
#442=EDGE_CURVE('',#355,#347,#104,.T.);
#443=EDGE_CURVE('',#346,#345,#105,.T.);
#444=EDGE_CURVE('',#356,#354,#106,.T.);
#445=EDGE_CURVE('',#352,#356,#107,.T.);
#446=EDGE_CURVE('',#357,#355,#108,.T.);
#447=EDGE_CURVE('',#353,#357,#109,.T.);
#448=EDGE_CURVE('',#356,#357,#264,.T.);
#449=EDGE_CURVE('',#358,#358,#314,.T.);
#450=EDGE_CURVE('',#358,#359,#265,.T.);
#451=EDGE_CURVE('',#360,#359,#110,.T.);
#452=EDGE_CURVE('',#361,#360,#111,.T.);
#453=EDGE_CURVE('',#359,#361,#112,.T.);
#454=EDGE_CURVE('',#362,#362,#315,.T.);
#455=EDGE_CURVE('',#362,#363,#266,.T.);
#456=EDGE_CURVE('',#364,#363,#113,.T.);
#457=EDGE_CURVE('',#365,#364,#114,.T.);
#458=EDGE_CURVE('',#363,#365,#115,.T.);
#459=EDGE_CURVE('',#366,#361,#116,.T.);
#460=EDGE_CURVE('',#366,#367,#117,.T.);
#461=EDGE_CURVE('',#368,#367,#316,.T.);
#462=EDGE_CURVE('',#360,#368,#118,.T.);
#463=EDGE_CURVE('',#369,#365,#119,.T.);
#464=EDGE_CURVE('',#370,#369,#317,.T.);
#465=EDGE_CURVE('',#370,#371,#120,.T.);
#466=EDGE_CURVE('',#364,#371,#121,.T.);
#467=EDGE_CURVE('',#372,#373,#267,.T.);
#468=EDGE_CURVE('',#373,#373,#38,.T.);
#469=EDGE_CURVE('',#374,#372,#122,.T.);
#470=EDGE_CURVE('',#372,#374,#123,.T.);
#471=EDGE_CURVE('',#375,#374,#124,.T.);
#472=EDGE_CURVE('',#375,#376,#125,.T.);
#473=EDGE_CURVE('',#376,#377,#126,.T.);
#474=EDGE_CURVE('',#377,#378,#127,.T.);
#475=EDGE_CURVE('',#372,#378,#128,.T.);
#476=EDGE_CURVE('',#379,#380,#129,.T.);
#477=EDGE_CURVE('',#380,#381,#268,.T.);
#478=EDGE_CURVE('',#381,#382,#130,.T.);
#479=EDGE_CURVE('',#382,#383,#131,.T.);
#480=EDGE_CURVE('',#383,#379,#269,.T.);
#481=EDGE_CURVE('',#384,#383,#132,.T.);
#482=EDGE_CURVE('',#385,#384,#270,.T.);
#483=EDGE_CURVE('',#385,#379,#271,.T.);
#484=EDGE_CURVE('',#386,#382,#272,.T.);
#485=EDGE_CURVE('',#378,#386,#133,.T.);
#486=EDGE_CURVE('',#378,#387,#273,.T.);
#487=EDGE_CURVE('',#387,#384,#134,.T.);
#488=EDGE_CURVE('',#385,#387,#135,.T.);
#489=EDGE_CURVE('',#377,#385,#274,.T.);
#490=EDGE_CURVE('',#368,#369,#136,.T.);
#491=EDGE_CURVE('',#371,#366,#137,.T.);
#492=EDGE_CURVE('',#386,#388,#138,.T.);
#493=EDGE_CURVE('',#388,#375,#139,.T.);
#494=EDGE_CURVE('',#369,#388,#140,.T.);
#495=EDGE_CURVE('',#386,#370,#141,.T.);
#496=EDGE_CURVE('',#367,#377,#142,.T.);
#497=EDGE_CURVE('',#376,#368,#143,.T.);
#498=EDGE_CURVE('',#381,#380,#144,.T.);
#499=ORIENTED_EDGE('',*,*,#389,.F.);
#500=ORIENTED_EDGE('',*,*,#390,.T.);
#501=ORIENTED_EDGE('',*,*,#391,.F.);
#502=ORIENTED_EDGE('',*,*,#390,.F.);
#503=ORIENTED_EDGE('',*,*,#392,.F.);
#504=ORIENTED_EDGE('',*,*,#393,.T.);
#505=ORIENTED_EDGE('',*,*,#394,.F.);
#506=ORIENTED_EDGE('',*,*,#393,.F.);
#507=ORIENTED_EDGE('',*,*,#395,.T.);
#508=ORIENTED_EDGE('',*,*,#396,.T.);
#509=ORIENTED_EDGE('',*,*,#397,.T.);
#510=ORIENTED_EDGE('',*,*,#398,.T.);
#511=ORIENTED_EDGE('',*,*,#399,.T.);
#512=ORIENTED_EDGE('',*,*,#400,.T.);
#513=ORIENTED_EDGE('',*,*,#401,.T.);
#514=ORIENTED_EDGE('',*,*,#402,.T.);
#515=ORIENTED_EDGE('',*,*,#403,.T.);
#516=ORIENTED_EDGE('',*,*,#400,.F.);
#517=ORIENTED_EDGE('',*,*,#404,.T.);
#518=ORIENTED_EDGE('',*,*,#389,.T.);
#519=ORIENTED_EDGE('',*,*,#392,.T.);
#520=ORIENTED_EDGE('',*,*,#395,.F.);
#521=ORIENTED_EDGE('',*,*,#405,.T.);
#522=ORIENTED_EDGE('',*,*,#406,.T.);
#523=ORIENTED_EDGE('',*,*,#407,.T.);
#524=ORIENTED_EDGE('',*,*,#401,.F.);
#525=ORIENTED_EDGE('',*,*,#404,.F.);
#526=ORIENTED_EDGE('',*,*,#399,.F.);
#527=ORIENTED_EDGE('',*,*,#408,.F.);
#528=ORIENTED_EDGE('',*,*,#409,.T.);
#529=ORIENTED_EDGE('',*,*,#397,.F.);
#530=ORIENTED_EDGE('',*,*,#410,.T.);
#531=ORIENTED_EDGE('',*,*,#411,.F.);
#532=ORIENTED_EDGE('',*,*,#412,.T.);
#533=ORIENTED_EDGE('',*,*,#413,.F.);
#534=ORIENTED_EDGE('',*,*,#412,.F.);
#535=ORIENTED_EDGE('',*,*,#414,.F.);
#536=ORIENTED_EDGE('',*,*,#402,.F.);
#537=ORIENTED_EDGE('',*,*,#407,.F.);
#538=ORIENTED_EDGE('',*,*,#415,.F.);
#539=ORIENTED_EDGE('',*,*,#411,.T.);
#540=ORIENTED_EDGE('',*,*,#405,.F.);
#541=ORIENTED_EDGE('',*,*,#398,.F.);
#542=ORIENTED_EDGE('',*,*,#409,.F.);
#543=ORIENTED_EDGE('',*,*,#416,.F.);
#544=ORIENTED_EDGE('',*,*,#417,.F.);
#545=ORIENTED_EDGE('',*,*,#413,.T.);
#546=ORIENTED_EDGE('',*,*,#415,.T.);
#547=ORIENTED_EDGE('',*,*,#406,.F.);
#548=ORIENTED_EDGE('',*,*,#417,.T.);
#549=ORIENTED_EDGE('',*,*,#418,.T.);
#550=ORIENTED_EDGE('',*,*,#396,.F.);
#551=ORIENTED_EDGE('',*,*,#410,.F.);
#552=ORIENTED_EDGE('',*,*,#391,.T.);
#553=ORIENTED_EDGE('',*,*,#394,.T.);
#554=ORIENTED_EDGE('',*,*,#403,.F.);
#555=ORIENTED_EDGE('',*,*,#414,.T.);
#556=ORIENTED_EDGE('',*,*,#418,.F.);
#557=ORIENTED_EDGE('',*,*,#416,.T.);
#558=ORIENTED_EDGE('',*,*,#408,.T.);
#559=ORIENTED_EDGE('',*,*,#419,.F.);
#560=ORIENTED_EDGE('',*,*,#420,.T.);
#561=ORIENTED_EDGE('',*,*,#421,.F.);
#562=ORIENTED_EDGE('',*,*,#420,.F.);
#563=ORIENTED_EDGE('',*,*,#422,.F.);
#564=ORIENTED_EDGE('',*,*,#423,.T.);
#565=ORIENTED_EDGE('',*,*,#424,.F.);
#566=ORIENTED_EDGE('',*,*,#423,.F.);
#567=ORIENTED_EDGE('',*,*,#425,.F.);
#568=ORIENTED_EDGE('',*,*,#426,.T.);
#569=ORIENTED_EDGE('',*,*,#427,.T.);
#570=ORIENTED_EDGE('',*,*,#426,.F.);
#571=ORIENTED_EDGE('',*,*,#427,.F.);
#572=ORIENTED_EDGE('',*,*,#428,.T.);
#573=ORIENTED_EDGE('',*,*,#429,.T.);
#574=ORIENTED_EDGE('',*,*,#430,.T.);
#575=ORIENTED_EDGE('',*,*,#431,.T.);
#576=ORIENTED_EDGE('',*,*,#432,.T.);
#577=ORIENTED_EDGE('',*,*,#433,.T.);
#578=ORIENTED_EDGE('',*,*,#434,.T.);
#579=ORIENTED_EDGE('',*,*,#435,.T.);
#580=ORIENTED_EDGE('',*,*,#436,.T.);
#581=ORIENTED_EDGE('',*,*,#428,.F.);
#582=ORIENTED_EDGE('',*,*,#437,.T.);
#583=ORIENTED_EDGE('',*,*,#438,.F.);
#584=ORIENTED_EDGE('',*,*,#439,.T.);
#585=ORIENTED_EDGE('',*,*,#434,.F.);
#586=ORIENTED_EDGE('',*,*,#440,.F.);
#587=ORIENTED_EDGE('',*,*,#432,.F.);
#588=ORIENTED_EDGE('',*,*,#441,.T.);
#589=ORIENTED_EDGE('',*,*,#442,.T.);
#590=ORIENTED_EDGE('',*,*,#430,.F.);
#591=ORIENTED_EDGE('',*,*,#443,.T.);
#592=ORIENTED_EDGE('',*,*,#433,.F.);
#593=ORIENTED_EDGE('',*,*,#440,.T.);
#594=ORIENTED_EDGE('',*,*,#421,.T.);
#595=ORIENTED_EDGE('',*,*,#424,.T.);
#596=ORIENTED_EDGE('',*,*,#439,.F.);
#597=ORIENTED_EDGE('',*,*,#444,.F.);
#598=ORIENTED_EDGE('',*,*,#445,.F.);
#599=ORIENTED_EDGE('',*,*,#435,.F.);
#600=ORIENTED_EDGE('',*,*,#425,.T.);
#601=ORIENTED_EDGE('',*,*,#442,.F.);
#602=ORIENTED_EDGE('',*,*,#446,.F.);
#603=ORIENTED_EDGE('',*,*,#447,.F.);
#604=ORIENTED_EDGE('',*,*,#437,.F.);
#605=ORIENTED_EDGE('',*,*,#431,.F.);
#606=ORIENTED_EDGE('',*,*,#429,.F.);
#607=ORIENTED_EDGE('',*,*,#443,.F.);
#608=ORIENTED_EDGE('',*,*,#419,.T.);
#609=ORIENTED_EDGE('',*,*,#422,.T.);
#610=ORIENTED_EDGE('',*,*,#436,.F.);
#611=ORIENTED_EDGE('',*,*,#445,.T.);
#612=ORIENTED_EDGE('',*,*,#448,.T.);
#613=ORIENTED_EDGE('',*,*,#446,.T.);
#614=ORIENTED_EDGE('',*,*,#441,.F.);
#615=ORIENTED_EDGE('',*,*,#444,.T.);
#616=ORIENTED_EDGE('',*,*,#438,.T.);
#617=ORIENTED_EDGE('',*,*,#447,.T.);
#618=ORIENTED_EDGE('',*,*,#448,.F.);
#619=ORIENTED_EDGE('',*,*,#449,.F.);
#620=ORIENTED_EDGE('',*,*,#450,.T.);
#621=ORIENTED_EDGE('',*,*,#451,.F.);
#622=ORIENTED_EDGE('',*,*,#452,.F.);
#623=ORIENTED_EDGE('',*,*,#453,.F.);
#624=ORIENTED_EDGE('',*,*,#450,.F.);
#625=ORIENTED_EDGE('',*,*,#454,.F.);
#626=ORIENTED_EDGE('',*,*,#455,.T.);
#627=ORIENTED_EDGE('',*,*,#456,.F.);
#628=ORIENTED_EDGE('',*,*,#457,.F.);
#629=ORIENTED_EDGE('',*,*,#458,.F.);
#630=ORIENTED_EDGE('',*,*,#455,.F.);
#631=ORIENTED_EDGE('',*,*,#451,.T.);
#632=ORIENTED_EDGE('',*,*,#453,.T.);
#633=ORIENTED_EDGE('',*,*,#459,.F.);
#634=ORIENTED_EDGE('',*,*,#460,.T.);
#635=ORIENTED_EDGE('',*,*,#461,.F.);
#636=ORIENTED_EDGE('',*,*,#462,.F.);
#637=ORIENTED_EDGE('',*,*,#456,.T.);
#638=ORIENTED_EDGE('',*,*,#458,.T.);
#639=ORIENTED_EDGE('',*,*,#463,.F.);
#640=ORIENTED_EDGE('',*,*,#464,.F.);
#641=ORIENTED_EDGE('',*,*,#465,.T.);
#642=ORIENTED_EDGE('',*,*,#466,.F.);
#643=ORIENTED_EDGE('',*,*,#467,.T.);
#644=ORIENTED_EDGE('',*,*,#468,.F.);
#645=ORIENTED_EDGE('',*,*,#467,.F.);
#646=ORIENTED_EDGE('',*,*,#469,.F.);
#647=ORIENTED_EDGE('',*,*,#470,.F.);
#648=ORIENTED_EDGE('',*,*,#470,.T.);
#649=ORIENTED_EDGE('',*,*,#471,.F.);
#650=ORIENTED_EDGE('',*,*,#472,.T.);
#651=ORIENTED_EDGE('',*,*,#473,.T.);
#652=ORIENTED_EDGE('',*,*,#474,.T.);
#653=ORIENTED_EDGE('',*,*,#475,.F.);
#654=ORIENTED_EDGE('',*,*,#476,.T.);
#655=ORIENTED_EDGE('',*,*,#477,.T.);
#656=ORIENTED_EDGE('',*,*,#478,.T.);
#657=ORIENTED_EDGE('',*,*,#479,.T.);
#658=ORIENTED_EDGE('',*,*,#480,.T.);
#659=ORIENTED_EDGE('',*,*,#480,.F.);
#660=ORIENTED_EDGE('',*,*,#481,.F.);
#661=ORIENTED_EDGE('',*,*,#482,.F.);
#662=ORIENTED_EDGE('',*,*,#483,.T.);
#663=ORIENTED_EDGE('',*,*,#479,.F.);
#664=ORIENTED_EDGE('',*,*,#484,.F.);
#665=ORIENTED_EDGE('',*,*,#485,.F.);
#666=ORIENTED_EDGE('',*,*,#486,.T.);
#667=ORIENTED_EDGE('',*,*,#487,.T.);
#668=ORIENTED_EDGE('',*,*,#481,.T.);
#669=ORIENTED_EDGE('',*,*,#488,.F.);
#670=ORIENTED_EDGE('',*,*,#482,.T.);
#671=ORIENTED_EDGE('',*,*,#487,.F.);
#672=ORIENTED_EDGE('',*,*,#468,.T.);
#673=ORIENTED_EDGE('',*,*,#488,.T.);
#674=ORIENTED_EDGE('',*,*,#486,.F.);
#675=ORIENTED_EDGE('',*,*,#474,.F.);
#676=ORIENTED_EDGE('',*,*,#489,.T.);
#677=ORIENTED_EDGE('',*,*,#452,.T.);
#678=ORIENTED_EDGE('',*,*,#462,.T.);
#679=ORIENTED_EDGE('',*,*,#490,.T.);
#680=ORIENTED_EDGE('',*,*,#463,.T.);
#681=ORIENTED_EDGE('',*,*,#457,.T.);
#682=ORIENTED_EDGE('',*,*,#466,.T.);
#683=ORIENTED_EDGE('',*,*,#491,.T.);
#684=ORIENTED_EDGE('',*,*,#459,.T.);
#685=ORIENTED_EDGE('',*,*,#475,.T.);
#686=ORIENTED_EDGE('',*,*,#485,.T.);
#687=ORIENTED_EDGE('',*,*,#492,.T.);
#688=ORIENTED_EDGE('',*,*,#493,.T.);
#689=ORIENTED_EDGE('',*,*,#471,.T.);
#690=ORIENTED_EDGE('',*,*,#469,.T.);
#691=ORIENTED_EDGE('',*,*,#464,.T.);
#692=ORIENTED_EDGE('',*,*,#494,.T.);
#693=ORIENTED_EDGE('',*,*,#492,.F.);
#694=ORIENTED_EDGE('',*,*,#495,.T.);
#695=ORIENTED_EDGE('',*,*,#461,.T.);
#696=ORIENTED_EDGE('',*,*,#496,.T.);
#697=ORIENTED_EDGE('',*,*,#473,.F.);
#698=ORIENTED_EDGE('',*,*,#497,.T.);
#699=ORIENTED_EDGE('',*,*,#476,.F.);
#700=ORIENTED_EDGE('',*,*,#483,.F.);
#701=ORIENTED_EDGE('',*,*,#489,.F.);
#702=ORIENTED_EDGE('',*,*,#496,.F.);
#703=ORIENTED_EDGE('',*,*,#460,.F.);
#704=ORIENTED_EDGE('',*,*,#491,.F.);
#705=ORIENTED_EDGE('',*,*,#465,.F.);
#706=ORIENTED_EDGE('',*,*,#495,.F.);
#707=ORIENTED_EDGE('',*,*,#484,.T.);
#708=ORIENTED_EDGE('',*,*,#478,.F.);
#709=ORIENTED_EDGE('',*,*,#498,.T.);
#710=ORIENTED_EDGE('',*,*,#493,.F.);
#711=ORIENTED_EDGE('',*,*,#494,.F.);
#712=ORIENTED_EDGE('',*,*,#490,.F.);
#713=ORIENTED_EDGE('',*,*,#497,.F.);
#714=ORIENTED_EDGE('',*,*,#472,.F.);
#715=ORIENTED_EDGE('',*,*,#477,.F.);
#716=ORIENTED_EDGE('',*,*,#498,.F.);
#717=ORIENTED_EDGE('',*,*,#449,.T.);
#718=ORIENTED_EDGE('',*,*,#454,.T.);
#719=CYLINDRICAL_SURFACE('',#815,2.);
#720=CYLINDRICAL_SURFACE('',#818,2.);
#721=CYLINDRICAL_SURFACE('',#821,1.);
#722=CYLINDRICAL_SURFACE('',#822,1.);
#723=CYLINDRICAL_SURFACE('',#824,1.25);
#724=CYLINDRICAL_SURFACE('',#831,2.);
#725=CYLINDRICAL_SURFACE('',#834,2.);
#726=CYLINDRICAL_SURFACE('',#837,1.25);
#727=CYLINDRICAL_SURFACE('',#841,1.);
#728=CYLINDRICAL_SURFACE('',#842,1.);
#729=CYLINDRICAL_SURFACE('',#848,2.);
#730=CYLINDRICAL_SURFACE('',#850,2.);
#731=CYLINDRICAL_SURFACE('',#854,1.25);
#732=CYLINDRICAL_SURFACE('',#856,1.);
#733=ADVANCED_FACE('',(#145),#719,.F.);
#734=ADVANCED_FACE('',(#146),#720,.F.);
#735=ADVANCED_FACE('',(#147),#721,.T.);
#736=ADVANCED_FACE('',(#148),#722,.T.);
#737=ADVANCED_FACE('',(#149,#55,#56),#69,.T.);
#738=ADVANCED_FACE('',(#150),#39,.T.);
#739=ADVANCED_FACE('',(#151),#723,.F.);
#740=ADVANCED_FACE('',(#152,#57),#70,.F.);
#741=ADVANCED_FACE('',(#153,#58),#71,.F.);
#742=ADVANCED_FACE('',(#154),#40,.T.);
#743=ADVANCED_FACE('',(#155,#59,#60),#72,.F.);
#744=ADVANCED_FACE('',(#156),#41,.T.);
#745=ADVANCED_FACE('',(#157),#724,.F.);
#746=ADVANCED_FACE('',(#158),#725,.F.);
#747=ADVANCED_FACE('',(#159),#726,.F.);
#748=ADVANCED_FACE('',(#160),#73,.T.);
#749=ADVANCED_FACE('',(#161),#727,.T.);
#750=ADVANCED_FACE('',(#162),#728,.T.);
#751=ADVANCED_FACE('',(#163),#42,.F.);
#752=ADVANCED_FACE('',(#164,#61,#62),#74,.T.);
#753=ADVANCED_FACE('',(#165,#63),#75,.F.);
#754=ADVANCED_FACE('',(#166),#76,.F.);
#755=ADVANCED_FACE('',(#167,#64,#65),#77,.F.);
#756=ADVANCED_FACE('',(#168),#43,.F.);
#757=ADVANCED_FACE('',(#169),#44,.F.);
#758=ADVANCED_FACE('',(#170),#729,.F.);
#759=ADVANCED_FACE('',(#171),#730,.F.);
#760=ADVANCED_FACE('',(#172),#45,.F.);
#761=ADVANCED_FACE('',(#173),#46,.F.);
#762=ADVANCED_FACE('',(#174),#731,.F.);
#763=ADVANCED_FACE('',(#175),#47,.F.);
#764=ADVANCED_FACE('',(#176),#732,.T.);
#765=ADVANCED_FACE('',(#177),#78,.F.);
#766=ADVANCED_FACE('',(#178),#48,.F.);
#767=ADVANCED_FACE('',(#179,#66),#79,.F.);
#768=ADVANCED_FACE('',(#180),#49,.F.);
#769=ADVANCED_FACE('',(#181),#50,.F.);
#770=ADVANCED_FACE('',(#182),#51,.F.);
#771=ADVANCED_FACE('',(#183),#52,.F.);
#772=ADVANCED_FACE('',(#184),#53,.F.);
#773=ADVANCED_FACE('',(#185),#54,.F.);
#774=ADVANCED_FACE('',(#186),#80,.T.);
#775=ADVANCED_FACE('',(#187,#67,#68),#81,.F.);
#776=CLOSED_SHELL('',(#733,#734,#735,#736,#737,#738,#739,#740,#741,#742,
#743,#744));
#777=CLOSED_SHELL('',(#745,#746,#747,#748,#749,#750,#751,#752,#753,#754,
#755,#756,#757));
#778=CLOSED_SHELL('',(#758,#759,#760,#761,#762,#763,#764,#765,#766,#767,
#768,#769,#770,#771,#772,#773,#774,#775));
#779=DERIVED_UNIT_ELEMENT(#785,1.);
#780=DERIVED_UNIT_ELEMENT(#2719,-3.);
#781=DERIVED_UNIT_ELEMENT(#785,1.);
#782=DERIVED_UNIT_ELEMENT(#2719,-3.);
#783=DERIVED_UNIT_ELEMENT(#785,1.);
#784=DERIVED_UNIT_ELEMENT(#2719,-3.);
#785=(
MASS_UNIT()
NAMED_UNIT(*)
SI_UNIT(.KILO.,.GRAM.)
);
#786=DERIVED_UNIT((#779,#780));
#787=DERIVED_UNIT((#781,#782));
#788=DERIVED_UNIT((#783,#784));
#789=MEASURE_REPRESENTATION_ITEM('density measure',
POSITIVE_RATIO_MEASURE(7850.),#786);
#790=MEASURE_REPRESENTATION_ITEM('density measure',
POSITIVE_RATIO_MEASURE(7850.),#787);
#791=MEASURE_REPRESENTATION_ITEM('density measure',
POSITIVE_RATIO_MEASURE(7850.),#788);
#792=PROPERTY_DEFINITION_REPRESENTATION(#807,#798);
#793=PROPERTY_DEFINITION_REPRESENTATION(#808,#799);
#794=PROPERTY_DEFINITION_REPRESENTATION(#809,#800);
#795=PROPERTY_DEFINITION_REPRESENTATION(#810,#801);
#796=PROPERTY_DEFINITION_REPRESENTATION(#811,#802);
#797=PROPERTY_DEFINITION_REPRESENTATION(#812,#803);
#798=REPRESENTATION('material name',(#804),#2714);
#799=REPRESENTATION('density',(#789),#2714);
#800=REPRESENTATION('material name',(#805),#2715);
#801=REPRESENTATION('density',(#790),#2715);
#802=REPRESENTATION('material name',(#806),#2716);
#803=REPRESENTATION('density',(#791),#2716);
#804=DESCRIPTIVE_REPRESENTATION_ITEM('Steel','Steel');
#805=DESCRIPTIVE_REPRESENTATION_ITEM('Steel','Steel');
#806=DESCRIPTIVE_REPRESENTATION_ITEM('Steel','Steel');
#807=PROPERTY_DEFINITION('material property','material name',#2739);
#808=PROPERTY_DEFINITION('material property','density of part',#2739);
#809=PROPERTY_DEFINITION('material property','material name',#2740);
#810=PROPERTY_DEFINITION('material property','density of part',#2740);
#811=PROPERTY_DEFINITION('material property','material name',#2741);
#812=PROPERTY_DEFINITION('material property','density of part',#2741);
#813=AXIS2_PLACEMENT_3D('',#996,#864,#865);
#814=AXIS2_PLACEMENT_3D('',#997,#866,#867);
#815=AXIS2_PLACEMENT_3D('',#998,#868,#869);
#816=AXIS2_PLACEMENT_3D('',#1000,#870,#871);
#817=AXIS2_PLACEMENT_3D('',#1003,#873,#874);
#818=AXIS2_PLACEMENT_3D('',#1004,#875,#876);
#819=AXIS2_PLACEMENT_3D('',#1006,#877,#878);
#820=AXIS2_PLACEMENT_3D('',#1009,#880,#881);
#821=AXIS2_PLACEMENT_3D('',#1010,#882,#883);
#822=AXIS2_PLACEMENT_3D('',#1052,#886,#887);
#823=AXIS2_PLACEMENT_3D('',#1097,#890,#891);
#824=AXIS2_PLACEMENT_3D('',#1247,#894,#895);
#825=AXIS2_PLACEMENT_3D('',#1249,#896,#897);
#826=AXIS2_PLACEMENT_3D('',#1252,#899,#900);
#827=AXIS2_PLACEMENT_3D('',#1253,#901,#902);
#828=AXIS2_PLACEMENT_3D('',#1279,#903,#904);
#829=AXIS2_PLACEMENT_3D('',#1330,#906,#907);
#830=AXIS2_PLACEMENT_3D('',#1355,#908,#909);
#831=AXIS2_PLACEMENT_3D('',#1356,#910,#911);
#832=AXIS2_PLACEMENT_3D('',#1358,#912,#913);
#833=AXIS2_PLACEMENT_3D('',#1361,#915,#916);
#834=AXIS2_PLACEMENT_3D('',#1362,#917,#918);
#835=AXIS2_PLACEMENT_3D('',#1364,#919,#920);
#836=AXIS2_PLACEMENT_3D('',#1367,#922,#923);
#837=AXIS2_PLACEMENT_3D('',#1368,#924,#925);
#838=AXIS2_PLACEMENT_3D('',#1370,#926,#927);
#839=AXIS2_PLACEMENT_3D('',#1373,#929,#930);
#840=AXIS2_PLACEMENT_3D('',#1374,#931,#932);
#841=AXIS2_PLACEMENT_3D('',#1375,#933,#934);
#842=AXIS2_PLACEMENT_3D('',#1414,#937,#938);
#843=AXIS2_PLACEMENT_3D('',#1607,#943,#944);
#844=AXIS2_PLACEMENT_3D('',#1608,#945,#946);
#845=AXIS2_PLACEMENT_3D('',#1634,#947,#948);
#846=AXIS2_PLACEMENT_3D('',#1660,#949,#950);
#847=AXIS2_PLACEMENT_3D('',#1710,#952,#953);
#848=AXIS2_PLACEMENT_3D('',#1711,#954,#955);
#849=AXIS2_PLACEMENT_3D('',#1713,#956,#957);
#850=AXIS2_PLACEMENT_3D('',#1804,#959,#960);
#851=AXIS2_PLACEMENT_3D('',#1806,#961,#962);
#852=AXIS2_PLACEMENT_3D('',#2011,#964,#965);
#853=AXIS2_PLACEMENT_3D('',#2148,#966,#967);
#854=AXIS2_PLACEMENT_3D('',#2169,#968,#969);
#855=AXIS2_PLACEMENT_3D('',#2173,#971,#972);
#856=AXIS2_PLACEMENT_3D('',#2299,#973,#974);
#857=AXIS2_PLACEMENT_3D('',#2349,#977,#978);
#858=AXIS2_PLACEMENT_3D('',#2404,#983,#984);
#859=AXIS2_PLACEMENT_3D('',#2703,#986,#987);
#860=AXIS2_PLACEMENT_3D('',#2704,#988,#989);
#861=AXIS2_PLACEMENT_3D('',#2705,#990,#991);
#862=AXIS2_PLACEMENT_3D('',#2706,#992,#993);
#863=AXIS2_PLACEMENT_3D('',#2707,#994,#995);
#864=DIRECTION('axis',(0.,0.,1.));
#865=DIRECTION('refdir',(1.,0.,0.));
#866=DIRECTION('axis',(0.,0.,1.));
#867=DIRECTION('refdir',(1.,0.,0.));
#868=DIRECTION('center_axis',(0.,0.,-1.));
#869=DIRECTION('ref_axis',(-1.,0.,0.));
#870=DIRECTION('center_axis',(2.09214976265622E-32,3.59648350707139E-31,
-1.));
#871=DIRECTION('ref_axis',(-1.,0.,0.));
#872=DIRECTION('',(0.,0.,-1.));
#873=DIRECTION('center_axis',(0.,0.,1.));
#874=DIRECTION('ref_axis',(-1.,0.,0.));
#875=DIRECTION('center_axis',(0.,0.,-1.));
#876=DIRECTION('ref_axis',(-1.,0.,0.));
#877=DIRECTION('center_axis',(2.09214976265622E-32,3.59648350707139E-31,
-1.));
#878=DIRECTION('ref_axis',(-1.,0.,0.));
#879=DIRECTION('',(0.,0.,-1.));
#880=DIRECTION('center_axis',(0.,0.,1.));
#881=DIRECTION('ref_axis',(-1.,0.,0.));
#882=DIRECTION('center_axis',(0.,-1.,0.));
#883=DIRECTION('ref_axis',(0.707106781186548,0.,-0.707106781186548));
#884=DIRECTION('',(0.,1.,0.));
#885=DIRECTION('',(0.,-1.,0.));
#886=DIRECTION('center_axis',(0.,1.,3.59648350707139E-31));
#887=DIRECTION('ref_axis',(0.707106781186546,0.,0.707106781186549));
#888=DIRECTION('',(0.,-1.,-3.59648350707139E-31));
#889=DIRECTION('',(0.,1.,0.));
#890=DIRECTION('center_axis',(-2.09214976265622E-32,-3.59648350707139E-31,
1.));
#891=DIRECTION('ref_axis',(1.,0.,2.09214976265622E-32));
#892=DIRECTION('',(0.000278525024163922,0.0135122792729108,0.999908666195399));
#893=DIRECTION('',(0.000258725129425951,-0.0135122793447793,0.999908671513662));
#894=DIRECTION('center_axis',(0.,0.,-1.));
#895=DIRECTION('ref_axis',(-1.,0.,0.));
#896=DIRECTION('center_axis',(-0.707106781186549,0.,-0.707106781186546));
#897=DIRECTION('ref_axis',(-0.707106781186546,0.,0.707106781186549));
#898=DIRECTION('',(0.,0.,-1.));
#899=DIRECTION('center_axis',(-0.707106781186548,0.,0.707106781186547));
#900=DIRECTION('ref_axis',(-0.707106781186547,0.,-0.707106781186548));
#901=DIRECTION('center_axis',(-0.707106781186549,0.,-0.707106781186546));
#902=DIRECTION('ref_axis',(-0.707106781186546,0.,0.707106781186549));
#903=DIRECTION('center_axis',(-0.707106781186548,0.,0.707106781186547));
#904=DIRECTION('ref_axis',(0.707106781186547,0.,0.707106781186548));
#905=DIRECTION('',(-0.0135155766412141,-1.94642123182153E-5,0.999908660233123));
#906=DIRECTION('center_axis',(0.,0.,1.));
#907=DIRECTION('ref_axis',(1.,0.,0.));
#908=DIRECTION('axis',(0.,0.,1.));
#909=DIRECTION('refdir',(1.,0.,0.));
#910=DIRECTION('center_axis',(0.,0.,1.));
#911=DIRECTION('ref_axis',(-1.,0.,0.));
#912=DIRECTION('center_axis',(-6.44032104342876E-31,4.20448458431605E-32,
1.));
#913=DIRECTION('ref_axis',(-1.,0.,0.));
#914=DIRECTION('',(0.,0.,1.));
#915=DIRECTION('center_axis',(0.,0.,-1.));
#916=DIRECTION('ref_axis',(-1.,0.,0.));
#917=DIRECTION('center_axis',(0.,0.,1.));
#918=DIRECTION('ref_axis',(-1.,0.,0.));
#919=DIRECTION('center_axis',(-6.44032104342876E-31,4.20448458431605E-32,
1.));
#920=DIRECTION('ref_axis',(-1.,0.,0.));
#921=DIRECTION('',(0.,0.,1.));
#922=DIRECTION('center_axis',(0.,0.,-1.));
#923=DIRECTION('ref_axis',(-1.,0.,0.));
#924=DIRECTION('center_axis',(0.,0.,-1.));
#925=DIRECTION('ref_axis',(-1.,0.,0.));
#926=DIRECTION('center_axis',(-0.707106781186547,0.,-0.707106781186548));
#927=DIRECTION('ref_axis',(-0.707106781186548,0.,0.707106781186547));
#928=DIRECTION('',(0.,0.,-1.));
#929=DIRECTION('center_axis',(-1.11713069765824E-31,3.38241514867532E-31,
-1.));
#930=DIRECTION('ref_axis',(-1.,0.,1.11713069765824E-31));
#931=DIRECTION('center_axis',(1.11713069765824E-31,-3.38241514867532E-31,
1.));
#932=DIRECTION('ref_axis',(-1.,0.,1.11713069765824E-31));
#933=DIRECTION('center_axis',(0.,-1.,4.20448458431605E-32));
#934=DIRECTION('ref_axis',(0.707106781186546,0.,-0.707106781186549));
#935=DIRECTION('',(0.,1.,-4.20448458431605E-32));
#936=DIRECTION('',(0.,-1.,0.));
#937=DIRECTION('center_axis',(0.,1.,0.));
#938=DIRECTION('ref_axis',(0.707106781186549,0.,0.707106781186546));
#939=DIRECTION('',(0.,-1.,0.));
#940=DIRECTION('',(0.,1.,0.));
#941=DIRECTION('',(-0.0003327182765813,-0.0156230921357926,-0.999877896690723));
#942=DIRECTION('',(-0.000309034836733288,0.0156230922545195,-0.999877904289257));
#943=DIRECTION('center_axis',(0.,0.,1.));
#944=DIRECTION('ref_axis',(1.,0.,0.));
#945=DIRECTION('center_axis',(-0.707106781186547,0.,-0.707106781186548));
#946=DIRECTION('ref_axis',(-0.707106781186548,0.,0.707106781186547));
#947=DIRECTION('center_axis',(-0.70710678118655,0.,0.707106781186545));
#948=DIRECTION('ref_axis',(0.707106781186545,0.,0.70710678118655));
#949=DIRECTION('center_axis',(-6.44032104342876E-31,4.20448458431605E-32,
1.));
#950=DIRECTION('ref_axis',(1.,0.,6.44032104342876E-31));
#951=DIRECTION('',(0.015627437891164,2.24703716241344E-5,-0.999877883883847));
#952=DIRECTION('axis',(0.,0.,1.));
#953=DIRECTION('refdir',(1.,0.,0.));
#954=DIRECTION('center_axis',(0.,0.,1.));
#955=DIRECTION('ref_axis',(-1.,0.,0.));
#956=DIRECTION('center_axis',(-5.53321471565953E-31,2.89705594854926E-31,
1.));
#957=DIRECTION('ref_axis',(-1.,0.,0.));
#958=DIRECTION('',(0.,0.,1.));
#959=DIRECTION('center_axis',(0.,0.,1.));
#960=DIRECTION('ref_axis',(-1.,0.,0.));
#961=DIRECTION('center_axis',(-5.53321471565953E-31,2.89705594854926E-31,
1.));
#962=DIRECTION('ref_axis',(-1.,0.,0.));
#963=DIRECTION('',(0.,0.,1.));
#964=DIRECTION('center_axis',(1.,-5.55284957563589E-17,0.));
#965=DIRECTION('ref_axis',(0.,0.,1.));
#966=DIRECTION('center_axis',(1.,1.44096533210377E-15,1.11022302462516E-16));
#967=DIRECTION('ref_axis',(-1.4432899320127E-15,0.999687646408123,0.0249921911602016));
#968=DIRECTION('center_axis',(0.,0.,-1.));
#969=DIRECTION('ref_axis',(-1.,0.,0.));
#970=DIRECTION('',(0.,0.,-1.));
#971=DIRECTION('center_axis',(-0.707106781186544,0.,0.707106781186551));
#972=DIRECTION('ref_axis',(-0.707106781186551,0.,-0.707106781186544));
#973=DIRECTION('center_axis',(1.59724458060951E-34,-1.,2.89705594854926E-31));
#974=DIRECTION('ref_axis',(0.706911828441828,0.,-0.707301680196669));
#975=DIRECTION('',(-1.59724458060951E-34,1.,-2.89705594854926E-31));
#976=DIRECTION('',(1.59724458060951E-34,-1.,2.89705594854926E-31));
#977=DIRECTION('center_axis',(-0.999999848015609,0.,0.000551333618065992));
#978=DIRECTION('ref_axis',(0.000551333618065992,0.,0.999999848015609));
#979=DIRECTION('',(0.,1.,0.));
#980=DIRECTION('',(-0.000551161407082387,-0.0249921873641527,-0.999687494566106));
#981=DIRECTION('',(-0.000511869991106862,0.0249921878860894,-0.99968751544359));
#982=DIRECTION('',(0.0250001832987422,3.58782950574978E-5,-0.999687445928865));
#983=DIRECTION('center_axis',(-0.707106781186544,0.,0.707106781186551));
#984=DIRECTION('ref_axis',(0.707106781186551,0.,0.707106781186544));
#985=DIRECTION('',(-0.000551161407082387,-0.0249921873641527,-0.999687494566106));
#986=DIRECTION('center_axis',(2.15413536190465E-31,-2.42747673486728E-32,
1.));
#987=DIRECTION('ref_axis',(1.,0.,-2.15413536190465E-31));
#988=DIRECTION('center_axis',(-5.53321471565953E-31,2.89705594854926E-31,
1.));
#989=DIRECTION('ref_axis',(1.,0.,5.53321471565953E-31));
#990=DIRECTION('',(0.,0.,1.));
#991=DIRECTION('',(1.,0.,0.));
#992=DIRECTION('',(0.,0.,1.));
#993=DIRECTION('',(1.,0.,0.));
#994=DIRECTION('',(0.,0.,1.));
#995=DIRECTION('',(1.,0.,0.));
#996=CARTESIAN_POINT('',(0.,0.,0.));
#997=CARTESIAN_POINT('',(0.,0.,0.));
#998=CARTESIAN_POINT('Origin',(-4.50006100837667,-3.1005,37.));
#999=CARTESIAN_POINT('',(-2.50006100837667,-3.1005,37.));
#1000=CARTESIAN_POINT('Origin',(-4.50006100837667,-3.1005,37.));
#1001=CARTESIAN_POINT('',(-2.50006100837667,-3.1005,0.));
#1002=CARTESIAN_POINT('',(-2.50006100837667,-3.1005,37.));
#1003=CARTESIAN_POINT('Origin',(-4.50006100837667,-3.1005,0.));
#1004=CARTESIAN_POINT('Origin',(-4.50006100837667,3.1005,37.));
#1005=CARTESIAN_POINT('',(-2.50006100837667,3.1005,37.));
#1006=CARTESIAN_POINT('Origin',(-4.50006100837667,3.1005,37.));
#1007=CARTESIAN_POINT('',(-2.50006100837667,3.1005,0.));
#1008=CARTESIAN_POINT('',(-2.50006100837667,3.1005,37.));
#1009=CARTESIAN_POINT('Origin',(-4.50006100837667,3.1005,0.));
#1010=CARTESIAN_POINT('Origin',(-1.,-0.000962333793607731,1.));
#1011=CARTESIAN_POINT('',(0.,-7.98648648648649,1.));
#1012=CARTESIAN_POINT('',(-1.,-8.,0.));
#1013=CARTESIAN_POINT('Ctrl Pts',(1.04843911330477E-11,-7.98648648657355,
1.));
#1014=CARTESIAN_POINT('Ctrl Pts',(2.21509285120194E-8,-7.98685416835437,
0.972791547881612));
#1015=CARTESIAN_POINT('Ctrl Pts',(-0.00111043633934693,-7.98722214396059,
0.945561358308737));
#1016=CARTESIAN_POINT('Ctrl Pts',(-0.00333669431531403,-7.98758949714424,
0.918377358703752));
#1017=CARTESIAN_POINT('Ctrl Pts',(-0.0123787984216331,-7.98908152806169,
0.807967623125898));
#1018=CARTESIAN_POINT('Ctrl Pts',(-0.0397051243387619,-7.99054291222761,
0.699823128561008));
#1019=CARTESIAN_POINT('Ctrl Pts',(-0.0841980100411455,-7.99191449917196,
0.598369775058372));
#1020=CARTESIAN_POINT('Ctrl Pts',(-0.133490017555416,-7.99343402915748,
0.485973391136437));
#1021=CARTESIAN_POINT('Ctrl Pts',(-0.203055745636504,-7.99481885973452,
0.383604108934821));
#1022=CARTESIAN_POINT('Ctrl Pts',(-0.289411778479265,-7.99600123309077,
0.296391136180073));
#1023=CARTESIAN_POINT('Ctrl Pts',(-0.38255121654846,-7.99727648377523,0.202327444190983));
#1024=CARTESIAN_POINT('Ctrl Pts',(-0.493448943225509,-7.99829204102692,
0.127685756598839));
#1025=CARTESIAN_POINT('Ctrl Pts',(-0.615658756533431,-7.99899053673813,
0.0768075883100345));
#1026=CARTESIAN_POINT('Ctrl Pts',(-0.737445981507356,-7.99968661712662,
0.0261053512315982));
#1027=CARTESIAN_POINT('Ctrl Pts',(-0.868071492715026,-8.00005417145519,
-1.09846955259331E-16));
#1028=CARTESIAN_POINT('Ctrl Pts',(-0.999992296743059,-8.00007227581884,
0.));
#1029=CARTESIAN_POINT('',(-1.,8.,0.));
#1030=CARTESIAN_POINT('',(-1.,-0.000962333793607731,0.));
#1031=CARTESIAN_POINT('',(0.,7.98648648648649,1.));
#1032=CARTESIAN_POINT('Ctrl Pts',(-0.999992286058946,8.00007228906697,0.));
#1033=CARTESIAN_POINT('Ctrl Pts',(-0.93252985339259,8.00006302912516,9.34789288925123E-18));
#1034=CARTESIAN_POINT('Ctrl Pts',(-0.865240304626748,7.99996233472712,0.00682695871557727));
#1035=CARTESIAN_POINT('Ctrl Pts',(-0.79915261956024,7.99977175496793,0.0203764042907954));
#1036=CARTESIAN_POINT('Ctrl Pts',(-0.732510744810941,7.99957957706931,0.0340394710790697));
#1037=CARTESIAN_POINT('Ctrl Pts',(-0.667436953396674,7.99929699800081,0.0544673081677808));
#1038=CARTESIAN_POINT('Ctrl Pts',(-0.604942960184433,7.99892831185076,0.0813420955876444));
#1039=CARTESIAN_POINT('Ctrl Pts',(-0.489022442471883,7.99824443349399,0.13119231496065));
#1040=CARTESIAN_POINT('Ctrl Pts',(-0.383579607715799,7.99727378082007,0.202535697894556));
#1041=CARTESIAN_POINT('Ctrl Pts',(-0.294192170214295,7.99606624786737,0.291595885638906));
#1042=CARTESIAN_POINT('Ctrl Pts',(-0.20487597836066,7.99485967737059,0.380585088567576));
#1043=CARTESIAN_POINT('Ctrl Pts',(-0.133191215829363,7.99343815482539,0.485667069964181));
#1044=CARTESIAN_POINT('Ctrl Pts',(-0.0829228579893587,7.99187501913966,
0.601290036898462));
#1045=CARTESIAN_POINT('Ctrl Pts',(-0.0387873877502944,7.99050259060806,
0.702806661577598));
#1046=CARTESIAN_POINT('Ctrl Pts',(-0.0118130937233795,7.98904122406327,
0.8109500581959));
#1047=CARTESIAN_POINT('Ctrl Pts',(-0.00310156911254484,7.98754998709641,
0.921301086949884));
#1048=CARTESIAN_POINT('Ctrl Pts',(-0.00103218677170815,7.98719575065869,
0.947514462954429));
#1049=CARTESIAN_POINT('Ctrl Pts',(2.17992957888787E-8,7.98684097686951,
0.973767717296312));
#1050=CARTESIAN_POINT('Ctrl Pts',(9.62140049164291E-12,7.98648648656675,
1.));
#1051=CARTESIAN_POINT('',(0.,0.,1.));
#1052=CARTESIAN_POINT('Origin',(-0.990426295859328,-0.000958252271255622,
36.));
#1053=CARTESIAN_POINT('',(0.00932077461089626,7.51320959610091,36.0224898885325));
#1054=CARTESIAN_POINT('',(-0.990426295859328,7.5,37.));
#1055=CARTESIAN_POINT('Ctrl Pts',(0.00932077461089546,7.51320959610091,
36.0224898885325));
#1056=CARTESIAN_POINT('Ctrl Pts',(0.00794048344909159,7.51238042945335,
36.083848220452));
#1057=CARTESIAN_POINT('Ctrl Pts',(0.000914419731535318,7.51155473618431,
36.1449495223609));
#1058=CARTESIAN_POINT('Ctrl Pts',(-0.0251751205239248,7.50987162055103,
36.2695000792231));
#1059=CARTESIAN_POINT('Ctrl Pts',(-0.0450207226994711,7.50902042746573,
36.3324883675358));
#1060=CARTESIAN_POINT('Ctrl Pts',(-0.118412694515703,7.50670032066261,36.5041762709663));
#1061=CARTESIAN_POINT('Ctrl Pts',(-0.185658393115192,7.5053275038218,36.6057647171864));
#1062=CARTESIAN_POINT('Ctrl Pts',(-0.361067842908681,7.50286082617217,36.7882988632588));
#1063=CARTESIAN_POINT('Ctrl Pts',(-0.47077935544472,7.5018301817317,36.8645665518541));
#1064=CARTESIAN_POINT('Ctrl Pts',(-0.713410699787947,7.50040653102047,36.969916704485));
#1065=CARTESIAN_POINT('Ctrl Pts',(-0.843916827883616,7.50002697615715,36.9980037643708));
#1066=CARTESIAN_POINT('Ctrl Pts',(-0.980878126212789,7.50000046185011,36.9999658230918));
#1067=CARTESIAN_POINT('Ctrl Pts',(-0.985652970607094,7.5,37.));
#1068=CARTESIAN_POINT('Ctrl Pts',(-0.990426295859328,7.5,37.));
#1069=CARTESIAN_POINT('',(-0.990426295859329,-7.5,37.));
#1070=CARTESIAN_POINT('',(-0.990426295859328,-0.000958252271255622,37.));
#1071=CARTESIAN_POINT('',(0.009573704140672,-7.51351351351351,36.));
#1072=CARTESIAN_POINT('Ctrl Pts',(-0.9904108443073,-7.50010018985907,36.9999999999999));
#1073=CARTESIAN_POINT('Ctrl Pts',(-0.908753623194068,-7.5000847245538,36.9999999999999));
#1074=CARTESIAN_POINT('Ctrl Pts',(-0.827403001502434,-7.50020607438124,
36.9899975868898));
#1075=CARTESIAN_POINT('Ctrl Pts',(-0.748177815923267,-7.50046153493984,
36.9702165546806));
#1076=CARTESIAN_POINT('Ctrl Pts',(-0.66760282468455,-7.50072134792887,36.9500985014972));
#1077=CARTESIAN_POINT('Ctrl Pts',(-0.589847292660135,-7.50111787856847,
36.9200208338389));
#1078=CARTESIAN_POINT('Ctrl Pts',(-0.516708874897305,-7.50164162675506,
36.8806794030421));
#1079=CARTESIAN_POINT('Ctrl Pts',(-0.399307156399047,-7.50248234684509,
36.8175285758161));
#1080=CARTESIAN_POINT('Ctrl Pts',(-0.295711291404948,-7.50363722132638,
36.731535120732));
#1081=CARTESIAN_POINT('Ctrl Pts',(-0.21202647616213,-7.50503546571065,36.6277699171857));
#1082=CARTESIAN_POINT('Ctrl Pts',(-0.137533468600456,-7.50628012914438,
36.5354021193961));
#1083=CARTESIAN_POINT('Ctrl Pts',(-0.0800733567055335,-7.50769654401151,
36.4305091404638));
#1084=CARTESIAN_POINT('Ctrl Pts',(-0.0423383186734727,-7.50921639619918,
36.3180083005071));
#1085=CARTESIAN_POINT('Ctrl Pts',(-0.00930544788346475,-7.51054685943847,
36.2195262025985));
#1086=CARTESIAN_POINT('Ctrl Pts',(0.00818189603649289,-7.5119392390384,
36.1164962845151));
#1087=CARTESIAN_POINT('Ctrl Pts',(0.00949392904533275,-7.51334282331836,
36.0126310647981));
#1088=CARTESIAN_POINT('Ctrl Pts',(0.00954712439673343,-7.51339973054439,
36.0084199307611));
#1089=CARTESIAN_POINT('Ctrl Pts',(0.00957370457391158,-7.51345662835718,
36.0042094930124));
#1090=CARTESIAN_POINT('Ctrl Pts',(0.00957370501392274,-7.5135135133976,
36.));
#1091=CARTESIAN_POINT('',(0.009573704140672,7.51352357124806,36.));
#1092=CARTESIAN_POINT('',(0.009573704140672,0.,36.));
#1093=CARTESIAN_POINT('Ctrl Pts',(0.00957370411461766,7.51352357111675,
36.0000000000588));
#1094=CARTESIAN_POINT('Ctrl Pts',(0.00957370411013402,7.51342218303092,
36.0074971448505));
#1095=CARTESIAN_POINT('Ctrl Pts',(0.00948939331606825,7.51331752121402,
36.014994250825));
#1096=CARTESIAN_POINT('Ctrl Pts',(0.00932077461089642,7.51320959610091,
36.0224898885325));
#1097=CARTESIAN_POINT('Origin',(-0.420883908315129,-0.00191650454251124,
37.));
#1098=CARTESIAN_POINT('Ctrl Pts',(-0.990410868433023,7.50010007008439,37.));
#1099=CARTESIAN_POINT('Ctrl Pts',(-2.07836388948789,7.50030603318879,37.0000000000001));
#1100=CARTESIAN_POINT('Ctrl Pts',(-3.16628201772891,7.50079041909499,37.0000000000003));
#1101=CARTESIAN_POINT('Ctrl Pts',(-4.3361367807413,7.50120559949693,37.0000000000003));
#1102=CARTESIAN_POINT('Ctrl Pts',(-4.41800251761709,7.50104913138426,37.0000000000003));
#1103=CARTESIAN_POINT('Ctrl Pts',(-5.41632093998519,7.50362371975769,37.0000000000003));
#1104=CARTESIAN_POINT('Ctrl Pts',(-7.23987657288374,6.73973983271263,37.0000000000003));
#1105=CARTESIAN_POINT('Ctrl Pts',(-8.00386701848463,4.91619336069383,37.0000000000006));
#1106=CARTESIAN_POINT('Ctrl Pts',(-8.00138782906058,3.92970724641565,37.0000000000007));
#1107=CARTESIAN_POINT('Ctrl Pts',(-8.00151833328787,3.85965043764913,37.0000000000007));
#1108=CARTESIAN_POINT('Ctrl Pts',(-8.00074575765955,1.26284821586654,37.0000000000004));
#1109=CARTESIAN_POINT('Ctrl Pts',(-8.00074586190573,-1.26358091353674,36.9999999999988));
#1110=CARTESIAN_POINT('Ctrl Pts',(-8.00151840154862,-3.86013893800834,36.9999999999984));
#1111=CARTESIAN_POINT('Ctrl Pts',(-8.00138834274897,-3.92995154731835,36.9999999999984));
#1112=CARTESIAN_POINT('Ctrl Pts',(-8.00386691397446,-4.91619342810998,36.9999999999987));
#1113=CARTESIAN_POINT('Ctrl Pts',(-7.23987653446116,-6.73973988703847,36.9999999999992));
#1114=CARTESIAN_POINT('Ctrl Pts',(-5.41632089593329,-7.50362385794044,36.9999999999991));
#1115=CARTESIAN_POINT('Ctrl Pts',(-4.41775823326802,-7.5010486323645,36.9999999999991));
#1116=CARTESIAN_POINT('Ctrl Pts',(-4.33564830190143,-7.50120555035853,36.999999999999));
#1117=CARTESIAN_POINT('Ctrl Pts',(-3.16579354788835,-7.500790369744,36.9999999999992));
#1118=CARTESIAN_POINT('Ctrl Pts',(-2.07811962831694,-7.50030619427803,36.9999999999997));
#1119=CARTESIAN_POINT('Ctrl Pts',(-0.9904108443073,-7.50010018985907,36.9999999999999));
#1120=CARTESIAN_POINT('Ctrl Pts',(0.,8.,0.));
#1121=CARTESIAN_POINT('Ctrl Pts',(0.00319123471355727,7.83333333333333,
12.3333333333333));
#1122=CARTESIAN_POINT('Ctrl Pts',(0.00638246942711455,7.66666666666666,
24.6666666666667));
#1123=CARTESIAN_POINT('Ctrl Pts',(0.00957370414067182,7.49999999999999,
37.));
#1124=CARTESIAN_POINT('Ctrl Pts',(-1.5,8.,0.));
#1125=CARTESIAN_POINT('Ctrl Pts',(-1.47058035934583,7.83333914638782,12.3333333333333));
#1126=CARTESIAN_POINT('Ctrl Pts',(-1.44116281326161,7.66666085361217,24.6666666666667));
#1127=CARTESIAN_POINT('Ctrl Pts',(-1.41174317260744,7.5,37.));
#1128=CARTESIAN_POINT('Ctrl Pts',(-2.9999374076604,8.00053735662215,0.));
#1129=CARTESIAN_POINT('Ctrl Pts',(-2.94429210560089,7.83385940881157,12.3333333333333));
#1130=CARTESIAN_POINT('Ctrl Pts',(-2.88859488068557,7.6673500675231,24.6666666666669));
#1131=CARTESIAN_POINT('Ctrl Pts',(-2.83294957862607,7.50067211971252,37.0000000000003));
#1132=CARTESIAN_POINT('Ctrl Pts',(-4.58636212502145,8.00096858438997,0.));
#1133=CARTESIAN_POINT('Ctrl Pts',(-4.50297579107971,7.83431154961063,12.3333333333333));
#1134=CARTESIAN_POINT('Ctrl Pts',(-4.41952311468304,7.66786263427628,24.666666666667));
#1135=CARTESIAN_POINT('Ctrl Pts',(-4.3361367807413,7.50120559949693,37.0000000000003));
#1136=CARTESIAN_POINT('Ctrl Pts',(-4.67275583338791,7.99804133282161,0.));
#1137=CARTESIAN_POINT('Ctrl Pts',(-4.58786398901109,7.8322642237261,12.3333333333333));
#1138=CARTESIAN_POINT('Ctrl Pts',(-4.5028943619939,7.66682624047977,24.6666666666669));
#1139=CARTESIAN_POINT('Ctrl Pts',(-4.41800251761709,7.50104913138426,37.0000000000003));
#1140=CARTESIAN_POINT('Ctrl Pts',(-5.72419447754192,7.93190169898612,0.));
#1141=CARTESIAN_POINT('Ctrl Pts',(-5.62160694418294,7.78935388401347,12.3333333333333));
#1142=CARTESIAN_POINT('Ctrl Pts',(-5.51890847334417,7.64617153473034,24.666666666667));
#1143=CARTESIAN_POINT('Ctrl Pts',(-5.41632093998519,7.50362371975769,37.0000000000003));
#1144=CARTESIAN_POINT('Ctrl Pts',(-7.59962450725428,7.07067369161342,0.));
#1145=CARTESIAN_POINT('Ctrl Pts',(-7.47963707757097,6.9602986430205,12.3333333333333));
#1146=CARTESIAN_POINT('Ctrl Pts',(-7.35986400256706,6.85011488130556,24.666666666667));
#1147=CARTESIAN_POINT('Ctrl Pts',(-7.23987657288374,6.73973983271263,37.0000000000003));
#1148=CARTESIAN_POINT('Ctrl Pts',(-8.44336727430405,5.18728304173743,0.));
#1149=CARTESIAN_POINT('Ctrl Pts',(-8.29705922314385,5.09697498715872,12.3333333333333));
#1150=CARTESIAN_POINT('Ctrl Pts',(-8.15017506964482,5.00650141527254,24.6666666666673));
#1151=CARTESIAN_POINT('Ctrl Pts',(-8.00386701848463,4.91619336069383,37.0000000000006));
#1152=CARTESIAN_POINT('Ctrl Pts',(-8.49906009024464,4.14773689363951,0.));
#1153=CARTESIAN_POINT('Ctrl Pts',(-8.33303745565813,4.07509104291263,12.3333333333333));
#1154=CARTESIAN_POINT('Ctrl Pts',(-8.1674104636471,4.00235309714254,24.6666666666674));
#1155=CARTESIAN_POINT('Ctrl Pts',(-8.00138782906058,3.92970724641565,37.0000000000007));
#1156=CARTESIAN_POINT('Ctrl Pts',(-8.50121641532888,4.07380467619984,0.));
#1157=CARTESIAN_POINT('Ctrl Pts',(-8.33455779197911,4.00244838930255,12.3333333333333));
#1158=CARTESIAN_POINT('Ctrl Pts',(-8.16817695663764,3.93100672454643,24.6666666666674));
#1159=CARTESIAN_POINT('Ctrl Pts',(-8.00151833328787,3.85965043764913,37.0000000000007));
#1160=CARTESIAN_POINT('Ctrl Pts',(-8.50059290051599,1.33320167146056,0.));
#1161=CARTESIAN_POINT('Ctrl Pts',(-8.33392154895308,1.30976725050094,12.3333333333333));
#1162=CARTESIAN_POINT('Ctrl Pts',(-8.16741710922246,1.28628263682616,24.6666666666671));
#1163=CARTESIAN_POINT('Ctrl Pts',(-8.00074575765955,1.26284821586654,37.0000000000004));
#1164=CARTESIAN_POINT('Ctrl Pts',(-8.50059297169335,-1.33320158963982,0.));
#1165=CARTESIAN_POINT('Ctrl Pts',(-8.33392165230729,-1.31001138612638,12.3333333333333));
#1166=CARTESIAN_POINT('Ctrl Pts',(-8.16741718129178,-1.28677111705018,24.6666666666655));
#1167=CARTESIAN_POINT('Ctrl Pts',(-8.00074586190573,-1.26358091353674,36.9999999999988));
#1168=CARTESIAN_POINT('Ctrl Pts',(-8.5012164431358,-4.07354674908268,0.));
#1169=CARTESIAN_POINT('Ctrl Pts',(-8.33455780283297,-4.00243919603188,12.3333333333333));
#1170=CARTESIAN_POINT('Ctrl Pts',(-8.16817704185145,-3.93124649105913,24.6666666666651));
#1171=CARTESIAN_POINT('Ctrl Pts',(-8.00151840154862,-3.86013893800834,36.9999999999984));
#1172=CARTESIAN_POINT('Ctrl Pts',(-8.49907475230275,-4.14722127826867,0.));
#1173=CARTESIAN_POINT('Ctrl Pts',(-8.33304744795773,-4.07482863203062,12.3333333333333));
#1174=CARTESIAN_POINT('Ctrl Pts',(-8.167415647094,-4.00234419355639,24.6666666666651));
#1175=CARTESIAN_POINT('Ctrl Pts',(-8.00138834274897,-3.92995154731835,36.9999999999984));
#1176=CARTESIAN_POINT('Ctrl Pts',(-8.44359662926212,-5.18652079470572,0.));
#1177=CARTESIAN_POINT('Ctrl Pts',(-8.29721204471481,-5.09646700218205,12.3333333333333));
#1178=CARTESIAN_POINT('Ctrl Pts',(-8.15025149852177,-5.00624722063366,24.6666666666654));
#1179=CARTESIAN_POINT('Ctrl Pts',(-8.00386691397446,-4.91619342810998,36.9999999999987));
#1180=CARTESIAN_POINT('Ctrl Pts',(-7.60021799780482,-7.07007450357393,0.));
#1181=CARTESIAN_POINT('Ctrl Pts',(-7.48003276791876,-6.95989915044658,12.3333333333334));
#1182=CARTESIAN_POINT('Ctrl Pts',(-7.36006176434721,-6.84991524016582,24.6666666666658));
#1183=CARTESIAN_POINT('Ctrl Pts',(-7.23987653446116,-6.73973988703847,36.9999999999992));
#1184=CARTESIAN_POINT('Ctrl Pts',(-5.72495448385485,-7.93166508883912,0.));
#1185=CARTESIAN_POINT('Ctrl Pts',(-5.6221134321413,-7.78919623029467,12.3333333333333));
#1186=CARTESIAN_POINT('Ctrl Pts',(-5.51916194764684,-7.64609271648488,24.6666666666658));
#1187=CARTESIAN_POINT('Ctrl Pts',(-5.41632089593329,-7.50362385794044,36.9999999999991));
#1188=CARTESIAN_POINT('Ctrl Pts',(-4.6732714069465,-7.9980242037202,0.));
#1189=CARTESIAN_POINT('Ctrl Pts',(-4.58812636507336,-7.83225258435059,12.3333333333334));
#1190=CARTESIAN_POINT('Ctrl Pts',(-4.50290327514117,-7.66682025173411,24.6666666666657));
#1191=CARTESIAN_POINT('Ctrl Pts',(-4.41775823326802,-7.5010486323645,36.9999999999991));
#1192=CARTESIAN_POINT('Ctrl Pts',(-4.5866200217204,-8.00096855604397,0.));
#1193=CARTESIAN_POINT('Ctrl Pts',(-4.50298495177486,-7.83431154115044,12.3333333333333));
#1194=CARTESIAN_POINT('Ctrl Pts',(-4.41928337184697,-7.66786256525206,24.6666666666657));
#1195=CARTESIAN_POINT('Ctrl Pts',(-4.33564830190143,-7.50120555035853,36.999999999999));
#1196=CARTESIAN_POINT('Ctrl Pts',(-2.99993748621109,-8.00053725105664,0.));
#1197=CARTESIAN_POINT('Ctrl Pts',(-2.94404797329246,-7.83385927700535,12.3333333333334));
#1198=CARTESIAN_POINT('Ctrl Pts',(-2.88810640390103,-7.6673499576786,24.6666666666659));
#1199=CARTESIAN_POINT('Ctrl Pts',(-2.83221689098241,-7.50067198362732,36.9999999999993));
#1200=CARTESIAN_POINT('Ctrl Pts',(-1.5,-8.,0.));
#1201=CARTESIAN_POINT('Ctrl Pts',(-1.4703361328493,-7.83333916177626,12.3333333333333));
#1202=CARTESIAN_POINT('Ctrl Pts',(-1.44067437668502,-7.66666083822374,24.6666666666667));
#1203=CARTESIAN_POINT('Ctrl Pts',(-1.41101050953432,-7.5,37.));
#1204=CARTESIAN_POINT('Ctrl Pts',(5.55111512312578E-16,-8.,0.));
#1205=CARTESIAN_POINT('Ctrl Pts',(0.00343545573793199,-7.83333333333333,
12.3333333333333));
#1206=CARTESIAN_POINT('Ctrl Pts',(0.00687091147586342,-7.66666666666667,
24.6666666666667));
#1207=CARTESIAN_POINT('Ctrl Pts',(0.0103063672137949,-7.5,37.));
#1208=CARTESIAN_POINT('',(0.000278628077218154,-7.9864827212422,1.00027862807722));
#1209=CARTESIAN_POINT('Ctrl Pts',(0.,-7.98648648648649,1.));
#1210=CARTESIAN_POINT('Ctrl Pts',(9.2876025739722E-5,-7.98648523140506,
1.00009287602574));
#1211=CARTESIAN_POINT('Ctrl Pts',(0.000185752051479066,-7.98648397632363,
1.00018575205148));
#1212=CARTESIAN_POINT('Ctrl Pts',(0.000278628077218776,-7.9864827212422,
1.00027862807722));
#1213=CARTESIAN_POINT('',(0.0100276902905034,-7.51351964846149,35.9995460138502));
#1214=CARTESIAN_POINT('',(-6.93889390390723E-17,-8.,0.));
#1215=CARTESIAN_POINT('Ctrl Pts',(0.0100276902905039,-7.51351964846149,
35.9995460138502));
#1216=CARTESIAN_POINT('Ctrl Pts',(0.00987636157389307,-7.51351760347883,
35.9996973425668));
#1217=CARTESIAN_POINT('Ctrl Pts',(0.00972503285728295,-7.51351555849617,
35.9998486712834));
#1218=CARTESIAN_POINT('Ctrl Pts',(0.009573704140672,-7.51351351351351,36.));
#1219=CARTESIAN_POINT('',(0.000258815728811628,7.98648298897664,1.00025881572881));
#1220=CARTESIAN_POINT('',(3.98986399474666E-15,8.,0.));
#1221=CARTESIAN_POINT('Ctrl Pts',(0.00025881572880774,7.98648298897664,
1.00025881572881));
#1222=CARTESIAN_POINT('Ctrl Pts',(0.000172543819205186,7.98648415481325,
1.00017254381921));
#1223=CARTESIAN_POINT('Ctrl Pts',(8.62719096025001E-5,7.98648532064987,
1.0000862719096));
#1224=CARTESIAN_POINT('Ctrl Pts',(0.,7.98648648648649,1.));
#1225=CARTESIAN_POINT('Ctrl Pts',(-0.999992286058946,8.00007228906697,0.));
#1226=CARTESIAN_POINT('Ctrl Pts',(-2.16664277236099,8.00023242434817,0.));
#1227=CARTESIAN_POINT('Ctrl Pts',(-3.3332744918886,8.00062796552731,0.));
#1228=CARTESIAN_POINT('Ctrl Pts',(-4.58636212502145,8.00096858438997,0.));
#1229=CARTESIAN_POINT('Ctrl Pts',(-4.67275583338791,7.99804133282161,0.));
#1230=CARTESIAN_POINT('Ctrl Pts',(-5.72419447754192,7.93190169898612,0.));
#1231=CARTESIAN_POINT('Ctrl Pts',(-7.59962450725428,7.07067369161342,0.));
#1232=CARTESIAN_POINT('Ctrl Pts',(-8.44336727430405,5.18728304173743,0.));
#1233=CARTESIAN_POINT('Ctrl Pts',(-8.49906009024464,4.14773689363951,0.));
#1234=CARTESIAN_POINT('Ctrl Pts',(-8.50121641532888,4.07380467619984,0.));
#1235=CARTESIAN_POINT('Ctrl Pts',(-8.50059290051599,1.33320167146056,0.));
#1236=CARTESIAN_POINT('Ctrl Pts',(-8.50059297169335,-1.33320158963982,0.));
#1237=CARTESIAN_POINT('Ctrl Pts',(-8.5012164431358,-4.07354674908268,0.));
#1238=CARTESIAN_POINT('Ctrl Pts',(-8.49907475230275,-4.14722127826867,0.));
#1239=CARTESIAN_POINT('Ctrl Pts',(-8.44359662926212,-5.18652079470572,0.));
#1240=CARTESIAN_POINT('Ctrl Pts',(-7.60021799780482,-7.07007450357393,0.));
#1241=CARTESIAN_POINT('Ctrl Pts',(-5.72495448385485,-7.93166508883912,0.));
#1242=CARTESIAN_POINT('Ctrl Pts',(-4.6732714069465,-7.9980242037202,0.));
#1243=CARTESIAN_POINT('Ctrl Pts',(-4.5866200217204,-8.00096855604397,0.));
#1244=CARTESIAN_POINT('Ctrl Pts',(-3.3332745860519,-8.00062786146572,0.));
#1245=CARTESIAN_POINT('Ctrl Pts',(-2.16664280686283,-8.00023238297748,0.));
#1246=CARTESIAN_POINT('Ctrl Pts',(-0.999992296743058,-8.00007227581884,
0.));
#1247=CARTESIAN_POINT('Origin',(3.99993899162333,-0.0003601208212386,37.));
#1248=CARTESIAN_POINT('',(5.24993899162333,-0.000360120821238753,30.7596347125173));
#1249=CARTESIAN_POINT('Origin',(3.99993899162333,-0.0003601208212386,32.0096347125173));
#1250=CARTESIAN_POINT('',(5.24993899162333,-0.000360120821238447,6.24993899162333));
#1251=CARTESIAN_POINT('',(5.24993899162333,-0.000360120821238753,37.));
#1252=CARTESIAN_POINT('Origin',(3.99993899162333,-0.0003601208212386,4.99993899162333));
#1253=CARTESIAN_POINT('Origin',(9.24608905925836,0.,26.7634846448823));
#1254=CARTESIAN_POINT('',(8.12306330209502,-0.000542838542025416,27.8865104020456));
#1255=CARTESIAN_POINT('Ctrl Pts',(0.00957370414067099,7.51352357124806,
36.));
#1256=CARTESIAN_POINT('Ctrl Pts',(0.855563797670925,7.55783432507668,35.1540099064697));
#1257=CARTESIAN_POINT('Ctrl Pts',(1.71092678864997,7.46287631001225,34.2986469157073));
#1258=CARTESIAN_POINT('Ctrl Pts',(3.34341877728923,6.99449683934721,32.666154927068));
#1259=CARTESIAN_POINT('Ctrl Pts',(4.13376068780077,6.62643460273219,31.8758130164317));
#1260=CARTESIAN_POINT('Ctrl Pts',(5.57688792713868,5.606211166879,30.4326857770938));
#1261=CARTESIAN_POINT('Ctrl Pts',(6.24320189373592,4.9542956322488,29.7663718104047));
#1262=CARTESIAN_POINT('Ctrl Pts',(7.2026368124685,3.54228772440309,28.8069368916722));
#1263=CARTESIAN_POINT('Ctrl Pts',(7.54601875770448,2.8523924526495,28.4635549464362));
#1264=CARTESIAN_POINT('Ctrl Pts',(7.98703840569793,1.42337550528398,28.0225352984427));
#1265=CARTESIAN_POINT('Ctrl Pts',(8.10554056897851,0.721818120551557,27.9040331351621));
#1266=CARTESIAN_POINT('Ctrl Pts',(8.12306330209502,-0.00054283854202461,
27.8865104020456));
#1267=CARTESIAN_POINT('Ctrl Pts',(8.12306330209502,-0.00054283854202121,
27.8865104020456));
#1268=CARTESIAN_POINT('Ctrl Pts',(8.11421685357054,-0.415141233161912,27.8953568505701));
#1269=CARTESIAN_POINT('Ctrl Pts',(8.07191454826606,-0.825076811334649,27.9376591558746));
#1270=CARTESIAN_POINT('Ctrl Pts',(7.92266764755997,-1.63693917433193,28.0869060565807));
#1271=CARTESIAN_POINT('Ctrl Pts',(7.81532167487791,-2.03306391812259,28.1942520292647));
#1272=CARTESIAN_POINT('Ctrl Pts',(7.39527999852928,-3.21450735942335,28.6142937056134));
#1273=CARTESIAN_POINT('Ctrl Pts',(6.99320991847017,-3.92433461953518,29.0163637857163));
#1274=CARTESIAN_POINT('Ctrl Pts',(5.84883699166897,-5.40762714110917,30.1607367125175));
#1275=CARTESIAN_POINT('Ctrl Pts',(4.99483277277866,-6.12627304148924,31.0147409313628));
#1276=CARTESIAN_POINT('Ctrl Pts',(2.78207610597305,-7.28946366470983,33.2274975981684));
#1277=CARTESIAN_POINT('Ctrl Pts',(1.39865754466725,-7.59044009281758,34.6109161594734));
#1278=CARTESIAN_POINT('Ctrl Pts',(0.0100276902905042,-7.51351964846149,
35.9995460138502));
#1279=CARTESIAN_POINT('Origin',(0.,0.,1.));
#1280=CARTESIAN_POINT('',(8.3733028346672,-0.000182460622407607,9.3733028346672));
#1281=CARTESIAN_POINT('Ctrl Pts',(8.3733028346672,-0.000182460622407676,
9.37330283466721));
#1282=CARTESIAN_POINT('Ctrl Pts',(8.36337801468949,0.432799775904561,9.36337801468949));
#1283=CARTESIAN_POINT('Ctrl Pts',(8.31914570066533,0.860951098895666,9.31914570066533));
#1284=CARTESIAN_POINT('Ctrl Pts',(8.16431503529494,1.70923528719092,9.16431503529494));
#1285=CARTESIAN_POINT('Ctrl Pts',(8.05328385780296,2.12349652991952,9.05328385780656));
#1286=CARTESIAN_POINT('Ctrl Pts',(7.61895953298465,3.36086473574925,8.61895953298825));
#1287=CARTESIAN_POINT('Ctrl Pts',(7.20331519119423,4.10677056826074,8.20331519068347));
#1288=CARTESIAN_POINT('Ctrl Pts',(6.01111056545257,5.68083642389609,7.0111105649418));
#1289=CARTESIAN_POINT('Ctrl Pts',(5.11507857318197,6.45022558996879,6.11507857318198));
#1290=CARTESIAN_POINT('Ctrl Pts',(2.79486677541041,7.70256410336641,3.79486677541042));
#1291=CARTESIAN_POINT('Ctrl Pts',(1.3841915828203,8.02000459775416,2.3841915828203));
#1292=CARTESIAN_POINT('Ctrl Pts',(0.000258815728811645,7.98648298897664,
1.00025881572881));
#1293=CARTESIAN_POINT('Ctrl Pts',(0.000278628077218512,-7.9864827212422,
1.00027862807722));
#1294=CARTESIAN_POINT('Ctrl Pts',(0.869759156104746,-8.0100539475946,1.86975915610475));
#1295=CARTESIAN_POINT('Ctrl Pts',(1.74671279093883,-7.89460955591664,2.7467127906918));
#1296=CARTESIAN_POINT('Ctrl Pts',(3.41307317835516,-7.38725728490431,4.41307317810814));
#1297=CARTESIAN_POINT('Ctrl Pts',(4.21565311189177,-7.00274345348362,5.21565311168498));
#1298=CARTESIAN_POINT('Ctrl Pts',(5.70894037181147,-5.93639661880841,6.70894037160469));
#1299=CARTESIAN_POINT('Ctrl Pts',(6.40962966684482,-5.24455086011347,7.40962966684176));
#1300=CARTESIAN_POINT('Ctrl Pts',(7.41657224337884,-3.74836705127588,8.41657224337578));
#1301=CARTESIAN_POINT('Ctrl Pts',(7.77603682718988,-3.01816322790227,8.77603682718988));
#1302=CARTESIAN_POINT('Ctrl Pts',(8.23585732051595,-1.50602307600494,9.23585732051595));
#1303=CARTESIAN_POINT('Ctrl Pts',(8.35797320127349,-0.76369366810706,9.35797320127349));
#1304=CARTESIAN_POINT('Ctrl Pts',(8.3733028346672,-0.00018246062240268,
9.3733028346672));
#1305=CARTESIAN_POINT('Ctrl Pts',(0.000278628077218153,-7.9864827212422,
1.00027862807722));
#1306=CARTESIAN_POINT('Ctrl Pts',(0.00352831548164656,-7.82882836364863,
12.6667010900015));
#1307=CARTESIAN_POINT('Ctrl Pts',(0.00677800288607496,-7.67117400605506,
24.3331235519259));
#1308=CARTESIAN_POINT('Ctrl Pts',(0.0100276902905034,-7.51351964846149,
35.9995460138502));
#1309=CARTESIAN_POINT('Ctrl Pts',(1.23547216053001,-8.03667404809568,1.00027862807722));
#1310=CARTESIAN_POINT('Ctrl Pts',(1.21478614599723,-7.87849828667875,12.6667010900015));
#1311=CARTESIAN_POINT('Ctrl Pts',(1.19415893400041,-7.72040638951163,24.3331235519259));
#1312=CARTESIAN_POINT('Ctrl Pts',(1.17347291946762,-7.5622306280947,35.9995460138502));
#1313=CARTESIAN_POINT('Ctrl Pts',(3.72297210050984,-7.5638878701785,1.00027862807722));
#1314=CARTESIAN_POINT('Ctrl Pts',(3.65429593161619,-7.41583251455528,12.6667010900016));
#1315=CARTESIAN_POINT('Ctrl Pts',(3.58582384908668,-7.26785727794904,24.3331235519258));
#1316=CARTESIAN_POINT('Ctrl Pts',(3.51714768019303,-7.11980192232583,35.9995460138502));
#1317=CARTESIAN_POINT('Ctrl Pts',(7.29062352241752,-4.91058311526783,1.00027862807722));
#1318=CARTESIAN_POINT('Ctrl Pts',(7.15407525433964,-4.8153159946214,12.6667010900015));
#1319=CARTESIAN_POINT('Ctrl Pts',(7.01744602624339,-4.72003792243857,24.3331235519259));
#1320=CARTESIAN_POINT('Ctrl Pts',(6.8808977581655,-4.62477080179214,35.9995460138502));
#1321=CARTESIAN_POINT('Ctrl Pts',(8.44931370567013,-1.85396626382078,1.00027862807722));
#1322=CARTESIAN_POINT('Ctrl Pts',(8.29139880180856,-1.81826339699208,12.6667010900016));
#1323=CARTESIAN_POINT('Ctrl Pts',(8.1339973744025,-1.78270166725146,24.3331235519258));
#1324=CARTESIAN_POINT('Ctrl Pts',(7.97608247054093,-1.74699880042276,35.9995460138502));
#1325=CARTESIAN_POINT('Ctrl Pts',(8.48647942257326,-1.94714141023229E-5,
1.00027862807722));
#1326=CARTESIAN_POINT('Ctrl Pts',(8.32878659203396,-0.000246569881017203,
12.6667010900015));
#1327=CARTESIAN_POINT('Ctrl Pts',(8.17109376149466,-0.000473668347932082,
24.3331235519259));
#1328=CARTESIAN_POINT('Ctrl Pts',(8.01340093095537,-0.000700766814846962,
35.9995460138502));
#1329=CARTESIAN_POINT('',(8.5,0.,0.));
#1330=CARTESIAN_POINT('Origin',(-0.413232269093288,-0.00192466758721546,
0.));
#1331=CARTESIAN_POINT('Ctrl Pts',(8.48647969037304,-1.94710284417109E-5,
1.00025881572881));
#1332=CARTESIAN_POINT('Ctrl Pts',(8.32868339455923,-0.000246718498992244,
12.6743358399967));
#1333=CARTESIAN_POINT('Ctrl Pts',(8.17088709874543,-0.000473965969542777,
24.3484128642646));
#1334=CARTESIAN_POINT('Ctrl Pts',(8.01309080293163,-0.00070121344009331,
36.0224898885325));
#1335=CARTESIAN_POINT('Ctrl Pts',(8.45816292425518,1.23488763694585,1.00025881572881));
#1336=CARTESIAN_POINT('Ctrl Pts',(8.30037468821231,1.21076804339405,12.6743358399967));
#1337=CARTESIAN_POINT('Ctrl Pts',(8.1426683970402,1.18670846792892,24.3484128642646));
#1338=CARTESIAN_POINT('Ctrl Pts',(7.98488016099734,1.16258887437711,36.0224898885325));
#1339=CARTESIAN_POINT('Ctrl Pts',(7.83101612128671,3.6855268556813,1.00025881572881));
#1340=CARTESIAN_POINT('Ctrl Pts',(7.68435277051977,3.61375006816761,12.6743358399967));
#1341=CARTESIAN_POINT('Ctrl Pts',(7.53776489198991,3.54217678437196,24.3484128642646));
#1342=CARTESIAN_POINT('Ctrl Pts',(7.39110154122298,3.47039999685826,36.0224898885325));
#1343=CARTESIAN_POINT('Ctrl Pts',(4.9677321963772,7.08115233012519,1.00025881572881));
#1344=CARTESIAN_POINT('Ctrl Pts',(4.87510025834648,6.94273559566296,12.6743358399967));
#1345=CARTESIAN_POINT('Ctrl Pts',(4.78245902834319,6.80423868746139,24.3484128642646));
#1346=CARTESIAN_POINT('Ctrl Pts',(4.68982709031247,6.66582195299916,36.0224898885325));
#1347=CARTESIAN_POINT('Ctrl Pts',(1.85178793598637,8.05636945982791,1.00025881572881));
#1348=CARTESIAN_POINT('Ctrl Pts',(1.81896544489446,7.89775466918634,12.6743358399967));
#1349=CARTESIAN_POINT('Ctrl Pts',(1.78627310747383,7.73965056501122,24.3484128642646));
#1350=CARTESIAN_POINT('Ctrl Pts',(1.75345061638193,7.58103577436965,36.0224898885325));
#1351=CARTESIAN_POINT('Ctrl Pts',(0.000258815728811628,7.98648298897664,
1.00025881572881));
#1352=CARTESIAN_POINT('Ctrl Pts',(0.00327946868950651,7.82872519135139,
12.6743358399967));
#1353=CARTESIAN_POINT('Ctrl Pts',(0.0063001216502014,7.67096739372615,24.3484128642646));
#1354=CARTESIAN_POINT('Ctrl Pts',(0.00932077461089629,7.51320959610091,
36.0224898885325));
#1355=CARTESIAN_POINT('',(0.,0.,0.));
#1356=CARTESIAN_POINT('Origin',(-4.50006100837667,3.1005,37.));
#1357=CARTESIAN_POINT('',(-2.50006100837667,3.1005,38.));
#1358=CARTESIAN_POINT('Origin',(-4.50006100837667,3.1005,38.));
#1359=CARTESIAN_POINT('',(-2.50006100837667,3.1005,70.));
#1360=CARTESIAN_POINT('',(-2.50006100837667,3.1005,37.));
#1361=CARTESIAN_POINT('Origin',(-4.50006100837667,3.1005,70.));
#1362=CARTESIAN_POINT('Origin',(-4.50006100837667,-3.1005,37.));
#1363=CARTESIAN_POINT('',(-2.50006100837667,-3.1005,38.));
#1364=CARTESIAN_POINT('Origin',(-4.50006100837667,-3.1005,38.));
#1365=CARTESIAN_POINT('',(-2.50006100837667,-3.1005,70.));
#1366=CARTESIAN_POINT('',(-2.50006100837667,-3.1005,37.));
#1367=CARTESIAN_POINT('Origin',(-4.50006100837667,-3.1005,70.));
#1368=CARTESIAN_POINT('Origin',(3.74986944784325,-0.000719690676498777,
70.));
#1369=CARTESIAN_POINT('',(4.99986944784325,-0.00071969067649893,64.0195945786388));
#1370=CARTESIAN_POINT('Origin',(3.74986944784325,-0.000719690676498777,
65.2695945786388));
#1371=CARTESIAN_POINT('',(4.99986944784325,-0.000719690676498624,45.));
#1372=CARTESIAN_POINT('',(4.99986944784325,-0.00071969067649893,70.));
#1373=CARTESIAN_POINT('Origin',(3.74986944784325,-0.000719690676498777,
45.));
#1374=CARTESIAN_POINT('Origin',(3.74986944784325,-0.000719690676498838,
45.));
#1375=CARTESIAN_POINT('Origin',(-0.990426295859329,-0.000958216316294595,
39.));
#1376=CARTESIAN_POINT('',(0.00957370414067127,-7.484375,39.));
#1377=CARTESIAN_POINT('',(-0.990426295859327,-7.5,38.));
#1378=CARTESIAN_POINT('Ctrl Pts',(0.0095737041718863,-7.48437500048649,
39.));
#1379=CARTESIAN_POINT('Ctrl Pts',(0.00957372958288517,-7.48468941862607,
38.9798772383703));
#1380=CARTESIAN_POINT('Ctrl Pts',(0.00896632297342753,-7.48500410868417,
38.9597370894607));
#1381=CARTESIAN_POINT('Ctrl Pts',(0.00774837421857244,-7.48531864402943,
38.9396068872932));
#1382=CARTESIAN_POINT('Ctrl Pts',(0.000545221666778006,-7.48717885864502,
38.8205535063254));
#1383=CARTESIAN_POINT('Ctrl Pts',(-0.0278996742894859,-7.48900397817251,
38.7037422537069));
#1384=CARTESIAN_POINT('Ctrl Pts',(-0.0762407359611278,-7.49070833018637,
38.5947042756263));
#1385=CARTESIAN_POINT('Ctrl Pts',(-0.125110277720913,-7.49243131472652,
38.4844742591777));
#1386=CARTESIAN_POINT('Ctrl Pts',(-0.193517243315213,-7.49400286345358,
38.3839842489084));
#1387=CARTESIAN_POINT('Ctrl Pts',(-0.278154547656318,-7.49534839216919,
38.2980970410194));
#1388=CARTESIAN_POINT('Ctrl Pts',(-0.371874209200263,-7.49683830842784,
38.2029933498401));
#1389=CARTESIAN_POINT('Ctrl Pts',(-0.483701589729809,-7.49802268960848,
38.1276140496129));
#1390=CARTESIAN_POINT('Ctrl Pts',(-0.607026091007088,-7.49883310030567,
38.0764192364947));
#1391=CARTESIAN_POINT('Ctrl Pts',(-0.728552433790772,-7.49963169464144,
38.0259708799776));
#1392=CARTESIAN_POINT('Ctrl Pts',(-0.858850934023987,-7.5000514584837,38.));
#1393=CARTESIAN_POINT('Ctrl Pts',(-0.990435725080963,-7.50006853021726,
38.));
#1394=CARTESIAN_POINT('',(-0.990426295859329,7.5,38.));
#1395=CARTESIAN_POINT('',(-0.990426295859329,-0.000958216316294595,38.));
#1396=CARTESIAN_POINT('',(0.00957370414067127,7.484375,39.));
#1397=CARTESIAN_POINT('Ctrl Pts',(-0.990435703048302,7.50006846903537,37.9999999999999));
#1398=CARTESIAN_POINT('Ctrl Pts',(-0.903894730381606,7.5000572428158,37.9999999999999));
#1399=CARTESIAN_POINT('Ctrl Pts',(-0.817719231983959,7.4998717797055,38.0112336060088));
#1400=CARTESIAN_POINT('Ctrl Pts',(-0.734071343779316,7.49951672883612,38.0334187032351));
#1401=CARTESIAN_POINT('Ctrl Pts',(-0.609989404200504,7.49899005205482,38.0663277216533));
#1402=CARTESIAN_POINT('Ctrl Pts',(-0.49339989905011,7.49809845452161,38.1228226263016));
#1403=CARTESIAN_POINT('Ctrl Pts',(-0.390682021157586,7.49688967302549,38.1998094660769));
#1404=CARTESIAN_POINT('Ctrl Pts',(-0.284313903723628,7.49563793559897,38.2795321529363));
#1405=CARTESIAN_POINT('Ctrl Pts',(-0.194904645252696,7.49407051391483,38.3796671688596));
#1406=CARTESIAN_POINT('Ctrl Pts',(-0.127691801315794,7.49227732528035,38.4943431371017));
#1407=CARTESIAN_POINT('Ctrl Pts',(-0.0662826034601102,7.49063897360236,
38.5991171477012));
#1408=CARTESIAN_POINT('Ctrl Pts',(-0.024471216514463,7.4888406114254,38.7142052453175));
#1409=CARTESIAN_POINT('Ctrl Pts',(-0.00430722098735182,7.48696938920959,
38.833960345016));
#1410=CARTESIAN_POINT('Ctrl Pts',(0.00494825413043749,7.48611047954385,
38.8889291305426));
#1411=CARTESIAN_POINT('Ctrl Pts',(0.00957365411711198,7.48524266576185,
38.9444693982887));
#1412=CARTESIAN_POINT('Ctrl Pts',(0.00957370415206281,7.48437500012314,
39.));
#1413=CARTESIAN_POINT('',(0.00957370414067127,0.,39.));
#1414=CARTESIAN_POINT('Origin',(-0.980535973517928,-0.000953046557090192,
69.));
#1415=CARTESIAN_POINT('',(0.0191625427364057,7.01524135085084,69.0245535455461));
#1416=CARTESIAN_POINT('',(-0.980535973517928,7.,70.));
#1417=CARTESIAN_POINT('Ctrl Pts',(0.0191625427364058,7.01524135085084,69.0245535455461));
#1418=CARTESIAN_POINT('Ctrl Pts',(0.0168745245071336,7.01378577584456,69.117710288589));
#1419=CARTESIAN_POINT('Ctrl Pts',(0.00157649319121405,7.0123422526242,69.2100921401598));
#1420=CARTESIAN_POINT('Ctrl Pts',(-0.0262874500458974,7.01095311407859,
69.2990145777359));
#1421=CARTESIAN_POINT('Ctrl Pts',(-0.0578654472788842,7.00937881381619,
69.3997897072225));
#1422=CARTESIAN_POINT('Ctrl Pts',(-0.105209339026105,7.00789298394635,69.494930849862));
#1423=CARTESIAN_POINT('Ctrl Pts',(-0.16655780617973,7.00655225977471,69.5808950369958));
#1424=CARTESIAN_POINT('Ctrl Pts',(-0.243463725098232,7.00487153930653,69.688659014033));
#1425=CARTESIAN_POINT('Ctrl Pts',(-0.341012071784676,7.00344881069663,69.7800878148176));
#1426=CARTESIAN_POINT('Ctrl Pts',(-0.453532682494055,7.00236960373643,69.8498620548016));
#1427=CARTESIAN_POINT('Ctrl Pts',(-0.566535537670903,7.00128577147619,69.9199353354769));
#1428=CARTESIAN_POINT('Ctrl Pts',(-0.692389838485129,7.0005700919811,69.9667730787978));
#1429=CARTESIAN_POINT('Ctrl Pts',(-0.823715242691687,7.00026578145463,69.9876261533492));
#1430=CARTESIAN_POINT('Ctrl Pts',(-0.875702988464204,7.00014531414382,69.9958812533042));
#1431=CARTESIAN_POINT('Ctrl Pts',(-0.928142069281332,7.00009022610119,69.9999999946603));
#1432=CARTESIAN_POINT('Ctrl Pts',(-0.980544092500864,7.00010012680404,69.9999999999998));
#1433=CARTESIAN_POINT('',(-0.980535973517926,-7.,70.));
#1434=CARTESIAN_POINT('',(-0.980535973517928,-0.000953046557090192,70.));
#1435=CARTESIAN_POINT('',(0.019464026482072,-7.015625,69.));
#1436=CARTESIAN_POINT('Ctrl Pts',(-0.980544107019011,-7.00010036505834,
70.0000000000001));
#1437=CARTESIAN_POINT('Ctrl Pts',(-0.859731807829788,-7.00007752041507,
70.0000000000001));
#1438=CARTESIAN_POINT('Ctrl Pts',(-0.739914642763035,-7.00040044163242,
69.9781072727454));
#1439=CARTESIAN_POINT('Ctrl Pts',(-0.626910739750595,-7.00105325238794,
69.9353858558006));
#1440=CARTESIAN_POINT('Ctrl Pts',(-0.508148616817008,-7.00173932772811,
69.8904875289655));
#1441=CARTESIAN_POINT('Ctrl Pts',(-0.399019454565464,-7.00277757399544,
69.8233805987596));
#1442=CARTESIAN_POINT('Ctrl Pts',(-0.305365733874146,-7.00411046979108,
69.7376610999605));
#1443=CARTESIAN_POINT('Ctrl Pts',(-0.21049196850648,-7.00546072947153,69.6508249170895));
#1444=CARTESIAN_POINT('Ctrl Pts',(-0.133257930771127,-7.00708821469795,
69.5464976375265));
#1445=CARTESIAN_POINT('Ctrl Pts',(-0.0779033699842901,-7.00890086721049,
69.4304116906447));
#1446=CARTESIAN_POINT('Ctrl Pts',(-0.0285408738255918,-7.0105173022687,
69.3268919078919));
#1447=CARTESIAN_POINT('Ctrl Pts',(0.00264663596463636,-7.01225550243421,
69.2156487914479));
#1448=CARTESIAN_POINT('Ctrl Pts',(0.0142936847306718,-7.01403816442288,
69.1015576184488));
#1449=CARTESIAN_POINT('Ctrl Pts',(0.0177434165921642,-7.01456616992746,
69.0677650275088));
#1450=CARTESIAN_POINT('Ctrl Pts',(0.019464046439736,-7.01509580096105,69.0338687194415));
#1451=CARTESIAN_POINT('Ctrl Pts',(0.0194640264208307,-7.01562499968989,
69.));
#1452=CARTESIAN_POINT('',(0.019464026482072,7.01563742096534,69.));
#1453=CARTESIAN_POINT('',(0.019464026482072,0.,69.));
#1454=CARTESIAN_POINT('Ctrl Pts',(0.0194640264820708,7.01563742096534,69.));
#1455=CARTESIAN_POINT('Ctrl Pts',(0.0194640264820708,7.0155094258566,69.0081851908567));
#1456=CARTESIAN_POINT('Ctrl Pts',(0.0193635303721263,7.01537739714946,69.0163703265141));
#1457=CARTESIAN_POINT('Ctrl Pts',(0.0191625427364019,7.01524135085084,69.0245535455462));
#1458=CARTESIAN_POINT('Ctrl Pts',(0.0194640264820722,7.,70.));
#1459=CARTESIAN_POINT('Ctrl Pts',(0.0161672523682719,7.16666666666666,59.3333333333333));
#1460=CARTESIAN_POINT('Ctrl Pts',(0.0128704782544716,7.33333333333333,48.6666666666667));
#1461=CARTESIAN_POINT('Ctrl Pts',(0.00957370414067127,7.5,38.));
#1462=CARTESIAN_POINT('Ctrl Pts',(-1.40054691118856,7.,70.));
#1463=CARTESIAN_POINT('Ctrl Pts',(-1.43157115726176,7.16666005692183,59.3333333333333));
#1464=CARTESIAN_POINT('Ctrl Pts',(-1.46259328449969,7.33333994307816,48.6666666666667));
#1465=CARTESIAN_POINT('Ctrl Pts',(-1.49361753057289,7.5,38.));
#1466=CARTESIAN_POINT('Ctrl Pts',(-2.82061202004776,7.00067412412337,69.9999999999987));
#1467=CARTESIAN_POINT('Ctrl Pts',(-2.87936097068879,7.16735354800892,59.3333333333321));
#1468=CARTESIAN_POINT('Ctrl Pts',(-2.93812991618697,7.33383361472855,48.6666666666659));
#1469=CARTESIAN_POINT('Ctrl Pts',(-2.99687886682801,7.5005130386141,37.9999999999993));
#1470=CARTESIAN_POINT('Ctrl Pts',(-4.32714640330272,7.00117670918686,69.9999999999983));
#1471=CARTESIAN_POINT('Ctrl Pts',(-4.41531314200621,7.16783252486849,59.3333333333316));
#1472=CARTESIAN_POINT('Ctrl Pts',(-4.50350387345256,7.33424388693282,48.6666666666658));
#1473=CARTESIAN_POINT('Ctrl Pts',(-4.59167061215606,7.50089970261445,37.9999999999991));
#1474=CARTESIAN_POINT('Ctrl Pts',(-4.41360803607544,7.00101711353149,69.9999999999983));
#1475=CARTESIAN_POINT('Ctrl Pts',(-4.50345807177467,7.16653674259283,59.3333333333317));
#1476=CARTESIAN_POINT('Ctrl Pts',(-4.59334418205465,7.33166455563917,48.6666666666658));
#1477=CARTESIAN_POINT('Ctrl Pts',(-4.68319421775388,7.49718418470051,37.9999999999991));
#1478=CARTESIAN_POINT('Ctrl Pts',(-5.28569345485869,7.00318700595146,69.9999999999983));
#1479=CARTESIAN_POINT('Ctrl Pts',(-5.39162969441015,7.14408869386562,59.3333333333316));
#1480=CARTESIAN_POINT('Ctrl Pts',(-5.4976239872759,7.28559817906621,48.6666666666658));
#1481=CARTESIAN_POINT('Ctrl Pts',(-5.60356022682736,7.42649986698038,37.9999999999991));
#1482=CARTESIAN_POINT('Ctrl Pts',(-6.84887933062432,6.34831882416132,69.9999999999982));
#1483=CARTESIAN_POINT('Ctrl Pts',(-6.96842098971093,6.45760678725453,59.3333333333315));
#1484=CARTESIAN_POINT('Ctrl Pts',(-7.08763856916388,6.56680555349595,48.6666666666656));
#1485=CARTESIAN_POINT('Ctrl Pts',(-7.20718022825049,6.67609351658915,37.999999999999));
#1486=CARTESIAN_POINT('Ctrl Pts',(-7.50253785327455,4.78492429996048,69.9999999999974));
#1487=CARTESIAN_POINT('Ctrl Pts',(-7.64754458633672,4.87781614350299,59.3333333333307));
#1488=CARTESIAN_POINT('Ctrl Pts',(-7.79332168030423,4.97092974958665,48.6666666666653));
#1489=CARTESIAN_POINT('Ctrl Pts',(-7.93832841336639,5.06382159312916,37.9999999999986));
#1490=CARTESIAN_POINT('Ctrl Pts',(-7.50076084051797,3.92558558386769,69.9999999999971));
#1491=CARTESIAN_POINT('Ctrl Pts',(-7.6666000537411,4.00238351698625,59.3333333333305));
#1492=CARTESIAN_POINT('Ctrl Pts',(-7.83209247482453,4.07933335669616,48.6666666666651));
#1493=CARTESIAN_POINT('Ctrl Pts',(-7.99793168804767,4.15613128981472,37.9999999999985));
#1494=CARTESIAN_POINT('Ctrl Pts',(-7.5008730112623,3.85167138475009,69.9999999999972));
#1495=CARTESIAN_POINT('Ctrl Pts',(-7.66753023488458,3.92702954555114,59.3333333333305));
#1496=CARTESIAN_POINT('Ctrl Pts',(-7.83398491019657,4.00253360038495,48.6666666666651));
#1497=CARTESIAN_POINT('Ctrl Pts',(-8.00064213381885,4.077891761186,37.9999999999985));
#1498=CARTESIAN_POINT('Ctrl Pts',(-7.50036327122393,1.25880160197535,69.9999999999977));
#1499=CARTESIAN_POINT('Ctrl Pts',(-7.66703544321408,1.2835271228519,59.333333333331));
#1500=CARTESIAN_POINT('Ctrl Pts',(-7.83358190796363,1.30834315157263,48.6666666666654));
#1501=CARTESIAN_POINT('Ctrl Pts',(-8.00025407995378,1.33306867244917,37.9999999999987));
#1502=CARTESIAN_POINT('Ctrl Pts',(-7.50036336216852,-1.25960020772683,70.0000000000004));
#1503=CARTESIAN_POINT('Ctrl Pts',(-7.66703549250852,-1.28405956422291,59.3333333333337));
#1504=CARTESIAN_POINT('Ctrl Pts',(-7.83358197945222,-1.30860933681755,48.6666666666669));
#1505=CARTESIAN_POINT('Ctrl Pts',(-8.00025410979222,-1.33306869331363,38.0000000000002));
#1506=CARTESIAN_POINT('Ctrl Pts',(-7.50087308768427,-3.85220387220356,70.0000000000008));
#1507=CARTESIAN_POINT('Ctrl Pts',(-7.66753033328226,-3.92729066052085,59.3333333333341));
#1508=CARTESIAN_POINT('Ctrl Pts',(-7.83398486193811,-4.00252317541468,48.6666666666671));
#1509=CARTESIAN_POINT('Ctrl Pts',(-8.0006421075361,-4.07760996373197,38.0000000000004));
#1510=CARTESIAN_POINT('Ctrl Pts',(-7.5007613165027,-3.92585190566527,70.0000000000008));
#1511=CARTESIAN_POINT('Ctrl Pts',(-7.66660670599936,-4.00237331043695,59.3333333333341));
#1512=CARTESIAN_POINT('Ctrl Pts',(-7.83210545322936,-4.07904636633398,48.6666666666671));
#1513=CARTESIAN_POINT('Ctrl Pts',(-7.99795084272602,-4.15556777110566,38.0000000000004));
#1514=CARTESIAN_POINT('Ctrl Pts',(-7.50253778237351,-4.78492446699539,70.0000000000006));
#1515=CARTESIAN_POINT('Ctrl Pts',(-7.64763018883387,-4.877539298623,59.333333333334));
#1516=CARTESIAN_POINT('Ctrl Pts',(-7.79349278364973,-4.97037646946726,48.666666666667));
#1517=CARTESIAN_POINT('Ctrl Pts',(-7.93858519011009,-5.06299130109486,38.0000000000003));
#1518=CARTESIAN_POINT('Ctrl Pts',(-6.84887929545509,-6.34831899395323,70.0000000000006));
#1519=CARTESIAN_POINT('Ctrl Pts',(-6.96863635713573,-6.457389049437,59.333333333334));
#1520=CARTESIAN_POINT('Ctrl Pts',(-7.08806936421595,-6.56636970741551,48.666666666667));
#1521=CARTESIAN_POINT('Ctrl Pts',(-7.20782642589658,-6.67543976289928,38.0000000000003));
#1522=CARTESIAN_POINT('Ctrl Pts',(-5.28569342997461,-7.00318725292554,70.0000000000006));
#1523=CARTESIAN_POINT('Ctrl Pts',(-5.39190565240277,-7.14400004676378,59.3333333333339));
#1524=CARTESIAN_POINT('Ctrl Pts',(-5.49817549227897,-7.28542063724898,48.666666666667));
#1525=CARTESIAN_POINT('Ctrl Pts',(-5.60438771470713,-7.42623343108722,38.0000000000003));
#1526=CARTESIAN_POINT('Ctrl Pts',(-4.41334178641188,-7.00101670237441,70.0000000000007));
#1527=CARTESIAN_POINT('Ctrl Pts',(-4.50346834547438,-7.16652905613696,59.333333333334));
#1528=CARTESIAN_POINT('Ctrl Pts',(-4.59363128390164,-7.33164932992258,48.666666666667));
#1529=CARTESIAN_POINT('Ctrl Pts',(-4.68375784296414,-7.49716168368513,38.0000000000004));
#1530=CARTESIAN_POINT('Ctrl Pts',(-4.32661403080478,-7.00117677329258,70.0000000000007));
#1531=CARTESIAN_POINT('Ctrl Pts',(-4.41505214375993,-7.16783256464149,59.333333333334));
#1532=CARTESIAN_POINT('Ctrl Pts',(-4.50351445138586,-7.33424393479392,48.666666666667));
#1533=CARTESIAN_POINT('Ctrl Pts',(-4.59195256434101,-7.50089972614283,38.0000000000004));
#1534=CARTESIAN_POINT('Ctrl Pts',(-2.81958276553635,-7.00067402578626,70.0000000000005));
#1535=CARTESIAN_POINT('Ctrl Pts',(-2.87859336922214,-7.16735348150444,59.3333333333339));
#1536=CARTESIAN_POINT('Ctrl Pts',(-2.9376241282806,-7.33383347586148,48.666666666667));
#1537=CARTESIAN_POINT('Ctrl Pts',(-2.99663473196638,-7.50051293157966,38.0000000000003));
#1538=CARTESIAN_POINT('Ctrl Pts',(-1.3992869922728,-7.,70.));
#1539=CARTESIAN_POINT('Ctrl Pts',(-1.43056840304618,-7.16666003832289,59.3333333333334));
#1540=CARTESIAN_POINT('Ctrl Pts',(-1.46184767775076,-7.33333996167711,48.6666666666667));
#1541=CARTESIAN_POINT('Ctrl Pts',(-1.49312908852414,-7.5,38.));
#1542=CARTESIAN_POINT('Ctrl Pts',(0.0209546522552351,-7.,70.));
#1543=CARTESIAN_POINT('Ctrl Pts',(0.0174052239080873,-7.16666666666667,
59.3333333333333));
#1544=CARTESIAN_POINT('Ctrl Pts',(0.0138557955609396,-7.33333333333333,
48.6666666666667));
#1545=CARTESIAN_POINT('Ctrl Pts',(0.0103063672137918,-7.5,38.));
#1546=CARTESIAN_POINT('',(0.0106394807680031,-7.4843583472402,39.0010657766273));
#1547=CARTESIAN_POINT('Ctrl Pts',(0.00957370414067127,-7.484375,39.));
#1548=CARTESIAN_POINT('Ctrl Pts',(0.00992896301644632,-7.48436944908007,
39.0003552588758));
#1549=CARTESIAN_POINT('Ctrl Pts',(0.0102842218922279,-7.48436389816013,
39.0007105177516));
#1550=CARTESIAN_POINT('Ctrl Pts',(0.0106394807680031,-7.4843583472402,39.0010657766273));
#1551=CARTESIAN_POINT('',(0.0206215081853429,-7.01564308565161,68.9988425182967));
#1552=CARTESIAN_POINT('',(0.0209546522552351,-7.,70.));
#1553=CARTESIAN_POINT('Ctrl Pts',(0.0206215081853429,-7.01564308565161,
68.9988425182967));
#1554=CARTESIAN_POINT('Ctrl Pts',(0.02023568095092,-7.01563705710108,68.9992283455312));
#1555=CARTESIAN_POINT('Ctrl Pts',(0.019849853716493,-7.01563102855054,68.9996141727656));
#1556=CARTESIAN_POINT('Ctrl Pts',(0.019464026482072,-7.015625,69.));
#1557=CARTESIAN_POINT('Ctrl Pts',(-0.980544092500864,7.00010012680404,69.9999999999998));
#1558=CARTESIAN_POINT('Ctrl Pts',(-2.06723843383267,7.00030544575489,69.9999999999994));
#1559=CARTESIAN_POINT('Ctrl Pts',(-3.15395561442694,7.00078532869554,69.9999999999986));
#1560=CARTESIAN_POINT('Ctrl Pts',(-4.32714640330272,7.00117670918686,69.9999999999983));
#1561=CARTESIAN_POINT('Ctrl Pts',(-4.41360803607544,7.00101711353149,69.9999999999983));
#1562=CARTESIAN_POINT('Ctrl Pts',(-5.28569345485869,7.00318700595146,69.9999999999983));
#1563=CARTESIAN_POINT('Ctrl Pts',(-6.84887933062432,6.34831882416132,69.9999999999982));
#1564=CARTESIAN_POINT('Ctrl Pts',(-7.50253785327455,4.78492429996048,69.9999999999974));
#1565=CARTESIAN_POINT('Ctrl Pts',(-7.50076084051797,3.92558558386769,69.9999999999971));
#1566=CARTESIAN_POINT('Ctrl Pts',(-7.5008730112623,3.85167138475009,69.9999999999972));
#1567=CARTESIAN_POINT('Ctrl Pts',(-7.50036327122393,1.25880160197535,69.9999999999977));
#1568=CARTESIAN_POINT('Ctrl Pts',(-7.50036336216852,-1.25960020772683,70.0000000000004));
#1569=CARTESIAN_POINT('Ctrl Pts',(-7.50087308768427,-3.85220387220356,70.0000000000008));
#1570=CARTESIAN_POINT('Ctrl Pts',(-7.5007613165027,-3.92585190566527,70.0000000000008));
#1571=CARTESIAN_POINT('Ctrl Pts',(-7.50253778237351,-4.78492446699539,70.0000000000006));
#1572=CARTESIAN_POINT('Ctrl Pts',(-6.84887929545509,-6.34831899395323,70.0000000000006));
#1573=CARTESIAN_POINT('Ctrl Pts',(-5.28569342997461,-7.00318725292554,70.0000000000006));
#1574=CARTESIAN_POINT('Ctrl Pts',(-4.41334178641188,-7.00101670237441,70.0000000000007));
#1575=CARTESIAN_POINT('Ctrl Pts',(-4.32661403080478,-7.00117677329258,70.0000000000007));
#1576=CARTESIAN_POINT('Ctrl Pts',(-3.15342324857692,-7.00078539538703,70.0000000000006));
#1577=CARTESIAN_POINT('Ctrl Pts',(-2.06697228000921,-7.00030579997029,70.0000000000002));
#1578=CARTESIAN_POINT('Ctrl Pts',(-0.980544107019008,-7.00010036505834,
70.0000000000001));
#1579=CARTESIAN_POINT('',(0.00988287226922908,7.48437016924799,39.0003091681286));
#1580=CARTESIAN_POINT('',(0.0194640264820722,7.,70.));
#1581=CARTESIAN_POINT('Ctrl Pts',(0.00988287226922908,7.48437016924799,
39.0003091681286));
#1582=CARTESIAN_POINT('Ctrl Pts',(0.00977981622637752,7.48437177949866,
39.0002061120857));
#1583=CARTESIAN_POINT('Ctrl Pts',(0.00967676018352232,7.48437338974933,
39.0001030560429));
#1584=CARTESIAN_POINT('Ctrl Pts',(0.00957370414067127,7.484375,39.));
#1585=CARTESIAN_POINT('Ctrl Pts',(-0.990435703048302,7.50006846903537,37.9999999999999));
#1586=CARTESIAN_POINT('Ctrl Pts',(-2.16031452172465,7.50022022740003,37.9999999999997));
#1587=CARTESIAN_POINT('Ctrl Pts',(-3.3302242926272,7.50059385962174,37.9999999999992));
#1588=CARTESIAN_POINT('Ctrl Pts',(-4.59167061215606,7.50089970261445,37.9999999999991));
#1589=CARTESIAN_POINT('Ctrl Pts',(-4.68319421775388,7.49718418470051,37.9999999999991));
#1590=CARTESIAN_POINT('Ctrl Pts',(-5.60356022682736,7.42649986698038,37.9999999999991));
#1591=CARTESIAN_POINT('Ctrl Pts',(-7.20718022825049,6.67609351658915,37.999999999999));
#1592=CARTESIAN_POINT('Ctrl Pts',(-7.93832841336639,5.06382159312916,37.9999999999986));
#1593=CARTESIAN_POINT('Ctrl Pts',(-7.99793168804767,4.15613128981472,37.9999999999985));
#1594=CARTESIAN_POINT('Ctrl Pts',(-8.00064213381885,4.077891761186,37.9999999999985));
#1595=CARTESIAN_POINT('Ctrl Pts',(-8.00025407995378,1.33306867244917,37.9999999999987));
#1596=CARTESIAN_POINT('Ctrl Pts',(-8.00025410979222,-1.33306869331363,38.0000000000002));
#1597=CARTESIAN_POINT('Ctrl Pts',(-8.0006421075361,-4.07760996373197,38.0000000000004));
#1598=CARTESIAN_POINT('Ctrl Pts',(-7.99795084272602,-4.15556777110566,38.0000000000004));
#1599=CARTESIAN_POINT('Ctrl Pts',(-7.93858519011009,-5.06299130109486,38.0000000000003));
#1600=CARTESIAN_POINT('Ctrl Pts',(-7.20782642589658,-6.67543976289928,38.0000000000003));
#1601=CARTESIAN_POINT('Ctrl Pts',(-5.60438771470713,-7.42623343108722,38.0000000000003));
#1602=CARTESIAN_POINT('Ctrl Pts',(-4.68375784296414,-7.49716168368513,38.0000000000004));
#1603=CARTESIAN_POINT('Ctrl Pts',(-4.59195256434101,-7.50089972614283,38.0000000000004));
#1604=CARTESIAN_POINT('Ctrl Pts',(-3.33022440587005,-7.50059381243586,38.0000000000003));
#1605=CARTESIAN_POINT('Ctrl Pts',(-2.16031457704812,-7.50022030961283,38.0000000000001));
#1606=CARTESIAN_POINT('Ctrl Pts',(-0.990435725080963,-7.50006853021726,
38.));
#1607=CARTESIAN_POINT('Origin',(-0.428281442187618,-0.00190609311418038,
70.));
#1608=CARTESIAN_POINT('Origin',(12.4387623909506,0.,56.5807016355315));
#1609=CARTESIAN_POINT('',(7.63438447228548,-0.00124577724688685,61.3850795541966));
#1610=CARTESIAN_POINT('Ctrl Pts',(7.63438447228548,-0.0012457772468849,
61.3850795541966));
#1611=CARTESIAN_POINT('Ctrl Pts',(7.62546714962638,-0.390447744600103,61.3939968768557));
#1612=CARTESIAN_POINT('Ctrl Pts',(7.58503405583876,-0.775151157196028,61.4344299706433));
#1613=CARTESIAN_POINT('Ctrl Pts',(7.44337125514107,-1.53658402724241,61.576092771341));
#1614=CARTESIAN_POINT('Ctrl Pts',(7.34180111171695,-1.9078655517181,61.6776629147684));
#1615=CARTESIAN_POINT('Ctrl Pts',(6.94558712602621,-3.01324285697219,62.0738769004592));
#1616=CARTESIAN_POINT('Ctrl Pts',(6.56753234411422,-3.67648436183521,62.4519316824449));
#1617=CARTESIAN_POINT('Ctrl Pts',(5.49254774687474,-5.0619761786162,63.5269162796844));
#1618=CARTESIAN_POINT('Ctrl Pts',(4.69094187387625,-5.73248594155003,64.3285221526069));
#1619=CARTESIAN_POINT('Ctrl Pts',(2.6160760969664,-6.81483140974985,66.4033879295168));
#1620=CARTESIAN_POINT('Ctrl Pts',(1.32016526315354,-7.09223196162505,67.6992987633285));
#1621=CARTESIAN_POINT('Ctrl Pts',(0.0206215081853428,-7.01564308565161,
68.9988425182967));
#1622=CARTESIAN_POINT('Ctrl Pts',(0.0194640264820724,7.01563742096534,69.));
#1623=CARTESIAN_POINT('Ctrl Pts',(0.81286790840296,7.05991235044334,68.2065961180791));
#1624=CARTESIAN_POINT('Ctrl Pts',(1.61532018534198,6.97323012506028,67.404143841481));
#1625=CARTESIAN_POINT('Ctrl Pts',(3.14868085257173,6.53765356500746,65.8707831742512));
#1626=CARTESIAN_POINT('Ctrl Pts',(3.89198428468372,6.19327176583424,65.1274797419462));
#1627=CARTESIAN_POINT('Ctrl Pts',(5.24578894997931,5.23862177732473,63.7736750766506));
#1628=CARTESIAN_POINT('Ctrl Pts',(5.86950055078634,4.6299460258508,63.1499634756958));
#1629=CARTESIAN_POINT('Ctrl Pts',(6.76846072635986,3.31101849466091,62.2510033001223));
#1630=CARTESIAN_POINT('Ctrl Pts',(7.09057326106956,2.66626661095576,61.9288907654125));
#1631=CARTESIAN_POINT('Ctrl Pts',(7.50505001994838,1.33044248507121,61.5144140065337));
#1632=CARTESIAN_POINT('Ctrl Pts',(7.61692841807318,0.674460082719359,61.4025356084089));
#1633=CARTESIAN_POINT('Ctrl Pts',(7.63438447228549,-0.00124577724688685,
61.3850795541966));
#1634=CARTESIAN_POINT('Origin',(0.00957370414067127,0.,39.));
#1635=CARTESIAN_POINT('',(7.86152772674695,-0.000919172631644694,46.8519540226063));
#1636=CARTESIAN_POINT('Ctrl Pts',(7.86152772674695,-0.000919172631644594,
46.8519540226063));
#1637=CARTESIAN_POINT('Ctrl Pts',(7.85153299615565,0.409909309728801,46.841959292015));
#1638=CARTESIAN_POINT('Ctrl Pts',(7.80863489969479,0.815983350710574,46.7990611955542));
#1639=CARTESIAN_POINT('Ctrl Pts',(7.65930875185817,1.61998550244992,46.6497350477175));
#1640=CARTESIAN_POINT('Ctrl Pts',(7.55249532156255,2.01226596956444,46.5429216174285));
#1641=CARTESIAN_POINT('Ctrl Pts',(7.13580304666461,3.18188800989474,46.1262293425306));
#1642=CARTESIAN_POINT('Ctrl Pts',(6.73821750460703,3.8851150475356,45.7286437996609));
#1643=CARTESIAN_POINT('Ctrl Pts',(5.60239438090471,5.36276935913955,44.5928206759586));
#1644=CARTESIAN_POINT('Ctrl Pts',(4.75171714451361,6.08134496523464,43.742143440373));
#1645=CARTESIAN_POINT('Ctrl Pts',(2.58371926160602,7.22643004218302,41.5741455574654));
#1646=CARTESIAN_POINT('Ctrl Pts',(1.28495803298176,7.51411019519871,40.2753843288411));
#1647=CARTESIAN_POINT('Ctrl Pts',(0.00988287226922596,7.48437016924799,
39.0003091681286));
#1648=CARTESIAN_POINT('Ctrl Pts',(0.0106394807680048,-7.4843583472402,39.0010657766273));
#1649=CARTESIAN_POINT('Ctrl Pts',(0.823728169364394,-7.50574954191824,39.8141544652237));
#1650=CARTESIAN_POINT('Ctrl Pts',(1.64371262534322,-7.3975970986174,40.6341389208396));
#1651=CARTESIAN_POINT('Ctrl Pts',(3.20292094402531,-6.92343954716458,42.1933472395217));
#1652=CARTESIAN_POINT('Ctrl Pts',(3.95435995367217,-6.56405611130392,42.9447862492036));
#1653=CARTESIAN_POINT('Ctrl Pts',(5.35468594889891,-5.56654986755322,44.3451122444304));
#1654=CARTESIAN_POINT('Ctrl Pts',(6.01270314290188,-4.91840947604739,45.0031294387561));
#1655=CARTESIAN_POINT('Ctrl Pts',(6.95907868075332,-3.51620150253176,45.9495049766076));
#1656=CARTESIAN_POINT('Ctrl Pts',(7.29725491511233,-2.83158478306351,46.2876812109717));
#1657=CARTESIAN_POINT('Ctrl Pts',(7.73056649053018,-1.41357650432672,46.7209927863896));
#1658=CARTESIAN_POINT('Ctrl Pts',(7.84612952192735,-0.717311386748878,46.8365558177867));
#1659=CARTESIAN_POINT('Ctrl Pts',(7.86152772674694,-0.00091917263164612,
46.8519540226063));
#1660=CARTESIAN_POINT('Origin',(-0.421077283028402,-0.00191643263258919,
38.));
#1661=CARTESIAN_POINT('Ctrl Pts',(7.51498448630195,-0.00141746003172028,
69.0245535455462));
#1662=CARTESIAN_POINT('Ctrl Pts',(7.6714042590895,-0.00119254725661425,
59.016472086407));
#1663=CARTESIAN_POINT('Ctrl Pts',(7.82782403187705,-0.000967634481508211,
49.0083906272678));
#1664=CARTESIAN_POINT('Ctrl Pts',(7.9842438046646,-0.000742721706402175,
39.0003091681286));
#1665=CARTESIAN_POINT('Ctrl Pts',(7.48688652927348,1.08648688358077,69.0245535455462));
#1666=CARTESIAN_POINT('Ctrl Pts',(7.64329801346586,1.11040521364514,59.016472086407));
#1667=CARTESIAN_POINT('Ctrl Pts',(7.79962817832332,1.13426394901413,49.0083906272678));
#1668=CARTESIAN_POINT('Ctrl Pts',(7.9560396625157,1.1581822790785,39.0003091681286));
#1669=CARTESIAN_POINT('Ctrl Pts',(6.92808764758978,3.24364761559682,69.0245535455462));
#1670=CARTESIAN_POINT('Ctrl Pts',(7.07346176130137,3.31482587217143,59.016472086407));
#1671=CARTESIAN_POINT('Ctrl Pts',(7.21875009578197,3.38578205519416,49.0083906272678));
#1672=CARTESIAN_POINT('Ctrl Pts',(7.36412420949355,3.45696031176877,39.0003091681286));
#1673=CARTESIAN_POINT('Ctrl Pts',(4.39736495599527,6.22801062553166,69.0245535455462));
#1674=CARTESIAN_POINT('Ctrl Pts',(4.48913821261753,6.36525946712985,59.016472086407));
#1675=CARTESIAN_POINT('Ctrl Pts',(4.58090635124712,6.50254402685769,49.0083906272678));
#1676=CARTESIAN_POINT('Ctrl Pts',(4.67267960786938,6.63979286845588,39.0003091681286));
#1677=CARTESIAN_POINT('Ctrl Pts',(1.65024516466921,7.08082789585674,69.0245535455462));
#1678=CARTESIAN_POINT('Ctrl Pts',(1.6826953553286,7.23807712704141,59.016472086407));
#1679=CARTESIAN_POINT('Ctrl Pts',(1.7150166142245,7.39481925396662,49.0083906272678));
#1680=CARTESIAN_POINT('Ctrl Pts',(1.74746680488389,7.55206848515129,39.0003091681286));
#1681=CARTESIAN_POINT('Ctrl Pts',(0.0191625427364019,7.01524135085084,69.0245535455462));
#1682=CARTESIAN_POINT('Ctrl Pts',(0.0160693192473441,7.17161762364989,59.016472086407));
#1683=CARTESIAN_POINT('Ctrl Pts',(0.0129760957582863,7.32799389644894,49.0083906272678));
#1684=CARTESIAN_POINT('Ctrl Pts',(0.00988287226922848,7.48437016924799,
39.0003091681286));
#1685=CARTESIAN_POINT('',(7.4997388956865,-0.00143938135299792,70.));
#1686=CARTESIAN_POINT('Ctrl Pts',(0.0206215081853429,-7.01564308565161,
68.9988425182967));
#1687=CARTESIAN_POINT('Ctrl Pts',(0.0172941657128967,-7.17188150618114,
58.9995836044069));
#1688=CARTESIAN_POINT('Ctrl Pts',(0.0139668232404504,-7.32811992671067,
49.0003246905171));
#1689=CARTESIAN_POINT('Ctrl Pts',(0.0106394807680042,-7.4843583472402,39.0010657766273));
#1690=CARTESIAN_POINT('Ctrl Pts',(1.10850765648764,-7.06274398314179,68.9988425182967));
#1691=CARTESIAN_POINT('Ctrl Pts',(1.12891118977706,-7.21951586856646,58.9995836044069));
#1692=CARTESIAN_POINT('Ctrl Pts',(1.14925640488555,-7.37620449682613,49.0003246905171));
#1693=CARTESIAN_POINT('Ctrl Pts',(1.16965993817497,-7.5329763822508,39.0010657766273));
#1694=CARTESIAN_POINT('Ctrl Pts',(3.3003941947864,-6.65201623652078,68.9988425182967));
#1695=CARTESIAN_POINT('Ctrl Pts',(3.3683849888084,-6.79878239419796,58.999583604407));
#1696=CARTESIAN_POINT('Ctrl Pts',(3.43615322813929,-6.94545750245895,49.0003246905171));
#1697=CARTESIAN_POINT('Ctrl Pts',(3.5041440221613,-7.09222366013614,39.0010657766273));
#1698=CARTESIAN_POINT('Ctrl Pts',(6.44897167090166,-4.32352043899704,68.9988425182967));
#1699=CARTESIAN_POINT('Ctrl Pts',(6.58427804312551,-4.41797499415457,58.9995836044069));
#1700=CARTESIAN_POINT('Ctrl Pts',(6.71962071580603,-4.51242512142674,49.0003246905171));
#1701=CARTESIAN_POINT('Ctrl Pts',(6.85492708802987,-4.60687967658427,39.0010657766273));
#1702=CARTESIAN_POINT('Ctrl Pts',(7.47790873702879,-1.63434480858888,68.9988425182967));
#1703=CARTESIAN_POINT('Ctrl Pts',(7.63441045250691,-1.66974389642126,58.9995836044069));
#1704=CARTESIAN_POINT('Ctrl Pts',(7.79040243923904,-1.70500278241937,49.0003246905171));
#1705=CARTESIAN_POINT('Ctrl Pts',(7.94690415471716,-1.74040187025175,39.0010657766273));
#1706=CARTESIAN_POINT('Ctrl Pts',(7.51538633285535,-0.00141688222482068,
68.9988425182967));
#1707=CARTESIAN_POINT('Ctrl Pts',(7.6716682150263,-0.00119216771979859,
58.9995836044069));
#1708=CARTESIAN_POINT('Ctrl Pts',(7.82795009719726,-0.000967453214776506,
49.0003246905171));
#1709=CARTESIAN_POINT('Ctrl Pts',(7.98423197936822,-0.000742738709754417,
39.0010657766273));
#1710=CARTESIAN_POINT('',(0.,0.,0.));
#1711=CARTESIAN_POINT('Origin',(-4.50006100837667,-3.1005,37.));
#1712=CARTESIAN_POINT('',(-2.50006100837667,-3.1005,71.));
#1713=CARTESIAN_POINT('Origin',(-4.50006100837667,-3.1005,71.));
#1714=CARTESIAN_POINT('',(-2.50006100837667,-3.10049999978745,90.7845249746385));
#1715=CARTESIAN_POINT('',(-2.50006100837667,-3.1005,37.));
#1716=CARTESIAN_POINT('',(-3.15162224678498,-1.62343774426419,90.8931417952825));
#1717=CARTESIAN_POINT('Ctrl Pts',(-3.15162224740519,-1.62343774406436,90.8931417951138));
#1718=CARTESIAN_POINT('Ctrl Pts',(-3.05651679513328,-1.71026135471977,90.9131260825724));
#1719=CARTESIAN_POINT('Ctrl Pts',(-2.95280988652587,-1.82239200964066,90.9366980826957));
#1720=CARTESIAN_POINT('Ctrl Pts',(-2.76467574520313,-2.09293430620607,90.9613832930339));
#1721=CARTESIAN_POINT('Ctrl Pts',(-2.70550272890241,-2.21221261506218,90.9574378441067));
#1722=CARTESIAN_POINT('Ctrl Pts',(-2.60299798224427,-2.44744328432234,90.9380745375306));
#1723=CARTESIAN_POINT('Ctrl Pts',(-2.5574455447714,-2.59989391760679,90.9119109400607));
#1724=CARTESIAN_POINT('Ctrl Pts',(-2.51154519361796,-2.86052162227719,90.8529671005885));
#1725=CARTESIAN_POINT('Ctrl Pts',(-2.50162342489888,-2.96784136896613,90.8245435758295));
#1726=CARTESIAN_POINT('Ctrl Pts',(-2.50011778570424,-3.08309031030269,90.7898448393684));
#1727=CARTESIAN_POINT('Ctrl Pts',(-2.50006100837852,-3.09179922926759,90.7871966717678));
#1728=CARTESIAN_POINT('Ctrl Pts',(-2.50006100837667,-3.10049999957489,90.7845249746385));
#1729=CARTESIAN_POINT('',(-5.84849976950008,-1.62343774411331,89.3352530498185));
#1730=CARTESIAN_POINT('Ctrl Pts',(-5.84756173746872,-1.62343774406436,89.3347859946088));
#1731=CARTESIAN_POINT('Ctrl Pts',(-5.79949557626478,-1.57953957900755,89.388463302609));
#1732=CARTESIAN_POINT('Ctrl Pts',(-5.74913490186363,-1.53785187735845,89.4423220513895));
#1733=CARTESIAN_POINT('Ctrl Pts',(-5.69659483966153,-1.49858540256795,89.4959639938763));
#1734=CARTESIAN_POINT('Ctrl Pts',(-5.6446684188907,-1.45977754040143,89.5489794255258));
#1735=CARTESIAN_POINT('Ctrl Pts',(-5.59061332883543,-1.42333467795713,89.601782734945));
#1736=CARTESIAN_POINT('Ctrl Pts',(-5.53458652803818,-1.38946027976878,89.6540114141462));
#1737=CARTESIAN_POINT('Ctrl Pts',(-5.49521464373349,-1.36565562079515,89.6907142328979));
#1738=CARTESIAN_POINT('Ctrl Pts',(-5.45487002727133,-1.34311935611055,89.7271337276072));
#1739=CARTESIAN_POINT('Ctrl Pts',(-5.41362034510968,-1.32192209467992,89.7631521072594));
#1740=CARTESIAN_POINT('Ctrl Pts',(-5.34728432673377,-1.28783354296037,89.8210753631313));
#1741=CARTESIAN_POINT('Ctrl Pts',(-5.2783798432696,-1.25709624226232,89.8781578755799));
#1742=CARTESIAN_POINT('Ctrl Pts',(-5.20709404108637,-1.23011753611465,89.9339990057633));
#1743=CARTESIAN_POINT('Ctrl Pts',(-5.13580823890314,-1.20313882996698,89.9898401359466));
#1744=CARTESIAN_POINT('Ctrl Pts',(-5.06214134639045,-1.17991871836971,90.0444394281343));
#1745=CARTESIAN_POINT('Ctrl Pts',(-4.98632975681883,-1.16086454485171,90.0974264054561));
#1746=CARTESIAN_POINT('Ctrl Pts',(-4.91359443043363,-1.14258354668688,90.1482632908379));
#1747=CARTESIAN_POINT('Ctrl Pts',(-4.83893529850435,-1.12815237918076,90.1975808211178));
#1748=CARTESIAN_POINT('Ctrl Pts',(-4.76261427608406,-1.11799010508715,90.2450871683426));
#1749=CARTESIAN_POINT('Ctrl Pts',(-4.69388451195229,-1.10883861996094,90.2878683043387));
#1750=CARTESIAN_POINT('Ctrl Pts',(-4.62380768838008,-1.10314905189477,90.3291808892662));
#1751=CARTESIAN_POINT('Ctrl Pts',(-4.55259885890756,-1.10122744292567,90.3688391001872));
#1752=CARTESIAN_POINT('Ctrl Pts',(-4.47789927310235,-1.09921163399952,90.4104414120286));
#1753=CARTESIAN_POINT('Ctrl Pts',(-4.40220985551588,-1.10135387482795,90.4500793358125));
#1754=CARTESIAN_POINT('Ctrl Pts',(-4.3258607713173,-1.10798202621589,90.4875967013775));
#1755=CARTESIAN_POINT('Ctrl Pts',(-4.30373865430775,-1.10990253046424,90.4984673432409));
#1756=CARTESIAN_POINT('Ctrl Pts',(-4.28156128717768,-1.11219964858786,90.5091602605161));
#1757=CARTESIAN_POINT('Ctrl Pts',(-4.25933700350869,-1.11488135608933,90.5196724162903));
#1758=CARTESIAN_POINT('Ctrl Pts',(-4.2307081720591,-1.11833587247331,90.5332139432215));
#1759=CARTESIAN_POINT('Ctrl Pts',(-4.20200148005652,-1.12242857737335,90.5464554853019));
#1760=CARTESIAN_POINT('Ctrl Pts',(-4.17323564543131,-1.12717651926729,90.5593935309428));
#1761=CARTESIAN_POINT('Ctrl Pts',(-4.09650851165948,-1.1398407084898,90.5939031904597));
#1762=CARTESIAN_POINT('Ctrl Pts',(-4.01982733964088,-1.15708970027367,90.6260396743415));
#1763=CARTESIAN_POINT('Ctrl Pts',(-3.94362422756996,-1.1791241040914,90.6558256488641));
#1764=CARTESIAN_POINT('Ctrl Pts',(-3.87608233099822,-1.19865408630908,90.6822261613343));
#1765=CARTESIAN_POINT('Ctrl Pts',(-3.80891631587689,-1.22194348486391,90.7067809730811));
#1766=CARTESIAN_POINT('Ctrl Pts',(-3.74242774090002,-1.24913198581549,90.7295400733029));
#1767=CARTESIAN_POINT('Ctrl Pts',(-3.66425276305571,-1.28109928937477,90.7562994399492));
#1768=CARTESIAN_POINT('Ctrl Pts',(-3.58783920873037,-1.31811651734869,90.7802940569618));
#1769=CARTESIAN_POINT('Ctrl Pts',(-3.51373201138363,-1.36009692305034,90.8017686328457));
#1770=CARTESIAN_POINT('Ctrl Pts',(-3.43559881553329,-1.40435798510639,90.8244098512888));
#1771=CARTESIAN_POINT('Ctrl Pts',(-3.36002995862099,-1.45413613916223,90.8442502910988));
#1772=CARTESIAN_POINT('Ctrl Pts',(-3.28763325867561,-1.50932971857215,90.8616276733508));
#1773=CARTESIAN_POINT('Ctrl Pts',(-3.24071340649122,-1.54510033504217,90.8728898470028));
#1774=CARTESIAN_POINT('Ctrl Pts',(-3.19512526790977,-1.58314556863432,90.8831185190864));
#1775=CARTESIAN_POINT('Ctrl Pts',(-3.15102645257537,-1.62343774406436,90.8924140722433));
#1776=CARTESIAN_POINT('Ctrl Pts',(-2.50006100837667,-3.10049999957489,90.7845249746385));
#1777=CARTESIAN_POINT('Ctrl Pts',(-2.50006100835921,-3.18265398893416,90.75929840621));
#1778=CARTESIAN_POINT('Ctrl Pts',(-2.50512225290541,-3.26408143014728,90.7319738825554));
#1779=CARTESIAN_POINT('Ctrl Pts',(-2.52913312917236,-3.4595474217874,90.6609094071261));
#1780=CARTESIAN_POINT('Ctrl Pts',(-2.55311590769604,-3.57197216158278,90.6153296751305));
#1781=CARTESIAN_POINT('Ctrl Pts',(-2.64817268162588,-3.88561579964758,90.4753653236543));
#1782=CARTESIAN_POINT('Ctrl Pts',(-2.74184136611867,-4.07620200674121,90.3737743561094));
#1783=CARTESIAN_POINT('Ctrl Pts',(-3.01359105959987,-4.46474088457733,90.1358719876728));
#1784=CARTESIAN_POINT('Ctrl Pts',(-3.20915437383782,-4.65187546899397,89.9963890948467));
#1785=CARTESIAN_POINT('Ctrl Pts',(-3.6999896018786,-4.95929416837824,89.732864905845));
#1786=CARTESIAN_POINT('Ctrl Pts',(-3.96804396571912,-5.04308281352534,89.6341426437125));
#1787=CARTESIAN_POINT('Ctrl Pts',(-4.47664229521749,-5.11934981380527,89.4525239586027));
#1788=CARTESIAN_POINT('Ctrl Pts',(-4.75651875903768,-5.10344575838556,89.3635441657041));
#1789=CARTESIAN_POINT('Ctrl Pts',(-5.29447125717397,-4.95704601066756,89.182260519335));
#1790=CARTESIAN_POINT('Ctrl Pts',(-5.5445424498513,-4.82852647006356,89.0922890188643));
#1791=CARTESIAN_POINT('Ctrl Pts',(-5.98042055573716,-4.47492688066015,88.898635682079));
#1792=CARTESIAN_POINT('Ctrl Pts',(-6.15876533602019,-4.25248678771841,88.7978160528127));
#1793=CARTESIAN_POINT('Ctrl Pts',(-6.37256779064692,-3.82945152048302,88.6143540314777));
#1794=CARTESIAN_POINT('Ctrl Pts',(-6.42344878462755,-3.66813827928803,88.5382363809631));
#1795=CARTESIAN_POINT('Ctrl Pts',(-6.47486330954135,-3.43106847519044,88.4583577835843));
#1796=CARTESIAN_POINT('Ctrl Pts',(-6.4948577978408,-3.30692160804487,88.4255166494939));
#1797=CARTESIAN_POINT('Ctrl Pts',(-6.5032496167771,-3.02139275470902,88.4152017775595));
#1798=CARTESIAN_POINT('Ctrl Pts',(-6.49308456488273,-2.88782710018354,88.4352358485759));
#1799=CARTESIAN_POINT('Ctrl Pts',(-6.43533363458361,-2.5556079368907,88.5384961186839));
#1800=CARTESIAN_POINT('Ctrl Pts',(-6.37084220588193,-2.37101550913829,88.6476152650298));
#1801=CARTESIAN_POINT('Ctrl Pts',(-6.18787881798244,-2.00262040587976,88.9212617385163));
#1802=CARTESIAN_POINT('Ctrl Pts',(-6.04132102777899,-1.79946800803095,89.1198957333152));
#1803=CARTESIAN_POINT('Ctrl Pts',(-5.84849976934815,-1.62343774406435,89.3352530500381));
#1804=CARTESIAN_POINT('Origin',(-4.50006100837667,3.1005,37.));
#1805=CARTESIAN_POINT('',(-2.50006100837667,3.1005,71.));
#1806=CARTESIAN_POINT('Origin',(-4.50006100837667,3.1005,71.));
#1807=CARTESIAN_POINT('',(-2.50006100837667,3.10049998203843,90.7844849784902));
#1808=CARTESIAN_POINT('',(-2.50006100837667,3.1005,37.));
#1809=CARTESIAN_POINT('',(-5.84849976950009,1.62343774411331,89.3352530498185));
#1810=CARTESIAN_POINT('Ctrl Pts',(-5.84849976934817,1.62343774406437,89.3352530500381));
#1811=CARTESIAN_POINT('Ctrl Pts',(-6.00594517261425,1.76717270421761,89.159406155076));
#1812=CARTESIAN_POINT('Ctrl Pts',(-6.13135906986086,1.92765421182213,88.9964404751639));
#1813=CARTESIAN_POINT('Ctrl Pts',(-6.31172314513917,2.23701266181885,88.7398016876872));
#1814=CARTESIAN_POINT('Ctrl Pts',(-6.3832604768904,2.40160824439153,88.6255980538091));
#1815=CARTESIAN_POINT('Ctrl Pts',(-6.46762059082981,2.7158904698923,88.4821644018137));
#1816=CARTESIAN_POINT('Ctrl Pts',(-6.49114826089643,2.85879204113988,88.4387810029875));
#1817=CARTESIAN_POINT('Ctrl Pts',(-6.50428432950463,3.14816208837346,88.4116413114392));
#1818=CARTESIAN_POINT('Ctrl Pts',(-6.49623286656091,3.28346345250265,88.4241204121638));
#1819=CARTESIAN_POINT('Ctrl Pts',(-6.44056338644123,3.63127051056863,88.5125299182898));
#1820=CARTESIAN_POINT('Ctrl Pts',(-6.36797548414451,3.86840841170535,88.6302577240534));
#1821=CARTESIAN_POINT('Ctrl Pts',(-6.09010255555703,4.34322985886181,88.8389646742551));
#1822=CARTESIAN_POINT('Ctrl Pts',(-5.90750374042062,4.54738067148838,88.9346993906188));
#1823=CARTESIAN_POINT('Ctrl Pts',(-5.47095911227547,4.86975088286637,89.1199650231912));
#1824=CARTESIAN_POINT('Ctrl Pts',(-5.22313841006562,4.98482484632391,89.2069197564794));
#1825=CARTESIAN_POINT('Ctrl Pts',(-4.69407930668599,5.10962312750358,89.383678302778));
#1826=CARTESIAN_POINT('Ctrl Pts',(-4.42024674151992,5.11705731820386,89.4713255077826));
#1827=CARTESIAN_POINT('Ctrl Pts',(-3.94056108844219,5.03287599971011,89.6449961524293));
#1828=CARTESIAN_POINT('Ctrl Pts',(-3.66389656129272,4.9478078890465,89.7461796483593));
#1829=CARTESIAN_POINT('Ctrl Pts',(-3.14771475261427,4.60171886370537,90.0353919158528));
#1830=CARTESIAN_POINT('Ctrl Pts',(-2.94063524940135,4.3882946611944,90.1901341897436));
#1831=CARTESIAN_POINT('Ctrl Pts',(-2.68811824781956,3.96818763407302,90.4314307997175));
#1832=CARTESIAN_POINT('Ctrl Pts',(-2.61253168256624,3.79004686395216,90.5210004016035));
#1833=CARTESIAN_POINT('Ctrl Pts',(-2.53748424283016,3.49951742202234,90.6447399936775));
#1834=CARTESIAN_POINT('Ctrl Pts',(-2.51904346118506,3.39538661002994,90.6852123366087));
#1835=CARTESIAN_POINT('Ctrl Pts',(-2.50307151154969,3.22680800615085,90.7443199166151));
#1836=CARTESIAN_POINT('Ctrl Pts',(-2.50006100775865,3.16385656443047,90.7650305230503));
#1837=CARTESIAN_POINT('Ctrl Pts',(-2.50006100837667,3.1004999804908,90.7844849734501));
#1838=CARTESIAN_POINT('',(-3.15162224678497,1.62343774426419,90.8931417952825));
#1839=CARTESIAN_POINT('Ctrl Pts',(-3.15162224740517,1.62343774406436,90.8931417951138));
#1840=CARTESIAN_POINT('Ctrl Pts',(-3.26667646287715,1.51840252084874,90.8689657204473));
#1841=CARTESIAN_POINT('Ctrl Pts',(-3.39242648467896,1.42822657203056,90.8382849008465));
#1842=CARTESIAN_POINT('Ctrl Pts',(-3.64437562347781,1.28770973356034,90.7646601092138));
#1843=CARTESIAN_POINT('Ctrl Pts',(-3.76744469138421,1.23485368999693,90.7239031962092));
#1844=CARTESIAN_POINT('Ctrl Pts',(-4.02675566905051,1.15224710175352,90.6257793263217));
#1845=CARTESIAN_POINT('Ctrl Pts',(-4.16167841118165,1.12474286967378,90.5681151048969));
#1846=CARTESIAN_POINT('Ctrl Pts',(-4.42648997006392,1.09752576897384,90.4403912666996));
#1847=CARTESIAN_POINT('Ctrl Pts',(-4.55526537195017,1.0973197842363,90.3712019838915));
#1848=CARTESIAN_POINT('Ctrl Pts',(-4.8482278443799,1.12383912384247,90.1968648672695));
#1849=CARTESIAN_POINT('Ctrl Pts',(-5.00842566229736,1.15966454844923,90.0880962698642));
#1850=CARTESIAN_POINT('Ctrl Pts',(-5.42082658228542,1.30346239252347,89.7730827704218));
#1851=CARTESIAN_POINT('Ctrl Pts',(-5.65400387565228,1.44587867310754,89.5524807256629));
#1852=CARTESIAN_POINT('Ctrl Pts',(-5.84849976934817,1.62343774406436,89.3352530500381));
#1853=CARTESIAN_POINT('Ctrl Pts',(-2.50006100837667,3.1004999804908,90.7844849734501));
#1854=CARTESIAN_POINT('Ctrl Pts',(-2.50006100864388,3.07310634051279,90.7928965413896));
#1855=CARTESIAN_POINT('Ctrl Pts',(-2.50062380262021,3.04563697235086,90.8010733135383));
#1856=CARTESIAN_POINT('Ctrl Pts',(-2.50661479473713,2.90033256281394,90.8429460566148));
#1857=CARTESIAN_POINT('Ctrl Pts',(-2.52193831444253,2.78194650809475,90.8723149181297));
#1858=CARTESIAN_POINT('Ctrl Pts',(-2.59139387864259,2.47089724865512,90.9357915188471));
#1859=CARTESIAN_POINT('Ctrl Pts',(-2.65993232032303,2.2934653250824,90.9580188764506));
#1860=CARTESIAN_POINT('Ctrl Pts',(-2.87171949266721,1.91455647156964,90.956121621383));
#1861=CARTESIAN_POINT('Ctrl Pts',(-3.01636330643214,1.74691825278569,90.9215634417511));
#1862=CARTESIAN_POINT('Ctrl Pts',(-3.15162224740518,1.62343774406436,90.8931417951138));
#1863=CARTESIAN_POINT('Ctrl Pts',(-7.12187597610498,-1.62343774406436,86.124960955801));
#1864=CARTESIAN_POINT('Ctrl Pts',(-7.12187597610498,-2.35669778944943,86.124960955801));
#1865=CARTESIAN_POINT('Ctrl Pts',(-7.12187970048643,-3.0898887007004,86.1249609558019));
#1866=CARTESIAN_POINT('Ctrl Pts',(-7.12188847708134,-3.90224880665352,86.1249609558021));
#1867=CARTESIAN_POINT('Ctrl Pts',(-7.12104743694148,-3.98134176209477,86.1249609558021));
#1868=CARTESIAN_POINT('Ctrl Pts',(-7.11241501012827,-4.39235691918983,86.124960955802));
#1869=CARTESIAN_POINT('Ctrl Pts',(-6.96964950716673,-5.05243950599883,86.1249609558015));
#1870=CARTESIAN_POINT('Ctrl Pts',(-6.2151696949087,-6.17794915534334,86.1249609558011));
#1871=CARTESIAN_POINT('Ctrl Pts',(-5.23556832925639,-6.60366378415941,86.1249609558001));
#1872=CARTESIAN_POINT('Ctrl Pts',(-4.47817558750323,-6.62098277249865,86.1249609557997));
#1873=CARTESIAN_POINT('Ctrl Pts',(-4.38492611965584,-6.62228082131029,86.1249609557997));
#1874=CARTESIAN_POINT('Ctrl Pts',(-3.56886725480076,-6.62208032179033,86.1249609558));
#1875=CARTESIAN_POINT('Ctrl Pts',(-2.84611911894263,-6.62187597610497,86.124960955801));
#1876=CARTESIAN_POINT('Ctrl Pts',(-2.12343774406436,-6.62187597610497,86.124960955801));
#1877=CARTESIAN_POINT('Ctrl Pts',(-7.0961206644964,-1.62343774406436,87.1551734201442));
#1878=CARTESIAN_POINT('Ctrl Pts',(-7.09608451027456,-2.31188802125048,87.1564965879361));
#1879=CARTESIAN_POINT('Ctrl Pts',(-7.09600900502986,-3.08869686685303,87.1600085154907));
#1880=CARTESIAN_POINT('Ctrl Pts',(-7.09595501125651,-3.88895271338894,87.1621250832295));
#1881=CARTESIAN_POINT('Ctrl Pts',(-7.09531532197158,-3.96930877579478,87.1623536733777));
#1882=CARTESIAN_POINT('Ctrl Pts',(-7.08834109039422,-4.37599406400028,87.1633793253347));
#1883=CARTESIAN_POINT('Ctrl Pts',(-6.95062793883582,-5.0322338469025,87.1646981194524));
#1884=CARTESIAN_POINT('Ctrl Pts',(-6.19659939863941,-6.16275821543178,87.1656463945847));
#1885=CARTESIAN_POINT('Ctrl Pts',(-5.21250223394149,-6.58309243045229,87.1642097412447));
#1886=CARTESIAN_POINT('Ctrl Pts',(-4.46410189202449,-6.59513928579017,87.1623192734748));
#1887=CARTESIAN_POINT('Ctrl Pts',(-4.36916303039793,-6.59639395276357,87.1620457133889));
#1888=CARTESIAN_POINT('Ctrl Pts',(-3.56576275282213,-6.59615661775828,87.1599218912486));
#1889=CARTESIAN_POINT('Ctrl Pts',(-2.80193342736173,-6.59611613289047,87.1564777989082));
#1890=CARTESIAN_POINT('Ctrl Pts',(-2.12343774406436,-6.5961206644964,87.1551734201442));
#1891=CARTESIAN_POINT('Ctrl Pts',(-6.65289868991477,-1.62343774406436,88.4293438261523));
#1892=CARTESIAN_POINT('Ctrl Pts',(-6.65219827879927,-2.18715860959057,88.4439711336206));
#1893=CARTESIAN_POINT('Ctrl Pts',(-6.65498485582396,-2.90221104079443,88.4581174746439));
#1894=CARTESIAN_POINT('Ctrl Pts',(-6.63665266252083,-3.63203651668735,88.4680083634536));
#1895=CARTESIAN_POINT('Ctrl Pts',(-6.63426236901112,-3.70610529011524,88.4689622331398));
#1896=CARTESIAN_POINT('Ctrl Pts',(-6.61867625547223,-4.07861359720062,88.4735227759484));
#1897=CARTESIAN_POINT('Ctrl Pts',(-6.4848827208298,-4.68146294473229,88.479147780548));
#1898=CARTESIAN_POINT('Ctrl Pts',(-5.79204769859655,-5.72125220491918,88.4830031311556));
#1899=CARTESIAN_POINT('Ctrl Pts',(-4.88646066375077,-6.10780535604655,88.4772652821492));
#1900=CARTESIAN_POINT('Ctrl Pts',(-4.20032054575562,-6.13403982629159,88.4688970963454));
#1901=CARTESIAN_POINT('Ctrl Pts',(-4.11290873973956,-6.1375126878004,88.4677628364535));
#1902=CARTESIAN_POINT('Ctrl Pts',(-3.38068471539332,-6.15499860392018,88.4577273362028));
#1903=CARTESIAN_POINT('Ctrl Pts',(-2.67904174279089,-6.15226463487147,88.4437604093185));
#1904=CARTESIAN_POINT('Ctrl Pts',(-2.12343774406436,-6.15289868991477,88.4293438261523));
#1905=CARTESIAN_POINT('Ctrl Pts',(-5.62815106396902,-1.62343774406436,89.5936103210028));
#1906=CARTESIAN_POINT('Ctrl Pts',(-5.59663933484387,-2.01007216092753,89.6268081999335));
#1907=CARTESIAN_POINT('Ctrl Pts',(-5.58891003223681,-2.54881009706798,89.6541653295177));
#1908=CARTESIAN_POINT('Ctrl Pts',(-5.55148957597433,-3.10966387278753,89.6740138701911));
#1909=CARTESIAN_POINT('Ctrl Pts',(-5.54747667685183,-3.16650260812376,89.6758758521423));
#1910=CARTESIAN_POINT('Ctrl Pts',(-5.52401465820354,-3.45314024318561,89.6849227869574));
#1911=CARTESIAN_POINT('Ctrl Pts',(-5.41250530565085,-3.91748282632025,89.6959654593778));
#1912=CARTESIAN_POINT('Ctrl Pts',(-4.88460398033697,-4.71193765654838,89.7034399546752));
#1913=CARTESIAN_POINT('Ctrl Pts',(-4.19093624298093,-5.00625413270615,89.6923726050397));
#1914=CARTESIAN_POINT('Ctrl Pts',(-3.66183376779456,-5.04765001639802,89.6757876504237));
#1915=CARTESIAN_POINT('Ctrl Pts',(-3.59491416858463,-5.05280853802675,89.6735777989286));
#1916=CARTESIAN_POINT('Ctrl Pts',(-3.03245415237309,-5.08935003939883,89.6533885785699));
#1917=CARTESIAN_POINT('Ctrl Pts',(-2.50456522724308,-5.09709382886531,89.6263294787473));
#1918=CARTESIAN_POINT('Ctrl Pts',(-2.12343774406436,-5.12815106396902,89.5936103210028));
#1919=CARTESIAN_POINT('Ctrl Pts',(-5.0334420121742,-1.62343774406436,90.090585595018));
#1920=CARTESIAN_POINT('Ctrl Pts',(-4.98560964250739,-1.91999118266647,90.1263039905477));
#1921=CARTESIAN_POINT('Ctrl Pts',(-4.97173782665114,-2.35594701779819,90.1549903636388));
#1922=CARTESIAN_POINT('Ctrl Pts',(-4.92733475209369,-2.81862246952142,90.1759365465499));
#1923=CARTESIAN_POINT('Ctrl Pts',(-4.9227611438386,-2.8653332747479,90.1778922120969));
#1924=CARTESIAN_POINT('Ctrl Pts',(-4.89681546813764,-3.10187920720173,90.1874207005913));
#1925=CARTESIAN_POINT('Ctrl Pts',(-4.79991778351342,-3.48500791523624,90.1990303893871));
#1926=CARTESIAN_POINT('Ctrl Pts',(-4.36821885641432,-4.13597886832038,90.2068715306059));
#1927=CARTESIAN_POINT('Ctrl Pts',(-3.79877684503853,-4.37669423417087,90.195271561237));
#1928=CARTESIAN_POINT('Ctrl Pts',(-3.36146691302505,-4.42308860963728,90.1778067764491));
#1929=CARTESIAN_POINT('Ctrl Pts',(-3.30656992075619,-4.4287911752481,90.1754864784079));
#1930=CARTESIAN_POINT('Ctrl Pts',(-2.84266116772138,-4.47239735087061,90.1541717915154));
#1931=CARTESIAN_POINT('Ctrl Pts',(-2.41580402660332,-4.48627666795055,90.125788841439));
#1932=CARTESIAN_POINT('Ctrl Pts',(-2.12343774406436,-4.5334420121742,90.090585595018));
#1933=CARTESIAN_POINT('Ctrl Pts',(-4.36877749044298,-1.62343774406436,90.489700827616));
#1934=CARTESIAN_POINT('Ctrl Pts',(-4.30902391168626,-1.83213781384986,90.5205222323798));
#1935=CARTESIAN_POINT('Ctrl Pts',(-4.29021542880361,-2.15636216494475,90.5448840793968));
#1936=CARTESIAN_POINT('Ctrl Pts',(-4.24369628735497,-2.51006775008035,90.5627441755985));
#1937=CARTESIAN_POINT('Ctrl Pts',(-4.23903399961438,-2.54553103203832,90.5644067476701));
#1938=CARTESIAN_POINT('Ctrl Pts',(-4.21315302179006,-2.72634740314602,90.572521350326));
#1939=CARTESIAN_POINT('Ctrl Pts',(-4.1347251015153,-3.01892049990948,90.5823972305504));
#1940=CARTESIAN_POINT('Ctrl Pts',(-3.80923920337927,-3.51119735110113,90.5890581699031));
#1941=CARTESIAN_POINT('Ctrl Pts',(-3.3775571941983,-3.6927051951371,90.579209660908));
#1942=CARTESIAN_POINT('Ctrl Pts',(-3.04262168913426,-3.73944940569454,90.5643379850004));
#1943=CARTESIAN_POINT('Ctrl Pts',(-3.00104228266087,-3.74514382488951,90.5623658220334));
#1944=CARTESIAN_POINT('Ctrl Pts',(-2.64645119709883,-3.79102800902806,90.5441867183886));
#1945=CARTESIAN_POINT('Ctrl Pts',(-2.32922913402201,-3.80984550997067,90.5200776670437));
#1946=CARTESIAN_POINT('Ctrl Pts',(-2.12343774406436,-3.86877749044298,90.489700827616));
#1947=CARTESIAN_POINT('Ctrl Pts',(-3.41150267494752,-1.62343774406436,90.8794849569784));
#1948=CARTESIAN_POINT('Ctrl Pts',(-3.35097602755843,-1.7232206882887,90.8946081474992));
#1949=CARTESIAN_POINT('Ctrl Pts',(-3.33095388267883,-1.89493565580484,90.9063589015786));
#1950=CARTESIAN_POINT('Ctrl Pts',(-3.29121723820155,-2.09412084226576,90.915011303979));
#1951=CARTESIAN_POINT('Ctrl Pts',(-3.28733733399396,-2.1137874293717,90.9158141706252));
#1952=CARTESIAN_POINT('Ctrl Pts',(-3.26621408313781,-2.21548579199078,90.9197399104325));
#1953=CARTESIAN_POINT('Ctrl Pts',(-3.21751234714123,-2.37972172980996,90.9245121888864));
#1954=CARTESIAN_POINT('Ctrl Pts',(-3.03991617300087,-2.65019299764581,90.9277260342042));
#1955=CARTESIAN_POINT('Ctrl Pts',(-2.80134818345677,-2.74902561682309,90.9229765711786));
#1956=CARTESIAN_POINT('Ctrl Pts',(-2.61228444328513,-2.78781752912575,90.9157831918006));
#1957=CARTESIAN_POINT('Ctrl Pts',(-2.58932474183853,-2.7924158452521,90.9148309249459));
#1958=CARTESIAN_POINT('Ctrl Pts',(-2.38968224873269,-2.83179910171569,90.9060214774837));
#1959=CARTESIAN_POINT('Ctrl Pts',(-2.2218665258987,-2.85179798709188,90.8943899678506));
#1960=CARTESIAN_POINT('Ctrl Pts',(-2.12343774406436,-2.91150267494752,90.8794849569784));
#1961=CARTESIAN_POINT('Ctrl Pts',(-2.63870492178969,-1.62343774406436,91.));
#1962=CARTESIAN_POINT('Ctrl Pts',(-2.60597955945416,-1.65617198704056,91.));
#1963=CARTESIAN_POINT('Ctrl Pts',(-2.59525927749977,-1.71935718282736,91.000000000001));
#1964=CARTESIAN_POINT('Ctrl Pts',(-2.57474931961746,-1.79852355997812,91.0000000000012));
#1965=CARTESIAN_POINT('Ctrl Pts',(-2.57276842677481,-1.80614251974132,91.0000000000012));
#1966=CARTESIAN_POINT('Ctrl Pts',(-2.5621653452089,-1.84655902109246,91.000000000001));
#1967=CARTESIAN_POINT('Ctrl Pts',(-2.54129889772892,-1.91138040646808,91.0000000000006));
#1968=CARTESIAN_POINT('Ctrl Pts',(-2.47351069385773,-2.01571169481679,91.0000000000001));
#1969=CARTESIAN_POINT('Ctrl Pts',(-2.38108520966964,-2.05362849794146,90.9999999999991));
#1970=CARTESIAN_POINT('Ctrl Pts',(-2.3055593905403,-2.07293443432098,90.9999999999986));
#1971=CARTESIAN_POINT('Ctrl Pts',(-2.29673619731078,-2.07531572313144,90.9999999999987));
#1972=CARTESIAN_POINT('Ctrl Pts',(-2.21740042881206,-2.09565376368533,90.9999999999989));
#1973=CARTESIAN_POINT('Ctrl Pts',(-2.15576057863716,-2.10642441431882,91.));
#1974=CARTESIAN_POINT('Ctrl Pts',(-2.12343774406436,-2.13870492178969,91.));
#1975=CARTESIAN_POINT('Ctrl Pts',(-2.12343774406436,-1.62343774406436,91.));
#1976=CARTESIAN_POINT('Ctrl Pts',(-2.12343774406436,-1.62343774406436,91.));
#1977=CARTESIAN_POINT('Ctrl Pts',(-2.12343774406439,-1.62343774406438,91.000000000001));
#1978=CARTESIAN_POINT('Ctrl Pts',(-2.12343774406439,-1.62343774406438,91.0000000000012));
#1979=CARTESIAN_POINT('Ctrl Pts',(-2.12343774406439,-1.62343774406438,91.0000000000012));
#1980=CARTESIAN_POINT('Ctrl Pts',(-2.12343774406438,-1.62343774406438,91.000000000001));
#1981=CARTESIAN_POINT('Ctrl Pts',(-2.12343774406437,-1.62343774406437,91.0000000000006));
#1982=CARTESIAN_POINT('Ctrl Pts',(-2.12343774406436,-1.62343774406436,91.0000000000001));
#1983=CARTESIAN_POINT('Ctrl Pts',(-2.12343774406434,-1.62343774406434,90.9999999999991));
#1984=CARTESIAN_POINT('Ctrl Pts',(-2.12343774406433,-1.62343774406434,90.9999999999986));
#1985=CARTESIAN_POINT('Ctrl Pts',(-2.12343774406433,-1.62343774406434,90.9999999999987));
#1986=CARTESIAN_POINT('Ctrl Pts',(-2.12343774406434,-1.62343774406434,90.9999999999989));
#1987=CARTESIAN_POINT('Ctrl Pts',(-2.12343774406436,-1.62343774406436,91.));
#1988=CARTESIAN_POINT('Ctrl Pts',(-2.12343774406436,-1.62343774406436,91.));
#1989=CARTESIAN_POINT('',(-7.12187597610498,-1.62343774406436,86.124960955801));
#1990=CARTESIAN_POINT('Ctrl Pts',(-7.12187597610498,-1.62343774406436,86.124960955801));
#1991=CARTESIAN_POINT('Ctrl Pts',(-7.0942809993815,-1.62343774406436,87.2287600247401));
#1992=CARTESIAN_POINT('Ctrl Pts',(-6.65974802891878,-1.62343774406436,88.3894484905493));
#1993=CARTESIAN_POINT('Ctrl Pts',(-5.89520354219335,-1.62343774406436,89.2815765434926));
#1994=CARTESIAN_POINT('Ctrl Pts',(-5.84774702261991,-1.62343774406436,89.3345790678785));
#1995=CARTESIAN_POINT('',(-2.12343774406436,-6.62187597610497,86.124960955801));
#1996=CARTESIAN_POINT('Ctrl Pts',(-7.12187597610498,-1.62343774406436,86.124960955801));
#1997=CARTESIAN_POINT('Ctrl Pts',(-7.12187597610498,-2.35669778944943,86.124960955801));
#1998=CARTESIAN_POINT('Ctrl Pts',(-7.12187970048643,-3.0898887007004,86.1249609558019));
#1999=CARTESIAN_POINT('Ctrl Pts',(-7.12188847708134,-3.90224880665352,86.1249609558021));
#2000=CARTESIAN_POINT('Ctrl Pts',(-7.12104743694148,-3.98134176209477,86.1249609558021));
#2001=CARTESIAN_POINT('Ctrl Pts',(-7.11241501012827,-4.39235691918983,86.124960955802));
#2002=CARTESIAN_POINT('Ctrl Pts',(-6.96964950716673,-5.05243950599883,86.1249609558015));
#2003=CARTESIAN_POINT('Ctrl Pts',(-6.2151696949087,-6.17794915534334,86.1249609558011));
#2004=CARTESIAN_POINT('Ctrl Pts',(-5.23556832925639,-6.60366378415941,86.1249609558001));
#2005=CARTESIAN_POINT('Ctrl Pts',(-4.47817558750323,-6.62098277249865,86.1249609557997));
#2006=CARTESIAN_POINT('Ctrl Pts',(-4.38492611965584,-6.62228082131029,86.1249609557997));
#2007=CARTESIAN_POINT('Ctrl Pts',(-3.56886725480076,-6.62208032179033,86.1249609558));
#2008=CARTESIAN_POINT('Ctrl Pts',(-2.84611911894263,-6.62187597610497,86.124960955801));
#2009=CARTESIAN_POINT('Ctrl Pts',(-2.12343774406436,-6.62187597610497,86.124960955801));
#2010=CARTESIAN_POINT('',(-2.12343774406436,-1.62343774406436,91.));
#2011=CARTESIAN_POINT('Origin',(-2.12343774406436,-1.62343774406436,86.));
#2012=CARTESIAN_POINT('Ctrl Pts',(-3.15144995607282,-1.62343774406436,90.8923247832618));
#2013=CARTESIAN_POINT('Ctrl Pts',(-2.81378240050285,-1.62343774406436,90.9635317907678));
#2014=CARTESIAN_POINT('Ctrl Pts',(-2.46877290340867,-1.62343774406436,91.));
#2015=CARTESIAN_POINT('Ctrl Pts',(-2.12343774406436,-1.62343774406436,91.));
#2016=CARTESIAN_POINT('Ctrl Pts',(-2.12343774406437,6.62187597610498,86.124960955801));
#2017=CARTESIAN_POINT('Ctrl Pts',(-2.84633927531878,6.62187597610498,86.124960955801));
#2018=CARTESIAN_POINT('Ctrl Pts',(-3.56917208367919,6.62187922321325,86.1249609558013));
#2019=CARTESIAN_POINT('Ctrl Pts',(-4.3850781827973,6.62188816878457,86.1249609558013));
#2020=CARTESIAN_POINT('Ctrl Pts',(-4.47807426826128,6.62072643945359,86.1249609558013));
#2021=CARTESIAN_POINT('Ctrl Pts',(-4.90284215759993,6.61023040700157,86.1249609558012));
#2022=CARTESIAN_POINT('Ctrl Pts',(-5.56226966549952,6.4650518561759,86.1249609558011));
#2023=CARTESIAN_POINT('Ctrl Pts',(-6.68491019972479,5.70646405976762,86.124960955801));
#2024=CARTESIAN_POINT('Ctrl Pts',(-7.10707881089691,4.72518911163519,86.1249609558007));
#2025=CARTESIAN_POINT('Ctrl Pts',(-7.12132988612498,3.98145045095252,86.1249609558006));
#2026=CARTESIAN_POINT('Ctrl Pts',(-7.12228774030226,3.90209790797242,86.1249609558006));
#2027=CARTESIAN_POINT('Ctrl Pts',(-7.12208828094816,3.08958634767108,86.1249609558007));
#2028=CARTESIAN_POINT('Ctrl Pts',(-7.12187597610498,2.35647763307328,86.124960955801));
#2029=CARTESIAN_POINT('Ctrl Pts',(-7.12187597610498,1.62343774406436,86.124960955801));
#2030=CARTESIAN_POINT('Ctrl Pts',(-2.12343774406437,6.5961206644964,87.1551734201442));
#2031=CARTESIAN_POINT('Ctrl Pts',(-2.80216292882079,6.5960848751107,87.1564779307091));
#2032=CARTESIAN_POINT('Ctrl Pts',(-3.56606800358287,6.59601066296619,87.159924189552));
#2033=CARTESIAN_POINT('Ctrl Pts',(-4.36939844486591,6.59595673900178,87.1620470588525));
#2034=CARTESIAN_POINT('Ctrl Pts',(-4.46391018837398,6.59506468345513,87.1623214826001));
#2035=CARTESIAN_POINT('Ctrl Pts',(-4.8843064308982,6.58663162913032,87.1633760246674));
#2036=CARTESIAN_POINT('Ctrl Pts',(-5.54011352120013,6.44697742368506,87.1646919520176));
#2037=CARTESIAN_POINT('Ctrl Pts',(-6.6683480831165,5.68959659579225,87.165648540379));
#2038=CARTESIAN_POINT('Ctrl Pts',(-7.08577297916876,4.70419950666137,87.1642179280025));
#2039=CARTESIAN_POINT('Ctrl Pts',(-7.09543508879132,3.96949367582895,87.1623516652186));
#2040=CARTESIAN_POINT('Ctrl Pts',(-7.09639296237134,3.88872307400356,87.1621238200639));
#2041=CARTESIAN_POINT('Ctrl Pts',(-7.0961700684217,3.08838864805699,87.1600063464841));
#2042=CARTESIAN_POINT('Ctrl Pts',(-7.09611088750309,2.31166209545993,87.1564964213551));
#2043=CARTESIAN_POINT('Ctrl Pts',(-7.0961206644964,1.62343774406436,87.1551734201442));
#2044=CARTESIAN_POINT('Ctrl Pts',(-2.12343774406437,6.15289868992257,88.4293438261548));
#2045=CARTESIAN_POINT('Ctrl Pts',(-2.67920739527033,6.15219972090179,88.4437645336114));
#2046=CARTESIAN_POINT('Ctrl Pts',(-3.38111088517617,6.1549548136712,88.4577357707516));
#2047=CARTESIAN_POINT('Ctrl Pts',(-4.11329757017157,6.13708229707988,88.4677672978173));
#2048=CARTESIAN_POINT('Ctrl Pts',(-4.200427385986,6.13419678230649,88.4688996932905));
#2049=CARTESIAN_POINT('Ctrl Pts',(-4.58555926299634,6.117150309145,88.4735891477095));
#2050=CARTESIAN_POINT('Ctrl Pts',(-5.18812364263181,5.9818485741145,88.4791823581538));
#2051=CARTESIAN_POINT('Ctrl Pts',(-6.22590339379371,5.28615868382576,88.4829917308161));
#2052=CARTESIAN_POINT('Ctrl Pts',(-6.61006843211743,4.37945486340796,88.4772190691444));
#2053=CARTESIAN_POINT('Ctrl Pts',(-6.63416215463097,3.70600089256305,88.4689598645822));
#2054=CARTESIAN_POINT('Ctrl Pts',(-6.6370730131704,3.63164869914676,88.4680040325285));
#2055=CARTESIAN_POINT('Ctrl Pts',(-6.65505265515089,2.90178252500829,88.4581092241034));
#2056=CARTESIAN_POINT('Ctrl Pts',(-6.65225171391894,2.18699374071478,88.443966974277));
#2057=CARTESIAN_POINT('Ctrl Pts',(-6.65289868992257,1.62343774406436,88.4293438261547));
#2058=CARTESIAN_POINT('Ctrl Pts',(-2.12343774406437,5.12815106397224,89.5936103210038));
#2059=CARTESIAN_POINT('Ctrl Pts',(-2.50464192721359,5.09705674177772,89.6263392504335));
#2060=CARTESIAN_POINT('Ctrl Pts',(-3.03286939374587,5.08921252932499,89.6534049695279));
#2061=CARTESIAN_POINT('Ctrl Pts',(-3.59528850515187,5.05231910312185,89.6735863572353));
#2062=CARTESIAN_POINT('Ctrl Pts',(-3.66215429658758,5.0475729144821,89.675790344235));
#2063=CARTESIAN_POINT('Ctrl Pts',(-3.95853369436604,5.02271419660435,89.6850932106557));
#2064=CARTESIAN_POINT('Ctrl Pts',(-4.42266570950061,4.91019569485973,89.6960637287402));
#2065=CARTESIAN_POINT('Ctrl Pts',(-5.21546097117131,4.38008443075372,89.7034073052996));
#2066=CARTESIAN_POINT('Ctrl Pts',(-5.50800649170712,3.68546805411924,89.6922415062885));
#2067=CARTESIAN_POINT('Ctrl Pts',(-5.54759639575587,3.16619909548777,89.6758733047047));
#2068=CARTESIAN_POINT('Ctrl Pts',(-5.55197318130187,3.10928555075988,89.6740054278866));
#2069=CARTESIAN_POINT('Ctrl Pts',(-5.58906840534836,2.54839530490168,89.6541491242889));
#2070=CARTESIAN_POINT('Ctrl Pts',(-5.59666775954673,2.00999316943838,89.6267984025961));
#2071=CARTESIAN_POINT('Ctrl Pts',(-5.62815106397223,1.62343774406436,89.5936103210038));
#2072=CARTESIAN_POINT('Ctrl Pts',(-2.12343774406436,4.53344201217771,90.0905855950191));
#2073=CARTESIAN_POINT('Ctrl Pts',(-2.4158395584013,4.48625145191402,90.1257994270917));
#2074=CARTESIAN_POINT('Ctrl Pts',(-2.84305390805003,4.47222686041385,90.1541889567975));
#2075=CARTESIAN_POINT('Ctrl Pts',(-3.30691779663883,4.42830446257267,90.1754954084778));
#2076=CARTESIAN_POINT('Ctrl Pts',(-3.36187009753784,4.42291705830694,90.1778090993234));
#2077=CARTESIAN_POINT('Ctrl Pts',(-3.60646320613969,4.39564680115958,90.1876071799288));
#2078=CARTESIAN_POINT('Ctrl Pts',(-3.98940962935749,4.29798211990138,90.1991392351661));
#2079=CARTESIAN_POINT('Ctrl Pts',(-4.63891698195073,3.86441778447964,90.2068353366381));
#2080=CARTESIAN_POINT('Ctrl Pts',(-4.87818204579741,3.294121964641,90.1951263741904));
#2081=CARTESIAN_POINT('Ctrl Pts',(-4.92296669016303,2.8649532227695,90.1778899873011));
#2082=CARTESIAN_POINT('Ctrl Pts',(-4.92781761676558,2.81826841314211,90.1759277150864));
#2083=CARTESIAN_POINT('Ctrl Pts',(-4.97192666091563,2.35555615677354,90.1549733611135));
#2084=CARTESIAN_POINT('Ctrl Pts',(-4.9856278659438,1.91995195108016,90.1262933867374));
#2085=CARTESIAN_POINT('Ctrl Pts',(-5.03344201217771,1.62343774406436,90.0905855950191));
#2086=CARTESIAN_POINT('Ctrl Pts',(-2.12343774406436,3.86877749044541,90.4897008276169));
#2087=CARTESIAN_POINT('Ctrl Pts',(-2.32922988556971,3.80983120609336,90.5200868395663));
#2088=CARTESIAN_POINT('Ctrl Pts',(-2.64679941523585,3.79084552407872,90.5442012819622));
#2089=CARTESIAN_POINT('Ctrl Pts',(-3.00134310059412,3.74469878357531,90.56237338038));
#2090=CARTESIAN_POINT('Ctrl Pts',(-3.04306403126521,3.73921886643567,90.5643396838861));
#2091=CARTESIAN_POINT('Ctrl Pts',(-3.23003378310029,3.71215975816958,90.5726838954057));
#2092=CARTESIAN_POINT('Ctrl Pts',(-3.52245111584137,3.63319546127683,90.5824927850158));
#2093=CARTESIAN_POINT('Ctrl Pts',(-4.01350438020677,3.30622520949712,90.5890263800896));
#2094=CARTESIAN_POINT('Ctrl Pts',(-4.1938981889038,2.87381229089068,90.5790822132751));
#2095=CARTESIAN_POINT('Ctrl Pts',(-4.23928920451392,2.54511532879425,90.5644051022589));
#2096=CARTESIAN_POINT('Ctrl Pts',(-4.24413933804635,2.50975931794765,90.5627366887443));
#2097=CARTESIAN_POINT('Ctrl Pts',(-4.29041285041728,2.15601703960264,90.5448696368201));
#2098=CARTESIAN_POINT('Ctrl Pts',(-4.30903303911759,1.83213241288274,90.5205130491896));
#2099=CARTESIAN_POINT('Ctrl Pts',(-4.36877749044541,1.62343774406436,90.4897008276169));
#2100=CARTESIAN_POINT('Ctrl Pts',(-2.12343774406436,2.91150267494985,90.8794849569794));
#2101=CARTESIAN_POINT('Ctrl Pts',(-2.22184323505138,2.85180091036215,90.8943945074832));
#2102=CARTESIAN_POINT('Ctrl Pts',(-2.38991113777122,2.83160608624814,90.9060283981498));
#2103=CARTESIAN_POINT('Ctrl Pts',(-2.58951022300456,2.79206223949529,90.9148344752355));
#2104=CARTESIAN_POINT('Ctrl Pts',(-2.61264624991404,2.78751013623488,90.9157836793512));
#2105=CARTESIAN_POINT('Ctrl Pts',(-2.71780607957735,2.76553984029893,90.9198205138256));
#2106=CARTESIAN_POINT('Ctrl Pts',(-2.88192780763529,2.71657962972009,90.9245599168921));
#2107=CARTESIAN_POINT('Ctrl Pts',(-3.15158550894096,2.53807028292229,90.9277101497455));
#2108=CARTESIAN_POINT('Ctrl Pts',(-3.24976798685857,2.29899430491156,90.9229128959703));
#2109=CARTESIAN_POINT('Ctrl Pts',(-3.28765426690829,2.11344973901893,90.9158136909918));
#2110=CARTESIAN_POINT('Ctrl Pts',(-3.29157270748605,2.09392852968527,90.9150077873736));
#2111=CARTESIAN_POINT('Ctrl Pts',(-3.3311549269105,1.89470994948862,90.9063520287519));
#2112=CARTESIAN_POINT('Ctrl Pts',(-3.3509717109267,1.7232397176162,90.8946036077321));
#2113=CARTESIAN_POINT('Ctrl Pts',(-3.41150267494984,1.62343774406436,90.8794849569794));
#2114=CARTESIAN_POINT('Ctrl Pts',(-2.12343774406436,2.13870492178969,91.));
#2115=CARTESIAN_POINT('Ctrl Pts',(-2.15573194124341,2.10642141145509,91.));
#2116=CARTESIAN_POINT('Ctrl Pts',(-2.21754081855548,2.09560023973992,91.0000000000002));
#2117=CARTESIAN_POINT('Ctrl Pts',(-2.29685191433928,2.07518156158598,91.0000000000003));
#2118=CARTESIAN_POINT('Ctrl Pts',(-2.30581615569937,2.07285968116558,91.0000000000003));
#2119=CARTESIAN_POINT('Ctrl Pts',(-2.34760361448234,2.06185010549925,91.0000000000002));
#2120=CARTESIAN_POINT('Ctrl Pts',(-2.41236989252979,2.04089286953491,91.0000000000001));
#2121=CARTESIAN_POINT('Ctrl Pts',(-2.51631374930681,1.97269467552886,91.));
#2122=CARTESIAN_POINT('Ctrl Pts',(-2.55395974065966,1.88002672464187,90.9999999999997));
#2123=CARTESIAN_POINT('Ctrl Pts',(-2.57284953416087,1.80590100184943,90.9999999999995));
#2124=CARTESIAN_POINT('Ctrl Pts',(-2.57488218764445,1.79840267557422,90.9999999999995));
#2125=CARTESIAN_POINT('Ctrl Pts',(-2.59531790630582,1.7192196877141,90.9999999999997));
#2126=CARTESIAN_POINT('Ctrl Pts',(-2.60598043318065,1.65619740788564,91.));
#2127=CARTESIAN_POINT('Ctrl Pts',(-2.63870492178969,1.62343774406436,91.));
#2128=CARTESIAN_POINT('Ctrl Pts',(-2.12343774406436,1.62343774406436,91.));
#2129=CARTESIAN_POINT('Ctrl Pts',(-2.12343774406436,1.62343774406436,91.));
#2130=CARTESIAN_POINT('Ctrl Pts',(-2.12343774406437,1.62343774406437,91.0000000000002));
#2131=CARTESIAN_POINT('Ctrl Pts',(-2.12343774406437,1.62343774406437,91.0000000000003));
#2132=CARTESIAN_POINT('Ctrl Pts',(-2.12343774406437,1.62343774406437,91.0000000000003));
#2133=CARTESIAN_POINT('Ctrl Pts',(-2.12343774406437,1.62343774406437,91.0000000000002));
#2134=CARTESIAN_POINT('Ctrl Pts',(-2.12343774406436,1.62343774406437,91.0000000000001));
#2135=CARTESIAN_POINT('Ctrl Pts',(-2.12343774406436,1.62343774406436,91.));
#2136=CARTESIAN_POINT('Ctrl Pts',(-2.12343774406435,1.62343774406436,90.9999999999997));
#2137=CARTESIAN_POINT('Ctrl Pts',(-2.12343774406435,1.62343774406436,90.9999999999995));
#2138=CARTESIAN_POINT('Ctrl Pts',(-2.12343774406435,1.62343774406436,90.9999999999995));
#2139=CARTESIAN_POINT('Ctrl Pts',(-2.12343774406435,1.62343774406436,90.9999999999997));
#2140=CARTESIAN_POINT('Ctrl Pts',(-2.12343774406436,1.62343774406436,91.));
#2141=CARTESIAN_POINT('Ctrl Pts',(-2.12343774406436,1.62343774406436,91.));
#2142=CARTESIAN_POINT('',(-2.12343774406436,1.62343774406436,91.));
#2143=CARTESIAN_POINT('Ctrl Pts',(-2.12343774406436,1.62343774406436,91.));
#2144=CARTESIAN_POINT('Ctrl Pts',(-2.46877290340866,1.62343774406436,91.));
#2145=CARTESIAN_POINT('Ctrl Pts',(-2.81378240050284,1.62343774406436,90.9635317907678));
#2146=CARTESIAN_POINT('Ctrl Pts',(-3.1514499560728,1.62343774406436,90.8923247832618));
#2147=CARTESIAN_POINT('',(-2.12343774406437,6.62187597610498,86.124960955801));
#2148=CARTESIAN_POINT('Origin',(-2.12343774406436,1.62343774406436,86.));
#2149=CARTESIAN_POINT('',(-7.12187597610498,1.62343774406436,86.124960955801));
#2150=CARTESIAN_POINT('Ctrl Pts',(-2.12343774406437,6.62187597610498,86.124960955801));
#2151=CARTESIAN_POINT('Ctrl Pts',(-2.84633927531878,6.62187597610498,86.124960955801));
#2152=CARTESIAN_POINT('Ctrl Pts',(-3.56917208367919,6.62187922321325,86.1249609558013));
#2153=CARTESIAN_POINT('Ctrl Pts',(-4.3850781827973,6.62188816878457,86.1249609558013));
#2154=CARTESIAN_POINT('Ctrl Pts',(-4.47807426826128,6.62072643945359,86.1249609558013));
#2155=CARTESIAN_POINT('Ctrl Pts',(-4.90284215759993,6.61023040700157,86.1249609558012));
#2156=CARTESIAN_POINT('Ctrl Pts',(-5.56226966549952,6.4650518561759,86.1249609558011));
#2157=CARTESIAN_POINT('Ctrl Pts',(-6.68491019972479,5.70646405976762,86.124960955801));
#2158=CARTESIAN_POINT('Ctrl Pts',(-7.10707881089691,4.72518911163519,86.1249609558007));
#2159=CARTESIAN_POINT('Ctrl Pts',(-7.12132988612498,3.98145045095252,86.1249609558006));
#2160=CARTESIAN_POINT('Ctrl Pts',(-7.12228774030226,3.90209790797242,86.1249609558006));
#2161=CARTESIAN_POINT('Ctrl Pts',(-7.12208828094816,3.08958634767108,86.1249609558007));
#2162=CARTESIAN_POINT('Ctrl Pts',(-7.12187597610498,2.35647763307328,86.124960955801));
#2163=CARTESIAN_POINT('Ctrl Pts',(-7.12187597610498,1.62343774406436,86.124960955801));
#2164=CARTESIAN_POINT('Ctrl Pts',(-5.84774702261991,1.62343774406436,89.3345790678785));
#2165=CARTESIAN_POINT('Ctrl Pts',(-5.89520354219335,1.62343774406436,89.2815765434926));
#2166=CARTESIAN_POINT('Ctrl Pts',(-6.65974802891877,1.62343774406436,88.3894484905493));
#2167=CARTESIAN_POINT('Ctrl Pts',(-7.0942809993815,1.62343774406436,87.2287600247401));
#2168=CARTESIAN_POINT('Ctrl Pts',(-7.12187597610498,1.62343774406436,86.124960955801));
#2169=CARTESIAN_POINT('Origin',(3.99978945878539,-0.00107858580120609,91.));
#2170=CARTESIAN_POINT('',(5.2497874764338,-0.00243374643584417,89.9009831978494));
#2171=CARTESIAN_POINT('',(5.24978945878539,-0.00107858580120594,77.2282833209277));
#2172=CARTESIAN_POINT('',(5.24978945878539,-0.00107858580120625,91.));
#2173=CARTESIAN_POINT('Origin',(3.99978945878539,-0.00107858580120609,75.9782833209277));
#2174=CARTESIAN_POINT('',(2.74980906902528,-0.00808038665490362,90.960047679479));
#2175=CARTESIAN_POINT('Ctrl Pts',(2.74980906902529,-0.00808038665490354,
90.960047679479));
#2176=CARTESIAN_POINT('Ctrl Pts',(2.74953605794726,0.040658287989469,90.9596278384102));
#2177=CARTESIAN_POINT('Ctrl Pts',(2.7521145158946,0.089399333157631,90.9586625972251));
#2178=CARTESIAN_POINT('Ctrl Pts',(2.77554687394217,0.298890164784443,90.9519625865514));
#2179=CARTESIAN_POINT('Ctrl Pts',(2.82468341090701,0.454444528265938,90.9405865343839));
#2180=CARTESIAN_POINT('Ctrl Pts',(2.9546456831124,0.693591656039293,90.9055041730265));
#2181=CARTESIAN_POINT('Ctrl Pts',(3.02019592438053,0.783105944350053,90.8868156857302));
#2182=CARTESIAN_POINT('Ctrl Pts',(3.16685132153221,0.936590965824014,90.8411084134694));
#2183=CARTESIAN_POINT('Ctrl Pts',(3.24576219112337,1.00094224718273,90.8149959265598));
#2184=CARTESIAN_POINT('Ctrl Pts',(3.43905391014438,1.12344057029324,90.7466856505629));
#2185=CARTESIAN_POINT('Ctrl Pts',(3.55577589879223,1.17405548303163,90.7025288657418));
#2186=CARTESIAN_POINT('Ctrl Pts',(3.85038448284648,1.25296648769944,90.5837615988288));
#2187=CARTESIAN_POINT('Ctrl Pts',(4.03010542936152,1.26086359359513,90.5052250307634));
#2188=CARTESIAN_POINT('Ctrl Pts',(4.37248308004824,1.20428643908746,90.3461247707525));
#2189=CARTESIAN_POINT('Ctrl Pts',(4.53468540537421,1.14184582946134,90.2660613850613));
#2190=CARTESIAN_POINT('Ctrl Pts',(4.80582792402386,0.966069859227565,90.1275036048981));
#2191=CARTESIAN_POINT('Ctrl Pts',(4.91853863370677,0.860707394285684,90.0678200461954));
#2192=CARTESIAN_POINT('Ctrl Pts',(5.09114336999278,0.623683137902282,89.9762427590089));
#2193=CARTESIAN_POINT('Ctrl Pts',(5.15463074518202,0.498032644464788,89.9425385512961));
#2194=CARTESIAN_POINT('Ctrl Pts',(5.2315658659827,0.244420833670153,89.9044861122786));
#2195=CARTESIAN_POINT('Ctrl Pts',(5.24978945869511,0.122258177792842,89.8972119062699));
#2196=CARTESIAN_POINT('Ctrl Pts',(5.24978945878539,-0.00107858488620001,
89.900941029423));
#2197=CARTESIAN_POINT('Ctrl Pts',(5.24978435304002,-0.00465130708115451,
89.9010521050862));
#2198=CARTESIAN_POINT('Ctrl Pts',(5.24954873399673,-0.0870877968116478,
89.8989831329213));
#2199=CARTESIAN_POINT('Ctrl Pts',(5.2411651793565,-0.169195854139971,89.9018038857583));
#2200=CARTESIAN_POINT('Ctrl Pts',(5.20332171529226,-0.35552678136403,89.919366028162));
#2201=CARTESIAN_POINT('Ctrl Pts',(5.16855156329401,-0.456730650036958,89.9373396641958));
#2202=CARTESIAN_POINT('Ctrl Pts',(5.05117870793855,-0.696089330740885,89.999512795811));
#2203=CARTESIAN_POINT('Ctrl Pts',(4.9545497519489,-0.822533308680625,90.0516793130738));
#2204=CARTESIAN_POINT('Ctrl Pts',(4.70708913247381,-1.04729665175228,90.1815719109588));
#2205=CARTESIAN_POINT('Ctrl Pts',(4.55115157894252,-1.1365730623898,90.2613501195253));
#2206=CARTESIAN_POINT('Ctrl Pts',(4.22141348896086,-1.24308595789696,90.4206427283783));
#2207=CARTESIAN_POINT('Ctrl Pts',(4.048669889584,-1.26205977284253,90.4998783210151));
#2208=CARTESIAN_POINT('Ctrl Pts',(3.73029021595863,-1.23048222891467,90.6357744244771));
#2209=CARTESIAN_POINT('Ctrl Pts',(3.58567286968035,-1.19015296760388,90.6935445340539));
#2210=CARTESIAN_POINT('Ctrl Pts',(3.3552646737765,-1.07726262648837,90.7788203155128));
#2211=CARTESIAN_POINT('Ctrl Pts',(3.26591703061037,-1.01868545946707,90.8098485665389));
#2212=CARTESIAN_POINT('Ctrl Pts',(3.10708935741818,-0.88196983515856,90.8616737917893));
#2213=CARTESIAN_POINT('Ctrl Pts',(3.0376880313793,-0.805804862212863,90.8826418813843));
#2214=CARTESIAN_POINT('Ctrl Pts',(2.90343777662802,-0.615310938987341,90.92083488533));
#2215=CARTESIAN_POINT('Ctrl Pts',(2.84537710701838,-0.498009225558965,90.9354665870653));
#2216=CARTESIAN_POINT('Ctrl Pts',(2.7695959396112,-0.254950038400451,90.9542274519757));
#2217=CARTESIAN_POINT('Ctrl Pts',(2.75050215691765,-0.131812308188953,90.9588463334009));
#2218=CARTESIAN_POINT('Ctrl Pts',(2.74980906902529,-0.00808038665490372,
90.960047679479));
#2219=CARTESIAN_POINT('Ctrl Pts',(-0.256126568813391,-6.60313731135823,
86.124959849323));
#2220=CARTESIAN_POINT('Ctrl Pts',(1.32241792513046,-6.74020910007422,86.1249598007658));
#2221=CARTESIAN_POINT('Ctrl Pts',(4.02555069996257,-6.00486648666818,86.1249597171674));
#2222=CARTESIAN_POINT('Ctrl Pts',(6.54139645872515,-3.15316683006357,86.1249595939195));
#2223=CARTESIAN_POINT('Ctrl Pts',(7.09576365352336,-1.05798214814571,86.124959520648));
#2224=CARTESIAN_POINT('Ctrl Pts',(7.12149391420891,-0.00198220877818706,
86.1249594833045));
#2225=CARTESIAN_POINT('Ctrl Pts',(-0.254535111303119,-6.58480978724806,
86.8608260047337));
#2226=CARTESIAN_POINT('Ctrl Pts',(1.31991015799329,-6.72152562978833,86.8608259609818));
#2227=CARTESIAN_POINT('Ctrl Pts',(4.01553023269978,-5.98851036827373,86.8608258856471));
#2228=CARTESIAN_POINT('Ctrl Pts',(6.52480740148244,-3.1442551275817,86.8608257745953));
#2229=CARTESIAN_POINT('Ctrl Pts',(7.07743948581231,-1.05479178497099,86.860825708569));
#2230=CARTESIAN_POINT('Ctrl Pts',(7.10310293480433,-0.00153409826271532,
86.8608256749211));
#2231=CARTESIAN_POINT('Ctrl Pts',(-0.222701599702553,-6.2182090783977,88.3213531057345));
#2232=CARTESIAN_POINT('Ctrl Pts',(1.26622138832006,-6.34749866429648,88.3213530746595));
#2233=CARTESIAN_POINT('Ctrl Pts',(3.81539113573507,-5.65432292104639,88.3213530209687));
#2234=CARTESIAN_POINT('Ctrl Pts',(6.18836499310134,-2.96456689986371,88.3213529420789));
#2235=CARTESIAN_POINT('Ctrl Pts',(6.71096251511489,-0.988616433618544,88.3213528950668));
#2236=CARTESIAN_POINT('Ctrl Pts',(6.73523195943306,0.00742936413774925,
88.3213528711682));
#2237=CARTESIAN_POINT('Ctrl Pts',(-0.0778753189626078,-4.55036238131887,
90.3653488792488));
#2238=CARTESIAN_POINT('Ctrl Pts',(1.02186064725608,-4.64585718951517,90.3653488709708));
#2239=CARTESIAN_POINT('Ctrl Pts',(2.90486882775326,-4.13373261108036,90.3653488567079));
#2240=CARTESIAN_POINT('Ctrl Pts',(4.6575867005652,-2.14703454526719,90.3653488356958));
#2241=CARTESIAN_POINT('Ctrl Pts',(5.0436801651973,-0.687482516513027,90.3653488231975));
#2242=CARTESIAN_POINT('Ctrl Pts',(5.06160586462812,0.0482085654815911,90.3653488168313));
#2243=CARTESIAN_POINT('Ctrl Pts',(0.0807639669225437,-2.72344251816507,
91.));
#2244=CARTESIAN_POINT('Ctrl Pts',(0.754570676328745,-2.78195205116055,91.000000000138));
#2245=CARTESIAN_POINT('Ctrl Pts',(1.9074723523315,-2.46886434816588,90.9999999997687));
#2246=CARTESIAN_POINT('Ctrl Pts',(2.98130166483915,-1.25168169603482,91.0000000000704));
#2247=CARTESIAN_POINT('Ctrl Pts',(3.21737225035246,-0.357879732079819,90.9999999998939));
#2248=CARTESIAN_POINT('Ctrl Pts',(3.22835529748806,0.092877141230483,91.));
#2249=CARTESIAN_POINT('Ctrl Pts',(0.176282098479967,-1.62343774406436,91.));
#2250=CARTESIAN_POINT('Ctrl Pts',(0.59313873482989,-1.65963519335635,91.));
#2251=CARTESIAN_POINT('Ctrl Pts',(1.30697276634655,-1.46544842610036,91.));
#2252=CARTESIAN_POINT('Ctrl Pts',(1.97134862908787,-0.712381411978728,91.));
#2253=CARTESIAN_POINT('Ctrl Pts',(2.11774399166103,-0.159092303631541,91.));
#2254=CARTESIAN_POINT('Ctrl Pts',(2.12453874922137,0.119772489843985,91.));
#2255=CARTESIAN_POINT('',(2.11677421578544,-0.00885568565909215,91.));
#2256=CARTESIAN_POINT('Ctrl Pts',(2.11677421578544,-0.00885568565909196,
91.));
#2257=CARTESIAN_POINT('Ctrl Pts',(2.12334076491102,-0.00884817572769822,
91.));
#2258=CARTESIAN_POINT('Ctrl Pts',(2.12990730258483,-0.00884064345997519,
90.9999871863564));
#2259=CARTESIAN_POINT('Ctrl Pts',(2.34206241299949,-0.00859658802358501,
90.9991590774603));
#2260=CARTESIAN_POINT('Ctrl Pts',(2.54686004475679,-0.00834113732625556,
90.9857915236096));
#2261=CARTESIAN_POINT('Ctrl Pts',(2.74980906902527,-0.0080803866549035,
90.960047679479));
#2262=CARTESIAN_POINT('',(0.176282098479968,-1.62343774406436,91.));
#2263=CARTESIAN_POINT('Ctrl Pts',(2.11670004393467,-0.00884852231058297,
91.));
#2264=CARTESIAN_POINT('Ctrl Pts',(2.09380677919925,-0.243600866017091,91.));
#2265=CARTESIAN_POINT('Ctrl Pts',(1.94210523565539,-0.745528665227994,91.));
#2266=CARTESIAN_POINT('Ctrl Pts',(1.30697276634655,-1.46544842610036,91.));
#2267=CARTESIAN_POINT('Ctrl Pts',(0.59313873482989,-1.65963519335635,91.));
#2268=CARTESIAN_POINT('Ctrl Pts',(0.176282098479967,-1.62343774406436,91.));
#2269=CARTESIAN_POINT('',(0.0292935523546045,-6.62187600398652,86.1249598405394));
#2270=CARTESIAN_POINT('Ctrl Pts',(0.176282098479967,-1.62343774406436,91.));
#2271=CARTESIAN_POINT('Ctrl Pts',(0.175863806240969,-1.63309013525904,91.));
#2272=CARTESIAN_POINT('Ctrl Pts',(0.175447203002108,-1.64274257988238,90.9999720493974));
#2273=CARTESIAN_POINT('Ctrl Pts',(0.149936377867187,-2.23616484364406,90.9965352212052));
#2274=CARTESIAN_POINT('Ctrl Pts',(0.13047956437361,-2.81511379224893,90.8909264692076));
#2275=CARTESIAN_POINT('Ctrl Pts',(0.0947420992792575,-3.97304980001083,
90.4612782193286));
#2276=CARTESIAN_POINT('Ctrl Pts',(0.0797362755401443,-4.53334500610242,
90.117806041828));
#2277=CARTESIAN_POINT('Ctrl Pts',(0.0553439116243483,-5.49069260379583,
89.23542954562));
#2278=CARTESIAN_POINT('Ctrl Pts',(0.0462425626884904,-5.87862445960355,
88.7050241813562));
#2279=CARTESIAN_POINT('Ctrl Pts',(0.033540952349934,-6.42935948252107,87.5253792971918));
#2280=CARTESIAN_POINT('Ctrl Pts',(0.0300717061421309,-6.5869191090588,86.8874440887126));
#2281=CARTESIAN_POINT('Ctrl Pts',(0.0293445819533993,-6.61958303800465,
86.1998378124158));
#2282=CARTESIAN_POINT('Ctrl Pts',(0.0293143851876055,-6.62093986905059,
86.1624052379764));
#2283=CARTESIAN_POINT('Ctrl Pts',(0.0292935529722641,-6.62187597610497,
86.124960955801));
#2284=CARTESIAN_POINT('',(7.12149391408519,-0.00198220877517121,86.124959488255));
#2285=CARTESIAN_POINT('Ctrl Pts',(0.0293042133133739,-6.62162738564717,
86.1249598405376));
#2286=CARTESIAN_POINT('Ctrl Pts',(1.51647979516426,-6.6853987054667,86.1249597947218));
#2287=CARTESIAN_POINT('Ctrl Pts',(4.09044932741472,-5.93130418938712,86.1249597139881));
#2288=CARTESIAN_POINT('Ctrl Pts',(6.54139645872515,-3.15316683006357,86.1249595939195));
#2289=CARTESIAN_POINT('Ctrl Pts',(7.09576365352336,-1.05798214814571,86.124959520648));
#2290=CARTESIAN_POINT('Ctrl Pts',(7.12149391420891,-0.00198220877818706,
86.1249594833045));
#2291=CARTESIAN_POINT('Ctrl Pts',(5.2497843916362,-0.00465130614840186,
89.9010520741862));
#2292=CARTESIAN_POINT('Ctrl Pts',(5.36857109332804,-0.00448327889079523,
89.8058775420429));
#2293=CARTESIAN_POINT('Ctrl Pts',(5.48315108390104,-0.00432084737045178,
89.7051677545534));
#2294=CARTESIAN_POINT('Ctrl Pts',(6.06182871656866,-0.00349924712115418,
89.1474516108246));
#2295=CARTESIAN_POINT('Ctrl Pts',(6.43782047036603,-0.0029614410419144,
88.6085145408407));
#2296=CARTESIAN_POINT('Ctrl Pts',(6.9620134005778,-0.00221113404625379,
87.4168928016186));
#2297=CARTESIAN_POINT('Ctrl Pts',(7.10522199747547,-0.00200554844867077,
86.7756279342104));
#2298=CARTESIAN_POINT('Ctrl Pts',(7.12149391408519,-0.0019822087751771,
86.124959488255));
#2299=CARTESIAN_POINT('Origin',(-0.97849416602732,-0.000953011937136414,
72.));
#2300=CARTESIAN_POINT('',(0.0215056819882892,-6.97501378334045,71.9994486663819));
#2301=CARTESIAN_POINT('',(-0.97849416602732,-7.,71.));
#2302=CARTESIAN_POINT('Ctrl Pts',(0.0215056819882902,-6.97501378334045,
71.9994486663819));
#2303=CARTESIAN_POINT('Ctrl Pts',(0.0214548365125614,-6.97730863377287,
71.9076546490903));
#2304=CARTESIAN_POINT('Ctrl Pts',(0.00876456956943858,-6.97959676715764,
71.8161280085541));
#2305=CARTESIAN_POINT('Ctrl Pts',(-0.016343765388104,-6.98181311517809,
71.7274808977115));
#2306=CARTESIAN_POINT('Ctrl Pts',(-0.049748553659657,-6.98476180279455,
71.6095424532232));
#2307=CARTESIAN_POINT('Ctrl Pts',(-0.104556746076487,-6.98753245127304,
71.4987398861199));
#2308=CARTESIAN_POINT('Ctrl Pts',(-0.17803411837806,-6.98998805142818,71.4006128094081));
#2309=CARTESIAN_POINT('Ctrl Pts',(-0.25156411152628,-6.99244541016224,71.302415458955));
#2310=CARTESIAN_POINT('Ctrl Pts',(-0.342492088526588,-6.99454400174568,
71.2186442894524));
#2311=CARTESIAN_POINT('Ctrl Pts',(-0.446214142271518,-6.99618195803848,
71.1534289059075));
#2312=CARTESIAN_POINT('Ctrl Pts',(-0.454602089098453,-6.99631441868492,
71.1481549728361));
#2313=CARTESIAN_POINT('Ctrl Pts',(-0.463073679361664,-6.9964438665095,71.1430023921947));
#2314=CARTESIAN_POINT('Ctrl Pts',(-0.471626463437492,-6.99657024743905,
71.1379733480312));
#2315=CARTESIAN_POINT('Ctrl Pts',(-0.556424118116638,-6.99782326707892,
71.0881122564197));
#2316=CARTESIAN_POINT('Ctrl Pts',(-0.64811906182673,-6.99875878435059,71.0510342066169));
#2317=CARTESIAN_POINT('Ctrl Pts',(-0.743745647610199,-6.99934683742498,
71.0279412034607));
#2318=CARTESIAN_POINT('Ctrl Pts',(-0.820608566975191,-6.99981950384581,
71.0093794653735));
#2319=CARTESIAN_POINT('Ctrl Pts',(-0.899402871839072,-7.00006393142089,
71.0000000000001));
#2320=CARTESIAN_POINT('Ctrl Pts',(-0.978475990749458,-7.00007493603751,
71.0000000000003));
#2321=CARTESIAN_POINT('',(-0.978494166027321,7.,71.));
#2322=CARTESIAN_POINT('',(-0.97849416602732,-0.000953011937136414,71.));
#2323=CARTESIAN_POINT('',(0.0199474822881874,6.97639514222147,71.9441943111411));
#2324=CARTESIAN_POINT('Ctrl Pts',(-0.978476011412943,7.00007475755573,71.0000000000001));
#2325=CARTESIAN_POINT('Ctrl Pts',(-0.937983514798632,7.00006912649136,71.0000000081655));
#2326=CARTESIAN_POINT('Ctrl Pts',(-0.897494752655238,7.00000227141422,71.002459630991));
#2327=CARTESIAN_POINT('Ctrl Pts',(-0.857234352044817,6.99987427143209,71.007377455024));
#2328=CARTESIAN_POINT('Ctrl Pts',(-0.771523175055762,6.99960176969449,71.0178471095655));
#2329=CARTESIAN_POINT('Ctrl Pts',(-0.687529293335186,6.99905432940217,71.0393747754643));
#2330=CARTESIAN_POINT('Ctrl Pts',(-0.607350633677764,6.9982455648148,71.0714214677086));
#2331=CARTESIAN_POINT('Ctrl Pts',(-0.500328964782931,6.99716603397389,71.114197070359));
#2332=CARTESIAN_POINT('Ctrl Pts',(-0.401508154301818,6.99563509086737,71.1751530248906));
#2333=CARTESIAN_POINT('Ctrl Pts',(-0.315258233929724,6.99371958489585,71.2515876282377));
#2334=CARTESIAN_POINT('Ctrl Pts',(-0.222818182636422,6.99166660363516,71.3335079201464));
#2335=CARTESIAN_POINT('Ctrl Pts',(-0.146407794174117,6.98920713317976,71.4317989776628));
#2336=CARTESIAN_POINT('Ctrl Pts',(-0.0898373908087383,6.98646539133395,
71.5414264915167));
#2337=CARTESIAN_POINT('Ctrl Pts',(-0.0860811177241099,6.98628333975772,
71.5487057551445));
#2338=CARTESIAN_POINT('Ctrl Pts',(-0.082412299331347,6.98610004370559,71.5560350007096));
#2339=CARTESIAN_POINT('Ctrl Pts',(-0.078832043185411,6.98591553958139,71.563412754395));
#2340=CARTESIAN_POINT('Ctrl Pts',(-0.0210183353596263,6.9829361808164,71.6825481677833));
#2341=CARTESIAN_POINT('Ctrl Pts',(0.0125579713172731,6.97970036245705,71.8119856546196));
#2342=CARTESIAN_POINT('Ctrl Pts',(0.0199474822881922,6.97639514222147,71.9441943111412));
#2343=CARTESIAN_POINT('',(0.0215056819882893,6.97507530973831,71.9994486663819));
#2344=CARTESIAN_POINT('Ctrl Pts',(0.0199474822881874,6.97639514222147,71.9441943111411));
#2345=CARTESIAN_POINT('Ctrl Pts',(0.020976143895592,6.97597613199236,71.9625985027542));
#2346=CARTESIAN_POINT('Ctrl Pts',(0.0214955236818414,6.97553590298023,71.9810236972327));
#2347=CARTESIAN_POINT('Ctrl Pts',(0.0215056819882891,6.97507530973831,71.9994486663819));
#2348=CARTESIAN_POINT('',(0.0215056819882894,-0.000953011937136414,71.9994486663819));
#2349=CARTESIAN_POINT('Origin',(0.0209546522552338,0.,71.));
#2350=CARTESIAN_POINT('',(0.0215059858732998,6.97506153112443,71.9999998480156));
#2351=CARTESIAN_POINT('Ctrl Pts',(0.0215059858732998,6.97506153112443,71.9999998480156));
#2352=CARTESIAN_POINT('Ctrl Pts',(0.0215058845782963,6.97506612399573,71.9998161208044));
#2353=CARTESIAN_POINT('Ctrl Pts',(0.0215057832832928,6.97507071686702,71.9996323935932));
#2354=CARTESIAN_POINT('Ctrl Pts',(0.0215056819882893,6.97507530973831,71.9994486663819));
#2355=CARTESIAN_POINT('',(0.0215059858732998,-6.97500000379961,71.9999998480156));
#2356=CARTESIAN_POINT('',(0.0215059858732998,0.,71.9999998480156));
#2357=CARTESIAN_POINT('',(0.0319813262924359,-6.5,91.));
#2358=CARTESIAN_POINT('Ctrl Pts',(7.1214938773848,-0.00198220882784005,
86.124960955801));
#2359=CARTESIAN_POINT('Ctrl Pts',(7.23970474648425,-0.0018125618940607,
81.3980387409144));
#2360=CARTESIAN_POINT('Ctrl Pts',(7.3579156155837,-0.00164291496028135,
76.6711165260277));
#2361=CARTESIAN_POINT('Ctrl Pts',(7.47612648468315,-0.001473268026502,71.9441943111411));
#2362=CARTESIAN_POINT('Ctrl Pts',(7.09348599427202,1.02634347514574,86.124960955801));
#2363=CARTESIAN_POINT('Ctrl Pts',(7.21169030102338,1.04442685089022,81.3980387409144));
#2364=CARTESIAN_POINT('Ctrl Pts',(7.32983307832855,1.06246510507902,76.6711165260278));
#2365=CARTESIAN_POINT('Ctrl Pts',(7.44803738507991,1.0805484808235,71.9441943111411));
#2366=CARTESIAN_POINT('Ctrl Pts',(6.56242935045971,3.06459670457817,86.124960955801));
#2367=CARTESIAN_POINT('Ctrl Pts',(6.67228434018859,3.11841114597208,81.3980387409144));
#2368=CARTESIAN_POINT('Ctrl Pts',(6.7820715833783,3.172051844784,76.6711165260277));
#2369=CARTESIAN_POINT('Ctrl Pts',(6.89192657310718,3.22586628617791,71.9441943111411));
#2370=CARTESIAN_POINT('Ctrl Pts',(4.16657028446354,5.88238608901098,86.124960955801));
#2371=CARTESIAN_POINT('Ctrl Pts',(4.23588343031425,5.98614176131289,81.3980387409143));
#2372=CARTESIAN_POINT('Ctrl Pts',(4.30518876462638,6.0899126878856,76.6711165260278));
#2373=CARTESIAN_POINT('Ctrl Pts',(4.37450191047709,6.19366836018751,71.9441943111411));
#2374=CARTESIAN_POINT('Ctrl Pts',(1.56895157903509,6.68562962303441,86.124960955801));
#2375=CARTESIAN_POINT('Ctrl Pts',(1.59340313781115,6.8044820493781,81.3980387409144));
#2376=CARTESIAN_POINT('Ctrl Pts',(1.61775733551903,6.92295051440126,76.6711165260277));
#2377=CARTESIAN_POINT('Ctrl Pts',(1.6422088942951,7.04180294074495,71.9441943111411));
#2378=CARTESIAN_POINT('Ctrl Pts',(0.0272084601279173,6.62187597610498,86.124960955801));
#2379=CARTESIAN_POINT('Ctrl Pts',(0.0247881341813406,6.74004903147714,81.3980387409144));
#2380=CARTESIAN_POINT('Ctrl Pts',(0.022367808234764,6.85822208684931,76.6711165260277));
#2381=CARTESIAN_POINT('Ctrl Pts',(0.0199474822881874,6.97639514222147,71.9441943111411));
#2382=CARTESIAN_POINT('',(0.0272084601279186,6.62187597610498,86.124960955801));
#2383=CARTESIAN_POINT('',(0.0297046263335065,6.50000000000001,91.));
#2384=CARTESIAN_POINT('Ctrl Pts',(7.12149391408519,-0.00198220877517613,
86.124959488255));
#2385=CARTESIAN_POINT('Ctrl Pts',(7.07845734511639,1.57813033133296,86.1249595706195));
#2386=CARTESIAN_POINT('Ctrl Pts',(6.04927210147273,4.17450113313893,86.1249597021277));
#2387=CARTESIAN_POINT('Ctrl Pts',(3.02442401174678,6.30878485801816,86.1249598686713));
#2388=CARTESIAN_POINT('Ctrl Pts',(0.991937759358083,6.66104853465566,86.1249599564392));
#2389=CARTESIAN_POINT('Ctrl Pts',(0.0272122183082244,6.62178363845553,86.1249599971142));
#2390=CARTESIAN_POINT('',(7.29288817655086,-0.00173623722182536,79.2713820386931));
#2391=CARTESIAN_POINT('',(6.99957890266962,-0.00215717160241213,91.));
#2392=CARTESIAN_POINT('Ctrl Pts',(7.29288817655086,-0.00173623722182603,
79.2713820386931));
#2393=CARTESIAN_POINT('Ctrl Pts',(7.28218203293205,0.410766627383765,79.2606758950743));
#2394=CARTESIAN_POINT('Ctrl Pts',(7.23594734951412,0.817785877128351,79.2144412116564));
#2395=CARTESIAN_POINT('Ctrl Pts',(7.07577751904214,1.61971540729398,79.0542713811844));
#2396=CARTESIAN_POINT('Ctrl Pts',(6.9617896144733,2.00842547420604,78.9402834767829));
#2397=CARTESIAN_POINT('Ctrl Pts',(6.52363189536417,3.15027532318775,78.5021257576738));
#2398=CARTESIAN_POINT('Ctrl Pts',(6.11182551945422,3.82509671113517,78.0903193815013));
#2399=CARTESIAN_POINT('Ctrl Pts',(4.94574581217372,5.22543608792131,76.9242396742208));
#2400=CARTESIAN_POINT('Ctrl Pts',(4.07756822095075,5.88785289997025,76.056062083093));
#2401=CARTESIAN_POINT('Ctrl Pts',(2.10728677626142,6.78190587852212,74.0857806384037));
#2402=CARTESIAN_POINT('Ctrl Pts',(1.05738129713728,6.99069121902195,73.0358751592796));
#2403=CARTESIAN_POINT('Ctrl Pts',(0.0215059858733005,6.97506153112443,71.9999998480156));
#2404=CARTESIAN_POINT('Origin',(0.0215059858732998,0.,71.9999998480156));
#2405=CARTESIAN_POINT('Ctrl Pts',(0.0215059858732973,-6.97500000379961,
71.9999998480156));
#2406=CARTESIAN_POINT('Ctrl Pts',(0.773239691282072,-6.98882773610948,72.7517335534244));
#2407=CARTESIAN_POINT('Ctrl Pts',(1.53078765472715,-6.88405167598207,73.5092815168695));
#2408=CARTESIAN_POINT('Ctrl Pts',(2.97704861918763,-6.43651322938763,74.9555424813299));
#2409=CARTESIAN_POINT('Ctrl Pts',(3.6767432077106,-6.09779718090798,75.6552370698529));
#2410=CARTESIAN_POINT('Ctrl Pts',(4.97228278468948,-5.16551425221951,76.9507766468318));
#2411=CARTESIAN_POINT('Ctrl Pts',(5.57747470908961,-4.56561845820957,77.5559685711527));
#2412=CARTESIAN_POINT('Ctrl Pts',(6.45136570146863,-3.26863405562584,78.4298595635317));
#2413=CARTESIAN_POINT('Ctrl Pts',(6.76488279275564,-2.63398531218928,78.7433766548978));
#2414=CARTESIAN_POINT('Ctrl Pts',(7.16888700965138,-1.31728730712437,79.1473808717935));
#2415=CARTESIAN_POINT('Ctrl Pts',(7.27744002955362,-0.668997350256159,79.2559338916959));
#2416=CARTESIAN_POINT('Ctrl Pts',(7.29288817655086,-0.00173623722182464,
79.2713820386931));
#2417=CARTESIAN_POINT('Ctrl Pts',(0.0292935523546038,-6.62187600398651,
86.1249598405394));
#2418=CARTESIAN_POINT('Ctrl Pts',(0.0266976968608358,-6.73958400392421,
81.4166398430315));
#2419=CARTESIAN_POINT('Ctrl Pts',(0.0241018413670678,-6.85729200386191,
76.7083198455235));
#2420=CARTESIAN_POINT('Ctrl Pts',(0.0215059858732998,-6.97500000379961,
71.9999998480156));
#2421=CARTESIAN_POINT('Ctrl Pts',(1.05739273401276,-6.66765751070924,86.1249598405394));
#2422=CARTESIAN_POINT('Ctrl Pts',(1.07268386877594,-6.78578141707851,81.4166398430314));
#2423=CARTESIAN_POINT('Ctrl Pts',(1.08793103139872,-6.90384247639669,76.7083198455235));
#2424=CARTESIAN_POINT('Ctrl Pts',(1.1032221661619,-7.02196638276597,71.9999998480156));
#2425=CARTESIAN_POINT('Ctrl Pts',(3.12930314923588,-6.28202893038943,86.1249598405394));
#2426=CARTESIAN_POINT('Ctrl Pts',(3.18046938441259,-6.39263456782976,81.4166398430315));
#2427=CARTESIAN_POINT('Ctrl Pts',(3.23146206862884,-6.50316838432026,76.7083198455235));
#2428=CARTESIAN_POINT('Ctrl Pts',(3.28262830380555,-6.61377402176059,71.9999998480156));
#2429=CARTESIAN_POINT('Ctrl Pts',(6.10774644371403,-4.08526898585742,86.1249598405394));
#2430=CARTESIAN_POINT('Ctrl Pts',(6.209671778414,-4.15646592967748,81.4166398430314));
#2431=CARTESIAN_POINT('Ctrl Pts',(6.31161269809249,-4.2276553374259,76.7083198455235));
#2432=CARTESIAN_POINT('Ctrl Pts',(6.41353803279246,-4.29885228124596,71.9999998480156));
#2433=CARTESIAN_POINT('Ctrl Pts',(7.08389217753024,-1.54520107045046,86.1249598405394));
#2434=CARTESIAN_POINT('Ctrl Pts',(7.20180317546025,-1.57188449161208,81.4166398430315));
#2435=CARTESIAN_POINT('Ctrl Pts',(7.31932943095044,-1.5984620051757,76.7083198455235));
#2436=CARTESIAN_POINT('Ctrl Pts',(7.43724042888045,-1.62514542633732,71.9999998480156));
#2437=CARTESIAN_POINT('Ctrl Pts',(7.12149390527526,-0.00198220878781017,
86.1249598405394));
#2438=CARTESIAN_POINT('Ctrl Pts',(7.239239570129,-0.00181322947854514,81.4166398430315));
#2439=CARTESIAN_POINT('Ctrl Pts',(7.35698523498274,-0.00164425016928012,
76.7083198455235));
#2440=CARTESIAN_POINT('Ctrl Pts',(7.47473089983648,-0.00147527086001509,
71.9999998480156));
#2441=CARTESIAN_POINT('',(0.0319813262924359,-6.5,91.));
#2442=CARTESIAN_POINT('Ctrl Pts',(-2.12343774406436,-1.62343774406436,91.));
#2443=CARTESIAN_POINT('Ctrl Pts',(-2.12343774406436,-0.541145914688119,
91.));
#2444=CARTESIAN_POINT('Ctrl Pts',(-2.12343774406436,0.541145914688122,91.));
#2445=CARTESIAN_POINT('Ctrl Pts',(-2.12343774406436,1.62343774406436,91.));
#2446=CARTESIAN_POINT('Ctrl Pts',(-2.8595337122434,-1.62343774406436,91.));
#2447=CARTESIAN_POINT('Ctrl Pts',(-2.8595337122434,-0.541145914688116,91.));
#2448=CARTESIAN_POINT('Ctrl Pts',(-2.8595337122434,0.54114591468812,91.));
#2449=CARTESIAN_POINT('Ctrl Pts',(-2.8595337122434,1.62343774406436,91.));
#2450=CARTESIAN_POINT('Ctrl Pts',(-4.32876637787073,-1.62343774406436,90.6686158615452));
#2451=CARTESIAN_POINT('Ctrl Pts',(-4.32876637787073,-0.541145914688121,
90.6686158615452));
#2452=CARTESIAN_POINT('Ctrl Pts',(-4.32876637787073,0.541145914688125,90.6686158615452));
#2453=CARTESIAN_POINT('Ctrl Pts',(-4.32876637787073,1.62343774406436,90.6686158615452));
#2454=CARTESIAN_POINT('Ctrl Pts',(-6.4139179221843,-1.62343774406436,89.046089502465));
#2455=CARTESIAN_POINT('Ctrl Pts',(-6.4139179221843,-0.541145914688116,89.046089502465));
#2456=CARTESIAN_POINT('Ctrl Pts',(-6.4139179221843,0.541145914688119,89.046089502465));
#2457=CARTESIAN_POINT('Ctrl Pts',(-6.4139179221843,1.62343774406436,89.046089502465));
#2458=CARTESIAN_POINT('Ctrl Pts',(-7.0942809993815,-1.62343774406436,87.2287600247401));
#2459=CARTESIAN_POINT('Ctrl Pts',(-7.0942809993815,-0.541145914688121,87.2287600247401));
#2460=CARTESIAN_POINT('Ctrl Pts',(-7.0942809993815,0.541145914688125,87.2287600247401));
#2461=CARTESIAN_POINT('Ctrl Pts',(-7.0942809993815,1.62343774406436,87.2287600247401));
#2462=CARTESIAN_POINT('Ctrl Pts',(-7.12187597610498,-1.62343774406436,86.124960955801));
#2463=CARTESIAN_POINT('Ctrl Pts',(-7.12187597610498,-0.541145914688119,
86.124960955801));
#2464=CARTESIAN_POINT('Ctrl Pts',(-7.12187597610498,0.541145914688122,86.124960955801));
#2465=CARTESIAN_POINT('Ctrl Pts',(-7.12187597610498,1.62343774406436,86.124960955801));
#2466=CARTESIAN_POINT('Ctrl Pts',(-2.12343774406436,-1.62343774406436,91.));
#2467=CARTESIAN_POINT('Ctrl Pts',(-2.12343774406436,-0.541145914688119,
91.));
#2468=CARTESIAN_POINT('Ctrl Pts',(-2.12343774406436,0.541145914688122,91.));
#2469=CARTESIAN_POINT('Ctrl Pts',(-2.12343774406436,1.62343774406436,91.));
#2470=CARTESIAN_POINT('Ctrl Pts',(-7.12187597610498,1.62343774406436,86.124960955801));
#2471=CARTESIAN_POINT('Ctrl Pts',(-7.12187597610498,0.541145914688122,86.124960955801));
#2472=CARTESIAN_POINT('Ctrl Pts',(-7.12187597610498,-0.541145914688119,
86.124960955801));
#2473=CARTESIAN_POINT('Ctrl Pts',(-7.12187597610498,-1.62343774406436,86.124960955801));
#2474=CARTESIAN_POINT('Ctrl Pts',(7.12149391408519,-0.00198220877517613,
86.124959488255));
#2475=CARTESIAN_POINT('Ctrl Pts',(7.07845734511639,1.57813033133296,86.1249595706195));
#2476=CARTESIAN_POINT('Ctrl Pts',(6.04927210147273,4.17450113313893,86.1249597021277));
#2477=CARTESIAN_POINT('Ctrl Pts',(2.95048711908222,6.36095352963446,86.1249598727422));
#2478=CARTESIAN_POINT('Ctrl Pts',(0.814171724462204,6.69014351163974,86.1249599640774));
#2479=CARTESIAN_POINT('Ctrl Pts',(-0.236259131549951,6.60586535163004,86.1249600082008));
#2480=CARTESIAN_POINT('Ctrl Pts',(7.10310429513249,-0.002483075673197,86.8608256793819));
#2481=CARTESIAN_POINT('Ctrl Pts',(7.06017909294409,1.57354012907981,86.8608257535955));
#2482=CARTESIAN_POINT('Ctrl Pts',(6.03412428957802,4.16274883495196,86.8608258721026));
#2483=CARTESIAN_POINT('Ctrl Pts',(2.94340141259908,6.34351186898284,86.8608260258338));
#2484=CARTESIAN_POINT('Ctrl Pts',(0.812924456198632,6.67158781756883,86.8608261081386));
#2485=CARTESIAN_POINT('Ctrl Pts',(-0.234787870398353,6.58752776415772,86.8608261478954));
#2486=CARTESIAN_POINT('Ctrl Pts',(6.73526056737961,-0.0125018121869832,
88.3213529126323));
#2487=CARTESIAN_POINT('Ctrl Pts',(6.69465905433891,1.47820518960557,88.3213529653429));
#2488=CARTESIAN_POINT('Ctrl Pts',(5.72417395886771,3.92722592702518,88.3213530497759));
#2489=CARTESIAN_POINT('Ctrl Pts',(2.80076611679937,5.98993414248836,88.3213531589847));
#2490=CARTESIAN_POINT('Ctrl Pts',(0.785636963026708,6.30023577647607,88.3213532176067));
#2491=CARTESIAN_POINT('Ctrl Pts',(-0.205358651349048,6.22072620892585,88.3213532458443));
#2492=CARTESIAN_POINT('Ctrl Pts',(5.06175835253954,-0.0580819770253085,
90.3653489065415));
#2493=CARTESIAN_POINT('Ctrl Pts',(5.03173134960892,1.04437572775844,90.3653489205829));
#2494=CARTESIAN_POINT('Ctrl Pts',(4.31385219395084,2.85570324074638,90.3653489430181));
#2495=CARTESIAN_POINT('Ctrl Pts',(2.1518214564567,4.38119662261639,90.3653489721055));
#2496=CARTESIAN_POINT('Ctrl Pts',(0.661423697121585,4.61076741126871,90.3653489876861));
#2497=CARTESIAN_POINT('Ctrl Pts',(-0.0714706829210923,4.5519658193303,90.3653489952083));
#2498=CARTESIAN_POINT('Ctrl Pts',(3.22864343903051,-0.108009416131398,91.));
#2499=CARTESIAN_POINT('Ctrl Pts',(3.21018928128325,0.569545264466065,90.9999999997659));
#2500=CARTESIAN_POINT('Ctrl Pts',(2.76976225969116,1.68203006430662,91.0000000002591));
#2501=CARTESIAN_POINT('Ctrl Pts',(1.44107921360192,2.61952564250659,90.9999999998417));
#2502=CARTESIAN_POINT('Ctrl Pts',(0.525613453339206,2.76018372927167,91.0000000001254));
#2503=CARTESIAN_POINT('Ctrl Pts',(0.0751870344694152,2.72404511455488,91.));
#2504=CARTESIAN_POINT('Ctrl Pts',(2.12490858806972,-0.138071172846434,91.));
#2505=CARTESIAN_POINT('Ctrl Pts',(2.11343597357313,0.283152529133527,91.));
#2506=CARTESIAN_POINT('Ctrl Pts',(1.83907752522235,0.975288681448852,91.));
#2507=CARTESIAN_POINT('Ctrl Pts',(1.01300856901693,1.55814954631051,91.));
#2508=CARTESIAN_POINT('Ctrl Pts',(0.443513105898924,1.64590447873094,91.));
#2509=CARTESIAN_POINT('Ctrl Pts',(0.163490955026592,1.62343774406437,91.));
#2510=CARTESIAN_POINT('',(0.163490955026593,1.62343774406437,91.));
#2511=CARTESIAN_POINT('Ctrl Pts',(0.0272084601302016,6.62187597610498,86.124960955801));
#2512=CARTESIAN_POINT('Ctrl Pts',(0.0275446819944836,6.60560744016997,86.7757023932014));
#2513=CARTESIAN_POINT('Ctrl Pts',(0.0304673829666531,6.46241503096715,87.4170383918783));
#2514=CARTESIAN_POINT('Ctrl Pts',(0.0416508304065898,5.93829740377689,88.6087868848735));
#2515=CARTESIAN_POINT('Ctrl Pts',(0.0497966650669609,5.56236530055056,89.1477842297897));
#2516=CARTESIAN_POINT('Ctrl Pts',(0.0717914585452272,4.62505216950368,90.0514432994397));
#2517=CARTESIAN_POINT('Ctrl Pts',(0.0853875708055427,4.07260461372916,90.4074134883129));
#2518=CARTESIAN_POINT('Ctrl Pts',(0.11874567270065,2.88983887145067,90.8767352617652));
#2519=CARTESIAN_POINT('Ctrl Pts',(0.13762135933942,2.27452668403152,90.9961933152688));
#2520=CARTESIAN_POINT('Ctrl Pts',(0.162693698772601,1.64338457484625,90.9999701594217));
#2521=CARTESIAN_POINT('Ctrl Pts',(0.163091504225559,1.63341113743683,91.));
#2522=CARTESIAN_POINT('Ctrl Pts',(0.163490955026593,1.62343774406437,91.));
#2523=CARTESIAN_POINT('Ctrl Pts',(0.163490955026592,1.62343774406437,91.));
#2524=CARTESIAN_POINT('Ctrl Pts',(0.443513105898924,1.64590447873094,91.));
#2525=CARTESIAN_POINT('Ctrl Pts',(1.01300856901693,1.55814954631051,91.));
#2526=CARTESIAN_POINT('Ctrl Pts',(1.80280080870736,1.00088494457365,91.));
#2527=CARTESIAN_POINT('Ctrl Pts',(2.07850712741458,0.367216215531143,91.));
#2528=CARTESIAN_POINT('Ctrl Pts',(2.11660049989441,-0.00887286386325285,
91.));
#2529=CARTESIAN_POINT('Ctrl Pts',(0.163490955026586,6.62187597610498,86.124960955801));
#2530=CARTESIAN_POINT('Ctrl Pts',(-0.598818611337065,6.62187597610498,86.124960955801));
#2531=CARTESIAN_POINT('Ctrl Pts',(-1.36112817770072,6.62187597610498,86.124960955801));
#2532=CARTESIAN_POINT('Ctrl Pts',(-2.12343774406437,6.62187597610498,86.124960955801));
#2533=CARTESIAN_POINT('Ctrl Pts',(0.163490955026586,6.603479324956,86.8608270017604));
#2534=CARTESIAN_POINT('Ctrl Pts',(-0.598818611337066,6.603479324956,86.8608270017604));
#2535=CARTESIAN_POINT('Ctrl Pts',(-1.36112817770072,6.603479324956,86.8608270017604));
#2536=CARTESIAN_POINT('Ctrl Pts',(-2.12343774406437,6.60347932495599,86.8608270017604));
#2537=CARTESIAN_POINT('Ctrl Pts',(0.163490955026587,6.23547935188902,88.3213187315516));
#2538=CARTESIAN_POINT('Ctrl Pts',(-0.598818611337064,6.23547935188902,88.3213187315516));
#2539=CARTESIAN_POINT('Ctrl Pts',(-1.36112817770072,6.23547935188902,88.3213187315516));
#2540=CARTESIAN_POINT('Ctrl Pts',(-2.12343774406437,6.23547935188902,88.3213187315516));
#2541=CARTESIAN_POINT('Ctrl Pts',(0.163490955026589,4.56134728875145,90.3652684823621));
#2542=CARTESIAN_POINT('Ctrl Pts',(-0.598818611337063,4.56134728875145,90.3652684823621));
#2543=CARTESIAN_POINT('Ctrl Pts',(-1.36112817770071,4.56134728875145,90.3652684823621));
#2544=CARTESIAN_POINT('Ctrl Pts',(-2.12343774406437,4.56134728875145,90.3652684823621));
#2545=CARTESIAN_POINT('Ctrl Pts',(0.163490955026591,2.72758169633292,91.));
#2546=CARTESIAN_POINT('Ctrl Pts',(-0.59881861133706,2.72758169633292,91.));
#2547=CARTESIAN_POINT('Ctrl Pts',(-1.36112817770071,2.72758169633292,91.));
#2548=CARTESIAN_POINT('Ctrl Pts',(-2.12343774406436,2.72758169633292,91.));
#2549=CARTESIAN_POINT('Ctrl Pts',(0.163490955026593,1.62343774406437,91.));
#2550=CARTESIAN_POINT('Ctrl Pts',(-0.598818611337058,1.62343774406437,91.));
#2551=CARTESIAN_POINT('Ctrl Pts',(-1.36112817770071,1.62343774406436,91.));
#2552=CARTESIAN_POINT('Ctrl Pts',(-2.12343774406436,1.62343774406436,91.));
#2553=CARTESIAN_POINT('Ctrl Pts',(-2.12343774406436,1.62343774406436,91.));
#2554=CARTESIAN_POINT('Ctrl Pts',(-1.36112817770071,1.62343774406436,91.));
#2555=CARTESIAN_POINT('Ctrl Pts',(-0.598818611337058,1.62343774406437,91.));
#2556=CARTESIAN_POINT('Ctrl Pts',(0.163490955026593,1.62343774406437,91.));
#2557=CARTESIAN_POINT('Ctrl Pts',(0.02720846012792,6.62187597610498,86.124960955801));
#2558=CARTESIAN_POINT('Ctrl Pts',(-0.689673607936176,6.62187597610498,86.124960955801));
#2559=CARTESIAN_POINT('Ctrl Pts',(-1.40655567600027,6.62187597610498,86.124960955801));
#2560=CARTESIAN_POINT('Ctrl Pts',(-2.12343774406437,6.62187597610498,86.124960955801));
#2561=CARTESIAN_POINT('Ctrl Pts',(-2.12343774406436,-6.62187597610497,86.124960955801));
#2562=CARTESIAN_POINT('Ctrl Pts',(-1.35686446321625,-6.62187597610497,86.124960955801));
#2563=CARTESIAN_POINT('Ctrl Pts',(-0.590291182368142,-6.62187597610497,
86.124960955801));
#2564=CARTESIAN_POINT('Ctrl Pts',(0.176282098479967,-6.62187597610497,86.124960955801));
#2565=CARTESIAN_POINT('Ctrl Pts',(-2.12343774406436,-6.60347932495599,86.8608270017604));
#2566=CARTESIAN_POINT('Ctrl Pts',(-1.35686446321625,-6.60347932495599,86.8608270017604));
#2567=CARTESIAN_POINT('Ctrl Pts',(-0.590291182368143,-6.60347932495599,
86.8608270017604));
#2568=CARTESIAN_POINT('Ctrl Pts',(0.176282098479967,-6.60347932495599,86.8608270017604));
#2569=CARTESIAN_POINT('Ctrl Pts',(-2.12343774406436,-6.23547935188901,88.3213187315516));
#2570=CARTESIAN_POINT('Ctrl Pts',(-1.35686446321625,-6.23547935188901,88.3213187315516));
#2571=CARTESIAN_POINT('Ctrl Pts',(-0.590291182368141,-6.23547935188901,
88.3213187315516));
#2572=CARTESIAN_POINT('Ctrl Pts',(0.176282098479967,-6.23547935188901,88.3213187315516));
#2573=CARTESIAN_POINT('Ctrl Pts',(-2.12343774406436,-4.56134728875144,90.3652684823621));
#2574=CARTESIAN_POINT('Ctrl Pts',(-1.35686446321625,-4.56134728875144,90.3652684823621));
#2575=CARTESIAN_POINT('Ctrl Pts',(-0.590291182368142,-4.56134728875144,
90.3652684823621));
#2576=CARTESIAN_POINT('Ctrl Pts',(0.176282098479967,-4.56134728875144,90.3652684823621));
#2577=CARTESIAN_POINT('Ctrl Pts',(-2.12343774406436,-2.72758169633292,91.));
#2578=CARTESIAN_POINT('Ctrl Pts',(-1.35686446321625,-2.72758169633292,91.));
#2579=CARTESIAN_POINT('Ctrl Pts',(-0.590291182368142,-2.72758169633292,
91.));
#2580=CARTESIAN_POINT('Ctrl Pts',(0.176282098479967,-2.72758169633292,91.));
#2581=CARTESIAN_POINT('Ctrl Pts',(-2.12343774406436,-1.62343774406436,91.));
#2582=CARTESIAN_POINT('Ctrl Pts',(-1.35686446321625,-1.62343774406436,91.));
#2583=CARTESIAN_POINT('Ctrl Pts',(-0.590291182368142,-1.62343774406436,
91.));
#2584=CARTESIAN_POINT('Ctrl Pts',(0.176282098479967,-1.62343774406436,91.));
#2585=CARTESIAN_POINT('Ctrl Pts',(-2.12343774406436,-6.62187597610497,86.124960955801));
#2586=CARTESIAN_POINT('Ctrl Pts',(-1.40586064525804,-6.62187597610497,86.124960955801));
#2587=CARTESIAN_POINT('Ctrl Pts',(-0.688283546451719,-6.62187597610497,
86.124960955801));
#2588=CARTESIAN_POINT('Ctrl Pts',(0.0292935523546014,-6.62187597610497,
86.124960955801));
#2589=CARTESIAN_POINT('Ctrl Pts',(0.176282098479967,-1.62343774406436,91.));
#2590=CARTESIAN_POINT('Ctrl Pts',(-0.590291182368142,-1.62343774406436,
91.));
#2591=CARTESIAN_POINT('Ctrl Pts',(-1.35686446321625,-1.62343774406436,91.));
#2592=CARTESIAN_POINT('Ctrl Pts',(-2.12343774406436,-1.62343774406436,91.));
#2593=CARTESIAN_POINT('Ctrl Pts',(0.0272084601279194,6.62187597610498,86.124960955801));
#2594=CARTESIAN_POINT('Ctrl Pts',(0.0246269822459703,6.74791731740332,81.0833073038673));
#2595=CARTESIAN_POINT('Ctrl Pts',(0.0220455043640213,6.87395865870166,76.0416536519337));
#2596=CARTESIAN_POINT('Ctrl Pts',(0.0194640264820722,7.00000000000001,71.));
#2597=CARTESIAN_POINT('Ctrl Pts',(-1.41257513919059,6.62187597610498,86.124960955801));
#2598=CARTESIAN_POINT('Ctrl Pts',(-1.43739093375601,6.74791221328334,81.0833073038673));
#2599=CARTESIAN_POINT('Ctrl Pts',(-1.46220818777986,6.87396376282164,76.0416536519337));
#2600=CARTESIAN_POINT('Ctrl Pts',(-1.48702398234529,7.,71.));
#2601=CARTESIAN_POINT('Ctrl Pts',(-2.85212709883969,6.62266743694649,86.1249609558017));
#2602=CARTESIAN_POINT('Ctrl Pts',(-2.89917912154639,6.7487186081428,81.083307303868));
#2603=CARTESIAN_POINT('Ctrl Pts',(-2.94631741236839,6.87453335476597,76.0416536519342));
#2604=CARTESIAN_POINT('Ctrl Pts',(-2.9933694350751,7.00058452596228,71.0000000000005));
#2605=CARTESIAN_POINT('Ctrl Pts',(-4.38485532859207,6.62290797260646,86.1249609558018));
#2606=CARTESIAN_POINT('Ctrl Pts',(-4.4555767308413,6.74894092476941,81.0833073038681));
#2607=CARTESIAN_POINT('Ctrl Pts',(-4.52641502366948,6.8747337386391,76.0416536519343));
#2608=CARTESIAN_POINT('Ctrl Pts',(-4.5971364259187,7.00076669080205,71.0000000000006));
#2609=CARTESIAN_POINT('Ctrl Pts',(-4.47787013413604,6.62171292101852,86.1249609558018));
#2610=CARTESIAN_POINT('Ctrl Pts',(-4.55003313554432,6.7466049620443,81.0833073038681));
#2611=CARTESIAN_POINT('Ctrl Pts',(-4.62229337752991,6.87110591374214,76.0416536519343));
#2612=CARTESIAN_POINT('Ctrl Pts',(-4.69445637893819,6.99599795476792,71.0000000000006));
#2613=CARTESIAN_POINT('Ctrl Pts',(-5.23429853738839,6.6033690092941,86.1249609558015));
#2614=CARTESIAN_POINT('Ctrl Pts',(-5.31716044978163,6.7083564671549,81.0833073038678));
#2615=CARTESIAN_POINT('Ctrl Pts',(-5.40031741341657,6.81432404046494,76.0416536519341));
#2616=CARTESIAN_POINT('Ctrl Pts',(-5.48317932580981,6.91931149832574,71.0000000000004));
#2617=CARTESIAN_POINT('Ctrl Pts',(-6.54324928163186,6.03482721198651,86.1249609558008));
#2618=CARTESIAN_POINT('Ctrl Pts',(-6.63340369291998,6.11673740566631,81.0833073038672));
#2619=CARTESIAN_POINT('Ctrl Pts',(-6.72325916088727,6.19846995685966,76.0416536519335));
#2620=CARTESIAN_POINT('Ctrl Pts',(-6.8134135721754,6.28038015053946,70.9999999999999));
#2621=CARTESIAN_POINT('Ctrl Pts',(-7.10728465314038,4.72373415930473,86.1249609558002));
#2622=CARTESIAN_POINT('Ctrl Pts',(-7.21573071564813,4.79608076035519,81.0833073038665));
#2623=CARTESIAN_POINT('Ctrl Pts',(-7.32498683169151,4.86886867864669,76.041653651933));
#2624=CARTESIAN_POINT('Ctrl Pts',(-7.43343289419926,4.94121527969714,70.9999999999993));
#2625=CARTESIAN_POINT('Ctrl Pts',(-7.12265644706969,3.98068365577964,86.1249609557999));
#2626=CARTESIAN_POINT('Ctrl Pts',(-7.24786599145776,4.0422885881876,81.0833073038662));
#2627=CARTESIAN_POINT('Ctrl Pts',(-7.37253021558014,4.10408685421815,76.0416536519327));
#2628=CARTESIAN_POINT('Ctrl Pts',(-7.49773975996821,4.16569178662611,70.9999999999991));
#2629=CARTESIAN_POINT('Ctrl Pts',(-7.12352847504366,3.9012749132509,86.1249609557999));
#2630=CARTESIAN_POINT('Ctrl Pts',(-7.24956331546606,3.96164771635552,81.0833073038662));
#2631=CARTESIAN_POINT('Ctrl Pts',(-7.37518034602434,4.02223593596266,76.0416536519328));
#2632=CARTESIAN_POINT('Ctrl Pts',(-7.50121518644675,4.08260873906728,70.9999999999991));
#2633=CARTESIAN_POINT('Ctrl Pts',(-7.12325888228072,1.2735256182722,86.1249609558005));
#2634=CARTESIAN_POINT('Ctrl Pts',(-7.24930401273174,1.2933162463629,81.0833073038669));
#2635=CARTESIAN_POINT('Ctrl Pts',(-7.374967687079,1.31323821078549,76.0416536519333));
#2636=CARTESIAN_POINT('Ctrl Pts',(-7.50101281753002,1.33302883887619,70.9999999999996));
#2637=CARTESIAN_POINT('Ctrl Pts',(-7.12325887609393,-1.27418616954589,86.1249609558054));
#2638=CARTESIAN_POINT('Ctrl Pts',(-7.24930396063643,-1.29375664202685,81.0833073038717));
#2639=CARTESIAN_POINT('Ctrl Pts',(-7.37496768813525,-1.31345817323947,76.0416536519373));
#2640=CARTESIAN_POINT('Ctrl Pts',(-7.50101277267774,-1.33302864572043,71.0000000000036));
#2641=CARTESIAN_POINT('Ctrl Pts',(-7.12352839852508,-3.90163999018343,86.1249609558066));
#2642=CARTESIAN_POINT('Ctrl Pts',(-7.24956326469766,-3.96178807174396,81.0833073038729));
#2643=CARTESIAN_POINT('Ctrl Pts',(-7.37518014211201,-4.02215122909447,76.0416536519383));
#2644=CARTESIAN_POINT('Ctrl Pts',(-7.50121500828459,-4.082299310655,71.0000000000046));
#2645=CARTESIAN_POINT('Ctrl Pts',(-7.12266273627679,-3.9807531668203,86.1249609558066));
#2646=CARTESIAN_POINT('Ctrl Pts',(-7.24787860993506,-4.04212882387571,81.0833073038729));
#2647=CARTESIAN_POINT('Ctrl Pts',(-7.37254946110738,-4.10369746363017,76.0416536519383));
#2648=CARTESIAN_POINT('Ctrl Pts',(-7.49776533476566,-4.16507312068558,71.0000000000046));
#2649=CARTESIAN_POINT('Ctrl Pts',(-7.10735546662995,-4.72351330614103,86.1249609558062));
#2650=CARTESIAN_POINT('Ctrl Pts',(-7.21587497045698,-4.79563102405034,81.0833073038726));
#2651=CARTESIAN_POINT('Ctrl Pts',(-7.32520423414894,-4.8681906268434,76.041653651938));
#2652=CARTESIAN_POINT('Ctrl Pts',(-7.43372373797597,-4.94030834475271,71.0000000000043));
#2653=CARTESIAN_POINT('Ctrl Pts',(-6.54342104855388,-6.03465308131159,86.1249609558051));
#2654=CARTESIAN_POINT('Ctrl Pts',(-6.63375318009741,-6.11638294748863,81.0833073038715));
#2655=CARTESIAN_POINT('Ctrl Pts',(-6.72378641452395,-6.19793501676875,76.0416536519371));
#2656=CARTESIAN_POINT('Ctrl Pts',(-6.81411854606747,-6.2796648829458,71.0000000000034));
#2657=CARTESIAN_POINT('Ctrl Pts',(-5.23451845591735,-6.60329521451272,86.1249609558048));
#2658=CARTESIAN_POINT('Ctrl Pts',(-5.31760815853709,-6.70820591245554,81.0833073038711));
#2659=CARTESIAN_POINT('Ctrl Pts',(-5.40099222132512,-6.81409688968528,76.0416536519368));
#2660=CARTESIAN_POINT('Ctrl Pts',(-5.48408192394486,-6.91900758762809,71.0000000000031));
#2661=CARTESIAN_POINT('Ctrl Pts',(-4.4778007071479,-6.62170575640037,86.1249609558046));
#2662=CARTESIAN_POINT('Ctrl Pts',(-4.55019297416895,-6.74659033052273,81.0833073038709));
#2663=CARTESIAN_POINT('Ctrl Pts',(-4.62268273223173,-6.87108339172037,76.0416536519366));
#2664=CARTESIAN_POINT('Ctrl Pts',(-4.69507499925278,-6.99596796584273,71.0000000000029));
#2665=CARTESIAN_POINT('Ctrl Pts',(-4.3844903530275,-6.62290827917793,86.1249609558046));
#2666=CARTESIAN_POINT('Ctrl Pts',(-4.4554364786809,-6.74894120275309,81.0833073038709));
#2667=CARTESIAN_POINT('Ctrl Pts',(-4.52649969918603,-6.87473405122908,76.0416536519366));
#2668=CARTESIAN_POINT('Ctrl Pts',(-4.59744582483942,-7.00076697480424,71.000000000003));
#2669=CARTESIAN_POINT('Ctrl Pts',(-2.85099174522559,-6.62266758750589,86.124960955804));
#2670=CARTESIAN_POINT('Ctrl Pts',(-2.89825658732071,-6.74871879462179,81.0833073038703));
#2671=CARTESIAN_POINT('Ctrl Pts',(-2.94560786217681,-6.87453344414468,76.0416536519361));
#2672=CARTESIAN_POINT('Ctrl Pts',(-2.99287270427193,-7.00058465126058,71.0000000000024));
#2673=CARTESIAN_POINT('Ctrl Pts',(-1.41096492092006,-6.62187597610497,86.124960955801));
#2674=CARTESIAN_POINT('Ctrl Pts',(-1.43598620636153,-6.74791219299638,81.0833073038673));
#2675=CARTESIAN_POINT('Ctrl Pts',(-1.46100894638838,-6.87396378310859,76.0416536519337));
#2676=CARTESIAN_POINT('Ctrl Pts',(-1.48603023182984,-7.,71.));
#2677=CARTESIAN_POINT('Ctrl Pts',(0.0292935529694858,-6.62187597610497,
86.124960955801));
#2678=CARTESIAN_POINT('Ctrl Pts',(0.0265139193980688,-6.74791731740332,
81.0833073038673));
#2679=CARTESIAN_POINT('Ctrl Pts',(0.0237342858266518,-6.87395865870166,
76.0416536519337));
#2680=CARTESIAN_POINT('Ctrl Pts',(0.0209546522552349,-7.,71.));
#2681=CARTESIAN_POINT('Ctrl Pts',(-0.978494162050646,7.00007476007977,71.0000000000001));
#2682=CARTESIAN_POINT('Ctrl Pts',(-2.152283854366,7.00023798879012,71.0000000000002));
#2683=CARTESIAN_POINT('Ctrl Pts',(-3.32602059088553,7.0006223103442,71.0000000000005));
#2684=CARTESIAN_POINT('Ctrl Pts',(-4.5971364259187,7.00076669080205,71.0000000000006));
#2685=CARTESIAN_POINT('Ctrl Pts',(-4.69445637893819,6.99599795476792,71.0000000000006));
#2686=CARTESIAN_POINT('Ctrl Pts',(-5.48317932580981,6.91931149832574,71.0000000000004));
#2687=CARTESIAN_POINT('Ctrl Pts',(-6.8134135721754,6.28038015053946,70.9999999999999));
#2688=CARTESIAN_POINT('Ctrl Pts',(-7.43343289419926,4.94121527969714,70.9999999999993));
#2689=CARTESIAN_POINT('Ctrl Pts',(-7.49773975996821,4.16569178662611,70.9999999999991));
#2690=CARTESIAN_POINT('Ctrl Pts',(-7.50121518644675,4.08260873906728,70.9999999999991));
#2691=CARTESIAN_POINT('Ctrl Pts',(-7.50101281753002,1.33302883887619,70.9999999999996));
#2692=CARTESIAN_POINT('Ctrl Pts',(-7.50101277267774,-1.33302864572043,71.0000000000036));
#2693=CARTESIAN_POINT('Ctrl Pts',(-7.50121500828459,-4.082299310655,71.0000000000046));
#2694=CARTESIAN_POINT('Ctrl Pts',(-7.49776533476566,-4.16507312068558,71.0000000000046));
#2695=CARTESIAN_POINT('Ctrl Pts',(-7.43372373797597,-4.94030834475271,71.0000000000043));
#2696=CARTESIAN_POINT('Ctrl Pts',(-6.81411854606747,-6.2796648829458,71.0000000000034));
#2697=CARTESIAN_POINT('Ctrl Pts',(-5.48408192394486,-6.91900758762809,71.0000000000031));
#2698=CARTESIAN_POINT('Ctrl Pts',(-4.69507499925278,-6.99596796584273,71.0000000000029));
#2699=CARTESIAN_POINT('Ctrl Pts',(-4.59744582483942,-7.00076697480424,71.000000000003));
#2700=CARTESIAN_POINT('Ctrl Pts',(-3.32602074155361,-7.00062250602079,71.0000000000025));
#2701=CARTESIAN_POINT('Ctrl Pts',(-2.15228386581834,-7.0002382973173,71.000000000001));
#2702=CARTESIAN_POINT('Ctrl Pts',(-0.978494162114607,-7.00007493856644,
71.0000000000003));
#2703=CARTESIAN_POINT('Origin',(-0.435044404819628,-0.00189151050644459,
91.));
#2704=CARTESIAN_POINT('Origin',(-0.428476899904588,-0.00190602387427283,
71.));
#2705=CARTESIAN_POINT('',(0.,0.,0.));
#2706=CARTESIAN_POINT('',(0.,0.,0.));
#2707=CARTESIAN_POINT('',(0.,0.,0.));
#2708=UNCERTAINTY_MEASURE_WITH_UNIT(LENGTH_MEASURE(0.01),#2718,
'DISTANCE_ACCURACY_VALUE',
'Maximum model space distance between geometric entities at asserted c
onnectivities');
#2709=UNCERTAINTY_MEASURE_WITH_UNIT(LENGTH_MEASURE(0.01),#2718,
'DISTANCE_ACCURACY_VALUE',
'Maximum model space distance between geometric entities at asserted c
onnectivities');
#2710=UNCERTAINTY_MEASURE_WITH_UNIT(LENGTH_MEASURE(0.01),#2718,
'DISTANCE_ACCURACY_VALUE',
'Maximum model space distance between geometric entities at asserted c
onnectivities');
#2711=UNCERTAINTY_MEASURE_WITH_UNIT(LENGTH_MEASURE(0.01),#2718,
'DISTANCE_ACCURACY_VALUE',
'Maximum model space distance between geometric entities at asserted c
onnectivities');
#2712=UNCERTAINTY_MEASURE_WITH_UNIT(LENGTH_MEASURE(0.01),#2718,
'DISTANCE_ACCURACY_VALUE',
'Maximum model space distance between geometric entities at asserted c
onnectivities');
#2713=(
GEOMETRIC_REPRESENTATION_CONTEXT(3)
GLOBAL_UNCERTAINTY_ASSIGNED_CONTEXT((#2708))
GLOBAL_UNIT_ASSIGNED_CONTEXT((#2718,#2720,#2721))
REPRESENTATION_CONTEXT('','3D')
);
#2714=(
GEOMETRIC_REPRESENTATION_CONTEXT(3)
GLOBAL_UNCERTAINTY_ASSIGNED_CONTEXT((#2709))
GLOBAL_UNIT_ASSIGNED_CONTEXT((#2718,#2720,#2721))
REPRESENTATION_CONTEXT('','3D')
);
#2715=(
GEOMETRIC_REPRESENTATION_CONTEXT(3)
GLOBAL_UNCERTAINTY_ASSIGNED_CONTEXT((#2710))
GLOBAL_UNIT_ASSIGNED_CONTEXT((#2718,#2720,#2721))
REPRESENTATION_CONTEXT('','3D')
);
#2716=(
GEOMETRIC_REPRESENTATION_CONTEXT(3)
GLOBAL_UNCERTAINTY_ASSIGNED_CONTEXT((#2711))
GLOBAL_UNIT_ASSIGNED_CONTEXT((#2718,#2720,#2721))
REPRESENTATION_CONTEXT('','3D')
);
#2717=(
GEOMETRIC_REPRESENTATION_CONTEXT(3)
GLOBAL_UNCERTAINTY_ASSIGNED_CONTEXT((#2712))
GLOBAL_UNIT_ASSIGNED_CONTEXT((#2718,#2720,#2721))
REPRESENTATION_CONTEXT('','3D')
);
#2718=(
LENGTH_UNIT()
NAMED_UNIT(*)
SI_UNIT(.MILLI.,.METRE.)
);
#2719=(
LENGTH_UNIT()
NAMED_UNIT(*)
SI_UNIT($,.METRE.)
);
#2720=(
NAMED_UNIT(*)
PLANE_ANGLE_UNIT()
SI_UNIT($,.RADIAN.)
);
#2721=(
NAMED_UNIT(*)
SI_UNIT($,.STERADIAN.)
SOLID_ANGLE_UNIT()
);
#2722=SHAPE_DEFINITION_REPRESENTATION(#2726,#2733);
#2723=SHAPE_DEFINITION_REPRESENTATION(#2727,#2734);
#2724=SHAPE_DEFINITION_REPRESENTATION(#2728,#2735);
#2725=SHAPE_DEFINITION_REPRESENTATION(#2729,#2736);
#2726=PRODUCT_DEFINITION_SHAPE('',$,#2738);
#2727=PRODUCT_DEFINITION_SHAPE('',$,#2739);
#2728=PRODUCT_DEFINITION_SHAPE('',$,#2740);
#2729=PRODUCT_DEFINITION_SHAPE('',$,#2741);
#2730=PRODUCT_DEFINITION_SHAPE($,$,#20);
#2731=PRODUCT_DEFINITION_SHAPE($,$,#21);
#2732=PRODUCT_DEFINITION_SHAPE($,$,#22);
#2733=SHAPE_REPRESENTATION('',(#813,#861,#862,#863),#2713);
#2734=SHAPE_REPRESENTATION('',(#814),#2714);
#2735=SHAPE_REPRESENTATION('',(#830),#2715);
#2736=SHAPE_REPRESENTATION('',(#847),#2716);
#2737=PRODUCT_DEFINITION_CONTEXT('part definition',#2751,'design');
#2738=PRODUCT_DEFINITION('Index Finger (redesign)',
'Index Finger (redesign)',#2742,#2737);
#2739=PRODUCT_DEFINITION('Proximal phalanx','Proximal phalanx',#2743,#2737);
#2740=PRODUCT_DEFINITION('Middle phalanx','Middle phalanx',#2744,#2737);
#2741=PRODUCT_DEFINITION('Distal phalanx','Distal phalanx',#2745,#2737);
#2742=PRODUCT_DEFINITION_FORMATION('',$,#2753);
#2743=PRODUCT_DEFINITION_FORMATION('',$,#2754);
#2744=PRODUCT_DEFINITION_FORMATION('',$,#2755);
#2745=PRODUCT_DEFINITION_FORMATION('',$,#2756);
#2746=PRODUCT_RELATED_PRODUCT_CATEGORY('Index Finger (redesign)',
'Index Finger (redesign)',(#2753));
#2747=PRODUCT_RELATED_PRODUCT_CATEGORY('Proximal phalanx',
'Proximal phalanx',(#2754));
#2748=PRODUCT_RELATED_PRODUCT_CATEGORY('Middle phalanx',
'Middle phalanx',(#2755));
#2749=PRODUCT_RELATED_PRODUCT_CATEGORY('Distal phalanx',
'Distal phalanx',(#2756));
#2750=APPLICATION_PROTOCOL_DEFINITION('international standard',
'automotive_design',2009,#2751);
#2751=APPLICATION_CONTEXT(
'Core Data for Automotive Mechanical Design Process');
#2752=PRODUCT_CONTEXT('part definition',#2751,'mechanical');
#2753=PRODUCT('Index Finger (redesign)','Index Finger (redesign)',$,(#2752));
#2754=PRODUCT('Proximal phalanx','Proximal phalanx',$,(#2752));
#2755=PRODUCT('Middle phalanx','Middle phalanx',$,(#2752));
#2756=PRODUCT('Distal phalanx','Distal phalanx',$,(#2752));
#2757=PRESENTATION_STYLE_ASSIGNMENT((#2758));
#2758=SURFACE_STYLE_USAGE(.BOTH.,#2759);
#2759=SURFACE_SIDE_STYLE('',(#2760));
#2760=SURFACE_STYLE_FILL_AREA(#2761);
#2761=FILL_AREA_STYLE('Steel - Satin',(#2762));
#2762=FILL_AREA_STYLE_COLOUR('Steel - Satin',#2763);
#2763=COLOUR_RGB('Steel - Satin',0.627450980392157,0.627450980392157,0.627450980392157);
ENDSEC;
END-ISO-10303-21;
