ISO-10303-21;
HEADER;
/* Generated by software containing ST-Developer
 * from STEP Tools, Inc. (www.steptools.com) 
 */

FILE_DESCRIPTION(
/* description */ (''),
/* implementation_level */ '2;1');

FILE_NAME(
/* name */ 'Palm 2.step',
/* time_stamp */ '2026-01-29T12:03:06Z',
/* author */ (''),
/* organization */ (''),
/* preprocessor_version */ 'ST-DEVELOPER v20.1',
/* originating_system */ 'Autodesk Translation Framework v14.24.0.0',
/* authorisation */ '');

FILE_SCHEMA (('AUTOMOTIVE_DESIGN { 1 0 10303 214 3 1 1 }'));
ENDSEC;

DATA;
#10=MECHANICAL_DESIGN_GEOMETRIC_PRESENTATION_REPRESENTATION('',(#21),#2655);
#11=ITEM_DEFINED_TRANSFORMATION($,$,#1390,#1515);
#12=ITEM_DEFINED_TRANSFORMATION($,$,#1389,#1516);
#13=(
REPRESENTATION_RELATIONSHIP($,$,#2670,#2669)
REPRESENTATION_RELATIONSHIP_WITH_TRANSFORMATION(#11)
SHAPE_REPRESENTATION_RELATIONSHIP()
);
#14=(
REPRESENTATION_RELATIONSHIP($,$,#2669,#2668)
REPRESENTATION_RELATIONSHIP_WITH_TRANSFORMATION(#12)
SHAPE_REPRESENTATION_RELATIONSHIP()
);
#15=CONTEXT_DEPENDENT_SHAPE_REPRESENTATION(#13,#2666);
#16=CONTEXT_DEPENDENT_SHAPE_REPRESENTATION(#14,#2667);
#17=NEXT_ASSEMBLY_USAGE_OCCURRENCE('Palm:1','Palm:1','Palm:1',#2673,#2674,
'Palm:1');
#18=NEXT_ASSEMBLY_USAGE_OCCURRENCE('Arm:1','Arm:1','Arm:1',#2672,#2673,
'Arm:1');
#19=SHAPE_REPRESENTATION_RELATIONSHIP('SRR','None',#2670,#20);
#20=ADVANCED_BREP_SHAPE_REPRESENTATION('',(#22),#2654);
#21=STYLED_ITEM('',(#2688),#22);
#22=MANIFOLD_SOLID_BREP('Body2',#1375);
#23=(
BOUNDED_SURFACE()
B_SPLINE_SURFACE(5,1,((#2154,#2155),(#2156,#2157),(#2158,#2159),(#2160,
#2161),(#2162,#2163),(#2164,#2165),(#2166,#2167),(#2168,#2169),(#2170,#2171),
(#2172,#2173),(#2174,#2175),(#2176,#2177),(#2178,#2179),(#2180,#2181),(#2182,
#2183)),.UNSPECIFIED.,.F.,.F.,.F.)
B_SPLINE_SURFACE_WITH_KNOTS((6,1,1,1,1,1,1,1,1,1,6),(2,2),(-1.,-0.9,-0.8,
-0.7,-0.6,-0.5,-0.4,-0.3,-0.2,-0.1,0.),(0.,10.),.UNSPECIFIED.)
GEOMETRIC_REPRESENTATION_ITEM()
RATIONAL_B_SPLINE_SURFACE(((1.,1.),(1.,1.),(1.,1.),(1.,1.),(1.,1.),(1.,
1.),(1.,1.),(1.,1.),(1.,1.),(1.,1.),(1.,1.),(1.,1.),(1.,1.),(1.,1.),(1.,
1.)))
REPRESENTATION_ITEM('')
SURFACE()
);
#24=FACE_BOUND('',#192,.T.);
#25=FACE_BOUND('',#193,.T.);
#26=FACE_BOUND('',#194,.T.);
#27=FACE_BOUND('',#195,.T.);
#28=FACE_BOUND('',#196,.T.);
#29=FACE_BOUND('',#197,.T.);
#30=FACE_BOUND('',#198,.T.);
#31=FACE_BOUND('',#199,.T.);
#32=FACE_BOUND('',#230,.T.);
#33=FACE_BOUND('',#232,.T.);
#34=FACE_BOUND('',#240,.T.);
#35=FACE_BOUND('',#246,.T.);
#36=FACE_BOUND('',#247,.T.);
#37=FACE_BOUND('',#248,.T.);
#38=FACE_BOUND('',#249,.T.);
#39=FACE_BOUND('',#250,.T.);
#40=FACE_BOUND('',#251,.T.);
#41=FACE_BOUND('',#252,.T.);
#42=FACE_BOUND('',#253,.T.);
#43=FACE_BOUND('',#255,.T.);
#44=FACE_BOUND('',#256,.T.);
#45=FACE_BOUND('',#257,.T.);
#46=FACE_BOUND('',#258,.T.);
#47=FACE_BOUND('',#259,.T.);
#48=FACE_BOUND('',#261,.T.);
#49=FACE_BOUND('',#262,.T.);
#50=SPHERICAL_SURFACE('',#1398,3.);
#51=SPHERICAL_SURFACE('',#1401,3.);
#52=ELLIPSE('',#1397,8.28475642464915,3.);
#53=ELLIPSE('',#1409,4.24264068711929,3.);
#54=ELLIPSE('',#1410,3.98007816378229,3.);
#55=ELLIPSE('',#1437,8.13137128227048,3.95);
#56=ELLIPSE('',#1438,8.13137128227048,3.95);
#57=PLANE('',#1395);
#58=PLANE('',#1396);
#59=PLANE('',#1413);
#60=PLANE('',#1414);
#61=PLANE('',#1423);
#62=PLANE('',#1427);
#63=PLANE('',#1431);
#64=PLANE('',#1432);
#65=PLANE('',#1433);
#66=PLANE('',#1434);
#67=PLANE('',#1435);
#68=PLANE('',#1436);
#69=PLANE('',#1439);
#70=PLANE('',#1440);
#71=PLANE('',#1441);
#72=PLANE('',#1442);
#73=PLANE('',#1443);
#74=PLANE('',#1447);
#75=PLANE('',#1451);
#76=PLANE('',#1452);
#77=PLANE('',#1453);
#78=PLANE('',#1454);
#79=PLANE('',#1455);
#80=PLANE('',#1456);
#81=PLANE('',#1457);
#82=PLANE('',#1458);
#83=PLANE('',#1461);
#84=PLANE('',#1466);
#85=PLANE('',#1475);
#86=PLANE('',#1476);
#87=PLANE('',#1477);
#88=PLANE('',#1478);
#89=PLANE('',#1479);
#90=PLANE('',#1480);
#91=PLANE('',#1481);
#92=PLANE('',#1490);
#93=PLANE('',#1491);
#94=PLANE('',#1494);
#95=PLANE('',#1495);
#96=PLANE('',#1501);
#97=PLANE('',#1504);
#98=B_SPLINE_SURFACE_WITH_KNOTS('',3,3,((#1900,#1901,#1902,#1903,#1904,
#1905,#1906,#1907,#1908),(#1909,#1910,#1911,#1912,#1913,#1914,#1915,#1916,
#1917),(#1918,#1919,#1920,#1921,#1922,#1923,#1924,#1925,#1926),(#1927,#1928,
#1929,#1930,#1931,#1932,#1933,#1934,#1935),(#1936,#1937,#1938,#1939,#1940,
#1941,#1942,#1943,#1944),(#1945,#1946,#1947,#1948,#1949,#1950,#1951,#1952,
#1953)),.UNSPECIFIED.,.F.,.F.,.F.,(4,1,1,4),(4,1,1,1,2,4),(0.,0.285714285714286,
0.571428571428571,1.),(0.218461892860418,3.82312537151189,5.84202222909293,
6.22623435727954,8.62934334304719,9.09284615342363),.UNSPECIFIED.);
#99=B_SPLINE_SURFACE_WITH_KNOTS('',3,3,((#2052,#2053,#2054,#2055),(#2056,
#2057,#2058,#2059),(#2060,#2061,#2062,#2063),(#2064,#2065,#2066,#2067),
(#2068,#2069,#2070,#2071)),.UNSPECIFIED.,.F.,.F.,.F.,(4,1,4),(4,4),(0.,
0.571428571428571,1.),(-1.53381957639139E-15,1.1),.UNSPECIFIED.);
#100=B_SPLINE_SURFACE_WITH_KNOTS('',3,1,((#2361,#2362),(#2363,#2364),(#2365,
#2366),(#2367,#2368)),.UNSPECIFIED.,.F.,.F.,.F.,(4,4),(2,2),(-0.858252056170108,
-0.792261859542652),(1.1,1.4),.UNSPECIFIED.);
#101=B_SPLINE_SURFACE_WITH_KNOTS('',3,1,((#2412,#2413),(#2414,#2415),(#2416,
#2417),(#2418,#2419),(#2420,#2421),(#2422,#2423),(#2424,#2425)),
 .UNSPECIFIED.,.F.,.F.,.F.,(4,3,4),(2,2),(-1.,-0.458197975331576,0.),(0.,
1.4),.UNSPECIFIED.);
#102=B_SPLINE_SURFACE_WITH_KNOTS('',3,1,((#2503,#2504),(#2505,#2506),(#2507,
#2508),(#2509,#2510)),.UNSPECIFIED.,.F.,.F.,.F.,(4,4),(2,2),(-0.287044884304141,
-0.215049594490855),(1.1,1.4),.UNSPECIFIED.);
#103=FACE_OUTER_BOUND('',#178,.T.);
#104=FACE_OUTER_BOUND('',#179,.T.);
#105=FACE_OUTER_BOUND('',#180,.T.);
#106=FACE_OUTER_BOUND('',#181,.T.);
#107=FACE_OUTER_BOUND('',#182,.T.);
#108=FACE_OUTER_BOUND('',#183,.T.);
#109=FACE_OUTER_BOUND('',#184,.T.);
#110=FACE_OUTER_BOUND('',#185,.T.);
#111=FACE_OUTER_BOUND('',#186,.T.);
#112=FACE_OUTER_BOUND('',#187,.T.);
#113=FACE_OUTER_BOUND('',#188,.T.);
#114=FACE_OUTER_BOUND('',#189,.T.);
#115=FACE_OUTER_BOUND('',#190,.T.);
#116=FACE_OUTER_BOUND('',#191,.T.);
#117=FACE_OUTER_BOUND('',#200,.T.);
#118=FACE_OUTER_BOUND('',#201,.T.);
#119=FACE_OUTER_BOUND('',#202,.T.);
#120=FACE_OUTER_BOUND('',#203,.T.);
#121=FACE_OUTER_BOUND('',#204,.T.);
#122=FACE_OUTER_BOUND('',#205,.T.);
#123=FACE_OUTER_BOUND('',#206,.T.);
#124=FACE_OUTER_BOUND('',#207,.T.);
#125=FACE_OUTER_BOUND('',#208,.T.);
#126=FACE_OUTER_BOUND('',#209,.T.);
#127=FACE_OUTER_BOUND('',#210,.T.);
#128=FACE_OUTER_BOUND('',#211,.T.);
#129=FACE_OUTER_BOUND('',#212,.T.);
#130=FACE_OUTER_BOUND('',#213,.T.);
#131=FACE_OUTER_BOUND('',#214,.T.);
#132=FACE_OUTER_BOUND('',#215,.T.);
#133=FACE_OUTER_BOUND('',#216,.T.);
#134=FACE_OUTER_BOUND('',#217,.T.);
#135=FACE_OUTER_BOUND('',#218,.T.);
#136=FACE_OUTER_BOUND('',#219,.T.);
#137=FACE_OUTER_BOUND('',#220,.T.);
#138=FACE_OUTER_BOUND('',#221,.T.);
#139=FACE_OUTER_BOUND('',#222,.T.);
#140=FACE_OUTER_BOUND('',#223,.T.);
#141=FACE_OUTER_BOUND('',#224,.T.);
#142=FACE_OUTER_BOUND('',#225,.T.);
#143=FACE_OUTER_BOUND('',#226,.T.);
#144=FACE_OUTER_BOUND('',#227,.T.);
#145=FACE_OUTER_BOUND('',#228,.T.);
#146=FACE_OUTER_BOUND('',#229,.T.);
#147=FACE_OUTER_BOUND('',#231,.T.);
#148=FACE_OUTER_BOUND('',#233,.T.);
#149=FACE_OUTER_BOUND('',#234,.T.);
#150=FACE_OUTER_BOUND('',#235,.T.);
#151=FACE_OUTER_BOUND('',#236,.T.);
#152=FACE_OUTER_BOUND('',#237,.T.);
#153=FACE_OUTER_BOUND('',#238,.T.);
#154=FACE_OUTER_BOUND('',#239,.T.);
#155=FACE_OUTER_BOUND('',#241,.T.);
#156=FACE_OUTER_BOUND('',#242,.T.);
#157=FACE_OUTER_BOUND('',#243,.T.);
#158=FACE_OUTER_BOUND('',#244,.T.);
#159=FACE_OUTER_BOUND('',#245,.T.);
#160=FACE_OUTER_BOUND('',#254,.T.);
#161=FACE_OUTER_BOUND('',#260,.T.);
#162=FACE_OUTER_BOUND('',#263,.T.);
#163=FACE_OUTER_BOUND('',#264,.T.);
#164=FACE_OUTER_BOUND('',#265,.T.);
#165=FACE_OUTER_BOUND('',#266,.T.);
#166=FACE_OUTER_BOUND('',#267,.T.);
#167=FACE_OUTER_BOUND('',#268,.T.);
#168=FACE_OUTER_BOUND('',#269,.T.);
#169=FACE_OUTER_BOUND('',#270,.T.);
#170=FACE_OUTER_BOUND('',#271,.T.);
#171=FACE_OUTER_BOUND('',#272,.T.);
#172=FACE_OUTER_BOUND('',#273,.T.);
#173=FACE_OUTER_BOUND('',#274,.T.);
#174=FACE_OUTER_BOUND('',#275,.T.);
#175=FACE_OUTER_BOUND('',#276,.T.);
#176=FACE_OUTER_BOUND('',#277,.T.);
#177=FACE_OUTER_BOUND('',#278,.T.);
#178=EDGE_LOOP('',(#888,#889,#890,#891,#892));
#179=EDGE_LOOP('',(#893,#894,#895,#896,#897));
#180=EDGE_LOOP('',(#898,#899,#900,#901,#902,#903,#904));
#181=EDGE_LOOP('',(#905,#906,#907,#908,#909,#910));
#182=EDGE_LOOP('',(#911,#912,#913));
#183=EDGE_LOOP('',(#914,#915,#916));
#184=EDGE_LOOP('',(#917,#918,#919,#920,#921,#922));
#185=EDGE_LOOP('',(#923,#924,#925,#926));
#186=EDGE_LOOP('',(#927,#928,#929,#930));
#187=EDGE_LOOP('',(#931,#932,#933,#934));
#188=EDGE_LOOP('',(#935,#936,#937,#938));
#189=EDGE_LOOP('',(#939,#940,#941,#942,#943,#944,#945));
#190=EDGE_LOOP('',(#946,#947,#948,#949));
#191=EDGE_LOOP('',(#950,#951,#952,#953));
#192=EDGE_LOOP('',(#954));
#193=EDGE_LOOP('',(#955));
#194=EDGE_LOOP('',(#956));
#195=EDGE_LOOP('',(#957));
#196=EDGE_LOOP('',(#958));
#197=EDGE_LOOP('',(#959));
#198=EDGE_LOOP('',(#960));
#199=EDGE_LOOP('',(#961));
#200=EDGE_LOOP('',(#962,#963,#964,#965,#966));
#201=EDGE_LOOP('',(#967,#968,#969,#970));
#202=EDGE_LOOP('',(#971,#972,#973,#974));
#203=EDGE_LOOP('',(#975));
#204=EDGE_LOOP('',(#976,#977,#978,#979));
#205=EDGE_LOOP('',(#980));
#206=EDGE_LOOP('',(#981,#982,#983,#984));
#207=EDGE_LOOP('',(#985,#986,#987,#988));
#208=EDGE_LOOP('',(#989,#990,#991,#992));
#209=EDGE_LOOP('',(#993,#994,#995,#996));
#210=EDGE_LOOP('',(#997,#998,#999,#1000,#1001,#1002,#1003,#1004,#1005,#1006,
#1007,#1008,#1009,#1010,#1011,#1012));
#211=EDGE_LOOP('',(#1013,#1014,#1015,#1016));
#212=EDGE_LOOP('',(#1017,#1018,#1019,#1020));
#213=EDGE_LOOP('',(#1021,#1022,#1023,#1024));
#214=EDGE_LOOP('',(#1025,#1026,#1027,#1028));
#215=EDGE_LOOP('',(#1029,#1030,#1031,#1032,#1033,#1034,#1035,#1036));
#216=EDGE_LOOP('',(#1037,#1038,#1039,#1040));
#217=EDGE_LOOP('',(#1041));
#218=EDGE_LOOP('',(#1042,#1043,#1044,#1045));
#219=EDGE_LOOP('',(#1046));
#220=EDGE_LOOP('',(#1047,#1048,#1049,#1050));
#221=EDGE_LOOP('',(#1051,#1052,#1053,#1054));
#222=EDGE_LOOP('',(#1055,#1056,#1057,#1058));
#223=EDGE_LOOP('',(#1059,#1060,#1061,#1062));
#224=EDGE_LOOP('',(#1063,#1064,#1065,#1066,#1067,#1068,#1069,#1070,#1071,
#1072,#1073,#1074,#1075,#1076,#1077,#1078));
#225=EDGE_LOOP('',(#1079,#1080,#1081,#1082));
#226=EDGE_LOOP('',(#1083,#1084,#1085,#1086));
#227=EDGE_LOOP('',(#1087,#1088,#1089,#1090));
#228=EDGE_LOOP('',(#1091,#1092,#1093,#1094));
#229=EDGE_LOOP('',(#1095));
#230=EDGE_LOOP('',(#1096));
#231=EDGE_LOOP('',(#1097,#1098));
#232=EDGE_LOOP('',(#1099));
#233=EDGE_LOOP('',(#1100,#1101,#1102,#1103));
#234=EDGE_LOOP('',(#1104,#1105));
#235=EDGE_LOOP('',(#1106,#1107,#1108,#1109));
#236=EDGE_LOOP('',(#1110,#1111,#1112,#1113));
#237=EDGE_LOOP('',(#1114,#1115,#1116,#1117));
#238=EDGE_LOOP('',(#1118,#1119));
#239=EDGE_LOOP('',(#1120,#1121,#1122,#1123,#1124,#1125));
#240=EDGE_LOOP('',(#1126));
#241=EDGE_LOOP('',(#1127,#1128,#1129,#1130,#1131,#1132,#1133,#1134));
#242=EDGE_LOOP('',(#1135,#1136,#1137,#1138));
#243=EDGE_LOOP('',(#1139,#1140,#1141,#1142,#1143,#1144,#1145,#1146));
#244=EDGE_LOOP('',(#1147,#1148,#1149,#1150));
#245=EDGE_LOOP('',(#1151,#1152,#1153,#1154));
#246=EDGE_LOOP('',(#1155));
#247=EDGE_LOOP('',(#1156));
#248=EDGE_LOOP('',(#1157));
#249=EDGE_LOOP('',(#1158));
#250=EDGE_LOOP('',(#1159));
#251=EDGE_LOOP('',(#1160));
#252=EDGE_LOOP('',(#1161));
#253=EDGE_LOOP('',(#1162));
#254=EDGE_LOOP('',(#1163,#1164,#1165,#1166,#1167,#1168,#1169,#1170,#1171,
#1172));
#255=EDGE_LOOP('',(#1173));
#256=EDGE_LOOP('',(#1174));
#257=EDGE_LOOP('',(#1175));
#258=EDGE_LOOP('',(#1176));
#259=EDGE_LOOP('',(#1177,#1178,#1179,#1180,#1181,#1182,#1183,#1184,#1185,
#1186,#1187,#1188,#1189,#1190,#1191,#1192,#1193,#1194,#1195,#1196,#1197,
#1198,#1199,#1200));
#260=EDGE_LOOP('',(#1201,#1202,#1203,#1204));
#261=EDGE_LOOP('',(#1205));
#262=EDGE_LOOP('',(#1206));
#263=EDGE_LOOP('',(#1207,#1208,#1209,#1210));
#264=EDGE_LOOP('',(#1211,#1212,#1213,#1214,#1215,#1216,#1217,#1218,#1219));
#265=EDGE_LOOP('',(#1220,#1221,#1222,#1223,#1224,#1225));
#266=EDGE_LOOP('',(#1226));
#267=EDGE_LOOP('',(#1227,#1228,#1229,#1230,#1231,#1232));
#268=EDGE_LOOP('',(#1233));
#269=EDGE_LOOP('',(#1234,#1235,#1236,#1237));
#270=EDGE_LOOP('',(#1238,#1239,#1240,#1241));
#271=EDGE_LOOP('',(#1242,#1243,#1244,#1245));
#272=EDGE_LOOP('',(#1246,#1247,#1248,#1249));
#273=EDGE_LOOP('',(#1250,#1251,#1252,#1253));
#274=EDGE_LOOP('',(#1254,#1255,#1256,#1257));
#275=EDGE_LOOP('',(#1258,#1259,#1260,#1261));
#276=EDGE_LOOP('',(#1262,#1263,#1264,#1265));
#277=EDGE_LOOP('',(#1266,#1267,#1268,#1269));
#278=EDGE_LOOP('',(#1270,#1271,#1272,#1273));
#279=B_SPLINE_CURVE_WITH_KNOTS('',3,(#1890,#1891,#1892,#1893,#1894,#1895,
#1896,#1897,#1898,#1899),.UNSPECIFIED.,.F.,.F.,(4,2,2,2,4),(-0.510311753190482,
-0.50932197967421,-0.338258932037764,-0.192600690909053,-0.1132069836942),
 .UNSPECIFIED.);
#280=B_SPLINE_CURVE_WITH_KNOTS('',3,(#1955,#1956,#1957,#1958,#1959,#1960,
#1961,#1962,#1963),.UNSPECIFIED.,.F.,.F.,(4,2,1,1,1,4),(-8.80715764269835,
-8.62934334304719,-6.22623435727954,-5.84202222909293,-3.82312537151189,
-0.218461892860418),.UNSPECIFIED.);
#281=B_SPLINE_CURVE_WITH_KNOTS('',3,(#1967,#1968,#1969,#1970,#1971,#1972,
#1973,#1974,#1975),.UNSPECIFIED.,.F.,.F.,(4,1,1,1,2,4),(0.218461892860418,
3.82312537151189,5.84202222909293,6.22623435727954,8.62934334304719,8.63049460294496),
 .UNSPECIFIED.);
#282=B_SPLINE_CURVE_WITH_KNOTS('',3,(#1976,#1977,#1978,#1979,#1980,#1981,
#1982,#1983,#1984,#1985,#1986,#1987),.UNSPECIFIED.,.F.,.F.,(4,2,2,2,2,4),
(0.,0.00914512424353596,0.0210820038165678,0.0435849559786521,0.103003119606344,
0.36374292008966),.UNSPECIFIED.);
#283=B_SPLINE_CURVE_WITH_KNOTS('',3,(#2019,#2020,#2021,#2022,#2023,#2024,
#2025,#2026,#2027,#2028,#2029,#2030,#2031,#2032,#2033),.UNSPECIFIED.,.F.,
 .F.,(4,2,2,3,2,2,4),(-0.271319939844272,-0.193916437745315,-0.0969582188726572,
0.,0.0969582188726575,0.193916437745315,0.271319939844273),
 .UNSPECIFIED.);
#284=B_SPLINE_CURVE_WITH_KNOTS('',3,(#2074,#2075,#2076,#2077,#2078,#2079,
#2080,#2081,#2082,#2083,#2084,#2085,#2086,#2087),.UNSPECIFIED.,.F.,.F.,
(4,2,2,2,2,2,4),(0.,0.0837570492993398,0.189084223373109,0.285458135970834,
0.313504038245323,0.327762782269089,0.334986675961867),.UNSPECIFIED.);
#285=B_SPLINE_CURVE_WITH_KNOTS('',3,(#2089,#2090,#2091,#2092,#2093,#2094,
#2095,#2096,#2097,#2098,#2099,#2100,#2101,#2102,#2103,#2104),
 .UNSPECIFIED.,.F.,.F.,(4,2,2,2,2,2,2,4),(0.334986675961867,0.33921086274894,
0.352222490727459,0.37443762064834,0.420825850374797,0.4941364289797,0.586223364505159,
0.669584998955366),.UNSPECIFIED.);
#286=B_SPLINE_CURVE_WITH_KNOTS('',3,(#2106,#2107,#2108,#2109),
 .UNSPECIFIED.,.F.,.F.,(4,4),(-0.442821382600542,1.53381957639139E-15),
 .UNSPECIFIED.);
#287=B_SPLINE_CURVE_WITH_KNOTS('',3,(#2111,#2112,#2113,#2114,#2115,#2116,
#2117),.UNSPECIFIED.,.F.,.F.,(4,3,4),(-2.77555756156289E-17,0.162843187306659,
0.379967437048871),.UNSPECIFIED.);
#288=B_SPLINE_CURVE_WITH_KNOTS('',3,(#2118,#2119,#2120,#2121),
 .UNSPECIFIED.,.F.,.F.,(4,4),(-1.53381957639139E-15,1.1),.UNSPECIFIED.);
#289=B_SPLINE_CURVE_WITH_KNOTS('',3,(#2122,#2123,#2124,#2125),
 .UNSPECIFIED.,.F.,.F.,(4,4),(-1.1,-0.931970123032164),.UNSPECIFIED.);
#290=B_SPLINE_CURVE_WITH_KNOTS('',3,(#2184,#2185,#2186,#2187,#2188,#2189,
#2190,#2191,#2192,#2193,#2194,#2195,#2196,#2197,#2198,#2199,#2200,#2201,
#2202,#2203,#2204,#2205,#2206,#2207,#2208,#2209,#2210,#2211,#2212,#2213,
#2214,#2215,#2216,#2217,#2218,#2219,#2220,#2221,#2222,#2223,#2224,#2225,
#2226,#2227,#2228,#2229,#2230,#2231,#2232,#2233,#2234,#2235,#2236,#2237,
#2238,#2239,#2240,#2241,#2242,#2243,#2244,#2245,#2246,#2247,#2248,#2249,
#2250),.UNSPECIFIED.,.F.,.F.,(4,3,3,3,3,3,3,3,3,3,3,3,3,3,3,3,3,3,3,3,3,
3,4),(-8.17474341501197,-7.8191574698311,-7.45909156498672,-7.08862894016798,
-6.703736035099,-6.2834360251288,-5.71658697757963,-5.26635383165431,-4.89880990183122,
-4.57627929531846,-4.27653211424807,-3.97760989170468,-3.66539506796444,
-3.33481891061194,-2.97308275261757,-2.51798636132074,-1.93314509284808,
-1.51114624384725,-1.13335968288544,-0.771102900541944,-0.415098823469071,
-0.0645993400251374,0.),.UNSPECIFIED.);
#291=B_SPLINE_CURVE_WITH_KNOTS('',3,(#2371,#2372,#2373,#2374),
 .UNSPECIFIED.,.F.,.F.,(4,4),(0.,0.3),.UNSPECIFIED.);
#292=B_SPLINE_CURVE_WITH_KNOTS('',3,(#2376,#2377,#2378,#2379),
 .UNSPECIFIED.,.F.,.F.,(4,4),(-0.858252056170108,-0.792261859542652),
 .UNSPECIFIED.);
#293=B_SPLINE_CURVE_WITH_KNOTS('',3,(#2381,#2382,#2383,#2384),
 .UNSPECIFIED.,.F.,.F.,(4,4),(0.,0.3),.UNSPECIFIED.);
#294=B_SPLINE_CURVE_WITH_KNOTS('',3,(#2385,#2386,#2387,#2388),
 .UNSPECIFIED.,.F.,.F.,(4,4),(0.792261859547002,0.858252056170108),
 .UNSPECIFIED.);
#295=B_SPLINE_CURVE_WITH_KNOTS('',3,(#2392,#2393,#2394,#2395),
 .UNSPECIFIED.,.F.,.F.,(4,4),(-0.350000000000001,-0.0500000000000012),
 .UNSPECIFIED.);
#296=B_SPLINE_CURVE_WITH_KNOTS('',3,(#2401,#2402,#2403,#2404),
 .UNSPECIFIED.,.F.,.F.,(4,4),(-0.300000000000001,0.),.UNSPECIFIED.);
#297=B_SPLINE_CURVE_WITH_KNOTS('',3,(#2408,#2409,#2410,#2411),
 .UNSPECIFIED.,.F.,.F.,(4,4),(-0.6518737217396,-0.0525027424962469),
 .UNSPECIFIED.);
#298=B_SPLINE_CURVE_WITH_KNOTS('',3,(#2427,#2428,#2429,#2430),
 .UNSPECIFIED.,.F.,.F.,(4,4),(-0.989034866400212,-0.858252056169991),
 .UNSPECIFIED.);
#299=B_SPLINE_CURVE_WITH_KNOTS('',3,(#2432,#2433,#2434,#2435),
 .UNSPECIFIED.,.F.,.F.,(4,4),(-1.4,-1.0593854477795),.UNSPECIFIED.);
#300=B_SPLINE_CURVE_WITH_KNOTS('',3,(#2437,#2438,#2439,#2440),
 .UNSPECIFIED.,.F.,.F.,(4,4),(-2.36058930702249,-1.93558130929348),
 .UNSPECIFIED.);
#301=B_SPLINE_CURVE_WITH_KNOTS('',3,(#2442,#2443,#2444,#2445,#2446,#2447),
 .UNSPECIFIED.,.F.,.F.,(4,2,4),(-0.873593644694314,-0.630000000000001,-0.27161484967298),
 .UNSPECIFIED.);
#302=B_SPLINE_CURVE_WITH_KNOTS('',3,(#2449,#2450,#2451,#2452,#2453,#2454,
#2455),.UNSPECIFIED.,.F.,.F.,(4,3,4),(-0.237548478988424,-0.067772739940807,
0.),.UNSPECIFIED.);
#303=B_SPLINE_CURVE_WITH_KNOTS('',3,(#2457,#2458,#2459,#2460),
 .UNSPECIFIED.,.F.,.F.,(4,4),(-0.365823046587795,-0.14),.UNSPECIFIED.);
#304=B_SPLINE_CURVE_WITH_KNOTS('',3,(#2462,#2463,#2464,#2465,#2466,#2467,
#2468),.UNSPECIFIED.,.F.,.F.,(4,3,4),(0.00529739901089018,3.82550335696251,
8.25766112100699),.UNSPECIFIED.);
#305=B_SPLINE_CURVE_WITH_KNOTS('',3,(#2470,#2471,#2472,#2473,#2474,#2475),
 .UNSPECIFIED.,.F.,.F.,(4,2,4),(0.,0.700000000000001,1.26),
 .UNSPECIFIED.);
#306=B_SPLINE_CURVE_WITH_KNOTS('',3,(#2477,#2478,#2479,#2480),
 .UNSPECIFIED.,.F.,.F.,(4,4),(-0.215049594592849,-0.000654186973649383),
 .UNSPECIFIED.);
#307=B_SPLINE_CURVE_WITH_KNOTS('',3,(#2482,#2483,#2484,#2485),
 .UNSPECIFIED.,.F.,.F.,(4,4),(-0.35,-0.05),.UNSPECIFIED.);
#308=B_SPLINE_CURVE_WITH_KNOTS('',3,(#2487,#2488,#2489,#2490),
 .UNSPECIFIED.,.F.,.F.,(4,4),(-0.650963964390548,-0.0509209102175129),
 .UNSPECIFIED.);
#309=B_SPLINE_CURVE_WITH_KNOTS('',3,(#2492,#2493,#2494,#2495),
 .UNSPECIFIED.,.F.,.F.,(4,4),(-0.3,0.),.UNSPECIFIED.);
#310=B_SPLINE_CURVE_WITH_KNOTS('',3,(#2496,#2497,#2498,#2499,#2500,#2501,
#2502),.UNSPECIFIED.,.F.,.F.,(4,3,4),(-0.792261859551425,-0.458197975331576,
-0.287044884304094),.UNSPECIFIED.);
#311=B_SPLINE_CURVE_WITH_KNOTS('',3,(#2513,#2514,#2515,#2516),
 .UNSPECIFIED.,.F.,.F.,(4,4),(0.,0.3),.UNSPECIFIED.);
#312=B_SPLINE_CURVE_WITH_KNOTS('',3,(#2518,#2519,#2520,#2521),
 .UNSPECIFIED.,.F.,.F.,(4,4),(-0.287044884304141,-0.215049594627647),
 .UNSPECIFIED.);
#313=B_SPLINE_CURVE_WITH_KNOTS('',3,(#2523,#2524,#2525,#2526),
 .UNSPECIFIED.,.F.,.F.,(4,4),(0.,0.3),.UNSPECIFIED.);
#314=B_SPLINE_CURVE_WITH_KNOTS('',3,(#2527,#2528,#2529,#2530),
 .UNSPECIFIED.,.F.,.F.,(4,4),(0.215049594576641,0.287044884304142),
 .UNSPECIFIED.);
#315=LINE('',#1885,#417);
#316=LINE('',#1889,#418);
#317=LINE('',#1990,#419);
#318=LINE('',#1992,#420);
#319=LINE('',#1994,#421);
#320=LINE('',#1996,#422);
#321=LINE('',#1997,#423);
#322=LINE('',#2000,#424);
#323=LINE('',#2002,#425);
#324=LINE('',#2004,#426);
#325=LINE('',#2034,#427);
#326=LINE('',#2036,#428);
#327=LINE('',#2039,#429);
#328=LINE('',#2041,#430);
#329=LINE('',#2045,#431);
#330=LINE('',#2049,#432);
#331=LINE('',#2051,#433);
#332=LINE('',#2128,#434);
#333=LINE('',#2129,#435);
#334=LINE('',#2132,#436);
#335=LINE('',#2133,#437);
#336=LINE('',#2152,#438);
#337=LINE('',#2153,#439);
#338=LINE('',#2255,#440);
#339=LINE('',#2262,#441);
#340=LINE('',#2268,#442);
#341=LINE('',#2270,#443);
#342=LINE('',#2272,#444);
#343=LINE('',#2273,#445);
#344=LINE('',#2277,#446);
#345=LINE('',#2278,#447);
#346=LINE('',#2279,#448);
#347=LINE('',#2282,#449);
#348=LINE('',#2283,#450);
#349=LINE('',#2286,#451);
#350=LINE('',#2287,#452);
#351=LINE('',#2290,#453);
#352=LINE('',#2292,#454);
#353=LINE('',#2294,#455);
#354=LINE('',#2296,#456);
#355=LINE('',#2298,#457);
#356=LINE('',#2300,#458);
#357=LINE('',#2302,#459);
#358=LINE('',#2304,#460);
#359=LINE('',#2308,#461);
#360=LINE('',#2312,#462);
#361=LINE('',#2313,#463);
#362=LINE('',#2317,#464);
#363=LINE('',#2319,#465);
#364=LINE('',#2321,#466);
#365=LINE('',#2322,#467);
#366=LINE('',#2326,#468);
#367=LINE('',#2327,#469);
#368=LINE('',#2328,#470);
#369=LINE('',#2331,#471);
#370=LINE('',#2332,#472);
#371=LINE('',#2335,#473);
#372=LINE('',#2336,#474);
#373=LINE('',#2339,#475);
#374=LINE('',#2341,#476);
#375=LINE('',#2343,#477);
#376=LINE('',#2345,#478);
#377=LINE('',#2346,#479);
#378=LINE('',#2351,#480);
#379=LINE('',#2358,#481);
#380=LINE('',#2396,#482);
#381=LINE('',#2397,#483);
#382=LINE('',#2405,#484);
#383=LINE('',#2406,#485);
#384=LINE('',#2532,#486);
#385=LINE('',#2533,#487);
#386=LINE('',#2535,#488);
#387=LINE('',#2536,#489);
#388=LINE('',#2549,#490);
#389=LINE('',#2562,#491);
#390=LINE('',#2563,#492);
#391=LINE('',#2565,#493);
#392=LINE('',#2566,#494);
#393=LINE('',#2569,#495);
#394=LINE('',#2571,#496);
#395=LINE('',#2572,#497);
#396=LINE('',#2575,#498);
#397=LINE('',#2576,#499);
#398=LINE('',#2579,#500);
#399=LINE('',#2580,#501);
#400=LINE('',#2582,#502);
#401=LINE('',#2601,#503);
#402=LINE('',#2602,#504);
#403=LINE('',#2603,#505);
#404=LINE('',#2605,#506);
#405=LINE('',#2618,#507);
#406=LINE('',#2623,#508);
#407=LINE('',#2627,#509);
#408=LINE('',#2629,#510);
#409=LINE('',#2631,#511);
#410=LINE('',#2633,#512);
#411=LINE('',#2635,#513);
#412=LINE('',#2637,#514);
#413=LINE('',#2639,#515);
#414=LINE('',#2641,#516);
#415=LINE('',#2643,#517);
#416=LINE('',#2645,#518);
#417=VECTOR('',#1527,10.);
#418=VECTOR('',#1530,10.);
#419=VECTOR('',#1535,10.);
#420=VECTOR('',#1536,10.);
#421=VECTOR('',#1537,10.);
#422=VECTOR('',#1538,10.);
#423=VECTOR('',#1539,10.);
#424=VECTOR('',#1542,10.);
#425=VECTOR('',#1543,10.);
#426=VECTOR('',#1544,10.);
#427=VECTOR('',#1563,10.);
#428=VECTOR('',#1564,10.);
#429=VECTOR('',#1567,10.);
#430=VECTOR('',#1570,10.);
#431=VECTOR('',#1573,10.);
#432=VECTOR('',#1580,10.);
#433=VECTOR('',#1583,10.);
#434=VECTOR('',#1586,10.);
#435=VECTOR('',#1587,10.);
#436=VECTOR('',#1590,10.);
#437=VECTOR('',#1591,10.);
#438=VECTOR('',#1610,10.);
#439=VECTOR('',#1611,10.);
#440=VECTOR('',#1616,2.60000000000001);
#441=VECTOR('',#1625,2.6);
#442=VECTOR('',#1632,10.);
#443=VECTOR('',#1633,10.);
#444=VECTOR('',#1634,10.);
#445=VECTOR('',#1635,10.);
#446=VECTOR('',#1638,10.);
#447=VECTOR('',#1639,10.);
#448=VECTOR('',#1640,10.);
#449=VECTOR('',#1643,10.);
#450=VECTOR('',#1644,10.);
#451=VECTOR('',#1647,10.);
#452=VECTOR('',#1648,10.);
#453=VECTOR('',#1651,10.);
#454=VECTOR('',#1652,10.);
#455=VECTOR('',#1653,10.);
#456=VECTOR('',#1654,10.);
#457=VECTOR('',#1655,10.);
#458=VECTOR('',#1656,10.);
#459=VECTOR('',#1657,10.);
#460=VECTOR('',#1658,10.);
#461=VECTOR('',#1661,10.);
#462=VECTOR('',#1664,10.);
#463=VECTOR('',#1665,10.);
#464=VECTOR('',#1668,10.);
#465=VECTOR('',#1669,10.);
#466=VECTOR('',#1670,10.);
#467=VECTOR('',#1671,10.);
#468=VECTOR('',#1674,10.);
#469=VECTOR('',#1675,10.);
#470=VECTOR('',#1676,10.);
#471=VECTOR('',#1679,10.);
#472=VECTOR('',#1680,10.);
#473=VECTOR('',#1683,10.);
#474=VECTOR('',#1684,10.);
#475=VECTOR('',#1687,10.);
#476=VECTOR('',#1688,10.);
#477=VECTOR('',#1689,10.);
#478=VECTOR('',#1690,10.);
#479=VECTOR('',#1691,10.);
#480=VECTOR('',#1696,2.6);
#481=VECTOR('',#1705,2.6);
#482=VECTOR('',#1712,10.);
#483=VECTOR('',#1713,10.);
#484=VECTOR('',#1716,10.);
#485=VECTOR('',#1717,10.);
#486=VECTOR('',#1722,10.);
#487=VECTOR('',#1723,10.);
#488=VECTOR('',#1726,10.);
#489=VECTOR('',#1727,10.);
#490=VECTOR('',#1744,2.);
#491=VECTOR('',#1769,10.);
#492=VECTOR('',#1770,10.);
#493=VECTOR('',#1773,10.);
#494=VECTOR('',#1774,10.);
#495=VECTOR('',#1777,10.);
#496=VECTOR('',#1778,10.);
#497=VECTOR('',#1779,10.);
#498=VECTOR('',#1782,10.);
#499=VECTOR('',#1783,10.);
#500=VECTOR('',#1786,10.);
#501=VECTOR('',#1787,10.);
#502=VECTOR('',#1790,10.);
#503=VECTOR('',#1809,10.);
#504=VECTOR('',#1810,10.);
#505=VECTOR('',#1811,10.);
#506=VECTOR('',#1814,10.);
#507=VECTOR('',#1831,2.55000000000001);
#508=VECTOR('',#1838,2.55);
#509=VECTOR('',#1845,2.);
#510=VECTOR('',#1848,2.);
#511=VECTOR('',#1851,1.99999999999999);
#512=VECTOR('',#1854,1.99999999999999);
#513=VECTOR('',#1857,1.99999999999999);
#514=VECTOR('',#1860,1.99999999999999);
#515=VECTOR('',#1863,2.);
#516=VECTOR('',#1866,1.99999999999999);
#517=VECTOR('',#1869,1.99999999999999);
#518=VECTOR('',#1872,2.);
#519=CIRCLE('',#1392,3.);
#520=CIRCLE('',#1393,3.);
#521=CIRCLE('',#1394,3.);
#522=CIRCLE('',#1399,3.);
#523=CIRCLE('',#1400,3.00000000000001);
#524=CIRCLE('',#1402,3.);
#525=CIRCLE('',#1403,3.);
#526=CIRCLE('',#1404,3.);
#527=CIRCLE('',#1406,3.);
#528=CIRCLE('',#1415,2.);
#529=CIRCLE('',#1416,1.99999999999999);
#530=CIRCLE('',#1417,1.99999999999999);
#531=CIRCLE('',#1418,2.);
#532=CIRCLE('',#1419,1.99999999999999);
#533=CIRCLE('',#1420,1.99999999999999);
#534=CIRCLE('',#1421,1.99999999999999);
#535=CIRCLE('',#1422,1.99999999999999);
#536=CIRCLE('',#1425,2.60000000000001);
#537=CIRCLE('',#1426,2.60000000000001);
#538=CIRCLE('',#1429,2.6);
#539=CIRCLE('',#1430,2.6);
#540=CIRCLE('',#1445,2.6);
#541=CIRCLE('',#1446,2.6);
#542=CIRCLE('',#1449,2.6);
#543=CIRCLE('',#1450,2.6);
#544=CIRCLE('',#1459,3.4);
#545=CIRCLE('',#1460,2.);
#546=CIRCLE('',#1462,3.4);
#547=CIRCLE('',#1463,2.);
#548=CIRCLE('',#1465,3.4);
#549=CIRCLE('',#1467,3.95);
#550=CIRCLE('',#1469,3.4);
#551=CIRCLE('',#1471,3.95);
#552=CIRCLE('',#1473,3.95000000000001);
#553=CIRCLE('',#1474,3.95000000000001);
#554=CIRCLE('',#1482,2.);
#555=CIRCLE('',#1483,1.99999999999999);
#556=CIRCLE('',#1484,1.99999999999999);
#557=CIRCLE('',#1485,1.99999999999999);
#558=CIRCLE('',#1486,1.99999999999999);
#559=CIRCLE('',#1487,1.99999999999999);
#560=CIRCLE('',#1488,2.);
#561=CIRCLE('',#1489,1.99999999999999);
#562=CIRCLE('',#1492,2.);
#563=CIRCLE('',#1493,2.);
#564=CIRCLE('',#1496,2.55000000000001);
#565=CIRCLE('',#1497,2.55);
#566=CIRCLE('',#1498,2.55);
#567=CIRCLE('',#1500,2.55000000000001);
#568=CIRCLE('',#1503,2.55);
#569=VERTEX_POINT('',#1881);
#570=VERTEX_POINT('',#1882);
#571=VERTEX_POINT('',#1884);
#572=VERTEX_POINT('',#1886);
#573=VERTEX_POINT('',#1888);
#574=VERTEX_POINT('',#1954);
#575=VERTEX_POINT('',#1964);
#576=VERTEX_POINT('',#1966);
#577=VERTEX_POINT('',#1989);
#578=VERTEX_POINT('',#1991);
#579=VERTEX_POINT('',#1993);
#580=VERTEX_POINT('',#1995);
#581=VERTEX_POINT('',#1999);
#582=VERTEX_POINT('',#2001);
#583=VERTEX_POINT('',#2003);
#584=VERTEX_POINT('',#2007);
#585=VERTEX_POINT('',#2011);
#586=VERTEX_POINT('',#2013);
#587=VERTEX_POINT('',#2017);
#588=VERTEX_POINT('',#2018);
#589=VERTEX_POINT('',#2035);
#590=VERTEX_POINT('',#2037);
#591=VERTEX_POINT('',#2043);
#592=VERTEX_POINT('',#2044);
#593=VERTEX_POINT('',#2072);
#594=VERTEX_POINT('',#2073);
#595=VERTEX_POINT('',#2088);
#596=VERTEX_POINT('',#2105);
#597=VERTEX_POINT('',#2110);
#598=VERTEX_POINT('',#2127);
#599=VERTEX_POINT('',#2131);
#600=VERTEX_POINT('',#2134);
#601=VERTEX_POINT('',#2136);
#602=VERTEX_POINT('',#2138);
#603=VERTEX_POINT('',#2140);
#604=VERTEX_POINT('',#2142);
#605=VERTEX_POINT('',#2144);
#606=VERTEX_POINT('',#2146);
#607=VERTEX_POINT('',#2148);
#608=VERTEX_POINT('',#2151);
#609=VERTEX_POINT('',#2252);
#610=VERTEX_POINT('',#2254);
#611=VERTEX_POINT('',#2259);
#612=VERTEX_POINT('',#2261);
#613=VERTEX_POINT('',#2266);
#614=VERTEX_POINT('',#2267);
#615=VERTEX_POINT('',#2269);
#616=VERTEX_POINT('',#2271);
#617=VERTEX_POINT('',#2275);
#618=VERTEX_POINT('',#2276);
#619=VERTEX_POINT('',#2281);
#620=VERTEX_POINT('',#2285);
#621=VERTEX_POINT('',#2289);
#622=VERTEX_POINT('',#2291);
#623=VERTEX_POINT('',#2293);
#624=VERTEX_POINT('',#2295);
#625=VERTEX_POINT('',#2297);
#626=VERTEX_POINT('',#2299);
#627=VERTEX_POINT('',#2301);
#628=VERTEX_POINT('',#2303);
#629=VERTEX_POINT('',#2305);
#630=VERTEX_POINT('',#2307);
#631=VERTEX_POINT('',#2309);
#632=VERTEX_POINT('',#2311);
#633=VERTEX_POINT('',#2315);
#634=VERTEX_POINT('',#2316);
#635=VERTEX_POINT('',#2318);
#636=VERTEX_POINT('',#2320);
#637=VERTEX_POINT('',#2324);
#638=VERTEX_POINT('',#2325);
#639=VERTEX_POINT('',#2330);
#640=VERTEX_POINT('',#2334);
#641=VERTEX_POINT('',#2338);
#642=VERTEX_POINT('',#2340);
#643=VERTEX_POINT('',#2342);
#644=VERTEX_POINT('',#2344);
#645=VERTEX_POINT('',#2348);
#646=VERTEX_POINT('',#2350);
#647=VERTEX_POINT('',#2355);
#648=VERTEX_POINT('',#2357);
#649=VERTEX_POINT('',#2369);
#650=VERTEX_POINT('',#2370);
#651=VERTEX_POINT('',#2375);
#652=VERTEX_POINT('',#2380);
#653=VERTEX_POINT('',#2390);
#654=VERTEX_POINT('',#2391);
#655=VERTEX_POINT('',#2399);
#656=VERTEX_POINT('',#2400);
#657=VERTEX_POINT('',#2426);
#658=VERTEX_POINT('',#2431);
#659=VERTEX_POINT('',#2436);
#660=VERTEX_POINT('',#2441);
#661=VERTEX_POINT('',#2448);
#662=VERTEX_POINT('',#2456);
#663=VERTEX_POINT('',#2461);
#664=VERTEX_POINT('',#2469);
#665=VERTEX_POINT('',#2476);
#666=VERTEX_POINT('',#2481);
#667=VERTEX_POINT('',#2486);
#668=VERTEX_POINT('',#2491);
#669=VERTEX_POINT('',#2511);
#670=VERTEX_POINT('',#2512);
#671=VERTEX_POINT('',#2517);
#672=VERTEX_POINT('',#2522);
#673=VERTEX_POINT('',#2539);
#674=VERTEX_POINT('',#2541);
#675=VERTEX_POINT('',#2545);
#676=VERTEX_POINT('',#2548);
#677=VERTEX_POINT('',#2568);
#678=VERTEX_POINT('',#2570);
#679=VERTEX_POINT('',#2574);
#680=VERTEX_POINT('',#2578);
#681=VERTEX_POINT('',#2583);
#682=VERTEX_POINT('',#2585);
#683=VERTEX_POINT('',#2587);
#684=VERTEX_POINT('',#2589);
#685=VERTEX_POINT('',#2591);
#686=VERTEX_POINT('',#2593);
#687=VERTEX_POINT('',#2595);
#688=VERTEX_POINT('',#2597);
#689=VERTEX_POINT('',#2600);
#690=VERTEX_POINT('',#2606);
#691=VERTEX_POINT('',#2608);
#692=VERTEX_POINT('',#2613);
#693=VERTEX_POINT('',#2617);
#694=VERTEX_POINT('',#2622);
#695=EDGE_CURVE('',#569,#570,#519,.T.);
#696=EDGE_CURVE('',#570,#571,#315,.T.);
#697=EDGE_CURVE('',#571,#572,#520,.T.);
#698=EDGE_CURVE('',#572,#573,#316,.T.);
#699=EDGE_CURVE('',#573,#569,#279,.T.);
#700=EDGE_CURVE('',#573,#574,#280,.T.);
#701=EDGE_CURVE('',#574,#575,#521,.F.);
#702=EDGE_CURVE('',#575,#576,#281,.T.);
#703=EDGE_CURVE('',#576,#569,#282,.T.);
#704=EDGE_CURVE('',#577,#572,#317,.T.);
#705=EDGE_CURVE('',#578,#577,#318,.T.);
#706=EDGE_CURVE('',#579,#578,#319,.T.);
#707=EDGE_CURVE('',#580,#579,#320,.T.);
#708=EDGE_CURVE('',#574,#580,#321,.T.);
#709=EDGE_CURVE('',#571,#581,#322,.T.);
#710=EDGE_CURVE('',#581,#582,#323,.T.);
#711=EDGE_CURVE('',#582,#583,#324,.T.);
#712=EDGE_CURVE('',#577,#583,#52,.T.);
#713=EDGE_CURVE('',#584,#574,#522,.F.);
#714=EDGE_CURVE('',#575,#584,#523,.F.);
#715=EDGE_CURVE('',#585,#580,#524,.F.);
#716=EDGE_CURVE('',#586,#585,#525,.F.);
#717=EDGE_CURVE('',#580,#586,#526,.F.);
#718=EDGE_CURVE('',#587,#588,#283,.T.);
#719=EDGE_CURVE('',#588,#586,#325,.T.);
#720=EDGE_CURVE('',#585,#589,#326,.T.);
#721=EDGE_CURVE('',#589,#590,#527,.T.);
#722=EDGE_CURVE('',#590,#587,#327,.T.);
#723=EDGE_CURVE('',#586,#584,#328,.T.);
#724=EDGE_CURVE('',#591,#592,#329,.T.);
#725=EDGE_CURVE('',#592,#579,#53,.T.);
#726=EDGE_CURVE('',#578,#591,#54,.T.);
#727=EDGE_CURVE('',#592,#585,#330,.T.);
#728=EDGE_CURVE('',#583,#591,#331,.T.);
#729=EDGE_CURVE('',#593,#594,#284,.T.);
#730=EDGE_CURVE('',#594,#595,#285,.T.);
#731=EDGE_CURVE('',#595,#596,#286,.T.);
#732=EDGE_CURVE('',#596,#597,#287,.T.);
#733=EDGE_CURVE('',#597,#575,#288,.T.);
#734=EDGE_CURVE('',#584,#593,#289,.T.);
#735=EDGE_CURVE('',#582,#598,#332,.T.);
#736=EDGE_CURVE('',#591,#598,#333,.T.);
#737=EDGE_CURVE('',#570,#599,#334,.T.);
#738=EDGE_CURVE('',#581,#599,#335,.T.);
#739=EDGE_CURVE('',#600,#600,#528,.T.);
#740=EDGE_CURVE('',#601,#601,#529,.T.);
#741=EDGE_CURVE('',#602,#602,#530,.T.);
#742=EDGE_CURVE('',#603,#603,#531,.T.);
#743=EDGE_CURVE('',#604,#604,#532,.T.);
#744=EDGE_CURVE('',#605,#605,#533,.T.);
#745=EDGE_CURVE('',#606,#606,#534,.T.);
#746=EDGE_CURVE('',#607,#607,#535,.T.);
#747=EDGE_CURVE('',#576,#608,#336,.T.);
#748=EDGE_CURVE('',#608,#599,#337,.T.);
#749=EDGE_CURVE('',#597,#608,#290,.T.);
#750=EDGE_CURVE('',#609,#609,#536,.T.);
#751=EDGE_CURVE('',#609,#610,#338,.T.);
#752=EDGE_CURVE('',#610,#610,#537,.T.);
#753=EDGE_CURVE('',#611,#611,#538,.T.);
#754=EDGE_CURVE('',#611,#612,#339,.T.);
#755=EDGE_CURVE('',#612,#612,#539,.T.);
#756=EDGE_CURVE('',#613,#614,#340,.T.);
#757=EDGE_CURVE('',#614,#615,#341,.T.);
#758=EDGE_CURVE('',#615,#616,#342,.T.);
#759=EDGE_CURVE('',#613,#616,#343,.T.);
#760=EDGE_CURVE('',#617,#618,#344,.T.);
#761=EDGE_CURVE('',#617,#614,#345,.T.);
#762=EDGE_CURVE('',#618,#613,#346,.T.);
#763=EDGE_CURVE('',#619,#617,#347,.T.);
#764=EDGE_CURVE('',#619,#615,#348,.T.);
#765=EDGE_CURVE('',#620,#619,#349,.T.);
#766=EDGE_CURVE('',#620,#616,#350,.T.);
#767=EDGE_CURVE('',#621,#618,#351,.T.);
#768=EDGE_CURVE('',#621,#622,#352,.T.);
#769=EDGE_CURVE('',#623,#622,#353,.T.);
#770=EDGE_CURVE('',#623,#624,#354,.T.);
#771=EDGE_CURVE('',#625,#624,#355,.T.);
#772=EDGE_CURVE('',#625,#626,#356,.T.);
#773=EDGE_CURVE('',#626,#627,#357,.F.);
#774=EDGE_CURVE('',#627,#628,#358,.T.);
#775=EDGE_CURVE('',#629,#628,#55,.T.);
#776=EDGE_CURVE('',#630,#629,#359,.T.);
#777=EDGE_CURVE('',#631,#630,#56,.T.);
#778=EDGE_CURVE('',#631,#632,#360,.T.);
#779=EDGE_CURVE('',#620,#632,#361,.T.);
#780=EDGE_CURVE('',#633,#634,#362,.T.);
#781=EDGE_CURVE('',#634,#635,#363,.T.);
#782=EDGE_CURVE('',#635,#636,#364,.T.);
#783=EDGE_CURVE('',#633,#636,#365,.T.);
#784=EDGE_CURVE('',#637,#638,#366,.T.);
#785=EDGE_CURVE('',#637,#634,#367,.T.);
#786=EDGE_CURVE('',#638,#633,#368,.T.);
#787=EDGE_CURVE('',#639,#637,#369,.T.);
#788=EDGE_CURVE('',#639,#635,#370,.T.);
#789=EDGE_CURVE('',#640,#639,#371,.T.);
#790=EDGE_CURVE('',#640,#636,#372,.T.);
#791=EDGE_CURVE('',#641,#638,#373,.T.);
#792=EDGE_CURVE('',#641,#642,#374,.F.);
#793=EDGE_CURVE('',#642,#643,#375,.F.);
#794=EDGE_CURVE('',#643,#644,#376,.F.);
#795=EDGE_CURVE('',#640,#644,#377,.T.);
#796=EDGE_CURVE('',#645,#645,#540,.T.);
#797=EDGE_CURVE('',#645,#646,#378,.T.);
#798=EDGE_CURVE('',#646,#646,#541,.T.);
#799=EDGE_CURVE('',#647,#647,#542,.T.);
#800=EDGE_CURVE('',#647,#648,#379,.T.);
#801=EDGE_CURVE('',#648,#648,#543,.T.);
#802=EDGE_CURVE('',#649,#650,#291,.T.);
#803=EDGE_CURVE('',#651,#649,#292,.T.);
#804=EDGE_CURVE('',#652,#651,#293,.T.);
#805=EDGE_CURVE('',#650,#652,#294,.T.);
#806=EDGE_CURVE('',#653,#654,#295,.T.);
#807=EDGE_CURVE('',#653,#649,#380,.T.);
#808=EDGE_CURVE('',#654,#650,#381,.T.);
#809=EDGE_CURVE('',#655,#656,#296,.T.);
#810=EDGE_CURVE('',#655,#652,#382,.T.);
#811=EDGE_CURVE('',#656,#651,#383,.T.);
#812=EDGE_CURVE('',#654,#655,#297,.T.);
#813=EDGE_CURVE('',#657,#656,#298,.T.);
#814=EDGE_CURVE('',#657,#658,#299,.T.);
#815=EDGE_CURVE('',#658,#659,#300,.T.);
#816=EDGE_CURVE('',#659,#660,#301,.T.);
#817=EDGE_CURVE('',#660,#661,#302,.T.);
#818=EDGE_CURVE('',#661,#662,#303,.T.);
#819=EDGE_CURVE('',#662,#663,#304,.F.);
#820=EDGE_CURVE('',#663,#664,#305,.F.);
#821=EDGE_CURVE('',#665,#664,#306,.T.);
#822=EDGE_CURVE('',#665,#666,#307,.T.);
#823=EDGE_CURVE('',#666,#667,#308,.T.);
#824=EDGE_CURVE('',#667,#668,#309,.T.);
#825=EDGE_CURVE('',#653,#668,#310,.T.);
#826=EDGE_CURVE('',#669,#670,#311,.T.);
#827=EDGE_CURVE('',#671,#669,#312,.T.);
#828=EDGE_CURVE('',#672,#671,#313,.T.);
#829=EDGE_CURVE('',#670,#672,#314,.T.);
#830=EDGE_CURVE('',#665,#669,#384,.T.);
#831=EDGE_CURVE('',#666,#670,#385,.T.);
#832=EDGE_CURVE('',#667,#672,#386,.T.);
#833=EDGE_CURVE('',#668,#671,#387,.T.);
#834=EDGE_CURVE('',#673,#673,#544,.T.);
#835=EDGE_CURVE('',#674,#674,#545,.T.);
#836=EDGE_CURVE('',#624,#623,#546,.T.);
#837=EDGE_CURVE('',#675,#675,#547,.T.);
#838=EDGE_CURVE('',#673,#676,#388,.T.);
#839=EDGE_CURVE('',#676,#676,#548,.T.);
#840=EDGE_CURVE('',#629,#630,#549,.T.);
#841=EDGE_CURVE('',#622,#625,#550,.T.);
#842=EDGE_CURVE('',#628,#631,#551,.F.);
#843=EDGE_CURVE('',#658,#661,#552,.F.);
#844=EDGE_CURVE('',#659,#660,#553,.T.);
#845=EDGE_CURVE('',#644,#621,#389,.T.);
#846=EDGE_CURVE('',#643,#626,#390,.F.);
#847=EDGE_CURVE('',#632,#657,#391,.T.);
#848=EDGE_CURVE('',#662,#627,#392,.F.);
#849=EDGE_CURVE('',#664,#677,#393,.T.);
#850=EDGE_CURVE('',#678,#663,#394,.F.);
#851=EDGE_CURVE('',#678,#677,#395,.F.);
#852=EDGE_CURVE('',#642,#679,#396,.F.);
#853=EDGE_CURVE('',#679,#678,#397,.T.);
#854=EDGE_CURVE('',#680,#641,#398,.T.);
#855=EDGE_CURVE('',#679,#680,#399,.T.);
#856=EDGE_CURVE('',#677,#680,#400,.T.);
#857=EDGE_CURVE('',#681,#681,#554,.T.);
#858=EDGE_CURVE('',#682,#682,#555,.T.);
#859=EDGE_CURVE('',#683,#683,#556,.T.);
#860=EDGE_CURVE('',#684,#684,#557,.T.);
#861=EDGE_CURVE('',#685,#685,#558,.T.);
#862=EDGE_CURVE('',#686,#686,#559,.T.);
#863=EDGE_CURVE('',#687,#687,#560,.T.);
#864=EDGE_CURVE('',#688,#688,#561,.T.);
#865=EDGE_CURVE('',#689,#589,#401,.T.);
#866=EDGE_CURVE('',#598,#689,#402,.T.);
#867=EDGE_CURVE('',#590,#596,#403,.T.);
#868=EDGE_CURVE('',#689,#592,#404,.T.);
#869=EDGE_CURVE('',#690,#690,#562,.T.);
#870=EDGE_CURVE('',#691,#691,#563,.T.);
#871=EDGE_CURVE('',#595,#593,#564,.T.);
#872=EDGE_CURVE('',#588,#692,#565,.T.);
#873=EDGE_CURVE('',#692,#587,#566,.T.);
#874=EDGE_CURVE('',#594,#693,#405,.T.);
#875=EDGE_CURVE('',#693,#693,#567,.T.);
#876=EDGE_CURVE('',#692,#694,#406,.T.);
#877=EDGE_CURVE('',#694,#694,#568,.T.);
#878=EDGE_CURVE('',#691,#675,#407,.T.);
#879=EDGE_CURVE('',#690,#674,#408,.T.);
#880=EDGE_CURVE('',#607,#682,#409,.T.);
#881=EDGE_CURVE('',#606,#684,#410,.T.);
#882=EDGE_CURVE('',#605,#686,#411,.T.);
#883=EDGE_CURVE('',#604,#688,#412,.T.);
#884=EDGE_CURVE('',#603,#681,#413,.T.);
#885=EDGE_CURVE('',#602,#683,#414,.T.);
#886=EDGE_CURVE('',#601,#685,#415,.T.);
#887=EDGE_CURVE('',#600,#687,#416,.T.);
#888=ORIENTED_EDGE('',*,*,#695,.T.);
#889=ORIENTED_EDGE('',*,*,#696,.T.);
#890=ORIENTED_EDGE('',*,*,#697,.T.);
#891=ORIENTED_EDGE('',*,*,#698,.T.);
#892=ORIENTED_EDGE('',*,*,#699,.T.);
#893=ORIENTED_EDGE('',*,*,#699,.F.);
#894=ORIENTED_EDGE('',*,*,#700,.T.);
#895=ORIENTED_EDGE('',*,*,#701,.T.);
#896=ORIENTED_EDGE('',*,*,#702,.T.);
#897=ORIENTED_EDGE('',*,*,#703,.T.);
#898=ORIENTED_EDGE('',*,*,#698,.F.);
#899=ORIENTED_EDGE('',*,*,#704,.F.);
#900=ORIENTED_EDGE('',*,*,#705,.F.);
#901=ORIENTED_EDGE('',*,*,#706,.F.);
#902=ORIENTED_EDGE('',*,*,#707,.F.);
#903=ORIENTED_EDGE('',*,*,#708,.F.);
#904=ORIENTED_EDGE('',*,*,#700,.F.);
#905=ORIENTED_EDGE('',*,*,#697,.F.);
#906=ORIENTED_EDGE('',*,*,#709,.T.);
#907=ORIENTED_EDGE('',*,*,#710,.T.);
#908=ORIENTED_EDGE('',*,*,#711,.T.);
#909=ORIENTED_EDGE('',*,*,#712,.F.);
#910=ORIENTED_EDGE('',*,*,#704,.T.);
#911=ORIENTED_EDGE('',*,*,#701,.F.);
#912=ORIENTED_EDGE('',*,*,#713,.F.);
#913=ORIENTED_EDGE('',*,*,#714,.F.);
#914=ORIENTED_EDGE('',*,*,#715,.F.);
#915=ORIENTED_EDGE('',*,*,#716,.F.);
#916=ORIENTED_EDGE('',*,*,#717,.F.);
#917=ORIENTED_EDGE('',*,*,#718,.T.);
#918=ORIENTED_EDGE('',*,*,#719,.T.);
#919=ORIENTED_EDGE('',*,*,#716,.T.);
#920=ORIENTED_EDGE('',*,*,#720,.T.);
#921=ORIENTED_EDGE('',*,*,#721,.T.);
#922=ORIENTED_EDGE('',*,*,#722,.T.);
#923=ORIENTED_EDGE('',*,*,#717,.T.);
#924=ORIENTED_EDGE('',*,*,#723,.T.);
#925=ORIENTED_EDGE('',*,*,#713,.T.);
#926=ORIENTED_EDGE('',*,*,#708,.T.);
#927=ORIENTED_EDGE('',*,*,#724,.T.);
#928=ORIENTED_EDGE('',*,*,#725,.T.);
#929=ORIENTED_EDGE('',*,*,#706,.T.);
#930=ORIENTED_EDGE('',*,*,#726,.T.);
#931=ORIENTED_EDGE('',*,*,#727,.T.);
#932=ORIENTED_EDGE('',*,*,#715,.T.);
#933=ORIENTED_EDGE('',*,*,#707,.T.);
#934=ORIENTED_EDGE('',*,*,#725,.F.);
#935=ORIENTED_EDGE('',*,*,#705,.T.);
#936=ORIENTED_EDGE('',*,*,#712,.T.);
#937=ORIENTED_EDGE('',*,*,#728,.T.);
#938=ORIENTED_EDGE('',*,*,#726,.F.);
#939=ORIENTED_EDGE('',*,*,#729,.T.);
#940=ORIENTED_EDGE('',*,*,#730,.T.);
#941=ORIENTED_EDGE('',*,*,#731,.T.);
#942=ORIENTED_EDGE('',*,*,#732,.T.);
#943=ORIENTED_EDGE('',*,*,#733,.T.);
#944=ORIENTED_EDGE('',*,*,#714,.T.);
#945=ORIENTED_EDGE('',*,*,#734,.T.);
#946=ORIENTED_EDGE('',*,*,#728,.F.);
#947=ORIENTED_EDGE('',*,*,#711,.F.);
#948=ORIENTED_EDGE('',*,*,#735,.T.);
#949=ORIENTED_EDGE('',*,*,#736,.F.);
#950=ORIENTED_EDGE('',*,*,#696,.F.);
#951=ORIENTED_EDGE('',*,*,#737,.T.);
#952=ORIENTED_EDGE('',*,*,#738,.F.);
#953=ORIENTED_EDGE('',*,*,#709,.F.);
#954=ORIENTED_EDGE('',*,*,#739,.T.);
#955=ORIENTED_EDGE('',*,*,#740,.T.);
#956=ORIENTED_EDGE('',*,*,#741,.T.);
#957=ORIENTED_EDGE('',*,*,#742,.T.);
#958=ORIENTED_EDGE('',*,*,#743,.T.);
#959=ORIENTED_EDGE('',*,*,#744,.T.);
#960=ORIENTED_EDGE('',*,*,#745,.T.);
#961=ORIENTED_EDGE('',*,*,#746,.T.);
#962=ORIENTED_EDGE('',*,*,#695,.F.);
#963=ORIENTED_EDGE('',*,*,#703,.F.);
#964=ORIENTED_EDGE('',*,*,#747,.T.);
#965=ORIENTED_EDGE('',*,*,#748,.T.);
#966=ORIENTED_EDGE('',*,*,#737,.F.);
#967=ORIENTED_EDGE('',*,*,#702,.F.);
#968=ORIENTED_EDGE('',*,*,#733,.F.);
#969=ORIENTED_EDGE('',*,*,#749,.T.);
#970=ORIENTED_EDGE('',*,*,#747,.F.);
#971=ORIENTED_EDGE('',*,*,#750,.F.);
#972=ORIENTED_EDGE('',*,*,#751,.T.);
#973=ORIENTED_EDGE('',*,*,#752,.T.);
#974=ORIENTED_EDGE('',*,*,#751,.F.);
#975=ORIENTED_EDGE('',*,*,#752,.F.);
#976=ORIENTED_EDGE('',*,*,#753,.F.);
#977=ORIENTED_EDGE('',*,*,#754,.T.);
#978=ORIENTED_EDGE('',*,*,#755,.T.);
#979=ORIENTED_EDGE('',*,*,#754,.F.);
#980=ORIENTED_EDGE('',*,*,#755,.F.);
#981=ORIENTED_EDGE('',*,*,#756,.T.);
#982=ORIENTED_EDGE('',*,*,#757,.T.);
#983=ORIENTED_EDGE('',*,*,#758,.T.);
#984=ORIENTED_EDGE('',*,*,#759,.F.);
#985=ORIENTED_EDGE('',*,*,#760,.F.);
#986=ORIENTED_EDGE('',*,*,#761,.T.);
#987=ORIENTED_EDGE('',*,*,#756,.F.);
#988=ORIENTED_EDGE('',*,*,#762,.F.);
#989=ORIENTED_EDGE('',*,*,#763,.F.);
#990=ORIENTED_EDGE('',*,*,#764,.T.);
#991=ORIENTED_EDGE('',*,*,#757,.F.);
#992=ORIENTED_EDGE('',*,*,#761,.F.);
#993=ORIENTED_EDGE('',*,*,#765,.F.);
#994=ORIENTED_EDGE('',*,*,#766,.T.);
#995=ORIENTED_EDGE('',*,*,#758,.F.);
#996=ORIENTED_EDGE('',*,*,#764,.F.);
#997=ORIENTED_EDGE('',*,*,#765,.T.);
#998=ORIENTED_EDGE('',*,*,#763,.T.);
#999=ORIENTED_EDGE('',*,*,#760,.T.);
#1000=ORIENTED_EDGE('',*,*,#767,.F.);
#1001=ORIENTED_EDGE('',*,*,#768,.T.);
#1002=ORIENTED_EDGE('',*,*,#769,.F.);
#1003=ORIENTED_EDGE('',*,*,#770,.T.);
#1004=ORIENTED_EDGE('',*,*,#771,.F.);
#1005=ORIENTED_EDGE('',*,*,#772,.T.);
#1006=ORIENTED_EDGE('',*,*,#773,.T.);
#1007=ORIENTED_EDGE('',*,*,#774,.T.);
#1008=ORIENTED_EDGE('',*,*,#775,.F.);
#1009=ORIENTED_EDGE('',*,*,#776,.F.);
#1010=ORIENTED_EDGE('',*,*,#777,.F.);
#1011=ORIENTED_EDGE('',*,*,#778,.T.);
#1012=ORIENTED_EDGE('',*,*,#779,.F.);
#1013=ORIENTED_EDGE('',*,*,#780,.T.);
#1014=ORIENTED_EDGE('',*,*,#781,.T.);
#1015=ORIENTED_EDGE('',*,*,#782,.T.);
#1016=ORIENTED_EDGE('',*,*,#783,.F.);
#1017=ORIENTED_EDGE('',*,*,#784,.F.);
#1018=ORIENTED_EDGE('',*,*,#785,.T.);
#1019=ORIENTED_EDGE('',*,*,#780,.F.);
#1020=ORIENTED_EDGE('',*,*,#786,.F.);
#1021=ORIENTED_EDGE('',*,*,#787,.F.);
#1022=ORIENTED_EDGE('',*,*,#788,.T.);
#1023=ORIENTED_EDGE('',*,*,#781,.F.);
#1024=ORIENTED_EDGE('',*,*,#785,.F.);
#1025=ORIENTED_EDGE('',*,*,#789,.F.);
#1026=ORIENTED_EDGE('',*,*,#790,.T.);
#1027=ORIENTED_EDGE('',*,*,#782,.F.);
#1028=ORIENTED_EDGE('',*,*,#788,.F.);
#1029=ORIENTED_EDGE('',*,*,#789,.T.);
#1030=ORIENTED_EDGE('',*,*,#787,.T.);
#1031=ORIENTED_EDGE('',*,*,#784,.T.);
#1032=ORIENTED_EDGE('',*,*,#791,.F.);
#1033=ORIENTED_EDGE('',*,*,#792,.T.);
#1034=ORIENTED_EDGE('',*,*,#793,.T.);
#1035=ORIENTED_EDGE('',*,*,#794,.T.);
#1036=ORIENTED_EDGE('',*,*,#795,.F.);
#1037=ORIENTED_EDGE('',*,*,#796,.F.);
#1038=ORIENTED_EDGE('',*,*,#797,.T.);
#1039=ORIENTED_EDGE('',*,*,#798,.T.);
#1040=ORIENTED_EDGE('',*,*,#797,.F.);
#1041=ORIENTED_EDGE('',*,*,#798,.F.);
#1042=ORIENTED_EDGE('',*,*,#799,.F.);
#1043=ORIENTED_EDGE('',*,*,#800,.T.);
#1044=ORIENTED_EDGE('',*,*,#801,.T.);
#1045=ORIENTED_EDGE('',*,*,#800,.F.);
#1046=ORIENTED_EDGE('',*,*,#801,.F.);
#1047=ORIENTED_EDGE('',*,*,#802,.F.);
#1048=ORIENTED_EDGE('',*,*,#803,.F.);
#1049=ORIENTED_EDGE('',*,*,#804,.F.);
#1050=ORIENTED_EDGE('',*,*,#805,.F.);
#1051=ORIENTED_EDGE('',*,*,#806,.F.);
#1052=ORIENTED_EDGE('',*,*,#807,.T.);
#1053=ORIENTED_EDGE('',*,*,#802,.T.);
#1054=ORIENTED_EDGE('',*,*,#808,.F.);
#1055=ORIENTED_EDGE('',*,*,#809,.F.);
#1056=ORIENTED_EDGE('',*,*,#810,.T.);
#1057=ORIENTED_EDGE('',*,*,#804,.T.);
#1058=ORIENTED_EDGE('',*,*,#811,.F.);
#1059=ORIENTED_EDGE('',*,*,#812,.F.);
#1060=ORIENTED_EDGE('',*,*,#808,.T.);
#1061=ORIENTED_EDGE('',*,*,#805,.T.);
#1062=ORIENTED_EDGE('',*,*,#810,.F.);
#1063=ORIENTED_EDGE('',*,*,#806,.T.);
#1064=ORIENTED_EDGE('',*,*,#812,.T.);
#1065=ORIENTED_EDGE('',*,*,#809,.T.);
#1066=ORIENTED_EDGE('',*,*,#813,.F.);
#1067=ORIENTED_EDGE('',*,*,#814,.T.);
#1068=ORIENTED_EDGE('',*,*,#815,.T.);
#1069=ORIENTED_EDGE('',*,*,#816,.T.);
#1070=ORIENTED_EDGE('',*,*,#817,.T.);
#1071=ORIENTED_EDGE('',*,*,#818,.T.);
#1072=ORIENTED_EDGE('',*,*,#819,.T.);
#1073=ORIENTED_EDGE('',*,*,#820,.T.);
#1074=ORIENTED_EDGE('',*,*,#821,.F.);
#1075=ORIENTED_EDGE('',*,*,#822,.T.);
#1076=ORIENTED_EDGE('',*,*,#823,.T.);
#1077=ORIENTED_EDGE('',*,*,#824,.T.);
#1078=ORIENTED_EDGE('',*,*,#825,.F.);
#1079=ORIENTED_EDGE('',*,*,#826,.F.);
#1080=ORIENTED_EDGE('',*,*,#827,.F.);
#1081=ORIENTED_EDGE('',*,*,#828,.F.);
#1082=ORIENTED_EDGE('',*,*,#829,.F.);
#1083=ORIENTED_EDGE('',*,*,#822,.F.);
#1084=ORIENTED_EDGE('',*,*,#830,.T.);
#1085=ORIENTED_EDGE('',*,*,#826,.T.);
#1086=ORIENTED_EDGE('',*,*,#831,.F.);
#1087=ORIENTED_EDGE('',*,*,#824,.F.);
#1088=ORIENTED_EDGE('',*,*,#832,.T.);
#1089=ORIENTED_EDGE('',*,*,#828,.T.);
#1090=ORIENTED_EDGE('',*,*,#833,.F.);
#1091=ORIENTED_EDGE('',*,*,#823,.F.);
#1092=ORIENTED_EDGE('',*,*,#831,.T.);
#1093=ORIENTED_EDGE('',*,*,#829,.T.);
#1094=ORIENTED_EDGE('',*,*,#832,.F.);
#1095=ORIENTED_EDGE('',*,*,#834,.F.);
#1096=ORIENTED_EDGE('',*,*,#835,.F.);
#1097=ORIENTED_EDGE('',*,*,#770,.F.);
#1098=ORIENTED_EDGE('',*,*,#836,.F.);
#1099=ORIENTED_EDGE('',*,*,#837,.F.);
#1100=ORIENTED_EDGE('',*,*,#834,.T.);
#1101=ORIENTED_EDGE('',*,*,#838,.T.);
#1102=ORIENTED_EDGE('',*,*,#839,.T.);
#1103=ORIENTED_EDGE('',*,*,#838,.F.);
#1104=ORIENTED_EDGE('',*,*,#776,.T.);
#1105=ORIENTED_EDGE('',*,*,#840,.T.);
#1106=ORIENTED_EDGE('',*,*,#836,.T.);
#1107=ORIENTED_EDGE('',*,*,#769,.T.);
#1108=ORIENTED_EDGE('',*,*,#841,.T.);
#1109=ORIENTED_EDGE('',*,*,#771,.T.);
#1110=ORIENTED_EDGE('',*,*,#777,.T.);
#1111=ORIENTED_EDGE('',*,*,#840,.F.);
#1112=ORIENTED_EDGE('',*,*,#775,.T.);
#1113=ORIENTED_EDGE('',*,*,#842,.T.);
#1114=ORIENTED_EDGE('',*,*,#815,.F.);
#1115=ORIENTED_EDGE('',*,*,#843,.T.);
#1116=ORIENTED_EDGE('',*,*,#817,.F.);
#1117=ORIENTED_EDGE('',*,*,#844,.F.);
#1118=ORIENTED_EDGE('',*,*,#816,.F.);
#1119=ORIENTED_EDGE('',*,*,#844,.T.);
#1120=ORIENTED_EDGE('',*,*,#841,.F.);
#1121=ORIENTED_EDGE('',*,*,#768,.F.);
#1122=ORIENTED_EDGE('',*,*,#845,.F.);
#1123=ORIENTED_EDGE('',*,*,#794,.F.);
#1124=ORIENTED_EDGE('',*,*,#846,.T.);
#1125=ORIENTED_EDGE('',*,*,#772,.F.);
#1126=ORIENTED_EDGE('',*,*,#839,.F.);
#1127=ORIENTED_EDGE('',*,*,#843,.F.);
#1128=ORIENTED_EDGE('',*,*,#814,.F.);
#1129=ORIENTED_EDGE('',*,*,#847,.F.);
#1130=ORIENTED_EDGE('',*,*,#778,.F.);
#1131=ORIENTED_EDGE('',*,*,#842,.F.);
#1132=ORIENTED_EDGE('',*,*,#774,.F.);
#1133=ORIENTED_EDGE('',*,*,#848,.F.);
#1134=ORIENTED_EDGE('',*,*,#818,.F.);
#1135=ORIENTED_EDGE('',*,*,#849,.F.);
#1136=ORIENTED_EDGE('',*,*,#820,.F.);
#1137=ORIENTED_EDGE('',*,*,#850,.F.);
#1138=ORIENTED_EDGE('',*,*,#851,.T.);
#1139=ORIENTED_EDGE('',*,*,#793,.F.);
#1140=ORIENTED_EDGE('',*,*,#852,.T.);
#1141=ORIENTED_EDGE('',*,*,#853,.T.);
#1142=ORIENTED_EDGE('',*,*,#850,.T.);
#1143=ORIENTED_EDGE('',*,*,#819,.F.);
#1144=ORIENTED_EDGE('',*,*,#848,.T.);
#1145=ORIENTED_EDGE('',*,*,#773,.F.);
#1146=ORIENTED_EDGE('',*,*,#846,.F.);
#1147=ORIENTED_EDGE('',*,*,#854,.F.);
#1148=ORIENTED_EDGE('',*,*,#855,.F.);
#1149=ORIENTED_EDGE('',*,*,#852,.F.);
#1150=ORIENTED_EDGE('',*,*,#792,.F.);
#1151=ORIENTED_EDGE('',*,*,#856,.F.);
#1152=ORIENTED_EDGE('',*,*,#851,.F.);
#1153=ORIENTED_EDGE('',*,*,#853,.F.);
#1154=ORIENTED_EDGE('',*,*,#855,.T.);
#1155=ORIENTED_EDGE('',*,*,#857,.F.);
#1156=ORIENTED_EDGE('',*,*,#858,.F.);
#1157=ORIENTED_EDGE('',*,*,#859,.F.);
#1158=ORIENTED_EDGE('',*,*,#860,.F.);
#1159=ORIENTED_EDGE('',*,*,#861,.F.);
#1160=ORIENTED_EDGE('',*,*,#862,.F.);
#1161=ORIENTED_EDGE('',*,*,#863,.F.);
#1162=ORIENTED_EDGE('',*,*,#864,.F.);
#1163=ORIENTED_EDGE('',*,*,#721,.F.);
#1164=ORIENTED_EDGE('',*,*,#865,.F.);
#1165=ORIENTED_EDGE('',*,*,#866,.F.);
#1166=ORIENTED_EDGE('',*,*,#735,.F.);
#1167=ORIENTED_EDGE('',*,*,#710,.F.);
#1168=ORIENTED_EDGE('',*,*,#738,.T.);
#1169=ORIENTED_EDGE('',*,*,#748,.F.);
#1170=ORIENTED_EDGE('',*,*,#749,.F.);
#1171=ORIENTED_EDGE('',*,*,#732,.F.);
#1172=ORIENTED_EDGE('',*,*,#867,.F.);
#1173=ORIENTED_EDGE('',*,*,#750,.T.);
#1174=ORIENTED_EDGE('',*,*,#753,.T.);
#1175=ORIENTED_EDGE('',*,*,#796,.T.);
#1176=ORIENTED_EDGE('',*,*,#799,.T.);
#1177=ORIENTED_EDGE('',*,*,#791,.T.);
#1178=ORIENTED_EDGE('',*,*,#786,.T.);
#1179=ORIENTED_EDGE('',*,*,#783,.T.);
#1180=ORIENTED_EDGE('',*,*,#790,.F.);
#1181=ORIENTED_EDGE('',*,*,#795,.T.);
#1182=ORIENTED_EDGE('',*,*,#845,.T.);
#1183=ORIENTED_EDGE('',*,*,#767,.T.);
#1184=ORIENTED_EDGE('',*,*,#762,.T.);
#1185=ORIENTED_EDGE('',*,*,#759,.T.);
#1186=ORIENTED_EDGE('',*,*,#766,.F.);
#1187=ORIENTED_EDGE('',*,*,#779,.T.);
#1188=ORIENTED_EDGE('',*,*,#847,.T.);
#1189=ORIENTED_EDGE('',*,*,#813,.T.);
#1190=ORIENTED_EDGE('',*,*,#811,.T.);
#1191=ORIENTED_EDGE('',*,*,#803,.T.);
#1192=ORIENTED_EDGE('',*,*,#807,.F.);
#1193=ORIENTED_EDGE('',*,*,#825,.T.);
#1194=ORIENTED_EDGE('',*,*,#833,.T.);
#1195=ORIENTED_EDGE('',*,*,#827,.T.);
#1196=ORIENTED_EDGE('',*,*,#830,.F.);
#1197=ORIENTED_EDGE('',*,*,#821,.T.);
#1198=ORIENTED_EDGE('',*,*,#849,.T.);
#1199=ORIENTED_EDGE('',*,*,#856,.T.);
#1200=ORIENTED_EDGE('',*,*,#854,.T.);
#1201=ORIENTED_EDGE('',*,*,#724,.F.);
#1202=ORIENTED_EDGE('',*,*,#736,.T.);
#1203=ORIENTED_EDGE('',*,*,#866,.T.);
#1204=ORIENTED_EDGE('',*,*,#868,.T.);
#1205=ORIENTED_EDGE('',*,*,#869,.T.);
#1206=ORIENTED_EDGE('',*,*,#870,.T.);
#1207=ORIENTED_EDGE('',*,*,#727,.F.);
#1208=ORIENTED_EDGE('',*,*,#868,.F.);
#1209=ORIENTED_EDGE('',*,*,#865,.T.);
#1210=ORIENTED_EDGE('',*,*,#720,.F.);
#1211=ORIENTED_EDGE('',*,*,#722,.F.);
#1212=ORIENTED_EDGE('',*,*,#867,.T.);
#1213=ORIENTED_EDGE('',*,*,#731,.F.);
#1214=ORIENTED_EDGE('',*,*,#871,.T.);
#1215=ORIENTED_EDGE('',*,*,#734,.F.);
#1216=ORIENTED_EDGE('',*,*,#723,.F.);
#1217=ORIENTED_EDGE('',*,*,#719,.F.);
#1218=ORIENTED_EDGE('',*,*,#872,.T.);
#1219=ORIENTED_EDGE('',*,*,#873,.T.);
#1220=ORIENTED_EDGE('',*,*,#729,.F.);
#1221=ORIENTED_EDGE('',*,*,#871,.F.);
#1222=ORIENTED_EDGE('',*,*,#730,.F.);
#1223=ORIENTED_EDGE('',*,*,#874,.T.);
#1224=ORIENTED_EDGE('',*,*,#875,.T.);
#1225=ORIENTED_EDGE('',*,*,#874,.F.);
#1226=ORIENTED_EDGE('',*,*,#875,.F.);
#1227=ORIENTED_EDGE('',*,*,#718,.F.);
#1228=ORIENTED_EDGE('',*,*,#873,.F.);
#1229=ORIENTED_EDGE('',*,*,#876,.T.);
#1230=ORIENTED_EDGE('',*,*,#877,.T.);
#1231=ORIENTED_EDGE('',*,*,#876,.F.);
#1232=ORIENTED_EDGE('',*,*,#872,.F.);
#1233=ORIENTED_EDGE('',*,*,#877,.F.);
#1234=ORIENTED_EDGE('',*,*,#870,.F.);
#1235=ORIENTED_EDGE('',*,*,#878,.T.);
#1236=ORIENTED_EDGE('',*,*,#837,.T.);
#1237=ORIENTED_EDGE('',*,*,#878,.F.);
#1238=ORIENTED_EDGE('',*,*,#869,.F.);
#1239=ORIENTED_EDGE('',*,*,#879,.T.);
#1240=ORIENTED_EDGE('',*,*,#835,.T.);
#1241=ORIENTED_EDGE('',*,*,#879,.F.);
#1242=ORIENTED_EDGE('',*,*,#746,.F.);
#1243=ORIENTED_EDGE('',*,*,#880,.T.);
#1244=ORIENTED_EDGE('',*,*,#858,.T.);
#1245=ORIENTED_EDGE('',*,*,#880,.F.);
#1246=ORIENTED_EDGE('',*,*,#745,.F.);
#1247=ORIENTED_EDGE('',*,*,#881,.T.);
#1248=ORIENTED_EDGE('',*,*,#860,.T.);
#1249=ORIENTED_EDGE('',*,*,#881,.F.);
#1250=ORIENTED_EDGE('',*,*,#744,.F.);
#1251=ORIENTED_EDGE('',*,*,#882,.T.);
#1252=ORIENTED_EDGE('',*,*,#862,.T.);
#1253=ORIENTED_EDGE('',*,*,#882,.F.);
#1254=ORIENTED_EDGE('',*,*,#743,.F.);
#1255=ORIENTED_EDGE('',*,*,#883,.T.);
#1256=ORIENTED_EDGE('',*,*,#864,.T.);
#1257=ORIENTED_EDGE('',*,*,#883,.F.);
#1258=ORIENTED_EDGE('',*,*,#742,.F.);
#1259=ORIENTED_EDGE('',*,*,#884,.T.);
#1260=ORIENTED_EDGE('',*,*,#857,.T.);
#1261=ORIENTED_EDGE('',*,*,#884,.F.);
#1262=ORIENTED_EDGE('',*,*,#741,.F.);
#1263=ORIENTED_EDGE('',*,*,#885,.T.);
#1264=ORIENTED_EDGE('',*,*,#859,.T.);
#1265=ORIENTED_EDGE('',*,*,#885,.F.);
#1266=ORIENTED_EDGE('',*,*,#740,.F.);
#1267=ORIENTED_EDGE('',*,*,#886,.T.);
#1268=ORIENTED_EDGE('',*,*,#861,.T.);
#1269=ORIENTED_EDGE('',*,*,#886,.F.);
#1270=ORIENTED_EDGE('',*,*,#739,.F.);
#1271=ORIENTED_EDGE('',*,*,#887,.T.);
#1272=ORIENTED_EDGE('',*,*,#863,.T.);
#1273=ORIENTED_EDGE('',*,*,#887,.F.);
#1274=CYLINDRICAL_SURFACE('',#1391,3.);
#1275=CYLINDRICAL_SURFACE('',#1405,3.);
#1276=CYLINDRICAL_SURFACE('',#1407,3.);
#1277=CYLINDRICAL_SURFACE('',#1408,3.);
#1278=CYLINDRICAL_SURFACE('',#1411,3.);
#1279=CYLINDRICAL_SURFACE('',#1412,3.);
#1280=CYLINDRICAL_SURFACE('',#1424,2.60000000000001);
#1281=CYLINDRICAL_SURFACE('',#1428,2.6);
#1282=CYLINDRICAL_SURFACE('',#1444,2.6);
#1283=CYLINDRICAL_SURFACE('',#1448,2.6);
#1284=CYLINDRICAL_SURFACE('',#1464,3.4);
#1285=CYLINDRICAL_SURFACE('',#1468,3.4);
#1286=CYLINDRICAL_SURFACE('',#1470,3.95);
#1287=CYLINDRICAL_SURFACE('',#1472,3.95000000000001);
#1288=CYLINDRICAL_SURFACE('',#1499,2.55000000000001);
#1289=CYLINDRICAL_SURFACE('',#1502,2.55);
#1290=CYLINDRICAL_SURFACE('',#1505,2.);
#1291=CYLINDRICAL_SURFACE('',#1506,2.);
#1292=CYLINDRICAL_SURFACE('',#1507,1.99999999999999);
#1293=CYLINDRICAL_SURFACE('',#1508,1.99999999999999);
#1294=CYLINDRICAL_SURFACE('',#1509,1.99999999999999);
#1295=CYLINDRICAL_SURFACE('',#1510,1.99999999999999);
#1296=CYLINDRICAL_SURFACE('',#1511,2.);
#1297=CYLINDRICAL_SURFACE('',#1512,1.99999999999999);
#1298=CYLINDRICAL_SURFACE('',#1513,1.99999999999999);
#1299=CYLINDRICAL_SURFACE('',#1514,2.);
#1300=ADVANCED_FACE('',(#103),#1274,.T.);
#1301=ADVANCED_FACE('',(#104),#98,.F.);
#1302=ADVANCED_FACE('',(#105),#57,.F.);
#1303=ADVANCED_FACE('',(#106),#58,.T.);
#1304=ADVANCED_FACE('',(#107),#50,.T.);
#1305=ADVANCED_FACE('',(#108),#51,.T.);
#1306=ADVANCED_FACE('',(#109),#1275,.T.);
#1307=ADVANCED_FACE('',(#110),#1276,.T.);
#1308=ADVANCED_FACE('',(#111),#1277,.T.);
#1309=ADVANCED_FACE('',(#112),#1278,.T.);
#1310=ADVANCED_FACE('',(#113),#1279,.T.);
#1311=ADVANCED_FACE('',(#114),#99,.F.);
#1312=ADVANCED_FACE('',(#115),#59,.F.);
#1313=ADVANCED_FACE('',(#116,#24,#25,#26,#27,#28,#29,#30,#31),#60,.T.);
#1314=ADVANCED_FACE('',(#117),#61,.T.);
#1315=ADVANCED_FACE('',(#118),#23,.F.);
#1316=ADVANCED_FACE('',(#119),#1280,.F.);
#1317=ADVANCED_FACE('',(#120),#62,.T.);
#1318=ADVANCED_FACE('',(#121),#1281,.F.);
#1319=ADVANCED_FACE('',(#122),#63,.T.);
#1320=ADVANCED_FACE('',(#123),#64,.T.);
#1321=ADVANCED_FACE('',(#124),#65,.F.);
#1322=ADVANCED_FACE('',(#125),#66,.F.);
#1323=ADVANCED_FACE('',(#126),#67,.F.);
#1324=ADVANCED_FACE('',(#127),#68,.T.);
#1325=ADVANCED_FACE('',(#128),#69,.T.);
#1326=ADVANCED_FACE('',(#129),#70,.F.);
#1327=ADVANCED_FACE('',(#130),#71,.F.);
#1328=ADVANCED_FACE('',(#131),#72,.F.);
#1329=ADVANCED_FACE('',(#132),#73,.T.);
#1330=ADVANCED_FACE('',(#133),#1282,.F.);
#1331=ADVANCED_FACE('',(#134),#74,.T.);
#1332=ADVANCED_FACE('',(#135),#1283,.F.);
#1333=ADVANCED_FACE('',(#136),#75,.T.);
#1334=ADVANCED_FACE('',(#137),#100,.T.);
#1335=ADVANCED_FACE('',(#138),#76,.F.);
#1336=ADVANCED_FACE('',(#139),#77,.F.);
#1337=ADVANCED_FACE('',(#140),#78,.F.);
#1338=ADVANCED_FACE('',(#141),#101,.T.);
#1339=ADVANCED_FACE('',(#142),#102,.T.);
#1340=ADVANCED_FACE('',(#143),#79,.F.);
#1341=ADVANCED_FACE('',(#144),#80,.F.);
#1342=ADVANCED_FACE('',(#145),#81,.F.);
#1343=ADVANCED_FACE('',(#146,#32),#82,.F.);
#1344=ADVANCED_FACE('',(#147,#33),#83,.F.);
#1345=ADVANCED_FACE('',(#148),#1284,.T.);
#1346=ADVANCED_FACE('',(#149),#84,.F.);
#1347=ADVANCED_FACE('',(#150),#1285,.T.);
#1348=ADVANCED_FACE('',(#151),#1286,.T.);
#1349=ADVANCED_FACE('',(#152),#1287,.T.);
#1350=ADVANCED_FACE('',(#153),#85,.F.);
#1351=ADVANCED_FACE('',(#154,#34),#86,.T.);
#1352=ADVANCED_FACE('',(#155),#87,.F.);
#1353=ADVANCED_FACE('',(#156),#88,.F.);
#1354=ADVANCED_FACE('',(#157),#89,.T.);
#1355=ADVANCED_FACE('',(#158),#90,.F.);
#1356=ADVANCED_FACE('',(#159,#35,#36,#37,#38,#39,#40,#41,#42),#91,.F.);
#1357=ADVANCED_FACE('',(#160,#43,#44,#45,#46,#47),#92,.F.);
#1358=ADVANCED_FACE('',(#161,#48,#49),#93,.F.);
#1359=ADVANCED_FACE('',(#162),#94,.F.);
#1360=ADVANCED_FACE('',(#163),#95,.T.);
#1361=ADVANCED_FACE('',(#164),#1288,.F.);
#1362=ADVANCED_FACE('',(#165),#96,.T.);
#1363=ADVANCED_FACE('',(#166),#1289,.F.);
#1364=ADVANCED_FACE('',(#167),#97,.T.);
#1365=ADVANCED_FACE('',(#168),#1290,.F.);
#1366=ADVANCED_FACE('',(#169),#1291,.F.);
#1367=ADVANCED_FACE('',(#170),#1292,.F.);
#1368=ADVANCED_FACE('',(#171),#1293,.F.);
#1369=ADVANCED_FACE('',(#172),#1294,.F.);
#1370=ADVANCED_FACE('',(#173),#1295,.F.);
#1371=ADVANCED_FACE('',(#174),#1296,.F.);
#1372=ADVANCED_FACE('',(#175),#1297,.F.);
#1373=ADVANCED_FACE('',(#176),#1298,.F.);
#1374=ADVANCED_FACE('',(#177),#1299,.F.);
#1375=CLOSED_SHELL('',(#1300,#1301,#1302,#1303,#1304,#1305,#1306,#1307,
#1308,#1309,#1310,#1311,#1312,#1313,#1314,#1315,#1316,#1317,#1318,#1319,
#1320,#1321,#1322,#1323,#1324,#1325,#1326,#1327,#1328,#1329,#1330,#1331,
#1332,#1333,#1334,#1335,#1336,#1337,#1338,#1339,#1340,#1341,#1342,#1343,
#1344,#1345,#1346,#1347,#1348,#1349,#1350,#1351,#1352,#1353,#1354,#1355,
#1356,#1357,#1358,#1359,#1360,#1361,#1362,#1363,#1364,#1365,#1366,#1367,
#1368,#1369,#1370,#1371,#1372,#1373,#1374));
#1376=DERIVED_UNIT_ELEMENT(#1378,1.);
#1377=DERIVED_UNIT_ELEMENT(#2657,-3.);
#1378=(
MASS_UNIT()
NAMED_UNIT(*)
SI_UNIT(.KILO.,.GRAM.)
);
#1379=DERIVED_UNIT((#1376,#1377));
#1380=MEASURE_REPRESENTATION_ITEM('density measure',
POSITIVE_RATIO_MEASURE(7850.),#1379);
#1381=PROPERTY_DEFINITION_REPRESENTATION(#1386,#1383);
#1382=PROPERTY_DEFINITION_REPRESENTATION(#1387,#1384);
#1383=REPRESENTATION('material name',(#1385),#2654);
#1384=REPRESENTATION('density',(#1380),#2654);
#1385=DESCRIPTIVE_REPRESENTATION_ITEM('Steel','Steel');
#1386=PROPERTY_DEFINITION('material property','material name',#2674);
#1387=PROPERTY_DEFINITION('material property','density of part',#2674);
#1388=AXIS2_PLACEMENT_3D('',#1877,#1517,#1518);
#1389=AXIS2_PLACEMENT_3D('',#1878,#1519,#1520);
#1390=AXIS2_PLACEMENT_3D('',#1879,#1521,#1522);
#1391=AXIS2_PLACEMENT_3D('',#1880,#1523,#1524);
#1392=AXIS2_PLACEMENT_3D('',#1883,#1525,#1526);
#1393=AXIS2_PLACEMENT_3D('',#1887,#1528,#1529);
#1394=AXIS2_PLACEMENT_3D('',#1965,#1531,#1532);
#1395=AXIS2_PLACEMENT_3D('',#1988,#1533,#1534);
#1396=AXIS2_PLACEMENT_3D('',#1998,#1540,#1541);
#1397=AXIS2_PLACEMENT_3D('',#2005,#1545,#1546);
#1398=AXIS2_PLACEMENT_3D('',#2006,#1547,#1548);
#1399=AXIS2_PLACEMENT_3D('',#2008,#1549,#1550);
#1400=AXIS2_PLACEMENT_3D('',#2009,#1551,#1552);
#1401=AXIS2_PLACEMENT_3D('',#2010,#1553,#1554);
#1402=AXIS2_PLACEMENT_3D('',#2012,#1555,#1556);
#1403=AXIS2_PLACEMENT_3D('',#2014,#1557,#1558);
#1404=AXIS2_PLACEMENT_3D('',#2015,#1559,#1560);
#1405=AXIS2_PLACEMENT_3D('',#2016,#1561,#1562);
#1406=AXIS2_PLACEMENT_3D('',#2038,#1565,#1566);
#1407=AXIS2_PLACEMENT_3D('',#2040,#1568,#1569);
#1408=AXIS2_PLACEMENT_3D('',#2042,#1571,#1572);
#1409=AXIS2_PLACEMENT_3D('',#2046,#1574,#1575);
#1410=AXIS2_PLACEMENT_3D('',#2047,#1576,#1577);
#1411=AXIS2_PLACEMENT_3D('',#2048,#1578,#1579);
#1412=AXIS2_PLACEMENT_3D('',#2050,#1581,#1582);
#1413=AXIS2_PLACEMENT_3D('',#2126,#1584,#1585);
#1414=AXIS2_PLACEMENT_3D('',#2130,#1588,#1589);
#1415=AXIS2_PLACEMENT_3D('',#2135,#1592,#1593);
#1416=AXIS2_PLACEMENT_3D('',#2137,#1594,#1595);
#1417=AXIS2_PLACEMENT_3D('',#2139,#1596,#1597);
#1418=AXIS2_PLACEMENT_3D('',#2141,#1598,#1599);
#1419=AXIS2_PLACEMENT_3D('',#2143,#1600,#1601);
#1420=AXIS2_PLACEMENT_3D('',#2145,#1602,#1603);
#1421=AXIS2_PLACEMENT_3D('',#2147,#1604,#1605);
#1422=AXIS2_PLACEMENT_3D('',#2149,#1606,#1607);
#1423=AXIS2_PLACEMENT_3D('',#2150,#1608,#1609);
#1424=AXIS2_PLACEMENT_3D('',#2251,#1612,#1613);
#1425=AXIS2_PLACEMENT_3D('',#2253,#1614,#1615);
#1426=AXIS2_PLACEMENT_3D('',#2256,#1617,#1618);
#1427=AXIS2_PLACEMENT_3D('',#2257,#1619,#1620);
#1428=AXIS2_PLACEMENT_3D('',#2258,#1621,#1622);
#1429=AXIS2_PLACEMENT_3D('',#2260,#1623,#1624);
#1430=AXIS2_PLACEMENT_3D('',#2263,#1626,#1627);
#1431=AXIS2_PLACEMENT_3D('',#2264,#1628,#1629);
#1432=AXIS2_PLACEMENT_3D('',#2265,#1630,#1631);
#1433=AXIS2_PLACEMENT_3D('',#2274,#1636,#1637);
#1434=AXIS2_PLACEMENT_3D('',#2280,#1641,#1642);
#1435=AXIS2_PLACEMENT_3D('',#2284,#1645,#1646);
#1436=AXIS2_PLACEMENT_3D('',#2288,#1649,#1650);
#1437=AXIS2_PLACEMENT_3D('',#2306,#1659,#1660);
#1438=AXIS2_PLACEMENT_3D('',#2310,#1662,#1663);
#1439=AXIS2_PLACEMENT_3D('',#2314,#1666,#1667);
#1440=AXIS2_PLACEMENT_3D('',#2323,#1672,#1673);
#1441=AXIS2_PLACEMENT_3D('',#2329,#1677,#1678);
#1442=AXIS2_PLACEMENT_3D('',#2333,#1681,#1682);
#1443=AXIS2_PLACEMENT_3D('',#2337,#1685,#1686);
#1444=AXIS2_PLACEMENT_3D('',#2347,#1692,#1693);
#1445=AXIS2_PLACEMENT_3D('',#2349,#1694,#1695);
#1446=AXIS2_PLACEMENT_3D('',#2352,#1697,#1698);
#1447=AXIS2_PLACEMENT_3D('',#2353,#1699,#1700);
#1448=AXIS2_PLACEMENT_3D('',#2354,#1701,#1702);
#1449=AXIS2_PLACEMENT_3D('',#2356,#1703,#1704);
#1450=AXIS2_PLACEMENT_3D('',#2359,#1706,#1707);
#1451=AXIS2_PLACEMENT_3D('',#2360,#1708,#1709);
#1452=AXIS2_PLACEMENT_3D('',#2389,#1710,#1711);
#1453=AXIS2_PLACEMENT_3D('',#2398,#1714,#1715);
#1454=AXIS2_PLACEMENT_3D('',#2407,#1718,#1719);
#1455=AXIS2_PLACEMENT_3D('',#2531,#1720,#1721);
#1456=AXIS2_PLACEMENT_3D('',#2534,#1724,#1725);
#1457=AXIS2_PLACEMENT_3D('',#2537,#1728,#1729);
#1458=AXIS2_PLACEMENT_3D('',#2538,#1730,#1731);
#1459=AXIS2_PLACEMENT_3D('',#2540,#1732,#1733);
#1460=AXIS2_PLACEMENT_3D('',#2542,#1734,#1735);
#1461=AXIS2_PLACEMENT_3D('',#2543,#1736,#1737);
#1462=AXIS2_PLACEMENT_3D('',#2544,#1738,#1739);
#1463=AXIS2_PLACEMENT_3D('',#2546,#1740,#1741);
#1464=AXIS2_PLACEMENT_3D('',#2547,#1742,#1743);
#1465=AXIS2_PLACEMENT_3D('',#2550,#1745,#1746);
#1466=AXIS2_PLACEMENT_3D('',#2551,#1747,#1748);
#1467=AXIS2_PLACEMENT_3D('',#2552,#1749,#1750);
#1468=AXIS2_PLACEMENT_3D('',#2553,#1751,#1752);
#1469=AXIS2_PLACEMENT_3D('',#2554,#1753,#1754);
#1470=AXIS2_PLACEMENT_3D('',#2555,#1755,#1756);
#1471=AXIS2_PLACEMENT_3D('',#2556,#1757,#1758);
#1472=AXIS2_PLACEMENT_3D('',#2557,#1759,#1760);
#1473=AXIS2_PLACEMENT_3D('',#2558,#1761,#1762);
#1474=AXIS2_PLACEMENT_3D('',#2559,#1763,#1764);
#1475=AXIS2_PLACEMENT_3D('',#2560,#1765,#1766);
#1476=AXIS2_PLACEMENT_3D('',#2561,#1767,#1768);
#1477=AXIS2_PLACEMENT_3D('',#2564,#1771,#1772);
#1478=AXIS2_PLACEMENT_3D('',#2567,#1775,#1776);
#1479=AXIS2_PLACEMENT_3D('',#2573,#1780,#1781);
#1480=AXIS2_PLACEMENT_3D('',#2577,#1784,#1785);
#1481=AXIS2_PLACEMENT_3D('',#2581,#1788,#1789);
#1482=AXIS2_PLACEMENT_3D('',#2584,#1791,#1792);
#1483=AXIS2_PLACEMENT_3D('',#2586,#1793,#1794);
#1484=AXIS2_PLACEMENT_3D('',#2588,#1795,#1796);
#1485=AXIS2_PLACEMENT_3D('',#2590,#1797,#1798);
#1486=AXIS2_PLACEMENT_3D('',#2592,#1799,#1800);
#1487=AXIS2_PLACEMENT_3D('',#2594,#1801,#1802);
#1488=AXIS2_PLACEMENT_3D('',#2596,#1803,#1804);
#1489=AXIS2_PLACEMENT_3D('',#2598,#1805,#1806);
#1490=AXIS2_PLACEMENT_3D('',#2599,#1807,#1808);
#1491=AXIS2_PLACEMENT_3D('',#2604,#1812,#1813);
#1492=AXIS2_PLACEMENT_3D('',#2607,#1815,#1816);
#1493=AXIS2_PLACEMENT_3D('',#2609,#1817,#1818);
#1494=AXIS2_PLACEMENT_3D('',#2610,#1819,#1820);
#1495=AXIS2_PLACEMENT_3D('',#2611,#1821,#1822);
#1496=AXIS2_PLACEMENT_3D('',#2612,#1823,#1824);
#1497=AXIS2_PLACEMENT_3D('',#2614,#1825,#1826);
#1498=AXIS2_PLACEMENT_3D('',#2615,#1827,#1828);
#1499=AXIS2_PLACEMENT_3D('',#2616,#1829,#1830);
#1500=AXIS2_PLACEMENT_3D('',#2619,#1832,#1833);
#1501=AXIS2_PLACEMENT_3D('',#2620,#1834,#1835);
#1502=AXIS2_PLACEMENT_3D('',#2621,#1836,#1837);
#1503=AXIS2_PLACEMENT_3D('',#2624,#1839,#1840);
#1504=AXIS2_PLACEMENT_3D('',#2625,#1841,#1842);
#1505=AXIS2_PLACEMENT_3D('',#2626,#1843,#1844);
#1506=AXIS2_PLACEMENT_3D('',#2628,#1846,#1847);
#1507=AXIS2_PLACEMENT_3D('',#2630,#1849,#1850);
#1508=AXIS2_PLACEMENT_3D('',#2632,#1852,#1853);
#1509=AXIS2_PLACEMENT_3D('',#2634,#1855,#1856);
#1510=AXIS2_PLACEMENT_3D('',#2636,#1858,#1859);
#1511=AXIS2_PLACEMENT_3D('',#2638,#1861,#1862);
#1512=AXIS2_PLACEMENT_3D('',#2640,#1864,#1865);
#1513=AXIS2_PLACEMENT_3D('',#2642,#1867,#1868);
#1514=AXIS2_PLACEMENT_3D('',#2644,#1870,#1871);
#1515=AXIS2_PLACEMENT_3D('',#2646,#1873,#1874);
#1516=AXIS2_PLACEMENT_3D('',#2647,#1875,#1876);
#1517=DIRECTION('axis',(0.,0.,1.));
#1518=DIRECTION('refdir',(1.,0.,0.));
#1519=DIRECTION('axis',(0.,0.,1.));
#1520=DIRECTION('refdir',(1.,0.,0.));
#1521=DIRECTION('axis',(0.,0.,1.));
#1522=DIRECTION('refdir',(1.,0.,0.));
#1523=DIRECTION('center_axis',(-1.,1.22464679914735E-16,0.));
#1524=DIRECTION('ref_axis',(0.,0.707106781186549,0.707106781186546));
#1525=DIRECTION('center_axis',(1.,-1.22464679914735E-16,0.));
#1526=DIRECTION('ref_axis',(0.,0.707106781186549,0.707106781186546));
#1527=DIRECTION('',(1.,-1.22464679914735E-16,0.));
#1528=DIRECTION('center_axis',(-1.,1.22464679914735E-16,0.));
#1529=DIRECTION('ref_axis',(0.,0.707106781186549,0.707106781186546));
#1530=DIRECTION('',(-1.,1.22464679914735E-16,0.));
#1531=DIRECTION('center_axis',(0.302469736925402,0.,-0.953158988964736));
#1532=DIRECTION('ref_axis',(0.,1.,0.));
#1533=DIRECTION('center_axis',(-1.22464679914735E-16,-1.,0.));
#1534=DIRECTION('ref_axis',(-1.,1.22464679914735E-16,0.));
#1535=DIRECTION('',(0.,0.,1.));
#1536=DIRECTION('',(0.36211082694891,-4.43457865159584E-17,0.932135048695401));
#1537=DIRECTION('',(-0.874085045505663,1.07044545316108E-16,0.485772923518143));
#1538=DIRECTION('',(0.485772923518143,-5.94900255898946E-17,0.874085045505663));
#1539=DIRECTION('',(1.,-1.22464679914735E-16,0.));
#1540=DIRECTION('center_axis',(1.,-1.22464679914735E-16,0.));
#1541=DIRECTION('ref_axis',(0.,0.,1.));
#1542=DIRECTION('',(-1.22464679914735E-16,-1.,0.));
#1543=DIRECTION('',(0.,0.,-1.));
#1544=DIRECTION('',(1.22464679914735E-16,1.,0.));
#1545=DIRECTION('center_axis',(-1.,1.22464679914735E-16,0.));
#1546=DIRECTION('ref_axis',(-2.36894782750096E-17,-3.35019814620613E-17,
-1.));
#1547=DIRECTION('center_axis',(-0.311040929304544,-0.850060487399515,-0.425030243699745));
#1548=DIRECTION('ref_axis',(-0.50201461316849,0.526685074557938,-0.685991370501985));
#1549=DIRECTION('center_axis',(-1.,-4.14483262526725E-14,0.));
#1550=DIRECTION('ref_axis',(0.,0.,-1.));
#1551=DIRECTION('center_axis',(0.,1.,0.));
#1552=DIRECTION('ref_axis',(-0.953158988964751,0.,-0.302469736925354));
#1553=DIRECTION('center_axis',(0.254438415442027,-0.864990678676875,-0.432495339338438));
#1554=DIRECTION('ref_axis',(0.438605324851715,0.501787929111612,-0.745542918422274));
#1555=DIRECTION('center_axis',(-0.485772923518143,0.,-0.874085045505663));
#1556=DIRECTION('ref_axis',(0.874085045505663,-1.85037170770859E-16,-0.485772923518143));
#1557=DIRECTION('center_axis',(6.35077233235861E-16,1.,0.));
#1558=DIRECTION('ref_axis',(0.,0.,-1.));
#1559=DIRECTION('center_axis',(1.,0.,0.));
#1560=DIRECTION('ref_axis',(0.,1.,0.));
#1561=DIRECTION('center_axis',(-1.22464679914735E-16,-1.,0.));
#1562=DIRECTION('ref_axis',(0.507063643185873,-6.20973867591574E-17,-0.861908615665877));
#1563=DIRECTION('',(1.22464679914735E-16,1.,0.));
#1564=DIRECTION('',(-1.22464679914735E-16,-1.,0.));
#1565=DIRECTION('center_axis',(0.,1.,0.));
#1566=DIRECTION('ref_axis',(0.507063643185873,-6.20973867591574E-17,-0.861908615665877));
#1567=DIRECTION('',(1.22464679914735E-16,1.,0.));
#1568=DIRECTION('center_axis',(1.,-1.22464679914735E-16,0.));
#1569=DIRECTION('ref_axis',(0.,0.707106781186549,-0.707106781186546));
#1570=DIRECTION('',(-1.,1.22464679914735E-16,0.));
#1571=DIRECTION('center_axis',(0.874085045505663,-1.07044545316108E-16,
-0.485772923518143));
#1572=DIRECTION('ref_axis',(0.343493328336493,0.707106781186547,0.618071463010806));
#1573=DIRECTION('',(0.874085045505663,-1.07044545316108E-16,-0.485772923518143));
#1574=DIRECTION('center_axis',(-0.274578134674312,0.,0.961564791347299));
#1575=DIRECTION('ref_axis',(-0.961564791347299,1.51383847764101E-16,-0.274578134674312));
#1576=DIRECTION('center_axis',(0.339616234616203,8.70196593557819E-16,-0.940564093076656));
#1577=DIRECTION('ref_axis',(-0.940564093076656,1.1609998308092E-15,-0.339616234616203));
#1578=DIRECTION('center_axis',(-0.485772923518143,5.94900255898946E-17,
-0.874085045505663));
#1579=DIRECTION('ref_axis',(0.618071463010805,0.707106781186548,-0.343493328336494));
#1580=DIRECTION('',(-0.485772923518143,5.94900255898946E-17,-0.874085045505663));
#1581=DIRECTION('center_axis',(-0.36211082694891,4.43457865159584E-17,-0.9321350486954));
#1582=DIRECTION('ref_axis',(0.659119013914169,0.707106781186548,-0.256051021276643));
#1583=DIRECTION('',(-0.36211082694891,4.43457865159584E-17,-0.932135048695401));
#1584=DIRECTION('center_axis',(-0.9321350486954,1.14153620375788E-16,0.36211082694891));
#1585=DIRECTION('ref_axis',(-0.36211082694891,4.43457865159584E-17,-0.9321350486954));
#1586=DIRECTION('',(-0.36211082694891,0.,-0.932135048695401));
#1587=DIRECTION('',(-1.22464679914735E-16,-1.,0.));
#1588=DIRECTION('center_axis',(0.,0.,1.));
#1589=DIRECTION('ref_axis',(-1.,1.22464679914735E-16,0.));
#1590=DIRECTION('',(-1.22464679914735E-16,-1.,0.));
#1591=DIRECTION('',(-1.,0.,0.));
#1592=DIRECTION('center_axis',(0.,0.,-1.));
#1593=DIRECTION('ref_axis',(-1.,0.,0.));
#1594=DIRECTION('center_axis',(0.,0.,-1.));
#1595=DIRECTION('ref_axis',(-1.,0.,0.));
#1596=DIRECTION('center_axis',(0.,0.,-1.));
#1597=DIRECTION('ref_axis',(-1.,0.,0.));
#1598=DIRECTION('center_axis',(0.,0.,-1.));
#1599=DIRECTION('ref_axis',(-1.,0.,0.));
#1600=DIRECTION('center_axis',(0.,0.,-1.));
#1601=DIRECTION('ref_axis',(-1.,0.,0.));
#1602=DIRECTION('center_axis',(0.,0.,-1.));
#1603=DIRECTION('ref_axis',(-1.,0.,0.));
#1604=DIRECTION('center_axis',(0.,0.,-1.));
#1605=DIRECTION('ref_axis',(-1.,0.,0.));
#1606=DIRECTION('center_axis',(0.,0.,-1.));
#1607=DIRECTION('ref_axis',(-1.,0.,0.));
#1608=DIRECTION('center_axis',(-1.,1.22464679914735E-16,0.));
#1609=DIRECTION('ref_axis',(0.,0.,-1.));
#1610=DIRECTION('',(-1.22464679914735E-16,-1.,0.));
#1611=DIRECTION('',(0.,0.,1.));
#1612=DIRECTION('center_axis',(0.,1.,0.));
#1613=DIRECTION('ref_axis',(1.,0.,0.));
#1614=DIRECTION('center_axis',(0.,1.,0.));
#1615=DIRECTION('ref_axis',(1.,0.,0.));
#1616=DIRECTION('',(0.,1.,0.));
#1617=DIRECTION('center_axis',(0.,1.,0.));
#1618=DIRECTION('ref_axis',(1.,0.,0.));
#1619=DIRECTION('center_axis',(0.,-1.,0.));
#1620=DIRECTION('ref_axis',(1.,0.,0.));
#1621=DIRECTION('center_axis',(0.,1.,0.));
#1622=DIRECTION('ref_axis',(1.,0.,0.));
#1623=DIRECTION('center_axis',(0.,1.,0.));
#1624=DIRECTION('ref_axis',(1.,0.,0.));
#1625=DIRECTION('',(0.,1.,0.));
#1626=DIRECTION('center_axis',(0.,1.,0.));
#1627=DIRECTION('ref_axis',(1.,0.,0.));
#1628=DIRECTION('center_axis',(0.,-1.,0.));
#1629=DIRECTION('ref_axis',(1.,0.,0.));
#1630=DIRECTION('center_axis',(-0.874085045505663,1.07044545316108E-16,
0.485772923518143));
#1631=DIRECTION('ref_axis',(-0.485772923518143,5.94900255898946E-17,-0.874085045505663));
#1632=DIRECTION('',(1.07044545316108E-16,1.,-2.77465218825465E-17));
#1633=DIRECTION('',(-0.485772923518143,2.77465218825465E-17,-0.874085045505663));
#1634=DIRECTION('',(-1.07044545316108E-16,-1.,2.77465218825465E-17));
#1635=DIRECTION('',(-0.485772923518143,0.,-0.874085045505663));
#1636=DIRECTION('center_axis',(-0.485772923518143,2.77465218825465E-17,
-0.874085045505663));
#1637=DIRECTION('ref_axis',(-0.874085045505663,0.,0.485772923518143));
#1638=DIRECTION('',(-1.07044545316108E-16,-1.,2.77465218825465E-17));
#1639=DIRECTION('',(-0.874085045505663,1.07044545316108E-16,0.485772923518143));
#1640=DIRECTION('',(-0.874085045505663,1.07044545316108E-16,0.485772923518143));
#1641=DIRECTION('center_axis',(-1.07044545316108E-16,-1.,2.77465218825465E-17));
#1642=DIRECTION('ref_axis',(0.,-2.77465218825465E-17,-1.));
#1643=DIRECTION('',(0.485772923518143,-2.77465218825465E-17,0.874085045505663));
#1644=DIRECTION('',(-0.874085045505663,1.07044545316108E-16,0.485772923518143));
#1645=DIRECTION('center_axis',(0.485772923518143,-2.77465218825465E-17,
0.874085045505663));
#1646=DIRECTION('ref_axis',(0.874085045505663,0.,-0.485772923518143));
#1647=DIRECTION('',(1.07044545316108E-16,1.,-2.77465218825465E-17));
#1648=DIRECTION('',(-0.874085045505663,1.07044545316108E-16,0.485772923518143));
#1649=DIRECTION('center_axis',(-0.874085045505663,1.07044545316108E-16,
0.485772923518143));
#1650=DIRECTION('ref_axis',(-0.485772923518143,5.94900255898946E-17,-0.874085045505663));
#1651=DIRECTION('',(-0.485772923518143,0.,-0.874085045505663));
#1652=DIRECTION('',(1.22464679914735E-16,1.,6.16297582203915E-33));
#1653=DIRECTION('',(0.485772923518143,0.,0.874085045505663));
#1654=DIRECTION('',(9.35660362637631E-17,1.,-5.1999341724876E-17));
#1655=DIRECTION('',(-0.485772923518143,0.,-0.874085045505663));
#1656=DIRECTION('',(1.22464679914735E-16,1.,6.16297582203915E-33));
#1657=DIRECTION('',(0.485772923518143,-5.94900255898946E-17,0.874085045505663));
#1658=DIRECTION('',(-1.22464679914735E-16,-1.,0.));
#1659=DIRECTION('center_axis',(-0.874085045505663,1.07044545316108E-16,
0.485772923518143));
#1660=DIRECTION('ref_axis',(0.485772923518143,0.,0.874085045505663));
#1661=DIRECTION('',(1.22464679914735E-16,1.,0.));
#1662=DIRECTION('center_axis',(-0.874085045505663,1.07044545316108E-16,
0.485772923518143));
#1663=DIRECTION('ref_axis',(0.485772923518143,0.,0.874085045505663));
#1664=DIRECTION('',(-1.22464679914735E-16,-1.,0.));
#1665=DIRECTION('',(-0.485772923518143,0.,-0.874085045505663));
#1666=DIRECTION('center_axis',(-0.9321350486954,1.14153620375788E-16,0.36211082694891));
#1667=DIRECTION('ref_axis',(-0.36211082694891,4.43457865159584E-17,-0.9321350486954));
#1668=DIRECTION('',(1.14153620375788E-16,1.,-2.13940852123144E-17));
#1669=DIRECTION('',(-0.36211082694891,2.13940852123144E-17,-0.932135048695401));
#1670=DIRECTION('',(-1.14153620375788E-16,-1.,2.13940852123144E-17));
#1671=DIRECTION('',(-0.36211082694891,0.,-0.932135048695401));
#1672=DIRECTION('center_axis',(-0.36211082694891,2.13940852123145E-17,-0.9321350486954));
#1673=DIRECTION('ref_axis',(-0.9321350486954,0.,0.36211082694891));
#1674=DIRECTION('',(-1.14153620375788E-16,-1.,2.13940852123144E-17));
#1675=DIRECTION('',(-0.932135048695401,1.14153620375788E-16,0.36211082694891));
#1676=DIRECTION('',(-0.932135048695401,1.14153620375788E-16,0.36211082694891));
#1677=DIRECTION('center_axis',(-1.14153620375788E-16,-1.,2.13940852123144E-17));
#1678=DIRECTION('ref_axis',(0.,-2.13940852123144E-17,-1.));
#1679=DIRECTION('',(0.36211082694891,-2.13940852123145E-17,0.932135048695401));
#1680=DIRECTION('',(-0.932135048695401,1.14153620375788E-16,0.36211082694891));
#1681=DIRECTION('center_axis',(0.36211082694891,-2.13940852123145E-17,0.9321350486954));
#1682=DIRECTION('ref_axis',(0.9321350486954,0.,-0.36211082694891));
#1683=DIRECTION('',(1.14153620375788E-16,1.,-2.13940852123144E-17));
#1684=DIRECTION('',(-0.932135048695401,1.14153620375788E-16,0.36211082694891));
#1685=DIRECTION('center_axis',(-0.9321350486954,1.14153620375788E-16,0.36211082694891));
#1686=DIRECTION('ref_axis',(-0.36211082694891,4.43457865159584E-17,-0.9321350486954));
#1687=DIRECTION('',(-0.36211082694891,0.,-0.932135048695401));
#1688=DIRECTION('',(-1.22464679914735E-16,-1.,0.));
#1689=DIRECTION('',(0.36211082694891,-4.43457865159584E-17,0.932135048695401));
#1690=DIRECTION('',(1.22464679914735E-16,1.,0.));
#1691=DIRECTION('',(-0.36211082694891,0.,-0.932135048695401));
#1692=DIRECTION('center_axis',(0.,1.,0.));
#1693=DIRECTION('ref_axis',(1.,0.,0.));
#1694=DIRECTION('center_axis',(0.,1.,0.));
#1695=DIRECTION('ref_axis',(1.,0.,0.));
#1696=DIRECTION('',(0.,1.,0.));
#1697=DIRECTION('center_axis',(0.,1.,0.));
#1698=DIRECTION('ref_axis',(1.,0.,0.));
#1699=DIRECTION('center_axis',(0.,-1.,0.));
#1700=DIRECTION('ref_axis',(1.,0.,0.));
#1701=DIRECTION('center_axis',(0.,1.,0.));
#1702=DIRECTION('ref_axis',(1.,0.,0.));
#1703=DIRECTION('center_axis',(0.,1.,0.));
#1704=DIRECTION('ref_axis',(1.,0.,0.));
#1705=DIRECTION('',(0.,1.,0.));
#1706=DIRECTION('center_axis',(0.,1.,0.));
#1707=DIRECTION('ref_axis',(1.,0.,0.));
#1708=DIRECTION('center_axis',(0.,-1.,0.));
#1709=DIRECTION('ref_axis',(1.,0.,0.));
#1710=DIRECTION('center_axis',(0.269823961603115,1.48593638277457E-17,-0.962909668528051));
#1711=DIRECTION('ref_axis',(-0.962909668528051,0.,-0.269823961603115));
#1712=DIRECTION('',(0.962909668527814,-1.17922424343063E-16,0.269823961603961));
#1713=DIRECTION('',(0.962909668527933,-1.17922424343077E-16,0.269823961603534));
#1714=DIRECTION('center_axis',(-0.282130055723505,-1.5537067648959E-17,
0.959376167964085));
#1715=DIRECTION('ref_axis',(0.959376167964085,0.,0.282130055723505));
#1716=DIRECTION('',(0.959376167963812,-1.17489695327514E-16,0.282130055724432));
#1717=DIRECTION('',(0.959376167963816,-1.17489695327514E-16,0.282130055724418));
#1718=DIRECTION('center_axis',(-7.50759422566273E-31,-1.,-5.24192223792104E-31));
#1719=DIRECTION('ref_axis',(0.,5.24192223792104E-31,-1.));
#1720=DIRECTION('center_axis',(0.127657637327418,0.,-0.991818293656646));
#1721=DIRECTION('ref_axis',(-0.991818293656646,0.,-0.127657637327418));
#1722=DIRECTION('',(0.991818293655005,-1.21462709866039E-16,0.127657637340171));
#1723=DIRECTION('',(0.991818293655825,-1.2146270986614E-16,0.127657637333798));
#1724=DIRECTION('center_axis',(-0.145974620748539,0.,0.989288335166912));
#1725=DIRECTION('ref_axis',(0.989288335166912,0.,0.145974620748539));
#1726=DIRECTION('',(0.989288335166335,-1.21152879309527E-16,0.145974620752451));
#1727=DIRECTION('',(0.989288335166334,-1.21152879309526E-16,0.145974620752454));
#1728=DIRECTION('center_axis',(-1.16708052921981E-30,-1.,8.80297196680938E-31));
#1729=DIRECTION('ref_axis',(0.,-8.80297196680938E-31,-1.));
#1730=DIRECTION('center_axis',(0.485772923518143,0.,0.874085045505663));
#1731=DIRECTION('ref_axis',(0.,1.,0.));
#1732=DIRECTION('center_axis',(0.485772923518143,0.,0.874085045505663));
#1733=DIRECTION('ref_axis',(0.,1.,0.));
#1734=DIRECTION('center_axis',(-0.485772923518143,0.,-0.874085045505663));
#1735=DIRECTION('ref_axis',(0.,1.,0.));
#1736=DIRECTION('center_axis',(0.485772923518143,0.,0.874085045505663));
#1737=DIRECTION('ref_axis',(0.,1.,0.));
#1738=DIRECTION('center_axis',(0.485772923518143,0.,0.874085045505663));
#1739=DIRECTION('ref_axis',(0.,1.,0.));
#1740=DIRECTION('center_axis',(-0.485772923518143,0.,-0.874085045505663));
#1741=DIRECTION('ref_axis',(0.,1.,0.));
#1742=DIRECTION('center_axis',(-0.485772923518143,0.,-0.874085045505663));
#1743=DIRECTION('ref_axis',(0.,1.,0.));
#1744=DIRECTION('',(0.485772923518143,0.,0.874085045505663));
#1745=DIRECTION('center_axis',(-0.485772923518143,5.94900255898945E-17,
-0.874085045505663));
#1746=DIRECTION('ref_axis',(0.,1.,0.));
#1747=DIRECTION('center_axis',(0.,0.,-1.));
#1748=DIRECTION('ref_axis',(1.,0.,0.));
#1749=DIRECTION('center_axis',(0.,0.,1.));
#1750=DIRECTION('ref_axis',(1.,0.,0.));
#1751=DIRECTION('center_axis',(-0.485772923518143,0.,-0.874085045505663));
#1752=DIRECTION('ref_axis',(-0.874085045505663,-1.83697019872103E-16,0.485772923518143));
#1753=DIRECTION('center_axis',(-0.485772923518143,5.94900255898945E-17,
-0.874085045505663));
#1754=DIRECTION('ref_axis',(0.,1.,0.));
#1755=DIRECTION('center_axis',(0.,0.,1.));
#1756=DIRECTION('ref_axis',(-1.,-1.22464679914735E-16,0.));
#1757=DIRECTION('center_axis',(0.,0.,-1.));
#1758=DIRECTION('ref_axis',(1.,0.,0.));
#1759=DIRECTION('center_axis',(0.,0.,1.));
#1760=DIRECTION('ref_axis',(1.,0.,0.));
#1761=DIRECTION('center_axis',(0.,0.,-1.));
#1762=DIRECTION('ref_axis',(1.,0.,0.));
#1763=DIRECTION('center_axis',(0.,0.,1.));
#1764=DIRECTION('ref_axis',(1.,0.,0.));
#1765=DIRECTION('center_axis',(0.,0.,-1.));
#1766=DIRECTION('ref_axis',(1.,0.,0.));
#1767=DIRECTION('center_axis',(-0.485772923518143,5.94900255898945E-17,
-0.874085045505663));
#1768=DIRECTION('ref_axis',(0.874085045505663,-1.07044545316108E-16,-0.485772923518143));
#1769=DIRECTION('',(0.874085045505663,0.,-0.485772923518143));
#1770=DIRECTION('',(-0.874085045505663,1.07044545316108E-16,0.485772923518143));
#1771=DIRECTION('center_axis',(0.,0.,-1.));
#1772=DIRECTION('ref_axis',(1.,-1.22464679914735E-16,0.));
#1773=DIRECTION('',(-1.,0.,0.));
#1774=DIRECTION('',(-1.,1.22464679914735E-16,0.));
#1775=DIRECTION('center_axis',(-1.,1.22464679914735E-16,0.));
#1776=DIRECTION('ref_axis',(0.,0.,-1.));
#1777=DIRECTION('',(0.,0.,1.));
#1778=DIRECTION('',(0.,0.,1.));
#1779=DIRECTION('',(1.22464679914735E-16,1.,0.));
#1780=DIRECTION('center_axis',(-1.22464679914735E-16,-1.,0.));
#1781=DIRECTION('ref_axis',(-1.,1.22464679914735E-16,0.));
#1782=DIRECTION('',(0.,0.,-1.));
#1783=DIRECTION('',(-1.,1.22464679914735E-16,0.));
#1784=DIRECTION('center_axis',(1.,-1.22464679914735E-16,0.));
#1785=DIRECTION('ref_axis',(0.,0.,1.));
#1786=DIRECTION('',(0.,0.,-1.));
#1787=DIRECTION('',(-1.22464679914735E-16,-1.,0.));
#1788=DIRECTION('center_axis',(0.,0.,1.));
#1789=DIRECTION('ref_axis',(-1.,1.22464679914735E-16,0.));
#1790=DIRECTION('',(1.,0.,0.));
#1791=DIRECTION('center_axis',(0.,0.,-1.));
#1792=DIRECTION('ref_axis',(-1.,0.,0.));
#1793=DIRECTION('center_axis',(0.,0.,-1.));
#1794=DIRECTION('ref_axis',(-1.,0.,0.));
#1795=DIRECTION('center_axis',(0.,0.,-1.));
#1796=DIRECTION('ref_axis',(-1.,0.,0.));
#1797=DIRECTION('center_axis',(0.,0.,-1.));
#1798=DIRECTION('ref_axis',(-1.,0.,0.));
#1799=DIRECTION('center_axis',(0.,0.,-1.));
#1800=DIRECTION('ref_axis',(-1.,0.,0.));
#1801=DIRECTION('center_axis',(0.,0.,-1.));
#1802=DIRECTION('ref_axis',(-1.,0.,0.));
#1803=DIRECTION('center_axis',(0.,0.,-1.));
#1804=DIRECTION('ref_axis',(-1.,0.,0.));
#1805=DIRECTION('center_axis',(0.,0.,-1.));
#1806=DIRECTION('ref_axis',(-1.,0.,0.));
#1807=DIRECTION('center_axis',(0.,1.,0.));
#1808=DIRECTION('ref_axis',(0.,0.,1.));
#1809=DIRECTION('',(-0.485772923518143,0.,-0.874085045505663));
#1810=DIRECTION('',(0.874085045505663,0.,-0.485772923518143));
#1811=DIRECTION('',(-1.,0.,0.));
#1812=DIRECTION('center_axis',(-0.485772923518143,5.94900255898945E-17,
-0.874085045505663));
#1813=DIRECTION('ref_axis',(0.874085045505663,-1.07044545316108E-16,-0.485772923518143));
#1814=DIRECTION('',(1.22464679914735E-16,1.,0.));
#1815=DIRECTION('center_axis',(-0.485772923518143,5.94900255898945E-17,
-0.874085045505663));
#1816=DIRECTION('ref_axis',(0.,1.,0.));
#1817=DIRECTION('center_axis',(-0.485772923518143,5.94900255898945E-17,
-0.874085045505663));
#1818=DIRECTION('ref_axis',(0.,1.,0.));
#1819=DIRECTION('center_axis',(-0.874085045505663,1.07044545316108E-16,
0.485772923518143));
#1820=DIRECTION('ref_axis',(-0.485772923518143,5.94900255898946E-17,-0.874085045505663));
#1821=DIRECTION('center_axis',(0.,0.,-1.));
#1822=DIRECTION('ref_axis',(1.,-1.22464679914735E-16,0.));
#1823=DIRECTION('center_axis',(0.,0.,1.));
#1824=DIRECTION('ref_axis',(1.,0.,0.));
#1825=DIRECTION('center_axis',(0.,0.,1.));
#1826=DIRECTION('ref_axis',(1.,0.,0.));
#1827=DIRECTION('center_axis',(0.,0.,1.));
#1828=DIRECTION('ref_axis',(1.,0.,0.));
#1829=DIRECTION('center_axis',(0.,0.,1.));
#1830=DIRECTION('ref_axis',(1.,0.,0.));
#1831=DIRECTION('',(0.,0.,1.));
#1832=DIRECTION('center_axis',(0.,0.,1.));
#1833=DIRECTION('ref_axis',(1.,0.,0.));
#1834=DIRECTION('center_axis',(0.,0.,-1.));
#1835=DIRECTION('ref_axis',(1.,0.,0.));
#1836=DIRECTION('center_axis',(0.,0.,1.));
#1837=DIRECTION('ref_axis',(1.,0.,0.));
#1838=DIRECTION('',(0.,0.,1.));
#1839=DIRECTION('center_axis',(0.,0.,1.));
#1840=DIRECTION('ref_axis',(1.,0.,0.));
#1841=DIRECTION('center_axis',(0.,0.,-1.));
#1842=DIRECTION('ref_axis',(1.,0.,0.));
#1843=DIRECTION('center_axis',(-0.485772923518143,0.,-0.874085045505663));
#1844=DIRECTION('ref_axis',(0.,1.,0.));
#1845=DIRECTION('',(-0.485772923518143,0.,-0.874085045505663));
#1846=DIRECTION('center_axis',(-0.485772923518143,0.,-0.874085045505663));
#1847=DIRECTION('ref_axis',(0.,1.,0.));
#1848=DIRECTION('',(-0.485772923518143,0.,-0.874085045505663));
#1849=DIRECTION('center_axis',(0.,0.,-1.));
#1850=DIRECTION('ref_axis',(-1.,0.,0.));
#1851=DIRECTION('',(0.,0.,-1.));
#1852=DIRECTION('center_axis',(0.,0.,-1.));
#1853=DIRECTION('ref_axis',(-1.,0.,0.));
#1854=DIRECTION('',(0.,0.,-1.));
#1855=DIRECTION('center_axis',(0.,0.,-1.));
#1856=DIRECTION('ref_axis',(-1.,0.,0.));
#1857=DIRECTION('',(0.,0.,-1.));
#1858=DIRECTION('center_axis',(0.,0.,-1.));
#1859=DIRECTION('ref_axis',(-1.,0.,0.));
#1860=DIRECTION('',(0.,0.,-1.));
#1861=DIRECTION('center_axis',(0.,0.,-1.));
#1862=DIRECTION('ref_axis',(-1.,0.,0.));
#1863=DIRECTION('',(0.,0.,-1.));
#1864=DIRECTION('center_axis',(0.,0.,-1.));
#1865=DIRECTION('ref_axis',(-1.,0.,0.));
#1866=DIRECTION('',(0.,0.,-1.));
#1867=DIRECTION('center_axis',(0.,0.,-1.));
#1868=DIRECTION('ref_axis',(-1.,0.,0.));
#1869=DIRECTION('',(0.,0.,-1.));
#1870=DIRECTION('center_axis',(0.,0.,-1.));
#1871=DIRECTION('ref_axis',(-1.,0.,0.));
#1872=DIRECTION('',(0.,0.,-1.));
#1873=DIRECTION('',(0.,0.,1.));
#1874=DIRECTION('',(1.,0.,0.));
#1875=DIRECTION('',(0.,0.,1.));
#1876=DIRECTION('',(1.,0.,0.));
#1877=CARTESIAN_POINT('',(0.,0.,0.));
#1878=CARTESIAN_POINT('',(0.,0.,0.));
#1879=CARTESIAN_POINT('',(0.,0.,0.));
#1880=CARTESIAN_POINT('Origin',(-63.75,-3.,42.));
#1881=CARTESIAN_POINT('',(-127.5,-1.59065620031983,44.6483485522686));
#1882=CARTESIAN_POINT('',(-127.5,-2.99999999999999,45.));
#1883=CARTESIAN_POINT('Origin',(-127.5,-2.99999999999999,42.));
#1884=CARTESIAN_POINT('',(-42.5,-3.,45.));
#1885=CARTESIAN_POINT('',(-63.75,-3.,45.));
#1886=CARTESIAN_POINT('',(-42.5,0.,42.));
#1887=CARTESIAN_POINT('Origin',(-42.5,-3.,42.));
#1888=CARTESIAN_POINT('',(-124.643114892747,1.00596302725396E-14,42.));
#1889=CARTESIAN_POINT('',(-63.75,2.22044604925031E-15,42.));
#1890=CARTESIAN_POINT('Ctrl Pts',(-124.643114892747,2.27595720048157E-14,
42.));
#1891=CARTESIAN_POINT('Ctrl Pts',(-124.645895690426,2.27234407534513E-14,
42.0025778150786));
#1892=CARTESIAN_POINT('Ctrl Pts',(-124.648676489432,-3.32256526144886E-6,
42.0051556313893));
#1893=CARTESIAN_POINT('Ctrl Pts',(-125.132063186685,-0.00115845056587874,
42.4532578166457));
#1894=CARTESIAN_POINT('Ctrl Pts',(-125.619700191474,-0.101570708599335,
42.9053000610646));
#1895=CARTESIAN_POINT('Ctrl Pts',(-126.460840793688,-0.485944673100631,
43.6850421271604));
#1896=CARTESIAN_POINT('Ctrl Pts',(-126.80382070063,-0.731412805060728,44.0029864287004));
#1897=CARTESIAN_POINT('Ctrl Pts',(-127.239075833347,-1.19556837379369,44.4064703831913));
#1898=CARTESIAN_POINT('Ctrl Pts',(-127.380227597074,-1.38201632071575,44.5373188615452));
#1899=CARTESIAN_POINT('Ctrl Pts',(-127.5,-1.59065620031982,44.6483485522686));
#1900=CARTESIAN_POINT('Ctrl Pts',(-110.668770104282,-2.99999999999999,-42.9074092107761));
#1901=CARTESIAN_POINT('Ctrl Pts',(-114.323553698464,-2.99999999999999,-31.3902575415665));
#1902=CARTESIAN_POINT('Ctrl Pts',(-119.472722508963,-2.99999999999999,-13.2216780408466));
#1903=CARTESIAN_POINT('Ctrl Pts',(-123.363930321676,-2.99999999999999,6.63863226376473));
#1904=CARTESIAN_POINT('Ctrl Pts',(-125.86188870111,-2.99999999999999,22.6191476133152));
#1905=CARTESIAN_POINT('Ctrl Pts',(-126.888582532099,-2.99999999999999,31.9410621934441));
#1906=CARTESIAN_POINT('Ctrl Pts',(-127.616881248228,-2.99999999999999,41.5405819422471));
#1907=CARTESIAN_POINT('Ctrl Pts',(-127.733762496456,-2.99999999999999,43.0811638844941));
#1908=CARTESIAN_POINT('Ctrl Pts',(-127.850643744684,-2.99999999999999,44.6217458267412));
#1909=CARTESIAN_POINT('Ctrl Pts',(-110.668770104282,-2.55120104948716,-42.9074092107761));
#1910=CARTESIAN_POINT('Ctrl Pts',(-114.323553698464,-2.55120104948716,-31.3902575415665));
#1911=CARTESIAN_POINT('Ctrl Pts',(-119.472722508963,-2.55120104948717,-13.2216780408466));
#1912=CARTESIAN_POINT('Ctrl Pts',(-123.363930321676,-2.55120104948716,6.63863226376473));
#1913=CARTESIAN_POINT('Ctrl Pts',(-125.86188870111,-2.55120104948716,22.6191476133152));
#1914=CARTESIAN_POINT('Ctrl Pts',(-126.888582532099,-2.55120104948716,31.9410621934441));
#1915=CARTESIAN_POINT('Ctrl Pts',(-127.616881248228,-2.55120104948716,41.5405819422471));
#1916=CARTESIAN_POINT('Ctrl Pts',(-127.733762496456,-2.55120104948716,43.0811638844941));
#1917=CARTESIAN_POINT('Ctrl Pts',(-127.850643744684,-2.55120104948716,44.6217458267412));
#1918=CARTESIAN_POINT('Ctrl Pts',(-110.473019042761,-1.65534011856788,-42.8452907470499));
#1919=CARTESIAN_POINT('Ctrl Pts',(-114.126107660428,-1.65534011856788,-31.3330380087216));
#1920=CARTESIAN_POINT('Ctrl Pts',(-119.27328852947,-1.65534011856788,-13.1716995611206));
#1921=CARTESIAN_POINT('Ctrl Pts',(-123.161786564497,-1.65534011856788,6.67493905631961));
#1922=CARTESIAN_POINT('Ctrl Pts',(-125.657994870694,-1.65534011856788,22.6450097878687));
#1923=CARTESIAN_POINT('Ctrl Pts',(-126.684033890091,-1.65534011856788,31.9615214004167));
#1924=CARTESIAN_POINT('Ctrl Pts',(-127.41209892586,-1.65534011856788,41.556118417651));
#1925=CARTESIAN_POINT('Ctrl Pts',(-127.528980174088,-1.65534011856788,43.096700359898));
#1926=CARTESIAN_POINT('Ctrl Pts',(-127.645861422316,-1.65534011856788,44.6372823021451));
#1927=CARTESIAN_POINT('Ctrl Pts',(-109.516381088674,-0.39367574428556,-42.5417170162711));
#1928=CARTESIAN_POINT('Ctrl Pts',(-113.162900533333,-0.393675744285554,
-31.0506149242776));
#1929=CARTESIAN_POINT('Ctrl Pts',(-118.298141432652,-0.393675744285572,
-12.9286691369874));
#1930=CARTESIAN_POINT('Ctrl Pts',(-122.173675024832,-0.39367574428556,6.85233212390669));
#1931=CARTESIAN_POINT('Ctrl Pts',(-124.661893759736,-0.393675744285558,
22.7717283198256));
#1932=CARTESIAN_POINT('Ctrl Pts',(-125.68521563078,-0.393675744285564,32.0613519903854));
#1933=CARTESIAN_POINT('Ctrl Pts',(-126.411325083916,-0.393675744285558,
41.6320453726754));
#1934=CARTESIAN_POINT('Ctrl Pts',(-126.528206332144,-0.393675744285568,
43.1726273149224));
#1935=CARTESIAN_POINT('Ctrl Pts',(-126.645087580372,-0.393675744285565,
44.7132092571695));
#1936=CARTESIAN_POINT('Ctrl Pts',(-108.450958268267,1.21463184095969E-14,
-42.203622150741));
#1937=CARTESIAN_POINT('Ctrl Pts',(-112.089601746905,1.23959784012129E-14,
-30.7369871072164));
#1938=CARTESIAN_POINT('Ctrl Pts',(-117.212271448967,4.35054252435757E-15,
-12.657605533753));
#1939=CARTESIAN_POINT('Ctrl Pts',(-121.073275464817,1.19617875549683E-14,
7.04991022476641));
#1940=CARTESIAN_POINT('Ctrl Pts',(-123.552412220042,1.15682148790732E-14,
22.9127490720121));
#1941=CARTESIAN_POINT('Ctrl Pts',(-124.572550260364,5.44029630974563E-15,
32.1725851267625));
#1942=CARTESIAN_POINT('Ctrl Pts',(-125.296747427114,1.69429609099505E-14,
41.7166064234066));
#1943=CARTESIAN_POINT('Ctrl Pts',(-125.413628675342,4.18958704811962E-15,
43.2571883656537));
#1944=CARTESIAN_POINT('Ctrl Pts',(-125.530509923571,5.33550018335988E-15,
44.7977703079008));
#1945=CARTESIAN_POINT('Ctrl Pts',(-107.809293137388,1.22124532708767E-14,
-42.0000000000001));
#1946=CARTESIAN_POINT('Ctrl Pts',(-111.443558875538,1.24621132624927E-14,
-30.5475053080789));
#1947=CARTESIAN_POINT('Ctrl Pts',(-116.558182805797,4.41667738563739E-15,
-12.4946130452623));
#1948=CARTESIAN_POINT('Ctrl Pts',(-120.410495550641,1.20279224162481E-14,
7.1688960221445));
#1949=CARTESIAN_POINT('Ctrl Pts',(-122.884282671504,1.1634349740353E-14,
22.9977510458058));
#1950=CARTESIAN_POINT('Ctrl Pts',(-123.902606222489,5.50643117102545E-15,
32.2395439578916));
#1951=CARTESIAN_POINT('Ctrl Pts',(-124.625478139159,2.39337142712714E-14,
41.7675344462023));
#1952=CARTESIAN_POINT('Ctrl Pts',(-124.742359387387,1.65606034688898E-15,
43.3081163884494));
#1953=CARTESIAN_POINT('Ctrl Pts',(-124.859240635615,5.55111512312578E-15,
44.8486983306965));
#1954=CARTESIAN_POINT('',(-107.809293137388,7.96251950733959E-15,-42.));
#1955=CARTESIAN_POINT('Ctrl Pts',(-124.643114892747,1.61355207203657E-14,
42.));
#1956=CARTESIAN_POINT('Ctrl Pts',(-124.598275558808,1.95230957567806E-14,
41.4089841679851));
#1957=CARTESIAN_POINT('Ctrl Pts',(-124.55343622487,2.20972385152225E-14,
40.8179683359702));
#1958=CARTESIAN_POINT('Ctrl Pts',(-123.902606222489,5.50643117102545E-15,
32.2395439578916));
#1959=CARTESIAN_POINT('Ctrl Pts',(-122.884282671504,1.1634349740353E-14,
22.9977510458058));
#1960=CARTESIAN_POINT('Ctrl Pts',(-120.410495550641,1.20279224162481E-14,
7.1688960221445));
#1961=CARTESIAN_POINT('Ctrl Pts',(-116.558182805797,4.41667738563739E-15,
-12.4946130452623));
#1962=CARTESIAN_POINT('Ctrl Pts',(-111.443558875538,1.24621132624927E-14,
-30.5475053080789));
#1963=CARTESIAN_POINT('Ctrl Pts',(-107.809293137388,1.22124532708767E-14,
-42.0000000000001));
#1964=CARTESIAN_POINT('',(-110.668770104282,-2.99999999999999,-42.9074092107761));
#1965=CARTESIAN_POINT('Origin',(-107.809293137388,-2.99999999999999,-41.9999999999999));
#1966=CARTESIAN_POINT('',(-127.5,-2.99999999999999,40.));
#1967=CARTESIAN_POINT('Ctrl Pts',(-110.668770104282,-2.99999999999999,-42.9074092107761));
#1968=CARTESIAN_POINT('Ctrl Pts',(-114.323553698464,-2.99999999999999,-31.3902575415665));
#1969=CARTESIAN_POINT('Ctrl Pts',(-119.472722508963,-2.99999999999999,-13.2216780408466));
#1970=CARTESIAN_POINT('Ctrl Pts',(-123.363930321676,-2.99999999999999,6.63863226376473));
#1971=CARTESIAN_POINT('Ctrl Pts',(-125.86188870111,-2.99999999999999,22.6191476133152));
#1972=CARTESIAN_POINT('Ctrl Pts',(-126.888582532099,-2.99999999999999,31.9410621934441));
#1973=CARTESIAN_POINT('Ctrl Pts',(-127.499415032165,-2.99999999999999,39.9922896880675));
#1974=CARTESIAN_POINT('Ctrl Pts',(-127.499707518783,-2.99999999999999,39.9961448796214));
#1975=CARTESIAN_POINT('Ctrl Pts',(-127.5,-2.99999999999999,40.));
#1976=CARTESIAN_POINT('Ctrl Pts',(-127.5,-2.99999999999999,40.0000000000011));
#1977=CARTESIAN_POINT('Ctrl Pts',(-127.5,-2.96951625252154,40.0000000000011));
#1978=CARTESIAN_POINT('Ctrl Pts',(-127.5,-2.94004057866607,40.0061418809036));
#1979=CARTESIAN_POINT('Ctrl Pts',(-127.5,-2.8745604082457,40.0316476484171));
#1980=CARTESIAN_POINT('Ctrl Pts',(-127.5,-2.84053889459601,40.0540032670567));
#1981=CARTESIAN_POINT('Ctrl Pts',(-127.5,-2.75262687503765,40.1277227693434));
#1982=CARTESIAN_POINT('Ctrl Pts',(-127.5,-2.70221701546907,40.1920010972836));
#1983=CARTESIAN_POINT('Ctrl Pts',(-127.5,-2.55153356316788,40.4186465518877));
#1984=CARTESIAN_POINT('Ctrl Pts',(-127.5,-2.45713701222419,40.6409059479925));
#1985=CARTESIAN_POINT('Ctrl Pts',(-127.5,-2.04400703055714,41.7935153614186));
#1986=CARTESIAN_POINT('Ctrl Pts',(-127.5,-1.77733409085228,43.3351785072417));
#1987=CARTESIAN_POINT('Ctrl Pts',(-127.5,-1.59065620031984,44.6483485522685));
#1988=CARTESIAN_POINT('Origin',(-85.,5.20474889637625E-15,0.));
#1989=CARTESIAN_POINT('',(-42.5,0.,38.9162719419409));
#1990=CARTESIAN_POINT('',(-42.5,0.,-45.));
#1991=CARTESIAN_POINT('',(-59.1868866811316,1.83698582585012E-15,-4.03862134349465));
#1992=CARTESIAN_POINT('',(-53.2524180512298,1.11022302462516E-15,11.2377133961328));
#1993=CARTESIAN_POINT('',(-46.5795739070714,5.89782296839213E-17,-11.0451377179052));
#1994=CARTESIAN_POINT('',(-68.7621275525009,2.77555756156289E-15,1.28282051778856));
#1995=CARTESIAN_POINT('',(-63.7827442681152,2.48314814648812E-15,-42.));
#1996=CARTESIAN_POINT('',(-48.0391303908903,5.55111512312578E-16,-13.6714193277102));
#1997=CARTESIAN_POINT('',(-106.25,7.7715611723761E-15,-42.));
#1998=CARTESIAN_POINT('Origin',(-42.5,0.,-45.));
#1999=CARTESIAN_POINT('',(-42.5,-14.,45.));
#2000=CARTESIAN_POINT('',(-42.5,0.,45.));
#2001=CARTESIAN_POINT('',(-42.5,-14.,30.6315155172917));
#2002=CARTESIAN_POINT('',(-42.5,-14.,-22.5015574368156));
#2003=CARTESIAN_POINT('',(-42.5,-3.,30.6315155172917));
#2004=CARTESIAN_POINT('',(-42.5,0.,30.6315155172917));
#2005=CARTESIAN_POINT('Origin',(-42.5,-3.,38.9162719419409));
#2006=CARTESIAN_POINT('Origin',(-107.809293137388,-2.99999999999999,-42.));
#2007=CARTESIAN_POINT('',(-107.809293137388,-2.99999999999999,-45.));
#2008=CARTESIAN_POINT('Origin',(-107.809293137388,-2.99999999999999,-42.));
#2009=CARTESIAN_POINT('Origin',(-107.809293137388,-2.99999999999999,-42.));
#2010=CARTESIAN_POINT('Origin',(-63.7827442681152,-3.,-42.));
#2011=CARTESIAN_POINT('',(-61.1604891315983,-3.,-43.4573187705544));
#2012=CARTESIAN_POINT('Origin',(-63.7827442681152,-3.,-42.));
#2013=CARTESIAN_POINT('',(-63.7827442681152,-3.,-45.));
#2014=CARTESIAN_POINT('Origin',(-63.7827442681152,-3.,-42.));
#2015=CARTESIAN_POINT('Origin',(-63.7827442681152,-3.,-42.));
#2016=CARTESIAN_POINT('Origin',(-63.7827442681152,2.6063844645019E-15,-42.));
#2017=CARTESIAN_POINT('',(-63.7827442681152,-9.40327133752139,-45.));
#2018=CARTESIAN_POINT('',(-63.7827442681152,-4.84881360615157,-45.));
#2019=CARTESIAN_POINT('Ctrl Pts',(-63.7827442681152,-9.40327133752139,-45.));
#2020=CARTESIAN_POINT('Ctrl Pts',(-63.5425918831227,-9.28225935566074,-45.));
#2021=CARTESIAN_POINT('Ctrl Pts',(-63.3007983884946,-9.10401291962546,-44.9667532504448));
#2022=CARTESIAN_POINT('Ctrl Pts',(-62.8962735008912,-8.69683208541247,-44.875301122075));
#2023=CARTESIAN_POINT('Ctrl Pts',(-62.7031850240688,-8.41312364102501,-44.8025752923675));
#2024=CARTESIAN_POINT('Ctrl Pts',(-62.4451022506782,-7.7897010584317,-44.688976224425));
#2025=CARTESIAN_POINT('Ctrl Pts',(-62.380232260772,-7.44923653474534,-44.6519728635976));
#2026=CARTESIAN_POINT('Ctrl Pts',(-62.380232260772,-7.12604247183648,-44.6519728635976));
#2027=CARTESIAN_POINT('Ctrl Pts',(-62.380232260772,-6.80284840892762,-44.6519728635976));
#2028=CARTESIAN_POINT('Ctrl Pts',(-62.4451022506782,-6.46238388524126,-44.688976224425));
#2029=CARTESIAN_POINT('Ctrl Pts',(-62.7031850240688,-5.83896130264795,-44.8025752923675));
#2030=CARTESIAN_POINT('Ctrl Pts',(-62.8962735008912,-5.55525285826049,-44.875301122075));
#2031=CARTESIAN_POINT('Ctrl Pts',(-63.3007983884946,-5.14807202404751,-44.9667532504448));
#2032=CARTESIAN_POINT('Ctrl Pts',(-63.5425918831227,-4.96982558801222,-45.));
#2033=CARTESIAN_POINT('Ctrl Pts',(-63.7827442681152,-4.84881360615157,-45.));
#2034=CARTESIAN_POINT('',(-63.7827442681152,2.6063844645019E-15,-45.));
#2035=CARTESIAN_POINT('',(-61.1604891315983,-14.,-43.4573187705544));
#2036=CARTESIAN_POINT('',(-61.1604891315983,2.28525082855358E-15,-43.4573187705544));
#2037=CARTESIAN_POINT('',(-63.7827442681152,-14.,-45.));
#2038=CARTESIAN_POINT('Origin',(-63.7827442681152,-14.,-42.));
#2039=CARTESIAN_POINT('',(-63.7827442681152,2.6063844645019E-15,-45.));
#2040=CARTESIAN_POINT('Origin',(-106.25,-2.99999999999999,-42.));
#2041=CARTESIAN_POINT('',(-106.25,-2.99999999999999,-45.));
#2042=CARTESIAN_POINT('Origin',(-68.7621275525009,-3.,1.28282051778856));
#2043=CARTESIAN_POINT('',(-55.4433680726395,-3.,-2.68692218403274));
#2044=CARTESIAN_POINT('',(-42.5,-3.,-9.88020135194268));
#2045=CARTESIAN_POINT('',(-67.3048087819465,-3.,3.90507565430555));
#2046=CARTESIAN_POINT('Origin',(-46.5795739070714,-3.,-11.0451377179052));
#2047=CARTESIAN_POINT('Origin',(-59.1868866811316,-3.,-4.03862134349465));
#2048=CARTESIAN_POINT('Origin',(-48.0391303908903,-3.,-13.6714193277102));
#2049=CARTESIAN_POINT('',(-45.4168752543733,-3.,-15.1287380982646));
#2050=CARTESIAN_POINT('Origin',(-53.2524180512298,-3.,11.2377133961328));
#2051=CARTESIAN_POINT('',(-50.4560129051436,-3.,10.151380915286));
#2052=CARTESIAN_POINT('Ctrl Pts',(-110.668770104282,-14.,-42.9074092107761));
#2053=CARTESIAN_POINT('Ctrl Pts',(-110.668770104282,-10.3333333333333,-42.9074092107761));
#2054=CARTESIAN_POINT('Ctrl Pts',(-110.668770104282,-6.66666666666667,-42.9074092107761));
#2055=CARTESIAN_POINT('Ctrl Pts',(-110.668770104282,-2.99999999999999,-42.9074092107761));
#2056=CARTESIAN_POINT('Ctrl Pts',(-110.450384598886,-14.,-43.5955974230728));
#2057=CARTESIAN_POINT('Ctrl Pts',(-110.450384598886,-10.3333333333333,-43.5955974230728));
#2058=CARTESIAN_POINT('Ctrl Pts',(-110.450384598886,-6.66666666666666,-43.5955974230728));
#2059=CARTESIAN_POINT('Ctrl Pts',(-110.450384598886,-2.99999999999999,-43.5955974230728));
#2060=CARTESIAN_POINT('Ctrl Pts',(-109.615259264204,-14.,-44.6500215381896));
#2061=CARTESIAN_POINT('Ctrl Pts',(-109.615259264204,-10.3333333333333,-44.6500215381896));
#2062=CARTESIAN_POINT('Ctrl Pts',(-109.615259264204,-6.66666666666668,-44.6500215381896));
#2063=CARTESIAN_POINT('Ctrl Pts',(-109.615259264204,-2.99999999999999,-44.6500215381896));
#2064=CARTESIAN_POINT('Ctrl Pts',(-108.35079897765,-14.,-45.));
#2065=CARTESIAN_POINT('Ctrl Pts',(-108.35079897765,-10.3333333333333,-45.));
#2066=CARTESIAN_POINT('Ctrl Pts',(-108.35079897765,-6.66666666666666,-45.));
#2067=CARTESIAN_POINT('Ctrl Pts',(-108.35079897765,-2.99999999999999,-45.));
#2068=CARTESIAN_POINT('Ctrl Pts',(-107.809293137388,-14.,-45.));
#2069=CARTESIAN_POINT('Ctrl Pts',(-107.809293137388,-10.3333333333333,-45.));
#2070=CARTESIAN_POINT('Ctrl Pts',(-107.809293137388,-6.66666666666667,-45.));
#2071=CARTESIAN_POINT('Ctrl Pts',(-107.809293137388,-2.99999999999999,-45.));
#2072=CARTESIAN_POINT('',(-107.809293137388,-4.68029876967837,-45.));
#2073=CARTESIAN_POINT('',(-109.637602245556,-7.12604247183648,-44.3785049516433));
#2074=CARTESIAN_POINT('Ctrl Pts',(-107.809293137388,-4.68029876967837,-45.));
#2075=CARTESIAN_POINT('Ctrl Pts',(-108.077068661356,-4.75931406328111,-45.));
#2076=CARTESIAN_POINT('Ctrl Pts',(-108.326795133967,-4.88067490107385,-44.9640532138542));
#2077=CARTESIAN_POINT('Ctrl Pts',(-108.832384782856,-5.23488373268418,-44.8350944973719));
#2078=CARTESIAN_POINT('Ctrl Pts',(-109.068132316216,-5.48494643636388,-44.7307302575759));
#2079=CARTESIAN_POINT('Ctrl Pts',(-109.41078877907,-6.0305637666192,-44.543621365464));
#2080=CARTESIAN_POINT('Ctrl Pts',(-109.528760452972,-6.32320709689232,-44.4595160193343));
#2081=CARTESIAN_POINT('Ctrl Pts',(-109.607798146523,-6.72642852244554,-44.4012225658426));
#2082=CARTESIAN_POINT('Ctrl Pts',(-109.620706640103,-6.81847081452754,-44.3914177216897));
#2083=CARTESIAN_POINT('Ctrl Pts',(-109.632555666768,-6.95881344649111,-44.3823809468166));
#2084=CARTESIAN_POINT('Ctrl Pts',(-109.635230362617,-7.0062397554098,-44.380326897135));
#2085=CARTESIAN_POINT('Ctrl Pts',(-109.637260890703,-7.07786245507492,-44.37876746111));
#2086=CARTESIAN_POINT('Ctrl Pts',(-109.637602245556,-7.10195099965018,-44.3785049516433));
#2087=CARTESIAN_POINT('Ctrl Pts',(-109.637602245556,-7.12604247183648,-44.3785049516433));
#2088=CARTESIAN_POINT('',(-107.809293137388,-9.57178617399459,-45.));
#2089=CARTESIAN_POINT('Ctrl Pts',(-109.637602245556,-7.12604247183648,-44.3785049516433));
#2090=CARTESIAN_POINT('Ctrl Pts',(-109.637602245556,-7.14013001005596,-44.3785049516433));
#2091=CARTESIAN_POINT('Ctrl Pts',(-109.637485511718,-7.1542185493281,-44.3785946962862));
#2092=CARTESIAN_POINT('Ctrl Pts',(-109.636532536532,-7.21170659550222,-44.3793270059834));
#2093=CARTESIAN_POINT('Ctrl Pts',(-109.634706477007,-7.25503577951388,-44.3807309232374));
#2094=CARTESIAN_POINT('Ctrl Pts',(-109.626778958806,-7.37213097113397,-44.3867938539866));
#2095=CARTESIAN_POINT('Ctrl Pts',(-109.618589083156,-7.4454569192044,-44.3930416247854));
#2096=CARTESIAN_POINT('Ctrl Pts',(-109.583625440967,-7.67010216296566,-44.4192182833046));
#2097=CARTESIAN_POINT('Ctrl Pts',(-109.546582257562,-7.81792136816716,-44.4465068900446));
#2098=CARTESIAN_POINT('Ctrl Pts',(-109.419133867643,-8.18592582017003,-44.533244515493));
#2099=CARTESIAN_POINT('Ctrl Pts',(-109.310520896068,-8.39732213522569,-44.6017646595711));
#2100=CARTESIAN_POINT('Ctrl Pts',(-109.006827906312,-8.83070797780724,-44.7571699972776));
#2101=CARTESIAN_POINT('Ctrl Pts',(-108.795297253033,-9.04357482448856,-44.8447549239613));
#2102=CARTESIAN_POINT('Ctrl Pts',(-108.325128658846,-9.37222055983964,-44.9642948925294));
#2103=CARTESIAN_POINT('Ctrl Pts',(-108.076169241537,-9.49303628150099,-45.));
#2104=CARTESIAN_POINT('Ctrl Pts',(-107.809293137388,-9.57178617399459,-45.));
#2105=CARTESIAN_POINT('',(-107.809293137388,-14.,-45.));
#2106=CARTESIAN_POINT('Ctrl Pts',(-107.809293137388,-9.57178617399459,-45.));
#2107=CARTESIAN_POINT('Ctrl Pts',(-107.809293137388,-11.0478574493297,-45.));
#2108=CARTESIAN_POINT('Ctrl Pts',(-107.809293137388,-12.5239287246649,-45.));
#2109=CARTESIAN_POINT('Ctrl Pts',(-107.809293137388,-14.,-45.));
#2110=CARTESIAN_POINT('',(-110.668770104282,-14.,-42.9074092107761));
#2111=CARTESIAN_POINT('Ctrl Pts',(-107.809293137388,-14.,-45.));
#2112=CARTESIAN_POINT('Ctrl Pts',(-108.35079897765,-14.,-45.));
#2113=CARTESIAN_POINT('Ctrl Pts',(-108.89271052903,-14.,-44.8500092306527));
#2114=CARTESIAN_POINT('Ctrl Pts',(-109.355764640271,-14.,-44.5706304841675));
#2115=CARTESIAN_POINT('Ctrl Pts',(-109.973170121925,-14.,-44.1981254888538));
#2116=CARTESIAN_POINT('Ctrl Pts',(-110.450384598886,-14.,-43.5955974230728));
#2117=CARTESIAN_POINT('Ctrl Pts',(-110.668770104282,-14.,-42.9074092107761));
#2118=CARTESIAN_POINT('Ctrl Pts',(-110.668770104282,-14.,-42.9074092107761));
#2119=CARTESIAN_POINT('Ctrl Pts',(-110.668770104282,-10.3333333333333,-42.9074092107761));
#2120=CARTESIAN_POINT('Ctrl Pts',(-110.668770104282,-6.66666666666667,-42.9074092107761));
#2121=CARTESIAN_POINT('Ctrl Pts',(-110.668770104282,-2.99999999999999,-42.9074092107761));
#2122=CARTESIAN_POINT('Ctrl Pts',(-107.809293137388,-2.99999999999999,-45.));
#2123=CARTESIAN_POINT('Ctrl Pts',(-107.809293137388,-3.56009958989278,-45.));
#2124=CARTESIAN_POINT('Ctrl Pts',(-107.809293137388,-4.12019917978558,-45.));
#2125=CARTESIAN_POINT('Ctrl Pts',(-107.809293137388,-4.68029876967837,-45.));
#2126=CARTESIAN_POINT('Origin',(-42.5,0.,30.6315155172917));
#2127=CARTESIAN_POINT('',(-55.4433680726395,-14.,-2.68692218403274));
#2128=CARTESIAN_POINT('',(-50.4565387257176,-14.,10.1500273634178));
#2129=CARTESIAN_POINT('',(-55.4433680726395,1.5851054280344E-15,-2.68692218403274));
#2130=CARTESIAN_POINT('Origin',(-42.5,0.,45.));
#2131=CARTESIAN_POINT('',(-127.5,-14.,45.));
#2132=CARTESIAN_POINT('',(-127.5,1.04094977927525E-14,45.));
#2133=CARTESIAN_POINT('',(-42.5,-14.,45.));
#2134=CARTESIAN_POINT('',(-47.9441697157359,-7.,45.));
#2135=CARTESIAN_POINT('Origin',(-49.9441697157359,-7.,45.));
#2136=CARTESIAN_POINT('',(-90.4441697157359,-7.,45.));
#2137=CARTESIAN_POINT('Origin',(-92.4441697157359,-7.,45.));
#2138=CARTESIAN_POINT('',(-118.055830284264,-7.,45.));
#2139=CARTESIAN_POINT('Origin',(-120.055830284264,-7.,45.));
#2140=CARTESIAN_POINT('',(-75.5558302842641,-7.,45.));
#2141=CARTESIAN_POINT('Origin',(-77.5558302842641,-7.,45.));
#2142=CARTESIAN_POINT('',(-54.1451697157359,-6.99999999999999,45.));
#2143=CARTESIAN_POINT('Origin',(-56.1451697157359,-6.99999999999999,45.));
#2144=CARTESIAN_POINT('',(-96.6451697157359,-6.99999999999999,45.));
#2145=CARTESIAN_POINT('Origin',(-98.6451697157359,-6.99999999999999,45.));
#2146=CARTESIAN_POINT('',(-111.854830284264,-6.99999999999999,45.));
#2147=CARTESIAN_POINT('Origin',(-113.854830284264,-6.99999999999999,45.));
#2148=CARTESIAN_POINT('',(-69.3548302842641,-6.99999999999999,45.));
#2149=CARTESIAN_POINT('Origin',(-71.3548302842641,-6.99999999999999,45.));
#2150=CARTESIAN_POINT('Origin',(-127.5,1.04094977927525E-14,45.));
#2151=CARTESIAN_POINT('',(-127.5,-14.,40.));
#2152=CARTESIAN_POINT('',(-127.5,1.04094977927525E-14,40.));
#2153=CARTESIAN_POINT('',(-127.5,-14.,22.4984425631844));
#2154=CARTESIAN_POINT('Ctrl Pts',(-110.,-8.88178419700125E-15,-45.));
#2155=CARTESIAN_POINT('Ctrl Pts',(-110.,-100.,-45.));
#2156=CARTESIAN_POINT('Ctrl Pts',(-110.571770879476,-8.88178419700125E-15,
-43.2234319387383));
#2157=CARTESIAN_POINT('Ctrl Pts',(-110.571770879476,-100.,-43.2234319387383));
#2158=CARTESIAN_POINT('Ctrl Pts',(-111.696255944169,-8.88178419700125E-15,
-39.6768752829894));
#2159=CARTESIAN_POINT('Ctrl Pts',(-111.696255944169,-100.,-39.6768752829894));
#2160=CARTESIAN_POINT('Ctrl Pts',(-113.325816505437,-8.88178419700125E-15,
-34.3767776476897));
#2161=CARTESIAN_POINT('Ctrl Pts',(-113.325816505437,-100.,-34.3767776476897));
#2162=CARTESIAN_POINT('Ctrl Pts',(-115.382322485388,-8.88178419700125E-15,
-27.3501140288501));
#2163=CARTESIAN_POINT('Ctrl Pts',(-115.382322485389,-100.,-27.3501140288501));
#2164=CARTESIAN_POINT('Ctrl Pts',(-117.745800443775,-8.88178419700125E-15,
-18.6383061575097));
#2165=CARTESIAN_POINT('Ctrl Pts',(-117.745800443775,-100.,-18.6383061575097));
#2166=CARTESIAN_POINT('Ctrl Pts',(-119.882599011491,-8.88178419700125E-15,
-10.0047610477717));
#2167=CARTESIAN_POINT('Ctrl Pts',(-119.882599011491,-100.,-10.0047610477717));
#2168=CARTESIAN_POINT('Ctrl Pts',(-121.77257772434,-8.88178419700125E-15,
-1.45643234612683));
#2169=CARTESIAN_POINT('Ctrl Pts',(-121.77257772434,-100.,-1.45643234612683));
#2170=CARTESIAN_POINT('Ctrl Pts',(-123.40191320433,-8.88178419700125E-15,
7.00190732237612));
#2171=CARTESIAN_POINT('Ctrl Pts',(-123.40191320433,-100.,7.00190732237612));
#2172=CARTESIAN_POINT('Ctrl Pts',(-124.776912576447,-8.88178419700125E-15,
15.3724355399877));
#2173=CARTESIAN_POINT('Ctrl Pts',(-124.776912576447,-100.,15.3724355399877));
#2174=CARTESIAN_POINT('Ctrl Pts',(-125.915140311303,-8.88178419700125E-15,
23.66121657206));
#2175=CARTESIAN_POINT('Ctrl Pts',(-125.915140311303,-100.,23.66121657206));
#2176=CARTESIAN_POINT('Ctrl Pts',(-126.651010016522,-8.88178419700125E-15,
30.2319206012606));
#2177=CARTESIAN_POINT('Ctrl Pts',(-126.651010016522,-100.,30.2319206012606));
#2178=CARTESIAN_POINT('Ctrl Pts',(-127.110761249115,-8.88178419700125E-15,
35.128132782506));
#2179=CARTESIAN_POINT('Ctrl Pts',(-127.110761249115,-100.,35.128132782506));
#2180=CARTESIAN_POINT('Ctrl Pts',(-127.376969234064,-8.88178419700125E-15,
38.3783628322333));
#2181=CARTESIAN_POINT('Ctrl Pts',(-127.376969234064,-100.,38.3783628322333));
#2182=CARTESIAN_POINT('Ctrl Pts',(-127.5,-8.88178419700125E-15,40.));
#2183=CARTESIAN_POINT('Ctrl Pts',(-127.5,-100.,40.));
#2184=CARTESIAN_POINT('Ctrl Pts',(-110.668770104282,-14.,-42.9074092107761));
#2185=CARTESIAN_POINT('Ctrl Pts',(-111.067148343433,-14.,-41.6520181640091));
#2186=CARTESIAN_POINT('Ctrl Pts',(-111.45979356489,-14.,-40.3986064846453));
#2187=CARTESIAN_POINT('Ctrl Pts',(-111.846652503238,-14.,-39.14719256297));
#2188=CARTESIAN_POINT('Ctrl Pts',(-112.238385403739,-14.,-37.8800123154108));
#2189=CARTESIAN_POINT('Ctrl Pts',(-112.624185254951,-14.,-36.6148804976657));
#2190=CARTESIAN_POINT('Ctrl Pts',(-113.003945922662,-14.,-35.3518337533676));
#2191=CARTESIAN_POINT('Ctrl Pts',(-113.394671986615,-14.,-34.0523171763575));
#2192=CARTESIAN_POINT('Ctrl Pts',(-113.779004934036,-14.,-32.7550078708307));
#2193=CARTESIAN_POINT('Ctrl Pts',(-114.156776466341,-14.,-31.4599639431378));
#2194=CARTESIAN_POINT('Ctrl Pts',(-114.549262975856,-14.,-30.1144753941496));
#2195=CARTESIAN_POINT('Ctrl Pts',(-114.934666737522,-14.,-28.7714322170357));
#2196=CARTESIAN_POINT('Ctrl Pts',(-115.312745820127,-14.,-27.4309179403632));
#2197=CARTESIAN_POINT('Ctrl Pts',(-115.725605189825,-14.,-25.9670869462592));
#2198=CARTESIAN_POINT('Ctrl Pts',(-116.129729841735,-14.,-24.5062716790545));
#2199=CARTESIAN_POINT('Ctrl Pts',(-116.52474520944,-14.,-23.0486014606163));
#2200=CARTESIAN_POINT('Ctrl Pts',(-117.057493436039,-14.,-21.0826748478116));
#2201=CARTESIAN_POINT('Ctrl Pts',(-117.573670844656,-14.,-19.1224694343333));
#2202=CARTESIAN_POINT('Ctrl Pts',(-118.072264031679,-14.,-17.1683351053877));
#2203=CARTESIAN_POINT('Ctrl Pts',(-118.468283360107,-14.,-15.6162180994832));
#2204=CARTESIAN_POINT('Ctrl Pts',(-118.853204835094,-14.,-14.0679327108051));
#2205=CARTESIAN_POINT('Ctrl Pts',(-119.226526097784,-14.,-12.5236523825205));
#2206=CARTESIAN_POINT('Ctrl Pts',(-119.531283677756,-14.,-11.2629925094236));
#2207=CARTESIAN_POINT('Ctrl Pts',(-119.828310036033,-14.,-10.0050018986653));
#2208=CARTESIAN_POINT('Ctrl Pts',(-120.117360161733,-14.,-8.74976514209269));
#2209=CARTESIAN_POINT('Ctrl Pts',(-120.371010146917,-14.,-7.64825797637963));
#2210=CARTESIAN_POINT('Ctrl Pts',(-120.618517259824,-14.,-6.54887168344298));
#2211=CARTESIAN_POINT('Ctrl Pts',(-120.859748378031,-14.,-5.45165222479875));
#2212=CARTESIAN_POINT('Ctrl Pts',(-121.083939032217,-14.,-4.43193988400675));
#2213=CARTESIAN_POINT('Ctrl Pts',(-121.302708521203,-14.,-3.41409924120371));
#2214=CARTESIAN_POINT('Ctrl Pts',(-121.515988589694,-14.,-2.39815386204316));
#2215=CARTESIAN_POINT('Ctrl Pts',(-121.728681672811,-14.,-1.3850045485554));
#2216=CARTESIAN_POINT('Ctrl Pts',(-121.935914890092,-14.,-0.373740294741978));
#2217=CARTESIAN_POINT('Ctrl Pts',(-122.137670153067,-14.,0.635632654216907));
#2218=CARTESIAN_POINT('Ctrl Pts',(-122.348397155337,-14.,1.68989083102951));
#2219=CARTESIAN_POINT('Ctrl Pts',(-122.553148431645,-14.,2.74208584358586));
#2220=CARTESIAN_POINT('Ctrl Pts',(-122.751959729618,-14.,3.79223003402283));
#2221=CARTESIAN_POINT('Ctrl Pts',(-122.96246310718,-14.,4.90413313645053));
#2222=CARTESIAN_POINT('Ctrl Pts',(-123.166307641799,-14.,6.01373722335511));
#2223=CARTESIAN_POINT('Ctrl Pts',(-123.363593089596,-14.,7.12107673628623));
#2224=CARTESIAN_POINT('Ctrl Pts',(-123.579474599277,-14.,8.33279371010279));
#2225=CARTESIAN_POINT('Ctrl Pts',(-123.78750279683,-14.,9.54179926894123));
#2226=CARTESIAN_POINT('Ctrl Pts',(-123.987868915485,-14.,10.7481594375105));
#2227=CARTESIAN_POINT('Ctrl Pts',(-124.239947386279,-14.,12.2658682625394));
#2228=CARTESIAN_POINT('Ctrl Pts',(-124.479899606594,-14.,13.7793904085421));
#2229=CARTESIAN_POINT('Ctrl Pts',(-124.708187628969,-14.,15.2888854026264));
#2230=CARTESIAN_POINT('Ctrl Pts',(-125.001559009486,-14.,17.2287271240203));
#2231=CARTESIAN_POINT('Ctrl Pts',(-125.275676044045,-14.,19.1619211379034));
#2232=CARTESIAN_POINT('Ctrl Pts',(-125.531553278937,-14.,21.0888177239991));
#2233=CARTESIAN_POINT('Ctrl Pts',(-125.716184399261,-14.,22.4791918054991));
#2234=CARTESIAN_POINT('Ctrl Pts',(-125.891320126111,-14.,23.8662875311068));
#2235=CARTESIAN_POINT('Ctrl Pts',(-126.057306766879,-14.,25.2502244660496));
#2236=CARTESIAN_POINT('Ctrl Pts',(-126.205903196301,-14.,26.4891680709385));
#2237=CARTESIAN_POINT('Ctrl Pts',(-126.347167420642,-14.,27.7255801769701));
#2238=CARTESIAN_POINT('Ctrl Pts',(-126.481308123415,-14.,28.9595328336936));
#2239=CARTESIAN_POINT('Ctrl Pts',(-126.60993466652,-14.,30.1427610508405));
#2240=CARTESIAN_POINT('Ctrl Pts',(-126.732011692668,-14.,31.3237279980813));
#2241=CARTESIAN_POINT('Ctrl Pts',(-126.847679946707,-14.,32.5024822686314));
#2242=CARTESIAN_POINT('Ctrl Pts',(-126.961351717762,-14.,33.6608907419473));
#2243=CARTESIAN_POINT('Ctrl Pts',(-127.068834229467,-14.,34.8171623270008));
#2244=CARTESIAN_POINT('Ctrl Pts',(-127.17021349541,-14.,35.971326720629));
#2245=CARTESIAN_POINT('Ctrl Pts',(-127.270025218459,-14.,37.1076452344568));
#2246=CARTESIAN_POINT('Ctrl Pts',(-127.363921041921,-14.,38.2419212395328));
#2247=CARTESIAN_POINT('Ctrl Pts',(-127.451935082927,-14.,39.3741665150528));
#2248=CARTESIAN_POINT('Ctrl Pts',(-127.468156644528,-14.,39.5828467014727));
#2249=CARTESIAN_POINT('Ctrl Pts',(-127.484178273813,-14.,39.7914578597589));
#2250=CARTESIAN_POINT('Ctrl Pts',(-127.5,-14.,40.));
#2251=CARTESIAN_POINT('Origin',(-57.8937155794649,-14.,-28.521455617815));
#2252=CARTESIAN_POINT('',(-60.4937155794649,-14.,-28.521455617815));
#2253=CARTESIAN_POINT('Origin',(-57.8937155794649,-14.,-28.521455617815));
#2254=CARTESIAN_POINT('',(-60.4937155794649,-11.8,-28.521455617815));
#2255=CARTESIAN_POINT('',(-60.4937155794649,-14.,-28.521455617815));
#2256=CARTESIAN_POINT('Origin',(-57.8937155794649,-11.8,-28.521455617815));
#2257=CARTESIAN_POINT('Origin',(-57.8937155794649,-11.8,-28.521455617815));
#2258=CARTESIAN_POINT('Origin',(-50.9284074604817,-14.,21.0863328235734));
#2259=CARTESIAN_POINT('',(-53.5284074604817,-14.,21.0863328235734));
#2260=CARTESIAN_POINT('Origin',(-50.9284074604817,-14.,21.0863328235734));
#2261=CARTESIAN_POINT('',(-53.5284074604817,-11.8,21.0863328235734));
#2262=CARTESIAN_POINT('',(-53.5284074604817,-14.,21.0863328235734));
#2263=CARTESIAN_POINT('Origin',(-50.9284074604817,-11.8,21.0863328235734));
#2264=CARTESIAN_POINT('Origin',(-50.9284074604817,-11.8,21.0863328235734));
#2265=CARTESIAN_POINT('Origin',(-48.9682293367419,7.92129635339198E-16,
-6.28548171790842));
#2266=CARTESIAN_POINT('',(-59.0586519454275,-14.,-24.4418817107435));
#2267=CARTESIAN_POINT('',(-59.0586519454275,-11.,-24.4418817107435));
#2268=CARTESIAN_POINT('',(-59.0586519454275,-14.,-24.4418817107435));
#2269=CARTESIAN_POINT('',(-61.9732894865363,-11.,-29.6863919837775));
#2270=CARTESIAN_POINT('',(-59.0586519454275,-11.,-24.4418817107435));
#2271=CARTESIAN_POINT('',(-61.9732894865363,-14.,-29.6863919837775));
#2272=CARTESIAN_POINT('',(-61.9732894865363,-11.,-29.6863919837775));
#2273=CARTESIAN_POINT('',(-51.8857661221085,-14.,-11.5352088030089));
#2274=CARTESIAN_POINT('Origin',(-53.8141416723935,-12.5,-27.3565192518524));
#2275=CARTESIAN_POINT('',(-53.8141416723935,-11.,-27.3565192518524));
#2276=CARTESIAN_POINT('',(-53.8141416723935,-14.,-27.3565192518524));
#2277=CARTESIAN_POINT('',(-53.8141416723935,-6.25000000000001,-27.3565192518524));
#2278=CARTESIAN_POINT('',(-53.8141416723935,-11.,-27.3565192518524));
#2279=CARTESIAN_POINT('',(-53.8141416723935,-14.,-27.3565192518524));
#2280=CARTESIAN_POINT('Origin',(-55.271460442948,-11.,-29.9787743883694));
#2281=CARTESIAN_POINT('',(-56.7287792135024,-11.,-32.6010295248864));
#2282=CARTESIAN_POINT('',(-49.4975897533279,-11.,-19.5894468236933));
#2283=CARTESIAN_POINT('',(-56.7287792135024,-11.,-32.6010295248864));
#2284=CARTESIAN_POINT('Origin',(-56.7287792135024,-12.5,-32.6010295248864));
#2285=CARTESIAN_POINT('',(-56.7287792135024,-14.,-32.6010295248864));
#2286=CARTESIAN_POINT('',(-56.7287792135024,-6.25000000000001,-32.6010295248864));
#2287=CARTESIAN_POINT('',(-56.7287792135024,-14.,-32.6010295248864));
#2288=CARTESIAN_POINT('Origin',(-43.7237190637079,1.49862363442551E-16,
-9.20011925901728));
#2289=CARTESIAN_POINT('',(-44.4038011566333,-14.,-10.4238383227252));
#2290=CARTESIAN_POINT('',(-46.6412558490746,-14.,-14.4498463441177));
#2291=CARTESIAN_POINT('',(-44.4038011566333,-10.9861589277057,-10.4238383227252));
#2292=CARTESIAN_POINT('',(-44.4038011566333,2.33148399268404E-16,-10.4238383227252));
#2293=CARTESIAN_POINT('',(-44.6466876183924,-10.9861589277057,-10.860880845478));
#2294=CARTESIAN_POINT('',(-43.7237190637079,-10.9861589277057,-9.20011925901728));
#2295=CARTESIAN_POINT('',(-44.6466876183924,-6.68214808378157,-10.860880845478));
#2296=CARTESIAN_POINT('',(-44.6466876183924,-4.41707675287182,-10.860880845478));
#2297=CARTESIAN_POINT('',(-44.4038011566333,-6.68214808378158,-10.4238383227252));
#2298=CARTESIAN_POINT('',(-43.7237190637079,-6.68214808378158,-9.20011925901728));
#2299=CARTESIAN_POINT('',(-44.4038011566333,-1.4,-10.4238383227252));
#2300=CARTESIAN_POINT('',(-44.4038011566333,2.33148399268404E-16,-10.4238383227252));
#2301=CARTESIAN_POINT('',(-62.8414590618285,-1.4,-43.6));
#2302=CARTESIAN_POINT('',(-46.6405943180812,-1.4,-14.4486560053392));
#2303=CARTESIAN_POINT('',(-62.8414590618285,-3.77350216285058,-43.6));
#2304=CARTESIAN_POINT('',(-62.8414590618285,2.49111027300552E-15,-43.6));
#2305=CARTESIAN_POINT('',(-61.6743836786797,-4.88953850124131,-41.5));
#2306=CARTESIAN_POINT('Origin',(-64.930232260772,-7.12604247183648,-47.3584750574954));
#2307=CARTESIAN_POINT('',(-61.6743836786797,-9.36254644243165,-41.5));
#2308=CARTESIAN_POINT('',(-61.6743836786797,-3.56302123591824,-41.5));
#2309=CARTESIAN_POINT('',(-62.8414590618285,-10.4785827808224,-43.6));
#2310=CARTESIAN_POINT('Origin',(-64.930232260772,-7.12604247183648,-47.3584750574954));
#2311=CARTESIAN_POINT('',(-62.8414590618285,-14.,-43.6));
#2312=CARTESIAN_POINT('',(-62.8414590618285,2.49111027300552E-15,-43.6));
#2313=CARTESIAN_POINT('',(-46.6412558490746,-14.,-14.4498463441177));
#2314=CARTESIAN_POINT('Origin',(-49.397799360346,8.44736790780835E-16,33.3111356367136));
#2315=CARTESIAN_POINT('',(-52.6384801257211,-14.,24.9690704505064));
#2316=CARTESIAN_POINT('',(-52.6384801257211,-11.,24.9690704505064));
#2317=CARTESIAN_POINT('',(-52.6384801257211,-14.,24.9690704505064));
#2318=CARTESIAN_POINT('',(-54.8111450874146,-11.,19.376260158334));
#2319=CARTESIAN_POINT('',(-52.6384801257211,-11.,24.9690704505064));
#2320=CARTESIAN_POINT('',(-54.8111450874146,-14.,19.376260158334));
#2321=CARTESIAN_POINT('',(-54.8111450874146,-11.,19.376260158334));
#2322=CARTESIAN_POINT('',(-57.3543380860635,-14.,12.8296474828398));
#2323=CARTESIAN_POINT('Origin',(-47.0456698335487,-12.5,22.7964054888129));
#2324=CARTESIAN_POINT('',(-47.0456698335487,-11.,22.7964054888129));
#2325=CARTESIAN_POINT('',(-47.0456698335487,-14.,22.7964054888129));
#2326=CARTESIAN_POINT('',(-47.0456698335487,-6.25000000000001,22.7964054888129));
#2327=CARTESIAN_POINT('',(-47.0456698335487,-11.,22.7964054888129));
#2328=CARTESIAN_POINT('',(-47.0456698335487,-14.,22.7964054888129));
#2329=CARTESIAN_POINT('Origin',(-48.1320023143955,-11.,20.0000003427267));
#2330=CARTESIAN_POINT('',(-49.2183347952422,-11.,17.2035951966405));
#2331=CARTESIAN_POINT('',(-45.9684956912845,-11.,25.5692355088734));
#2332=CARTESIAN_POINT('',(-49.2183347952422,-11.,17.2035951966405));
#2333=CARTESIAN_POINT('Origin',(-49.2183347952422,-12.5,17.2035951966405));
#2334=CARTESIAN_POINT('',(-49.2183347952422,-14.,17.2035951966405));
#2335=CARTESIAN_POINT('',(-49.2183347952422,-6.25000000000001,17.2035951966405));
#2336=CARTESIAN_POINT('',(-49.2183347952422,-14.,17.2035951966405));
#2337=CARTESIAN_POINT('Origin',(-43.8049890681736,1.59815068526104E-16,
31.1384706750202));
#2338=CARTESIAN_POINT('',(-43.9,-14.,30.8938963265787));
#2339=CARTESIAN_POINT('',(-51.7615277938911,-14.,10.6569825211463));
#2340=CARTESIAN_POINT('',(-43.9,-1.4,30.8938963265787));
#2341=CARTESIAN_POINT('',(-43.9,1.7145055188063E-16,30.8938963265787));
#2342=CARTESIAN_POINT('',(-57.1903434232692,-1.4,-3.31771512511496));
#2343=CARTESIAN_POINT('',(-51.7610019733171,-1.4,10.6583360730145));
#2344=CARTESIAN_POINT('',(-57.1903434232692,-14.,-3.31771512511497));
#2345=CARTESIAN_POINT('',(-57.1903434232692,1.7990482051682E-15,-3.31771512511497));
#2346=CARTESIAN_POINT('',(-51.7615277938911,-14.,10.6569825211463));
#2347=CARTESIAN_POINT('Origin',(-109.986593815372,-14.,-28.2095556532676));
#2348=CARTESIAN_POINT('',(-112.586593815372,-14.,-28.2095556532676));
#2349=CARTESIAN_POINT('Origin',(-109.986593815372,-14.,-28.2095556532676));
#2350=CARTESIAN_POINT('',(-112.586593815372,-11.8,-28.2095556532676));
#2351=CARTESIAN_POINT('',(-112.586593815372,-14.,-28.2095556532676));
#2352=CARTESIAN_POINT('Origin',(-109.986593815372,-11.8,-28.2095556532676));
#2353=CARTESIAN_POINT('Origin',(-109.986593815372,-11.8,-28.2095556532676));
#2354=CARTESIAN_POINT('Origin',(-120.432702686914,-14.,20.0534293754324));
#2355=CARTESIAN_POINT('',(-123.032702686914,-14.,20.0534293754324));
#2356=CARTESIAN_POINT('Origin',(-120.432702686914,-14.,20.0534293754324));
#2357=CARTESIAN_POINT('',(-123.032702686914,-11.8,20.0534293754324));
#2358=CARTESIAN_POINT('',(-123.032702686914,-14.,20.0534293754324));
#2359=CARTESIAN_POINT('Origin',(-120.432702686914,-11.8,20.0534293754324));
#2360=CARTESIAN_POINT('Origin',(-120.432702686914,-11.8,20.0534293754324));
#2361=CARTESIAN_POINT('Ctrl Pts',(-105.800604750556,-11.,-30.1054996973763));
#2362=CARTESIAN_POINT('Ctrl Pts',(-105.800604750556,-14.,-30.1054996973763));
#2363=CARTESIAN_POINT('Ctrl Pts',(-106.359284869383,-11.,-28.2057219862075));
#2364=CARTESIAN_POINT('Ctrl Pts',(-106.359284869383,-14.,-28.2057219862075));
#2365=CARTESIAN_POINT('Ctrl Pts',(-106.903405060588,-11.,-26.3119868636488));
#2366=CARTESIAN_POINT('Ctrl Pts',(-106.903405060588,-14.,-26.3119868636488));
#2367=CARTESIAN_POINT('Ctrl Pts',(-107.432215200335,-11.,-24.4248438784495));
#2368=CARTESIAN_POINT('Ctrl Pts',(-107.432215200335,-14.,-24.4248438784495));
#2369=CARTESIAN_POINT('',(-107.432215200231,-14.,-24.4248438788227));
#2370=CARTESIAN_POINT('',(-107.432215200336,-11.,-24.4248438784466));
#2371=CARTESIAN_POINT('Ctrl Pts',(-107.432215200335,-14.,-24.4248438784495));
#2372=CARTESIAN_POINT('Ctrl Pts',(-107.432215200335,-13.,-24.4248438784495));
#2373=CARTESIAN_POINT('Ctrl Pts',(-107.432215200335,-12.,-24.4248438784495));
#2374=CARTESIAN_POINT('Ctrl Pts',(-107.432215200335,-11.,-24.4248438784495));
#2375=CARTESIAN_POINT('',(-105.800604750818,-14.,-30.1054996964847));
#2376=CARTESIAN_POINT('Ctrl Pts',(-105.800604750556,-14.,-30.1054996973763));
#2377=CARTESIAN_POINT('Ctrl Pts',(-106.359284869383,-14.,-28.2057219862075));
#2378=CARTESIAN_POINT('Ctrl Pts',(-106.903405060588,-14.,-26.3119868636488));
#2379=CARTESIAN_POINT('Ctrl Pts',(-107.432215200335,-14.,-24.4248438784495));
#2380=CARTESIAN_POINT('',(-105.800604750818,-11.,-30.1054996964846));
#2381=CARTESIAN_POINT('Ctrl Pts',(-105.800604750816,-11.,-30.1054996964912));
#2382=CARTESIAN_POINT('Ctrl Pts',(-105.800604750816,-12.,-30.1054996964912));
#2383=CARTESIAN_POINT('Ctrl Pts',(-105.800604750816,-13.,-30.1054996964912));
#2384=CARTESIAN_POINT('Ctrl Pts',(-105.800604750816,-14.,-30.1054996964912));
#2385=CARTESIAN_POINT('Ctrl Pts',(-107.432215200231,-11.,-24.4248438788226));
#2386=CARTESIAN_POINT('Ctrl Pts',(-106.903405060517,-11.,-26.3119868638984));
#2387=CARTESIAN_POINT('Ctrl Pts',(-106.359284869346,-11.,-28.2057219863327));
#2388=CARTESIAN_POINT('Ctrl Pts',(-105.800604750556,-11.,-30.1054996973763));
#2389=CARTESIAN_POINT('Origin',(-110.802399040183,-12.5,-25.3692277440605));
#2390=CARTESIAN_POINT('',(-114.172582879925,-14.,-26.3136116100505));
#2391=CARTESIAN_POINT('',(-114.172582880031,-11.,-26.3136116096713));
#2392=CARTESIAN_POINT('Ctrl Pts',(-114.172582880032,-14.,-26.3136116096714));
#2393=CARTESIAN_POINT('Ctrl Pts',(-114.172582880032,-13.,-26.3136116096714));
#2394=CARTESIAN_POINT('Ctrl Pts',(-114.172582880031,-12.,-26.3136116096713));
#2395=CARTESIAN_POINT('Ctrl Pts',(-114.172582880031,-11.,-26.3136116096713));
#2396=CARTESIAN_POINT('',(-114.172582879925,-14.,-26.3136116100505));
#2397=CARTESIAN_POINT('',(-114.172582880031,-11.,-26.3136116096713));
#2398=CARTESIAN_POINT('Origin',(-109.15842133869,-12.5,-31.0929548915234));
#2399=CARTESIAN_POINT('',(-112.516237926564,-11.,-32.0804100865556));
#2400=CARTESIAN_POINT('',(-112.516237926564,-14.,-32.0804100865556));
#2401=CARTESIAN_POINT('Ctrl Pts',(-112.516237926564,-11.,-32.0804100865556));
#2402=CARTESIAN_POINT('Ctrl Pts',(-112.516237926564,-12.,-32.0804100865556));
#2403=CARTESIAN_POINT('Ctrl Pts',(-112.516237926565,-13.,-32.0804100865557));
#2404=CARTESIAN_POINT('Ctrl Pts',(-112.516237926565,-14.,-32.0804100865557));
#2405=CARTESIAN_POINT('',(-112.516237926564,-11.,-32.0804100865556));
#2406=CARTESIAN_POINT('',(-112.516237926564,-14.,-32.0804100865556));
#2407=CARTESIAN_POINT('Origin',(-109.986365394793,-11.,-28.2287642397529));
#2408=CARTESIAN_POINT('Ctrl Pts',(-114.175756171932,-11.,-26.3137669984233));
#2409=CARTESIAN_POINT('Ctrl Pts',(-113.638824791905,-11.,-28.2304500796774));
#2410=CARTESIAN_POINT('Ctrl Pts',(-113.086415259747,-11.,-30.1526587553581));
#2411=CARTESIAN_POINT('Ctrl Pts',(-112.519249878356,-11.,-32.0801303344635));
#2412=CARTESIAN_POINT('Ctrl Pts',(-108.667319890542,-9.04499044003477E-15,
-44.571090072562));
#2413=CARTESIAN_POINT('Ctrl Pts',(-108.667319890542,-14.,-44.571090072562));
#2414=CARTESIAN_POINT('Ctrl Pts',(-113.817045139607,-9.04662964039395E-15,
-28.5702097721292));
#2415=CARTESIAN_POINT('Ctrl Pts',(-113.817045139607,-14.,-28.5702097721292));
#2416=CARTESIAN_POINT('Ctrl Pts',(-118.076670337135,-8.88178419700125E-15,
-12.8860633342773));
#2417=CARTESIAN_POINT('Ctrl Pts',(-118.076670337135,-14.,-12.8860633342773));
#2418=CARTESIAN_POINT('Ctrl Pts',(-121.046432145838,-8.88178419700125E-15,
2.33596116123036));
#2419=CARTESIAN_POINT('Ctrl Pts',(-121.046432145838,-14.,2.33596116123036));
#2420=CARTESIAN_POINT('Ctrl Pts',(-123.557937799214,-8.88178419700125E-15,
15.2091149826058));
#2421=CARTESIAN_POINT('Ctrl Pts',(-123.557937799214,-14.,15.2091149826058));
#2422=CARTESIAN_POINT('Ctrl Pts',(-125.168362686283,-9.05226685125941E-15,
27.7733575919391));
#2423=CARTESIAN_POINT('Ctrl Pts',(-125.168362686283,-14.,27.7733575919391));
#2424=CARTESIAN_POINT('Ctrl Pts',(-126.104011882434,-9.05274343498369E-15,
40.1059111685125));
#2425=CARTESIAN_POINT('Ctrl Pts',(-126.104011882434,-14.,40.1059111685125));
#2426=CARTESIAN_POINT('',(-108.978839906805,-14.,-43.6));
#2427=CARTESIAN_POINT('Ctrl Pts',(-108.978887386674,-14.,-43.5999902437642));
#2428=CARTESIAN_POINT('Ctrl Pts',(-110.213216958987,-14.,-39.74072886176));
#2429=CARTESIAN_POINT('Ctrl Pts',(-111.39521197176,-14.,-35.9000939462609));
#2430=CARTESIAN_POINT('Ctrl Pts',(-112.519249878095,-14.,-32.0801303353513));
#2431=CARTESIAN_POINT('',(-108.978839906805,-10.593854477795,-43.6));
#2432=CARTESIAN_POINT('Ctrl Pts',(-108.978839906805,-14.,-43.6));
#2433=CARTESIAN_POINT('Ctrl Pts',(-108.978839906805,-12.864618159265,-43.6));
#2434=CARTESIAN_POINT('Ctrl Pts',(-108.978839906805,-11.72923631853,-43.6));
#2435=CARTESIAN_POINT('Ctrl Pts',(-108.978839906805,-10.593854477795,-43.6));
#2436=CARTESIAN_POINT('',(-109.645538573656,-10.1359364469431,-41.5));
#2437=CARTESIAN_POINT('Ctrl Pts',(-108.978839906805,-10.5938544777951,-43.6000000000004));
#2438=CARTESIAN_POINT('Ctrl Pts',(-109.200834158859,-10.4727856628355,-42.9057195445932));
#2439=CARTESIAN_POINT('Ctrl Pts',(-109.426878418096,-10.3217631770678,-42.1937235413671));
#2440=CARTESIAN_POINT('Ctrl Pts',(-109.645538573656,-10.1359364469432,-41.5));
#2441=CARTESIAN_POINT('',(-109.645538573656,-4.11614849672979,-41.5));
#2442=CARTESIAN_POINT('Ctrl Pts',(-109.645538573656,-10.1359364469431,-41.5));
#2443=CARTESIAN_POINT('Ctrl Pts',(-109.645538573656,-9.32395763129542,-41.5));
#2444=CARTESIAN_POINT('Ctrl Pts',(-109.645538573656,-8.51197881564771,-41.5));
#2445=CARTESIAN_POINT('Ctrl Pts',(-109.645538573656,-6.50538283224327,-41.5));
#2446=CARTESIAN_POINT('Ctrl Pts',(-109.645538573656,-5.31076566448653,-41.5));
#2447=CARTESIAN_POINT('Ctrl Pts',(-109.645538573656,-4.11614849672979,-41.5));
#2448=CARTESIAN_POINT('',(-108.978839906805,-3.65823046587794,-43.6));
#2449=CARTESIAN_POINT('Ctrl Pts',(-109.645949033975,-4.11614849672981,-41.4999210513677));
#2450=CARTESIAN_POINT('Ctrl Pts',(-109.499001114432,-3.99135875050655,-41.965798116029));
#2451=CARTESIAN_POINT('Ctrl Pts',(-109.34293284584,-3.8773166704263,-42.4583835112971));
#2452=CARTESIAN_POINT('Ctrl Pts',(-109.178957784284,-3.77503437376393,-42.9731708781918));
#2453=CARTESIAN_POINT('Ctrl Pts',(-109.113500615515,-3.7342043262487,-43.1786687339931));
#2454=CARTESIAN_POINT('Ctrl Pts',(-109.046783996214,-3.6952482293919,-43.3877043445631));
#2455=CARTESIAN_POINT('Ctrl Pts',(-108.978887386673,-3.65823046587787,-43.5999902437642));
#2456=CARTESIAN_POINT('',(-108.978839906805,-1.39999999999999,-43.6));
#2457=CARTESIAN_POINT('Ctrl Pts',(-108.978839906805,-3.65823046587794,-43.6));
#2458=CARTESIAN_POINT('Ctrl Pts',(-108.978839906805,-2.90548697725196,-43.6));
#2459=CARTESIAN_POINT('Ctrl Pts',(-108.978839906805,-2.15274348862597,-43.6));
#2460=CARTESIAN_POINT('Ctrl Pts',(-108.978839906805,-1.39999999999999,-43.6));
#2461=CARTESIAN_POINT('',(-126.099999999998,-1.39999999999999,40.0530866725456));
#2462=CARTESIAN_POINT('Ctrl Pts',(-126.100000167659,-1.40000000000001,40.0530867600488));
#2463=CARTESIAN_POINT('Ctrl Pts',(-125.163762317673,-1.40000000000001,27.7374800518621));
#2464=CARTESIAN_POINT('Ctrl Pts',(-123.554352025441,-1.40000000000001,15.1907354829285));
#2465=CARTESIAN_POINT('Ctrl Pts',(-121.046432145838,-1.40000000000001,2.33596116123036));
#2466=CARTESIAN_POINT('Ctrl Pts',(-118.136773167152,-1.40000000000001,-12.5779959505227));
#2467=CARTESIAN_POINT('Ctrl Pts',(-113.988931685062,-1.40000000000001,-27.9355591901868));
#2468=CARTESIAN_POINT('Ctrl Pts',(-108.978887386674,-1.40000000000001,-43.5999902437638));
#2469=CARTESIAN_POINT('',(-126.099999999998,-14.,40.0530866725456));
#2470=CARTESIAN_POINT('Ctrl Pts',(-126.1,-14.,40.0530866726093));
#2471=CARTESIAN_POINT('Ctrl Pts',(-126.1,-11.6666666666667,40.0530866726093));
#2472=CARTESIAN_POINT('Ctrl Pts',(-126.1,-9.33333333333334,40.0530866726093));
#2473=CARTESIAN_POINT('Ctrl Pts',(-126.1,-5.13333333333333,40.0530866726093));
#2474=CARTESIAN_POINT('Ctrl Pts',(-126.1,-3.26666666666666,40.053086672609));
#2475=CARTESIAN_POINT('Ctrl Pts',(-126.1,-1.39999999999999,40.0530866726089));
#2476=CARTESIAN_POINT('',(-124.314400120685,-14.,22.578389702948));
#2477=CARTESIAN_POINT('Ctrl Pts',(-124.317294489516,-14.,22.5804217980396));
#2478=CARTESIAN_POINT('Ctrl Pts',(-125.07479142564,-14.,28.4606675015516));
#2479=CARTESIAN_POINT('Ctrl Pts',(-125.661298778669,-14.,34.2822521700841));
#2480=CARTESIAN_POINT('Ctrl Pts',(-126.100000167659,-14.,40.0530867600488));
#2481=CARTESIAN_POINT('',(-124.314400121226,-11.,22.5783897071469));
#2482=CARTESIAN_POINT('Ctrl Pts',(-124.314400121226,-14.,22.5783897071469));
#2483=CARTESIAN_POINT('Ctrl Pts',(-124.314400121226,-13.,22.5783897071469));
#2484=CARTESIAN_POINT('Ctrl Pts',(-124.314400121226,-12.,22.5783897071469));
#2485=CARTESIAN_POINT('Ctrl Pts',(-124.314400121226,-11.,22.5783897071469));
#2486=CARTESIAN_POINT('',(-123.493733309627,-11.,16.6348655931457));
#2487=CARTESIAN_POINT('Ctrl Pts',(-124.314400121226,-11.,22.5783897071469));
#2488=CARTESIAN_POINT('Ctrl Pts',(-124.059115692367,-11.,20.5949927719654));
#2489=CARTESIAN_POINT('Ctrl Pts',(-123.785702843582,-11.,18.6135797880175));
#2490=CARTESIAN_POINT('Ctrl Pts',(-123.493733309627,-11.,16.6348655931457));
#2491=CARTESIAN_POINT('',(-123.493733309627,-14.,16.6348655931457));
#2492=CARTESIAN_POINT('Ctrl Pts',(-123.493733309627,-11.,16.6348655931457));
#2493=CARTESIAN_POINT('Ctrl Pts',(-123.493733309627,-12.,16.6348655931457));
#2494=CARTESIAN_POINT('Ctrl Pts',(-123.493733309627,-13.,16.6348655931457));
#2495=CARTESIAN_POINT('Ctrl Pts',(-123.493733309627,-14.,16.6348655931457));
#2496=CARTESIAN_POINT('Ctrl Pts',(-114.175756171718,-14.,-26.3137669991877));
#2497=CARTESIAN_POINT('Ctrl Pts',(-116.893877825651,-14.,-16.6108925153169));
#2498=CARTESIAN_POINT('Ctrl Pts',(-119.215338647008,-14.,-7.04962323515688));
#2499=CARTESIAN_POINT('Ctrl Pts',(-121.046432145838,-14.,2.33596116123036));
#2500=CARTESIAN_POINT('Ctrl Pts',(-121.984568014722,-14.,7.14453777313319));
#2501=CARTESIAN_POINT('Ctrl Pts',(-122.796977367346,-14.,11.9100124434835));
#2502=CARTESIAN_POINT('Ctrl Pts',(-123.495454961785,-14.,16.6364099027079));
#2503=CARTESIAN_POINT('Ctrl Pts',(-116.568714963096,-11.,17.6566879359299));
#2504=CARTESIAN_POINT('Ctrl Pts',(-116.568714963096,-14.,17.6566879359299));
#2505=CARTESIAN_POINT('Ctrl Pts',(-116.855623625141,-11.,19.6011039662511));
#2506=CARTESIAN_POINT('Ctrl Pts',(-116.855623625141,-14.,19.6011039662511));
#2507=CARTESIAN_POINT('Ctrl Pts',(-117.122928781354,-11.,21.5394167481527));
#2508=CARTESIAN_POINT('Ctrl Pts',(-117.122928781354,-14.,21.5394167481527));
#2509=CARTESIAN_POINT('Ctrl Pts',(-117.371672065629,-11.,23.4719931684388));
#2510=CARTESIAN_POINT('Ctrl Pts',(-117.371672065629,-14.,23.4719931684388));
#2511=CARTESIAN_POINT('',(-117.3716720651,-14.,23.4719931643292));
#2512=CARTESIAN_POINT('',(-117.371672065635,-11.,23.4719931684834));
#2513=CARTESIAN_POINT('Ctrl Pts',(-117.371672065629,-14.,23.4719931684388));
#2514=CARTESIAN_POINT('Ctrl Pts',(-117.371672065629,-13.,23.4719931684388));
#2515=CARTESIAN_POINT('Ctrl Pts',(-117.371672065629,-12.,23.4719931684388));
#2516=CARTESIAN_POINT('Ctrl Pts',(-117.371672065629,-11.,23.4719931684388));
#2517=CARTESIAN_POINT('',(-116.568714963462,-14.,17.6566879384128));
#2518=CARTESIAN_POINT('Ctrl Pts',(-116.568714963096,-14.,17.6566879359299));
#2519=CARTESIAN_POINT('Ctrl Pts',(-116.855623624595,-14.,19.6011039625566));
#2520=CARTESIAN_POINT('Ctrl Pts',(-117.122928780338,-14.,21.539416740787));
#2521=CARTESIAN_POINT('Ctrl Pts',(-117.371672064211,-14.,23.471993157423));
#2522=CARTESIAN_POINT('',(-116.568714963462,-11.,17.6566879384128));
#2523=CARTESIAN_POINT('Ctrl Pts',(-116.568714963458,-11.,17.6566879383854));
#2524=CARTESIAN_POINT('Ctrl Pts',(-116.568714963458,-12.,17.6566879383854));
#2525=CARTESIAN_POINT('Ctrl Pts',(-116.568714963458,-13.,17.6566879383854));
#2526=CARTESIAN_POINT('Ctrl Pts',(-116.568714963458,-14.,17.6566879383854));
#2527=CARTESIAN_POINT('Ctrl Pts',(-117.37167206474,-11.,23.4719931615304));
#2528=CARTESIAN_POINT('Ctrl Pts',(-117.122928780717,-11.,21.5394167435334));
#2529=CARTESIAN_POINT('Ctrl Pts',(-116.855623624799,-11.,19.6011039639342));
#2530=CARTESIAN_POINT('Ctrl Pts',(-116.568714963096,-11.,17.6566879359299));
#2531=CARTESIAN_POINT('Origin',(-120.843036093427,-12.5,23.0251914377928));
#2532=CARTESIAN_POINT('',(-124.314400120685,-14.,22.578389702948));
#2533=CARTESIAN_POINT('',(-124.314400121226,-11.,22.5783897071469));
#2534=CARTESIAN_POINT('Origin',(-120.031224136543,-12.5,17.1457767657656));
#2535=CARTESIAN_POINT('',(-123.493733309627,-11.,16.6348655931457));
#2536=CARTESIAN_POINT('',(-123.493733309627,-14.,16.6348655931457));
#2537=CARTESIAN_POINT('Origin',(-120.4448632123,-11.,20.0879970256474));
#2538=CARTESIAN_POINT('Origin',(-53.1395384579895,-8.83415350574364,-6.14097744183625));
#2539=CARTESIAN_POINT('',(-53.1395384579895,-12.2341535057436,-6.14097744183625));
#2540=CARTESIAN_POINT('Origin',(-53.1395384579895,-8.83415350574364,-6.14097744183625));
#2541=CARTESIAN_POINT('',(-53.1395384579895,-10.8341535057436,-6.14097744183625));
#2542=CARTESIAN_POINT('Origin',(-53.1395384579895,-8.83415350574364,-6.14097744183625));
#2543=CARTESIAN_POINT('Origin',(-46.9475199956273,-8.83415350574364,-9.58219283203876));
#2544=CARTESIAN_POINT('Origin',(-46.9475199956273,-8.83415350574364,-9.58219283203876));
#2545=CARTESIAN_POINT('',(-46.9475199956273,-10.8341535057436,-9.58219283203876));
#2546=CARTESIAN_POINT('Origin',(-46.9475199956273,-8.83415350574364,-9.58219283203876));
#2547=CARTESIAN_POINT('Origin',(-52.216569903305,-8.83415350574364,-4.48021585537549));
#2548=CARTESIAN_POINT('',(-52.8966519962304,-12.2341535057436,-5.70393491908341));
#2549=CARTESIAN_POINT('',(-52.216569903305,-12.2341535057436,-4.48021585537549));
#2550=CARTESIAN_POINT('Origin',(-52.8966519962304,-8.83415350574364,-5.70393491908341));
#2551=CARTESIAN_POINT('Origin',(-64.930232260772,-7.12604247183648,-41.5));
#2552=CARTESIAN_POINT('Origin',(-64.930232260772,-7.12604247183648,-41.5));
#2553=CARTESIAN_POINT('Origin',(-46.0245514409429,-8.83415350574364,-7.92143124557801));
#2554=CARTESIAN_POINT('Origin',(-46.7046335338683,-8.83415350574364,-9.14515030928593));
#2555=CARTESIAN_POINT('Origin',(-64.930232260772,-7.12604247183648,-45.));
#2556=CARTESIAN_POINT('Origin',(-64.930232260772,-7.12604247183648,-43.6));
#2557=CARTESIAN_POINT('Origin',(-107.087602245556,-7.12604247183648,-45.));
#2558=CARTESIAN_POINT('Origin',(-107.087602245556,-7.12604247183648,-43.6));
#2559=CARTESIAN_POINT('Origin',(-107.087602245556,-7.12604247183648,-41.5));
#2560=CARTESIAN_POINT('Origin',(-107.087602245556,-7.12604247183648,-41.5));
#2561=CARTESIAN_POINT('Origin',(-56.1234501655649,1.66839146386026E-15,
-3.91064124774067));
#2562=CARTESIAN_POINT('',(-67.984230329813,-14.,2.6809894925606));
#2563=CARTESIAN_POINT('',(-67.9848908748719,-1.4,2.68135659059762));
#2564=CARTESIAN_POINT('Origin',(-127.5,1.04094977927525E-14,-43.6));
#2565=CARTESIAN_POINT('',(-106.250000985934,-14.,-43.6));
#2566=CARTESIAN_POINT('',(-106.25,-1.39999999999999,-43.6));
#2567=CARTESIAN_POINT('Origin',(-126.1,1.02380472408719E-14,45.));
#2568=CARTESIAN_POINT('',(-126.1,-14.,43.6));
#2569=CARTESIAN_POINT('',(-126.1,-14.,22.4984425631844));
#2570=CARTESIAN_POINT('',(-126.1,-1.39999999999999,43.6));
#2571=CARTESIAN_POINT('',(-126.1,-1.39999999999999,22.5));
#2572=CARTESIAN_POINT('',(-126.1,1.02380472408719E-14,43.6));
#2573=CARTESIAN_POINT('Origin',(-85.,-1.39999999999999,0.));
#2574=CARTESIAN_POINT('',(-43.9,-1.4,43.6));
#2575=CARTESIAN_POINT('',(-43.9,-1.4,-22.5));
#2576=CARTESIAN_POINT('',(-63.75,-1.4,43.6));
#2577=CARTESIAN_POINT('Origin',(-43.9,1.71450551880629E-16,-45.));
#2578=CARTESIAN_POINT('',(-43.9,-14.,43.6));
#2579=CARTESIAN_POINT('',(-43.9,-14.,-22.5015574368156));
#2580=CARTESIAN_POINT('',(-43.9,1.71450551880629E-16,43.6));
#2581=CARTESIAN_POINT('Origin',(-42.5,0.,43.6));
#2582=CARTESIAN_POINT('',(-63.7500009859344,-14.,43.6));
#2583=CARTESIAN_POINT('',(-75.5558302842641,-7.,43.6));
#2584=CARTESIAN_POINT('Origin',(-77.5558302842641,-7.,43.6));
#2585=CARTESIAN_POINT('',(-69.3548302842641,-6.99999999999999,43.6));
#2586=CARTESIAN_POINT('Origin',(-71.3548302842641,-6.99999999999999,43.6));
#2587=CARTESIAN_POINT('',(-118.055830284264,-7.,43.6));
#2588=CARTESIAN_POINT('Origin',(-120.055830284264,-7.,43.6));
#2589=CARTESIAN_POINT('',(-111.854830284264,-6.99999999999999,43.6));
#2590=CARTESIAN_POINT('Origin',(-113.854830284264,-6.99999999999999,43.6));
#2591=CARTESIAN_POINT('',(-90.4441697157359,-7.,43.6));
#2592=CARTESIAN_POINT('Origin',(-92.4441697157359,-7.,43.6));
#2593=CARTESIAN_POINT('',(-96.6451697157359,-6.99999999999999,43.6));
#2594=CARTESIAN_POINT('Origin',(-98.6451697157359,-6.99999999999999,43.6));
#2595=CARTESIAN_POINT('',(-47.9441697157359,-7.,43.6));
#2596=CARTESIAN_POINT('Origin',(-49.9441697157359,-7.,43.6));
#2597=CARTESIAN_POINT('',(-54.1451697157359,-6.99999999999999,43.6));
#2598=CARTESIAN_POINT('Origin',(-56.1451697157359,-6.99999999999999,43.6));
#2599=CARTESIAN_POINT('Origin',(-85.0000019718688,-14.,-0.00311487363112928));
#2600=CARTESIAN_POINT('',(-42.5,-14.,-9.88020135194268));
#2601=CARTESIAN_POINT('',(-45.4175367853666,-14.,-15.1299284370431));
#2602=CARTESIAN_POINT('',(-67.3041482368876,-14.,3.90470855626853));
#2603=CARTESIAN_POINT('',(-106.250000985934,-14.,-45.));
#2604=CARTESIAN_POINT('Origin',(-55.4433680726395,1.5851054280344E-15,-2.68692218403274));
#2605=CARTESIAN_POINT('',(-42.5,0.,-9.88020135194268));
#2606=CARTESIAN_POINT('',(-52.216569903305,-10.8341535057436,-4.48021585537549));
#2607=CARTESIAN_POINT('Origin',(-52.216569903305,-8.83415350574364,-4.48021585537548));
#2608=CARTESIAN_POINT('',(-46.0245514409429,-10.8341535057436,-7.92143124557801));
#2609=CARTESIAN_POINT('Origin',(-46.0245514409429,-8.83415350574364,-7.921431245578));
#2610=CARTESIAN_POINT('Origin',(-42.5,0.,-9.88020135194268));
#2611=CARTESIAN_POINT('Origin',(-127.5,1.04094977927525E-14,-45.));
#2612=CARTESIAN_POINT('Origin',(-107.087602245556,-7.12604247183648,-45.));
#2613=CARTESIAN_POINT('',(-67.480232260772,-7.12604247183648,-45.));
#2614=CARTESIAN_POINT('Origin',(-64.930232260772,-7.12604247183648,-45.));
#2615=CARTESIAN_POINT('Origin',(-64.930232260772,-7.12604247183648,-45.));
#2616=CARTESIAN_POINT('Origin',(-107.087602245556,-7.12604247183648,-45.));
#2617=CARTESIAN_POINT('',(-109.637602245556,-7.12604247183648,-42.9));
#2618=CARTESIAN_POINT('',(-109.637602245556,-7.12604247183648,-45.));
#2619=CARTESIAN_POINT('Origin',(-107.087602245556,-7.12604247183648,-42.9));
#2620=CARTESIAN_POINT('Origin',(-107.087602245556,-7.12604247183648,-42.9));
#2621=CARTESIAN_POINT('Origin',(-64.930232260772,-7.12604247183648,-45.));
#2622=CARTESIAN_POINT('',(-67.480232260772,-7.12604247183648,-42.9));
#2623=CARTESIAN_POINT('',(-67.480232260772,-7.12604247183648,-45.));
#2624=CARTESIAN_POINT('Origin',(-64.930232260772,-7.12604247183648,-42.9));
#2625=CARTESIAN_POINT('Origin',(-64.930232260772,-7.12604247183648,-42.9));
#2626=CARTESIAN_POINT('Origin',(-46.0245514409429,-8.83415350574364,-7.92143124557801));
#2627=CARTESIAN_POINT('',(-46.0245514409429,-10.8341535057436,-7.92143124557801));
#2628=CARTESIAN_POINT('Origin',(-52.216569903305,-8.83415350574364,-4.48021585537549));
#2629=CARTESIAN_POINT('',(-52.216569903305,-10.8341535057436,-4.48021585537549));
#2630=CARTESIAN_POINT('Origin',(-71.3548302842641,-6.99999999999999,45.));
#2631=CARTESIAN_POINT('',(-69.3548302842641,-6.99999999999999,45.));
#2632=CARTESIAN_POINT('Origin',(-113.854830284264,-6.99999999999999,45.));
#2633=CARTESIAN_POINT('',(-111.854830284264,-6.99999999999999,45.));
#2634=CARTESIAN_POINT('Origin',(-98.6451697157359,-6.99999999999999,45.));
#2635=CARTESIAN_POINT('',(-96.6451697157359,-6.99999999999999,45.));
#2636=CARTESIAN_POINT('Origin',(-56.1451697157359,-6.99999999999999,45.));
#2637=CARTESIAN_POINT('',(-54.1451697157359,-6.99999999999999,45.));
#2638=CARTESIAN_POINT('Origin',(-77.5558302842641,-7.,45.));
#2639=CARTESIAN_POINT('',(-75.5558302842641,-7.,45.));
#2640=CARTESIAN_POINT('Origin',(-120.055830284264,-7.,45.));
#2641=CARTESIAN_POINT('',(-118.055830284264,-7.,45.));
#2642=CARTESIAN_POINT('Origin',(-92.4441697157359,-7.,45.));
#2643=CARTESIAN_POINT('',(-90.4441697157359,-7.,45.));
#2644=CARTESIAN_POINT('Origin',(-49.9441697157359,-7.,45.));
#2645=CARTESIAN_POINT('',(-47.9441697157359,-7.,45.));
#2646=CARTESIAN_POINT('',(0.,0.,0.));
#2647=CARTESIAN_POINT('',(0.,0.,0.));
#2648=UNCERTAINTY_MEASURE_WITH_UNIT(LENGTH_MEASURE(0.01),#2656,
'DISTANCE_ACCURACY_VALUE',
'Maximum model space distance between geometric entities at asserted c
onnectivities');
#2649=UNCERTAINTY_MEASURE_WITH_UNIT(LENGTH_MEASURE(0.01),#2656,
'DISTANCE_ACCURACY_VALUE',
'Maximum model space distance between geometric entities at asserted c
onnectivities');
#2650=UNCERTAINTY_MEASURE_WITH_UNIT(LENGTH_MEASURE(0.01),#2656,
'DISTANCE_ACCURACY_VALUE',
'Maximum model space distance between geometric entities at asserted c
onnectivities');
#2651=UNCERTAINTY_MEASURE_WITH_UNIT(LENGTH_MEASURE(0.01),#2656,
'DISTANCE_ACCURACY_VALUE',
'Maximum model space distance between geometric entities at asserted c
onnectivities');
#2652=(
GEOMETRIC_REPRESENTATION_CONTEXT(3)
GLOBAL_UNCERTAINTY_ASSIGNED_CONTEXT((#2648))
GLOBAL_UNIT_ASSIGNED_CONTEXT((#2656,#2658,#2659))
REPRESENTATION_CONTEXT('','3D')
);
#2653=(
GEOMETRIC_REPRESENTATION_CONTEXT(3)
GLOBAL_UNCERTAINTY_ASSIGNED_CONTEXT((#2649))
GLOBAL_UNIT_ASSIGNED_CONTEXT((#2656,#2658,#2659))
REPRESENTATION_CONTEXT('','3D')
);
#2654=(
GEOMETRIC_REPRESENTATION_CONTEXT(3)
GLOBAL_UNCERTAINTY_ASSIGNED_CONTEXT((#2650))
GLOBAL_UNIT_ASSIGNED_CONTEXT((#2656,#2658,#2659))
REPRESENTATION_CONTEXT('','3D')
);
#2655=(
GEOMETRIC_REPRESENTATION_CONTEXT(3)
GLOBAL_UNCERTAINTY_ASSIGNED_CONTEXT((#2651))
GLOBAL_UNIT_ASSIGNED_CONTEXT((#2656,#2658,#2659))
REPRESENTATION_CONTEXT('','3D')
);
#2656=(
LENGTH_UNIT()
NAMED_UNIT(*)
SI_UNIT(.MILLI.,.METRE.)
);
#2657=(
LENGTH_UNIT()
NAMED_UNIT(*)
SI_UNIT($,.METRE.)
);
#2658=(
NAMED_UNIT(*)
PLANE_ANGLE_UNIT()
SI_UNIT($,.RADIAN.)
);
#2659=(
NAMED_UNIT(*)
SI_UNIT($,.STERADIAN.)
SOLID_ANGLE_UNIT()
);
#2660=SHAPE_DEFINITION_REPRESENTATION(#2663,#2668);
#2661=SHAPE_DEFINITION_REPRESENTATION(#2664,#2669);
#2662=SHAPE_DEFINITION_REPRESENTATION(#2665,#2670);
#2663=PRODUCT_DEFINITION_SHAPE('',$,#2672);
#2664=PRODUCT_DEFINITION_SHAPE('',$,#2673);
#2665=PRODUCT_DEFINITION_SHAPE('',$,#2674);
#2666=PRODUCT_DEFINITION_SHAPE($,$,#17);
#2667=PRODUCT_DEFINITION_SHAPE($,$,#18);
#2668=SHAPE_REPRESENTATION('',(#1388,#1516),#2652);
#2669=SHAPE_REPRESENTATION('',(#1389,#1515),#2653);
#2670=SHAPE_REPRESENTATION('',(#1390),#2654);
#2671=PRODUCT_DEFINITION_CONTEXT('part definition',#2682,'design');
#2672=PRODUCT_DEFINITION('2025-12-08-00-33-07-883','Arm (1)',#2675,#2671);
#2673=PRODUCT_DEFINITION('2025-12-08-00-40-28-529','Arm',#2676,#2671);
#2674=PRODUCT_DEFINITION('2025-12-08-02-38-12-102','Palm',#2677,#2671);
#2675=PRODUCT_DEFINITION_FORMATION('',$,#2684);
#2676=PRODUCT_DEFINITION_FORMATION('',$,#2685);
#2677=PRODUCT_DEFINITION_FORMATION('',$,#2686);
#2678=PRODUCT_RELATED_PRODUCT_CATEGORY('Arm (1)','Arm (1)',(#2684));
#2679=PRODUCT_RELATED_PRODUCT_CATEGORY('Arm','Arm',(#2685));
#2680=PRODUCT_RELATED_PRODUCT_CATEGORY('Palm','Palm',(#2686));
#2681=APPLICATION_PROTOCOL_DEFINITION('international standard',
'automotive_design',2009,#2682);
#2682=APPLICATION_CONTEXT(
'Core Data for Automotive Mechanical Design Process');
#2683=PRODUCT_CONTEXT('part definition',#2682,'mechanical');
#2684=PRODUCT('2025-12-08-00-33-07-883','Arm (1)',$,(#2683));
#2685=PRODUCT('2025-12-08-00-40-28-529','Arm',$,(#2683));
#2686=PRODUCT('2025-12-08-02-38-12-102','Palm',$,(#2683));
#2687=PRESENTATION_STYLE_ASSIGNMENT((#2699));
#2688=PRESENTATION_STYLE_ASSIGNMENT((#2700));
#2689=PRESENTATION_STYLE_ASSIGNMENT((#2701));
#2690=PRESENTATION_STYLE_ASSIGNMENT((#2702));
#2691=PRESENTATION_STYLE_ASSIGNMENT((#2703));
#2692=PRESENTATION_STYLE_ASSIGNMENT((#2704));
#2693=PRESENTATION_STYLE_ASSIGNMENT((#2705));
#2694=PRESENTATION_STYLE_ASSIGNMENT((#2706));
#2695=PRESENTATION_STYLE_ASSIGNMENT((#2707));
#2696=PRESENTATION_STYLE_ASSIGNMENT((#2708));
#2697=PRESENTATION_STYLE_ASSIGNMENT((#2709));
#2698=PRESENTATION_STYLE_ASSIGNMENT((#2710));
#2699=SURFACE_STYLE_USAGE(.BOTH.,#2711);
#2700=SURFACE_STYLE_USAGE(.BOTH.,#2712);
#2701=SURFACE_STYLE_USAGE(.BOTH.,#2713);
#2702=SURFACE_STYLE_USAGE(.BOTH.,#2714);
#2703=SURFACE_STYLE_USAGE(.BOTH.,#2715);
#2704=SURFACE_STYLE_USAGE(.BOTH.,#2716);
#2705=SURFACE_STYLE_USAGE(.BOTH.,#2717);
#2706=SURFACE_STYLE_USAGE(.BOTH.,#2718);
#2707=SURFACE_STYLE_USAGE(.BOTH.,#2719);
#2708=SURFACE_STYLE_USAGE(.BOTH.,#2720);
#2709=SURFACE_STYLE_USAGE(.BOTH.,#2721);
#2710=SURFACE_STYLE_USAGE(.BOTH.,#2722);
#2711=SURFACE_SIDE_STYLE('',(#2723));
#2712=SURFACE_SIDE_STYLE('',(#2724));
#2713=SURFACE_SIDE_STYLE('',(#2725));
#2714=SURFACE_SIDE_STYLE('',(#2726));
#2715=SURFACE_SIDE_STYLE('',(#2727));
#2716=SURFACE_SIDE_STYLE('',(#2728));
#2717=SURFACE_SIDE_STYLE('',(#2729));
#2718=SURFACE_SIDE_STYLE('',(#2730));
#2719=SURFACE_SIDE_STYLE('',(#2731));
#2720=SURFACE_SIDE_STYLE('',(#2732));
#2721=SURFACE_SIDE_STYLE('',(#2733));
#2722=SURFACE_SIDE_STYLE('',(#2734));
#2723=SURFACE_STYLE_FILL_AREA(#2735);
#2724=SURFACE_STYLE_FILL_AREA(#2736);
#2725=SURFACE_STYLE_FILL_AREA(#2737);
#2726=SURFACE_STYLE_FILL_AREA(#2738);
#2727=SURFACE_STYLE_FILL_AREA(#2739);
#2728=SURFACE_STYLE_FILL_AREA(#2740);
#2729=SURFACE_STYLE_FILL_AREA(#2741);
#2730=SURFACE_STYLE_FILL_AREA(#2742);
#2731=SURFACE_STYLE_FILL_AREA(#2743);
#2732=SURFACE_STYLE_FILL_AREA(#2744);
#2733=SURFACE_STYLE_FILL_AREA(#2745);
#2734=SURFACE_STYLE_FILL_AREA(#2746);
#2735=FILL_AREA_STYLE('Steel - Satin',(#2747));
#2736=FILL_AREA_STYLE('Plastic - Matte (Black)',(#2748));
#2737=FILL_AREA_STYLE('Aluminum - Satin',(#2749));
#2738=FILL_AREA_STYLE('Aluminum - Polished',(#2750));
#2739=FILL_AREA_STYLE('Paek (Beige)',(#2751));
#2740=FILL_AREA_STYLE('Copper - Patina',(#2752));
#2741=FILL_AREA_STYLE('Plastic - Matte (Yellow)',(#2753));
#2742=FILL_AREA_STYLE('Plastic - Matte (Red)',(#2754));
#2743=FILL_AREA_STYLE('Stainless Steel - Polished',(#2755));
#2744=FILL_AREA_STYLE('Plastic - Matte (Green)',(#2756));
#2745=FILL_AREA_STYLE('Plastic - Matte (Blue)',(#2757));
#2746=FILL_AREA_STYLE('Opaque(64,64,64)',(#2758));
#2747=FILL_AREA_STYLE_COLOUR('Steel - Satin',#2759);
#2748=FILL_AREA_STYLE_COLOUR('Plastic - Matte (Black)',#2760);
#2749=FILL_AREA_STYLE_COLOUR('Aluminum - Satin',#2761);
#2750=FILL_AREA_STYLE_COLOUR('Aluminum - Polished',#2762);
#2751=FILL_AREA_STYLE_COLOUR('Paek (Beige)',#2763);
#2752=FILL_AREA_STYLE_COLOUR('Copper - Patina',#2764);
#2753=FILL_AREA_STYLE_COLOUR('Plastic - Matte (Yellow)',#2765);
#2754=FILL_AREA_STYLE_COLOUR('Plastic - Matte (Red)',#2766);
#2755=FILL_AREA_STYLE_COLOUR('Stainless Steel - Polished',#2767);
#2756=FILL_AREA_STYLE_COLOUR('Plastic - Matte (Green)',#2768);
#2757=FILL_AREA_STYLE_COLOUR('Plastic - Matte (Blue)',#2769);
#2758=FILL_AREA_STYLE_COLOUR('Opaque(64,64,64)',#2770);
#2759=COLOUR_RGB('Steel - Satin',0.627450980392157,0.627450980392157,0.627450980392157);
#2760=COLOUR_RGB('Plastic - Matte (Black)',0.0980392156862745,0.0980392156862745,
0.0980392156862745);
#2761=COLOUR_RGB('Aluminum - Satin',0.96078431372549,0.96078431372549,0.964705882352941);
#2762=COLOUR_RGB('Aluminum - Polished',0.96078431372549,0.96078431372549,
0.964705882352941);
#2763=COLOUR_RGB('Paek (Beige)',0.898039215686275,0.792156862745098,0.619607843137255);
#2764=COLOUR_RGB('Copper - Patina',0.929411764705882,0.807843137254902,
0.764705882352941);
#2765=COLOUR_RGB('Plastic - Matte (Yellow)',0.909803921568627,0.67843137254902,
0.137254901960784);
#2766=COLOUR_RGB('Plastic - Matte (Red)',0.768627450980392,0.207843137254902,
0.152941176470588);
#2767=COLOUR_RGB('Stainless Steel - Polished',0.796078431372549,0.796078431372549,
0.796078431372549);
#2768=COLOUR_RGB('Plastic - Matte (Green)',0.266666666666667,0.588235294117647,
0.282352941176471);
#2769=COLOUR_RGB('Plastic - Matte (Blue)',0.188235294117647,0.231372549019608,
0.588235294117647);
#2770=COLOUR_RGB('Opaque(64,64,64)',0.250980392156863,0.250980392156863,
0.250980392156863);
ENDSEC;
END-ISO-10303-21;
