ISO-10303-21;
HEADER;
/* Generated by software containing ST-Developer
 * from STEP Tools, Inc. (www.steptools.com) 
 */

FILE_DESCRIPTION(
/* description */ (''),
/* implementation_level */ '2;1');

FILE_NAME(
/* name */ 'Palm 1.step',
/* time_stamp */ '2026-01-29T12:02:11Z',
/* author */ (''),
/* organization */ (''),
/* preprocessor_version */ 'ST-DEVELOPER v20.1',
/* originating_system */ 'Autodesk Translation Framework v14.24.0.0',
/* authorisation */ '');

FILE_SCHEMA (('AUTOMOTIVE_DESIGN { 1 0 10303 214 3 1 1 }'));
ENDSEC;

DATA;
#10=MECHANICAL_DESIGN_GEOMETRIC_PRESENTATION_REPRESENTATION('',(#21),#3394);
#11=ITEM_DEFINED_TRANSFORMATION($,$,#1857,#2019);
#12=ITEM_DEFINED_TRANSFORMATION($,$,#1856,#2020);
#13=(
REPRESENTATION_RELATIONSHIP($,$,#3409,#3408)
REPRESENTATION_RELATIONSHIP_WITH_TRANSFORMATION(#11)
SHAPE_REPRESENTATION_RELATIONSHIP()
);
#14=(
REPRESENTATION_RELATIONSHIP($,$,#3408,#3407)
REPRESENTATION_RELATIONSHIP_WITH_TRANSFORMATION(#12)
SHAPE_REPRESENTATION_RELATIONSHIP()
);
#15=CONTEXT_DEPENDENT_SHAPE_REPRESENTATION(#13,#3405);
#16=CONTEXT_DEPENDENT_SHAPE_REPRESENTATION(#14,#3406);
#17=NEXT_ASSEMBLY_USAGE_OCCURRENCE('Palm:1','Palm:1','Palm:1',#3412,#3413,
'Palm:1');
#18=NEXT_ASSEMBLY_USAGE_OCCURRENCE('Arm:1','Arm:1','Arm:1',#3411,#3412,
'Arm:1');
#19=SHAPE_REPRESENTATION_RELATIONSHIP('SRR','None',#3409,#20);
#20=ADVANCED_BREP_SHAPE_REPRESENTATION('',(#22),#3393);
#21=STYLED_ITEM('',(#3427),#22);
#22=MANIFOLD_SOLID_BREP('Body1',#1842);
#23=(
BOUNDED_SURFACE()
B_SPLINE_SURFACE(5,1,((#2833,#2834),(#2835,#2836),(#2837,#2838),(#2839,
#2840),(#2841,#2842),(#2843,#2844),(#2845,#2846),(#2847,#2848),(#2849,#2850),
(#2851,#2852),(#2853,#2854),(#2855,#2856),(#2857,#2858),(#2859,#2860),(#2861,
#2862)),.UNSPECIFIED.,.F.,.F.,.F.)
B_SPLINE_SURFACE_WITH_KNOTS((6,1,1,1,1,1,1,1,1,1,6),(2,2),(-1.,-0.9,-0.8,
-0.7,-0.6,-0.5,-0.4,-0.3,-0.2,-0.1,0.),(0.,10.),.UNSPECIFIED.)
GEOMETRIC_REPRESENTATION_ITEM()
RATIONAL_B_SPLINE_SURFACE(((1.,1.),(1.,1.),(1.,1.),(1.,1.),(1.,1.),(1.,
1.),(1.,1.),(1.,1.),(1.,1.),(1.,1.),(1.,1.),(1.,1.),(1.,1.),(1.,1.),(1.,
1.)))
REPRESENTATION_ITEM('')
SURFACE()
);
#24=FACE_BOUND('',#614,.T.);
#25=FACE_BOUND('',#615,.T.);
#26=FACE_BOUND('',#616,.T.);
#27=FACE_BOUND('',#617,.T.);
#28=FACE_BOUND('',#618,.T.);
#29=FACE_BOUND('',#621,.T.);
#30=FACE_BOUND('',#622,.T.);
#31=FACE_BOUND('',#623,.T.);
#32=FACE_BOUND('',#624,.T.);
#33=FACE_BOUND('',#625,.T.);
#34=FACE_BOUND('',#631,.T.);
#35=FACE_BOUND('',#632,.T.);
#36=FACE_BOUND('',#633,.T.);
#37=FACE_BOUND('',#634,.T.);
#38=FACE_BOUND('',#674,.T.);
#39=FACE_BOUND('',#675,.T.);
#40=FACE_BOUND('',#676,.T.);
#41=FACE_BOUND('',#677,.T.);
#42=FACE_BOUND('',#678,.T.);
#43=FACE_BOUND('',#687,.T.);
#44=FACE_BOUND('',#690,.T.);
#45=FACE_BOUND('',#691,.T.);
#46=FACE_BOUND('',#692,.T.);
#47=FACE_BOUND('',#693,.T.);
#48=FACE_BOUND('',#703,.T.);
#49=PLANE('',#1890);
#50=PLANE('',#1891);
#51=PLANE('',#1896);
#52=PLANE('',#1898);
#53=PLANE('',#1903);
#54=PLANE('',#1904);
#55=PLANE('',#1911);
#56=PLANE('',#1914);
#57=PLANE('',#1915);
#58=PLANE('',#1916);
#59=PLANE('',#1919);
#60=PLANE('',#1920);
#61=PLANE('',#1921);
#62=PLANE('',#1922);
#63=PLANE('',#1923);
#64=PLANE('',#1924);
#65=PLANE('',#1925);
#66=PLANE('',#1926);
#67=PLANE('',#1929);
#68=PLANE('',#1932);
#69=PLANE('',#1933);
#70=PLANE('',#1934);
#71=PLANE('',#1935);
#72=PLANE('',#1936);
#73=PLANE('',#1937);
#74=PLANE('',#1938);
#75=PLANE('',#1950);
#76=PLANE('',#1955);
#77=PLANE('',#1963);
#78=PLANE('',#1965);
#79=PLANE('',#1968);
#80=PLANE('',#1973);
#81=PLANE('',#1980);
#82=PLANE('',#1981);
#83=PLANE('',#1982);
#84=PLANE('',#1983);
#85=PLANE('',#1984);
#86=PLANE('',#1985);
#87=PLANE('',#1986);
#88=PLANE('',#1987);
#89=PLANE('',#1990);
#90=PLANE('',#1991);
#91=PLANE('',#1994);
#92=PLANE('',#1996);
#93=PLANE('',#1997);
#94=PLANE('',#2000);
#95=PLANE('',#2003);
#96=PLANE('',#2008);
#97=PLANE('',#2009);
#98=PLANE('',#2012);
#99=PLANE('',#2015);
#100=PLANE('',#2016);
#101=PLANE('',#2017);
#102=PLANE('',#2018);
#103=B_SPLINE_SURFACE_WITH_KNOTS('',3,3,((#2567,#2568,#2569,#2570,#2571,
#2572),(#2573,#2574,#2575,#2576,#2577,#2578),(#2579,#2580,#2581,#2582,#2583,
#2584),(#2585,#2586,#2587,#2588,#2589,#2590),(#2591,#2592,#2593,#2594,#2595,
#2596)),.UNSPECIFIED.,.F.,.F.,.F.,(4,1,4),(4,1,1,4),(0.,0.571428571428571,
1.),(1.25260426491911,3.29780162486852,4.32040030484322,8.41079502474204),
 .UNSPECIFIED.);
#104=B_SPLINE_SURFACE_WITH_KNOTS('',3,3,((#2609,#2610,#2611,#2612),(#2613,
#2614,#2615,#2616),(#2617,#2618,#2619,#2620),(#2621,#2622,#2623,#2624),
(#2625,#2626,#2627,#2628)),.UNSPECIFIED.,.F.,.F.,.F.,(4,1,4),(4,4),(0.,
0.571428571428571,1.),(0.299999999999998,1.6),.UNSPECIFIED.);
#105=B_SPLINE_SURFACE_WITH_KNOTS('',3,3,((#2699,#2700,#2701,#2702,#2703,
#2704),(#2705,#2706,#2707,#2708,#2709,#2710),(#2711,#2712,#2713,#2714,#2715,
#2716),(#2717,#2718,#2719,#2720,#2721,#2722),(#2723,#2724,#2725,#2726,#2727,
#2728)),.UNSPECIFIED.,.F.,.F.,.F.,(4,1,4),(4,2,4),(0.,0.571428571428571,
1.),(0.4257377195124,2.19319368228698,2.44078091764202),.UNSPECIFIED.);
#106=B_SPLINE_SURFACE_WITH_KNOTS('',3,1,((#3082,#3083),(#3084,#3085),(#3086,
#3087),(#3088,#3089),(#3090,#3091),(#3092,#3093),(#3094,#3095)),
 .UNSPECIFIED.,.F.,.F.,.F.,(4,3,4),(2,2),(-1.,-0.458197975331576,0.),(1.384,
3.),.UNSPECIFIED.);
#107=B_SPLINE_SURFACE_WITH_KNOTS('',3,1,((#3191,#3192),(#3193,#3194),(#3195,
#3196),(#3197,#3198)),.UNSPECIFIED.,.F.,.F.,.F.,(4,4),(2,2),(-0.857712281458065,
-0.791717088095869),(1.4,1.70001058096066),.UNSPECIFIED.);
#108=B_SPLINE_SURFACE_WITH_KNOTS('',3,1,((#3213,#3214),(#3215,#3216),(#3217,
#3218),(#3219,#3220)),.UNSPECIFIED.,.F.,.F.,.F.,(4,4),(2,2),(-0.286456063105218,
-0.214455292249991),(1.4,1.70001095043982),.UNSPECIFIED.);
#109=B_SPLINE_CURVE_WITH_KNOTS('',3,(#2546,#2547,#2548,#2549,#2550,#2551,
#2552,#2553,#2554,#2555,#2556,#2557,#2558,#2559,#2560),.UNSPECIFIED.,.F.,
 .F.,(4,2,2,3,2,2,4),(-0.27131993984427,-0.193916437745314,-0.0969582188726568,
0.,0.0969582188726568,0.193916437745314,0.27131993984427),.UNSPECIFIED.);
#110=B_SPLINE_CURVE_WITH_KNOTS('',3,(#2597,#2598,#2599,#2600,#2601,#2602),
 .UNSPECIFIED.,.F.,.F.,(4,1,1,4),(-8.41079502474204,-4.32040030484322,-3.29780162486852,
-1.25260426491911),.UNSPECIFIED.);
#111=B_SPLINE_CURVE_WITH_KNOTS('',3,(#2603,#2604,#2605,#2606,#2607,#2608),
 .UNSPECIFIED.,.F.,.F.,(4,1,1,4),(1.25260426491911,3.29780162486852,4.32040030484322,
8.41079502474204),.UNSPECIFIED.);
#112=B_SPLINE_CURVE_WITH_KNOTS('',3,(#2631,#2632,#2633,#2634,#2635,#2636,
#2637,#2638,#2639,#2640,#2641,#2642,#2643,#2644),.UNSPECIFIED.,.F.,.F.,
(4,2,2,2,2,2,4),(0.,0.0837741347442916,0.189082982839494,0.283964403897644,
0.313175455321889,0.326928194708461,0.334999319616175),.UNSPECIFIED.);
#113=B_SPLINE_CURVE_WITH_KNOTS('',3,(#2646,#2647,#2648,#2649,#2650,#2651,
#2652,#2653,#2654,#2655,#2656,#2657,#2658,#2659,#2660,#2661,#2662,#2663),
 .UNSPECIFIED.,.F.,.F.,(4,2,2,2,2,2,2,2,4),(0.334999319616175,0.337673493334531,
0.349393577516671,0.368268525492038,0.406501291980771,0.472054624949988,
0.560560146475587,0.617687060193831,0.669318104935464),.UNSPECIFIED.);
#114=B_SPLINE_CURVE_WITH_KNOTS('',3,(#2664,#2665,#2666,#2667),
 .UNSPECIFIED.,.F.,.F.,(4,4),(-0.468029876967837,-0.299999999999998),
 .UNSPECIFIED.);
#115=B_SPLINE_CURVE_WITH_KNOTS('',3,(#2669,#2670,#2671,#2672),
 .UNSPECIFIED.,.F.,.F.,(4,4),(0.299999999999998,1.6),.UNSPECIFIED.);
#116=B_SPLINE_CURVE_WITH_KNOTS('',3,(#2674,#2675,#2676,#2677,#2678,#2679,
#2680),.UNSPECIFIED.,.F.,.F.,(4,3,4),(0.,0.217124249742212,0.379967437048872),
 .UNSPECIFIED.);
#117=B_SPLINE_CURVE_WITH_KNOTS('',3,(#2681,#2682,#2683,#2684),
 .UNSPECIFIED.,.F.,.F.,(4,4),(-1.6,-0.95717861739946),.UNSPECIFIED.);
#118=B_SPLINE_CURVE_WITH_KNOTS('',3,(#2731,#2732,#2733,#2734,#2735,#2736,
#2737,#2738,#2739,#2740,#2741,#2742,#2743,#2744,#2745,#2746),
 .UNSPECIFIED.,.F.,.F.,(4,2,2,2,2,2,2,4),(0.271789570472025,0.402785379828909,
0.508819327575276,0.541992187085688,0.563210330896874,0.580343785221045,
0.598678909798112,0.619964964415752),.UNSPECIFIED.);
#119=B_SPLINE_CURVE_WITH_KNOTS('',3,(#2747,#2748,#2749,#2750),
 .UNSPECIFIED.,.F.,.F.,(4,4),(-2.19319368228698,-0.4257377195124),
 .UNSPECIFIED.);
#120=B_SPLINE_CURVE_WITH_KNOTS('',3,(#2752,#2753,#2754,#2755,#2756,#2757),
 .UNSPECIFIED.,.F.,.F.,(4,2,4),(0.4257377195124,2.19319368228698,2.42711906955716),
 .UNSPECIFIED.);
#121=B_SPLINE_CURVE_WITH_KNOTS('',3,(#2759,#2760,#2761,#2762,#2763,#2764,
#2765,#2766,#2767,#2768,#2769,#2770,#2771,#2772),.UNSPECIFIED.,.F.,.F.,
(4,2,2,2,2,2,4),(0.573580538208762,0.582605937292679,0.635929773335932,
0.704409908185515,0.797206689435766,0.890074765110652,0.970948464059855),
 .UNSPECIFIED.);
#122=B_SPLINE_CURVE_WITH_KNOTS('',3,(#2773,#2774,#2775,#2776,#2777,#2778),
 .UNSPECIFIED.,.F.,.F.,(4,2,4),(0.337865392932177,0.437276747210608,0.460518938494561),
 .UNSPECIFIED.);
#123=B_SPLINE_CURVE_WITH_KNOTS('',3,(#2865,#2866,#2867,#2868,#2869,#2870),
 .UNSPECIFIED.,.F.,.F.,(4,2,4),(-8.17474341501197,-4.07933702330568,0.),
 .UNSPECIFIED.);
#124=B_SPLINE_CURVE_WITH_KNOTS('',3,(#2910,#2911,#2912,#2913),
 .UNSPECIFIED.,.F.,.F.,(4,4),(0.000654186972854052,0.214455292301045),
 .UNSPECIFIED.);
#125=B_SPLINE_CURVE_WITH_KNOTS('',3,(#2917,#2918,#2919,#2920),
 .UNSPECIFIED.,.F.,.F.,(4,4),(0.214455292335138,0.286456063105218),
 .UNSPECIFIED.);
#126=B_SPLINE_CURVE_WITH_KNOTS('',3,(#2924,#2925,#2926,#2927,#2928,#2929,
#2930),.UNSPECIFIED.,.F.,.F.,(4,3,4),(0.286456063105218,0.458197975331576,
0.791717088100137),.UNSPECIFIED.);
#127=B_SPLINE_CURVE_WITH_KNOTS('',3,(#2934,#2935,#2936,#2937),
 .UNSPECIFIED.,.F.,.F.,(4,4),(0.791717088100137,0.857712281458065),
 .UNSPECIFIED.);
#128=B_SPLINE_CURVE_WITH_KNOTS('',3,(#2941,#2942,#2943,#2944),
 .UNSPECIFIED.,.F.,.F.,(4,4),(0.857712281458065,0.989034866400209),
 .UNSPECIFIED.);
#129=B_SPLINE_CURVE_WITH_KNOTS('',3,(#3070,#3071,#3072,#3073),
 .UNSPECIFIED.,.F.,.F.,(4,4),(-0.786175091495087,-0.186691570968471),
 .UNSPECIFIED.);
#130=B_SPLINE_CURVE_WITH_KNOTS('',3,(#3077,#3078,#3079,#3080),
 .UNSPECIFIED.,.F.,.F.,(4,4),(-0.857712281458065,-0.791717088095869),
 .UNSPECIFIED.);
#131=B_SPLINE_CURVE_WITH_KNOTS('',3,(#3097,#3098,#3099,#3100),
 .UNSPECIFIED.,.F.,.F.,(4,4),(-0.25,-0.0500000000000012),.UNSPECIFIED.);
#132=B_SPLINE_CURVE_WITH_KNOTS('',3,(#3102,#3103,#3104,#3105),
 .UNSPECIFIED.,.F.,.F.,(4,4),(-0.25,-0.0500000000000009),.UNSPECIFIED.);
#133=B_SPLINE_CURVE_WITH_KNOTS('',3,(#3106,#3107,#3108,#3109),
 .UNSPECIFIED.,.F.,.F.,(4,4),(-0.100000000000002,0.),.UNSPECIFIED.);
#134=B_SPLINE_CURVE_WITH_KNOTS('',3,(#3111,#3112,#3113,#3114),
 .UNSPECIFIED.,.F.,.F.,(4,4),(-0.150000000000005,-0.0500000000000032),
 .UNSPECIFIED.);
#135=B_SPLINE_CURVE_WITH_KNOTS('',3,(#3116,#3117,#3118,#3119),
 .UNSPECIFIED.,.F.,.F.,(4,4),(-0.25,-0.0499999999999992),.UNSPECIFIED.);
#136=B_SPLINE_CURVE_WITH_KNOTS('',3,(#3121,#3122,#3123,#3124),
 .UNSPECIFIED.,.F.,.F.,(4,4),(-0.740229366643154,-0.140358141814177),
 .UNSPECIFIED.);
#137=B_SPLINE_CURVE_WITH_KNOTS('',3,(#3126,#3127,#3128,#3129),
 .UNSPECIFIED.,.F.,.F.,(4,4),(-0.25,-0.0500000000000012),.UNSPECIFIED.);
#138=B_SPLINE_CURVE_WITH_KNOTS('',3,(#3130,#3131,#3132,#3133),
 .UNSPECIFIED.,.F.,.F.,(4,4),(-0.100000000000002,0.),.UNSPECIFIED.);
#139=B_SPLINE_CURVE_WITH_KNOTS('',3,(#3135,#3136,#3137,#3138),
 .UNSPECIFIED.,.F.,.F.,(4,4),(1.30329856599312,1.6),.UNSPECIFIED.);
#140=B_SPLINE_CURVE_WITH_KNOTS('',3,(#3140,#3141,#3142,#3143),
 .UNSPECIFIED.,.F.,.F.,(4,4),(-1.84400175606915,-0.198495224461784),
 .UNSPECIFIED.);
#141=B_SPLINE_CURVE_WITH_KNOTS('',3,(#3145,#3146,#3147,#3148,#3149,#3150,
#3151),.UNSPECIFIED.,.F.,.F.,(4,3,4),(-7.23221872776605,-4.58007456746316,
-0.101786921958636),.UNSPECIFIED.);
#142=B_SPLINE_CURVE_WITH_KNOTS('',3,(#3153,#3154,#3155,#3156),
 .UNSPECIFIED.,.F.,.F.,(4,4),(-1.476,-1.2501769534122),.UNSPECIFIED.);
#143=B_SPLINE_CURVE_WITH_KNOTS('',3,(#3158,#3159,#3160,#3161),
 .UNSPECIFIED.,.F.,.F.,(4,4),(-2.03251625674461,-1.79224910800532),
 .UNSPECIFIED.);
#144=B_SPLINE_CURVE_WITH_KNOTS('',3,(#3163,#3164,#3165,#3166,#3167,#3168),
 .UNSPECIFIED.,.F.,.F.,(4,2,4),(-1.18838515032702,-0.73,-0.586406355305687),
 .UNSPECIFIED.);
#145=B_SPLINE_CURVE_WITH_KNOTS('',3,(#3170,#3171,#3172,#3173),
 .UNSPECIFIED.,.F.,.F.,(4,4),(-0.238398482750726,0.),.UNSPECIFIED.);
#146=B_SPLINE_CURVE_WITH_KNOTS('',3,(#3174,#3175,#3176,#3177),
 .UNSPECIFIED.,.F.,.F.,(4,4),(-0.556614552220494,-0.0159999999999985),
 .UNSPECIFIED.);
#147=B_SPLINE_CURVE_WITH_KNOTS('',3,(#3178,#3179,#3180,#3181),
 .UNSPECIFIED.,.F.,.F.,(4,4),(-0.150000000000002,-0.0500000000000008),
 .UNSPECIFIED.);
#148=B_SPLINE_CURVE_WITH_KNOTS('',3,(#3186,#3187,#3188,#3189),
 .UNSPECIFIED.,.F.,.F.,(4,4),(-0.286456063105218,-0.214455292386748),
 .UNSPECIFIED.);
#149=B_SPLINE_CURVE_WITH_KNOTS('',3,(#3200,#3201,#3202,#3203),
 .UNSPECIFIED.,.F.,.F.,(4,4),(0.,0.100000000000002),.UNSPECIFIED.);
#150=B_SPLINE_CURVE_WITH_KNOTS('',3,(#3207,#3208,#3209,#3210),
 .UNSPECIFIED.,.F.,.F.,(4,4),(0.199999999999998,0.3),.UNSPECIFIED.);
#151=B_SPLINE_CURVE_WITH_KNOTS('',3,(#3222,#3223,#3224,#3225),
 .UNSPECIFIED.,.F.,.F.,(4,4),(0.,0.100000000000002),.UNSPECIFIED.);
#152=B_SPLINE_CURVE_WITH_KNOTS('',3,(#3229,#3230,#3231,#3232),
 .UNSPECIFIED.,.F.,.F.,(4,4),(0.199999999999998,0.3),.UNSPECIFIED.);
#153=ELLIPSE('',#1867,4.24264068711929,3.);
#154=ELLIPSE('',#1868,4.24264068711929,3.);
#155=ELLIPSE('',#1874,3.66232376628437,3.);
#156=ELLIPSE('',#1880,3.66232376628437,3.);
#157=ELLIPSE('',#1882,5.31206813806083,3.);
#158=ELLIPSE('',#1900,3.02825684174062,3.);
#159=ELLIPSE('',#1901,8.28475642464915,3.);
#160=ELLIPSE('',#1902,4.55153005249316,3.);
#161=ELLIPSE('',#1905,1.76776695296637,1.25);
#162=ELLIPSE('',#1906,1.76776695296637,1.25);
#163=ELLIPSE('',#1907,1.76776695296637,1.25);
#164=ELLIPSE('',#1908,1.76776695296637,1.25);
#165=ELLIPSE('',#1917,8.13137128227048,3.95);
#166=ELLIPSE('',#1918,8.13137128227048,3.95);
#167=ELLIPSE('',#1940,1.52596823595182,1.25);
#168=ELLIPSE('',#1941,1.52596823595182,1.25);
#169=ELLIPSE('',#1943,1.76776695296637,1.25);
#170=ELLIPSE('',#1945,1.76776695296637,1.25);
#171=ELLIPSE('',#1947,1.76776695296637,1.25);
#172=ELLIPSE('',#1949,1.76776695296637,1.25);
#173=LINE('',#2522,#322);
#174=LINE('',#2526,#323);
#175=LINE('',#2536,#324);
#176=LINE('',#2538,#325);
#177=LINE('',#2541,#326);
#178=LINE('',#2542,#327);
#179=LINE('',#2562,#328);
#180=LINE('',#2565,#329);
#181=LINE('',#2566,#330);
#182=LINE('',#2688,#331);
#183=LINE('',#2691,#332);
#184=LINE('',#2697,#333);
#185=LINE('',#2698,#334);
#186=LINE('',#2783,#335);
#187=LINE('',#2789,#336);
#188=LINE('',#2792,#337);
#189=LINE('',#2795,#338);
#190=LINE('',#2797,#339);
#191=LINE('',#2799,#340);
#192=LINE('',#2800,#341);
#193=LINE('',#2803,#342);
#194=LINE('',#2805,#343);
#195=LINE('',#2807,#344);
#196=LINE('',#2808,#345);
#197=LINE('',#2811,#346);
#198=LINE('',#2813,#347);
#199=LINE('',#2815,#348);
#200=LINE('',#2816,#349);
#201=LINE('',#2819,#350);
#202=LINE('',#2821,#351);
#203=LINE('',#2823,#352);
#204=LINE('',#2824,#353);
#205=LINE('',#2827,#354);
#206=LINE('',#2829,#355);
#207=LINE('',#2831,#356);
#208=LINE('',#2832,#357);
#209=LINE('',#2864,#358);
#210=LINE('',#2872,#359);
#211=LINE('',#2874,#360);
#212=LINE('',#2876,#361);
#213=LINE('',#2878,#362);
#214=LINE('',#2880,#363);
#215=LINE('',#2882,#364);
#216=LINE('',#2884,#365);
#217=LINE('',#2886,#366);
#218=LINE('',#2887,#367);
#219=LINE('',#2890,#368);
#220=LINE('',#2892,#369);
#221=LINE('',#2894,#370);
#222=LINE('',#2896,#371);
#223=LINE('',#2898,#372);
#224=LINE('',#2900,#373);
#225=LINE('',#2902,#374);
#226=LINE('',#2904,#375);
#227=LINE('',#2906,#376);
#228=LINE('',#2908,#377);
#229=LINE('',#2915,#378);
#230=LINE('',#2922,#379);
#231=LINE('',#2932,#380);
#232=LINE('',#2939,#381);
#233=LINE('',#2946,#382);
#234=LINE('',#2948,#383);
#235=LINE('',#2950,#384);
#236=LINE('',#2952,#385);
#237=LINE('',#2954,#386);
#238=LINE('',#2956,#387);
#239=LINE('',#2957,#388);
#240=LINE('',#2971,#389);
#241=LINE('',#2975,#390);
#242=LINE('',#2980,#391);
#243=LINE('',#2983,#392);
#244=LINE('',#2984,#393);
#245=LINE('',#2995,#394);
#246=LINE('',#3000,#395);
#247=LINE('',#3006,#396);
#248=LINE('',#3008,#397);
#249=LINE('',#3010,#398);
#250=LINE('',#3011,#399);
#251=LINE('',#3013,#400);
#252=LINE('',#3014,#401);
#253=LINE('',#3016,#402);
#254=LINE('',#3020,#403);
#255=LINE('',#3024,#404);
#256=LINE('',#3026,#405);
#257=LINE('',#3027,#406);
#258=LINE('',#3029,#407);
#259=LINE('',#3030,#408);
#260=LINE('',#3035,#409);
#261=LINE('',#3037,#410);
#262=LINE('',#3038,#411);
#263=LINE('',#3041,#412);
#264=LINE('',#3042,#413);
#265=LINE('',#3045,#414);
#266=LINE('',#3046,#415);
#267=LINE('',#3048,#416);
#268=LINE('',#3051,#417);
#269=LINE('',#3053,#418);
#270=LINE('',#3055,#419);
#271=LINE('',#3056,#420);
#272=LINE('',#3059,#421);
#273=LINE('',#3064,#422);
#274=LINE('',#3075,#423);
#275=LINE('',#3081,#424);
#276=LINE('',#3184,#425);
#277=LINE('',#3190,#426);
#278=LINE('',#3204,#427);
#279=LINE('',#3206,#428);
#280=LINE('',#3226,#429);
#281=LINE('',#3228,#430);
#282=LINE('',#3239,#431);
#283=LINE('',#3243,#432);
#284=LINE('',#3247,#433);
#285=LINE('',#3251,#434);
#286=LINE('',#3255,#435);
#287=LINE('',#3260,#436);
#288=LINE('',#3265,#437);
#289=LINE('',#3270,#438);
#290=LINE('',#3275,#439);
#291=LINE('',#3280,#440);
#292=LINE('',#3285,#441);
#293=LINE('',#3289,#442);
#294=LINE('',#3292,#443);
#295=LINE('',#3293,#444);
#296=LINE('',#3295,#445);
#297=LINE('',#3296,#446);
#298=LINE('',#3298,#447);
#299=LINE('',#3299,#448);
#300=LINE('',#3302,#449);
#301=LINE('',#3304,#450);
#302=LINE('',#3306,#451);
#303=LINE('',#3307,#452);
#304=LINE('',#3310,#453);
#305=LINE('',#3312,#454);
#306=LINE('',#3314,#455);
#307=LINE('',#3315,#456);
#308=LINE('',#3331,#457);
#309=LINE('',#3333,#458);
#310=LINE('',#3334,#459);
#311=LINE('',#3336,#460);
#312=LINE('',#3338,#461);
#313=LINE('',#3340,#462);
#314=LINE('',#3341,#463);
#315=LINE('',#3343,#464);
#316=LINE('',#3350,#465);
#317=LINE('',#3351,#466);
#318=LINE('',#3356,#467);
#319=LINE('',#3360,#468);
#320=LINE('',#3361,#469);
#321=LINE('',#3383,#470);
#322=VECTOR('',#2045,10.);
#323=VECTOR('',#2048,10.);
#324=VECTOR('',#2061,10.);
#325=VECTOR('',#2062,10.);
#326=VECTOR('',#2067,10.);
#327=VECTOR('',#2068,10.);
#328=VECTOR('',#2071,10.);
#329=VECTOR('',#2074,10.);
#330=VECTOR('',#2075,10.);
#331=VECTOR('',#2078,10.);
#332=VECTOR('',#2081,10.);
#333=VECTOR('',#2088,10.);
#334=VECTOR('',#2089,10.);
#335=VECTOR('',#2094,2.55);
#336=VECTOR('',#2103,2.55000000000001);
#337=VECTOR('',#2108,10.);
#338=VECTOR('',#2109,10.);
#339=VECTOR('',#2110,10.);
#340=VECTOR('',#2111,10.);
#341=VECTOR('',#2112,10.);
#342=VECTOR('',#2113,10.);
#343=VECTOR('',#2114,10.);
#344=VECTOR('',#2115,10.);
#345=VECTOR('',#2116,10.);
#346=VECTOR('',#2117,10.);
#347=VECTOR('',#2118,10.);
#348=VECTOR('',#2119,10.);
#349=VECTOR('',#2120,10.);
#350=VECTOR('',#2121,10.);
#351=VECTOR('',#2122,10.);
#352=VECTOR('',#2123,10.);
#353=VECTOR('',#2124,10.);
#354=VECTOR('',#2125,10.);
#355=VECTOR('',#2126,10.);
#356=VECTOR('',#2127,10.);
#357=VECTOR('',#2128,10.);
#358=VECTOR('',#2129,10.);
#359=VECTOR('',#2132,10.);
#360=VECTOR('',#2133,10.);
#361=VECTOR('',#2134,10.);
#362=VECTOR('',#2135,10.);
#363=VECTOR('',#2136,10.);
#364=VECTOR('',#2137,10.);
#365=VECTOR('',#2138,10.);
#366=VECTOR('',#2139,10.);
#367=VECTOR('',#2140,10.);
#368=VECTOR('',#2141,10.);
#369=VECTOR('',#2142,10.);
#370=VECTOR('',#2143,10.);
#371=VECTOR('',#2144,10.);
#372=VECTOR('',#2145,10.);
#373=VECTOR('',#2146,10.);
#374=VECTOR('',#2147,10.);
#375=VECTOR('',#2148,10.);
#376=VECTOR('',#2149,10.);
#377=VECTOR('',#2150,10.);
#378=VECTOR('',#2151,10.);
#379=VECTOR('',#2152,10.);
#380=VECTOR('',#2153,10.);
#381=VECTOR('',#2154,10.);
#382=VECTOR('',#2155,10.);
#383=VECTOR('',#2156,10.);
#384=VECTOR('',#2157,10.);
#385=VECTOR('',#2158,10.);
#386=VECTOR('',#2159,10.);
#387=VECTOR('',#2160,10.);
#388=VECTOR('',#2161,10.);
#389=VECTOR('',#2178,10.);
#390=VECTOR('',#2181,10.);
#391=VECTOR('',#2188,10.);
#392=VECTOR('',#2191,10.);
#393=VECTOR('',#2192,10.);
#394=VECTOR('',#2203,2.6);
#395=VECTOR('',#2210,2.6);
#396=VECTOR('',#2217,10.);
#397=VECTOR('',#2218,10.);
#398=VECTOR('',#2219,10.);
#399=VECTOR('',#2220,10.);
#400=VECTOR('',#2223,10.);
#401=VECTOR('',#2224,10.);
#402=VECTOR('',#2225,10.);
#403=VECTOR('',#2228,10.);
#404=VECTOR('',#2231,10.);
#405=VECTOR('',#2232,10.);
#406=VECTOR('',#2233,10.);
#407=VECTOR('',#2236,10.);
#408=VECTOR('',#2237,10.);
#409=VECTOR('',#2244,10.);
#410=VECTOR('',#2245,10.);
#411=VECTOR('',#2246,10.);
#412=VECTOR('',#2249,10.);
#413=VECTOR('',#2250,10.);
#414=VECTOR('',#2253,10.);
#415=VECTOR('',#2254,10.);
#416=VECTOR('',#2257,10.);
#417=VECTOR('',#2260,10.);
#418=VECTOR('',#2261,10.);
#419=VECTOR('',#2262,10.);
#420=VECTOR('',#2263,10.);
#421=VECTOR('',#2266,2.6);
#422=VECTOR('',#2273,2.6);
#423=VECTOR('',#2280,10.);
#424=VECTOR('',#2281,10.);
#425=VECTOR('',#2284,10.);
#426=VECTOR('',#2285,10.);
#427=VECTOR('',#2286,10.);
#428=VECTOR('',#2287,10.);
#429=VECTOR('',#2292,10.);
#430=VECTOR('',#2293,10.);
#431=VECTOR('',#2302,1.25);
#432=VECTOR('',#2307,1.25);
#433=VECTOR('',#2312,1.25);
#434=VECTOR('',#2317,1.25);
#435=VECTOR('',#2322,1.25);
#436=VECTOR('',#2327,10.);
#437=VECTOR('',#2334,10.);
#438=VECTOR('',#2339,10.);
#439=VECTOR('',#2346,10.);
#440=VECTOR('',#2351,10.);
#441=VECTOR('',#2358,10.);
#442=VECTOR('',#2365,10.);
#443=VECTOR('',#2368,10.);
#444=VECTOR('',#2369,10.);
#445=VECTOR('',#2370,10.);
#446=VECTOR('',#2371,10.);
#447=VECTOR('',#2372,10.);
#448=VECTOR('',#2373,10.);
#449=VECTOR('',#2374,10.);
#450=VECTOR('',#2375,10.);
#451=VECTOR('',#2376,10.);
#452=VECTOR('',#2377,10.);
#453=VECTOR('',#2378,10.);
#454=VECTOR('',#2379,10.);
#455=VECTOR('',#2380,10.);
#456=VECTOR('',#2381,10.);
#457=VECTOR('',#2410,10.);
#458=VECTOR('',#2411,10.);
#459=VECTOR('',#2412,10.);
#460=VECTOR('',#2415,10.);
#461=VECTOR('',#2418,10.);
#462=VECTOR('',#2421,10.);
#463=VECTOR('',#2422,10.);
#464=VECTOR('',#2425,10.);
#465=VECTOR('',#2438,10.);
#466=VECTOR('',#2439,10.);
#467=VECTOR('',#2446,10.);
#468=VECTOR('',#2451,10.);
#469=VECTOR('',#2452,10.);
#470=VECTOR('',#2495,10.);
#471=CYLINDRICAL_SURFACE('',#1866,3.);
#472=CYLINDRICAL_SURFACE('',#1873,3.);
#473=CYLINDRICAL_SURFACE('',#1875,3.);
#474=CYLINDRICAL_SURFACE('',#1876,3.);
#475=CYLINDRICAL_SURFACE('',#1878,3.);
#476=CYLINDRICAL_SURFACE('',#1881,3.);
#477=CYLINDRICAL_SURFACE('',#1883,2.55);
#478=CYLINDRICAL_SURFACE('',#1887,2.55000000000001);
#479=CYLINDRICAL_SURFACE('',#1899,3.);
#480=CYLINDRICAL_SURFACE('',#1909,2.6);
#481=CYLINDRICAL_SURFACE('',#1912,2.6);
#482=CYLINDRICAL_SURFACE('',#1927,2.6);
#483=CYLINDRICAL_SURFACE('',#1930,2.6);
#484=CYLINDRICAL_SURFACE('',#1939,1.25);
#485=CYLINDRICAL_SURFACE('',#1942,1.25);
#486=CYLINDRICAL_SURFACE('',#1944,1.25);
#487=CYLINDRICAL_SURFACE('',#1946,1.25);
#488=CYLINDRICAL_SURFACE('',#1948,1.25);
#489=CYLINDRICAL_SURFACE('',#1953,4082.29231584871);
#490=CYLINDRICAL_SURFACE('',#1958,164.858456769086);
#491=CYLINDRICAL_SURFACE('',#1960,155.501742289733);
#492=CYLINDRICAL_SURFACE('',#1971,150.475737960389);
#493=CYLINDRICAL_SURFACE('',#1976,215.196321028578);
#494=CYLINDRICAL_SURFACE('',#1978,3.95);
#495=CYLINDRICAL_SURFACE('',#1989,3.95000000000001);
#496=CYLINDRICAL_SURFACE('',#1992,1.);
#497=CYLINDRICAL_SURFACE('',#1999,1.);
#498=CYLINDRICAL_SURFACE('',#2002,5145.18285292418);
#499=CYLINDRICAL_SURFACE('',#2005,167.643280867129);
#500=CYLINDRICAL_SURFACE('',#2006,96.2558286876746);
#501=CYLINDRICAL_SURFACE('',#2011,107.458146395787);
#502=CYLINDRICAL_SURFACE('',#2014,217.306153613159);
#503=FACE_OUTER_BOUND('',#599,.T.);
#504=FACE_OUTER_BOUND('',#600,.T.);
#505=FACE_OUTER_BOUND('',#601,.T.);
#506=FACE_OUTER_BOUND('',#602,.T.);
#507=FACE_OUTER_BOUND('',#603,.T.);
#508=FACE_OUTER_BOUND('',#604,.T.);
#509=FACE_OUTER_BOUND('',#605,.T.);
#510=FACE_OUTER_BOUND('',#606,.T.);
#511=FACE_OUTER_BOUND('',#607,.T.);
#512=FACE_OUTER_BOUND('',#608,.T.);
#513=FACE_OUTER_BOUND('',#609,.T.);
#514=FACE_OUTER_BOUND('',#610,.T.);
#515=FACE_OUTER_BOUND('',#611,.T.);
#516=FACE_OUTER_BOUND('',#612,.T.);
#517=FACE_OUTER_BOUND('',#613,.T.);
#518=FACE_OUTER_BOUND('',#619,.T.);
#519=FACE_OUTER_BOUND('',#620,.T.);
#520=FACE_OUTER_BOUND('',#626,.T.);
#521=FACE_OUTER_BOUND('',#627,.T.);
#522=FACE_OUTER_BOUND('',#628,.T.);
#523=FACE_OUTER_BOUND('',#629,.T.);
#524=FACE_OUTER_BOUND('',#630,.T.);
#525=FACE_OUTER_BOUND('',#635,.T.);
#526=FACE_OUTER_BOUND('',#636,.T.);
#527=FACE_OUTER_BOUND('',#637,.T.);
#528=FACE_OUTER_BOUND('',#638,.T.);
#529=FACE_OUTER_BOUND('',#639,.T.);
#530=FACE_OUTER_BOUND('',#640,.T.);
#531=FACE_OUTER_BOUND('',#641,.T.);
#532=FACE_OUTER_BOUND('',#642,.T.);
#533=FACE_OUTER_BOUND('',#643,.T.);
#534=FACE_OUTER_BOUND('',#644,.T.);
#535=FACE_OUTER_BOUND('',#645,.T.);
#536=FACE_OUTER_BOUND('',#646,.T.);
#537=FACE_OUTER_BOUND('',#647,.T.);
#538=FACE_OUTER_BOUND('',#648,.T.);
#539=FACE_OUTER_BOUND('',#649,.T.);
#540=FACE_OUTER_BOUND('',#650,.T.);
#541=FACE_OUTER_BOUND('',#651,.T.);
#542=FACE_OUTER_BOUND('',#652,.T.);
#543=FACE_OUTER_BOUND('',#653,.T.);
#544=FACE_OUTER_BOUND('',#654,.T.);
#545=FACE_OUTER_BOUND('',#655,.T.);
#546=FACE_OUTER_BOUND('',#656,.T.);
#547=FACE_OUTER_BOUND('',#657,.T.);
#548=FACE_OUTER_BOUND('',#658,.T.);
#549=FACE_OUTER_BOUND('',#659,.T.);
#550=FACE_OUTER_BOUND('',#660,.T.);
#551=FACE_OUTER_BOUND('',#661,.T.);
#552=FACE_OUTER_BOUND('',#662,.T.);
#553=FACE_OUTER_BOUND('',#663,.T.);
#554=FACE_OUTER_BOUND('',#664,.T.);
#555=FACE_OUTER_BOUND('',#665,.T.);
#556=FACE_OUTER_BOUND('',#666,.T.);
#557=FACE_OUTER_BOUND('',#667,.T.);
#558=FACE_OUTER_BOUND('',#668,.T.);
#559=FACE_OUTER_BOUND('',#669,.T.);
#560=FACE_OUTER_BOUND('',#670,.T.);
#561=FACE_OUTER_BOUND('',#671,.T.);
#562=FACE_OUTER_BOUND('',#672,.T.);
#563=FACE_OUTER_BOUND('',#673,.T.);
#564=FACE_OUTER_BOUND('',#679,.T.);
#565=FACE_OUTER_BOUND('',#680,.T.);
#566=FACE_OUTER_BOUND('',#681,.T.);
#567=FACE_OUTER_BOUND('',#682,.T.);
#568=FACE_OUTER_BOUND('',#683,.T.);
#569=FACE_OUTER_BOUND('',#684,.T.);
#570=FACE_OUTER_BOUND('',#685,.T.);
#571=FACE_OUTER_BOUND('',#686,.T.);
#572=FACE_OUTER_BOUND('',#688,.T.);
#573=FACE_OUTER_BOUND('',#689,.T.);
#574=FACE_OUTER_BOUND('',#694,.T.);
#575=FACE_OUTER_BOUND('',#695,.T.);
#576=FACE_OUTER_BOUND('',#696,.T.);
#577=FACE_OUTER_BOUND('',#697,.T.);
#578=FACE_OUTER_BOUND('',#698,.T.);
#579=FACE_OUTER_BOUND('',#699,.T.);
#580=FACE_OUTER_BOUND('',#700,.T.);
#581=FACE_OUTER_BOUND('',#701,.T.);
#582=FACE_OUTER_BOUND('',#702,.T.);
#583=FACE_OUTER_BOUND('',#704,.T.);
#584=FACE_OUTER_BOUND('',#705,.T.);
#585=FACE_OUTER_BOUND('',#706,.T.);
#586=FACE_OUTER_BOUND('',#707,.T.);
#587=FACE_OUTER_BOUND('',#708,.T.);
#588=FACE_OUTER_BOUND('',#709,.T.);
#589=FACE_OUTER_BOUND('',#710,.T.);
#590=FACE_OUTER_BOUND('',#711,.T.);
#591=FACE_OUTER_BOUND('',#712,.T.);
#592=FACE_OUTER_BOUND('',#713,.T.);
#593=FACE_OUTER_BOUND('',#714,.T.);
#594=FACE_OUTER_BOUND('',#715,.T.);
#595=FACE_OUTER_BOUND('',#716,.T.);
#596=FACE_OUTER_BOUND('',#717,.T.);
#597=FACE_OUTER_BOUND('',#718,.T.);
#598=FACE_OUTER_BOUND('',#719,.T.);
#599=EDGE_LOOP('',(#1213,#1214,#1215));
#600=EDGE_LOOP('',(#1216,#1217,#1218));
#601=EDGE_LOOP('',(#1219,#1220,#1221,#1222));
#602=EDGE_LOOP('',(#1223,#1224,#1225));
#603=EDGE_LOOP('',(#1226,#1227,#1228,#1229,#1230));
#604=EDGE_LOOP('',(#1231,#1232,#1233,#1234));
#605=EDGE_LOOP('',(#1235,#1236,#1237,#1238,#1239,#1240));
#606=EDGE_LOOP('',(#1241,#1242,#1243,#1244));
#607=EDGE_LOOP('',(#1245,#1246,#1247,#1248,#1249,#1250,#1251));
#608=EDGE_LOOP('',(#1252,#1253,#1254,#1255,#1256));
#609=EDGE_LOOP('',(#1257,#1258,#1259,#1260));
#610=EDGE_LOOP('',(#1261,#1262,#1263,#1264,#1265,#1266));
#611=EDGE_LOOP('',(#1267,#1268,#1269,#1270,#1271,#1272));
#612=EDGE_LOOP('',(#1273,#1274,#1275,#1276,#1277,#1278));
#613=EDGE_LOOP('',(#1279,#1280,#1281,#1282,#1283,#1284,#1285,#1286,#1287));
#614=EDGE_LOOP('',(#1288,#1289,#1290,#1291));
#615=EDGE_LOOP('',(#1292,#1293,#1294,#1295));
#616=EDGE_LOOP('',(#1296,#1297,#1298,#1299));
#617=EDGE_LOOP('',(#1300,#1301,#1302,#1303));
#618=EDGE_LOOP('',(#1304,#1305,#1306,#1307));
#619=EDGE_LOOP('',(#1308,#1309,#1310,#1311,#1312));
#620=EDGE_LOOP('',(#1313,#1314,#1315,#1316,#1317,#1318,#1319,#1320,#1321,
#1322,#1323,#1324,#1325,#1326));
#621=EDGE_LOOP('',(#1327,#1328,#1329,#1330,#1331,#1332,#1333,#1334,#1335,
#1336,#1337,#1338,#1339,#1340,#1341,#1342,#1343,#1344,#1345,#1346,#1347,
#1348,#1349,#1350,#1351,#1352));
#622=EDGE_LOOP('',(#1353));
#623=EDGE_LOOP('',(#1354));
#624=EDGE_LOOP('',(#1355));
#625=EDGE_LOOP('',(#1356));
#626=EDGE_LOOP('',(#1357,#1358));
#627=EDGE_LOOP('',(#1359,#1360,#1361));
#628=EDGE_LOOP('',(#1362,#1363,#1364,#1365,#1366,#1367));
#629=EDGE_LOOP('',(#1368,#1369,#1370,#1371,#1372,#1373,#1374,#1375));
#630=EDGE_LOOP('',(#1376,#1377,#1378,#1379,#1380));
#631=EDGE_LOOP('',(#1381));
#632=EDGE_LOOP('',(#1382));
#633=EDGE_LOOP('',(#1383));
#634=EDGE_LOOP('',(#1384));
#635=EDGE_LOOP('',(#1385,#1386,#1387,#1388));
#636=EDGE_LOOP('',(#1389));
#637=EDGE_LOOP('',(#1390,#1391,#1392,#1393));
#638=EDGE_LOOP('',(#1394));
#639=EDGE_LOOP('',(#1395,#1396,#1397,#1398));
#640=EDGE_LOOP('',(#1399,#1400,#1401,#1402,#1403,#1404,#1405,#1406,#1407,
#1408,#1409,#1410));
#641=EDGE_LOOP('',(#1411,#1412,#1413,#1414));
#642=EDGE_LOOP('',(#1415,#1416,#1417,#1418));
#643=EDGE_LOOP('',(#1419,#1420,#1421,#1422));
#644=EDGE_LOOP('',(#1423,#1424,#1425,#1426));
#645=EDGE_LOOP('',(#1427,#1428,#1429,#1430));
#646=EDGE_LOOP('',(#1431,#1432,#1433,#1434));
#647=EDGE_LOOP('',(#1435,#1436,#1437,#1438));
#648=EDGE_LOOP('',(#1439,#1440,#1441,#1442,#1443,#1444,#1445,#1446,#1447));
#649=EDGE_LOOP('',(#1448,#1449,#1450,#1451));
#650=EDGE_LOOP('',(#1452));
#651=EDGE_LOOP('',(#1453,#1454,#1455,#1456));
#652=EDGE_LOOP('',(#1457));
#653=EDGE_LOOP('',(#1458,#1459,#1460,#1461));
#654=EDGE_LOOP('',(#1462,#1463,#1464,#1465,#1466,#1467,#1468,#1469,#1470,
#1471,#1472,#1473,#1474,#1475,#1476,#1477,#1478,#1479,#1480,#1481,#1482));
#655=EDGE_LOOP('',(#1483,#1484,#1485,#1486));
#656=EDGE_LOOP('',(#1487,#1488,#1489,#1490,#1491,#1492));
#657=EDGE_LOOP('',(#1493,#1494,#1495,#1496,#1497,#1498));
#658=EDGE_LOOP('',(#1499,#1500,#1501,#1502,#1503,#1504));
#659=EDGE_LOOP('',(#1505,#1506,#1507,#1508,#1509,#1510));
#660=EDGE_LOOP('',(#1511,#1512,#1513,#1514,#1515,#1516));
#661=EDGE_LOOP('',(#1517,#1518,#1519,#1520,#1521,#1522));
#662=EDGE_LOOP('',(#1523,#1524,#1525,#1526));
#663=EDGE_LOOP('',(#1527,#1528,#1529,#1530));
#664=EDGE_LOOP('',(#1531,#1532,#1533,#1534));
#665=EDGE_LOOP('',(#1535,#1536,#1537,#1538));
#666=EDGE_LOOP('',(#1539,#1540,#1541,#1542));
#667=EDGE_LOOP('',(#1543,#1544,#1545,#1546));
#668=EDGE_LOOP('',(#1547,#1548,#1549,#1550));
#669=EDGE_LOOP('',(#1551,#1552,#1553,#1554));
#670=EDGE_LOOP('',(#1555,#1556,#1557,#1558));
#671=EDGE_LOOP('',(#1559,#1560,#1561,#1562));
#672=EDGE_LOOP('',(#1563,#1564,#1565,#1566));
#673=EDGE_LOOP('',(#1567,#1568,#1569,#1570,#1571,#1572,#1573,#1574));
#674=EDGE_LOOP('',(#1575,#1576,#1577,#1578));
#675=EDGE_LOOP('',(#1579,#1580,#1581,#1582));
#676=EDGE_LOOP('',(#1583,#1584,#1585,#1586));
#677=EDGE_LOOP('',(#1587,#1588,#1589,#1590));
#678=EDGE_LOOP('',(#1591,#1592,#1593,#1594));
#679=EDGE_LOOP('',(#1595,#1596,#1597,#1598));
#680=EDGE_LOOP('',(#1599,#1600,#1601,#1602));
#681=EDGE_LOOP('',(#1603,#1604,#1605,#1606));
#682=EDGE_LOOP('',(#1607,#1608,#1609,#1610));
#683=EDGE_LOOP('',(#1611,#1612,#1613,#1614));
#684=EDGE_LOOP('',(#1615,#1616));
#685=EDGE_LOOP('',(#1617,#1618,#1619,#1620));
#686=EDGE_LOOP('',(#1621,#1622,#1623,#1624));
#687=EDGE_LOOP('',(#1625));
#688=EDGE_LOOP('',(#1626,#1627,#1628));
#689=EDGE_LOOP('',(#1629,#1630,#1631,#1632,#1633,#1634));
#690=EDGE_LOOP('',(#1635));
#691=EDGE_LOOP('',(#1636));
#692=EDGE_LOOP('',(#1637));
#693=EDGE_LOOP('',(#1638));
#694=EDGE_LOOP('',(#1639,#1640,#1641,#1642));
#695=EDGE_LOOP('',(#1643,#1644,#1645,#1646,#1647,#1648,#1649,#1650));
#696=EDGE_LOOP('',(#1651,#1652));
#697=EDGE_LOOP('',(#1653,#1654,#1655,#1656));
#698=EDGE_LOOP('',(#1657,#1658,#1659));
#699=EDGE_LOOP('',(#1660,#1661,#1662,#1663,#1664,#1665));
#700=EDGE_LOOP('',(#1666,#1667,#1668,#1669,#1670,#1671));
#701=EDGE_LOOP('',(#1672,#1673,#1674,#1675));
#702=EDGE_LOOP('',(#1676,#1677,#1678,#1679,#1680,#1681));
#703=EDGE_LOOP('',(#1682));
#704=EDGE_LOOP('',(#1683,#1684,#1685,#1686,#1687));
#705=EDGE_LOOP('',(#1688,#1689,#1690,#1691));
#706=EDGE_LOOP('',(#1692,#1693,#1694,#1695));
#707=EDGE_LOOP('',(#1696,#1697,#1698,#1699));
#708=EDGE_LOOP('',(#1700,#1701,#1702,#1703));
#709=EDGE_LOOP('',(#1704,#1705,#1706,#1707));
#710=EDGE_LOOP('',(#1708,#1709,#1710,#1711));
#711=EDGE_LOOP('',(#1712,#1713,#1714,#1715));
#712=EDGE_LOOP('',(#1716,#1717,#1718,#1719));
#713=EDGE_LOOP('',(#1720,#1721,#1722,#1723));
#714=EDGE_LOOP('',(#1724,#1725,#1726,#1727));
#715=EDGE_LOOP('',(#1728,#1729,#1730,#1731));
#716=EDGE_LOOP('',(#1732));
#717=EDGE_LOOP('',(#1733));
#718=EDGE_LOOP('',(#1734,#1735,#1736,#1737,#1738));
#719=EDGE_LOOP('',(#1739,#1740,#1741,#1742));
#720=CIRCLE('',#1859,3.00000000000001);
#721=CIRCLE('',#1860,3.);
#722=CIRCLE('',#1861,3.);
#723=CIRCLE('',#1863,3.00000000000001);
#724=CIRCLE('',#1864,2.99999999999999);
#725=CIRCLE('',#1865,3.);
#726=CIRCLE('',#1870,2.99999999999999);
#727=CIRCLE('',#1871,3.);
#728=CIRCLE('',#1872,3.);
#729=CIRCLE('',#1877,3.);
#730=CIRCLE('',#1879,3.);
#731=CIRCLE('',#1884,2.55);
#732=CIRCLE('',#1885,2.55);
#733=CIRCLE('',#1886,2.55);
#734=CIRCLE('',#1888,2.55000000000001);
#735=CIRCLE('',#1889,2.55000000000001);
#736=CIRCLE('',#1892,2.6);
#737=CIRCLE('',#1893,2.6);
#738=CIRCLE('',#1894,2.6);
#739=CIRCLE('',#1895,2.6);
#740=CIRCLE('',#1897,1.);
#741=CIRCLE('',#1910,2.6);
#742=CIRCLE('',#1913,2.6);
#743=CIRCLE('',#1928,2.6);
#744=CIRCLE('',#1931,2.6);
#745=CIRCLE('',#1951,4082.29231584871);
#746=CIRCLE('',#1952,5145.18285292418);
#747=CIRCLE('',#1954,4082.29231584871);
#748=CIRCLE('',#1956,164.858456769086);
#749=CIRCLE('',#1957,167.643280867129);
#750=CIRCLE('',#1959,164.858456769086);
#751=CIRCLE('',#1961,155.501742289733);
#752=CIRCLE('',#1962,155.501742289733);
#753=CIRCLE('',#1964,96.2558286876746);
#754=CIRCLE('',#1966,3.95000000000001);
#755=CIRCLE('',#1967,3.95);
#756=CIRCLE('',#1969,150.475737960389);
#757=CIRCLE('',#1970,107.458146395787);
#758=CIRCLE('',#1972,150.475737960389);
#759=CIRCLE('',#1974,215.196321028578);
#760=CIRCLE('',#1975,217.306153613159);
#761=CIRCLE('',#1977,215.196321028578);
#762=CIRCLE('',#1979,3.95);
#763=CIRCLE('',#1988,3.95000000000001);
#764=CIRCLE('',#1993,1.);
#765=CIRCLE('',#1995,1.);
#766=CIRCLE('',#1998,1.);
#767=CIRCLE('',#2001,5145.18285292418);
#768=CIRCLE('',#2004,167.643280867129);
#769=CIRCLE('',#2007,96.2558286876746);
#770=CIRCLE('',#2010,107.458146395787);
#771=CIRCLE('',#2013,217.306153613159);
#772=VERTEX_POINT('',#2506);
#773=VERTEX_POINT('',#2507);
#774=VERTEX_POINT('',#2509);
#775=VERTEX_POINT('',#2513);
#776=VERTEX_POINT('',#2514);
#777=VERTEX_POINT('',#2516);
#778=VERTEX_POINT('',#2520);
#779=VERTEX_POINT('',#2521);
#780=VERTEX_POINT('',#2523);
#781=VERTEX_POINT('',#2525);
#782=VERTEX_POINT('',#2529);
#783=VERTEX_POINT('',#2530);
#784=VERTEX_POINT('',#2532);
#785=VERTEX_POINT('',#2537);
#786=VERTEX_POINT('',#2544);
#787=VERTEX_POINT('',#2545);
#788=VERTEX_POINT('',#2561);
#789=VERTEX_POINT('',#2563);
#790=VERTEX_POINT('',#2629);
#791=VERTEX_POINT('',#2630);
#792=VERTEX_POINT('',#2645);
#793=VERTEX_POINT('',#2668);
#794=VERTEX_POINT('',#2673);
#795=VERTEX_POINT('',#2686);
#796=VERTEX_POINT('',#2687);
#797=VERTEX_POINT('',#2689);
#798=VERTEX_POINT('',#2694);
#799=VERTEX_POINT('',#2695);
#800=VERTEX_POINT('',#2729);
#801=VERTEX_POINT('',#2730);
#802=VERTEX_POINT('',#2751);
#803=VERTEX_POINT('',#2758);
#804=VERTEX_POINT('',#2780);
#805=VERTEX_POINT('',#2782);
#806=VERTEX_POINT('',#2788);
#807=VERTEX_POINT('',#2793);
#808=VERTEX_POINT('',#2794);
#809=VERTEX_POINT('',#2796);
#810=VERTEX_POINT('',#2798);
#811=VERTEX_POINT('',#2801);
#812=VERTEX_POINT('',#2802);
#813=VERTEX_POINT('',#2804);
#814=VERTEX_POINT('',#2806);
#815=VERTEX_POINT('',#2809);
#816=VERTEX_POINT('',#2810);
#817=VERTEX_POINT('',#2812);
#818=VERTEX_POINT('',#2814);
#819=VERTEX_POINT('',#2817);
#820=VERTEX_POINT('',#2818);
#821=VERTEX_POINT('',#2820);
#822=VERTEX_POINT('',#2822);
#823=VERTEX_POINT('',#2825);
#824=VERTEX_POINT('',#2826);
#825=VERTEX_POINT('',#2828);
#826=VERTEX_POINT('',#2830);
#827=VERTEX_POINT('',#2863);
#828=VERTEX_POINT('',#2873);
#829=VERTEX_POINT('',#2875);
#830=VERTEX_POINT('',#2877);
#831=VERTEX_POINT('',#2879);
#832=VERTEX_POINT('',#2881);
#833=VERTEX_POINT('',#2883);
#834=VERTEX_POINT('',#2885);
#835=VERTEX_POINT('',#2888);
#836=VERTEX_POINT('',#2889);
#837=VERTEX_POINT('',#2891);
#838=VERTEX_POINT('',#2893);
#839=VERTEX_POINT('',#2895);
#840=VERTEX_POINT('',#2897);
#841=VERTEX_POINT('',#2899);
#842=VERTEX_POINT('',#2901);
#843=VERTEX_POINT('',#2903);
#844=VERTEX_POINT('',#2905);
#845=VERTEX_POINT('',#2907);
#846=VERTEX_POINT('',#2909);
#847=VERTEX_POINT('',#2914);
#848=VERTEX_POINT('',#2916);
#849=VERTEX_POINT('',#2921);
#850=VERTEX_POINT('',#2923);
#851=VERTEX_POINT('',#2931);
#852=VERTEX_POINT('',#2933);
#853=VERTEX_POINT('',#2938);
#854=VERTEX_POINT('',#2940);
#855=VERTEX_POINT('',#2945);
#856=VERTEX_POINT('',#2947);
#857=VERTEX_POINT('',#2949);
#858=VERTEX_POINT('',#2951);
#859=VERTEX_POINT('',#2953);
#860=VERTEX_POINT('',#2955);
#861=VERTEX_POINT('',#2958);
#862=VERTEX_POINT('',#2960);
#863=VERTEX_POINT('',#2962);
#864=VERTEX_POINT('',#2964);
#865=VERTEX_POINT('',#2970);
#866=VERTEX_POINT('',#2972);
#867=VERTEX_POINT('',#2974);
#868=VERTEX_POINT('',#2976);
#869=VERTEX_POINT('',#2982);
#870=VERTEX_POINT('',#2985);
#871=VERTEX_POINT('',#2987);
#872=VERTEX_POINT('',#2989);
#873=VERTEX_POINT('',#2991);
#874=VERTEX_POINT('',#2994);
#875=VERTEX_POINT('',#2999);
#876=VERTEX_POINT('',#3004);
#877=VERTEX_POINT('',#3005);
#878=VERTEX_POINT('',#3007);
#879=VERTEX_POINT('',#3009);
#880=VERTEX_POINT('',#3015);
#881=VERTEX_POINT('',#3017);
#882=VERTEX_POINT('',#3019);
#883=VERTEX_POINT('',#3021);
#884=VERTEX_POINT('',#3023);
#885=VERTEX_POINT('',#3025);
#886=VERTEX_POINT('',#3034);
#887=VERTEX_POINT('',#3036);
#888=VERTEX_POINT('',#3040);
#889=VERTEX_POINT('',#3044);
#890=VERTEX_POINT('',#3050);
#891=VERTEX_POINT('',#3052);
#892=VERTEX_POINT('',#3054);
#893=VERTEX_POINT('',#3058);
#894=VERTEX_POINT('',#3063);
#895=VERTEX_POINT('',#3068);
#896=VERTEX_POINT('',#3069);
#897=VERTEX_POINT('',#3074);
#898=VERTEX_POINT('',#3076);
#899=VERTEX_POINT('',#3096);
#900=VERTEX_POINT('',#3101);
#901=VERTEX_POINT('',#3110);
#902=VERTEX_POINT('',#3115);
#903=VERTEX_POINT('',#3120);
#904=VERTEX_POINT('',#3125);
#905=VERTEX_POINT('',#3134);
#906=VERTEX_POINT('',#3139);
#907=VERTEX_POINT('',#3144);
#908=VERTEX_POINT('',#3152);
#909=VERTEX_POINT('',#3157);
#910=VERTEX_POINT('',#3162);
#911=VERTEX_POINT('',#3169);
#912=VERTEX_POINT('',#3183);
#913=VERTEX_POINT('',#3185);
#914=VERTEX_POINT('',#3199);
#915=VERTEX_POINT('',#3205);
#916=VERTEX_POINT('',#3221);
#917=VERTEX_POINT('',#3227);
#918=VERTEX_POINT('',#3236);
#919=VERTEX_POINT('',#3238);
#920=VERTEX_POINT('',#3242);
#921=VERTEX_POINT('',#3246);
#922=VERTEX_POINT('',#3250);
#923=VERTEX_POINT('',#3254);
#924=VERTEX_POINT('',#3258);
#925=VERTEX_POINT('',#3259);
#926=VERTEX_POINT('',#3264);
#927=VERTEX_POINT('',#3268);
#928=VERTEX_POINT('',#3269);
#929=VERTEX_POINT('',#3274);
#930=VERTEX_POINT('',#3278);
#931=VERTEX_POINT('',#3279);
#932=VERTEX_POINT('',#3284);
#933=VERTEX_POINT('',#3291);
#934=VERTEX_POINT('',#3294);
#935=VERTEX_POINT('',#3297);
#936=VERTEX_POINT('',#3300);
#937=VERTEX_POINT('',#3301);
#938=VERTEX_POINT('',#3303);
#939=VERTEX_POINT('',#3305);
#940=VERTEX_POINT('',#3308);
#941=VERTEX_POINT('',#3309);
#942=VERTEX_POINT('',#3311);
#943=VERTEX_POINT('',#3313);
#944=VERTEX_POINT('',#3330);
#945=VERTEX_POINT('',#3332);
#946=VERTEX_POINT('',#3355);
#947=VERTEX_POINT('',#3359);
#948=EDGE_CURVE('',#772,#773,#720,.F.);
#949=EDGE_CURVE('',#774,#772,#721,.F.);
#950=EDGE_CURVE('',#773,#774,#722,.F.);
#951=EDGE_CURVE('',#775,#776,#723,.F.);
#952=EDGE_CURVE('',#777,#775,#724,.F.);
#953=EDGE_CURVE('',#776,#777,#725,.F.);
#954=EDGE_CURVE('',#778,#779,#173,.T.);
#955=EDGE_CURVE('',#779,#780,#153,.T.);
#956=EDGE_CURVE('',#780,#781,#174,.T.);
#957=EDGE_CURVE('',#781,#778,#154,.T.);
#958=EDGE_CURVE('',#782,#783,#726,.F.);
#959=EDGE_CURVE('',#784,#782,#727,.F.);
#960=EDGE_CURVE('',#783,#784,#728,.F.);
#961=EDGE_CURVE('',#779,#784,#175,.T.);
#962=EDGE_CURVE('',#782,#785,#176,.T.);
#963=EDGE_CURVE('',#785,#780,#155,.T.);
#964=EDGE_CURVE('',#784,#777,#177,.T.);
#965=EDGE_CURVE('',#775,#783,#178,.T.);
#966=EDGE_CURVE('',#786,#787,#109,.T.);
#967=EDGE_CURVE('',#787,#788,#179,.T.);
#968=EDGE_CURVE('',#788,#789,#729,.T.);
#969=EDGE_CURVE('',#789,#782,#180,.T.);
#970=EDGE_CURVE('',#783,#786,#181,.T.);
#971=EDGE_CURVE('',#777,#774,#110,.T.);
#972=EDGE_CURVE('',#772,#776,#111,.T.);
#973=EDGE_CURVE('',#790,#791,#112,.T.);
#974=EDGE_CURVE('',#791,#792,#113,.T.);
#975=EDGE_CURVE('',#792,#775,#114,.T.);
#976=EDGE_CURVE('',#776,#793,#115,.T.);
#977=EDGE_CURVE('',#793,#794,#116,.T.);
#978=EDGE_CURVE('',#794,#790,#117,.T.);
#979=EDGE_CURVE('',#795,#796,#182,.T.);
#980=EDGE_CURVE('',#796,#797,#730,.T.);
#981=EDGE_CURVE('',#797,#778,#183,.T.);
#982=EDGE_CURVE('',#781,#795,#156,.T.);
#983=EDGE_CURVE('',#798,#799,#157,.T.);
#984=EDGE_CURVE('',#799,#773,#184,.T.);
#985=EDGE_CURVE('',#774,#798,#185,.T.);
#986=EDGE_CURVE('',#800,#801,#118,.T.);
#987=EDGE_CURVE('',#801,#772,#119,.T.);
#988=EDGE_CURVE('',#773,#802,#120,.T.);
#989=EDGE_CURVE('',#802,#803,#121,.F.);
#990=EDGE_CURVE('',#803,#800,#122,.T.);
#991=EDGE_CURVE('',#804,#786,#731,.T.);
#992=EDGE_CURVE('',#804,#805,#186,.T.);
#993=EDGE_CURVE('',#805,#805,#732,.T.);
#994=EDGE_CURVE('',#787,#804,#733,.T.);
#995=EDGE_CURVE('',#792,#790,#734,.T.);
#996=EDGE_CURVE('',#791,#806,#187,.T.);
#997=EDGE_CURVE('',#806,#806,#735,.T.);
#998=EDGE_CURVE('',#788,#794,#188,.T.);
#999=EDGE_CURVE('',#807,#808,#189,.T.);
#1000=EDGE_CURVE('',#808,#809,#190,.T.);
#1001=EDGE_CURVE('',#809,#810,#191,.T.);
#1002=EDGE_CURVE('',#810,#807,#192,.T.);
#1003=EDGE_CURVE('',#811,#812,#193,.T.);
#1004=EDGE_CURVE('',#812,#813,#194,.T.);
#1005=EDGE_CURVE('',#813,#814,#195,.T.);
#1006=EDGE_CURVE('',#814,#811,#196,.T.);
#1007=EDGE_CURVE('',#815,#816,#197,.T.);
#1008=EDGE_CURVE('',#816,#817,#198,.T.);
#1009=EDGE_CURVE('',#817,#818,#199,.T.);
#1010=EDGE_CURVE('',#818,#815,#200,.T.);
#1011=EDGE_CURVE('',#819,#820,#201,.T.);
#1012=EDGE_CURVE('',#820,#821,#202,.T.);
#1013=EDGE_CURVE('',#821,#822,#203,.T.);
#1014=EDGE_CURVE('',#822,#819,#204,.T.);
#1015=EDGE_CURVE('',#823,#824,#205,.T.);
#1016=EDGE_CURVE('',#824,#825,#206,.T.);
#1017=EDGE_CURVE('',#825,#826,#207,.T.);
#1018=EDGE_CURVE('',#826,#823,#208,.T.);
#1019=EDGE_CURVE('',#827,#801,#209,.T.);
#1020=EDGE_CURVE('',#793,#827,#123,.T.);
#1021=EDGE_CURVE('',#827,#800,#210,.T.);
#1022=EDGE_CURVE('',#828,#803,#211,.T.);
#1023=EDGE_CURVE('',#828,#829,#212,.T.);
#1024=EDGE_CURVE('',#830,#829,#213,.T.);
#1025=EDGE_CURVE('',#830,#831,#214,.T.);
#1026=EDGE_CURVE('',#831,#832,#215,.T.);
#1027=EDGE_CURVE('',#832,#833,#216,.T.);
#1028=EDGE_CURVE('',#834,#833,#217,.T.);
#1029=EDGE_CURVE('',#834,#789,#218,.T.);
#1030=EDGE_CURVE('',#835,#836,#219,.T.);
#1031=EDGE_CURVE('',#836,#837,#220,.T.);
#1032=EDGE_CURVE('',#837,#838,#221,.T.);
#1033=EDGE_CURVE('',#838,#839,#222,.T.);
#1034=EDGE_CURVE('',#839,#840,#223,.T.);
#1035=EDGE_CURVE('',#841,#840,#224,.T.);
#1036=EDGE_CURVE('',#841,#842,#225,.T.);
#1037=EDGE_CURVE('',#842,#843,#226,.T.);
#1038=EDGE_CURVE('',#843,#844,#227,.T.);
#1039=EDGE_CURVE('',#844,#845,#228,.T.);
#1040=EDGE_CURVE('',#845,#846,#124,.T.);
#1041=EDGE_CURVE('',#846,#847,#229,.T.);
#1042=EDGE_CURVE('',#847,#848,#125,.T.);
#1043=EDGE_CURVE('',#849,#848,#230,.T.);
#1044=EDGE_CURVE('',#849,#850,#126,.T.);
#1045=EDGE_CURVE('',#850,#851,#231,.T.);
#1046=EDGE_CURVE('',#851,#852,#127,.T.);
#1047=EDGE_CURVE('',#853,#852,#232,.T.);
#1048=EDGE_CURVE('',#853,#854,#128,.T.);
#1049=EDGE_CURVE('',#854,#855,#233,.T.);
#1050=EDGE_CURVE('',#855,#856,#234,.T.);
#1051=EDGE_CURVE('',#856,#857,#235,.T.);
#1052=EDGE_CURVE('',#857,#858,#236,.T.);
#1053=EDGE_CURVE('',#859,#858,#237,.T.);
#1054=EDGE_CURVE('',#859,#860,#238,.T.);
#1055=EDGE_CURVE('',#860,#835,#239,.T.);
#1056=EDGE_CURVE('',#861,#861,#736,.T.);
#1057=EDGE_CURVE('',#862,#862,#737,.T.);
#1058=EDGE_CURVE('',#863,#863,#738,.T.);
#1059=EDGE_CURVE('',#864,#864,#739,.T.);
#1060=EDGE_CURVE('',#829,#828,#740,.T.);
#1061=EDGE_CURVE('',#798,#865,#240,.T.);
#1062=EDGE_CURVE('',#865,#866,#158,.F.);
#1063=EDGE_CURVE('',#866,#867,#241,.T.);
#1064=EDGE_CURVE('',#867,#868,#159,.T.);
#1065=EDGE_CURVE('',#868,#799,#160,.T.);
#1066=EDGE_CURVE('',#797,#865,#242,.T.);
#1067=EDGE_CURVE('',#869,#868,#243,.T.);
#1068=EDGE_CURVE('',#869,#802,#244,.T.);
#1069=EDGE_CURVE('',#870,#870,#161,.T.);
#1070=EDGE_CURVE('',#871,#871,#162,.T.);
#1071=EDGE_CURVE('',#872,#872,#163,.T.);
#1072=EDGE_CURVE('',#873,#873,#164,.T.);
#1073=EDGE_CURVE('',#864,#874,#245,.T.);
#1074=EDGE_CURVE('',#874,#874,#741,.T.);
#1075=EDGE_CURVE('',#863,#875,#246,.T.);
#1076=EDGE_CURVE('',#875,#875,#742,.T.);
#1077=EDGE_CURVE('',#876,#877,#247,.T.);
#1078=EDGE_CURVE('',#876,#878,#248,.T.);
#1079=EDGE_CURVE('',#878,#879,#249,.T.);
#1080=EDGE_CURVE('',#879,#877,#250,.T.);
#1081=EDGE_CURVE('',#859,#876,#251,.T.);
#1082=EDGE_CURVE('',#877,#856,#252,.T.);
#1083=EDGE_CURVE('',#855,#880,#253,.F.);
#1084=EDGE_CURVE('',#881,#880,#165,.T.);
#1085=EDGE_CURVE('',#882,#881,#254,.T.);
#1086=EDGE_CURVE('',#883,#882,#166,.T.);
#1087=EDGE_CURVE('',#883,#884,#255,.F.);
#1088=EDGE_CURVE('',#884,#885,#256,.F.);
#1089=EDGE_CURVE('',#860,#885,#257,.F.);
#1090=EDGE_CURVE('',#878,#858,#258,.T.);
#1091=EDGE_CURVE('',#857,#879,#259,.T.);
#1092=EDGE_CURVE('',#886,#840,#260,.T.);
#1093=EDGE_CURVE('',#839,#887,#261,.T.);
#1094=EDGE_CURVE('',#887,#886,#262,.T.);
#1095=EDGE_CURVE('',#841,#888,#263,.T.);
#1096=EDGE_CURVE('',#888,#886,#264,.T.);
#1097=EDGE_CURVE('',#889,#838,#265,.T.);
#1098=EDGE_CURVE('',#889,#887,#266,.T.);
#1099=EDGE_CURVE('',#888,#889,#267,.T.);
#1100=EDGE_CURVE('',#837,#890,#268,.F.);
#1101=EDGE_CURVE('',#890,#891,#269,.F.);
#1102=EDGE_CURVE('',#892,#891,#270,.F.);
#1103=EDGE_CURVE('',#892,#842,#271,.F.);
#1104=EDGE_CURVE('',#862,#893,#272,.T.);
#1105=EDGE_CURVE('',#893,#893,#743,.T.);
#1106=EDGE_CURVE('',#861,#894,#273,.T.);
#1107=EDGE_CURVE('',#894,#894,#744,.T.);
#1108=EDGE_CURVE('',#895,#896,#129,.T.);
#1109=EDGE_CURVE('',#895,#897,#274,.T.);
#1110=EDGE_CURVE('',#897,#898,#130,.T.);
#1111=EDGE_CURVE('',#898,#896,#275,.T.);
#1112=EDGE_CURVE('',#899,#895,#131,.T.);
#1113=EDGE_CURVE('',#896,#900,#132,.T.);
#1114=EDGE_CURVE('',#900,#850,#133,.T.);
#1115=EDGE_CURVE('',#849,#901,#134,.T.);
#1116=EDGE_CURVE('',#901,#902,#135,.T.);
#1117=EDGE_CURVE('',#902,#903,#136,.T.);
#1118=EDGE_CURVE('',#903,#904,#137,.T.);
#1119=EDGE_CURVE('',#904,#846,#138,.T.);
#1120=EDGE_CURVE('',#845,#905,#139,.F.);
#1121=EDGE_CURVE('',#906,#905,#140,.F.);
#1122=EDGE_CURVE('',#906,#907,#141,.T.);
#1123=EDGE_CURVE('',#907,#908,#142,.T.);
#1124=EDGE_CURVE('',#908,#909,#143,.T.);
#1125=EDGE_CURVE('',#909,#910,#144,.T.);
#1126=EDGE_CURVE('',#910,#911,#145,.T.);
#1127=EDGE_CURVE('',#911,#854,#146,.T.);
#1128=EDGE_CURVE('',#853,#899,#147,.T.);
#1129=EDGE_CURVE('',#902,#912,#276,.T.);
#1130=EDGE_CURVE('',#912,#913,#148,.T.);
#1131=EDGE_CURVE('',#913,#903,#277,.T.);
#1132=EDGE_CURVE('',#914,#851,#149,.T.);
#1133=EDGE_CURVE('',#914,#898,#278,.T.);
#1134=EDGE_CURVE('',#915,#897,#279,.T.);
#1135=EDGE_CURVE('',#852,#915,#150,.T.);
#1136=EDGE_CURVE('',#916,#847,#151,.T.);
#1137=EDGE_CURVE('',#916,#913,#280,.T.);
#1138=EDGE_CURVE('',#917,#912,#281,.T.);
#1139=EDGE_CURVE('',#848,#917,#152,.T.);
#1140=EDGE_CURVE('',#918,#918,#167,.T.);
#1141=EDGE_CURVE('',#918,#919,#282,.T.);
#1142=EDGE_CURVE('',#919,#919,#168,.T.);
#1143=EDGE_CURVE('',#873,#920,#283,.T.);
#1144=EDGE_CURVE('',#920,#920,#169,.T.);
#1145=EDGE_CURVE('',#872,#921,#284,.T.);
#1146=EDGE_CURVE('',#921,#921,#170,.T.);
#1147=EDGE_CURVE('',#871,#922,#285,.T.);
#1148=EDGE_CURVE('',#922,#922,#171,.T.);
#1149=EDGE_CURVE('',#870,#923,#286,.T.);
#1150=EDGE_CURVE('',#923,#923,#172,.T.);
#1151=EDGE_CURVE('',#924,#925,#287,.T.);
#1152=EDGE_CURVE('',#808,#925,#745,.T.);
#1153=EDGE_CURVE('',#924,#807,#746,.T.);
#1154=EDGE_CURVE('',#925,#926,#288,.T.);
#1155=EDGE_CURVE('',#926,#809,#747,.T.);
#1156=EDGE_CURVE('',#927,#928,#289,.T.);
#1157=EDGE_CURVE('',#812,#928,#748,.T.);
#1158=EDGE_CURVE('',#927,#811,#749,.T.);
#1159=EDGE_CURVE('',#928,#929,#290,.T.);
#1160=EDGE_CURVE('',#929,#813,#750,.T.);
#1161=EDGE_CURVE('',#930,#931,#291,.T.);
#1162=EDGE_CURVE('',#931,#815,#751,.T.);
#1163=EDGE_CURVE('',#818,#930,#752,.T.);
#1164=EDGE_CURVE('',#931,#932,#292,.T.);
#1165=EDGE_CURVE('',#816,#932,#753,.T.);
#1166=EDGE_CURVE('',#908,#911,#754,.F.);
#1167=EDGE_CURVE('',#907,#884,#293,.F.);
#1168=EDGE_CURVE('',#880,#883,#755,.F.);
#1169=EDGE_CURVE('',#926,#933,#294,.T.);
#1170=EDGE_CURVE('',#933,#924,#295,.T.);
#1171=EDGE_CURVE('',#929,#934,#296,.T.);
#1172=EDGE_CURVE('',#934,#927,#297,.T.);
#1173=EDGE_CURVE('',#932,#935,#298,.T.);
#1174=EDGE_CURVE('',#935,#930,#299,.T.);
#1175=EDGE_CURVE('',#936,#937,#300,.T.);
#1176=EDGE_CURVE('',#938,#936,#301,.T.);
#1177=EDGE_CURVE('',#939,#938,#302,.T.);
#1178=EDGE_CURVE('',#937,#939,#303,.T.);
#1179=EDGE_CURVE('',#940,#941,#304,.T.);
#1180=EDGE_CURVE('',#942,#940,#305,.T.);
#1181=EDGE_CURVE('',#943,#942,#306,.T.);
#1182=EDGE_CURVE('',#941,#943,#307,.T.);
#1183=EDGE_CURVE('',#820,#938,#756,.T.);
#1184=EDGE_CURVE('',#939,#819,#757,.T.);
#1185=EDGE_CURVE('',#936,#821,#758,.T.);
#1186=EDGE_CURVE('',#824,#942,#759,.T.);
#1187=EDGE_CURVE('',#943,#823,#760,.T.);
#1188=EDGE_CURVE('',#940,#825,#761,.T.);
#1189=EDGE_CURVE('',#881,#882,#762,.F.);
#1190=EDGE_CURVE('',#835,#944,#308,.T.);
#1191=EDGE_CURVE('',#944,#945,#309,.F.);
#1192=EDGE_CURVE('',#945,#836,#310,.T.);
#1193=EDGE_CURVE('',#885,#944,#311,.F.);
#1194=EDGE_CURVE('',#905,#844,#312,.T.);
#1195=EDGE_CURVE('',#843,#892,#313,.T.);
#1196=EDGE_CURVE('',#891,#906,#314,.T.);
#1197=EDGE_CURVE('',#945,#890,#315,.T.);
#1198=EDGE_CURVE('',#909,#910,#763,.F.);
#1199=EDGE_CURVE('',#796,#833,#316,.T.);
#1200=EDGE_CURVE('',#832,#866,#317,.T.);
#1201=EDGE_CURVE('',#869,#830,#764,.T.);
#1202=EDGE_CURVE('',#946,#795,#318,.T.);
#1203=EDGE_CURVE('',#833,#946,#765,.F.);
#1204=EDGE_CURVE('',#947,#785,#319,.T.);
#1205=EDGE_CURVE('',#947,#946,#320,.T.);
#1206=EDGE_CURVE('',#947,#834,#766,.T.);
#1207=EDGE_CURVE('',#810,#933,#767,.T.);
#1208=EDGE_CURVE('',#814,#934,#768,.T.);
#1209=EDGE_CURVE('',#935,#817,#769,.T.);
#1210=EDGE_CURVE('',#822,#937,#770,.T.);
#1211=EDGE_CURVE('',#826,#941,#771,.T.);
#1212=EDGE_CURVE('',#867,#831,#321,.T.);
#1213=ORIENTED_EDGE('',*,*,#948,.F.);
#1214=ORIENTED_EDGE('',*,*,#949,.F.);
#1215=ORIENTED_EDGE('',*,*,#950,.F.);
#1216=ORIENTED_EDGE('',*,*,#951,.F.);
#1217=ORIENTED_EDGE('',*,*,#952,.F.);
#1218=ORIENTED_EDGE('',*,*,#953,.F.);
#1219=ORIENTED_EDGE('',*,*,#954,.T.);
#1220=ORIENTED_EDGE('',*,*,#955,.T.);
#1221=ORIENTED_EDGE('',*,*,#956,.T.);
#1222=ORIENTED_EDGE('',*,*,#957,.T.);
#1223=ORIENTED_EDGE('',*,*,#958,.F.);
#1224=ORIENTED_EDGE('',*,*,#959,.F.);
#1225=ORIENTED_EDGE('',*,*,#960,.F.);
#1226=ORIENTED_EDGE('',*,*,#961,.T.);
#1227=ORIENTED_EDGE('',*,*,#959,.T.);
#1228=ORIENTED_EDGE('',*,*,#962,.T.);
#1229=ORIENTED_EDGE('',*,*,#963,.T.);
#1230=ORIENTED_EDGE('',*,*,#955,.F.);
#1231=ORIENTED_EDGE('',*,*,#960,.T.);
#1232=ORIENTED_EDGE('',*,*,#964,.T.);
#1233=ORIENTED_EDGE('',*,*,#952,.T.);
#1234=ORIENTED_EDGE('',*,*,#965,.T.);
#1235=ORIENTED_EDGE('',*,*,#966,.T.);
#1236=ORIENTED_EDGE('',*,*,#967,.T.);
#1237=ORIENTED_EDGE('',*,*,#968,.T.);
#1238=ORIENTED_EDGE('',*,*,#969,.T.);
#1239=ORIENTED_EDGE('',*,*,#958,.T.);
#1240=ORIENTED_EDGE('',*,*,#970,.T.);
#1241=ORIENTED_EDGE('',*,*,#953,.T.);
#1242=ORIENTED_EDGE('',*,*,#971,.T.);
#1243=ORIENTED_EDGE('',*,*,#949,.T.);
#1244=ORIENTED_EDGE('',*,*,#972,.T.);
#1245=ORIENTED_EDGE('',*,*,#973,.T.);
#1246=ORIENTED_EDGE('',*,*,#974,.T.);
#1247=ORIENTED_EDGE('',*,*,#975,.T.);
#1248=ORIENTED_EDGE('',*,*,#951,.T.);
#1249=ORIENTED_EDGE('',*,*,#976,.T.);
#1250=ORIENTED_EDGE('',*,*,#977,.T.);
#1251=ORIENTED_EDGE('',*,*,#978,.T.);
#1252=ORIENTED_EDGE('',*,*,#979,.T.);
#1253=ORIENTED_EDGE('',*,*,#980,.T.);
#1254=ORIENTED_EDGE('',*,*,#981,.T.);
#1255=ORIENTED_EDGE('',*,*,#957,.F.);
#1256=ORIENTED_EDGE('',*,*,#982,.T.);
#1257=ORIENTED_EDGE('',*,*,#983,.T.);
#1258=ORIENTED_EDGE('',*,*,#984,.T.);
#1259=ORIENTED_EDGE('',*,*,#950,.T.);
#1260=ORIENTED_EDGE('',*,*,#985,.T.);
#1261=ORIENTED_EDGE('',*,*,#986,.T.);
#1262=ORIENTED_EDGE('',*,*,#987,.T.);
#1263=ORIENTED_EDGE('',*,*,#948,.T.);
#1264=ORIENTED_EDGE('',*,*,#988,.T.);
#1265=ORIENTED_EDGE('',*,*,#989,.T.);
#1266=ORIENTED_EDGE('',*,*,#990,.T.);
#1267=ORIENTED_EDGE('',*,*,#966,.F.);
#1268=ORIENTED_EDGE('',*,*,#991,.F.);
#1269=ORIENTED_EDGE('',*,*,#992,.T.);
#1270=ORIENTED_EDGE('',*,*,#993,.T.);
#1271=ORIENTED_EDGE('',*,*,#992,.F.);
#1272=ORIENTED_EDGE('',*,*,#994,.F.);
#1273=ORIENTED_EDGE('',*,*,#973,.F.);
#1274=ORIENTED_EDGE('',*,*,#995,.F.);
#1275=ORIENTED_EDGE('',*,*,#974,.F.);
#1276=ORIENTED_EDGE('',*,*,#996,.T.);
#1277=ORIENTED_EDGE('',*,*,#997,.T.);
#1278=ORIENTED_EDGE('',*,*,#996,.F.);
#1279=ORIENTED_EDGE('',*,*,#967,.F.);
#1280=ORIENTED_EDGE('',*,*,#994,.T.);
#1281=ORIENTED_EDGE('',*,*,#991,.T.);
#1282=ORIENTED_EDGE('',*,*,#970,.F.);
#1283=ORIENTED_EDGE('',*,*,#965,.F.);
#1284=ORIENTED_EDGE('',*,*,#975,.F.);
#1285=ORIENTED_EDGE('',*,*,#995,.T.);
#1286=ORIENTED_EDGE('',*,*,#978,.F.);
#1287=ORIENTED_EDGE('',*,*,#998,.F.);
#1288=ORIENTED_EDGE('',*,*,#999,.T.);
#1289=ORIENTED_EDGE('',*,*,#1000,.T.);
#1290=ORIENTED_EDGE('',*,*,#1001,.T.);
#1291=ORIENTED_EDGE('',*,*,#1002,.T.);
#1292=ORIENTED_EDGE('',*,*,#1003,.T.);
#1293=ORIENTED_EDGE('',*,*,#1004,.T.);
#1294=ORIENTED_EDGE('',*,*,#1005,.T.);
#1295=ORIENTED_EDGE('',*,*,#1006,.T.);
#1296=ORIENTED_EDGE('',*,*,#1007,.T.);
#1297=ORIENTED_EDGE('',*,*,#1008,.T.);
#1298=ORIENTED_EDGE('',*,*,#1009,.T.);
#1299=ORIENTED_EDGE('',*,*,#1010,.T.);
#1300=ORIENTED_EDGE('',*,*,#1011,.T.);
#1301=ORIENTED_EDGE('',*,*,#1012,.T.);
#1302=ORIENTED_EDGE('',*,*,#1013,.T.);
#1303=ORIENTED_EDGE('',*,*,#1014,.T.);
#1304=ORIENTED_EDGE('',*,*,#1015,.T.);
#1305=ORIENTED_EDGE('',*,*,#1016,.T.);
#1306=ORIENTED_EDGE('',*,*,#1017,.T.);
#1307=ORIENTED_EDGE('',*,*,#1018,.T.);
#1308=ORIENTED_EDGE('',*,*,#976,.F.);
#1309=ORIENTED_EDGE('',*,*,#972,.F.);
#1310=ORIENTED_EDGE('',*,*,#987,.F.);
#1311=ORIENTED_EDGE('',*,*,#1019,.F.);
#1312=ORIENTED_EDGE('',*,*,#1020,.F.);
#1313=ORIENTED_EDGE('',*,*,#968,.F.);
#1314=ORIENTED_EDGE('',*,*,#998,.T.);
#1315=ORIENTED_EDGE('',*,*,#977,.F.);
#1316=ORIENTED_EDGE('',*,*,#1020,.T.);
#1317=ORIENTED_EDGE('',*,*,#1021,.T.);
#1318=ORIENTED_EDGE('',*,*,#990,.F.);
#1319=ORIENTED_EDGE('',*,*,#1022,.F.);
#1320=ORIENTED_EDGE('',*,*,#1023,.T.);
#1321=ORIENTED_EDGE('',*,*,#1024,.F.);
#1322=ORIENTED_EDGE('',*,*,#1025,.T.);
#1323=ORIENTED_EDGE('',*,*,#1026,.T.);
#1324=ORIENTED_EDGE('',*,*,#1027,.T.);
#1325=ORIENTED_EDGE('',*,*,#1028,.F.);
#1326=ORIENTED_EDGE('',*,*,#1029,.T.);
#1327=ORIENTED_EDGE('',*,*,#1030,.T.);
#1328=ORIENTED_EDGE('',*,*,#1031,.T.);
#1329=ORIENTED_EDGE('',*,*,#1032,.T.);
#1330=ORIENTED_EDGE('',*,*,#1033,.T.);
#1331=ORIENTED_EDGE('',*,*,#1034,.T.);
#1332=ORIENTED_EDGE('',*,*,#1035,.F.);
#1333=ORIENTED_EDGE('',*,*,#1036,.T.);
#1334=ORIENTED_EDGE('',*,*,#1037,.T.);
#1335=ORIENTED_EDGE('',*,*,#1038,.T.);
#1336=ORIENTED_EDGE('',*,*,#1039,.T.);
#1337=ORIENTED_EDGE('',*,*,#1040,.T.);
#1338=ORIENTED_EDGE('',*,*,#1041,.T.);
#1339=ORIENTED_EDGE('',*,*,#1042,.T.);
#1340=ORIENTED_EDGE('',*,*,#1043,.F.);
#1341=ORIENTED_EDGE('',*,*,#1044,.T.);
#1342=ORIENTED_EDGE('',*,*,#1045,.T.);
#1343=ORIENTED_EDGE('',*,*,#1046,.T.);
#1344=ORIENTED_EDGE('',*,*,#1047,.F.);
#1345=ORIENTED_EDGE('',*,*,#1048,.T.);
#1346=ORIENTED_EDGE('',*,*,#1049,.T.);
#1347=ORIENTED_EDGE('',*,*,#1050,.T.);
#1348=ORIENTED_EDGE('',*,*,#1051,.T.);
#1349=ORIENTED_EDGE('',*,*,#1052,.T.);
#1350=ORIENTED_EDGE('',*,*,#1053,.F.);
#1351=ORIENTED_EDGE('',*,*,#1054,.T.);
#1352=ORIENTED_EDGE('',*,*,#1055,.T.);
#1353=ORIENTED_EDGE('',*,*,#1056,.T.);
#1354=ORIENTED_EDGE('',*,*,#1057,.T.);
#1355=ORIENTED_EDGE('',*,*,#1058,.T.);
#1356=ORIENTED_EDGE('',*,*,#1059,.T.);
#1357=ORIENTED_EDGE('',*,*,#1060,.F.);
#1358=ORIENTED_EDGE('',*,*,#1023,.F.);
#1359=ORIENTED_EDGE('',*,*,#986,.F.);
#1360=ORIENTED_EDGE('',*,*,#1021,.F.);
#1361=ORIENTED_EDGE('',*,*,#1019,.T.);
#1362=ORIENTED_EDGE('',*,*,#983,.F.);
#1363=ORIENTED_EDGE('',*,*,#1061,.T.);
#1364=ORIENTED_EDGE('',*,*,#1062,.T.);
#1365=ORIENTED_EDGE('',*,*,#1063,.T.);
#1366=ORIENTED_EDGE('',*,*,#1064,.T.);
#1367=ORIENTED_EDGE('',*,*,#1065,.T.);
#1368=ORIENTED_EDGE('',*,*,#981,.F.);
#1369=ORIENTED_EDGE('',*,*,#1066,.T.);
#1370=ORIENTED_EDGE('',*,*,#1061,.F.);
#1371=ORIENTED_EDGE('',*,*,#985,.F.);
#1372=ORIENTED_EDGE('',*,*,#971,.F.);
#1373=ORIENTED_EDGE('',*,*,#964,.F.);
#1374=ORIENTED_EDGE('',*,*,#961,.F.);
#1375=ORIENTED_EDGE('',*,*,#954,.F.);
#1376=ORIENTED_EDGE('',*,*,#984,.F.);
#1377=ORIENTED_EDGE('',*,*,#1065,.F.);
#1378=ORIENTED_EDGE('',*,*,#1067,.F.);
#1379=ORIENTED_EDGE('',*,*,#1068,.T.);
#1380=ORIENTED_EDGE('',*,*,#988,.F.);
#1381=ORIENTED_EDGE('',*,*,#1069,.T.);
#1382=ORIENTED_EDGE('',*,*,#1070,.T.);
#1383=ORIENTED_EDGE('',*,*,#1071,.T.);
#1384=ORIENTED_EDGE('',*,*,#1072,.T.);
#1385=ORIENTED_EDGE('',*,*,#1059,.F.);
#1386=ORIENTED_EDGE('',*,*,#1073,.T.);
#1387=ORIENTED_EDGE('',*,*,#1074,.T.);
#1388=ORIENTED_EDGE('',*,*,#1073,.F.);
#1389=ORIENTED_EDGE('',*,*,#1074,.F.);
#1390=ORIENTED_EDGE('',*,*,#1058,.F.);
#1391=ORIENTED_EDGE('',*,*,#1075,.T.);
#1392=ORIENTED_EDGE('',*,*,#1076,.T.);
#1393=ORIENTED_EDGE('',*,*,#1075,.F.);
#1394=ORIENTED_EDGE('',*,*,#1076,.F.);
#1395=ORIENTED_EDGE('',*,*,#1077,.F.);
#1396=ORIENTED_EDGE('',*,*,#1078,.T.);
#1397=ORIENTED_EDGE('',*,*,#1079,.T.);
#1398=ORIENTED_EDGE('',*,*,#1080,.T.);
#1399=ORIENTED_EDGE('',*,*,#1081,.T.);
#1400=ORIENTED_EDGE('',*,*,#1077,.T.);
#1401=ORIENTED_EDGE('',*,*,#1082,.T.);
#1402=ORIENTED_EDGE('',*,*,#1050,.F.);
#1403=ORIENTED_EDGE('',*,*,#1083,.T.);
#1404=ORIENTED_EDGE('',*,*,#1084,.F.);
#1405=ORIENTED_EDGE('',*,*,#1085,.F.);
#1406=ORIENTED_EDGE('',*,*,#1086,.F.);
#1407=ORIENTED_EDGE('',*,*,#1087,.T.);
#1408=ORIENTED_EDGE('',*,*,#1088,.T.);
#1409=ORIENTED_EDGE('',*,*,#1089,.F.);
#1410=ORIENTED_EDGE('',*,*,#1054,.F.);
#1411=ORIENTED_EDGE('',*,*,#1090,.T.);
#1412=ORIENTED_EDGE('',*,*,#1052,.F.);
#1413=ORIENTED_EDGE('',*,*,#1091,.T.);
#1414=ORIENTED_EDGE('',*,*,#1079,.F.);
#1415=ORIENTED_EDGE('',*,*,#1081,.F.);
#1416=ORIENTED_EDGE('',*,*,#1053,.T.);
#1417=ORIENTED_EDGE('',*,*,#1090,.F.);
#1418=ORIENTED_EDGE('',*,*,#1078,.F.);
#1419=ORIENTED_EDGE('',*,*,#1082,.F.);
#1420=ORIENTED_EDGE('',*,*,#1080,.F.);
#1421=ORIENTED_EDGE('',*,*,#1091,.F.);
#1422=ORIENTED_EDGE('',*,*,#1051,.F.);
#1423=ORIENTED_EDGE('',*,*,#1092,.T.);
#1424=ORIENTED_EDGE('',*,*,#1034,.F.);
#1425=ORIENTED_EDGE('',*,*,#1093,.T.);
#1426=ORIENTED_EDGE('',*,*,#1094,.T.);
#1427=ORIENTED_EDGE('',*,*,#1095,.F.);
#1428=ORIENTED_EDGE('',*,*,#1035,.T.);
#1429=ORIENTED_EDGE('',*,*,#1092,.F.);
#1430=ORIENTED_EDGE('',*,*,#1096,.F.);
#1431=ORIENTED_EDGE('',*,*,#1097,.F.);
#1432=ORIENTED_EDGE('',*,*,#1098,.T.);
#1433=ORIENTED_EDGE('',*,*,#1093,.F.);
#1434=ORIENTED_EDGE('',*,*,#1033,.F.);
#1435=ORIENTED_EDGE('',*,*,#1099,.F.);
#1436=ORIENTED_EDGE('',*,*,#1096,.T.);
#1437=ORIENTED_EDGE('',*,*,#1094,.F.);
#1438=ORIENTED_EDGE('',*,*,#1098,.F.);
#1439=ORIENTED_EDGE('',*,*,#1095,.T.);
#1440=ORIENTED_EDGE('',*,*,#1099,.T.);
#1441=ORIENTED_EDGE('',*,*,#1097,.T.);
#1442=ORIENTED_EDGE('',*,*,#1032,.F.);
#1443=ORIENTED_EDGE('',*,*,#1100,.T.);
#1444=ORIENTED_EDGE('',*,*,#1101,.T.);
#1445=ORIENTED_EDGE('',*,*,#1102,.F.);
#1446=ORIENTED_EDGE('',*,*,#1103,.T.);
#1447=ORIENTED_EDGE('',*,*,#1036,.F.);
#1448=ORIENTED_EDGE('',*,*,#1057,.F.);
#1449=ORIENTED_EDGE('',*,*,#1104,.T.);
#1450=ORIENTED_EDGE('',*,*,#1105,.T.);
#1451=ORIENTED_EDGE('',*,*,#1104,.F.);
#1452=ORIENTED_EDGE('',*,*,#1105,.F.);
#1453=ORIENTED_EDGE('',*,*,#1056,.F.);
#1454=ORIENTED_EDGE('',*,*,#1106,.T.);
#1455=ORIENTED_EDGE('',*,*,#1107,.T.);
#1456=ORIENTED_EDGE('',*,*,#1106,.F.);
#1457=ORIENTED_EDGE('',*,*,#1107,.F.);
#1458=ORIENTED_EDGE('',*,*,#1108,.F.);
#1459=ORIENTED_EDGE('',*,*,#1109,.T.);
#1460=ORIENTED_EDGE('',*,*,#1110,.T.);
#1461=ORIENTED_EDGE('',*,*,#1111,.T.);
#1462=ORIENTED_EDGE('',*,*,#1112,.T.);
#1463=ORIENTED_EDGE('',*,*,#1108,.T.);
#1464=ORIENTED_EDGE('',*,*,#1113,.T.);
#1465=ORIENTED_EDGE('',*,*,#1114,.T.);
#1466=ORIENTED_EDGE('',*,*,#1044,.F.);
#1467=ORIENTED_EDGE('',*,*,#1115,.T.);
#1468=ORIENTED_EDGE('',*,*,#1116,.T.);
#1469=ORIENTED_EDGE('',*,*,#1117,.T.);
#1470=ORIENTED_EDGE('',*,*,#1118,.T.);
#1471=ORIENTED_EDGE('',*,*,#1119,.T.);
#1472=ORIENTED_EDGE('',*,*,#1040,.F.);
#1473=ORIENTED_EDGE('',*,*,#1120,.T.);
#1474=ORIENTED_EDGE('',*,*,#1121,.F.);
#1475=ORIENTED_EDGE('',*,*,#1122,.T.);
#1476=ORIENTED_EDGE('',*,*,#1123,.T.);
#1477=ORIENTED_EDGE('',*,*,#1124,.T.);
#1478=ORIENTED_EDGE('',*,*,#1125,.T.);
#1479=ORIENTED_EDGE('',*,*,#1126,.T.);
#1480=ORIENTED_EDGE('',*,*,#1127,.T.);
#1481=ORIENTED_EDGE('',*,*,#1048,.F.);
#1482=ORIENTED_EDGE('',*,*,#1128,.T.);
#1483=ORIENTED_EDGE('',*,*,#1117,.F.);
#1484=ORIENTED_EDGE('',*,*,#1129,.T.);
#1485=ORIENTED_EDGE('',*,*,#1130,.T.);
#1486=ORIENTED_EDGE('',*,*,#1131,.T.);
#1487=ORIENTED_EDGE('',*,*,#1132,.F.);
#1488=ORIENTED_EDGE('',*,*,#1133,.T.);
#1489=ORIENTED_EDGE('',*,*,#1110,.F.);
#1490=ORIENTED_EDGE('',*,*,#1134,.F.);
#1491=ORIENTED_EDGE('',*,*,#1135,.F.);
#1492=ORIENTED_EDGE('',*,*,#1046,.F.);
#1493=ORIENTED_EDGE('',*,*,#1114,.F.);
#1494=ORIENTED_EDGE('',*,*,#1113,.F.);
#1495=ORIENTED_EDGE('',*,*,#1111,.F.);
#1496=ORIENTED_EDGE('',*,*,#1133,.F.);
#1497=ORIENTED_EDGE('',*,*,#1132,.T.);
#1498=ORIENTED_EDGE('',*,*,#1045,.F.);
#1499=ORIENTED_EDGE('',*,*,#1128,.F.);
#1500=ORIENTED_EDGE('',*,*,#1047,.T.);
#1501=ORIENTED_EDGE('',*,*,#1135,.T.);
#1502=ORIENTED_EDGE('',*,*,#1134,.T.);
#1503=ORIENTED_EDGE('',*,*,#1109,.F.);
#1504=ORIENTED_EDGE('',*,*,#1112,.F.);
#1505=ORIENTED_EDGE('',*,*,#1136,.F.);
#1506=ORIENTED_EDGE('',*,*,#1137,.T.);
#1507=ORIENTED_EDGE('',*,*,#1130,.F.);
#1508=ORIENTED_EDGE('',*,*,#1138,.F.);
#1509=ORIENTED_EDGE('',*,*,#1139,.F.);
#1510=ORIENTED_EDGE('',*,*,#1042,.F.);
#1511=ORIENTED_EDGE('',*,*,#1119,.F.);
#1512=ORIENTED_EDGE('',*,*,#1118,.F.);
#1513=ORIENTED_EDGE('',*,*,#1131,.F.);
#1514=ORIENTED_EDGE('',*,*,#1137,.F.);
#1515=ORIENTED_EDGE('',*,*,#1136,.T.);
#1516=ORIENTED_EDGE('',*,*,#1041,.F.);
#1517=ORIENTED_EDGE('',*,*,#1115,.F.);
#1518=ORIENTED_EDGE('',*,*,#1043,.T.);
#1519=ORIENTED_EDGE('',*,*,#1139,.T.);
#1520=ORIENTED_EDGE('',*,*,#1138,.T.);
#1521=ORIENTED_EDGE('',*,*,#1129,.F.);
#1522=ORIENTED_EDGE('',*,*,#1116,.F.);
#1523=ORIENTED_EDGE('',*,*,#1140,.F.);
#1524=ORIENTED_EDGE('',*,*,#1141,.T.);
#1525=ORIENTED_EDGE('',*,*,#1142,.F.);
#1526=ORIENTED_EDGE('',*,*,#1141,.F.);
#1527=ORIENTED_EDGE('',*,*,#1072,.F.);
#1528=ORIENTED_EDGE('',*,*,#1143,.T.);
#1529=ORIENTED_EDGE('',*,*,#1144,.F.);
#1530=ORIENTED_EDGE('',*,*,#1143,.F.);
#1531=ORIENTED_EDGE('',*,*,#1071,.F.);
#1532=ORIENTED_EDGE('',*,*,#1145,.T.);
#1533=ORIENTED_EDGE('',*,*,#1146,.F.);
#1534=ORIENTED_EDGE('',*,*,#1145,.F.);
#1535=ORIENTED_EDGE('',*,*,#1070,.F.);
#1536=ORIENTED_EDGE('',*,*,#1147,.T.);
#1537=ORIENTED_EDGE('',*,*,#1148,.F.);
#1538=ORIENTED_EDGE('',*,*,#1147,.F.);
#1539=ORIENTED_EDGE('',*,*,#1069,.F.);
#1540=ORIENTED_EDGE('',*,*,#1149,.T.);
#1541=ORIENTED_EDGE('',*,*,#1150,.F.);
#1542=ORIENTED_EDGE('',*,*,#1149,.F.);
#1543=ORIENTED_EDGE('',*,*,#1151,.T.);
#1544=ORIENTED_EDGE('',*,*,#1152,.F.);
#1545=ORIENTED_EDGE('',*,*,#999,.F.);
#1546=ORIENTED_EDGE('',*,*,#1153,.F.);
#1547=ORIENTED_EDGE('',*,*,#1154,.T.);
#1548=ORIENTED_EDGE('',*,*,#1155,.T.);
#1549=ORIENTED_EDGE('',*,*,#1000,.F.);
#1550=ORIENTED_EDGE('',*,*,#1152,.T.);
#1551=ORIENTED_EDGE('',*,*,#1156,.T.);
#1552=ORIENTED_EDGE('',*,*,#1157,.F.);
#1553=ORIENTED_EDGE('',*,*,#1003,.F.);
#1554=ORIENTED_EDGE('',*,*,#1158,.F.);
#1555=ORIENTED_EDGE('',*,*,#1159,.T.);
#1556=ORIENTED_EDGE('',*,*,#1160,.T.);
#1557=ORIENTED_EDGE('',*,*,#1004,.F.);
#1558=ORIENTED_EDGE('',*,*,#1157,.T.);
#1559=ORIENTED_EDGE('',*,*,#1161,.T.);
#1560=ORIENTED_EDGE('',*,*,#1162,.T.);
#1561=ORIENTED_EDGE('',*,*,#1010,.F.);
#1562=ORIENTED_EDGE('',*,*,#1163,.T.);
#1563=ORIENTED_EDGE('',*,*,#1164,.T.);
#1564=ORIENTED_EDGE('',*,*,#1165,.F.);
#1565=ORIENTED_EDGE('',*,*,#1007,.F.);
#1566=ORIENTED_EDGE('',*,*,#1162,.F.);
#1567=ORIENTED_EDGE('',*,*,#1166,.F.);
#1568=ORIENTED_EDGE('',*,*,#1123,.F.);
#1569=ORIENTED_EDGE('',*,*,#1167,.T.);
#1570=ORIENTED_EDGE('',*,*,#1087,.F.);
#1571=ORIENTED_EDGE('',*,*,#1168,.F.);
#1572=ORIENTED_EDGE('',*,*,#1083,.F.);
#1573=ORIENTED_EDGE('',*,*,#1049,.F.);
#1574=ORIENTED_EDGE('',*,*,#1127,.F.);
#1575=ORIENTED_EDGE('',*,*,#1169,.F.);
#1576=ORIENTED_EDGE('',*,*,#1154,.F.);
#1577=ORIENTED_EDGE('',*,*,#1151,.F.);
#1578=ORIENTED_EDGE('',*,*,#1170,.F.);
#1579=ORIENTED_EDGE('',*,*,#1171,.F.);
#1580=ORIENTED_EDGE('',*,*,#1159,.F.);
#1581=ORIENTED_EDGE('',*,*,#1156,.F.);
#1582=ORIENTED_EDGE('',*,*,#1172,.F.);
#1583=ORIENTED_EDGE('',*,*,#1173,.F.);
#1584=ORIENTED_EDGE('',*,*,#1164,.F.);
#1585=ORIENTED_EDGE('',*,*,#1161,.F.);
#1586=ORIENTED_EDGE('',*,*,#1174,.F.);
#1587=ORIENTED_EDGE('',*,*,#1175,.F.);
#1588=ORIENTED_EDGE('',*,*,#1176,.F.);
#1589=ORIENTED_EDGE('',*,*,#1177,.F.);
#1590=ORIENTED_EDGE('',*,*,#1178,.F.);
#1591=ORIENTED_EDGE('',*,*,#1179,.F.);
#1592=ORIENTED_EDGE('',*,*,#1180,.F.);
#1593=ORIENTED_EDGE('',*,*,#1181,.F.);
#1594=ORIENTED_EDGE('',*,*,#1182,.F.);
#1595=ORIENTED_EDGE('',*,*,#1177,.T.);
#1596=ORIENTED_EDGE('',*,*,#1183,.F.);
#1597=ORIENTED_EDGE('',*,*,#1011,.F.);
#1598=ORIENTED_EDGE('',*,*,#1184,.F.);
#1599=ORIENTED_EDGE('',*,*,#1176,.T.);
#1600=ORIENTED_EDGE('',*,*,#1185,.T.);
#1601=ORIENTED_EDGE('',*,*,#1012,.F.);
#1602=ORIENTED_EDGE('',*,*,#1183,.T.);
#1603=ORIENTED_EDGE('',*,*,#1181,.T.);
#1604=ORIENTED_EDGE('',*,*,#1186,.F.);
#1605=ORIENTED_EDGE('',*,*,#1015,.F.);
#1606=ORIENTED_EDGE('',*,*,#1187,.F.);
#1607=ORIENTED_EDGE('',*,*,#1180,.T.);
#1608=ORIENTED_EDGE('',*,*,#1188,.T.);
#1609=ORIENTED_EDGE('',*,*,#1016,.F.);
#1610=ORIENTED_EDGE('',*,*,#1186,.T.);
#1611=ORIENTED_EDGE('',*,*,#1086,.T.);
#1612=ORIENTED_EDGE('',*,*,#1189,.F.);
#1613=ORIENTED_EDGE('',*,*,#1084,.T.);
#1614=ORIENTED_EDGE('',*,*,#1168,.T.);
#1615=ORIENTED_EDGE('',*,*,#1085,.T.);
#1616=ORIENTED_EDGE('',*,*,#1189,.T.);
#1617=ORIENTED_EDGE('',*,*,#1190,.T.);
#1618=ORIENTED_EDGE('',*,*,#1191,.T.);
#1619=ORIENTED_EDGE('',*,*,#1192,.T.);
#1620=ORIENTED_EDGE('',*,*,#1030,.F.);
#1621=ORIENTED_EDGE('',*,*,#1190,.F.);
#1622=ORIENTED_EDGE('',*,*,#1055,.F.);
#1623=ORIENTED_EDGE('',*,*,#1089,.T.);
#1624=ORIENTED_EDGE('',*,*,#1193,.T.);
#1625=ORIENTED_EDGE('',*,*,#1142,.T.);
#1626=ORIENTED_EDGE('',*,*,#1194,.F.);
#1627=ORIENTED_EDGE('',*,*,#1120,.F.);
#1628=ORIENTED_EDGE('',*,*,#1039,.F.);
#1629=ORIENTED_EDGE('',*,*,#1194,.T.);
#1630=ORIENTED_EDGE('',*,*,#1038,.F.);
#1631=ORIENTED_EDGE('',*,*,#1195,.T.);
#1632=ORIENTED_EDGE('',*,*,#1102,.T.);
#1633=ORIENTED_EDGE('',*,*,#1196,.T.);
#1634=ORIENTED_EDGE('',*,*,#1121,.T.);
#1635=ORIENTED_EDGE('',*,*,#1144,.T.);
#1636=ORIENTED_EDGE('',*,*,#1146,.T.);
#1637=ORIENTED_EDGE('',*,*,#1148,.T.);
#1638=ORIENTED_EDGE('',*,*,#1150,.T.);
#1639=ORIENTED_EDGE('',*,*,#1031,.F.);
#1640=ORIENTED_EDGE('',*,*,#1192,.F.);
#1641=ORIENTED_EDGE('',*,*,#1197,.T.);
#1642=ORIENTED_EDGE('',*,*,#1100,.F.);
#1643=ORIENTED_EDGE('',*,*,#1193,.F.);
#1644=ORIENTED_EDGE('',*,*,#1088,.F.);
#1645=ORIENTED_EDGE('',*,*,#1167,.F.);
#1646=ORIENTED_EDGE('',*,*,#1122,.F.);
#1647=ORIENTED_EDGE('',*,*,#1196,.F.);
#1648=ORIENTED_EDGE('',*,*,#1101,.F.);
#1649=ORIENTED_EDGE('',*,*,#1197,.F.);
#1650=ORIENTED_EDGE('',*,*,#1191,.F.);
#1651=ORIENTED_EDGE('',*,*,#1125,.F.);
#1652=ORIENTED_EDGE('',*,*,#1198,.T.);
#1653=ORIENTED_EDGE('',*,*,#1124,.F.);
#1654=ORIENTED_EDGE('',*,*,#1166,.T.);
#1655=ORIENTED_EDGE('',*,*,#1126,.F.);
#1656=ORIENTED_EDGE('',*,*,#1198,.F.);
#1657=ORIENTED_EDGE('',*,*,#1195,.F.);
#1658=ORIENTED_EDGE('',*,*,#1037,.F.);
#1659=ORIENTED_EDGE('',*,*,#1103,.F.);
#1660=ORIENTED_EDGE('',*,*,#980,.F.);
#1661=ORIENTED_EDGE('',*,*,#1199,.T.);
#1662=ORIENTED_EDGE('',*,*,#1027,.F.);
#1663=ORIENTED_EDGE('',*,*,#1200,.T.);
#1664=ORIENTED_EDGE('',*,*,#1062,.F.);
#1665=ORIENTED_EDGE('',*,*,#1066,.F.);
#1666=ORIENTED_EDGE('',*,*,#1201,.T.);
#1667=ORIENTED_EDGE('',*,*,#1024,.T.);
#1668=ORIENTED_EDGE('',*,*,#1060,.T.);
#1669=ORIENTED_EDGE('',*,*,#1022,.T.);
#1670=ORIENTED_EDGE('',*,*,#989,.F.);
#1671=ORIENTED_EDGE('',*,*,#1068,.F.);
#1672=ORIENTED_EDGE('',*,*,#979,.F.);
#1673=ORIENTED_EDGE('',*,*,#1202,.F.);
#1674=ORIENTED_EDGE('',*,*,#1203,.F.);
#1675=ORIENTED_EDGE('',*,*,#1199,.F.);
#1676=ORIENTED_EDGE('',*,*,#963,.F.);
#1677=ORIENTED_EDGE('',*,*,#1204,.F.);
#1678=ORIENTED_EDGE('',*,*,#1205,.T.);
#1679=ORIENTED_EDGE('',*,*,#1202,.T.);
#1680=ORIENTED_EDGE('',*,*,#982,.F.);
#1681=ORIENTED_EDGE('',*,*,#956,.F.);
#1682=ORIENTED_EDGE('',*,*,#1140,.T.);
#1683=ORIENTED_EDGE('',*,*,#969,.F.);
#1684=ORIENTED_EDGE('',*,*,#1029,.F.);
#1685=ORIENTED_EDGE('',*,*,#1206,.F.);
#1686=ORIENTED_EDGE('',*,*,#1204,.T.);
#1687=ORIENTED_EDGE('',*,*,#962,.F.);
#1688=ORIENTED_EDGE('',*,*,#1206,.T.);
#1689=ORIENTED_EDGE('',*,*,#1028,.T.);
#1690=ORIENTED_EDGE('',*,*,#1203,.T.);
#1691=ORIENTED_EDGE('',*,*,#1205,.F.);
#1692=ORIENTED_EDGE('',*,*,#1169,.T.);
#1693=ORIENTED_EDGE('',*,*,#1207,.F.);
#1694=ORIENTED_EDGE('',*,*,#1001,.F.);
#1695=ORIENTED_EDGE('',*,*,#1155,.F.);
#1696=ORIENTED_EDGE('',*,*,#1170,.T.);
#1697=ORIENTED_EDGE('',*,*,#1153,.T.);
#1698=ORIENTED_EDGE('',*,*,#1002,.F.);
#1699=ORIENTED_EDGE('',*,*,#1207,.T.);
#1700=ORIENTED_EDGE('',*,*,#1171,.T.);
#1701=ORIENTED_EDGE('',*,*,#1208,.F.);
#1702=ORIENTED_EDGE('',*,*,#1005,.F.);
#1703=ORIENTED_EDGE('',*,*,#1160,.F.);
#1704=ORIENTED_EDGE('',*,*,#1172,.T.);
#1705=ORIENTED_EDGE('',*,*,#1158,.T.);
#1706=ORIENTED_EDGE('',*,*,#1006,.F.);
#1707=ORIENTED_EDGE('',*,*,#1208,.T.);
#1708=ORIENTED_EDGE('',*,*,#1173,.T.);
#1709=ORIENTED_EDGE('',*,*,#1209,.T.);
#1710=ORIENTED_EDGE('',*,*,#1008,.F.);
#1711=ORIENTED_EDGE('',*,*,#1165,.T.);
#1712=ORIENTED_EDGE('',*,*,#1174,.T.);
#1713=ORIENTED_EDGE('',*,*,#1163,.F.);
#1714=ORIENTED_EDGE('',*,*,#1009,.F.);
#1715=ORIENTED_EDGE('',*,*,#1209,.F.);
#1716=ORIENTED_EDGE('',*,*,#1175,.T.);
#1717=ORIENTED_EDGE('',*,*,#1210,.F.);
#1718=ORIENTED_EDGE('',*,*,#1013,.F.);
#1719=ORIENTED_EDGE('',*,*,#1185,.F.);
#1720=ORIENTED_EDGE('',*,*,#1178,.T.);
#1721=ORIENTED_EDGE('',*,*,#1184,.T.);
#1722=ORIENTED_EDGE('',*,*,#1014,.F.);
#1723=ORIENTED_EDGE('',*,*,#1210,.T.);
#1724=ORIENTED_EDGE('',*,*,#1179,.T.);
#1725=ORIENTED_EDGE('',*,*,#1211,.F.);
#1726=ORIENTED_EDGE('',*,*,#1017,.F.);
#1727=ORIENTED_EDGE('',*,*,#1188,.F.);
#1728=ORIENTED_EDGE('',*,*,#1182,.T.);
#1729=ORIENTED_EDGE('',*,*,#1187,.T.);
#1730=ORIENTED_EDGE('',*,*,#1018,.F.);
#1731=ORIENTED_EDGE('',*,*,#1211,.T.);
#1732=ORIENTED_EDGE('',*,*,#997,.F.);
#1733=ORIENTED_EDGE('',*,*,#993,.F.);
#1734=ORIENTED_EDGE('',*,*,#1064,.F.);
#1735=ORIENTED_EDGE('',*,*,#1212,.T.);
#1736=ORIENTED_EDGE('',*,*,#1025,.F.);
#1737=ORIENTED_EDGE('',*,*,#1201,.F.);
#1738=ORIENTED_EDGE('',*,*,#1067,.T.);
#1739=ORIENTED_EDGE('',*,*,#1063,.F.);
#1740=ORIENTED_EDGE('',*,*,#1200,.F.);
#1741=ORIENTED_EDGE('',*,*,#1026,.F.);
#1742=ORIENTED_EDGE('',*,*,#1212,.F.);
#1743=SPHERICAL_SURFACE('',#1858,3.);
#1744=SPHERICAL_SURFACE('',#1862,2.99999999999999);
#1745=SPHERICAL_SURFACE('',#1869,3.);
#1746=ADVANCED_FACE('',(#503),#1743,.T.);
#1747=ADVANCED_FACE('',(#504),#1744,.T.);
#1748=ADVANCED_FACE('',(#505),#471,.T.);
#1749=ADVANCED_FACE('',(#506),#1745,.T.);
#1750=ADVANCED_FACE('',(#507),#472,.T.);
#1751=ADVANCED_FACE('',(#508),#473,.T.);
#1752=ADVANCED_FACE('',(#509),#474,.T.);
#1753=ADVANCED_FACE('',(#510),#103,.F.);
#1754=ADVANCED_FACE('',(#511),#104,.F.);
#1755=ADVANCED_FACE('',(#512),#475,.T.);
#1756=ADVANCED_FACE('',(#513),#476,.T.);
#1757=ADVANCED_FACE('',(#514),#105,.F.);
#1758=ADVANCED_FACE('',(#515),#477,.F.);
#1759=ADVANCED_FACE('',(#516),#478,.F.);
#1760=ADVANCED_FACE('',(#517,#24,#25,#26,#27,#28),#49,.T.);
#1761=ADVANCED_FACE('',(#518),#23,.F.);
#1762=ADVANCED_FACE('',(#519,#29,#30,#31,#32,#33),#50,.T.);
#1763=ADVANCED_FACE('',(#520),#51,.T.);
#1764=ADVANCED_FACE('',(#521),#52,.T.);
#1765=ADVANCED_FACE('',(#522),#479,.T.);
#1766=ADVANCED_FACE('',(#523),#53,.T.);
#1767=ADVANCED_FACE('',(#524,#34,#35,#36,#37),#54,.F.);
#1768=ADVANCED_FACE('',(#525),#480,.F.);
#1769=ADVANCED_FACE('',(#526),#55,.T.);
#1770=ADVANCED_FACE('',(#527),#481,.F.);
#1771=ADVANCED_FACE('',(#528),#56,.T.);
#1772=ADVANCED_FACE('',(#529),#57,.T.);
#1773=ADVANCED_FACE('',(#530),#58,.T.);
#1774=ADVANCED_FACE('',(#531),#59,.T.);
#1775=ADVANCED_FACE('',(#532),#60,.F.);
#1776=ADVANCED_FACE('',(#533),#61,.F.);
#1777=ADVANCED_FACE('',(#534),#62,.T.);
#1778=ADVANCED_FACE('',(#535),#63,.F.);
#1779=ADVANCED_FACE('',(#536),#64,.F.);
#1780=ADVANCED_FACE('',(#537),#65,.F.);
#1781=ADVANCED_FACE('',(#538),#66,.T.);
#1782=ADVANCED_FACE('',(#539),#482,.F.);
#1783=ADVANCED_FACE('',(#540),#67,.T.);
#1784=ADVANCED_FACE('',(#541),#483,.F.);
#1785=ADVANCED_FACE('',(#542),#68,.T.);
#1786=ADVANCED_FACE('',(#543),#69,.F.);
#1787=ADVANCED_FACE('',(#544),#106,.T.);
#1788=ADVANCED_FACE('',(#545),#70,.F.);
#1789=ADVANCED_FACE('',(#546),#107,.T.);
#1790=ADVANCED_FACE('',(#547),#71,.F.);
#1791=ADVANCED_FACE('',(#548),#72,.F.);
#1792=ADVANCED_FACE('',(#549),#108,.T.);
#1793=ADVANCED_FACE('',(#550),#73,.F.);
#1794=ADVANCED_FACE('',(#551),#74,.F.);
#1795=ADVANCED_FACE('',(#552),#484,.F.);
#1796=ADVANCED_FACE('',(#553),#485,.F.);
#1797=ADVANCED_FACE('',(#554),#486,.F.);
#1798=ADVANCED_FACE('',(#555),#487,.F.);
#1799=ADVANCED_FACE('',(#556),#488,.F.);
#1800=ADVANCED_FACE('',(#557),#75,.F.);
#1801=ADVANCED_FACE('',(#558),#489,.T.);
#1802=ADVANCED_FACE('',(#559),#76,.F.);
#1803=ADVANCED_FACE('',(#560),#490,.T.);
#1804=ADVANCED_FACE('',(#561),#491,.F.);
#1805=ADVANCED_FACE('',(#562),#77,.F.);
#1806=ADVANCED_FACE('',(#563,#38,#39,#40,#41,#42),#78,.F.);
#1807=ADVANCED_FACE('',(#564),#79,.F.);
#1808=ADVANCED_FACE('',(#565),#492,.T.);
#1809=ADVANCED_FACE('',(#566),#80,.F.);
#1810=ADVANCED_FACE('',(#567),#493,.T.);
#1811=ADVANCED_FACE('',(#568),#494,.T.);
#1812=ADVANCED_FACE('',(#569),#81,.F.);
#1813=ADVANCED_FACE('',(#570),#82,.T.);
#1814=ADVANCED_FACE('',(#571,#43),#83,.T.);
#1815=ADVANCED_FACE('',(#572),#84,.F.);
#1816=ADVANCED_FACE('',(#573,#44,#45,#46,#47),#85,.T.);
#1817=ADVANCED_FACE('',(#574),#86,.T.);
#1818=ADVANCED_FACE('',(#575),#87,.F.);
#1819=ADVANCED_FACE('',(#576),#88,.F.);
#1820=ADVANCED_FACE('',(#577),#495,.T.);
#1821=ADVANCED_FACE('',(#578),#89,.F.);
#1822=ADVANCED_FACE('',(#579),#90,.F.);
#1823=ADVANCED_FACE('',(#580),#496,.T.);
#1824=ADVANCED_FACE('',(#581),#91,.F.);
#1825=ADVANCED_FACE('',(#582,#48),#92,.F.);
#1826=ADVANCED_FACE('',(#583),#93,.F.);
#1827=ADVANCED_FACE('',(#584),#497,.T.);
#1828=ADVANCED_FACE('',(#585),#94,.T.);
#1829=ADVANCED_FACE('',(#586),#498,.F.);
#1830=ADVANCED_FACE('',(#587),#95,.T.);
#1831=ADVANCED_FACE('',(#588),#499,.F.);
#1832=ADVANCED_FACE('',(#589),#500,.T.);
#1833=ADVANCED_FACE('',(#590),#96,.T.);
#1834=ADVANCED_FACE('',(#591),#97,.T.);
#1835=ADVANCED_FACE('',(#592),#501,.F.);
#1836=ADVANCED_FACE('',(#593),#98,.T.);
#1837=ADVANCED_FACE('',(#594),#502,.F.);
#1838=ADVANCED_FACE('',(#595),#99,.T.);
#1839=ADVANCED_FACE('',(#596),#100,.T.);
#1840=ADVANCED_FACE('',(#597),#101,.T.);
#1841=ADVANCED_FACE('',(#598),#102,.F.);
#1842=CLOSED_SHELL('',(#1746,#1747,#1748,#1749,#1750,#1751,#1752,#1753,
#1754,#1755,#1756,#1757,#1758,#1759,#1760,#1761,#1762,#1763,#1764,#1765,
#1766,#1767,#1768,#1769,#1770,#1771,#1772,#1773,#1774,#1775,#1776,#1777,
#1778,#1779,#1780,#1781,#1782,#1783,#1784,#1785,#1786,#1787,#1788,#1789,
#1790,#1791,#1792,#1793,#1794,#1795,#1796,#1797,#1798,#1799,#1800,#1801,
#1802,#1803,#1804,#1805,#1806,#1807,#1808,#1809,#1810,#1811,#1812,#1813,
#1814,#1815,#1816,#1817,#1818,#1819,#1820,#1821,#1822,#1823,#1824,#1825,
#1826,#1827,#1828,#1829,#1830,#1831,#1832,#1833,#1834,#1835,#1836,#1837,
#1838,#1839,#1840,#1841));
#1843=DERIVED_UNIT_ELEMENT(#1845,1.);
#1844=DERIVED_UNIT_ELEMENT(#3396,-3.);
#1845=(
MASS_UNIT()
NAMED_UNIT(*)
SI_UNIT(.KILO.,.GRAM.)
);
#1846=DERIVED_UNIT((#1843,#1844));
#1847=MEASURE_REPRESENTATION_ITEM('density measure',
POSITIVE_RATIO_MEASURE(7850.),#1846);
#1848=PROPERTY_DEFINITION_REPRESENTATION(#1853,#1850);
#1849=PROPERTY_DEFINITION_REPRESENTATION(#1854,#1851);
#1850=REPRESENTATION('material name',(#1852),#3393);
#1851=REPRESENTATION('density',(#1847),#3393);
#1852=DESCRIPTIVE_REPRESENTATION_ITEM('Steel','Steel');
#1853=PROPERTY_DEFINITION('material property','material name',#3413);
#1854=PROPERTY_DEFINITION('material property','density of part',#3413);
#1855=AXIS2_PLACEMENT_3D('',#2502,#2021,#2022);
#1856=AXIS2_PLACEMENT_3D('',#2503,#2023,#2024);
#1857=AXIS2_PLACEMENT_3D('',#2504,#2025,#2026);
#1858=AXIS2_PLACEMENT_3D('',#2505,#2027,#2028);
#1859=AXIS2_PLACEMENT_3D('',#2508,#2029,#2030);
#1860=AXIS2_PLACEMENT_3D('',#2510,#2031,#2032);
#1861=AXIS2_PLACEMENT_3D('',#2511,#2033,#2034);
#1862=AXIS2_PLACEMENT_3D('',#2512,#2035,#2036);
#1863=AXIS2_PLACEMENT_3D('',#2515,#2037,#2038);
#1864=AXIS2_PLACEMENT_3D('',#2517,#2039,#2040);
#1865=AXIS2_PLACEMENT_3D('',#2518,#2041,#2042);
#1866=AXIS2_PLACEMENT_3D('',#2519,#2043,#2044);
#1867=AXIS2_PLACEMENT_3D('',#2524,#2046,#2047);
#1868=AXIS2_PLACEMENT_3D('',#2527,#2049,#2050);
#1869=AXIS2_PLACEMENT_3D('',#2528,#2051,#2052);
#1870=AXIS2_PLACEMENT_3D('',#2531,#2053,#2054);
#1871=AXIS2_PLACEMENT_3D('',#2533,#2055,#2056);
#1872=AXIS2_PLACEMENT_3D('',#2534,#2057,#2058);
#1873=AXIS2_PLACEMENT_3D('',#2535,#2059,#2060);
#1874=AXIS2_PLACEMENT_3D('',#2539,#2063,#2064);
#1875=AXIS2_PLACEMENT_3D('',#2540,#2065,#2066);
#1876=AXIS2_PLACEMENT_3D('',#2543,#2069,#2070);
#1877=AXIS2_PLACEMENT_3D('',#2564,#2072,#2073);
#1878=AXIS2_PLACEMENT_3D('',#2685,#2076,#2077);
#1879=AXIS2_PLACEMENT_3D('',#2690,#2079,#2080);
#1880=AXIS2_PLACEMENT_3D('',#2692,#2082,#2083);
#1881=AXIS2_PLACEMENT_3D('',#2693,#2084,#2085);
#1882=AXIS2_PLACEMENT_3D('',#2696,#2086,#2087);
#1883=AXIS2_PLACEMENT_3D('',#2779,#2090,#2091);
#1884=AXIS2_PLACEMENT_3D('',#2781,#2092,#2093);
#1885=AXIS2_PLACEMENT_3D('',#2784,#2095,#2096);
#1886=AXIS2_PLACEMENT_3D('',#2785,#2097,#2098);
#1887=AXIS2_PLACEMENT_3D('',#2786,#2099,#2100);
#1888=AXIS2_PLACEMENT_3D('',#2787,#2101,#2102);
#1889=AXIS2_PLACEMENT_3D('',#2790,#2104,#2105);
#1890=AXIS2_PLACEMENT_3D('',#2791,#2106,#2107);
#1891=AXIS2_PLACEMENT_3D('',#2871,#2130,#2131);
#1892=AXIS2_PLACEMENT_3D('',#2959,#2162,#2163);
#1893=AXIS2_PLACEMENT_3D('',#2961,#2164,#2165);
#1894=AXIS2_PLACEMENT_3D('',#2963,#2166,#2167);
#1895=AXIS2_PLACEMENT_3D('',#2965,#2168,#2169);
#1896=AXIS2_PLACEMENT_3D('',#2966,#2170,#2171);
#1897=AXIS2_PLACEMENT_3D('',#2967,#2172,#2173);
#1898=AXIS2_PLACEMENT_3D('',#2968,#2174,#2175);
#1899=AXIS2_PLACEMENT_3D('',#2969,#2176,#2177);
#1900=AXIS2_PLACEMENT_3D('',#2973,#2179,#2180);
#1901=AXIS2_PLACEMENT_3D('',#2977,#2182,#2183);
#1902=AXIS2_PLACEMENT_3D('',#2978,#2184,#2185);
#1903=AXIS2_PLACEMENT_3D('',#2979,#2186,#2187);
#1904=AXIS2_PLACEMENT_3D('',#2981,#2189,#2190);
#1905=AXIS2_PLACEMENT_3D('',#2986,#2193,#2194);
#1906=AXIS2_PLACEMENT_3D('',#2988,#2195,#2196);
#1907=AXIS2_PLACEMENT_3D('',#2990,#2197,#2198);
#1908=AXIS2_PLACEMENT_3D('',#2992,#2199,#2200);
#1909=AXIS2_PLACEMENT_3D('',#2993,#2201,#2202);
#1910=AXIS2_PLACEMENT_3D('',#2996,#2204,#2205);
#1911=AXIS2_PLACEMENT_3D('',#2997,#2206,#2207);
#1912=AXIS2_PLACEMENT_3D('',#2998,#2208,#2209);
#1913=AXIS2_PLACEMENT_3D('',#3001,#2211,#2212);
#1914=AXIS2_PLACEMENT_3D('',#3002,#2213,#2214);
#1915=AXIS2_PLACEMENT_3D('',#3003,#2215,#2216);
#1916=AXIS2_PLACEMENT_3D('',#3012,#2221,#2222);
#1917=AXIS2_PLACEMENT_3D('',#3018,#2226,#2227);
#1918=AXIS2_PLACEMENT_3D('',#3022,#2229,#2230);
#1919=AXIS2_PLACEMENT_3D('',#3028,#2234,#2235);
#1920=AXIS2_PLACEMENT_3D('',#3031,#2238,#2239);
#1921=AXIS2_PLACEMENT_3D('',#3032,#2240,#2241);
#1922=AXIS2_PLACEMENT_3D('',#3033,#2242,#2243);
#1923=AXIS2_PLACEMENT_3D('',#3039,#2247,#2248);
#1924=AXIS2_PLACEMENT_3D('',#3043,#2251,#2252);
#1925=AXIS2_PLACEMENT_3D('',#3047,#2255,#2256);
#1926=AXIS2_PLACEMENT_3D('',#3049,#2258,#2259);
#1927=AXIS2_PLACEMENT_3D('',#3057,#2264,#2265);
#1928=AXIS2_PLACEMENT_3D('',#3060,#2267,#2268);
#1929=AXIS2_PLACEMENT_3D('',#3061,#2269,#2270);
#1930=AXIS2_PLACEMENT_3D('',#3062,#2271,#2272);
#1931=AXIS2_PLACEMENT_3D('',#3065,#2274,#2275);
#1932=AXIS2_PLACEMENT_3D('',#3066,#2276,#2277);
#1933=AXIS2_PLACEMENT_3D('',#3067,#2278,#2279);
#1934=AXIS2_PLACEMENT_3D('',#3182,#2282,#2283);
#1935=AXIS2_PLACEMENT_3D('',#3211,#2288,#2289);
#1936=AXIS2_PLACEMENT_3D('',#3212,#2290,#2291);
#1937=AXIS2_PLACEMENT_3D('',#3233,#2294,#2295);
#1938=AXIS2_PLACEMENT_3D('',#3234,#2296,#2297);
#1939=AXIS2_PLACEMENT_3D('',#3235,#2298,#2299);
#1940=AXIS2_PLACEMENT_3D('',#3237,#2300,#2301);
#1941=AXIS2_PLACEMENT_3D('',#3240,#2303,#2304);
#1942=AXIS2_PLACEMENT_3D('',#3241,#2305,#2306);
#1943=AXIS2_PLACEMENT_3D('',#3244,#2308,#2309);
#1944=AXIS2_PLACEMENT_3D('',#3245,#2310,#2311);
#1945=AXIS2_PLACEMENT_3D('',#3248,#2313,#2314);
#1946=AXIS2_PLACEMENT_3D('',#3249,#2315,#2316);
#1947=AXIS2_PLACEMENT_3D('',#3252,#2318,#2319);
#1948=AXIS2_PLACEMENT_3D('',#3253,#2320,#2321);
#1949=AXIS2_PLACEMENT_3D('',#3256,#2323,#2324);
#1950=AXIS2_PLACEMENT_3D('',#3257,#2325,#2326);
#1951=AXIS2_PLACEMENT_3D('',#3261,#2328,#2329);
#1952=AXIS2_PLACEMENT_3D('',#3262,#2330,#2331);
#1953=AXIS2_PLACEMENT_3D('',#3263,#2332,#2333);
#1954=AXIS2_PLACEMENT_3D('',#3266,#2335,#2336);
#1955=AXIS2_PLACEMENT_3D('',#3267,#2337,#2338);
#1956=AXIS2_PLACEMENT_3D('',#3271,#2340,#2341);
#1957=AXIS2_PLACEMENT_3D('',#3272,#2342,#2343);
#1958=AXIS2_PLACEMENT_3D('',#3273,#2344,#2345);
#1959=AXIS2_PLACEMENT_3D('',#3276,#2347,#2348);
#1960=AXIS2_PLACEMENT_3D('',#3277,#2349,#2350);
#1961=AXIS2_PLACEMENT_3D('',#3281,#2352,#2353);
#1962=AXIS2_PLACEMENT_3D('',#3282,#2354,#2355);
#1963=AXIS2_PLACEMENT_3D('',#3283,#2356,#2357);
#1964=AXIS2_PLACEMENT_3D('',#3286,#2359,#2360);
#1965=AXIS2_PLACEMENT_3D('',#3287,#2361,#2362);
#1966=AXIS2_PLACEMENT_3D('',#3288,#2363,#2364);
#1967=AXIS2_PLACEMENT_3D('',#3290,#2366,#2367);
#1968=AXIS2_PLACEMENT_3D('',#3316,#2382,#2383);
#1969=AXIS2_PLACEMENT_3D('',#3317,#2384,#2385);
#1970=AXIS2_PLACEMENT_3D('',#3318,#2386,#2387);
#1971=AXIS2_PLACEMENT_3D('',#3319,#2388,#2389);
#1972=AXIS2_PLACEMENT_3D('',#3320,#2390,#2391);
#1973=AXIS2_PLACEMENT_3D('',#3321,#2392,#2393);
#1974=AXIS2_PLACEMENT_3D('',#3322,#2394,#2395);
#1975=AXIS2_PLACEMENT_3D('',#3323,#2396,#2397);
#1976=AXIS2_PLACEMENT_3D('',#3324,#2398,#2399);
#1977=AXIS2_PLACEMENT_3D('',#3325,#2400,#2401);
#1978=AXIS2_PLACEMENT_3D('',#3326,#2402,#2403);
#1979=AXIS2_PLACEMENT_3D('',#3327,#2404,#2405);
#1980=AXIS2_PLACEMENT_3D('',#3328,#2406,#2407);
#1981=AXIS2_PLACEMENT_3D('',#3329,#2408,#2409);
#1982=AXIS2_PLACEMENT_3D('',#3335,#2413,#2414);
#1983=AXIS2_PLACEMENT_3D('',#3337,#2416,#2417);
#1984=AXIS2_PLACEMENT_3D('',#3339,#2419,#2420);
#1985=AXIS2_PLACEMENT_3D('',#3342,#2423,#2424);
#1986=AXIS2_PLACEMENT_3D('',#3344,#2426,#2427);
#1987=AXIS2_PLACEMENT_3D('',#3345,#2428,#2429);
#1988=AXIS2_PLACEMENT_3D('',#3346,#2430,#2431);
#1989=AXIS2_PLACEMENT_3D('',#3347,#2432,#2433);
#1990=AXIS2_PLACEMENT_3D('',#3348,#2434,#2435);
#1991=AXIS2_PLACEMENT_3D('',#3349,#2436,#2437);
#1992=AXIS2_PLACEMENT_3D('',#3352,#2440,#2441);
#1993=AXIS2_PLACEMENT_3D('',#3353,#2442,#2443);
#1994=AXIS2_PLACEMENT_3D('',#3354,#2444,#2445);
#1995=AXIS2_PLACEMENT_3D('',#3357,#2447,#2448);
#1996=AXIS2_PLACEMENT_3D('',#3358,#2449,#2450);
#1997=AXIS2_PLACEMENT_3D('',#3362,#2453,#2454);
#1998=AXIS2_PLACEMENT_3D('',#3363,#2455,#2456);
#1999=AXIS2_PLACEMENT_3D('',#3364,#2457,#2458);
#2000=AXIS2_PLACEMENT_3D('',#3365,#2459,#2460);
#2001=AXIS2_PLACEMENT_3D('',#3366,#2461,#2462);
#2002=AXIS2_PLACEMENT_3D('',#3367,#2463,#2464);
#2003=AXIS2_PLACEMENT_3D('',#3368,#2465,#2466);
#2004=AXIS2_PLACEMENT_3D('',#3369,#2467,#2468);
#2005=AXIS2_PLACEMENT_3D('',#3370,#2469,#2470);
#2006=AXIS2_PLACEMENT_3D('',#3371,#2471,#2472);
#2007=AXIS2_PLACEMENT_3D('',#3372,#2473,#2474);
#2008=AXIS2_PLACEMENT_3D('',#3373,#2475,#2476);
#2009=AXIS2_PLACEMENT_3D('',#3374,#2477,#2478);
#2010=AXIS2_PLACEMENT_3D('',#3375,#2479,#2480);
#2011=AXIS2_PLACEMENT_3D('',#3376,#2481,#2482);
#2012=AXIS2_PLACEMENT_3D('',#3377,#2483,#2484);
#2013=AXIS2_PLACEMENT_3D('',#3378,#2485,#2486);
#2014=AXIS2_PLACEMENT_3D('',#3379,#2487,#2488);
#2015=AXIS2_PLACEMENT_3D('',#3380,#2489,#2490);
#2016=AXIS2_PLACEMENT_3D('',#3381,#2491,#2492);
#2017=AXIS2_PLACEMENT_3D('',#3382,#2493,#2494);
#2018=AXIS2_PLACEMENT_3D('',#3384,#2496,#2497);
#2019=AXIS2_PLACEMENT_3D('',#3385,#2498,#2499);
#2020=AXIS2_PLACEMENT_3D('',#3386,#2500,#2501);
#2021=DIRECTION('axis',(0.,0.,1.));
#2022=DIRECTION('refdir',(1.,0.,0.));
#2023=DIRECTION('axis',(0.,0.,1.));
#2024=DIRECTION('refdir',(1.,0.,0.));
#2025=DIRECTION('axis',(0.,0.,1.));
#2026=DIRECTION('refdir',(1.,0.,0.));
#2027=DIRECTION('center_axis',(0.,0.,1.));
#2028=DIRECTION('ref_axis',(1.,0.,0.));
#2029=DIRECTION('center_axis',(0.0798929152586236,-0.704846480580024,-0.704846480380964));
#2030=DIRECTION('ref_axis',(-0.993637363250554,0.,-0.112626774580859));
#2031=DIRECTION('center_axis',(-0.112626774581481,0.,0.993637363250483));
#2032=DIRECTION('ref_axis',(0.,-1.,0.));
#2033=DIRECTION('center_axis',(-1.,-2.22044604925031E-11,-2.22044604925031E-11));
#2034=DIRECTION('ref_axis',(0.,-0.707106781186547,0.707106781186547));
#2035=DIRECTION('center_axis',(0.311040929304535,-0.850060487399507,0.425030243699767));
#2036=DIRECTION('ref_axis',(-0.502014613168457,-0.52668507455795,-0.685991370501999));
#2037=DIRECTION('center_axis',(-3.10608698717652E-15,-1.,0.));
#2038=DIRECTION('ref_axis',(0.,0.,-1.));
#2039=DIRECTION('center_axis',(-1.,0.,-1.77635683940025E-14));
#2040=DIRECTION('ref_axis',(0.,-1.,0.));
#2041=DIRECTION('center_axis',(0.302469736925366,-1.025673306508E-14,-0.953158988964748));
#2042=DIRECTION('ref_axis',(-0.953158988964747,0.,-0.302469736925366));
#2043=DIRECTION('center_axis',(-0.874085045505663,1.07044545316108E-16,
0.485772923518143));
#2044=DIRECTION('ref_axis',(0.22430497378163,-0.887010833178222,0.40360755761172));
#2045=DIRECTION('',(0.874085045505663,-1.07044545316108E-16,-0.485772923518143));
#2046=DIRECTION('center_axis',(-0.274578134674312,0.,0.961564791347299));
#2047=DIRECTION('ref_axis',(0.961564791347299,-1.51383847764101E-16,0.274578134674312));
#2048=DIRECTION('',(-0.874085045505663,7.5204657015139E-17,0.485772923518143));
#2049=DIRECTION('center_axis',(0.274578134674313,0.,-0.961564791347299));
#2050=DIRECTION('ref_axis',(0.961564791347299,-1.51383847764101E-16,0.274578134674313));
#2051=DIRECTION('center_axis',(-0.254438415442031,-0.864990678676875,0.432495339338435));
#2052=DIRECTION('ref_axis',(0.438605324851719,-0.501787929111612,-0.745542918422271));
#2053=DIRECTION('center_axis',(8.22675531330126E-16,-1.,1.48029736616688E-15));
#2054=DIRECTION('ref_axis',(0.874085045505663,0.,-0.485772923518142));
#2055=DIRECTION('center_axis',(-0.48577292351814,0.,-0.874085045505665));
#2056=DIRECTION('ref_axis',(0.,-1.,0.));
#2057=DIRECTION('center_axis',(1.,-5.92118946466751E-15,0.));
#2058=DIRECTION('ref_axis',(0.,0.,-1.));
#2059=DIRECTION('center_axis',(0.485772923518143,-5.94900255898946E-17,
0.874085045505663));
#2060=DIRECTION('ref_axis',(0.618071463010807,-0.707106781186547,-0.343493328336492));
#2061=DIRECTION('',(-0.485772923518143,5.94900255898946E-17,-0.874085045505663));
#2062=DIRECTION('',(0.485772923518143,-5.94900255898946E-17,0.874085045505663));
#2063=DIRECTION('center_axis',(-0.397921883360127,0.573576436351047,-0.7160085519084));
#2064=DIRECTION('ref_axis',(-0.278627902347365,-0.819152044288991,-0.501354585468881));
#2065=DIRECTION('center_axis',(1.,-1.22464679914735E-16,-7.54746861368278E-49));
#2066=DIRECTION('ref_axis',(0.,-0.707106781186548,-0.707106781186548));
#2067=DIRECTION('',(-1.,1.22464679914735E-16,7.54746861368278E-49));
#2068=DIRECTION('',(1.,-1.22464679914735E-16,-7.54746861368278E-49));
#2069=DIRECTION('center_axis',(-1.22464679914735E-16,-1.,-6.16297582203915E-33));
#2070=DIRECTION('ref_axis',(0.507063643185871,-6.20973867591573E-17,-0.861908615665879));
#2071=DIRECTION('',(1.22464679914735E-16,1.,6.16297582203915E-33));
#2072=DIRECTION('center_axis',(0.,-1.,-6.16297582203915E-33));
#2073=DIRECTION('ref_axis',(0.507063643185871,-6.20973867591573E-17,-0.861908615665879));
#2074=DIRECTION('',(-1.22464679914735E-16,-1.,-4.70866554878593E-33));
#2075=DIRECTION('',(1.22464679914735E-16,1.,6.16297582203915E-33));
#2076=DIRECTION('center_axis',(0.485772923518143,-5.94900255898946E-17,
0.874085045505663));
#2077=DIRECTION('ref_axis',(0.618071463010807,-0.707106781186547,-0.343493328336492));
#2078=DIRECTION('',(0.485772923518143,-5.94900255898946E-17,0.874085045505663));
#2079=DIRECTION('center_axis',(-0.485772923518143,5.94900255898945E-17,
-0.874085045505663));
#2080=DIRECTION('ref_axis',(0.618071463010807,-0.707106781186547,-0.343493328336492));
#2081=DIRECTION('',(-0.485772923518143,5.94900255898946E-17,-0.874085045505663));
#2082=DIRECTION('center_axis',(0.397921883360127,-0.573576436351047,0.7160085519084));
#2083=DIRECTION('ref_axis',(-0.278627902347366,-0.819152044288991,-0.501354585468881));
#2084=DIRECTION('center_axis',(-1.,1.22464679914735E-16,1.22464679914735E-16));
#2085=DIRECTION('ref_axis',(0.,-0.923879532511287,0.382683432365089));
#2086=DIRECTION('center_axis',(-0.564751791963111,0.,0.825260815424103));
#2087=DIRECTION('ref_axis',(0.825260815424103,-1.04500073772627E-16,0.564751791963111));
#2088=DIRECTION('',(-1.,1.22464679914735E-16,1.22464679914735E-16));
#2089=DIRECTION('',(1.,-1.22464679914735E-16,-1.22464679914735E-16));
#2090=DIRECTION('center_axis',(0.,-6.16297582203915E-33,1.));
#2091=DIRECTION('ref_axis',(1.,0.,0.));
#2092=DIRECTION('center_axis',(0.,-6.16297582203915E-33,1.));
#2093=DIRECTION('ref_axis',(1.,0.,0.));
#2094=DIRECTION('',(0.,-6.16297582203915E-33,1.));
#2095=DIRECTION('center_axis',(0.,-6.16297582203915E-33,1.));
#2096=DIRECTION('ref_axis',(1.,0.,0.));
#2097=DIRECTION('center_axis',(0.,-6.16297582203915E-33,1.));
#2098=DIRECTION('ref_axis',(1.,0.,0.));
#2099=DIRECTION('center_axis',(0.,-6.16297582203915E-33,1.));
#2100=DIRECTION('ref_axis',(1.,0.,0.));
#2101=DIRECTION('center_axis',(0.,-6.16297582203915E-33,1.));
#2102=DIRECTION('ref_axis',(1.,0.,0.));
#2103=DIRECTION('',(0.,-6.16297582203915E-33,1.));
#2104=DIRECTION('center_axis',(0.,-6.16297582203915E-33,1.));
#2105=DIRECTION('ref_axis',(1.,0.,0.));
#2106=DIRECTION('center_axis',(0.,6.16297582203915E-33,-1.));
#2107=DIRECTION('ref_axis',(1.,-1.22464679914735E-16,-7.54746861368278E-49));
#2108=DIRECTION('',(-1.,0.,0.));
#2109=DIRECTION('',(1.,-1.22464679914735E-16,-7.54746861368278E-49));
#2110=DIRECTION('',(0.,1.,6.16297582203915E-33));
#2111=DIRECTION('',(-1.,1.22464679914735E-16,7.54746861368278E-49));
#2112=DIRECTION('',(0.,-1.,-6.16297582203915E-33));
#2113=DIRECTION('',(1.,-1.22464679914735E-16,-7.54746861368278E-49));
#2114=DIRECTION('',(0.,1.,6.16297582203915E-33));
#2115=DIRECTION('',(-1.,1.22464679914735E-16,7.54746861368278E-49));
#2116=DIRECTION('',(0.,-1.,-6.16297582203915E-33));
#2117=DIRECTION('',(1.,-1.22464679914735E-16,-7.54746861368278E-49));
#2118=DIRECTION('',(0.,1.,6.16297582203915E-33));
#2119=DIRECTION('',(-1.,1.22464679914735E-16,7.54746861368278E-49));
#2120=DIRECTION('',(0.,-1.,-6.16297582203915E-33));
#2121=DIRECTION('',(1.,-1.22464679914735E-16,-7.54746861368278E-49));
#2122=DIRECTION('',(0.,1.,6.16297582203915E-33));
#2123=DIRECTION('',(-1.,1.22464679914735E-16,7.54746861368278E-49));
#2124=DIRECTION('',(0.,-1.,-6.16297582203915E-33));
#2125=DIRECTION('',(1.,-1.22464679914735E-16,-7.54746861368278E-49));
#2126=DIRECTION('',(0.,1.,6.16297582203915E-33));
#2127=DIRECTION('',(-1.,1.22464679914735E-16,7.54746861368278E-49));
#2128=DIRECTION('',(0.,-1.,-6.16297582203915E-33));
#2129=DIRECTION('',(-1.22464679914735E-16,-1.,-6.16297582203915E-33));
#2130=DIRECTION('center_axis',(0.,1.,6.16297582203915E-33));
#2131=DIRECTION('ref_axis',(0.,-6.16297582203915E-33,1.));
#2132=DIRECTION('',(0.,-6.16297582203915E-33,1.));
#2133=DIRECTION('',(1.,0.,0.));
#2134=DIRECTION('',(0.,-6.16297582203915E-33,1.));
#2135=DIRECTION('',(-1.,0.,0.));
#2136=DIRECTION('',(0.,6.16297582203915E-33,-1.));
#2137=DIRECTION('',(-0.36211082694891,5.74472576798504E-33,-0.932135048695401));
#2138=DIRECTION('',(0.874085045505663,2.99380678264359E-33,-0.485772923518143));
#2139=DIRECTION('',(-0.874085045505663,-3.0626842058625E-16,0.485772923518143));
#2140=DIRECTION('',(-0.485772923518143,5.38696500185739E-33,-0.874085045505663));
#2141=DIRECTION('',(0.485772923518143,-5.38696500185739E-33,0.874085045505663));
#2142=DIRECTION('',(-0.874085045505663,-2.99380678264359E-33,0.485772923518143));
#2143=DIRECTION('',(0.36211082694891,-5.74472576798504E-33,0.932135048695401));
#2144=DIRECTION('',(-0.932135048695401,1.14153620375788E-16,0.36211082694891));
#2145=DIRECTION('',(0.36211082694891,-5.74472576798504E-33,0.932135048695401));
#2146=DIRECTION('',(-0.932135048695401,1.14153620375788E-16,0.36211082694891));
#2147=DIRECTION('',(0.36211082694891,-5.74472576798504E-33,0.932135048695401));
#2148=DIRECTION('',(0.,-6.16297582203915E-33,1.));
#2149=DIRECTION('',(-1.,0.,0.));
#2150=DIRECTION('',(0.,6.16297582203915E-33,-1.));
#2151=DIRECTION('',(0.991837408814549,-1.21465050797934E-16,0.127509036840695));
#2152=DIRECTION('',(0.989310803965795,-1.21155630943861E-16,0.14582226564058));
#2153=DIRECTION('',(0.962939169960005,-1.17926037226513E-16,0.269718658896148));
#2154=DIRECTION('',(0.959404786647686,-1.17493200105474E-16,0.282032720366818));
#2155=DIRECTION('',(1.,0.,0.));
#2156=DIRECTION('',(0.485772923518143,-5.38696500185739E-33,0.874085045505663));
#2157=DIRECTION('',(-0.874085045505663,1.07044545316108E-16,0.485772923518143));
#2158=DIRECTION('',(0.485772923518143,-5.38696500185739E-33,0.874085045505663));
#2159=DIRECTION('',(-0.874085045505663,1.07044545316108E-16,0.485772923518143));
#2160=DIRECTION('',(0.485772923518143,-5.38696500185739E-33,0.874085045505663));
#2161=DIRECTION('',(-0.874085045505663,-2.99380678264359E-33,0.485772923518143));
#2162=DIRECTION('center_axis',(0.,-1.,-6.16297582203915E-33));
#2163=DIRECTION('ref_axis',(-1.,0.,0.));
#2164=DIRECTION('center_axis',(0.,-1.,-6.16297582203915E-33));
#2165=DIRECTION('ref_axis',(-1.,0.,0.));
#2166=DIRECTION('center_axis',(0.,-1.,-6.16297582203915E-33));
#2167=DIRECTION('ref_axis',(-1.,0.,0.));
#2168=DIRECTION('center_axis',(0.,-1.,-6.16297582203915E-33));
#2169=DIRECTION('ref_axis',(-1.,0.,0.));
#2170=DIRECTION('center_axis',(-1.,1.22464679914735E-16,7.54746861368278E-49));
#2171=DIRECTION('ref_axis',(0.,6.16297582203915E-33,-1.));
#2172=DIRECTION('center_axis',(1.,-1.22464679914735E-16,-7.54746861368278E-49));
#2173=DIRECTION('ref_axis',(0.,-0.707106781186549,0.707106781186546));
#2174=DIRECTION('center_axis',(-1.,1.22464679914735E-16,7.54746861368278E-49));
#2175=DIRECTION('ref_axis',(0.,6.16297582203915E-33,-1.));
#2176=DIRECTION('center_axis',(0.36211082694891,-4.43457865159584E-17,0.9321350486954));
#2177=DIRECTION('ref_axis',(0.659119013914171,-0.707106781186547,-0.256051021276642));
#2178=DIRECTION('',(-0.36211082694891,4.43457865159584E-17,-0.932135048695401));
#2179=DIRECTION('center_axis',(-0.485772923518143,5.94900255898945E-17,
-0.874085045505663));
#2180=DIRECTION('ref_axis',(0.874085045505663,4.58276445264715E-16,-0.485772923518143));
#2181=DIRECTION('',(0.36211082694891,-4.43457865159584E-17,0.932135048695401));
#2182=DIRECTION('center_axis',(-1.,1.22464679914735E-16,7.54746861368278E-49));
#2183=DIRECTION('ref_axis',(2.36894782750095E-17,6.70039629241227E-17,-1.));
#2184=DIRECTION('center_axis',(0.,0.707106781186548,-0.707106781186547));
#2185=DIRECTION('ref_axis',(-0.481505609772451,-0.619738794879609,-0.619738794879609));
#2186=DIRECTION('center_axis',(-1.22464679914735E-16,-1.,-6.16297582203915E-33));
#2187=DIRECTION('ref_axis',(0.,-6.16297582203915E-33,1.));
#2188=DIRECTION('',(-0.874085045505663,1.07044545316108E-16,0.485772923518143));
#2189=DIRECTION('center_axis',(0.,0.707106781186548,-0.707106781186547));
#2190=DIRECTION('ref_axis',(0.,-0.707106781186547,-0.707106781186548));
#2191=DIRECTION('',(-8.65956056235493E-17,-0.707106781186547,-0.707106781186548));
#2192=DIRECTION('',(-1.,0.,0.));
#2193=DIRECTION('center_axis',(0.,0.707106781186548,-0.707106781186547));
#2194=DIRECTION('ref_axis',(0.,0.707106781186547,0.707106781186548));
#2195=DIRECTION('center_axis',(0.,0.707106781186548,-0.707106781186547));
#2196=DIRECTION('ref_axis',(0.,0.707106781186547,0.707106781186548));
#2197=DIRECTION('center_axis',(0.,0.707106781186548,-0.707106781186547));
#2198=DIRECTION('ref_axis',(0.,0.707106781186547,0.707106781186548));
#2199=DIRECTION('center_axis',(0.,0.707106781186548,-0.707106781186547));
#2200=DIRECTION('ref_axis',(0.,0.707106781186547,0.707106781186548));
#2201=DIRECTION('center_axis',(0.,-1.,0.));
#2202=DIRECTION('ref_axis',(-1.,0.,0.));
#2203=DIRECTION('',(0.,-1.,0.));
#2204=DIRECTION('center_axis',(0.,-1.,0.));
#2205=DIRECTION('ref_axis',(-1.,0.,0.));
#2206=DIRECTION('center_axis',(0.,1.,0.));
#2207=DIRECTION('ref_axis',(-1.,0.,0.));
#2208=DIRECTION('center_axis',(0.,-1.,0.));
#2209=DIRECTION('ref_axis',(-1.,0.,0.));
#2210=DIRECTION('',(0.,-1.,0.));
#2211=DIRECTION('center_axis',(0.,-1.,0.));
#2212=DIRECTION('ref_axis',(-1.,0.,0.));
#2213=DIRECTION('center_axis',(0.,1.,0.));
#2214=DIRECTION('ref_axis',(-1.,0.,0.));
#2215=DIRECTION('center_axis',(0.,-1.,0.));
#2216=DIRECTION('ref_axis',(0.,0.,-1.));
#2217=DIRECTION('',(-0.485772923518143,0.,-0.874085045505663));
#2218=DIRECTION('',(-0.874085045505663,1.07044545316108E-16,0.485772923518143));
#2219=DIRECTION('',(-0.485772923518143,2.77465218825465E-17,-0.874085045505663));
#2220=DIRECTION('',(0.874085045505663,-1.07044545316108E-16,-0.485772923518143));
#2221=DIRECTION('center_axis',(-0.874085045505663,1.07044545316108E-16,
0.485772923518143));
#2222=DIRECTION('ref_axis',(-0.485772923518143,5.94900255898946E-17,-0.874085045505663));
#2223=DIRECTION('',(-1.07044545316108E-16,-1.,2.77465218825465E-17));
#2224=DIRECTION('',(1.07044545316108E-16,1.,-2.77465218825465E-17));
#2225=DIRECTION('',(1.22464679914735E-16,1.,6.16297582203915E-33));
#2226=DIRECTION('center_axis',(-0.874085045505663,1.07044545316108E-16,
0.485772923518143));
#2227=DIRECTION('ref_axis',(0.485772923518143,-5.38696500185739E-33,0.874085045505663));
#2228=DIRECTION('',(1.22464679914735E-16,1.,6.16297582203915E-33));
#2229=DIRECTION('center_axis',(-0.874085045505663,1.07044545316108E-16,
0.485772923518143));
#2230=DIRECTION('ref_axis',(0.485772923518143,-5.38696500185739E-33,0.874085045505663));
#2231=DIRECTION('',(1.22464679914735E-16,1.,6.16297582203915E-33));
#2232=DIRECTION('',(-0.485772923518143,5.94900255898946E-17,-0.874085045505663));
#2233=DIRECTION('',(0.278627902347366,0.819152044288991,0.501354585468881));
#2234=DIRECTION('center_axis',(-0.874085045505663,1.07044545316108E-16,
0.485772923518143));
#2235=DIRECTION('ref_axis',(-0.485772923518143,5.94900255898946E-17,-0.874085045505663));
#2236=DIRECTION('',(1.07044545316108E-16,1.,-2.77465218825465E-17));
#2237=DIRECTION('',(-1.07044545316108E-16,-1.,2.77465218825465E-17));
#2238=DIRECTION('center_axis',(-0.485772923518143,2.77465218825465E-17,
-0.874085045505663));
#2239=DIRECTION('ref_axis',(-0.874085045505663,0.,0.485772923518143));
#2240=DIRECTION('center_axis',(0.485772923518143,-2.77465218825465E-17,
0.874085045505663));
#2241=DIRECTION('ref_axis',(0.874085045505663,0.,-0.485772923518143));
#2242=DIRECTION('center_axis',(-0.9321350486954,1.14153620375788E-16,0.36211082694891));
#2243=DIRECTION('ref_axis',(-0.36211082694891,4.43457865159584E-17,-0.9321350486954));
#2244=DIRECTION('',(1.14153620375788E-16,1.,-2.13940852123144E-17));
#2245=DIRECTION('',(-1.14153620375788E-16,-1.,2.13940852123144E-17));
#2246=DIRECTION('',(0.36211082694891,-2.13940852123144E-17,0.932135048695401));
#2247=DIRECTION('center_axis',(-0.36211082694891,2.13940852123145E-17,-0.9321350486954));
#2248=DIRECTION('ref_axis',(-0.9321350486954,0.,0.36211082694891));
#2249=DIRECTION('',(-1.14153620375788E-16,-1.,2.13940852123144E-17));
#2250=DIRECTION('',(-0.932135048695401,1.14153620375788E-16,0.36211082694891));
#2251=DIRECTION('center_axis',(0.36211082694891,-2.13940852123145E-17,0.9321350486954));
#2252=DIRECTION('ref_axis',(0.9321350486954,0.,-0.36211082694891));
#2253=DIRECTION('',(1.14153620375788E-16,1.,-2.13940852123144E-17));
#2254=DIRECTION('',(-0.932135048695401,1.14153620375788E-16,0.36211082694891));
#2255=DIRECTION('center_axis',(1.14153620375788E-16,1.,-2.13940852123144E-17));
#2256=DIRECTION('ref_axis',(0.,2.13940852123144E-17,1.));
#2257=DIRECTION('',(-0.36211082694891,2.13940852123145E-17,-0.932135048695401));
#2258=DIRECTION('center_axis',(-0.9321350486954,1.14153620375788E-16,0.36211082694891));
#2259=DIRECTION('ref_axis',(-0.36211082694891,4.43457865159584E-17,-0.9321350486954));
#2260=DIRECTION('',(1.22464679914735E-16,1.,6.16297582203915E-33));
#2261=DIRECTION('',(-0.36211082694891,4.43457865159584E-17,-0.932135048695401));
#2262=DIRECTION('',(0.264881298010239,0.681849652769733,0.681849652769733));
#2263=DIRECTION('',(-1.22464679914735E-16,-1.,-6.16297582203915E-33));
#2264=DIRECTION('center_axis',(0.,-1.,-6.16297582203915E-33));
#2265=DIRECTION('ref_axis',(-1.,0.,0.));
#2266=DIRECTION('',(0.,-1.,-6.16297582203915E-33));
#2267=DIRECTION('center_axis',(0.,-1.,-6.16297582203915E-33));
#2268=DIRECTION('ref_axis',(-1.,0.,0.));
#2269=DIRECTION('center_axis',(0.,1.,6.16297582203915E-33));
#2270=DIRECTION('ref_axis',(-1.,0.,0.));
#2271=DIRECTION('center_axis',(0.,-1.,-6.16297582203915E-33));
#2272=DIRECTION('ref_axis',(-1.,0.,0.));
#2273=DIRECTION('',(0.,-1.,-6.16297582203915E-33));
#2274=DIRECTION('center_axis',(0.,-1.,-6.16297582203915E-33));
#2275=DIRECTION('ref_axis',(-1.,0.,0.));
#2276=DIRECTION('center_axis',(0.,1.,6.16297582203915E-33));
#2277=DIRECTION('ref_axis',(-1.,0.,0.));
#2278=DIRECTION('center_axis',(-1.03268663227145E-16,1.,3.58830735604483E-16));
#2279=DIRECTION('ref_axis',(0.,-3.58830735604483E-16,1.));
#2280=DIRECTION('',(0.959404786647686,-1.17493200105474E-16,0.282032720366818));
#2281=DIRECTION('',(-0.962939169959889,1.17926037226499E-16,-0.269718658896562));
#2282=DIRECTION('center_axis',(1.02320665880506E-16,1.,-7.41240876157551E-16));
#2283=DIRECTION('ref_axis',(0.,7.41240876157551E-16,1.));
#2284=DIRECTION('',(0.989310803965795,-1.21155630943861E-16,0.145822265640581));
#2285=DIRECTION('',(-0.991837408813729,1.21465050797834E-16,-0.127509036847073));
#2286=DIRECTION('',(0.,-1.,-6.16297582203915E-33));
#2287=DIRECTION('',(0.,-1.,-6.16297582203915E-33));
#2288=DIRECTION('center_axis',(0.269718658895739,5.96583280024064E-17,-0.96293916996012));
#2289=DIRECTION('ref_axis',(-0.96293916996012,1.66226957352726E-33,-0.269718658895739));
#2290=DIRECTION('center_axis',(-0.282032720365894,-5.91278850366E-33,0.959404786647958));
#2291=DIRECTION('ref_axis',(0.959404786647958,-1.73816083663894E-33,0.282032720365894));
#2292=DIRECTION('',(0.,-1.,1.11022302462516E-15));
#2293=DIRECTION('',(0.,-1.,1.11022302462516E-15));
#2294=DIRECTION('center_axis',(0.127509036834312,-1.17489468851202E-14,
-0.991837408815369));
#2295=DIRECTION('ref_axis',(-0.991837408815369,7.85835111101365E-34,-0.127509036834312));
#2296=DIRECTION('center_axis',(-0.145822265636622,2.00370473707833E-14,
0.989310803966379));
#2297=DIRECTION('ref_axis',(0.989310803966379,-8.98699097433472E-34,0.145822265636622));
#2298=DIRECTION('center_axis',(-0.485772923518142,5.3869650018574E-33,-0.874085045505663));
#2299=DIRECTION('ref_axis',(0.,1.,6.16297582203915E-33));
#2300=DIRECTION('center_axis',(-0.397921883360127,0.573576436351047,-0.7160085519084));
#2301=DIRECTION('ref_axis',(0.278627902347366,0.819152044288991,0.501354585468881));
#2302=DIRECTION('',(-0.485772923518142,5.3869650018574E-33,-0.874085045505663));
#2303=DIRECTION('center_axis',(0.397921883360127,-0.573576436351047,0.7160085519084));
#2304=DIRECTION('ref_axis',(0.278627902347366,0.819152044288991,0.501354585468881));
#2305=DIRECTION('center_axis',(0.,6.16297582203915E-33,-1.));
#2306=DIRECTION('ref_axis',(-1.,0.,0.));
#2307=DIRECTION('',(0.,6.16297582203915E-33,-1.));
#2308=DIRECTION('center_axis',(0.,-0.707106781186548,0.707106781186547));
#2309=DIRECTION('ref_axis',(0.,0.707106781186547,0.707106781186548));
#2310=DIRECTION('center_axis',(0.,6.16297582203915E-33,-1.));
#2311=DIRECTION('ref_axis',(-1.,0.,0.));
#2312=DIRECTION('',(0.,6.16297582203915E-33,-1.));
#2313=DIRECTION('center_axis',(0.,-0.707106781186548,0.707106781186547));
#2314=DIRECTION('ref_axis',(0.,0.707106781186547,0.707106781186548));
#2315=DIRECTION('center_axis',(0.,6.16297582203915E-33,-1.));
#2316=DIRECTION('ref_axis',(-1.,0.,0.));
#2317=DIRECTION('',(0.,6.16297582203915E-33,-1.));
#2318=DIRECTION('center_axis',(0.,-0.707106781186548,0.707106781186547));
#2319=DIRECTION('ref_axis',(0.,0.707106781186547,0.707106781186548));
#2320=DIRECTION('center_axis',(0.,6.16297582203915E-33,-1.));
#2321=DIRECTION('ref_axis',(-1.,0.,0.));
#2322=DIRECTION('',(0.,6.16297582203915E-33,-1.));
#2323=DIRECTION('center_axis',(0.,-0.707106781186548,0.707106781186547));
#2324=DIRECTION('ref_axis',(0.,0.707106781186547,0.707106781186548));
#2325=DIRECTION('center_axis',(-1.22464679914735E-16,-1.,-6.16297582203915E-33));
#2326=DIRECTION('ref_axis',(-1.,1.22464679914735E-16,7.54746861368278E-49));
#2327=DIRECTION('',(1.,-1.22464679914735E-16,-7.54746861368278E-49));
#2328=DIRECTION('center_axis',(1.22464679914735E-16,1.,6.16297582203915E-33));
#2329=DIRECTION('ref_axis',(-0.985574579975961,1.20698075468856E-16,0.169241683119759));
#2330=DIRECTION('center_axis',(-1.22464679914735E-16,-1.,-6.16297582203915E-33));
#2331=DIRECTION('ref_axis',(-0.988352889768922,1.21038320288355E-16,0.152179385218302));
#2332=DIRECTION('center_axis',(0.,1.,6.16297582203915E-33));
#2333=DIRECTION('ref_axis',(-0.985574579975961,-1.04303240114829E-33,0.169241683119759));
#2334=DIRECTION('',(0.,1.,6.16297582203915E-33));
#2335=DIRECTION('center_axis',(-1.22464679914735E-16,-1.,-6.16297582203915E-33));
#2336=DIRECTION('ref_axis',(-0.985574579975961,1.20698075468856E-16,0.169241683119759));
#2337=DIRECTION('center_axis',(-1.22464679914735E-16,-1.,-6.16297582203915E-33));
#2338=DIRECTION('ref_axis',(-1.,1.22464679914735E-16,7.54746861368278E-49));
#2339=DIRECTION('',(1.,-1.22464679914735E-16,-7.54746861368278E-49));
#2340=DIRECTION('center_axis',(1.22464679914735E-16,1.,6.16297582203915E-33));
#2341=DIRECTION('ref_axis',(-0.815247562880866,9.98390318394733E-17,0.579112606680954));
#2342=DIRECTION('center_axis',(-1.22464679914735E-16,-1.,-6.16297582203915E-33));
#2343=DIRECTION('ref_axis',(-0.830886541891176,1.01754254398164E-16,0.556441869833788));
#2344=DIRECTION('center_axis',(0.,1.,6.16297582203915E-33));
#2345=DIRECTION('ref_axis',(-0.815247562880866,-3.56905699321279E-33,0.579112606680954));
#2346=DIRECTION('',(0.,1.,6.16297582203915E-33));
#2347=DIRECTION('center_axis',(-1.22464679914735E-16,-1.,-6.16297582203915E-33));
#2348=DIRECTION('ref_axis',(-0.815247562880866,9.98390318394733E-17,0.579112606680954));
#2349=DIRECTION('center_axis',(0.,1.,6.16297582203915E-33));
#2350=DIRECTION('ref_axis',(-0.756516887003602,-4.03042692562543E-33,0.653974158264972));
#2351=DIRECTION('',(0.,-1.,-6.16297582203915E-33));
#2352=DIRECTION('center_axis',(-1.22464679914735E-16,-1.,-6.16297582203915E-33));
#2353=DIRECTION('ref_axis',(-0.756516887003602,9.26465984169881E-17,0.653974158264972));
#2354=DIRECTION('center_axis',(1.22464679914735E-16,1.,6.16297582203915E-33));
#2355=DIRECTION('ref_axis',(-0.756516887003602,9.26465984169881E-17,0.653974158264972));
#2356=DIRECTION('center_axis',(-1.22464679914735E-16,-1.,-6.16297582203915E-33));
#2357=DIRECTION('ref_axis',(-1.,1.22464679914735E-16,7.54746861368278E-49));
#2358=DIRECTION('',(1.,-1.22464679914735E-16,-7.54746861368278E-49));
#2359=DIRECTION('center_axis',(1.22464679914735E-16,1.,6.16297582203915E-33));
#2360=DIRECTION('ref_axis',(-0.707421546435217,8.66341532489759E-17,0.706791875759198));
#2361=DIRECTION('center_axis',(0.,6.16297582203915E-33,-1.));
#2362=DIRECTION('ref_axis',(1.,-1.22464679914735E-16,-7.54746861368278E-49));
#2363=DIRECTION('center_axis',(0.,6.16297582203915E-33,-1.));
#2364=DIRECTION('ref_axis',(1.,0.,0.));
#2365=DIRECTION('',(-1.,1.22464679914735E-16,7.54746861368278E-49));
#2366=DIRECTION('center_axis',(0.,6.16297582203915E-33,-1.));
#2367=DIRECTION('ref_axis',(1.,0.,0.));
#2368=DIRECTION('',(-1.,1.22464679914735E-16,7.54746861368278E-49));
#2369=DIRECTION('',(0.,-1.,-6.16297582203915E-33));
#2370=DIRECTION('',(-1.,1.22464679914735E-16,7.54746861368278E-49));
#2371=DIRECTION('',(0.,-1.,-6.16297582203915E-33));
#2372=DIRECTION('',(0.,1.,6.16297582203915E-33));
#2373=DIRECTION('',(-1.,1.22464679914735E-16,7.54746861368278E-49));
#2374=DIRECTION('',(-1.,1.22464679914735E-16,7.54746861368278E-49));
#2375=DIRECTION('',(0.,1.,6.16297582203915E-33));
#2376=DIRECTION('',(1.,-1.22464679914735E-16,-7.54746861368278E-49));
#2377=DIRECTION('',(0.,-1.,-6.16297582203915E-33));
#2378=DIRECTION('',(-1.,1.22464679914735E-16,7.54746861368278E-49));
#2379=DIRECTION('',(0.,1.,6.16297582203915E-33));
#2380=DIRECTION('',(1.,-1.22464679914735E-16,-7.54746861368278E-49));
#2381=DIRECTION('',(0.,-1.,-6.16297582203915E-33));
#2382=DIRECTION('center_axis',(-1.22464679914735E-16,-1.,-6.16297582203915E-33));
#2383=DIRECTION('ref_axis',(-1.,1.22464679914735E-16,7.54746861368278E-49));
#2384=DIRECTION('center_axis',(1.22464679914735E-16,1.,6.16297582203915E-33));
#2385=DIRECTION('ref_axis',(-0.986511598068576,1.20812827089642E-16,-0.163691376914557));
#2386=DIRECTION('center_axis',(-1.22464679914735E-16,-1.,-6.16297582203915E-33));
#2387=DIRECTION('ref_axis',(-0.996938202219836,1.22089717829624E-16,-0.0781934840935123));
#2388=DIRECTION('center_axis',(0.,1.,6.16297582203915E-33));
#2389=DIRECTION('ref_axis',(-0.986511598068576,1.00882599820071E-33,-0.163691376914557));
#2390=DIRECTION('center_axis',(-1.22464679914735E-16,-1.,-6.16297582203915E-33));
#2391=DIRECTION('ref_axis',(-0.986511598068576,1.20812827089642E-16,-0.163691376914557));
#2392=DIRECTION('center_axis',(-1.22464679914735E-16,-1.,-6.16297582203915E-33));
#2393=DIRECTION('ref_axis',(-1.,1.22464679914735E-16,7.54746861368278E-49));
#2394=DIRECTION('center_axis',(1.22464679914735E-16,1.,6.16297582203915E-33));
#2395=DIRECTION('ref_axis',(-0.999463271676253,1.22398949652367E-16,0.0327592516733783));
#2396=DIRECTION('center_axis',(-1.22464679914735E-16,-1.,-6.16297582203915E-33));
#2397=DIRECTION('ref_axis',(-0.999738039459448,1.22432599000986E-16,0.0228878233517087));
#2398=DIRECTION('center_axis',(0.,1.,6.16297582203915E-33));
#2399=DIRECTION('ref_axis',(-0.999463271676253,-2.01894476011126E-34,0.0327592516733783));
#2400=DIRECTION('center_axis',(-1.22464679914735E-16,-1.,-6.16297582203915E-33));
#2401=DIRECTION('ref_axis',(-0.999463271676253,1.22398949652367E-16,0.0327592516733783));
#2402=DIRECTION('center_axis',(0.,-6.16297582203915E-33,1.));
#2403=DIRECTION('ref_axis',(-1.,-1.22464679914735E-16,-7.54746861368278E-49));
#2404=DIRECTION('center_axis',(0.,6.16297582203915E-33,-1.));
#2405=DIRECTION('ref_axis',(1.,0.,0.));
#2406=DIRECTION('center_axis',(0.,6.16297582203915E-33,-1.));
#2407=DIRECTION('ref_axis',(1.,0.,0.));
#2408=DIRECTION('center_axis',(-0.874085045505663,-3.0626842058625E-16,
0.485772923518143));
#2409=DIRECTION('ref_axis',(0.485772923518143,-5.38696500185739E-33,0.874085045505663));
#2410=DIRECTION('',(-0.278627902347366,-0.819152044288991,-0.501354585468881));
#2411=DIRECTION('',(-0.485772923518143,5.94900255898946E-17,-0.874085045505663));
#2412=DIRECTION('',(-2.38806002694108E-16,1.,2.00776247774343E-16));
#2413=DIRECTION('center_axis',(-0.397921883360127,0.573576436351047,-0.7160085519084));
#2414=DIRECTION('ref_axis',(-0.278627902347366,-0.819152044288991,-0.501354585468881));
#2415=DIRECTION('',(0.874085045505663,-1.07044545316108E-16,-0.485772923518143));
#2416=DIRECTION('center_axis',(-1.,1.22464679914735E-16,7.54746861368278E-49));
#2417=DIRECTION('ref_axis',(0.,6.16297582203915E-33,-1.));
#2418=DIRECTION('',(8.65956056235493E-17,0.707106781186547,0.707106781186548));
#2419=DIRECTION('center_axis',(0.,0.707106781186548,-0.707106781186547));
#2420=DIRECTION('ref_axis',(0.,-0.707106781186547,-0.707106781186548));
#2421=DIRECTION('',(-8.65956056235493E-17,-0.707106781186547,-0.707106781186548));
#2422=DIRECTION('',(-1.,1.22464679914735E-16,1.22464679914735E-16));
#2423=DIRECTION('center_axis',(-0.485772923518143,5.94900255898945E-17,
-0.874085045505663));
#2424=DIRECTION('ref_axis',(0.874085045505663,-1.07044545316108E-16,-0.485772923518143));
#2425=DIRECTION('',(-0.874085045505663,1.07044545316108E-16,0.485772923518143));
#2426=DIRECTION('center_axis',(-1.22464679914735E-16,-1.,-6.16297582203915E-33));
#2427=DIRECTION('ref_axis',(0.,-6.16297582203915E-33,1.));
#2428=DIRECTION('center_axis',(0.,6.16297582203915E-33,-1.));
#2429=DIRECTION('ref_axis',(1.,0.,0.));
#2430=DIRECTION('center_axis',(0.,6.16297582203915E-33,-1.));
#2431=DIRECTION('ref_axis',(1.,0.,0.));
#2432=DIRECTION('center_axis',(0.,-6.16297582203915E-33,1.));
#2433=DIRECTION('ref_axis',(1.,0.,0.));
#2434=DIRECTION('center_axis',(1.,-1.22464679914735E-16,-7.54746861368278E-49));
#2435=DIRECTION('ref_axis',(0.,-6.16297582203915E-33,1.));
#2436=DIRECTION('center_axis',(-0.485772923518143,5.94900255898945E-17,
-0.874085045505663));
#2437=DIRECTION('ref_axis',(0.874085045505663,-1.07044545316108E-16,-0.485772923518143));
#2438=DIRECTION('',(-2.38806002694108E-16,1.,2.00776247774343E-16));
#2439=DIRECTION('',(-1.22464679914735E-16,-1.,-6.16297582203915E-33));
#2440=DIRECTION('center_axis',(1.,0.,0.));
#2441=DIRECTION('ref_axis',(0.,-0.707106781186549,0.707106781186546));
#2442=DIRECTION('center_axis',(-1.,1.22464679914735E-16,7.54746861368278E-49));
#2443=DIRECTION('ref_axis',(0.,-0.707106781186549,0.707106781186546));
#2444=DIRECTION('center_axis',(-0.874085045505663,-3.0626842058625E-16,
0.485772923518143));
#2445=DIRECTION('ref_axis',(0.485772923518143,-5.38696500185739E-33,0.874085045505663));
#2446=DIRECTION('',(-0.278627902347366,-0.819152044288991,-0.501354585468881));
#2447=DIRECTION('center_axis',(-0.874085045505663,-3.0626842058625E-16,
0.485772923518143));
#2448=DIRECTION('ref_axis',(0.343493328336489,-0.707106781186547,0.618071463010809));
#2449=DIRECTION('center_axis',(-0.397921883360127,0.573576436351047,-0.7160085519084));
#2450=DIRECTION('ref_axis',(-0.278627902347366,-0.819152044288991,-0.501354585468881));
#2451=DIRECTION('',(-0.278627902347366,-0.819152044288991,-0.501354585468881));
#2452=DIRECTION('',(-0.874085045505663,-3.0626842058625E-16,0.485772923518143));
#2453=DIRECTION('center_axis',(-0.874085045505663,1.07044545316108E-16,
0.485772923518143));
#2454=DIRECTION('ref_axis',(-0.485772923518143,5.94900255898946E-17,-0.874085045505663));
#2455=DIRECTION('center_axis',(-0.874085045505663,1.07044545316108E-16,
0.485772923518143));
#2456=DIRECTION('ref_axis',(0.343493328336489,-0.707106781186547,0.618071463010809));
#2457=DIRECTION('center_axis',(0.874085045505663,3.0626842058625E-16,-0.485772923518143));
#2458=DIRECTION('ref_axis',(0.343493328336489,-0.707106781186547,0.618071463010809));
#2459=DIRECTION('center_axis',(-1.22464679914735E-16,-1.,-6.16297582203915E-33));
#2460=DIRECTION('ref_axis',(-1.,1.22464679914735E-16,7.54746861368278E-49));
#2461=DIRECTION('center_axis',(1.22464679914735E-16,1.,6.16297582203915E-33));
#2462=DIRECTION('ref_axis',(-0.988352889768922,1.21038320288355E-16,0.152179385218302));
#2463=DIRECTION('center_axis',(0.,1.,6.16297582203915E-33));
#2464=DIRECTION('ref_axis',(-0.988352889768922,-9.37877871713177E-34,0.152179385218302));
#2465=DIRECTION('center_axis',(-1.22464679914735E-16,-1.,-6.16297582203915E-33));
#2466=DIRECTION('ref_axis',(-1.,1.22464679914735E-16,7.54746861368278E-49));
#2467=DIRECTION('center_axis',(1.22464679914735E-16,1.,6.16297582203915E-33));
#2468=DIRECTION('ref_axis',(-0.830886541891176,1.01754254398164E-16,0.556441869833788));
#2469=DIRECTION('center_axis',(0.,1.,6.16297582203915E-33));
#2470=DIRECTION('ref_axis',(-0.830886541891176,-3.42933779015589E-33,0.556441869833788));
#2471=DIRECTION('center_axis',(0.,1.,6.16297582203915E-33));
#2472=DIRECTION('ref_axis',(-0.707421546435217,-4.35594124151764E-33,0.706791875759198));
#2473=DIRECTION('center_axis',(-1.22464679914735E-16,-1.,-6.16297582203915E-33));
#2474=DIRECTION('ref_axis',(-0.707421546435217,8.66341532489759E-17,0.706791875759198));
#2475=DIRECTION('center_axis',(-1.22464679914735E-16,-1.,-6.16297582203915E-33));
#2476=DIRECTION('ref_axis',(-1.,1.22464679914735E-16,7.54746861368278E-49));
#2477=DIRECTION('center_axis',(-1.22464679914735E-16,-1.,-6.16297582203915E-33));
#2478=DIRECTION('ref_axis',(-1.,1.22464679914735E-16,7.54746861368278E-49));
#2479=DIRECTION('center_axis',(1.22464679914735E-16,1.,6.16297582203915E-33));
#2480=DIRECTION('ref_axis',(-0.996938202219836,1.22089717829624E-16,-0.0781934840935123));
#2481=DIRECTION('center_axis',(0.,1.,6.16297582203915E-33));
#2482=DIRECTION('ref_axis',(-0.996938202219836,4.8190455190932E-34,-0.0781934840935123));
#2483=DIRECTION('center_axis',(-1.22464679914735E-16,-1.,-6.16297582203915E-33));
#2484=DIRECTION('ref_axis',(-1.,1.22464679914735E-16,7.54746861368278E-49));
#2485=DIRECTION('center_axis',(1.22464679914735E-16,1.,6.16297582203915E-33));
#2486=DIRECTION('ref_axis',(-0.999738039459448,1.22432599000986E-16,0.0228878233517087));
#2487=DIRECTION('center_axis',(0.,1.,6.16297582203915E-33));
#2488=DIRECTION('ref_axis',(-0.999738039459448,-1.41057101935684E-34,0.0228878233517087));
#2489=DIRECTION('center_axis',(0.,6.16297582203915E-33,-1.));
#2490=DIRECTION('ref_axis',(1.,0.,0.));
#2491=DIRECTION('center_axis',(0.,6.16297582203915E-33,-1.));
#2492=DIRECTION('ref_axis',(1.,0.,0.));
#2493=DIRECTION('center_axis',(1.,-1.22464679914735E-16,-7.54746861368278E-49));
#2494=DIRECTION('ref_axis',(0.,-6.16297582203915E-33,1.));
#2495=DIRECTION('',(1.22464679914735E-16,1.,6.16297582203915E-33));
#2496=DIRECTION('center_axis',(-0.9321350486954,1.14153620375788E-16,0.36211082694891));
#2497=DIRECTION('ref_axis',(-0.36211082694891,4.43457865159584E-17,-0.9321350486954));
#2498=DIRECTION('',(0.,0.,1.));
#2499=DIRECTION('',(1.,0.,0.));
#2500=DIRECTION('',(0.,0.,1.));
#2501=DIRECTION('',(1.,0.,0.));
#2502=CARTESIAN_POINT('',(0.,0.,0.));
#2503=CARTESIAN_POINT('',(0.,0.,0.));
#2504=CARTESIAN_POINT('',(0.,0.,0.));
#2505=CARTESIAN_POINT('Origin',(-123.329410626477,-27.,27.7573593128825));
#2506=CARTESIAN_POINT('',(-126.310322716229,-27.,27.4194789891381));
#2507=CARTESIAN_POINT('',(-123.329410626511,-29.121320343262,29.878679656738));
#2508=CARTESIAN_POINT('Origin',(-123.329410626477,-27.,27.7573593128807));
#2509=CARTESIAN_POINT('',(-123.329410626477,-30.,27.7573593128807));
#2510=CARTESIAN_POINT('Origin',(-123.329410626477,-27.,27.7573593128825));
#2511=CARTESIAN_POINT('Origin',(-123.329410626544,-27.,27.7573593128807));
#2512=CARTESIAN_POINT('Origin',(-107.809293137388,-27.,-42.));
#2513=CARTESIAN_POINT('',(-107.809293137388,-27.,-45.));
#2514=CARTESIAN_POINT('',(-110.668770104282,-27.,-42.9074092107761));
#2515=CARTESIAN_POINT('Origin',(-107.809293137388,-27.,-42.));
#2516=CARTESIAN_POINT('',(-107.809293137388,-30.,-42.));
#2517=CARTESIAN_POINT('Origin',(-107.809293137388,-27.,-42.));
#2518=CARTESIAN_POINT('Origin',(-107.809293137388,-27.,-42.));
#2519=CARTESIAN_POINT('Origin',(-67.1796577468297,-27.,-11.1113226658575));
#2520=CARTESIAN_POINT('',(-64.1430212975521,-30.,-12.7989339265833));
#2521=CARTESIAN_POINT('',(-51.46878813772,-30.,-19.8426413175964));
#2522=CARTESIAN_POINT('',(-67.1796577468297,-30.,-11.1113226658575));
#2523=CARTESIAN_POINT('',(-48.1269968319144,-28.7207293090532,-18.8883813119516));
#2524=CARTESIAN_POINT('Origin',(-51.46878813772,-27.,-19.8426413175964));
#2525=CARTESIAN_POINT('',(-60.8012299917465,-28.7207293090532,-11.8446739209385));
#2526=CARTESIAN_POINT('',(-65.9858920967493,-28.7207293090532,-8.96329701013235));
#2527=CARTESIAN_POINT('Origin',(-64.1430212975521,-27.,-12.7989339265833));
#2528=CARTESIAN_POINT('Origin',(-63.7827442681153,-27.,-42.));
#2529=CARTESIAN_POINT('',(-61.1604891315983,-27.,-43.4573187705544));
#2530=CARTESIAN_POINT('',(-63.7827442681152,-27.,-45.));
#2531=CARTESIAN_POINT('Origin',(-63.7827442681152,-27.,-42.));
#2532=CARTESIAN_POINT('',(-63.7827442681153,-30.,-42.));
#2533=CARTESIAN_POINT('Origin',(-63.7827442681153,-27.,-42.));
#2534=CARTESIAN_POINT('Origin',(-63.7827442681152,-27.,-42.));
#2535=CARTESIAN_POINT('Origin',(-48.0391303908903,-27.,-13.6714193277102));
#2536=CARTESIAN_POINT('',(-48.0391303908903,-30.,-13.6714193277102));
#2537=CARTESIAN_POINT('',(-47.067475278385,-27.,-18.0987776522417));
#2538=CARTESIAN_POINT('',(-45.4168752543733,-27.,-15.1287380982646));
#2539=CARTESIAN_POINT('Origin',(-49.689730414902,-27.,-16.6414588816872));
#2540=CARTESIAN_POINT('Origin',(-106.25,-27.,-42.));
#2541=CARTESIAN_POINT('',(-106.25,-30.,-42.));
#2542=CARTESIAN_POINT('',(-106.25,-27.,-45.));
#2543=CARTESIAN_POINT('Origin',(-63.7827442681152,-1.59210407273762E-14,
-42.));
#2544=CARTESIAN_POINT('',(-63.7827442681152,-25.1511863938484,-45.));
#2545=CARTESIAN_POINT('',(-63.7827442681152,-20.5967286624786,-45.));
#2546=CARTESIAN_POINT('Ctrl Pts',(-63.7827442681152,-25.1511863938484,-45.));
#2547=CARTESIAN_POINT('Ctrl Pts',(-63.5425918831227,-25.0301744119878,-45.));
#2548=CARTESIAN_POINT('Ctrl Pts',(-63.3007983884946,-24.8519279759525,-44.9667532504448));
#2549=CARTESIAN_POINT('Ctrl Pts',(-62.8962735008912,-24.4447471417395,-44.875301122075));
#2550=CARTESIAN_POINT('Ctrl Pts',(-62.7031850240688,-24.1610386973521,-44.8025752923675));
#2551=CARTESIAN_POINT('Ctrl Pts',(-62.4451022506783,-23.5376161147588,-44.688976224425));
#2552=CARTESIAN_POINT('Ctrl Pts',(-62.380232260772,-23.1971515910724,-44.6519728635976));
#2553=CARTESIAN_POINT('Ctrl Pts',(-62.380232260772,-22.8739575281635,-44.6519728635976));
#2554=CARTESIAN_POINT('Ctrl Pts',(-62.380232260772,-22.5507634652547,-44.6519728635976));
#2555=CARTESIAN_POINT('Ctrl Pts',(-62.4451022506783,-22.2102989415683,-44.688976224425));
#2556=CARTESIAN_POINT('Ctrl Pts',(-62.7031850240688,-21.586876358975,-44.8025752923675));
#2557=CARTESIAN_POINT('Ctrl Pts',(-62.8962735008912,-21.3031679145876,-44.875301122075));
#2558=CARTESIAN_POINT('Ctrl Pts',(-63.3007983884946,-20.8959870803746,-44.9667532504448));
#2559=CARTESIAN_POINT('Ctrl Pts',(-63.5425918831227,-20.7177406443393,-45.));
#2560=CARTESIAN_POINT('Ctrl Pts',(-63.7827442681152,-20.5967286624786,-45.));
#2561=CARTESIAN_POINT('',(-63.7827442681152,-14.,-45.));
#2562=CARTESIAN_POINT('',(-63.7827442681152,-1.59210407273762E-14,-45.));
#2563=CARTESIAN_POINT('',(-61.1604891315983,-14.,-43.4573187705544));
#2564=CARTESIAN_POINT('Origin',(-63.7827442681152,-14.,-42.));
#2565=CARTESIAN_POINT('',(-61.1604891315983,-1.62421743633246E-14,-43.4573187705544));
#2566=CARTESIAN_POINT('',(-63.7827442681152,-1.59210407273762E-14,-45.));
#2567=CARTESIAN_POINT('Ctrl Pts',(-126.310322716229,-27.,27.4194789891399));
#2568=CARTESIAN_POINT('Ctrl Pts',(-125.535631328978,-27.,20.5848492110485));
#2569=CARTESIAN_POINT('Ctrl Pts',(-124.061477839955,-27.,10.3633306107036));
#2570=CARTESIAN_POINT('Ctrl Pts',(-119.42133438584,-27.,-13.2891812941279));
#2571=CARTESIAN_POINT('Ctrl Pts',(-114.816011009741,-27.,-29.8383994360387));
#2572=CARTESIAN_POINT('Ctrl Pts',(-110.668770104282,-27.,-42.9074092107761));
#2573=CARTESIAN_POINT('Ctrl Pts',(-126.310322716229,-27.8975979010257,27.4194789891399));
#2574=CARTESIAN_POINT('Ctrl Pts',(-125.535611141425,-27.8975979010257,20.584671108574));
#2575=CARTESIAN_POINT('Ctrl Pts',(-124.06151806828,-27.8975979010257,10.3635000566108));
#2576=CARTESIAN_POINT('Ctrl Pts',(-119.421262705645,-27.8975979010257,-13.2895408337263));
#2577=CARTESIAN_POINT('Ctrl Pts',(-114.816079212759,-27.8975979010257,-29.8381845109999));
#2578=CARTESIAN_POINT('Ctrl Pts',(-110.668770104282,-27.8975979010257,-42.9074092107761));
#2579=CARTESIAN_POINT('Ctrl Pts',(-125.561696533,-29.4515115795957,27.5043342446911));
#2580=CARTESIAN_POINT('Ctrl Pts',(-124.78873852582,-29.4515115795957,20.684997022115));
#2581=CARTESIAN_POINT('Ctrl Pts',(-123.317945153728,-29.4515115795957,10.4872999413283));
#2582=CARTESIAN_POINT('Ctrl Pts',(-118.68936280581,-29.4515115795957,-13.1070218498826));
#2583=CARTESIAN_POINT('Ctrl Pts',(-114.092025869627,-29.4515115795957,-29.6289669917541));
#2584=CARTESIAN_POINT('Ctrl Pts',(-109.95064113459,-29.4515115795957,-42.6795224856274));
#2585=CARTESIAN_POINT('Ctrl Pts',(-123.998325735203,-30.,27.6815391455352));
#2586=CARTESIAN_POINT('Ctrl Pts',(-123.228984505714,-30.,20.8941105473694));
#2587=CARTESIAN_POINT('Ctrl Pts',(-121.765217331728,-30.,10.746213337439));
#2588=CARTESIAN_POINT('Ctrl Pts',(-117.160761228755,-30.,-12.7266694445118));
#2589=CARTESIAN_POINT('Ctrl Pts',(-112.580123832854,-30.,-29.1915723674575));
#2590=CARTESIAN_POINT('Ctrl Pts',(-108.450958268267,-30.,-42.203622150741));
#2591=CARTESIAN_POINT('Ctrl Pts',(-123.329410626477,-30.,27.7573593128825));
#2592=CARTESIAN_POINT('Ctrl Pts',(-122.561610674272,-30.,20.9835284644706));
#2593=CARTESIAN_POINT('Ctrl Pts',(-121.100868404789,-30.,10.8570461269644));
#2594=CARTESIAN_POINT('Ctrl Pts',(-116.506700632469,-30.,-12.5640399572187));
#2595=CARTESIAN_POINT('Ctrl Pts',(-111.933251544817,-30.,-29.0043592918921));
#2596=CARTESIAN_POINT('Ctrl Pts',(-107.809293137388,-30.,-42.));
#2597=CARTESIAN_POINT('Ctrl Pts',(-107.809293137388,-30.,-42.));
#2598=CARTESIAN_POINT('Ctrl Pts',(-111.933251544817,-30.,-29.0043592918921));
#2599=CARTESIAN_POINT('Ctrl Pts',(-116.506700632469,-30.,-12.5640399572187));
#2600=CARTESIAN_POINT('Ctrl Pts',(-121.100868404789,-30.,10.8570461269644));
#2601=CARTESIAN_POINT('Ctrl Pts',(-122.561610674272,-30.,20.9835284644706));
#2602=CARTESIAN_POINT('Ctrl Pts',(-123.329410626477,-30.,27.7573593128825));
#2603=CARTESIAN_POINT('Ctrl Pts',(-126.310322716229,-27.,27.4194789891399));
#2604=CARTESIAN_POINT('Ctrl Pts',(-125.535631328978,-27.,20.5848492110485));
#2605=CARTESIAN_POINT('Ctrl Pts',(-124.061477839955,-27.,10.3633306107036));
#2606=CARTESIAN_POINT('Ctrl Pts',(-119.42133438584,-27.,-13.2891812941279));
#2607=CARTESIAN_POINT('Ctrl Pts',(-114.816011009741,-27.,-29.8383994360387));
#2608=CARTESIAN_POINT('Ctrl Pts',(-110.668770104282,-27.,-42.9074092107761));
#2609=CARTESIAN_POINT('Ctrl Pts',(-110.668770104282,-27.,-42.9074092107761));
#2610=CARTESIAN_POINT('Ctrl Pts',(-110.668770104282,-22.6666666666667,-42.9074092107761));
#2611=CARTESIAN_POINT('Ctrl Pts',(-110.668770104282,-18.3333333333334,-42.9074092107761));
#2612=CARTESIAN_POINT('Ctrl Pts',(-110.668770104282,-14.,-42.9074092107761));
#2613=CARTESIAN_POINT('Ctrl Pts',(-110.450384598886,-27.,-43.5955974230728));
#2614=CARTESIAN_POINT('Ctrl Pts',(-110.450384598886,-22.6666666666667,-43.5955974230728));
#2615=CARTESIAN_POINT('Ctrl Pts',(-110.450384598886,-18.3333333333333,-43.5955974230728));
#2616=CARTESIAN_POINT('Ctrl Pts',(-110.450384598886,-14.,-43.5955974230728));
#2617=CARTESIAN_POINT('Ctrl Pts',(-109.615254978336,-27.,-44.6500147083483));
#2618=CARTESIAN_POINT('Ctrl Pts',(-109.615254978336,-22.6666666666667,-44.6500147083483));
#2619=CARTESIAN_POINT('Ctrl Pts',(-109.615254978336,-18.3333333333334,-44.6500147083483));
#2620=CARTESIAN_POINT('Ctrl Pts',(-109.615254978336,-14.,-44.6500147083483));
#2621=CARTESIAN_POINT('Ctrl Pts',(-108.35079897765,-27.,-45.));
#2622=CARTESIAN_POINT('Ctrl Pts',(-108.35079897765,-22.6666666666667,-45.));
#2623=CARTESIAN_POINT('Ctrl Pts',(-108.35079897765,-18.3333333333333,-45.));
#2624=CARTESIAN_POINT('Ctrl Pts',(-108.35079897765,-14.,-45.));
#2625=CARTESIAN_POINT('Ctrl Pts',(-107.809293137388,-27.,-45.));
#2626=CARTESIAN_POINT('Ctrl Pts',(-107.809293137388,-22.6666666666667,-45.));
#2627=CARTESIAN_POINT('Ctrl Pts',(-107.809293137388,-18.3333333333334,-45.));
#2628=CARTESIAN_POINT('Ctrl Pts',(-107.809293137388,-14.,-45.));
#2629=CARTESIAN_POINT('',(-107.809293137388,-20.4282138260054,-45.));
#2630=CARTESIAN_POINT('',(-109.637602245556,-22.8739575281635,-44.3785049516433));
#2631=CARTESIAN_POINT('Ctrl Pts',(-107.809293137388,-20.4282138260054,-45.));
#2632=CARTESIAN_POINT('Ctrl Pts',(-108.077123284388,-20.5072452377912,-45.));
#2633=CARTESIAN_POINT('Ctrl Pts',(-108.326896324463,-20.6286392104249,-44.9640385098739));
#2634=CARTESIAN_POINT('Ctrl Pts',(-108.83245668869,-20.9828763821494,-44.8350621878481));
#2635=CARTESIAN_POINT('Ctrl Pts',(-109.068154847045,-21.2329006137584,-44.7307173408382));
#2636=CARTESIAN_POINT('Ctrl Pts',(-109.408247809581,-21.774429873403,-44.5450094246228));
#2637=CARTESIAN_POINT('Ctrl Pts',(-109.525089900534,-22.0620546335754,-44.4621062755741));
#2638=CARTESIAN_POINT('Ctrl Pts',(-109.606186529061,-22.4634395098952,-44.4024437163687));
#2639=CARTESIAN_POINT('Ctrl Pts',(-109.619969258162,-22.5592041725173,-44.3919784941983));
#2640=CARTESIAN_POINT('Ctrl Pts',(-109.632187649483,-22.7016777652122,-44.3826623318418));
#2641=CARTESIAN_POINT('Ctrl Pts',(-109.634872723537,-22.7474032072568,-44.3806012946501));
#2642=CARTESIAN_POINT('Ctrl Pts',(-109.63717624124,-22.8201363600673,-44.3788325944205));
#2643=CARTESIAN_POINT('Ctrl Pts',(-109.637602245556,-22.8470436607689,-44.3785049516433));
#2644=CARTESIAN_POINT('Ctrl Pts',(-109.637602245556,-22.8739575281635,-44.3785049516433));
#2645=CARTESIAN_POINT('',(-107.809293137388,-25.3197012303216,-45.));
#2646=CARTESIAN_POINT('Ctrl Pts',(-109.637602245556,-22.8739575281635,-44.3785049516433));
#2647=CARTESIAN_POINT('Ctrl Pts',(-109.637602245556,-22.8828747928161,-44.3785049516433));
#2648=CARTESIAN_POINT('Ctrl Pts',(-109.637555471549,-22.8917927783401,-44.3785409080817));
#2649=CARTESIAN_POINT('Ctrl Pts',(-109.637051774988,-22.9397990873354,-44.3789280422571));
#2650=CARTESIAN_POINT('Ctrl Pts',(-109.635743626312,-22.9788420267237,-44.3799340990737));
#2651=CARTESIAN_POINT('Ctrl Pts',(-109.629991321663,-23.0806305785903,-44.3843401821677));
#2652=CARTESIAN_POINT('Ctrl Pts',(-109.624132159668,-23.1431068595922,-44.3888204768183));
#2653=CARTESIAN_POINT('Ctrl Pts',(-109.599506230178,-23.3310615611289,-44.4073976772493));
#2654=CARTESIAN_POINT('Ctrl Pts',(-109.573812149818,-23.4544029005268,-44.4265704646361));
#2655=CARTESIAN_POINT('Ctrl Pts',(-109.48047028494,-23.7809909414308,-44.492463639123));
#2656=CARTESIAN_POINT('Ctrl Pts',(-109.396369799986,-23.9767704635634,-44.5487214148638));
#2657=CARTESIAN_POINT('Ctrl Pts',(-109.147805665444,-24.4031589123716,-44.6898605878305));
#2658=CARTESIAN_POINT('Ctrl Pts',(-108.964178793561,-24.62415498659,-44.7782732432512));
#2659=CARTESIAN_POINT('Ctrl Pts',(-108.605806271499,-24.9310952330046,-44.8961121693041));
#2660=CARTESIAN_POINT('Ctrl Pts',(-108.451173818677,-25.0370213792299,-44.9353909007174));
#2661=CARTESIAN_POINT('Ctrl Pts',(-108.133662082654,-25.2057803974258,-44.9863171061341));
#2662=CARTESIAN_POINT('Ctrl Pts',(-107.974625024806,-25.2709150401849,-45.));
#2663=CARTESIAN_POINT('Ctrl Pts',(-107.809293137388,-25.3197012303216,-45.));
#2664=CARTESIAN_POINT('Ctrl Pts',(-107.809293137388,-25.3197012303216,-45.));
#2665=CARTESIAN_POINT('Ctrl Pts',(-107.809293137388,-25.8798008202144,-45.));
#2666=CARTESIAN_POINT('Ctrl Pts',(-107.809293137388,-26.4399004101072,-45.));
#2667=CARTESIAN_POINT('Ctrl Pts',(-107.809293137388,-27.,-45.));
#2668=CARTESIAN_POINT('',(-110.668770104282,-14.,-42.9074092107761));
#2669=CARTESIAN_POINT('Ctrl Pts',(-110.668770104282,-27.,-42.9074092107761));
#2670=CARTESIAN_POINT('Ctrl Pts',(-110.668770104282,-22.6666666666667,-42.9074092107761));
#2671=CARTESIAN_POINT('Ctrl Pts',(-110.668770104282,-18.3333333333334,-42.9074092107761));
#2672=CARTESIAN_POINT('Ctrl Pts',(-110.668770104282,-14.,-42.9074092107761));
#2673=CARTESIAN_POINT('',(-107.809293137388,-14.,-45.));
#2674=CARTESIAN_POINT('Ctrl Pts',(-110.668770104282,-14.,-42.9074092107761));
#2675=CARTESIAN_POINT('Ctrl Pts',(-110.450384598886,-14.,-43.5955974230728));
#2676=CARTESIAN_POINT('Ctrl Pts',(-109.973167672857,-14.,-44.1981215860874));
#2677=CARTESIAN_POINT('Ctrl Pts',(-109.35576254107,-14.,-44.5706271389391));
#2678=CARTESIAN_POINT('Ctrl Pts',(-108.89270869223,-14.,-44.8500063035778));
#2679=CARTESIAN_POINT('Ctrl Pts',(-108.35079897765,-14.,-45.));
#2680=CARTESIAN_POINT('Ctrl Pts',(-107.809293137388,-14.,-45.));
#2681=CARTESIAN_POINT('Ctrl Pts',(-107.809293137388,-14.,-45.));
#2682=CARTESIAN_POINT('Ctrl Pts',(-107.809293137388,-16.1427379420018,-45.));
#2683=CARTESIAN_POINT('Ctrl Pts',(-107.809293137388,-18.2854758840036,-45.));
#2684=CARTESIAN_POINT('Ctrl Pts',(-107.809293137388,-20.4282138260054,-45.));
#2685=CARTESIAN_POINT('Origin',(-62.2407562001726,-27.,-9.37605588273397));
#2686=CARTESIAN_POINT('',(-59.7417084382171,-27.,-11.0550702612286));
#2687=CARTESIAN_POINT('',(-55.1742331598321,-27.,-2.83649396092961));
#2688=CARTESIAN_POINT('',(-59.6185010636556,-27.,-10.8333746532884));
#2689=CARTESIAN_POINT('',(-57.7964882963491,-30.,-1.37917519037518));
#2690=CARTESIAN_POINT('Origin',(-57.7964882963491,-27.,-1.37917519037518));
#2691=CARTESIAN_POINT('',(-62.2407562001726,-30.,-9.37605588273397));
#2692=CARTESIAN_POINT('Origin',(-62.3639635747341,-27.,-9.59775149067416));
#2693=CARTESIAN_POINT('Origin',(-63.75,-27.,27.7573593128807));
#2694=CARTESIAN_POINT('',(-46.8349545600876,-30.,27.7573593128807));
#2695=CARTESIAN_POINT('',(-43.7351103782455,-29.1213203435597,29.8786796564404));
#2696=CARTESIAN_POINT('Origin',(-46.8349545600876,-27.,27.7573593128807));
#2697=CARTESIAN_POINT('',(-63.75,-29.1213203435597,29.8786796564404));
#2698=CARTESIAN_POINT('',(-63.75,-30.,27.7573593128807));
#2699=CARTESIAN_POINT('Ctrl Pts',(-123.329410626477,-29.1213203435597,29.8786796564403));
#2700=CARTESIAN_POINT('Ctrl Pts',(-123.800101314655,-24.9687033832659,34.0312966167341));
#2701=CARTESIAN_POINT('Ctrl Pts',(-124.192916291495,-20.8116753198786,38.1883246801214));
#2702=CARTESIAN_POINT('Ctrl Pts',(-124.552813936965,-16.0689967097345,42.9310032902655));
#2703=CARTESIAN_POINT('Ctrl Pts',(-124.597018411737,-15.4862656235851,43.5137343764149));
#2704=CARTESIAN_POINT('Ctrl Pts',(-124.64122917214,-14.9035348591351,44.0964651408649));
#2705=CARTESIAN_POINT('Ctrl Pts',(-124.269550021841,-29.1746017879137,29.8253982120863));
#2706=CARTESIAN_POINT('Ctrl Pts',(-124.735772029149,-25.0155957331414,33.9840970024055));
#2707=CARTESIAN_POINT('Ctrl Pts',(-125.123854945412,-20.8521895559138,38.1479297048236));
#2708=CARTESIAN_POINT('Ctrl Pts',(-125.479272366952,-16.1036451086441,42.8963266867735));
#2709=CARTESIAN_POINT('Ctrl Pts',(-125.523865690299,-15.5214247617862,43.4785752382138));
#2710=CARTESIAN_POINT('Ctrl Pts',(-125.568076450702,-14.9386939973362,44.0613060026638));
#2711=CARTESIAN_POINT('Ctrl Pts',(-125.893249351479,-28.6747483404937,29.141501747415));
#2712=CARTESIAN_POINT('Ctrl Pts',(-126.352563530435,-24.5120092000711,33.3177406367776));
#2713=CARTESIAN_POINT('Ctrl Pts',(-126.732466965079,-20.3441295579963,37.5001187570869));
#2714=CARTESIAN_POINT('Ctrl Pts',(-127.080722953154,-15.5920822164575,42.2649149787514));
#2715=CARTESIAN_POINT('Ctrl Pts',(-127.125920833423,-15.01015041915,42.8457557834849));
#2716=CARTESIAN_POINT('Ctrl Pts',(-127.170131593826,-14.4274196547001,43.4284865479348));
#2717=CARTESIAN_POINT('Ctrl Pts',(-126.36647664724,-27.5017768299903,27.9148908852362));
#2718=CARTESIAN_POINT('Ctrl Pts',(-126.834888889842,-23.346173672822,32.1032739082184));
#2719=CARTESIAN_POINT('Ctrl Pts',(-127.224580765769,-19.1858486751815,36.2989552842637));
#2720=CARTESIAN_POINT('Ctrl Pts',(-127.581111877759,-14.4403886408541,41.0757786195044));
#2721=CARTESIAN_POINT('Ctrl Pts',(-127.625606553578,-13.8578928824632,41.6555879681613));
#2722=CARTESIAN_POINT('Ctrl Pts',(-127.669817313981,-13.2751621180132,42.2383187326112));
#2723=CARTESIAN_POINT('Ctrl Pts',(-126.310322716229,-27.,27.4194789891381));
#2724=CARTESIAN_POINT('Ctrl Pts',(-126.78523811723,-22.8473830397061,31.6093680148562));
#2725=CARTESIAN_POINT('Ctrl Pts',(-127.181819309641,-18.6903549763096,35.8071299451676));
#2726=CARTESIAN_POINT('Ctrl Pts',(-127.544450614908,-13.947676366176,40.5858063581365));
#2727=CARTESIAN_POINT('Ctrl Pts',(-127.588421520806,-13.3649452800254,41.1654615289));
#2728=CARTESIAN_POINT('Ctrl Pts',(-127.632632281209,-12.7822145155755,41.74819229335));
#2729=CARTESIAN_POINT('',(-127.5,-14.,41.804006748268));
#2730=CARTESIAN_POINT('',(-127.5,-14.5304068089255,40.));
#2731=CARTESIAN_POINT('Ctrl Pts',(-127.5,-14.,41.804006748268));
#2732=CARTESIAN_POINT('Ctrl Pts',(-127.5,-14.2220921265929,41.4635291284739));
#2733=CARTESIAN_POINT('Ctrl Pts',(-127.5,-14.4107839433424,41.1471947132729));
#2734=CARTESIAN_POINT('Ctrl Pts',(-127.5,-14.6525399257363,40.6586170681664));
#2735=CARTESIAN_POINT('Ctrl Pts',(-127.5,-14.7331408913922,40.4532035485828));
#2736=CARTESIAN_POINT('Ctrl Pts',(-127.5,-14.7589015582249,40.2468516787946));
#2737=CARTESIAN_POINT('Ctrl Pts',(-127.500000000006,-14.7594268271153,40.1998421412229));
#2738=CARTESIAN_POINT('Ctrl Pts',(-127.500000000006,-14.7458082123274,40.1314450509324));
#2739=CARTESIAN_POINT('Ctrl Pts',(-127.5,-14.7366059079665,40.1056260714386));
#2740=CARTESIAN_POINT('Ctrl Pts',(-127.5,-14.70960368263,40.0645107530167));
#2741=CARTESIAN_POINT('Ctrl Pts',(-127.5,-14.6944721069895,40.0491660854811));
#2742=CARTESIAN_POINT('Ctrl Pts',(-127.5,-14.6567623895362,40.0237208677516));
#2743=CARTESIAN_POINT('Ctrl Pts',(-127.5,-14.634920675046,40.0148639685277));
#2744=CARTESIAN_POINT('Ctrl Pts',(-127.5,-14.5856438953835,40.0024800560831));
#2745=CARTESIAN_POINT('Ctrl Pts',(-127.5,-14.5577623522986,40.));
#2746=CARTESIAN_POINT('Ctrl Pts',(-127.5,-14.5304068089258,40.));
#2747=CARTESIAN_POINT('Ctrl Pts',(-127.499894308419,-14.5304066452838,39.9986530490454));
#2748=CARTESIAN_POINT('Ctrl Pts',(-127.181819309641,-18.6903549763096,35.8071299451676));
#2749=CARTESIAN_POINT('Ctrl Pts',(-126.78523811723,-22.8473830397061,31.6093680148562));
#2750=CARTESIAN_POINT('Ctrl Pts',(-126.310322716229,-27.,27.4194789891381));
#2751=CARTESIAN_POINT('',(-124.633910531199,-15.,44.));
#2752=CARTESIAN_POINT('Ctrl Pts',(-123.329410626477,-29.1213203435597,29.8786796564403));
#2753=CARTESIAN_POINT('Ctrl Pts',(-123.800101314655,-24.9687033832659,34.0312966167341));
#2754=CARTESIAN_POINT('Ctrl Pts',(-124.192916291495,-20.8116753198786,38.1883246801214));
#2755=CARTESIAN_POINT('Ctrl Pts',(-124.550373856791,-16.1011517299084,42.8988482700916));
#2756=CARTESIAN_POINT('Ctrl Pts',(-124.592139962898,-15.5505757505405,43.4494242494596));
#2757=CARTESIAN_POINT('Ctrl Pts',(-124.63391058488,-15.0000000027489,43.9999999972511));
#2758=CARTESIAN_POINT('',(-127.184194041625,-14.,43.));
#2759=CARTESIAN_POINT('Ctrl Pts',(-127.184194041625,-14.,43.));
#2760=CARTESIAN_POINT('Ctrl Pts',(-127.174969168699,-14.01926326769,43.));
#2761=CARTESIAN_POINT('Ctrl Pts',(-127.165423696807,-14.0384102955198,43.0005566590184));
#2762=CARTESIAN_POINT('Ctrl Pts',(-127.097239112769,-14.169692980391,43.0081066027948));
#2763=CARTESIAN_POINT('Ctrl Pts',(-127.029196188609,-14.2737519194155,43.032942472139));
#2764=CARTESIAN_POINT('Ctrl Pts',(-126.852084257681,-14.4876849847979,43.1174540418878));
#2765=CARTESIAN_POINT('Ctrl Pts',(-126.739723005488,-14.587414075747,43.1834025354553));
#2766=CARTESIAN_POINT('Ctrl Pts',(-126.450855981806,-14.7783748962139,43.3550505883207));
#2767=CARTESIAN_POINT('Ctrl Pts',(-126.261697415091,-14.85713831923,43.4699073234418));
#2768=CARTESIAN_POINT('Ctrl Pts',(-125.829522919156,-14.9614305289396,43.697742177234));
#2769=CARTESIAN_POINT('Ctrl Pts',(-125.600587207047,-14.9833420557163,43.8028200336841));
#2770=CARTESIAN_POINT('Ctrl Pts',(-125.157886926955,-15.0006886478745,43.944752531224));
#2771=CARTESIAN_POINT('Ctrl Pts',(-124.91377458286,-15.,44.));
#2772=CARTESIAN_POINT('Ctrl Pts',(-124.633910531199,-15.,44.));
#2773=CARTESIAN_POINT('Ctrl Pts',(-127.184194041625,-14.,43.));
#2774=CARTESIAN_POINT('Ctrl Pts',(-127.309273196776,-14.,42.6896421107884));
#2775=CARTESIAN_POINT('Ctrl Pts',(-127.400960683453,-14.,42.3643262062948));
#2776=CARTESIAN_POINT('Ctrl Pts',(-127.476315117349,-14.,41.958794888113));
#2777=CARTESIAN_POINT('Ctrl Pts',(-127.488963066414,-14.,41.8815517332929));
#2778=CARTESIAN_POINT('Ctrl Pts',(-127.5,-14.,41.804006748268));
#2779=CARTESIAN_POINT('Origin',(-64.930232260772,-22.8739575281635,-45.));
#2780=CARTESIAN_POINT('',(-67.480232260772,-22.8739575281635,-45.));
#2781=CARTESIAN_POINT('Origin',(-64.930232260772,-22.8739575281635,-45.));
#2782=CARTESIAN_POINT('',(-67.480232260772,-22.8739575281635,-42.9));
#2783=CARTESIAN_POINT('',(-67.480232260772,-22.8739575281635,-45.));
#2784=CARTESIAN_POINT('Origin',(-64.930232260772,-22.8739575281635,-42.9));
#2785=CARTESIAN_POINT('Origin',(-64.930232260772,-22.8739575281635,-45.));
#2786=CARTESIAN_POINT('Origin',(-107.087602245556,-22.8739575281635,-45.));
#2787=CARTESIAN_POINT('Origin',(-107.087602245556,-22.8739575281635,-45.));
#2788=CARTESIAN_POINT('',(-109.637602245556,-22.8739575281635,-42.9));
#2789=CARTESIAN_POINT('',(-109.637602245556,-22.8739575281635,-45.));
#2790=CARTESIAN_POINT('Origin',(-107.087602245556,-22.8739575281635,-42.9));
#2791=CARTESIAN_POINT('Origin',(-127.5,-8.88178419700125E-15,-45.));
#2792=CARTESIAN_POINT('',(-106.250000985934,-14.,-45.));
#2793=CARTESIAN_POINT('',(-84.8592775169045,-26.25,-45.0000000000001));
#2794=CARTESIAN_POINT('',(-82.843704783211,-26.25,-45.));
#2795=CARTESIAN_POINT('',(-103.214819651172,-26.25,-45.));
#2796=CARTESIAN_POINT('',(-82.843704783211,-23.75,-45.));
#2797=CARTESIAN_POINT('',(-82.8437047832108,-25.0000000000005,-45.));
#2798=CARTESIAN_POINT('',(-84.8592775169045,-23.75,-45.0000000000001));
#2799=CARTESIAN_POINT('',(-103.214819651172,-23.75,-45.));
#2800=CARTESIAN_POINT('',(-84.8592775169055,-25.0000000000006,-45.));
#2801=CARTESIAN_POINT('',(-79.802780019115,-26.25,-45.));
#2802=CARTESIAN_POINT('',(-77.5966748978077,-26.25,-45.));
#2803=CARTESIAN_POINT('',(-96.4506951947686,-26.25,-45.));
#2804=CARTESIAN_POINT('',(-77.5966748978077,-23.75,-45.));
#2805=CARTESIAN_POINT('',(-77.5966748978077,-25.,-45.));
#2806=CARTESIAN_POINT('',(-79.802780019115,-23.75,-45.));
#2807=CARTESIAN_POINT('',(-96.4506951947686,-23.75,-45.));
#2808=CARTESIAN_POINT('',(-79.802780019115,-25.,-45.));
#2809=CARTESIAN_POINT('',(-75.4445857520809,-26.25,-45.));
#2810=CARTESIAN_POINT('',(-73.5074212885239,-26.25,-45.));
#2811=CARTESIAN_POINT('',(-96.6250004898757,-26.25,-45.));
#2812=CARTESIAN_POINT('',(-73.5074212885239,-23.75,-45.));
#2813=CARTESIAN_POINT('',(-73.5074212885239,-25.,-45.));
#2814=CARTESIAN_POINT('',(-75.4445857520809,-23.75,-45.));
#2815=CARTESIAN_POINT('',(-96.6250004898757,-23.75,-45.));
#2816=CARTESIAN_POINT('',(-75.4445857520809,-25.,-45.));
#2817=CARTESIAN_POINT('',(-94.1936144378476,-26.25,-45.));
#2818=CARTESIAN_POINT('',(-92.0000018230148,-26.25,-45.));
#2819=CARTESIAN_POINT('',(-116.257172913499,-26.25,-45.));
#2820=CARTESIAN_POINT('',(-92.0000018230148,-23.75,-45.));
#2821=CARTESIAN_POINT('',(-92.0000018230148,-25.,-45.));
#2822=CARTESIAN_POINT('',(-94.1936144378476,-23.75,-45.));
#2823=CARTESIAN_POINT('',(-116.257172913499,-23.75,-45.));
#2824=CARTESIAN_POINT('',(-94.1936144378476,-25.,-45.));
#2825=CARTESIAN_POINT('',(-90.0996925227927,-26.25,-45.));
#2826=CARTESIAN_POINT('',(-88.0000013113023,-26.25,-45.0000006705521));
#2827=CARTESIAN_POINT('',(-110.011341299541,-26.25,-45.));
#2828=CARTESIAN_POINT('',(-88.0000013113023,-23.75,-45.0000006705521));
#2829=CARTESIAN_POINT('',(-88.0000014797844,-25.,-45.));
#2830=CARTESIAN_POINT('',(-90.0996925227927,-23.75,-45.));
#2831=CARTESIAN_POINT('',(-110.011341299541,-23.75,-45.));
#2832=CARTESIAN_POINT('',(-90.0996925227927,-25.,-45.));
#2833=CARTESIAN_POINT('Ctrl Pts',(-110.,-8.88178419700125E-15,-45.));
#2834=CARTESIAN_POINT('Ctrl Pts',(-110.,-100.,-45.));
#2835=CARTESIAN_POINT('Ctrl Pts',(-110.571770879476,-8.88178419700125E-15,
-43.2234319387383));
#2836=CARTESIAN_POINT('Ctrl Pts',(-110.571770879476,-100.,-43.2234319387383));
#2837=CARTESIAN_POINT('Ctrl Pts',(-111.696255944169,-8.88178419700125E-15,
-39.6768752829894));
#2838=CARTESIAN_POINT('Ctrl Pts',(-111.696255944169,-100.,-39.6768752829894));
#2839=CARTESIAN_POINT('Ctrl Pts',(-113.325816505437,-8.88178419700125E-15,
-34.3767776476897));
#2840=CARTESIAN_POINT('Ctrl Pts',(-113.325816505437,-100.,-34.3767776476897));
#2841=CARTESIAN_POINT('Ctrl Pts',(-115.382322485388,-8.88178419700125E-15,
-27.3501140288501));
#2842=CARTESIAN_POINT('Ctrl Pts',(-115.382322485389,-100.,-27.3501140288501));
#2843=CARTESIAN_POINT('Ctrl Pts',(-117.745800443775,-8.88178419700125E-15,
-18.6383061575097));
#2844=CARTESIAN_POINT('Ctrl Pts',(-117.745800443775,-100.,-18.6383061575097));
#2845=CARTESIAN_POINT('Ctrl Pts',(-119.882599011491,-8.88178419700125E-15,
-10.0047610477717));
#2846=CARTESIAN_POINT('Ctrl Pts',(-119.882599011491,-100.,-10.0047610477717));
#2847=CARTESIAN_POINT('Ctrl Pts',(-121.77257772434,-8.88178419700125E-15,
-1.45643234612683));
#2848=CARTESIAN_POINT('Ctrl Pts',(-121.77257772434,-100.,-1.45643234612683));
#2849=CARTESIAN_POINT('Ctrl Pts',(-123.40191320433,-8.88178419700125E-15,
7.00190732237612));
#2850=CARTESIAN_POINT('Ctrl Pts',(-123.40191320433,-100.,7.00190732237612));
#2851=CARTESIAN_POINT('Ctrl Pts',(-124.776912576447,-8.88178419700125E-15,
15.3724355399877));
#2852=CARTESIAN_POINT('Ctrl Pts',(-124.776912576447,-100.,15.3724355399877));
#2853=CARTESIAN_POINT('Ctrl Pts',(-125.915140311303,-8.88178419700125E-15,
23.66121657206));
#2854=CARTESIAN_POINT('Ctrl Pts',(-125.915140311303,-100.,23.66121657206));
#2855=CARTESIAN_POINT('Ctrl Pts',(-126.651010016522,-8.88178419700125E-15,
30.2319206012606));
#2856=CARTESIAN_POINT('Ctrl Pts',(-126.651010016522,-100.,30.2319206012606));
#2857=CARTESIAN_POINT('Ctrl Pts',(-127.110761249115,-8.88178419700125E-15,
35.128132782506));
#2858=CARTESIAN_POINT('Ctrl Pts',(-127.110761249115,-100.,35.128132782506));
#2859=CARTESIAN_POINT('Ctrl Pts',(-127.376969234064,-8.88178419700125E-15,
38.3783628322333));
#2860=CARTESIAN_POINT('Ctrl Pts',(-127.376969234064,-100.,38.3783628322333));
#2861=CARTESIAN_POINT('Ctrl Pts',(-127.5,-8.88178419700125E-15,40.));
#2862=CARTESIAN_POINT('Ctrl Pts',(-127.5,-100.,40.));
#2863=CARTESIAN_POINT('',(-127.5,-14.,40.));
#2864=CARTESIAN_POINT('',(-127.5,-8.88178419700125E-15,40.));
#2865=CARTESIAN_POINT('Ctrl Pts',(-110.668770104282,-14.,-42.9074092107761));
#2866=CARTESIAN_POINT('Ctrl Pts',(-114.850960562129,-14.,-29.7282645168952));
#2867=CARTESIAN_POINT('Ctrl Pts',(-118.818433411961,-14.,-15.442660117683));
#2868=CARTESIAN_POINT('Ctrl Pts',(-124.585399609027,-14.,12.4301262708769));
#2869=CARTESIAN_POINT('Ctrl Pts',(-126.471315831204,-14.,26.441176161714));
#2870=CARTESIAN_POINT('Ctrl Pts',(-127.5,-14.,40.));
#2871=CARTESIAN_POINT('Origin',(-85.0000019718689,-14.,-0.0031148736311315));
#2872=CARTESIAN_POINT('',(-127.5,-14.,22.4984425631844));
#2873=CARTESIAN_POINT('',(-127.5,-14.,43.));
#2874=CARTESIAN_POINT('',(-42.5,-14.,43.));
#2875=CARTESIAN_POINT('',(-127.5,-14.,45.));
#2876=CARTESIAN_POINT('',(-127.5,-14.,22.4984425631844));
#2877=CARTESIAN_POINT('',(-42.5,-14.,45.));
#2878=CARTESIAN_POINT('',(-42.5,-14.,45.));
#2879=CARTESIAN_POINT('',(-42.5,-14.,30.6315155172917));
#2880=CARTESIAN_POINT('',(-42.5,-14.,-22.5015574368156));
#2881=CARTESIAN_POINT('',(-55.4433680726395,-14.,-2.68692218403274));
#2882=CARTESIAN_POINT('',(-50.4565387257176,-14.,10.1500273634178));
#2883=CARTESIAN_POINT('',(-55.1742331598321,-14.,-2.8364939609296));
#2884=CARTESIAN_POINT('',(-67.3041482368876,-14.,3.90470855626852));
#2885=CARTESIAN_POINT('',(-42.5,-14.,-9.88020135194268));
#2886=CARTESIAN_POINT('',(-48.9716840363198,-14.,-6.28356176798771));
#2887=CARTESIAN_POINT('',(-45.4175367853666,-14.,-15.1299284370431));
#2888=CARTESIAN_POINT('',(-57.3738102214677,-14.,-3.91234111236803));
#2889=CARTESIAN_POINT('',(-57.0780343164654,-14.,-3.38013093171213));
#2890=CARTESIAN_POINT('',(-60.8428816583569,-14.,-10.1544828991415));
#2891=CARTESIAN_POINT('',(-57.1903434232692,-14.,-3.31771512511497));
#2892=CARTESIAN_POINT('',(-67.984230329813,-14.,2.6809894925606));
#2893=CARTESIAN_POINT('',(-49.2239052303932,-14.,17.1892559461838));
#2894=CARTESIAN_POINT('',(-51.7615277938911,-14.,10.6569825211463));
#2895=CARTESIAN_POINT('',(-54.8167155225656,-14.,19.3619209078773));
#2896=CARTESIAN_POINT('',(-49.2239052303932,-14.,17.1892559461838));
#2897=CARTESIAN_POINT('',(-52.6440505608721,-14.,24.9547312000497));
#2898=CARTESIAN_POINT('',(-57.3543380860635,-14.,12.8296474828398));
#2899=CARTESIAN_POINT('',(-47.0512402686997,-14.,22.7820662383562));
#2900=CARTESIAN_POINT('',(-47.0512402686997,-14.,22.7820662383562));
#2901=CARTESIAN_POINT('',(-43.9,-14.,30.8938963265787));
#2902=CARTESIAN_POINT('',(-51.7615277938911,-14.,10.6569825211463));
#2903=CARTESIAN_POINT('',(-43.9,-14.,43.0201010126777));
#2904=CARTESIAN_POINT('',(-43.9,-14.,-22.5015574368156));
#2905=CARTESIAN_POINT('',(-126.1,-14.,43.0201010126777));
#2906=CARTESIAN_POINT('',(-63.7500009859344,-14.,43.0201010126777));
#2907=CARTESIAN_POINT('',(-126.099999999998,-14.,40.0530866725456));
#2908=CARTESIAN_POINT('',(-126.1,-14.,22.4984425631844));
#2909=CARTESIAN_POINT('',(-124.320690062946,-14.,22.6272874681084));
#2910=CARTESIAN_POINT('Ctrl Pts',(-126.100000167664,-14.,40.0530867601131));
#2911=CARTESIAN_POINT('Ctrl Pts',(-125.662514855285,-14.,34.2982488757495));
#2912=CARTESIAN_POINT('Ctrl Pts',(-125.078041876948,-14.,28.4929418804511));
#2913=CARTESIAN_POINT('Ctrl Pts',(-124.323589874064,-14.,22.6293204229294));
#2914=CARTESIAN_POINT('',(-117.377828201244,-14.,23.5198507259933));
#2915=CARTESIAN_POINT('',(-124.320690062946,-14.,22.6272874681084));
#2916=CARTESIAN_POINT('',(-116.575750568352,-14.,17.7043945545479));
#2917=CARTESIAN_POINT('Ctrl Pts',(-117.377828200357,-14.,23.5198507190922));
#2918=CARTESIAN_POINT('Ctrl Pts',(-117.129372565932,-14.,21.5872222660023));
#2919=CARTESIAN_POINT('Ctrl Pts',(-116.862360324572,-14.,19.6488584338957));
#2920=CARTESIAN_POINT('Ctrl Pts',(-116.575750567982,-14.,17.7043945520444));
#2921=CARTESIAN_POINT('',(-123.500926196112,-14.,16.6836386950638));
#2922=CARTESIAN_POINT('',(-123.500926196112,-14.,16.6836386950638));
#2923=CARTESIAN_POINT('',(-114.185882777398,-14.,-26.2661388237978));
#2924=CARTESIAN_POINT('Ctrl Pts',(-123.502659873672,-14.,16.6851894576251));
#2925=CARTESIAN_POINT('Ctrl Pts',(-122.802565773631,-14.,11.9428014376555));
#2926=CARTESIAN_POINT('Ctrl Pts',(-121.9877955012,-14.,7.16108080971238));
#2927=CARTESIAN_POINT('Ctrl Pts',(-121.046432145838,-14.,2.33596116123036));
#2928=CARTESIAN_POINT('Ctrl Pts',(-119.218324685038,-14.,-7.03431778409099));
#2929=CARTESIAN_POINT('Ctrl Pts',(-116.901447921217,-14.,-16.5797090875331));
#2930=CARTESIAN_POINT('Ctrl Pts',(-114.189050658644,-14.,-26.2662995226229));
#2931=CARTESIAN_POINT('',(-107.445308587678,-14.,-24.3781082115248));
#2932=CARTESIAN_POINT('',(-114.185882777398,-14.,-26.2661388237978));
#2933=CARTESIAN_POINT('',(-105.814311197571,-14.,-30.0588825327224));
#2934=CARTESIAN_POINT('Ctrl Pts',(-107.445308587574,-14.,-24.3781082118938));
#2935=CARTESIAN_POINT('Ctrl Pts',(-106.916711504477,-14.,-26.2652851633266));
#2936=CARTESIAN_POINT('Ctrl Pts',(-106.372795110923,-14.,-28.1590599198125));
#2937=CARTESIAN_POINT('Ctrl Pts',(-105.814311197308,-14.,-30.058882533615));
#2938=CARTESIAN_POINT('',(-112.530144704105,-14.,-32.0331115752902));
#2939=CARTESIAN_POINT('',(-112.530144704105,-14.,-32.0331115752902));
#2940=CARTESIAN_POINT('',(-108.978839906805,-14.,-43.6));
#2941=CARTESIAN_POINT('Ctrl Pts',(-112.533164507299,-14.,-32.0328334383874));
#2942=CARTESIAN_POINT('Ctrl Pts',(-111.404967882666,-14.,-35.8683916628561));
#2943=CARTESIAN_POINT('Ctrl Pts',(-110.218311358535,-14.,-39.7248006851358));
#2944=CARTESIAN_POINT('Ctrl Pts',(-108.978887386674,-14.,-43.5999902437639));
#2945=CARTESIAN_POINT('',(-62.8414590618285,-14.,-43.6));
#2946=CARTESIAN_POINT('',(-106.250000985934,-14.,-43.6));
#2947=CARTESIAN_POINT('',(-56.7692975178517,-14.,-32.6739369311792));
#2948=CARTESIAN_POINT('',(-46.6412558490746,-14.,-14.4498463441177));
#2949=CARTESIAN_POINT('',(-62.0138077908857,-14.,-29.7592993900704));
#2950=CARTESIAN_POINT('',(-56.7692975178517,-14.,-32.6739369311792));
#2951=CARTESIAN_POINT('',(-59.0991702497768,-14.,-24.5147891170364));
#2952=CARTESIAN_POINT('',(-51.8857661221085,-14.,-11.5352088030089));
#2953=CARTESIAN_POINT('',(-53.8546599767429,-14.,-27.4294266581452));
#2954=CARTESIAN_POINT('',(-53.8546599767429,-14.,-27.4294266581452));
#2955=CARTESIAN_POINT('',(-44.6995770616355,-14.,-10.9560485033811));
#2956=CARTESIAN_POINT('',(-46.6412558490746,-14.,-14.4498463441177));
#2957=CARTESIAN_POINT('',(-61.8083221984954,-14.,-1.44786027205026));
#2958=CARTESIAN_POINT('',(-107.400096987301,-14.,-28.1625106788924));
#2959=CARTESIAN_POINT('Origin',(-110.000096987301,-14.,-28.1625106788924));
#2960=CARTESIAN_POINT('',(-117.848220315194,-14.,20.1658410079762));
#2961=CARTESIAN_POINT('Origin',(-120.448220315194,-14.,20.1658410079762));
#2962=CARTESIAN_POINT('',(-55.3342338838143,-14.,-28.5943630241078));
#2963=CARTESIAN_POINT('Origin',(-57.9342338838143,-14.,-28.5943630241078));
#2964=CARTESIAN_POINT('',(-48.3339778956326,-14.,21.0719935731168));
#2965=CARTESIAN_POINT('Origin',(-50.9339778956326,-14.,21.0719935731168));
#2966=CARTESIAN_POINT('Origin',(-127.5,-8.88178419700125E-15,45.));
#2967=CARTESIAN_POINT('Origin',(-127.5,-14.,44.));
#2968=CARTESIAN_POINT('Origin',(-127.5,-8.88178419700125E-15,45.));
#2969=CARTESIAN_POINT('Origin',(-53.2524180512298,-27.,11.2377133961328));
#2970=CARTESIAN_POINT('',(-58.0903220919552,-30.,-1.21587700485659));
#2971=CARTESIAN_POINT('',(-53.2524180512298,-30.,11.2377133961328));
#2972=CARTESIAN_POINT('',(-55.4433680726395,-27.,-2.68692218403274));
#2973=CARTESIAN_POINT('Origin',(-58.0903220919552,-27.,-1.21587700485658));
#2974=CARTESIAN_POINT('',(-42.5,-27.,30.6315155172917));
#2975=CARTESIAN_POINT('',(-50.4560129051436,-27.,10.151380915286));
#2976=CARTESIAN_POINT('',(-42.5,-27.945897933294,31.054102066706));
#2977=CARTESIAN_POINT('Origin',(-42.5,-27.,38.9162719419408));
#2978=CARTESIAN_POINT('Origin',(-45.1867962488965,-27.,32.));
#2979=CARTESIAN_POINT('Origin',(-85.,-30.,-2.22044604925031E-15));
#2980=CARTESIAN_POINT('',(-67.3048087819465,-30.,3.90507565430555));
#2981=CARTESIAN_POINT('Origin',(-42.5,-15.,44.));
#2982=CARTESIAN_POINT('',(-42.5,-15.,44.));
#2983=CARTESIAN_POINT('',(-42.5,-33.5,25.5));
#2984=CARTESIAN_POINT('',(-42.5,-15.,44.));
#2985=CARTESIAN_POINT('',(-115.615582894412,-19.768750934048,39.231249065952));
#2986=CARTESIAN_POINT('Origin',(-116.865582894412,-19.768750934048,39.231249065952));
#2987=CARTESIAN_POINT('',(-51.8330679169184,-19.9300805835316,39.0699194164684));
#2988=CARTESIAN_POINT('Origin',(-53.0830679169184,-19.9300805835316,39.0699194164684));
#2989=CARTESIAN_POINT('',(-94.3467486832373,-19.768750934048,39.231249065952));
#2990=CARTESIAN_POINT('Origin',(-95.5967486832373,-19.768750934048,39.231249065952));
#2991=CARTESIAN_POINT('',(-73.1016299858228,-19.8224877231022,39.1775122768978));
#2992=CARTESIAN_POINT('Origin',(-74.3516299858228,-19.8224877231022,39.1775122768978));
#2993=CARTESIAN_POINT('Origin',(-50.9339778956326,-14.,21.0719935731168));
#2994=CARTESIAN_POINT('',(-48.3339778956326,-16.2,21.0719935731168));
#2995=CARTESIAN_POINT('',(-48.3339778956326,-14.,21.0719935731168));
#2996=CARTESIAN_POINT('Origin',(-50.9339778956326,-16.2,21.0719935731168));
#2997=CARTESIAN_POINT('Origin',(-50.9339778956326,-16.2,21.0719935731168));
#2998=CARTESIAN_POINT('Origin',(-57.9342338838143,-14.,-28.5943630241078));
#2999=CARTESIAN_POINT('',(-55.3342338838143,-16.2,-28.5943630241078));
#3000=CARTESIAN_POINT('',(-55.3342338838143,-14.,-28.5943630241078));
#3001=CARTESIAN_POINT('Origin',(-57.9342338838143,-16.2,-28.5943630241078));
#3002=CARTESIAN_POINT('Origin',(-57.9342338838143,-16.2,-28.5943630241078));
#3003=CARTESIAN_POINT('Origin',(-55.3119787472973,-17.,-30.0516817946622));
#3004=CARTESIAN_POINT('',(-53.8546599767428,-17.,-27.4294266581452));
#3005=CARTESIAN_POINT('',(-56.7692975178517,-17.,-32.6739369311792));
#3006=CARTESIAN_POINT('',(-49.5178489055026,-17.,-19.6259005268398));
#3007=CARTESIAN_POINT('',(-59.0991702497768,-17.,-24.5147891170364));
#3008=CARTESIAN_POINT('',(-53.8546599767428,-17.,-27.4294266581452));
#3009=CARTESIAN_POINT('',(-62.0138077908857,-17.,-29.7592993900704));
#3010=CARTESIAN_POINT('',(-62.0138077908857,-17.,-29.7592993900704));
#3011=CARTESIAN_POINT('',(-56.7692975178517,-17.,-32.6739369311792));
#3012=CARTESIAN_POINT('Origin',(-43.7237190637079,-1.77635683940025E-14,
-9.20011925901728));
#3013=CARTESIAN_POINT('',(-53.8546599767428,-7.37500000000002,-27.4294266581452));
#3014=CARTESIAN_POINT('',(-56.7692975178517,-7.37500000000002,-32.6739369311792));
#3015=CARTESIAN_POINT('',(-62.8414590618285,-19.5214172191776,-43.6));
#3016=CARTESIAN_POINT('',(-62.8414590618285,-1.77635683940025E-14,-43.6));
#3017=CARTESIAN_POINT('',(-61.6743836786798,-20.6374535575684,-41.5));
#3018=CARTESIAN_POINT('Origin',(-64.930232260772,-22.8739575281635,-47.3584750574954));
#3019=CARTESIAN_POINT('',(-61.6743836786798,-25.1104614987587,-41.5));
#3020=CARTESIAN_POINT('',(-61.6743836786798,-11.4369787640818,-41.5));
#3021=CARTESIAN_POINT('',(-62.8414590618285,-26.2264978371494,-43.6));
#3022=CARTESIAN_POINT('Origin',(-64.930232260772,-22.8739575281635,-47.3584750574954));
#3023=CARTESIAN_POINT('',(-62.8414590618285,-28.6,-43.6));
#3024=CARTESIAN_POINT('',(-62.8414590618285,-1.77635683940025E-14,-43.6));
#3025=CARTESIAN_POINT('',(-49.6656482600569,-28.6,-19.891846196713));
#3026=CARTESIAN_POINT('',(-46.6405943180812,-28.6,-14.4486560053392));
#3027=CARTESIAN_POINT('',(-42.9748858057536,-8.92949429644083,-7.85269143695026));
#3028=CARTESIAN_POINT('Origin',(-48.9682293367419,-1.77635683940025E-14,
-6.28548171790842));
#3029=CARTESIAN_POINT('',(-59.0991702497768,-15.5,-24.5147891170364));
#3030=CARTESIAN_POINT('',(-62.0138077908857,-12.5,-29.7592993900704));
#3031=CARTESIAN_POINT('Origin',(-53.8546599767429,-14.75,-27.4294266581452));
#3032=CARTESIAN_POINT('Origin',(-56.7692975178517,-14.75,-32.6739369311792));
#3033=CARTESIAN_POINT('Origin',(-49.397799360346,-1.77635683940025E-14,
33.3111356367136));
#3034=CARTESIAN_POINT('',(-52.6440505608721,-16.5,24.9547312000497));
#3035=CARTESIAN_POINT('',(-52.6440505608721,-16.5,24.9547312000497));
#3036=CARTESIAN_POINT('',(-54.8167155225656,-16.5,19.3619209078773));
#3037=CARTESIAN_POINT('',(-54.8167155225656,-13.5,19.3619209078773));
#3038=CARTESIAN_POINT('',(-54.8167155225656,-16.5,19.3619209078773));
#3039=CARTESIAN_POINT('Origin',(-47.0512402686997,-15.25,22.7820662383562));
#3040=CARTESIAN_POINT('',(-47.0512402686997,-16.5,22.7820662383562));
#3041=CARTESIAN_POINT('',(-47.0512402686997,-7.62500000000002,22.7820662383562));
#3042=CARTESIAN_POINT('',(-47.0512402686997,-16.5,22.7820662383562));
#3043=CARTESIAN_POINT('Origin',(-49.2239052303932,-15.25,17.1892559461838));
#3044=CARTESIAN_POINT('',(-49.2239052303932,-16.5,17.1892559461838));
#3045=CARTESIAN_POINT('',(-49.2239052303932,-7.62500000000002,17.1892559461838));
#3046=CARTESIAN_POINT('',(-49.2239052303932,-16.5,17.1892559461838));
#3047=CARTESIAN_POINT('Origin',(-48.1375727495464,-16.5,19.98566109227));
#3048=CARTESIAN_POINT('',(-45.97128090886,-16.5,25.5620658836451));
#3049=CARTESIAN_POINT('Origin',(-43.8049890681736,-1.77635683940025E-14,
31.1384706750202));
#3050=CARTESIAN_POINT('',(-57.1903434232692,-28.6,-3.31771512511497));
#3051=CARTESIAN_POINT('',(-57.1903434232692,-1.77635683940025E-14,-3.31771512511497));
#3052=CARTESIAN_POINT('',(-44.8610067426096,-28.6,28.4201010126777));
#3053=CARTESIAN_POINT('',(-51.7610019733172,-28.6,10.6583360730145));
#3054=CARTESIAN_POINT('',(-43.9,-26.126204686099,30.8938963265787));
#3055=CARTESIAN_POINT('',(-39.2778613461512,-14.2280312029015,42.7920698097762));
#3056=CARTESIAN_POINT('',(-43.9,-1.77635683940025E-14,30.8938963265787));
#3057=CARTESIAN_POINT('Origin',(-120.448220315194,-14.,20.1658410079762));
#3058=CARTESIAN_POINT('',(-117.848220315194,-16.2,20.1658410079762));
#3059=CARTESIAN_POINT('',(-117.848220315194,-14.,20.1658410079762));
#3060=CARTESIAN_POINT('Origin',(-120.448220315194,-16.2,20.1658410079762));
#3061=CARTESIAN_POINT('Origin',(-120.448220315194,-16.2,20.1658410079762));
#3062=CARTESIAN_POINT('Origin',(-110.000096987301,-14.,-28.1625106788924));
#3063=CARTESIAN_POINT('',(-107.400096987301,-16.2,-28.1625106788924));
#3064=CARTESIAN_POINT('',(-107.400096987301,-14.,-28.1625106788924));
#3065=CARTESIAN_POINT('Origin',(-110.000096987301,-16.2,-28.1625106788924));
#3066=CARTESIAN_POINT('Origin',(-110.000096987301,-16.2,-28.1625106788924));
#3067=CARTESIAN_POINT('Origin',(-109.999870337756,-17.,-28.1817314651591));
#3068=CARTESIAN_POINT('',(-112.530144704105,-17.,-32.0331115752902));
#3069=CARTESIAN_POINT('',(-114.185882777293,-17.,-26.2661388241697));
#3070=CARTESIAN_POINT('Ctrl Pts',(-112.533164507563,-17.,-32.0328334374883));
#3071=CARTESIAN_POINT('Ctrl Pts',(-113.100131373233,-17.,-30.1053020328076));
#3072=CARTESIAN_POINT('Ctrl Pts',(-113.652334245922,-17.,-28.1830364776262));
#3073=CARTESIAN_POINT('Ctrl Pts',(-114.189050658644,-17.,-26.2662995226229));
#3074=CARTESIAN_POINT('',(-105.814311197571,-17.,-30.0588825327224));
#3075=CARTESIAN_POINT('',(-112.530144704105,-17.,-32.0331115752902));
#3076=CARTESIAN_POINT('',(-107.445308587574,-17.,-24.3781082118937));
#3077=CARTESIAN_POINT('Ctrl Pts',(-105.814311197308,-17.,-30.058882533615));
#3078=CARTESIAN_POINT('Ctrl Pts',(-106.372795110959,-17.,-28.1590599196897));
#3079=CARTESIAN_POINT('Ctrl Pts',(-106.916711504547,-17.,-26.2652851630817));
#3080=CARTESIAN_POINT('Ctrl Pts',(-107.445308587677,-17.,-24.3781082115277));
#3081=CARTESIAN_POINT('',(-114.185882777293,-17.,-26.2661388241697));
#3082=CARTESIAN_POINT('Ctrl Pts',(-108.667319890542,-13.84,-44.571090072562));
#3083=CARTESIAN_POINT('Ctrl Pts',(-108.667319890542,-30.,-44.571090072562));
#3084=CARTESIAN_POINT('Ctrl Pts',(-113.817045139607,-13.84,-28.5702097721292));
#3085=CARTESIAN_POINT('Ctrl Pts',(-113.817045139607,-30.,-28.5702097721292));
#3086=CARTESIAN_POINT('Ctrl Pts',(-118.076670337135,-13.84,-12.8860633342773));
#3087=CARTESIAN_POINT('Ctrl Pts',(-118.076670337135,-30.,-12.8860633342773));
#3088=CARTESIAN_POINT('Ctrl Pts',(-121.046432145838,-13.84,2.33596116123036));
#3089=CARTESIAN_POINT('Ctrl Pts',(-121.046432145838,-30.,2.33596116123036));
#3090=CARTESIAN_POINT('Ctrl Pts',(-123.557937799214,-13.84,15.2091149826058));
#3091=CARTESIAN_POINT('Ctrl Pts',(-123.557937799214,-30.,15.2091149826058));
#3092=CARTESIAN_POINT('Ctrl Pts',(-125.168362686283,-13.84,27.7733575919391));
#3093=CARTESIAN_POINT('Ctrl Pts',(-125.168362686283,-30.,27.7733575919391));
#3094=CARTESIAN_POINT('Ctrl Pts',(-126.104011882434,-13.84,40.1059111685125));
#3095=CARTESIAN_POINT('Ctrl Pts',(-126.104011882434,-30.,40.1059111685125));
#3096=CARTESIAN_POINT('',(-112.530144704105,-15.,-32.0331115752902));
#3097=CARTESIAN_POINT('Ctrl Pts',(-112.530144704105,-15.,-32.0331115752902));
#3098=CARTESIAN_POINT('Ctrl Pts',(-112.530144704105,-15.6666666666667,-32.0331115752902));
#3099=CARTESIAN_POINT('Ctrl Pts',(-112.530144704105,-16.3333333333334,-32.0331115752902));
#3100=CARTESIAN_POINT('Ctrl Pts',(-112.530144704105,-17.,-32.0331115752902));
#3101=CARTESIAN_POINT('',(-114.185882777293,-15.,-26.2661388241697));
#3102=CARTESIAN_POINT('Ctrl Pts',(-114.185882777293,-17.,-26.2661388241697));
#3103=CARTESIAN_POINT('Ctrl Pts',(-114.185882777293,-16.3333333333334,-26.2661388241697));
#3104=CARTESIAN_POINT('Ctrl Pts',(-114.185882777293,-15.6666666666667,-26.2661388241697));
#3105=CARTESIAN_POINT('Ctrl Pts',(-114.185882777293,-15.,-26.2661388241697));
#3106=CARTESIAN_POINT('Ctrl Pts',(-114.185882777293,-15.,-26.2661388241697));
#3107=CARTESIAN_POINT('Ctrl Pts',(-114.185882777293,-14.6666666666667,-26.2661388241697));
#3108=CARTESIAN_POINT('Ctrl Pts',(-114.185882777398,-14.3333333333333,-26.2661388237979));
#3109=CARTESIAN_POINT('Ctrl Pts',(-114.185882777398,-14.,-26.2661388237979));
#3110=CARTESIAN_POINT('',(-123.500926196112,-15.,16.6836386950638));
#3111=CARTESIAN_POINT('Ctrl Pts',(-123.500926196112,-14.,16.6836386950638));
#3112=CARTESIAN_POINT('Ctrl Pts',(-123.500926196112,-14.3333333333333,16.6836386950638));
#3113=CARTESIAN_POINT('Ctrl Pts',(-123.500926196112,-14.6666666666667,16.6836386950638));
#3114=CARTESIAN_POINT('Ctrl Pts',(-123.500926196112,-15.,16.6836386950638));
#3115=CARTESIAN_POINT('',(-123.500926196112,-17.,16.6836386950638));
#3116=CARTESIAN_POINT('Ctrl Pts',(-123.500926196112,-15.,16.6836386950638));
#3117=CARTESIAN_POINT('Ctrl Pts',(-123.500926196112,-15.6666666666667,16.6836386950638));
#3118=CARTESIAN_POINT('Ctrl Pts',(-123.500926196112,-16.3333333333334,16.6836386950638));
#3119=CARTESIAN_POINT('Ctrl Pts',(-123.500926196112,-17.,16.6836386950638));
#3120=CARTESIAN_POINT('',(-124.320690062406,-17.,22.627287463908));
#3121=CARTESIAN_POINT('Ctrl Pts',(-123.502659874045,-17.,16.6851894601566));
#3122=CARTESIAN_POINT('Ctrl Pts',(-123.796166066917,-17.,18.6733796946657));
#3123=CARTESIAN_POINT('Ctrl Pts',(-124.069516698736,-17.,20.6546568035894));
#3124=CARTESIAN_POINT('Ctrl Pts',(-124.323589874064,-17.,22.6293204229294));
#3125=CARTESIAN_POINT('',(-124.320690062406,-15.,22.627287463908));
#3126=CARTESIAN_POINT('Ctrl Pts',(-124.320690062406,-17.,22.627287463908));
#3127=CARTESIAN_POINT('Ctrl Pts',(-124.320690062406,-16.3333333333334,22.627287463908));
#3128=CARTESIAN_POINT('Ctrl Pts',(-124.320690062406,-15.6666666666667,22.627287463908));
#3129=CARTESIAN_POINT('Ctrl Pts',(-124.320690062406,-15.,22.627287463908));
#3130=CARTESIAN_POINT('Ctrl Pts',(-124.320690062406,-15.,22.627287463908));
#3131=CARTESIAN_POINT('Ctrl Pts',(-124.320690062406,-14.6666666666667,22.6272874639079));
#3132=CARTESIAN_POINT('Ctrl Pts',(-124.320690062946,-14.3333333333333,22.6272874681084));
#3133=CARTESIAN_POINT('Ctrl Pts',(-124.320690062946,-14.,22.6272874681084));
#3134=CARTESIAN_POINT('',(-126.1,-16.9670143400688,40.0530866726089));
#3135=CARTESIAN_POINT('Ctrl Pts',(-126.1,-16.9670143400688,40.0530866726098));
#3136=CARTESIAN_POINT('Ctrl Pts',(-126.1,-15.9780095600459,40.0530866726099));
#3137=CARTESIAN_POINT('Ctrl Pts',(-126.1,-14.989004780023,40.05308667261));
#3138=CARTESIAN_POINT('Ctrl Pts',(-126.1,-14.,40.05308667261));
#3139=CARTESIAN_POINT('',(-125.01369945296,-28.6,28.4201010126777));
#3140=CARTESIAN_POINT('Ctrl Pts',(-126.1,-16.9670143400688,40.0530866726089));
#3141=CARTESIAN_POINT('Ctrl Pts',(-125.80579331599,-20.8368043315642,36.1832966811135));
#3142=CARTESIAN_POINT('Ctrl Pts',(-125.44261809948,-24.7286892871413,32.2914117255364));
#3143=CARTESIAN_POINT('Ctrl Pts',(-125.01369945296,-28.6,28.4201010126777));
#3144=CARTESIAN_POINT('',(-108.978839906805,-28.6,-43.6));
#3145=CARTESIAN_POINT('Ctrl Pts',(-125.016485087937,-28.6,28.4218043647878));
#3146=CARTESIAN_POINT('Ctrl Pts',(-124.068585380791,-28.6,19.8553142322917));
#3147=CARTESIAN_POINT('Ctrl Pts',(-122.7695986058,-28.6,11.1683469729478));
#3148=CARTESIAN_POINT('Ctrl Pts',(-121.046432145838,-28.6,2.33596116123036));
#3149=CARTESIAN_POINT('Ctrl Pts',(-118.136773167152,-28.6,-12.5779959505227));
#3150=CARTESIAN_POINT('Ctrl Pts',(-113.988931685062,-28.6,-27.9355591901868));
#3151=CARTESIAN_POINT('Ctrl Pts',(-108.978887386674,-28.6,-43.5999902437639));
#3152=CARTESIAN_POINT('',(-108.978839906805,-26.3417695341221,-43.6));
#3153=CARTESIAN_POINT('Ctrl Pts',(-108.978839906805,-28.6,-43.6));
#3154=CARTESIAN_POINT('Ctrl Pts',(-108.978839906805,-27.847256511374,-43.6));
#3155=CARTESIAN_POINT('Ctrl Pts',(-108.978839906805,-27.094513022748,-43.6));
#3156=CARTESIAN_POINT('Ctrl Pts',(-108.978839906805,-26.3417695341221,-43.6));
#3157=CARTESIAN_POINT('',(-109.645538573656,-25.8838515032702,-41.5));
#3158=CARTESIAN_POINT('Ctrl Pts',(-108.978839906805,-26.3417695341221,-43.6000000000001));
#3159=CARTESIAN_POINT('Ctrl Pts',(-109.217572677303,-26.211572047706,-42.8533703233821));
#3160=CARTESIAN_POINT('Ctrl Pts',(-109.440678952132,-26.0579499507213,-42.1499398199133));
#3161=CARTESIAN_POINT('Ctrl Pts',(-109.645538573656,-25.8838515032702,-41.5));
#3162=CARTESIAN_POINT('',(-109.645538573656,-19.8640635530569,-41.5));
#3163=CARTESIAN_POINT('Ctrl Pts',(-109.645538573656,-25.8838515032702,-41.5));
#3164=CARTESIAN_POINT('Ctrl Pts',(-109.645538573656,-24.3559010021801,-41.5));
#3165=CARTESIAN_POINT('Ctrl Pts',(-109.645538573656,-22.8279505010901,-41.5));
#3166=CARTESIAN_POINT('Ctrl Pts',(-109.645538573656,-20.8213545176856,-41.5));
#3167=CARTESIAN_POINT('Ctrl Pts',(-109.645538573656,-20.3427090353713,-41.5));
#3168=CARTESIAN_POINT('Ctrl Pts',(-109.645538573656,-19.8640635530569,-41.5));
#3169=CARTESIAN_POINT('',(-108.978839906805,-19.406145522205,-43.6));
#3170=CARTESIAN_POINT('Ctrl Pts',(-109.645538573656,-19.8640635530569,-41.5));
#3171=CARTESIAN_POINT('Ctrl Pts',(-109.440693513411,-19.6899774804026,-42.1498936226416));
#3172=CARTESIAN_POINT('Ctrl Pts',(-109.217589025405,-19.5363519243713,-42.8533191951776));
#3173=CARTESIAN_POINT('Ctrl Pts',(-108.978839906805,-19.406145522205,-43.6));
#3174=CARTESIAN_POINT('Ctrl Pts',(-108.978839906805,-19.406145522205,-43.6));
#3175=CARTESIAN_POINT('Ctrl Pts',(-108.978839906805,-17.6040970148033,-43.6));
#3176=CARTESIAN_POINT('Ctrl Pts',(-108.978839906805,-15.8020485074017,-43.6));
#3177=CARTESIAN_POINT('Ctrl Pts',(-108.978839906805,-14.,-43.6));
#3178=CARTESIAN_POINT('Ctrl Pts',(-112.530144704105,-14.,-32.0331115752901));
#3179=CARTESIAN_POINT('Ctrl Pts',(-112.530144704105,-14.3333333333333,-32.0331115752901));
#3180=CARTESIAN_POINT('Ctrl Pts',(-112.530144704105,-14.6666666666667,-32.0331115752902));
#3181=CARTESIAN_POINT('Ctrl Pts',(-112.530144704105,-15.,-32.0331115752902));
#3182=CARTESIAN_POINT('Origin',(-120.45152953364,-17.,20.1363049457343));
#3183=CARTESIAN_POINT('',(-116.575750568352,-17.,17.7043945545479));
#3184=CARTESIAN_POINT('',(-123.500926196112,-17.,16.6836386950638));
#3185=CARTESIAN_POINT('',(-117.37782820071,-17.,23.5198507218375));
#3186=CARTESIAN_POINT('Ctrl Pts',(-116.575750567982,-17.,17.7043945520443));
#3187=CARTESIAN_POINT('Ctrl Pts',(-116.862360324366,-17.,19.6488584325019));
#3188=CARTESIAN_POINT('Ctrl Pts',(-117.129372565549,-17.,21.5872222632235));
#3189=CARTESIAN_POINT('Ctrl Pts',(-117.377828199823,-17.,23.5198507149363));
#3190=CARTESIAN_POINT('',(-124.320690062406,-17.,22.627287463908));
#3191=CARTESIAN_POINT('Ctrl Pts',(-105.814311197308,-14.,-30.058882533615));
#3192=CARTESIAN_POINT('Ctrl Pts',(-105.814311197308,-17.0001058096066,-30.058882533615));
#3193=CARTESIAN_POINT('Ctrl Pts',(-106.372795110959,-14.,-28.1590599196897));
#3194=CARTESIAN_POINT('Ctrl Pts',(-106.372795110959,-17.0001058096066,-28.1590599196897));
#3195=CARTESIAN_POINT('Ctrl Pts',(-106.916711504547,-14.,-26.2652851630817));
#3196=CARTESIAN_POINT('Ctrl Pts',(-106.916711504547,-17.0001058096066,-26.2652851630817));
#3197=CARTESIAN_POINT('Ctrl Pts',(-107.445308587677,-14.,-24.3781082115277));
#3198=CARTESIAN_POINT('Ctrl Pts',(-107.445308587677,-17.0001058096066,-24.3781082115277));
#3199=CARTESIAN_POINT('',(-107.445308587574,-15.,-24.3781082118937));
#3200=CARTESIAN_POINT('Ctrl Pts',(-107.445308587677,-15.,-24.3781082115277));
#3201=CARTESIAN_POINT('Ctrl Pts',(-107.445308587677,-14.6666666666667,-24.3781082115277));
#3202=CARTESIAN_POINT('Ctrl Pts',(-107.445308587677,-14.3333333333333,-24.3781082115277));
#3203=CARTESIAN_POINT('Ctrl Pts',(-107.445308587677,-14.,-24.3781082115277));
#3204=CARTESIAN_POINT('',(-107.445308587574,-15.,-24.3781082118937));
#3205=CARTESIAN_POINT('',(-105.814311197571,-15.,-30.0588825327224));
#3206=CARTESIAN_POINT('',(-105.814311197571,-15.,-30.0588825327224));
#3207=CARTESIAN_POINT('Ctrl Pts',(-105.814311197569,-14.,-30.058882532729));
#3208=CARTESIAN_POINT('Ctrl Pts',(-105.814311197569,-14.3333333333333,-30.058882532729));
#3209=CARTESIAN_POINT('Ctrl Pts',(-105.814311197569,-14.6666666666667,-30.058882532729));
#3210=CARTESIAN_POINT('Ctrl Pts',(-105.814311197569,-15.,-30.058882532729));
#3211=CARTESIAN_POINT('Origin',(-110.815595682537,-14.5,-25.3221235176628));
#3212=CARTESIAN_POINT('Origin',(-109.172227950837,-14.5,-31.0459970540095));
#3213=CARTESIAN_POINT('Ctrl Pts',(-116.575750567982,-14.,17.7043945520443));
#3214=CARTESIAN_POINT('Ctrl Pts',(-116.575750567982,-17.0001095043982,17.7043945520443));
#3215=CARTESIAN_POINT('Ctrl Pts',(-116.862360324911,-14.,19.6488584361951));
#3216=CARTESIAN_POINT('Ctrl Pts',(-116.862360324911,-17.0001095043982,19.6488584361951));
#3217=CARTESIAN_POINT('Ctrl Pts',(-117.129372566564,-14.,21.5872222705868));
#3218=CARTESIAN_POINT('Ctrl Pts',(-117.129372566564,-17.0001095043982,21.5872222705868));
#3219=CARTESIAN_POINT('Ctrl Pts',(-117.377828201239,-14.,23.5198507259486));
#3220=CARTESIAN_POINT('Ctrl Pts',(-117.377828201239,-17.0001095043982,23.5198507259486));
#3221=CARTESIAN_POINT('',(-117.37782820071,-15.,23.5198507218375));
#3222=CARTESIAN_POINT('Ctrl Pts',(-117.377828201239,-15.,23.5198507259486));
#3223=CARTESIAN_POINT('Ctrl Pts',(-117.377828201239,-14.6666666666667,23.5198507259486));
#3224=CARTESIAN_POINT('Ctrl Pts',(-117.377828201239,-14.3333333333333,23.5198507259486));
#3225=CARTESIAN_POINT('Ctrl Pts',(-117.377828201239,-14.,23.5198507259486));
#3226=CARTESIAN_POINT('',(-117.37782820071,-15.,23.5198507218375));
#3227=CARTESIAN_POINT('',(-116.575750568352,-15.,17.7043945545479));
#3228=CARTESIAN_POINT('',(-116.575750568352,-15.,17.7043945545479));
#3229=CARTESIAN_POINT('Ctrl Pts',(-116.575750568347,-14.,17.7043945545202));
#3230=CARTESIAN_POINT('Ctrl Pts',(-116.575750568347,-14.3333333333333,17.7043945545202));
#3231=CARTESIAN_POINT('Ctrl Pts',(-116.575750568347,-14.6666666666667,17.7043945545202));
#3232=CARTESIAN_POINT('Ctrl Pts',(-116.575750568347,-15.,17.7043945545202));
#3233=CARTESIAN_POINT('Origin',(-120.849259132092,-14.5,23.0735690970285));
#3234=CARTESIAN_POINT('Origin',(-120.03833838223,-14.5,17.194016624792));
#3235=CARTESIAN_POINT('Origin',(-48.9716840363197,-18.8341535057437,-6.28356176798776));
#3236=CARTESIAN_POINT('',(-51.1867904045794,-20.0841535057437,-10.2693568935735));
#3237=CARTESIAN_POINT('Origin',(-50.7616130759474,-18.8341535057437,-9.50430572119918));
#3238=CARTESIAN_POINT('',(-52.0170173418944,-20.0841535057437,-11.7632420303311));
#3239=CARTESIAN_POINT('',(-48.9716840363197,-20.0841535057437,-6.28356176798776));
#3240=CARTESIAN_POINT('Origin',(-51.5918400132625,-18.8341535057437,-10.9981908579568));
#3241=CARTESIAN_POINT('Origin',(-74.3516299858228,-19.8224877231022,45.));
#3242=CARTESIAN_POINT('',(-73.1016299858228,-19.8224877231022,37.1976132895755));
#3243=CARTESIAN_POINT('',(-73.1016299858228,-19.8224877231022,45.));
#3244=CARTESIAN_POINT('Origin',(-74.3516299858228,-19.8224877231022,37.1976132895755));
#3245=CARTESIAN_POINT('Origin',(-95.5967486832373,-19.768750934048,45.));
#3246=CARTESIAN_POINT('',(-94.3467486832373,-19.768750934048,37.2513500786297));
#3247=CARTESIAN_POINT('',(-94.3467486832373,-19.768750934048,45.));
#3248=CARTESIAN_POINT('Origin',(-95.5967486832373,-19.768750934048,37.2513500786297));
#3249=CARTESIAN_POINT('Origin',(-53.0830679169184,-19.9300805835316,45.));
#3250=CARTESIAN_POINT('',(-51.8330679169184,-19.9300805835316,37.0900204291461));
#3251=CARTESIAN_POINT('',(-51.8330679169184,-19.9300805835316,45.));
#3252=CARTESIAN_POINT('Origin',(-53.0830679169184,-19.9300805835316,37.0900204291461));
#3253=CARTESIAN_POINT('Origin',(-116.865582894412,-19.768750934048,45.));
#3254=CARTESIAN_POINT('',(-115.615582894412,-19.768750934048,37.2513500786297));
#3255=CARTESIAN_POINT('',(-115.615582894412,-19.768750934048,45.));
#3256=CARTESIAN_POINT('Origin',(-116.865582894412,-19.768750934048,37.2513500786297));
#3257=CARTESIAN_POINT('Origin',(-78.9296393023447,-26.25,-14.7925421270148));
#3258=CARTESIAN_POINT('',(-84.6605009552741,-26.25,-43.6));
#3259=CARTESIAN_POINT('',(-82.624463161651,-26.25,-43.6));
#3260=CARTESIAN_POINT('',(-82.5021025180006,-26.25,-43.6));
#3261=CARTESIAN_POINT('Origin',(3950.4035334439,-26.2500000000005,-675.894022297578));
#3262=CARTESIAN_POINT('Origin',(5009.33258522453,-26.2500000000006,-767.575847647779));
#3263=CARTESIAN_POINT('Origin',(3950.4035334439,-25.0000000000005,-675.894022297578));
#3264=CARTESIAN_POINT('',(-82.624463161651,-23.75,-43.6));
#3265=CARTESIAN_POINT('',(-82.624463161651,-25.0000000000005,-43.6));
#3266=CARTESIAN_POINT('Origin',(3950.4035334439,-23.7500000000005,-675.894022297578));
#3267=CARTESIAN_POINT('Origin',(-65.4013903895371,-26.25,-14.8306125142956));
#3268=CARTESIAN_POINT('',(-79.5159706337624,-26.25,-43.6));
#3269=CARTESIAN_POINT('',(-77.2818256838713,-26.25,-43.6));
#3270=CARTESIAN_POINT('',(-73.1737200310103,-26.25,-43.6));
#3271=CARTESIAN_POINT('Origin',(83.400454341339,-26.25,-80.4716104094275));
#3272=CARTESIAN_POINT('Origin',(84.5714845570727,-26.25,-77.9449656993671));
#3273=CARTESIAN_POINT('Origin',(83.400454341339,-25.,-80.4716104094275));
#3274=CARTESIAN_POINT('',(-77.2818256838713,-23.75,-43.6));
#3275=CARTESIAN_POINT('',(-77.2818256838713,-25.,-43.6));
#3276=CARTESIAN_POINT('Origin',(83.400454341339,-23.75,-80.4716104094275));
#3277=CARTESIAN_POINT('Origin',(60.2178773221282,-25.,-121.00321024655));
#3278=CARTESIAN_POINT('',(-74.6507064869666,-23.75,-43.6));
#3279=CARTESIAN_POINT('',(-74.6507064869666,-26.25,-43.6));
#3280=CARTESIAN_POINT('',(-74.6507064869666,-25.,-43.6));
#3281=CARTESIAN_POINT('Origin',(60.2178773221282,-26.25,-121.00321024655));
#3282=CARTESIAN_POINT('Origin',(60.2178773221282,-23.75,-121.00321024655));
#3283=CARTESIAN_POINT('Origin',(-65.7500009797514,-26.25,-32.6545449546694));
#3284=CARTESIAN_POINT('',(-72.7933644681295,-26.25,-43.6));
#3285=CARTESIAN_POINT('',(-73.3480253261174,-26.25,-43.6));
#3286=CARTESIAN_POINT('Origin',(12.5934463566236,-26.25,-88.0328380089408));
#3287=CARTESIAN_POINT('Origin',(-127.5,-8.88178419700125E-15,-43.6));
#3288=CARTESIAN_POINT('Origin',(-107.087602245556,-22.8739575281635,-43.6));
#3289=CARTESIAN_POINT('',(-106.25,-28.6,-43.6));
#3290=CARTESIAN_POINT('Origin',(-64.930232260772,-22.8739575281635,-43.6));
#3291=CARTESIAN_POINT('',(-84.6605009552741,-23.75,-43.6));
#3292=CARTESIAN_POINT('',(-82.5021025180006,-23.75,-43.6));
#3293=CARTESIAN_POINT('',(-84.6605009552741,-25.0000000000006,-43.6));
#3294=CARTESIAN_POINT('',(-79.5159706337624,-23.75,-43.6));
#3295=CARTESIAN_POINT('',(-73.1737200310103,-23.75,-43.6));
#3296=CARTESIAN_POINT('',(-79.5159706337624,-25.,-43.6));
#3297=CARTESIAN_POINT('',(-72.7933644681295,-23.75,-43.6));
#3298=CARTESIAN_POINT('',(-72.7933644681295,-25.,-43.6));
#3299=CARTESIAN_POINT('',(-73.3480253261174,-23.75,-43.6));
#3300=CARTESIAN_POINT('',(-92.9325868965601,-23.75,-43.6));
#3301=CARTESIAN_POINT('',(-95.3154217576338,-23.75,-43.6));
#3302=CARTESIAN_POINT('',(-101.052429825356,-23.75,-43.6));
#3303=CARTESIAN_POINT('',(-92.9325868965601,-26.25,-43.6));
#3304=CARTESIAN_POINT('',(-92.9325868965601,-25.,-43.6));
#3305=CARTESIAN_POINT('',(-95.3154217576338,-26.25,-43.6));
#3306=CARTESIAN_POINT('',(-101.052429825356,-26.25,-43.6));
#3307=CARTESIAN_POINT('',(-95.3154217576338,-25.,-43.6));
#3308=CARTESIAN_POINT('',(-88.3467802894965,-23.75,-43.6));
#3309=CARTESIAN_POINT('',(-90.4574514509079,-23.75,-43.6));
#3310=CARTESIAN_POINT('',(-94.8065982113991,-23.75,-43.6));
#3311=CARTESIAN_POINT('',(-88.3467802894965,-26.25,-43.6));
#3312=CARTESIAN_POINT('',(-88.3467802894965,-25.,-43.6));
#3313=CARTESIAN_POINT('',(-90.4574514509079,-26.25,-43.6));
#3314=CARTESIAN_POINT('',(-94.8065982113991,-26.25,-43.6));
#3315=CARTESIAN_POINT('',(-90.4574514509079,-25.,-43.6));
#3316=CARTESIAN_POINT('Origin',(-105.014345826997,-26.25,-15.2551536369494));
#3317=CARTESIAN_POINT('Origin',(32.7660154466665,-26.25,39.1212734650713));
#3318=CARTESIAN_POINT('Origin',(-10.8995585492888,-26.25,22.8922195870184));
#3319=CARTESIAN_POINT('Origin',(32.7660154466665,-25.,39.1212734650713));
#3320=CARTESIAN_POINT('Origin',(32.7660154466665,-23.75,39.1212734650713));
#3321=CARTESIAN_POINT('Origin',(-92.5226825990827,-26.25,-15.2551539722255));
#3322=CARTESIAN_POINT('Origin',(120.709127805072,-26.25,7.44002228634081));
#3323=CARTESIAN_POINT('Origin',(120.260789726295,-26.25,9.50166883753891));
#3324=CARTESIAN_POINT('Origin',(120.709127805072,-25.,7.44002228634081));
#3325=CARTESIAN_POINT('Origin',(120.709127805072,-23.75,7.44002228634081));
#3326=CARTESIAN_POINT('Origin',(-64.930232260772,-22.8739575281635,-45.));
#3327=CARTESIAN_POINT('Origin',(-64.930232260772,-22.8739575281635,-41.5));
#3328=CARTESIAN_POINT('Origin',(-64.930232260772,-22.8739575281635,-41.5));
#3329=CARTESIAN_POINT('Origin',(-59.4527375224405,-23.2668414088213,-7.65309976007794));
#3330=CARTESIAN_POINT('',(-62.339881419889,-28.6,-12.8481388056999));
#3331=CARTESIAN_POINT('',(-58.806811602509,-18.2129521159209,-6.49084027672171));
#3332=CARTESIAN_POINT('',(-57.0780343164654,-28.6,-3.38013093171213));
#3333=CARTESIAN_POINT('',(-60.8422201273636,-28.6,-10.153292560363));
#3334=CARTESIAN_POINT('',(-57.0780343164655,-11.6334207044106,-3.38013093171213));
#3335=CARTESIAN_POINT('Origin',(-43.5428635602223,-14.1969929891086,-11.7566983701201));
#3336=CARTESIAN_POINT('',(-66.7750539419757,-28.6,-10.3832908673451));
#3337=CARTESIAN_POINT('Origin',(-126.1,-8.88178419700125E-15,45.));
#3338=CARTESIAN_POINT('',(-126.1,-10.0100505063389,47.0100505063388));
#3339=CARTESIAN_POINT('Origin',(-42.5,-14.0100505063389,43.0100505063388));
#3340=CARTESIAN_POINT('',(-43.9,-32.5100505063389,24.5100505063388));
#3341=CARTESIAN_POINT('',(-63.75,-28.6,28.4201010126777));
#3342=CARTESIAN_POINT('Origin',(-56.1234501655649,-1.77635683940025E-14,
-3.91064124774067));
#3343=CARTESIAN_POINT('',(-67.9848908748719,-28.6,2.68135659059762));
#3344=CARTESIAN_POINT('Origin',(-85.,-28.6,-2.22044604925031E-15));
#3345=CARTESIAN_POINT('Origin',(-107.087602245556,-22.8739575281635,-41.5));
#3346=CARTESIAN_POINT('Origin',(-107.087602245556,-22.8739575281635,-41.5));
#3347=CARTESIAN_POINT('Origin',(-107.087602245556,-22.8739575281635,-45.));
#3348=CARTESIAN_POINT('Origin',(-43.9,-1.77635683940025E-14,-45.));
#3349=CARTESIAN_POINT('Origin',(-55.4433680726395,-1.77635683940025E-14,
-2.68692218403275));
#3350=CARTESIAN_POINT('',(-55.1742331598321,-11.6334207044106,-2.83649396092961));
#3351=CARTESIAN_POINT('',(-55.4433680726395,-1.77635683940025E-14,-2.68692218403274));
#3352=CARTESIAN_POINT('Origin',(-42.5,-14.,44.));
#3353=CARTESIAN_POINT('Origin',(-42.5,-14.,44.));
#3354=CARTESIAN_POINT('Origin',(-58.2290184587326,-23.2668414088213,-8.33318185300334));
#3355=CARTESIAN_POINT('',(-55.6600060833503,-15.,-3.71057900643527));
#3356=CARTESIAN_POINT('',(-55.6600060833503,-15.,-3.71057900643527));
#3357=CARTESIAN_POINT('Origin',(-55.6600060833503,-14.,-3.71057900643527));
#3358=CARTESIAN_POINT('Origin',(-42.9857729235182,-15.,-10.7542863974483));
#3359=CARTESIAN_POINT('',(-42.9857729235182,-15.,-10.7542863974483));
#3360=CARTESIAN_POINT('',(-41.1940761053415,-9.73250130733229,-7.5303615572039));
#3361=CARTESIAN_POINT('',(-42.9857729235182,-15.,-10.7542863974483));
#3362=CARTESIAN_POINT('Origin',(-42.5,-1.77635683940025E-14,-9.88020135194268));
#3363=CARTESIAN_POINT('Origin',(-42.9857729235181,-14.,-10.7542863974484));
#3364=CARTESIAN_POINT('Origin',(-49.4574569598379,-14.,-7.15764681349338));
#3365=CARTESIAN_POINT('Origin',(-78.9296393023447,-23.75,-14.7925421270148));
#3366=CARTESIAN_POINT('Origin',(5009.33258522453,-23.7500000000006,-767.575847647779));
#3367=CARTESIAN_POINT('Origin',(5009.33258522453,-25.0000000000006,-767.575847647779));
#3368=CARTESIAN_POINT('Origin',(-65.4013903895371,-23.75,-14.8306125142956));
#3369=CARTESIAN_POINT('Origin',(84.5714845570727,-23.75,-77.9449656993671));
#3370=CARTESIAN_POINT('Origin',(84.5714845570727,-25.,-77.9449656993671));
#3371=CARTESIAN_POINT('Origin',(12.5934463566236,-25.,-88.0328380089408));
#3372=CARTESIAN_POINT('Origin',(12.5934463566236,-23.75,-88.0328380089408));
#3373=CARTESIAN_POINT('Origin',(-65.7500009797514,-23.75,-32.6545449546694));
#3374=CARTESIAN_POINT('Origin',(-105.014345826997,-23.75,-15.2551536369494));
#3375=CARTESIAN_POINT('Origin',(-10.8995585492888,-23.75,22.8922195870184));
#3376=CARTESIAN_POINT('Origin',(-10.8995585492888,-25.,22.8922195870184));
#3377=CARTESIAN_POINT('Origin',(-92.5226825990827,-23.75,-15.2551539722255));
#3378=CARTESIAN_POINT('Origin',(120.260789726295,-23.75,9.50166883753891));
#3379=CARTESIAN_POINT('Origin',(120.260789726295,-25.,9.50166883753891));
#3380=CARTESIAN_POINT('Origin',(-107.087602245556,-22.8739575281635,-42.9));
#3381=CARTESIAN_POINT('Origin',(-64.930232260772,-22.8739575281635,-42.9));
#3382=CARTESIAN_POINT('Origin',(-42.5,-1.77635683940025E-14,-45.));
#3383=CARTESIAN_POINT('',(-42.5,-1.77635683940025E-14,30.6315155172917));
#3384=CARTESIAN_POINT('Origin',(-42.5,-1.77635683940025E-14,30.6315155172917));
#3385=CARTESIAN_POINT('',(0.,0.,0.));
#3386=CARTESIAN_POINT('',(0.,0.,0.));
#3387=UNCERTAINTY_MEASURE_WITH_UNIT(LENGTH_MEASURE(0.01),#3395,
'DISTANCE_ACCURACY_VALUE',
'Maximum model space distance between geometric entities at asserted c
onnectivities');
#3388=UNCERTAINTY_MEASURE_WITH_UNIT(LENGTH_MEASURE(0.01),#3395,
'DISTANCE_ACCURACY_VALUE',
'Maximum model space distance between geometric entities at asserted c
onnectivities');
#3389=UNCERTAINTY_MEASURE_WITH_UNIT(LENGTH_MEASURE(0.01),#3395,
'DISTANCE_ACCURACY_VALUE',
'Maximum model space distance between geometric entities at asserted c
onnectivities');
#3390=UNCERTAINTY_MEASURE_WITH_UNIT(LENGTH_MEASURE(0.01),#3395,
'DISTANCE_ACCURACY_VALUE',
'Maximum model space distance between geometric entities at asserted c
onnectivities');
#3391=(
GEOMETRIC_REPRESENTATION_CONTEXT(3)
GLOBAL_UNCERTAINTY_ASSIGNED_CONTEXT((#3387))
GLOBAL_UNIT_ASSIGNED_CONTEXT((#3395,#3397,#3398))
REPRESENTATION_CONTEXT('','3D')
);
#3392=(
GEOMETRIC_REPRESENTATION_CONTEXT(3)
GLOBAL_UNCERTAINTY_ASSIGNED_CONTEXT((#3388))
GLOBAL_UNIT_ASSIGNED_CONTEXT((#3395,#3397,#3398))
REPRESENTATION_CONTEXT('','3D')
);
#3393=(
GEOMETRIC_REPRESENTATION_CONTEXT(3)
GLOBAL_UNCERTAINTY_ASSIGNED_CONTEXT((#3389))
GLOBAL_UNIT_ASSIGNED_CONTEXT((#3395,#3397,#3398))
REPRESENTATION_CONTEXT('','3D')
);
#3394=(
GEOMETRIC_REPRESENTATION_CONTEXT(3)
GLOBAL_UNCERTAINTY_ASSIGNED_CONTEXT((#3390))
GLOBAL_UNIT_ASSIGNED_CONTEXT((#3395,#3397,#3398))
REPRESENTATION_CONTEXT('','3D')
);
#3395=(
LENGTH_UNIT()
NAMED_UNIT(*)
SI_UNIT(.MILLI.,.METRE.)
);
#3396=(
LENGTH_UNIT()
NAMED_UNIT(*)
SI_UNIT($,.METRE.)
);
#3397=(
NAMED_UNIT(*)
PLANE_ANGLE_UNIT()
SI_UNIT($,.RADIAN.)
);
#3398=(
NAMED_UNIT(*)
SI_UNIT($,.STERADIAN.)
SOLID_ANGLE_UNIT()
);
#3399=SHAPE_DEFINITION_REPRESENTATION(#3402,#3407);
#3400=SHAPE_DEFINITION_REPRESENTATION(#3403,#3408);
#3401=SHAPE_DEFINITION_REPRESENTATION(#3404,#3409);
#3402=PRODUCT_DEFINITION_SHAPE('',$,#3411);
#3403=PRODUCT_DEFINITION_SHAPE('',$,#3412);
#3404=PRODUCT_DEFINITION_SHAPE('',$,#3413);
#3405=PRODUCT_DEFINITION_SHAPE($,$,#17);
#3406=PRODUCT_DEFINITION_SHAPE($,$,#18);
#3407=SHAPE_REPRESENTATION('',(#1855,#2020),#3391);
#3408=SHAPE_REPRESENTATION('',(#1856,#2019),#3392);
#3409=SHAPE_REPRESENTATION('',(#1857),#3393);
#3410=PRODUCT_DEFINITION_CONTEXT('part definition',#3421,'design');
#3411=PRODUCT_DEFINITION('2025-12-08-00-33-07-883','Arm (1)',#3414,#3410);
#3412=PRODUCT_DEFINITION('2025-12-08-00-40-28-529','Arm',#3415,#3410);
#3413=PRODUCT_DEFINITION('2025-12-08-02-38-12-102','Palm',#3416,#3410);
#3414=PRODUCT_DEFINITION_FORMATION('',$,#3423);
#3415=PRODUCT_DEFINITION_FORMATION('',$,#3424);
#3416=PRODUCT_DEFINITION_FORMATION('',$,#3425);
#3417=PRODUCT_RELATED_PRODUCT_CATEGORY('Arm (1)','Arm (1)',(#3423));
#3418=PRODUCT_RELATED_PRODUCT_CATEGORY('Arm','Arm',(#3424));
#3419=PRODUCT_RELATED_PRODUCT_CATEGORY('Palm','Palm',(#3425));
#3420=APPLICATION_PROTOCOL_DEFINITION('international standard',
'automotive_design',2009,#3421);
#3421=APPLICATION_CONTEXT(
'Core Data for Automotive Mechanical Design Process');
#3422=PRODUCT_CONTEXT('part definition',#3421,'mechanical');
#3423=PRODUCT('2025-12-08-00-33-07-883','Arm (1)',$,(#3422));
#3424=PRODUCT('2025-12-08-00-40-28-529','Arm',$,(#3422));
#3425=PRODUCT('2025-12-08-02-38-12-102','Palm',$,(#3422));
#3426=PRESENTATION_STYLE_ASSIGNMENT((#3438));
#3427=PRESENTATION_STYLE_ASSIGNMENT((#3439));
#3428=PRESENTATION_STYLE_ASSIGNMENT((#3440));
#3429=PRESENTATION_STYLE_ASSIGNMENT((#3441));
#3430=PRESENTATION_STYLE_ASSIGNMENT((#3442));
#3431=PRESENTATION_STYLE_ASSIGNMENT((#3443));
#3432=PRESENTATION_STYLE_ASSIGNMENT((#3444));
#3433=PRESENTATION_STYLE_ASSIGNMENT((#3445));
#3434=PRESENTATION_STYLE_ASSIGNMENT((#3446));
#3435=PRESENTATION_STYLE_ASSIGNMENT((#3447));
#3436=PRESENTATION_STYLE_ASSIGNMENT((#3448));
#3437=PRESENTATION_STYLE_ASSIGNMENT((#3449));
#3438=SURFACE_STYLE_USAGE(.BOTH.,#3450);
#3439=SURFACE_STYLE_USAGE(.BOTH.,#3451);
#3440=SURFACE_STYLE_USAGE(.BOTH.,#3452);
#3441=SURFACE_STYLE_USAGE(.BOTH.,#3453);
#3442=SURFACE_STYLE_USAGE(.BOTH.,#3454);
#3443=SURFACE_STYLE_USAGE(.BOTH.,#3455);
#3444=SURFACE_STYLE_USAGE(.BOTH.,#3456);
#3445=SURFACE_STYLE_USAGE(.BOTH.,#3457);
#3446=SURFACE_STYLE_USAGE(.BOTH.,#3458);
#3447=SURFACE_STYLE_USAGE(.BOTH.,#3459);
#3448=SURFACE_STYLE_USAGE(.BOTH.,#3460);
#3449=SURFACE_STYLE_USAGE(.BOTH.,#3461);
#3450=SURFACE_SIDE_STYLE('',(#3462));
#3451=SURFACE_SIDE_STYLE('',(#3463));
#3452=SURFACE_SIDE_STYLE('',(#3464));
#3453=SURFACE_SIDE_STYLE('',(#3465));
#3454=SURFACE_SIDE_STYLE('',(#3466));
#3455=SURFACE_SIDE_STYLE('',(#3467));
#3456=SURFACE_SIDE_STYLE('',(#3468));
#3457=SURFACE_SIDE_STYLE('',(#3469));
#3458=SURFACE_SIDE_STYLE('',(#3470));
#3459=SURFACE_SIDE_STYLE('',(#3471));
#3460=SURFACE_SIDE_STYLE('',(#3472));
#3461=SURFACE_SIDE_STYLE('',(#3473));
#3462=SURFACE_STYLE_FILL_AREA(#3474);
#3463=SURFACE_STYLE_FILL_AREA(#3475);
#3464=SURFACE_STYLE_FILL_AREA(#3476);
#3465=SURFACE_STYLE_FILL_AREA(#3477);
#3466=SURFACE_STYLE_FILL_AREA(#3478);
#3467=SURFACE_STYLE_FILL_AREA(#3479);
#3468=SURFACE_STYLE_FILL_AREA(#3480);
#3469=SURFACE_STYLE_FILL_AREA(#3481);
#3470=SURFACE_STYLE_FILL_AREA(#3482);
#3471=SURFACE_STYLE_FILL_AREA(#3483);
#3472=SURFACE_STYLE_FILL_AREA(#3484);
#3473=SURFACE_STYLE_FILL_AREA(#3485);
#3474=FILL_AREA_STYLE('Steel - Satin',(#3486));
#3475=FILL_AREA_STYLE('Plastic - Matte (Black)',(#3487));
#3476=FILL_AREA_STYLE('Aluminum - Satin',(#3488));
#3477=FILL_AREA_STYLE('Aluminum - Polished',(#3489));
#3478=FILL_AREA_STYLE('Paek (Beige)',(#3490));
#3479=FILL_AREA_STYLE('Copper - Patina',(#3491));
#3480=FILL_AREA_STYLE('Plastic - Matte (Yellow)',(#3492));
#3481=FILL_AREA_STYLE('Plastic - Matte (Red)',(#3493));
#3482=FILL_AREA_STYLE('Stainless Steel - Polished',(#3494));
#3483=FILL_AREA_STYLE('Plastic - Matte (Green)',(#3495));
#3484=FILL_AREA_STYLE('Plastic - Matte (Blue)',(#3496));
#3485=FILL_AREA_STYLE('Opaque(64,64,64)',(#3497));
#3486=FILL_AREA_STYLE_COLOUR('Steel - Satin',#3498);
#3487=FILL_AREA_STYLE_COLOUR('Plastic - Matte (Black)',#3499);
#3488=FILL_AREA_STYLE_COLOUR('Aluminum - Satin',#3500);
#3489=FILL_AREA_STYLE_COLOUR('Aluminum - Polished',#3501);
#3490=FILL_AREA_STYLE_COLOUR('Paek (Beige)',#3502);
#3491=FILL_AREA_STYLE_COLOUR('Copper - Patina',#3503);
#3492=FILL_AREA_STYLE_COLOUR('Plastic - Matte (Yellow)',#3504);
#3493=FILL_AREA_STYLE_COLOUR('Plastic - Matte (Red)',#3505);
#3494=FILL_AREA_STYLE_COLOUR('Stainless Steel - Polished',#3506);
#3495=FILL_AREA_STYLE_COLOUR('Plastic - Matte (Green)',#3507);
#3496=FILL_AREA_STYLE_COLOUR('Plastic - Matte (Blue)',#3508);
#3497=FILL_AREA_STYLE_COLOUR('Opaque(64,64,64)',#3509);
#3498=COLOUR_RGB('Steel - Satin',0.627450980392157,0.627450980392157,0.627450980392157);
#3499=COLOUR_RGB('Plastic - Matte (Black)',0.0980392156862745,0.0980392156862745,
0.0980392156862745);
#3500=COLOUR_RGB('Aluminum - Satin',0.96078431372549,0.96078431372549,0.964705882352941);
#3501=COLOUR_RGB('Aluminum - Polished',0.96078431372549,0.96078431372549,
0.964705882352941);
#3502=COLOUR_RGB('Paek (Beige)',0.898039215686275,0.792156862745098,0.619607843137255);
#3503=COLOUR_RGB('Copper - Patina',0.929411764705882,0.807843137254902,
0.764705882352941);
#3504=COLOUR_RGB('Plastic - Matte (Yellow)',0.909803921568627,0.67843137254902,
0.137254901960784);
#3505=COLOUR_RGB('Plastic - Matte (Red)',0.768627450980392,0.207843137254902,
0.152941176470588);
#3506=COLOUR_RGB('Stainless Steel - Polished',0.796078431372549,0.796078431372549,
0.796078431372549);
#3507=COLOUR_RGB('Plastic - Matte (Green)',0.266666666666667,0.588235294117647,
0.282352941176471);
#3508=COLOUR_RGB('Plastic - Matte (Blue)',0.188235294117647,0.231372549019608,
0.588235294117647);
#3509=COLOUR_RGB('Opaque(64,64,64)',0.250980392156863,0.250980392156863,
0.250980392156863);
ENDSEC;
END-ISO-10303-21;
