ISO-10303-21;
HEADER;
/* Generated by software containing ST-Developer
 * from STEP Tools, Inc. (www.steptools.com) 
 */

FILE_DESCRIPTION(
/* description */ (''),
/* implementation_level */ '2;1');

FILE_NAME(
/* name */ 'Pinky Finger.step',
/* time_stamp */ '2026-01-04T20:36:26Z',
/* author */ (''),
/* organization */ (''),
/* preprocessor_version */ 'ST-DEVELOPER v20.1',
/* originating_system */ 'Autodesk Translation Framework v14.21.0.0',
/* authorisation */ '');

FILE_SCHEMA (('AUTOMOTIVE_DESIGN { 1 0 10303 214 3 1 1 }'));
ENDSEC;

DATA;
#10=MECHANICAL_DESIGN_GEOMETRIC_PRESENTATION_REPRESENTATION('',(#29,#30,
#31),#2142);
#11=ITEM_DEFINED_TRANSFORMATION($,$,#667,#719);
#12=ITEM_DEFINED_TRANSFORMATION($,$,#685,#720);
#13=ITEM_DEFINED_TRANSFORMATION($,$,#701,#721);
#14=(
REPRESENTATION_RELATIONSHIP($,$,#2159,#2158)
REPRESENTATION_RELATIONSHIP_WITH_TRANSFORMATION(#11)
SHAPE_REPRESENTATION_RELATIONSHIP()
);
#15=(
REPRESENTATION_RELATIONSHIP($,$,#2160,#2158)
REPRESENTATION_RELATIONSHIP_WITH_TRANSFORMATION(#12)
SHAPE_REPRESENTATION_RELATIONSHIP()
);
#16=(
REPRESENTATION_RELATIONSHIP($,$,#2161,#2158)
REPRESENTATION_RELATIONSHIP_WITH_TRANSFORMATION(#13)
SHAPE_REPRESENTATION_RELATIONSHIP()
);
#17=CONTEXT_DEPENDENT_SHAPE_REPRESENTATION(#14,#2155);
#18=CONTEXT_DEPENDENT_SHAPE_REPRESENTATION(#15,#2156);
#19=CONTEXT_DEPENDENT_SHAPE_REPRESENTATION(#16,#2157);
#20=NEXT_ASSEMBLY_USAGE_OCCURRENCE('Proximal phalanx:1',
'Proximal phalanx:1','Proximal phalanx:1',#2163,#2164,
'Proximal phalanx:1');
#21=NEXT_ASSEMBLY_USAGE_OCCURRENCE('Middle phalanx:1',
'Middle phalanx:1','Middle phalanx:1',#2163,#2165,'Middle phalanx:1');
#22=NEXT_ASSEMBLY_USAGE_OCCURRENCE('Distal phalanx:1',
'Distal phalanx:1','Distal phalanx:1',#2163,#2166,'Distal phalanx:1');
#23=SHAPE_REPRESENTATION_RELATIONSHIP('SRR','None',#2159,#26);
#24=SHAPE_REPRESENTATION_RELATIONSHIP('SRR','None',#2160,#27);
#25=SHAPE_REPRESENTATION_RELATIONSHIP('SRR','None',#2161,#28);
#26=ADVANCED_BREP_SHAPE_REPRESENTATION('',(#32),#2139);
#27=ADVANCED_BREP_SHAPE_REPRESENTATION('',(#33),#2140);
#28=ADVANCED_BREP_SHAPE_REPRESENTATION('',(#34),#2141);
#29=STYLED_ITEM('',(#2182),#32);
#30=STYLED_ITEM('',(#2182),#33);
#31=STYLED_ITEM('',(#2182),#34);
#32=MANIFOLD_SOLID_BREP('Body1',#629);
#33=MANIFOLD_SOLID_BREP('Body1',#630);
#34=MANIFOLD_SOLID_BREP('Body1',#631);
#35=FACE_BOUND('',#156,.T.);
#36=FACE_BOUND('',#157,.T.);
#37=FACE_BOUND('',#159,.T.);
#38=FACE_BOUND('',#161,.T.);
#39=FACE_BOUND('',#164,.T.);
#40=FACE_BOUND('',#165,.T.);
#41=FACE_BOUND('',#172,.T.);
#42=FACE_BOUND('',#173,.T.);
#43=FACE_BOUND('',#175,.T.);
#44=FACE_BOUND('',#177,.T.);
#45=FACE_BOUND('',#180,.T.);
#46=FACE_BOUND('',#181,.T.);
#47=FACE_BOUND('',#195,.T.);
#48=FACE_BOUND('',#197,.T.);
#49=FACE_BOUND('',#198,.T.);
#50=PLANE('',#678);
#51=PLANE('',#679);
#52=PLANE('',#681);
#53=PLANE('',#684);
#54=PLANE('',#694);
#55=PLANE('',#695);
#56=PLANE('',#697);
#57=PLANE('',#700);
#58=PLANE('',#709);
#59=PLANE('',#717);
#60=PLANE('',#718);
#61=ELLIPSE('',#675,9.,8.);
#62=ELLIPSE('',#676,9.,8.);
#63=ELLIPSE('',#680,1.76776695296637,1.25);
#64=ELLIPSE('',#682,1.76776695296637,1.25);
#65=ELLIPSE('',#696,1.76776695296678,1.25);
#66=ELLIPSE('',#698,1.76776695296638,1.25);
#67=ELLIPSE('',#707,1.76776695296637,1.25);
#68=B_SPLINE_SURFACE_WITH_KNOTS('',3,3,((#941,#942,#943,#944),(#945,#946,
#947,#948),(#949,#950,#951,#952),(#953,#954,#955,#956),(#957,#958,#959,
#960),(#961,#962,#963,#964),(#965,#966,#967,#968),(#969,#970,#971,#972),
(#973,#974,#975,#976),(#977,#978,#979,#980),(#981,#982,#983,#984),(#985,
#986,#987,#988),(#989,#990,#991,#992),(#993,#994,#995,#996),(#997,#998,
#999,#1000),(#1001,#1002,#1003,#1004),(#1005,#1006,#1007,#1008)),
 .UNSPECIFIED.,.T.,.F.,.F.,(4,1,1,1,1,1,1,1,1,1,1,1,1,1,4),(4,4),(0.,0.0714285714285714,
0.142857142857143,0.214285714285714,0.285714285714286,0.357142857142857,
0.428571428571429,0.476190476190476,0.571428571428571,0.619047619047619,
0.714285714285714,0.785714285714286,0.857142857142857,0.928571428571429,
1.),(0.,1.),.UNSPECIFIED.);
#69=B_SPLINE_SURFACE_WITH_KNOTS('',3,3,((#1241,#1242,#1243,#1244),(#1245,
#1246,#1247,#1248),(#1249,#1250,#1251,#1252),(#1253,#1254,#1255,#1256),
(#1257,#1258,#1259,#1260),(#1261,#1262,#1263,#1264),(#1265,#1266,#1267,
#1268),(#1269,#1270,#1271,#1272),(#1273,#1274,#1275,#1276),(#1277,#1278,
#1279,#1280),(#1281,#1282,#1283,#1284),(#1285,#1286,#1287,#1288),(#1289,
#1290,#1291,#1292),(#1293,#1294,#1295,#1296),(#1297,#1298,#1299,#1300),
(#1301,#1302,#1303,#1304),(#1305,#1306,#1307,#1308),(#1309,#1310,#1311,
#1312)),.UNSPECIFIED.,.T.,.F.,.F.,(4,1,1,1,1,1,1,1,1,1,1,1,1,1,1,4),(4,
4),(0.,0.0714285714285714,0.142857142857143,0.214285714285714,0.285714285714286,
0.357142857142857,0.428571428571429,0.476190476190476,0.571428571428571,
0.619047619047619,0.666666666666667,0.714285714285714,0.785714285714286,
0.857142857142857,0.928571428571429,1.),(0.,1.),.UNSPECIFIED.);
#70=B_SPLINE_SURFACE_WITH_KNOTS('',3,3,((#1491,#1492,#1493,#1494,#1495,
#1496,#1497,#1498,#1499,#1500,#1501),(#1502,#1503,#1504,#1505,#1506,#1507,
#1508,#1509,#1510,#1511,#1512),(#1513,#1514,#1515,#1516,#1517,#1518,#1519,
#1520,#1521,#1522,#1523),(#1524,#1525,#1526,#1527,#1528,#1529,#1530,#1531,
#1532,#1533,#1534),(#1535,#1536,#1537,#1538,#1539,#1540,#1541,#1542,#1543,
#1544,#1545)),.UNSPECIFIED.,.F.,.F.,.F.,(4,1,4),(4,1,1,1,1,1,1,1,4),(0.,
0.571428571428571,1.),(0.,0.0633066191844222,0.126613238368844,0.253226476737689,
0.316533095922111,0.506452953475378,0.696372811028645,0.759679430213067,
0.886292668581911),.UNSPECIFIED.);
#71=B_SPLINE_SURFACE_WITH_KNOTS('',3,3,((#1619,#1620,#1621,#1622,#1623,
#1624,#1625,#1626,#1627,#1628),(#1629,#1630,#1631,#1632,#1633,#1634,#1635,
#1636,#1637,#1638),(#1639,#1640,#1641,#1642,#1643,#1644,#1645,#1646,#1647,
#1648),(#1649,#1650,#1651,#1652,#1653,#1654,#1655,#1656,#1657,#1658),(#1659,
#1660,#1661,#1662,#1663,#1664,#1665,#1666,#1667,#1668)),.UNSPECIFIED.,.F.,
 .F.,.F.,(4,1,4),(4,1,1,1,1,1,1,4),(0.,0.571428571428571,1.),(0.12134817166733,
0.247961410605349,0.374574649543368,0.627801127419406,0.754414366357425,
0.881027605295444,0.944334224764454,1.00764084423346),.UNSPECIFIED.);
#72=B_SPLINE_SURFACE_WITH_KNOTS('',3,3,((#1737,#1738,#1739,#1740,#1741),
(#1742,#1743,#1744,#1745,#1746),(#1747,#1748,#1749,#1750,#1751),(#1752,
#1753,#1754,#1755,#1756),(#1757,#1758,#1759,#1760,#1761)),.UNSPECIFIED.,
 .F.,.F.,.F.,(4,1,4),(4,1,4),(0.,0.571428571428571,1.),(8.72527485797342E-17,
0.0693291257751731,0.121325970106553),.UNSPECIFIED.);
#73=B_SPLINE_SURFACE_WITH_KNOTS('',3,3,((#1784,#1785,#1786,#1787,#1788),
(#1789,#1790,#1791,#1792,#1793),(#1794,#1795,#1796,#1797,#1798),(#1799,
#1800,#1801,#1802,#1803),(#1804,#1805,#1806,#1807,#1808)),.UNSPECIFIED.,
 .F.,.F.,.F.,(4,1,4),(4,1,4),(0.,0.571428571428571,1.),(0.,0.0520061076903848,
0.121347584610898),.UNSPECIFIED.);
#74=B_SPLINE_SURFACE_WITH_KNOTS('',3,1,((#1828,#1829),(#1830,#1831),(#1832,
#1833),(#1834,#1835),(#1836,#1837),(#1838,#1839),(#1840,#1841),(#1842,#1843),
(#1844,#1845),(#1846,#1847),(#1848,#1849),(#1850,#1851),(#1852,#1853)),
 .UNSPECIFIED.,.F.,.F.,.F.,(4,3,3,3,4),(2,2),(-3.14159265358979,-2.32476074342419,
-1.538445141775,-0.761498554769071,0.),(0.,0.6),.UNSPECIFIED.);
#75=B_SPLINE_SURFACE_WITH_KNOTS('',3,1,((#1879,#1880),(#1881,#1882),(#1883,
#1884),(#1885,#1886),(#1887,#1888),(#1889,#1890),(#1891,#1892),(#1893,#1894),
(#1895,#1896),(#1897,#1898),(#1899,#1900),(#1901,#1902),(#1903,#1904),(#1905,
#1906),(#1907,#1908),(#1909,#1910)),.UNSPECIFIED.,.F.,.F.,.F.,(4,3,3,3,
3,4),(2,2),(0.,0.113692322342697,0.916820742609712,1.6899406921876,2.45181168844409,
3.14159265358979),(0.,0.6),.UNSPECIFIED.);
#76=B_SPLINE_SURFACE_WITH_KNOTS('',3,3,((#2010,#2011,#2012,#2013),(#2014,
#2015,#2016,#2017),(#2018,#2019,#2020,#2021),(#2022,#2023,#2024,#2025),
(#2026,#2027,#2028,#2029),(#2030,#2031,#2032,#2033),(#2034,#2035,#2036,
#2037),(#2038,#2039,#2040,#2041),(#2042,#2043,#2044,#2045),(#2046,#2047,
#2048,#2049),(#2050,#2051,#2052,#2053),(#2054,#2055,#2056,#2057),(#2058,
#2059,#2060,#2061),(#2062,#2063,#2064,#2065),(#2066,#2067,#2068,#2069),
(#2070,#2071,#2072,#2073),(#2074,#2075,#2076,#2077)),.UNSPECIFIED.,.T.,
 .F.,.F.,(4,1,1,1,1,1,1,1,1,1,1,1,1,1,4),(4,4),(0.,0.0714285714285714,0.142857142857143,
0.214285714285714,0.285714285714286,0.357142857142857,0.428571428571429,
0.5,0.571428571428571,0.619047619047619,0.714285714285714,0.785714285714286,
0.857142857142857,0.928571428571429,1.),(0.,1.),.UNSPECIFIED.);
#77=B_SPLINE_CURVE_WITH_KNOTS('',3,(#875,#876,#877,#878,#879,#880,#881,
#882,#883,#884,#885,#886,#887,#888,#889,#890,#891,#892,#893,#894,#895,#896,
#897,#898,#899,#900,#901,#902,#903,#904,#905),.UNSPECIFIED.,.F.,.F.,(4,
3,3,3,3,3,3,3,3,3,4),(-0.157661535869485,-0.139474567656418,-0.135214865816291,
-0.115281242939789,-0.0979818207972802,-0.0668776902879489,-0.0583202642377138,
-0.0380814186694377,-0.0265070121330137,-0.00807754348736913,0.),
 .UNSPECIFIED.);
#78=B_SPLINE_CURVE_WITH_KNOTS('',3,(#909,#910,#911,#912,#913,#914,#915,
#916,#917,#918,#919,#920,#921,#922,#923,#924,#925,#926,#927,#928,#929,#930,
#931,#932,#933,#934,#935,#936,#937,#938,#939),.UNSPECIFIED.,.F.,.F.,(4,
3,3,3,3,3,3,3,3,3,4),(0.,0.00389442662733996,0.0224426600273676,0.0308155810732308,
0.0516531925379549,0.0640254664952966,0.0929503232660779,0.103489425177852,
0.123339871783154,0.143190318388456,0.157656060965841),.UNSPECIFIED.);
#79=B_SPLINE_CURVE_WITH_KNOTS('',3,(#1009,#1010,#1011,#1012,#1013,#1014,
#1015,#1016,#1017,#1018,#1019,#1020,#1021,#1022,#1023,#1024,#1025,#1026,
#1027,#1028),.UNSPECIFIED.,.F.,.F.,(4,2,2,2,2,2,2,2,2,4),(-4.02209207351202,
-3.28601427303445,-2.759876633457,-2.40787694812702,-2.13866184006043,-1.88263160305688,
-1.60199632185471,-1.23288180425761,-0.742692166151146,-0.0500649295382819),
 .UNSPECIFIED.);
#80=B_SPLINE_CURVE_WITH_KNOTS('',3,(#1034,#1035,#1036,#1037,#1038,#1039,
#1040,#1041,#1042,#1043,#1044,#1045,#1046),.UNSPECIFIED.,.F.,.F.,(4,3,3,
3,4),(1.68795601525481,1.79519580205131,2.24399475256414,2.69279370307697,
3.14159265358979),.UNSPECIFIED.);
#81=B_SPLINE_CURVE_WITH_KNOTS('',3,(#1048,#1049,#1050,#1051,#1052,#1053,
#1054,#1055,#1056,#1057,#1058,#1059,#1060,#1061,#1062,#1063,#1064,#1065,
#1066,#1067,#1068,#1069,#1070,#1071,#1072,#1073,#1074,#1075,#1076,#1077,
#1078),.UNSPECIFIED.,.F.,.F.,(4,3,3,3,3,3,3,3,3,3,4),(-0.1577298148652,
-0.139808620161454,-0.138345146194245,-0.118932436429084,-0.100821454687662,
-0.0694946689926839,-0.0607413653515741,-0.040527879368291,-0.0278589029660951,
-0.0096515641749147,0.),.UNSPECIFIED.);
#82=B_SPLINE_CURVE_WITH_KNOTS('',3,(#1080,#1081,#1082,#1083,#1084,#1085,
#1086,#1087,#1088,#1089,#1090,#1091,#1092,#1093,#1094,#1095,#1096,#1097,
#1098,#1099),.UNSPECIFIED.,.F.,.F.,(4,2,2,2,2,2,2,2,2,4),(-3.84670366699067,
-3.10653486875444,-2.62136359777813,-2.29565562570708,-2.04476189553712,
-1.80385768374778,-1.53858008426231,-1.18618895540945,-0.714068160101209,
-0.0500658104697337),.UNSPECIFIED.);
#83=B_SPLINE_CURVE_WITH_KNOTS('',3,(#1101,#1102,#1103,#1104,#1105,#1106,
#1107,#1108,#1109,#1110,#1111,#1112,#1113,#1114,#1115,#1116,#1117,#1118,
#1119,#1120,#1121,#1122,#1123,#1124,#1125,#1126,#1127,#1128,#1129,#1130,
#1131),.UNSPECIFIED.,.F.,.F.,(4,3,3,3,3,3,3,3,3,3,4),(0.,0.0181758656516442,
0.0258189498687398,0.0457869290405212,0.058155458303689,0.0925665681937924,
0.096043460743954,0.115895248696346,0.135747036648738,0.153708921714296,
0.157727882925047),.UNSPECIFIED.);
#84=B_SPLINE_CURVE_WITH_KNOTS('',3,(#1132,#1133,#1134,#1135,#1136,#1137,
#1138,#1139,#1140,#1141,#1142,#1143,#1144),.UNSPECIFIED.,.F.,.F.,(4,3,3,
3,4),(-3.14159265358979,-2.69279370307697,-2.24399475256414,-1.79519580205131,
-1.68795601483288),.UNSPECIFIED.);
#85=B_SPLINE_CURVE_WITH_KNOTS('',3,(#1175,#1176,#1177,#1178,#1179,#1180,
#1181,#1182,#1183,#1184,#1185,#1186,#1187,#1188,#1189,#1190,#1191,#1192,
#1193,#1194,#1195,#1196,#1197,#1198,#1199,#1200,#1201,#1202,#1203,#1204,
#1205),.UNSPECIFIED.,.F.,.F.,(4,3,3,3,3,3,3,3,3,3,4),(-0.157667848905461,
-0.139613220205031,-0.128724913133994,-0.108348996959376,-0.092127279482532,
-0.064333780161862,-0.0524858529131096,-0.0329510585741639,-0.0234038460619804,
-0.00524719932804582,0.),.UNSPECIFIED.);
#86=B_SPLINE_CURVE_WITH_KNOTS('',3,(#1209,#1210,#1211,#1212,#1213,#1214,
#1215,#1216,#1217,#1218,#1219,#1220,#1221,#1222,#1223,#1224,#1225,#1226,
#1227,#1228,#1229,#1230,#1231,#1232,#1233,#1234,#1235,#1236,#1237,#1238,
#1239),.UNSPECIFIED.,.F.,.F.,(4,3,3,3,3,3,3,3,3,3,4),(0.,0.0181160310296198,
0.0204904123003562,0.0397688814198343,0.04848696791703,0.0725033091430625,
0.0877455714957642,0.108568871201527,0.12731209202385,0.145392266681996,
0.157685270547703),.UNSPECIFIED.);
#87=B_SPLINE_CURVE_WITH_KNOTS('',3,(#1313,#1314,#1315,#1316,#1317,#1318,
#1319,#1320,#1321,#1322,#1323,#1324,#1325,#1326,#1327,#1328,#1329,#1330,
#1331,#1332),.UNSPECIFIED.,.F.,.F.,(4,2,2,2,2,2,2,2,2,4),(-3.78648663325099,
-3.14555536713308,-2.63274524991215,-2.29452197843834,-1.99627631092986,
-1.76470888865595,-1.50652073042506,-1.15768811070115,-0.703611388759366,
-0.0500703528889736),.UNSPECIFIED.);
#88=B_SPLINE_CURVE_WITH_KNOTS('',3,(#1334,#1335,#1336,#1337,#1338,#1339,
#1340,#1341,#1342,#1343,#1344,#1345,#1346),.UNSPECIFIED.,.F.,.F.,(4,3,3,
3,4),(1.68798062824562,1.79519580205131,2.24399475256414,2.69279370307697,
3.14159265358979),.UNSPECIFIED.);
#89=B_SPLINE_CURVE_WITH_KNOTS('',3,(#1350,#1351,#1352,#1353,#1354,#1355,
#1356,#1357,#1358,#1359,#1360,#1361,#1362),.UNSPECIFIED.,.F.,.F.,(4,3,3,
3,4),(1.69445028508511,1.79519580205131,2.24399475256414,2.69279370307697,
3.14159265358979),.UNSPECIFIED.);
#90=B_SPLINE_CURVE_WITH_KNOTS('',3,(#1364,#1365,#1366,#1367,#1368,#1369,
#1370,#1371,#1372,#1373,#1374,#1375,#1376,#1377,#1378,#1379,#1380,#1381,
#1382,#1383,#1384,#1385,#1386,#1387,#1388,#1389,#1390,#1391,#1392,#1393,
#1394),.UNSPECIFIED.,.F.,.F.,(4,3,3,3,3,3,3,3,3,3,4),(-0.157748426224962,
-0.139966070373876,-0.131534375550535,-0.111698288345532,-0.0946282237468081,
-0.0633146058779129,-0.0548746627250273,-0.0353037824266096,-0.0246724550377067,
-0.00675694905340246,0.),.UNSPECIFIED.);
#91=B_SPLINE_CURVE_WITH_KNOTS('',3,(#1396,#1397,#1398,#1399,#1400,#1401,
#1402,#1403,#1404,#1405,#1406,#1407,#1408,#1409,#1410,#1411,#1412,#1413,
#1414,#1415),.UNSPECIFIED.,.F.,.F.,(4,2,2,2,2,2,2,2,2,4),(-3.64633257811073,
-2.9803190009492,-2.50567295929709,-2.19224207923993,-1.91553671715339,
-1.69316048123246,-1.44468249399168,-1.1143111105273,-0.676645660074787,
-0.0500707735424816),.UNSPECIFIED.);
#92=B_SPLINE_CURVE_WITH_KNOTS('',3,(#1417,#1418,#1419,#1420,#1421,#1422,
#1423,#1424,#1425,#1426,#1427,#1428,#1429,#1430,#1431,#1432,#1433,#1434,
#1435,#1436,#1437,#1438,#1439,#1440,#1441,#1442,#1443,#1444,#1445,#1446,
#1447,#1448,#1449,#1450),.UNSPECIFIED.,.F.,.F.,(4,3,3,3,3,3,3,3,3,3,3,4),
(0.,0.0137330470224855,0.0322471190081992,0.0407363487928044,0.0632632384693705,
0.076381442497469,0.099414162612735,0.115936658250412,0.134332183363666,
0.152231616876961,0.155868553722207,0.157737393130878),.UNSPECIFIED.);
#93=B_SPLINE_CURVE_WITH_KNOTS('',3,(#1451,#1452,#1453,#1454,#1455,#1456,
#1457,#1458,#1459,#1460,#1461,#1462,#1463),.UNSPECIFIED.,.F.,.F.,(4,3,3,
3,4),(-3.14159265358979,-2.69279370307697,-2.24399475256414,-1.79519580205131,
-1.69452554175672),.UNSPECIFIED.);
#94=B_SPLINE_CURVE_WITH_KNOTS('',3,(#1464,#1465,#1466,#1467,#1468,#1469,
#1470,#1471,#1472,#1473,#1474,#1475,#1476),.UNSPECIFIED.,.F.,.F.,(4,3,3,
3,4),(-3.14159265358979,-2.69279683325137,-2.24400101291295,-1.79520519257453,
-1.68806558508037),.UNSPECIFIED.);
#95=B_SPLINE_CURVE_WITH_KNOTS('',3,(#1548,#1549,#1550,#1551),
 .UNSPECIFIED.,.F.,.F.,(4,4),(0.,0.0638942836737573),.UNSPECIFIED.);
#96=B_SPLINE_CURVE_WITH_KNOTS('',3,(#1553,#1554,#1555,#1556,#1557,#1558,
#1559,#1560,#1561,#1562,#1563,#1564,#1565,#1566,#1567,#1568,#1569,#1570,
#1571,#1572,#1573,#1574,#1575,#1576,#1577,#1578,#1579,#1580,#1581,#1582,
#1583,#1584,#1585,#1586,#1587,#1588),.UNSPECIFIED.,.F.,.F.,(4,2,2,2,2,2,
2,2,2,2,2,2,2,2,2,2,2,4),(0.0638942836737573,0.0747244186558924,0.144258888501084,
0.222189361854766,0.318642859805478,0.437379809174218,0.525467939036411,
0.575462548648131,0.599735985184331,0.619021518223469,0.641636929949812,
0.684922641045762,0.784766388953728,0.884126950028071,0.988082244937241,
1.07435855345597,1.14776163619455,1.21819935203211),.UNSPECIFIED.);
#97=B_SPLINE_CURVE_WITH_KNOTS('',3,(#1590,#1591,#1592,#1593,#1594),
 .UNSPECIFIED.,.F.,.F.,(4,1,4),(-0.09823433044336,-0.0633066191844222,0.),
 .UNSPECIFIED.);
#98=B_SPLINE_CURVE_WITH_KNOTS('',3,(#1598,#1599,#1600,#1601,#1602,#1603,
#1604,#1605,#1606,#1607,#1608),.UNSPECIFIED.,.F.,.F.,(4,1,1,1,1,1,1,1,4),
(0.,0.0633066191844222,0.126613238368844,0.253226476737689,0.316533095922111,
0.506452953475378,0.696372811028645,0.759679430213067,0.886292668581911),
 .UNSPECIFIED.);
#99=B_SPLINE_CURVE_WITH_KNOTS('',3,(#1611,#1612,#1613,#1614,#1615,#1616,
#1617,#1618),.UNSPECIFIED.,.F.,.F.,(4,1,1,1,1,4),(-0.886292668581911,-0.759679430213067,
-0.696372811028645,-0.506452953475378,-0.316533095922111,-0.302645216128855),
 .UNSPECIFIED.);
#100=B_SPLINE_CURVE_WITH_KNOTS('',3,(#1671,#1672,#1673,#1674,#1675,#1676,
#1677,#1678,#1679,#1680,#1681,#1682,#1683,#1684,#1685,#1686,#1687,#1688,
#1689,#1690,#1691,#1692,#1693,#1694,#1695,#1696,#1697,#1698,#1699,#1700,
#1701,#1702,#1703,#1704,#1705,#1706),.UNSPECIFIED.,.F.,.F.,(4,2,2,2,2,2,
2,2,2,2,2,2,2,2,2,2,2,4),(0.,0.0738188963017758,0.143927625310946,0.223966330227743,
0.321784058243136,0.438973791336163,0.529508829086139,0.578157512209713,
0.602366050989459,0.62177339175111,0.644722863807986,0.689560445664973,
0.789987415915373,0.891443719248212,0.998612176777286,1.08404033498376,
1.15806968993608,1.16261647631474),.UNSPECIFIED.);
#101=B_SPLINE_CURVE_WITH_KNOTS('',3,(#1708,#1709,#1710,#1711),
 .UNSPECIFIED.,.F.,.F.,(4,4),(1.16261647631474,1.22685387907926),
 .UNSPECIFIED.);
#102=B_SPLINE_CURVE_WITH_KNOTS('',3,(#1713,#1714,#1715,#1716,#1717,#1718,
#1719),.UNSPECIFIED.,.F.,.F.,(4,1,1,1,4),(-0.704981479949216,-0.627801127419406,
-0.374574649543368,-0.247961410605349,-0.12134817166733),.UNSPECIFIED.);
#103=B_SPLINE_CURVE_WITH_KNOTS('',3,(#1722,#1723,#1724,#1725,#1726,#1727,
#1728,#1729,#1730,#1731),.UNSPECIFIED.,.F.,.F.,(4,1,1,1,1,1,1,4),(0.12134817166733,
0.247961410605349,0.374574649543368,0.627801127419406,0.754414366357425,
0.881027605295444,0.944334224764454,1.00764084423346),.UNSPECIFIED.);
#104=B_SPLINE_CURVE_WITH_KNOTS('',3,(#1732,#1733,#1734,#1735,#1736),
 .UNSPECIFIED.,.F.,.F.,(4,1,4),(-1.00764084423346,-0.944334224764454,-0.909408267990769),
 .UNSPECIFIED.);
#105=B_SPLINE_CURVE_WITH_KNOTS('',3,(#1763,#1764,#1765,#1766,#1767,#1768,
#1769,#1770,#1771,#1772,#1773,#1774,#1775,#1776),.UNSPECIFIED.,.F.,.F.,
(4,2,2,2,2,2,4),(0.25195748313431,0.286086753579442,0.335600327016933,0.38085911864937,
0.427552156228336,0.466327043401146,0.503761287092719),.UNSPECIFIED.);
#106=B_SPLINE_CURVE_WITH_KNOTS('',3,(#1778,#1779,#1780,#1781,#1782),
 .UNSPECIFIED.,.F.,.F.,(4,1,4),(8.72527485797342E-17,0.0693291257751731,
0.121325970106553),.UNSPECIFIED.);
#107=B_SPLINE_CURVE_WITH_KNOTS('',3,(#1809,#1810,#1811,#1812,#1813),
 .UNSPECIFIED.,.F.,.F.,(4,1,4),(0.,0.0520061076903848,0.121347584610898),
 .UNSPECIFIED.);
#108=B_SPLINE_CURVE_WITH_KNOTS('',3,(#1814,#1815,#1816,#1817,#1818,#1819,
#1820,#1821,#1822,#1823,#1824,#1825,#1826,#1827),.UNSPECIFIED.,.F.,.F.,
(4,2,2,2,2,2,4),(0.,0.0328331515947963,0.0741082139718205,0.120359608243325,
0.169374727722377,0.210542178183119,0.251764406844693),.UNSPECIFIED.);
#109=B_SPLINE_CURVE_WITH_KNOTS('',3,(#1857,#1858,#1859,#1860,#1861,#1862,
#1863,#1864,#1865,#1866,#1867,#1868,#1869),.UNSPECIFIED.,.F.,.F.,(4,3,3,
3,4),(-3.14159265358979,-2.32476074342419,-1.538445141775,-0.761498554769071,
0.),.UNSPECIFIED.);
#110=B_SPLINE_CURVE_WITH_KNOTS('',3,(#1911,#1912,#1913,#1914,#1915,#1916,
#1917,#1918,#1919,#1920,#1921,#1922,#1923,#1924,#1925,#1926),
 .UNSPECIFIED.,.F.,.F.,(4,3,3,3,3,4),(0.,0.113692322342697,0.916820742609712,
1.6899406921876,2.45181168844409,3.14159265358979),.UNSPECIFIED.);
#111=B_SPLINE_CURVE_WITH_KNOTS('',3,(#1938,#1939,#1940,#1941,#1942,#1943,
#1944,#1945,#1946,#1947,#1948,#1949,#1950,#1951,#1952,#1953,#1954,#1955,
#1956,#1957,#1958,#1959,#1960,#1961,#1962,#1963,#1964,#1965,#1966,#1967,
#1968),.UNSPECIFIED.,.F.,.F.,(4,3,3,3,3,3,3,3,3,3,4),(-0.15764929095406,
-0.150620833510486,-0.132042635600601,-0.113464437690716,-0.0906372619935862,
-0.0784623693814842,-0.0561208122408687,-0.0387216085609896,-0.0201794189205944,
-0.0166429664855417,0.),.UNSPECIFIED.);
#112=B_SPLINE_CURVE_WITH_KNOTS('',3,(#1972,#1973,#1974,#1975,#1976,#1977,
#1978,#1979,#1980,#1981,#1982,#1983,#1984,#1985,#1986,#1987,#1988,#1989,
#1990,#1991,#1992,#1993,#1994,#1995,#1996,#1997,#1998,#1999,#2000,#2001,
#2002,#2003,#2004,#2005,#2006,#2007,#2008),.UNSPECIFIED.,.F.,.F.,(4,3,3,
3,3,3,3,3,3,3,3,3,4),(0.,0.0101559304778421,0.0283092997768657,0.0293262523972252,
0.0492444620000402,0.0590716125810826,0.0880682571894021,0.0977304857457799,
0.117514768105377,0.136276963554201,0.137299050464974,0.154981372479232,
0.157659528284169),.UNSPECIFIED.);
#113=B_SPLINE_CURVE_WITH_KNOTS('',3,(#2078,#2079,#2080,#2081,#2082,#2083,
#2084,#2085,#2086,#2087,#2088,#2089,#2090,#2091,#2092,#2093,#2094,#2095,
#2096,#2097,#2098,#2099),.UNSPECIFIED.,.F.,.F.,(4,2,2,2,2,2,2,2,2,2,4),
(-3.56987145101771,-3.13662471543763,-2.62206307122975,-2.26508663857776,
-1.9525412066734,-1.7762992701382,-1.62372881554423,-1.4228652975573,-1.09337424424326,
-0.664060453380141,-0.0500738604390489),.UNSPECIFIED.);
#114=B_SPLINE_CURVE_WITH_KNOTS('',3,(#2101,#2102,#2103,#2104,#2105,#2106,
#2107,#2108,#2109,#2110,#2111,#2112,#2113),.UNSPECIFIED.,.F.,.F.,(4,3,3,
3,4),(1.6944468919893,1.79519725281755,2.24399571974163,2.69279418666571,
3.14159265358979),.UNSPECIFIED.);
#115=B_SPLINE_CURVE_WITH_KNOTS('',3,(#2115,#2116,#2117,#2118,#2119,#2120,
#2121,#2122,#2123,#2124,#2125,#2126,#2127),.UNSPECIFIED.,.F.,.F.,(4,3,3,
3,4),(-3.14159265358979,-2.69279936571909,-2.24400607784838,-1.79521278997768,
-1.69459593718528),.UNSPECIFIED.);
#116=FACE_OUTER_BOUND('',#150,.T.);
#117=FACE_OUTER_BOUND('',#151,.T.);
#118=FACE_OUTER_BOUND('',#152,.T.);
#119=FACE_OUTER_BOUND('',#153,.T.);
#120=FACE_OUTER_BOUND('',#154,.T.);
#121=FACE_OUTER_BOUND('',#155,.T.);
#122=FACE_OUTER_BOUND('',#158,.T.);
#123=FACE_OUTER_BOUND('',#160,.T.);
#124=FACE_OUTER_BOUND('',#162,.T.);
#125=FACE_OUTER_BOUND('',#163,.T.);
#126=FACE_OUTER_BOUND('',#166,.T.);
#127=FACE_OUTER_BOUND('',#167,.T.);
#128=FACE_OUTER_BOUND('',#168,.T.);
#129=FACE_OUTER_BOUND('',#169,.T.);
#130=FACE_OUTER_BOUND('',#170,.T.);
#131=FACE_OUTER_BOUND('',#171,.T.);
#132=FACE_OUTER_BOUND('',#174,.T.);
#133=FACE_OUTER_BOUND('',#176,.T.);
#134=FACE_OUTER_BOUND('',#178,.T.);
#135=FACE_OUTER_BOUND('',#179,.T.);
#136=FACE_OUTER_BOUND('',#182,.T.);
#137=FACE_OUTER_BOUND('',#183,.T.);
#138=FACE_OUTER_BOUND('',#184,.T.);
#139=FACE_OUTER_BOUND('',#185,.T.);
#140=FACE_OUTER_BOUND('',#186,.T.);
#141=FACE_OUTER_BOUND('',#187,.T.);
#142=FACE_OUTER_BOUND('',#188,.T.);
#143=FACE_OUTER_BOUND('',#189,.T.);
#144=FACE_OUTER_BOUND('',#190,.T.);
#145=FACE_OUTER_BOUND('',#191,.T.);
#146=FACE_OUTER_BOUND('',#192,.T.);
#147=FACE_OUTER_BOUND('',#193,.T.);
#148=FACE_OUTER_BOUND('',#194,.T.);
#149=FACE_OUTER_BOUND('',#196,.T.);
#150=EDGE_LOOP('',(#407,#408,#409,#410));
#151=EDGE_LOOP('',(#411,#412,#413,#414));
#152=EDGE_LOOP('',(#415,#416,#417,#418));
#153=EDGE_LOOP('',(#419,#420,#421,#422,#423,#424,#425,#426,#427,#428,#429,
#430));
#154=EDGE_LOOP('',(#431,#432,#433,#434));
#155=EDGE_LOOP('',(#435,#436,#437));
#156=EDGE_LOOP('',(#438));
#157=EDGE_LOOP('',(#439));
#158=EDGE_LOOP('',(#440,#441));
#159=EDGE_LOOP('',(#442));
#160=EDGE_LOOP('',(#443,#444));
#161=EDGE_LOOP('',(#445));
#162=EDGE_LOOP('',(#446,#447,#448,#449));
#163=EDGE_LOOP('',(#450,#451,#452));
#164=EDGE_LOOP('',(#453));
#165=EDGE_LOOP('',(#454));
#166=EDGE_LOOP('',(#455,#456,#457,#458));
#167=EDGE_LOOP('',(#459,#460,#461,#462));
#168=EDGE_LOOP('',(#463,#464,#465,#466));
#169=EDGE_LOOP('',(#467,#468,#469,#470,#471,#472,#473,#474,#475,#476,#477,
#478));
#170=EDGE_LOOP('',(#479,#480,#481,#482));
#171=EDGE_LOOP('',(#483,#484,#485));
#172=EDGE_LOOP('',(#486));
#173=EDGE_LOOP('',(#487));
#174=EDGE_LOOP('',(#488,#489));
#175=EDGE_LOOP('',(#490));
#176=EDGE_LOOP('',(#491,#492));
#177=EDGE_LOOP('',(#493));
#178=EDGE_LOOP('',(#494,#495,#496,#497));
#179=EDGE_LOOP('',(#498,#499,#500));
#180=EDGE_LOOP('',(#501));
#181=EDGE_LOOP('',(#502));
#182=EDGE_LOOP('',(#503,#504,#505,#506,#507,#508,#509));
#183=EDGE_LOOP('',(#510,#511,#512,#513,#514,#515,#516));
#184=EDGE_LOOP('',(#517,#518,#519,#520));
#185=EDGE_LOOP('',(#521,#522,#523,#524));
#186=EDGE_LOOP('',(#525,#526,#527,#528,#529));
#187=EDGE_LOOP('',(#530,#531,#532,#533,#534,#535));
#188=EDGE_LOOP('',(#536,#537,#538,#539,#540,#541,#542));
#189=EDGE_LOOP('',(#543,#544,#545,#546,#547));
#190=EDGE_LOOP('',(#548,#549,#550,#551,#552,#553));
#191=EDGE_LOOP('',(#554,#555,#556,#557,#558,#559));
#192=EDGE_LOOP('',(#560,#561,#562,#563));
#193=EDGE_LOOP('',(#564,#565,#566,#567,#568,#569,#570,#571,#572));
#194=EDGE_LOOP('',(#573,#574));
#195=EDGE_LOOP('',(#575));
#196=EDGE_LOOP('',(#576,#577,#578));
#197=EDGE_LOOP('',(#579));
#198=EDGE_LOOP('',(#580));
#199=LINE('',#864,#223);
#200=LINE('',#870,#224);
#201=LINE('',#907,#225);
#202=LINE('',#940,#226);
#203=LINE('',#1032,#227);
#204=LINE('',#1147,#228);
#205=LINE('',#1148,#229);
#206=LINE('',#1157,#230);
#207=LINE('',#1164,#231);
#208=LINE('',#1170,#232);
#209=LINE('',#1207,#233);
#210=LINE('',#1240,#234);
#211=LINE('',#1348,#235);
#212=LINE('',#1478,#236);
#213=LINE('',#1479,#237);
#214=LINE('',#1488,#238);
#215=LINE('',#1855,#239);
#216=LINE('',#1870,#240);
#217=LINE('',#1873,#241);
#218=LINE('',#1929,#242);
#219=LINE('',#1933,#243);
#220=LINE('',#1970,#244);
#221=LINE('',#2009,#245);
#222=LINE('',#2114,#246);
#223=VECTOR('',#730,2.);
#224=VECTOR('',#737,2.);
#225=VECTOR('',#742,10.);
#226=VECTOR('',#743,10.);
#227=VECTOR('',#746,36.0034720547894);
#228=VECTOR('',#751,10.);
#229=VECTOR('',#752,10.);
#230=VECTOR('',#765,1.25);
#231=VECTOR('',#774,2.);
#232=VECTOR('',#781,2.);
#233=VECTOR('',#786,10.);
#234=VECTOR('',#787,10.);
#235=VECTOR('',#788,30.004166377355);
#236=VECTOR('',#791,10.);
#237=VECTOR('',#792,10.);
#238=VECTOR('',#805,1.25);
#239=VECTOR('',#818,10.);
#240=VECTOR('',#819,10.);
#241=VECTOR('',#822,1.25);
#242=VECTOR('',#835,2.);
#243=VECTOR('',#840,2.);
#244=VECTOR('',#845,10.);
#245=VECTOR('',#846,10.);
#246=VECTOR('',#847,20.0022498734517);
#247=CIRCLE('',#669,2.);
#248=CIRCLE('',#670,2.);
#249=CIRCLE('',#672,2.);
#250=CIRCLE('',#673,2.);
#251=CIRCLE('',#687,2.);
#252=CIRCLE('',#688,2.);
#253=CIRCLE('',#690,2.);
#254=CIRCLE('',#691,2.);
#255=CIRCLE('',#702,4.);
#256=CIRCLE('',#703,4.);
#257=CIRCLE('',#704,4.);
#258=CIRCLE('',#705,4.);
#259=CIRCLE('',#708,1.25);
#260=CIRCLE('',#710,2.);
#261=CIRCLE('',#711,2.);
#262=CIRCLE('',#713,2.);
#263=CIRCLE('',#715,2.);
#264=VERTEX_POINT('',#861);
#265=VERTEX_POINT('',#863);
#266=VERTEX_POINT('',#867);
#267=VERTEX_POINT('',#869);
#268=VERTEX_POINT('',#873);
#269=VERTEX_POINT('',#874);
#270=VERTEX_POINT('',#906);
#271=VERTEX_POINT('',#908);
#272=VERTEX_POINT('',#1029);
#273=VERTEX_POINT('',#1031);
#274=VERTEX_POINT('',#1033);
#275=VERTEX_POINT('',#1047);
#276=VERTEX_POINT('',#1079);
#277=VERTEX_POINT('',#1100);
#278=VERTEX_POINT('',#1151);
#279=VERTEX_POINT('',#1154);
#280=VERTEX_POINT('',#1161);
#281=VERTEX_POINT('',#1163);
#282=VERTEX_POINT('',#1167);
#283=VERTEX_POINT('',#1169);
#284=VERTEX_POINT('',#1173);
#285=VERTEX_POINT('',#1174);
#286=VERTEX_POINT('',#1206);
#287=VERTEX_POINT('',#1208);
#288=VERTEX_POINT('',#1333);
#289=VERTEX_POINT('',#1347);
#290=VERTEX_POINT('',#1349);
#291=VERTEX_POINT('',#1363);
#292=VERTEX_POINT('',#1395);
#293=VERTEX_POINT('',#1416);
#294=VERTEX_POINT('',#1482);
#295=VERTEX_POINT('',#1485);
#296=VERTEX_POINT('',#1546);
#297=VERTEX_POINT('',#1547);
#298=VERTEX_POINT('',#1552);
#299=VERTEX_POINT('',#1589);
#300=VERTEX_POINT('',#1595);
#301=VERTEX_POINT('',#1597);
#302=VERTEX_POINT('',#1609);
#303=VERTEX_POINT('',#1669);
#304=VERTEX_POINT('',#1670);
#305=VERTEX_POINT('',#1707);
#306=VERTEX_POINT('',#1712);
#307=VERTEX_POINT('',#1720);
#308=VERTEX_POINT('',#1762);
#309=VERTEX_POINT('',#1777);
#310=VERTEX_POINT('',#1854);
#311=VERTEX_POINT('',#1856);
#312=VERTEX_POINT('',#1872);
#313=VERTEX_POINT('',#1928);
#314=VERTEX_POINT('',#1932);
#315=VERTEX_POINT('',#1936);
#316=VERTEX_POINT('',#1937);
#317=VERTEX_POINT('',#1969);
#318=VERTEX_POINT('',#1971);
#319=VERTEX_POINT('',#2100);
#320=EDGE_CURVE('',#264,#264,#247,.T.);
#321=EDGE_CURVE('',#264,#265,#199,.T.);
#322=EDGE_CURVE('',#265,#265,#248,.T.);
#323=EDGE_CURVE('',#266,#266,#249,.T.);
#324=EDGE_CURVE('',#266,#267,#200,.T.);
#325=EDGE_CURVE('',#267,#267,#250,.T.);
#326=EDGE_CURVE('',#268,#269,#77,.T.);
#327=EDGE_CURVE('',#269,#270,#201,.T.);
#328=EDGE_CURVE('',#270,#271,#78,.T.);
#329=EDGE_CURVE('',#268,#271,#202,.T.);
#330=EDGE_CURVE('',#268,#271,#79,.T.);
#331=EDGE_CURVE('',#270,#272,#61,.T.);
#332=EDGE_CURVE('',#273,#272,#203,.T.);
#333=EDGE_CURVE('',#274,#273,#80,.T.);
#334=EDGE_CURVE('',#275,#274,#81,.T.);
#335=EDGE_CURVE('',#275,#276,#82,.T.);
#336=EDGE_CURVE('',#277,#276,#83,.T.);
#337=EDGE_CURVE('',#273,#277,#84,.T.);
#338=EDGE_CURVE('',#272,#269,#62,.T.);
#339=EDGE_CURVE('',#274,#277,#204,.T.);
#340=EDGE_CURVE('',#276,#275,#205,.T.);
#341=EDGE_CURVE('',#278,#278,#63,.T.);
#342=EDGE_CURVE('',#279,#279,#64,.T.);
#343=EDGE_CURVE('',#278,#279,#206,.T.);
#344=EDGE_CURVE('',#280,#280,#251,.T.);
#345=EDGE_CURVE('',#280,#281,#207,.T.);
#346=EDGE_CURVE('',#281,#281,#252,.T.);
#347=EDGE_CURVE('',#282,#282,#253,.T.);
#348=EDGE_CURVE('',#282,#283,#208,.T.);
#349=EDGE_CURVE('',#283,#283,#254,.T.);
#350=EDGE_CURVE('',#284,#285,#85,.T.);
#351=EDGE_CURVE('',#285,#286,#209,.T.);
#352=EDGE_CURVE('',#286,#287,#86,.T.);
#353=EDGE_CURVE('',#284,#287,#210,.T.);
#354=EDGE_CURVE('',#284,#287,#87,.T.);
#355=EDGE_CURVE('',#286,#288,#88,.T.);
#356=EDGE_CURVE('',#289,#288,#211,.T.);
#357=EDGE_CURVE('',#290,#289,#89,.T.);
#358=EDGE_CURVE('',#291,#290,#90,.T.);
#359=EDGE_CURVE('',#291,#292,#91,.T.);
#360=EDGE_CURVE('',#293,#292,#92,.T.);
#361=EDGE_CURVE('',#289,#293,#93,.T.);
#362=EDGE_CURVE('',#288,#285,#94,.T.);
#363=EDGE_CURVE('',#290,#293,#212,.T.);
#364=EDGE_CURVE('',#292,#291,#213,.T.);
#365=EDGE_CURVE('',#294,#294,#65,.T.);
#366=EDGE_CURVE('',#295,#295,#66,.T.);
#367=EDGE_CURVE('',#294,#295,#214,.T.);
#368=EDGE_CURVE('',#296,#297,#95,.T.);
#369=EDGE_CURVE('',#297,#298,#96,.T.);
#370=EDGE_CURVE('',#298,#299,#97,.T.);
#371=EDGE_CURVE('',#299,#300,#255,.T.);
#372=EDGE_CURVE('',#300,#301,#98,.T.);
#373=EDGE_CURVE('',#301,#302,#256,.T.);
#374=EDGE_CURVE('',#302,#296,#99,.T.);
#375=EDGE_CURVE('',#303,#304,#100,.T.);
#376=EDGE_CURVE('',#304,#305,#101,.T.);
#377=EDGE_CURVE('',#305,#306,#102,.T.);
#378=EDGE_CURVE('',#306,#307,#257,.T.);
#379=EDGE_CURVE('',#307,#300,#103,.T.);
#380=EDGE_CURVE('',#299,#303,#104,.T.);
#381=EDGE_CURVE('',#308,#302,#105,.T.);
#382=EDGE_CURVE('',#301,#309,#106,.T.);
#383=EDGE_CURVE('',#309,#308,#258,.T.);
#384=EDGE_CURVE('',#309,#307,#107,.T.);
#385=EDGE_CURVE('',#306,#308,#108,.T.);
#386=EDGE_CURVE('',#310,#300,#215,.T.);
#387=EDGE_CURVE('',#310,#311,#109,.T.);
#388=EDGE_CURVE('',#309,#311,#216,.T.);
#389=EDGE_CURVE('',#308,#312,#217,.T.);
#390=EDGE_CURVE('',#312,#312,#67,.T.);
#391=EDGE_CURVE('',#302,#306,#259,.T.);
#392=EDGE_CURVE('',#305,#303,#260,.T.);
#393=EDGE_CURVE('',#298,#296,#261,.T.);
#394=EDGE_CURVE('',#311,#310,#110,.T.);
#395=EDGE_CURVE('',#297,#313,#218,.T.);
#396=EDGE_CURVE('',#313,#313,#262,.T.);
#397=EDGE_CURVE('',#304,#314,#219,.T.);
#398=EDGE_CURVE('',#314,#314,#263,.T.);
#399=EDGE_CURVE('',#315,#316,#111,.T.);
#400=EDGE_CURVE('',#316,#317,#220,.T.);
#401=EDGE_CURVE('',#317,#318,#112,.T.);
#402=EDGE_CURVE('',#315,#318,#221,.T.);
#403=EDGE_CURVE('',#315,#318,#113,.T.);
#404=EDGE_CURVE('',#317,#319,#114,.T.);
#405=EDGE_CURVE('',#310,#319,#222,.T.);
#406=EDGE_CURVE('',#319,#316,#115,.T.);
#407=ORIENTED_EDGE('',*,*,#320,.F.);
#408=ORIENTED_EDGE('',*,*,#321,.T.);
#409=ORIENTED_EDGE('',*,*,#322,.F.);
#410=ORIENTED_EDGE('',*,*,#321,.F.);
#411=ORIENTED_EDGE('',*,*,#323,.F.);
#412=ORIENTED_EDGE('',*,*,#324,.T.);
#413=ORIENTED_EDGE('',*,*,#325,.F.);
#414=ORIENTED_EDGE('',*,*,#324,.F.);
#415=ORIENTED_EDGE('',*,*,#326,.T.);
#416=ORIENTED_EDGE('',*,*,#327,.T.);
#417=ORIENTED_EDGE('',*,*,#328,.T.);
#418=ORIENTED_EDGE('',*,*,#329,.F.);
#419=ORIENTED_EDGE('',*,*,#326,.F.);
#420=ORIENTED_EDGE('',*,*,#330,.T.);
#421=ORIENTED_EDGE('',*,*,#328,.F.);
#422=ORIENTED_EDGE('',*,*,#331,.T.);
#423=ORIENTED_EDGE('',*,*,#332,.F.);
#424=ORIENTED_EDGE('',*,*,#333,.F.);
#425=ORIENTED_EDGE('',*,*,#334,.F.);
#426=ORIENTED_EDGE('',*,*,#335,.T.);
#427=ORIENTED_EDGE('',*,*,#336,.F.);
#428=ORIENTED_EDGE('',*,*,#337,.F.);
#429=ORIENTED_EDGE('',*,*,#332,.T.);
#430=ORIENTED_EDGE('',*,*,#338,.T.);
#431=ORIENTED_EDGE('',*,*,#334,.T.);
#432=ORIENTED_EDGE('',*,*,#339,.T.);
#433=ORIENTED_EDGE('',*,*,#336,.T.);
#434=ORIENTED_EDGE('',*,*,#340,.T.);
#435=ORIENTED_EDGE('',*,*,#339,.F.);
#436=ORIENTED_EDGE('',*,*,#333,.T.);
#437=ORIENTED_EDGE('',*,*,#337,.T.);
#438=ORIENTED_EDGE('',*,*,#320,.T.);
#439=ORIENTED_EDGE('',*,*,#323,.T.);
#440=ORIENTED_EDGE('',*,*,#335,.F.);
#441=ORIENTED_EDGE('',*,*,#340,.F.);
#442=ORIENTED_EDGE('',*,*,#341,.F.);
#443=ORIENTED_EDGE('',*,*,#330,.F.);
#444=ORIENTED_EDGE('',*,*,#329,.T.);
#445=ORIENTED_EDGE('',*,*,#342,.F.);
#446=ORIENTED_EDGE('',*,*,#341,.T.);
#447=ORIENTED_EDGE('',*,*,#343,.T.);
#448=ORIENTED_EDGE('',*,*,#342,.T.);
#449=ORIENTED_EDGE('',*,*,#343,.F.);
#450=ORIENTED_EDGE('',*,*,#327,.F.);
#451=ORIENTED_EDGE('',*,*,#338,.F.);
#452=ORIENTED_EDGE('',*,*,#331,.F.);
#453=ORIENTED_EDGE('',*,*,#322,.T.);
#454=ORIENTED_EDGE('',*,*,#325,.T.);
#455=ORIENTED_EDGE('',*,*,#344,.F.);
#456=ORIENTED_EDGE('',*,*,#345,.T.);
#457=ORIENTED_EDGE('',*,*,#346,.F.);
#458=ORIENTED_EDGE('',*,*,#345,.F.);
#459=ORIENTED_EDGE('',*,*,#347,.F.);
#460=ORIENTED_EDGE('',*,*,#348,.T.);
#461=ORIENTED_EDGE('',*,*,#349,.F.);
#462=ORIENTED_EDGE('',*,*,#348,.F.);
#463=ORIENTED_EDGE('',*,*,#350,.T.);
#464=ORIENTED_EDGE('',*,*,#351,.T.);
#465=ORIENTED_EDGE('',*,*,#352,.T.);
#466=ORIENTED_EDGE('',*,*,#353,.F.);
#467=ORIENTED_EDGE('',*,*,#350,.F.);
#468=ORIENTED_EDGE('',*,*,#354,.T.);
#469=ORIENTED_EDGE('',*,*,#352,.F.);
#470=ORIENTED_EDGE('',*,*,#355,.T.);
#471=ORIENTED_EDGE('',*,*,#356,.F.);
#472=ORIENTED_EDGE('',*,*,#357,.F.);
#473=ORIENTED_EDGE('',*,*,#358,.F.);
#474=ORIENTED_EDGE('',*,*,#359,.T.);
#475=ORIENTED_EDGE('',*,*,#360,.F.);
#476=ORIENTED_EDGE('',*,*,#361,.F.);
#477=ORIENTED_EDGE('',*,*,#356,.T.);
#478=ORIENTED_EDGE('',*,*,#362,.T.);
#479=ORIENTED_EDGE('',*,*,#358,.T.);
#480=ORIENTED_EDGE('',*,*,#363,.T.);
#481=ORIENTED_EDGE('',*,*,#360,.T.);
#482=ORIENTED_EDGE('',*,*,#364,.T.);
#483=ORIENTED_EDGE('',*,*,#363,.F.);
#484=ORIENTED_EDGE('',*,*,#357,.T.);
#485=ORIENTED_EDGE('',*,*,#361,.T.);
#486=ORIENTED_EDGE('',*,*,#344,.T.);
#487=ORIENTED_EDGE('',*,*,#347,.T.);
#488=ORIENTED_EDGE('',*,*,#359,.F.);
#489=ORIENTED_EDGE('',*,*,#364,.F.);
#490=ORIENTED_EDGE('',*,*,#365,.F.);
#491=ORIENTED_EDGE('',*,*,#354,.F.);
#492=ORIENTED_EDGE('',*,*,#353,.T.);
#493=ORIENTED_EDGE('',*,*,#366,.F.);
#494=ORIENTED_EDGE('',*,*,#365,.T.);
#495=ORIENTED_EDGE('',*,*,#367,.T.);
#496=ORIENTED_EDGE('',*,*,#366,.T.);
#497=ORIENTED_EDGE('',*,*,#367,.F.);
#498=ORIENTED_EDGE('',*,*,#351,.F.);
#499=ORIENTED_EDGE('',*,*,#362,.F.);
#500=ORIENTED_EDGE('',*,*,#355,.F.);
#501=ORIENTED_EDGE('',*,*,#346,.T.);
#502=ORIENTED_EDGE('',*,*,#349,.T.);
#503=ORIENTED_EDGE('',*,*,#368,.T.);
#504=ORIENTED_EDGE('',*,*,#369,.T.);
#505=ORIENTED_EDGE('',*,*,#370,.T.);
#506=ORIENTED_EDGE('',*,*,#371,.T.);
#507=ORIENTED_EDGE('',*,*,#372,.T.);
#508=ORIENTED_EDGE('',*,*,#373,.T.);
#509=ORIENTED_EDGE('',*,*,#374,.T.);
#510=ORIENTED_EDGE('',*,*,#375,.T.);
#511=ORIENTED_EDGE('',*,*,#376,.T.);
#512=ORIENTED_EDGE('',*,*,#377,.T.);
#513=ORIENTED_EDGE('',*,*,#378,.T.);
#514=ORIENTED_EDGE('',*,*,#379,.T.);
#515=ORIENTED_EDGE('',*,*,#371,.F.);
#516=ORIENTED_EDGE('',*,*,#380,.T.);
#517=ORIENTED_EDGE('',*,*,#381,.T.);
#518=ORIENTED_EDGE('',*,*,#373,.F.);
#519=ORIENTED_EDGE('',*,*,#382,.T.);
#520=ORIENTED_EDGE('',*,*,#383,.T.);
#521=ORIENTED_EDGE('',*,*,#383,.F.);
#522=ORIENTED_EDGE('',*,*,#384,.T.);
#523=ORIENTED_EDGE('',*,*,#378,.F.);
#524=ORIENTED_EDGE('',*,*,#385,.T.);
#525=ORIENTED_EDGE('',*,*,#382,.F.);
#526=ORIENTED_EDGE('',*,*,#372,.F.);
#527=ORIENTED_EDGE('',*,*,#386,.F.);
#528=ORIENTED_EDGE('',*,*,#387,.T.);
#529=ORIENTED_EDGE('',*,*,#388,.F.);
#530=ORIENTED_EDGE('',*,*,#389,.T.);
#531=ORIENTED_EDGE('',*,*,#390,.T.);
#532=ORIENTED_EDGE('',*,*,#389,.F.);
#533=ORIENTED_EDGE('',*,*,#385,.F.);
#534=ORIENTED_EDGE('',*,*,#391,.F.);
#535=ORIENTED_EDGE('',*,*,#381,.F.);
#536=ORIENTED_EDGE('',*,*,#374,.F.);
#537=ORIENTED_EDGE('',*,*,#391,.T.);
#538=ORIENTED_EDGE('',*,*,#377,.F.);
#539=ORIENTED_EDGE('',*,*,#392,.T.);
#540=ORIENTED_EDGE('',*,*,#380,.F.);
#541=ORIENTED_EDGE('',*,*,#370,.F.);
#542=ORIENTED_EDGE('',*,*,#393,.T.);
#543=ORIENTED_EDGE('',*,*,#384,.F.);
#544=ORIENTED_EDGE('',*,*,#388,.T.);
#545=ORIENTED_EDGE('',*,*,#394,.T.);
#546=ORIENTED_EDGE('',*,*,#386,.T.);
#547=ORIENTED_EDGE('',*,*,#379,.F.);
#548=ORIENTED_EDGE('',*,*,#368,.F.);
#549=ORIENTED_EDGE('',*,*,#393,.F.);
#550=ORIENTED_EDGE('',*,*,#369,.F.);
#551=ORIENTED_EDGE('',*,*,#395,.T.);
#552=ORIENTED_EDGE('',*,*,#396,.F.);
#553=ORIENTED_EDGE('',*,*,#395,.F.);
#554=ORIENTED_EDGE('',*,*,#375,.F.);
#555=ORIENTED_EDGE('',*,*,#392,.F.);
#556=ORIENTED_EDGE('',*,*,#376,.F.);
#557=ORIENTED_EDGE('',*,*,#397,.T.);
#558=ORIENTED_EDGE('',*,*,#398,.F.);
#559=ORIENTED_EDGE('',*,*,#397,.F.);
#560=ORIENTED_EDGE('',*,*,#399,.T.);
#561=ORIENTED_EDGE('',*,*,#400,.T.);
#562=ORIENTED_EDGE('',*,*,#401,.T.);
#563=ORIENTED_EDGE('',*,*,#402,.F.);
#564=ORIENTED_EDGE('',*,*,#399,.F.);
#565=ORIENTED_EDGE('',*,*,#403,.T.);
#566=ORIENTED_EDGE('',*,*,#401,.F.);
#567=ORIENTED_EDGE('',*,*,#404,.T.);
#568=ORIENTED_EDGE('',*,*,#405,.F.);
#569=ORIENTED_EDGE('',*,*,#394,.F.);
#570=ORIENTED_EDGE('',*,*,#387,.F.);
#571=ORIENTED_EDGE('',*,*,#405,.T.);
#572=ORIENTED_EDGE('',*,*,#406,.T.);
#573=ORIENTED_EDGE('',*,*,#403,.F.);
#574=ORIENTED_EDGE('',*,*,#402,.T.);
#575=ORIENTED_EDGE('',*,*,#390,.F.);
#576=ORIENTED_EDGE('',*,*,#400,.F.);
#577=ORIENTED_EDGE('',*,*,#406,.F.);
#578=ORIENTED_EDGE('',*,*,#404,.F.);
#579=ORIENTED_EDGE('',*,*,#396,.T.);
#580=ORIENTED_EDGE('',*,*,#398,.T.);
#581=CYLINDRICAL_SURFACE('',#668,2.);
#582=CYLINDRICAL_SURFACE('',#671,2.);
#583=CYLINDRICAL_SURFACE('',#674,1.);
#584=CYLINDRICAL_SURFACE('',#677,1.);
#585=CYLINDRICAL_SURFACE('',#683,1.25);
#586=CYLINDRICAL_SURFACE('',#686,2.);
#587=CYLINDRICAL_SURFACE('',#689,2.);
#588=CYLINDRICAL_SURFACE('',#692,1.);
#589=CYLINDRICAL_SURFACE('',#693,1.);
#590=CYLINDRICAL_SURFACE('',#699,1.25);
#591=CYLINDRICAL_SURFACE('',#706,1.25);
#592=CYLINDRICAL_SURFACE('',#712,2.);
#593=CYLINDRICAL_SURFACE('',#714,2.);
#594=CYLINDRICAL_SURFACE('',#716,1.);
#595=ADVANCED_FACE('',(#116),#581,.F.);
#596=ADVANCED_FACE('',(#117),#582,.F.);
#597=ADVANCED_FACE('',(#118),#583,.T.);
#598=ADVANCED_FACE('',(#119),#68,.F.);
#599=ADVANCED_FACE('',(#120),#584,.T.);
#600=ADVANCED_FACE('',(#121,#35,#36),#50,.T.);
#601=ADVANCED_FACE('',(#122,#37),#51,.F.);
#602=ADVANCED_FACE('',(#123,#38),#52,.F.);
#603=ADVANCED_FACE('',(#124),#585,.F.);
#604=ADVANCED_FACE('',(#125,#39,#40),#53,.F.);
#605=ADVANCED_FACE('',(#126),#586,.F.);
#606=ADVANCED_FACE('',(#127),#587,.F.);
#607=ADVANCED_FACE('',(#128),#588,.T.);
#608=ADVANCED_FACE('',(#129),#69,.F.);
#609=ADVANCED_FACE('',(#130),#589,.T.);
#610=ADVANCED_FACE('',(#131,#41,#42),#54,.T.);
#611=ADVANCED_FACE('',(#132,#43),#55,.F.);
#612=ADVANCED_FACE('',(#133,#44),#56,.F.);
#613=ADVANCED_FACE('',(#134),#590,.F.);
#614=ADVANCED_FACE('',(#135,#45,#46),#57,.F.);
#615=ADVANCED_FACE('',(#136),#70,.F.);
#616=ADVANCED_FACE('',(#137),#71,.F.);
#617=ADVANCED_FACE('',(#138),#72,.F.);
#618=ADVANCED_FACE('',(#139),#73,.F.);
#619=ADVANCED_FACE('',(#140),#74,.T.);
#620=ADVANCED_FACE('',(#141),#591,.F.);
#621=ADVANCED_FACE('',(#142),#58,.T.);
#622=ADVANCED_FACE('',(#143),#75,.T.);
#623=ADVANCED_FACE('',(#144),#592,.F.);
#624=ADVANCED_FACE('',(#145),#593,.F.);
#625=ADVANCED_FACE('',(#146),#594,.T.);
#626=ADVANCED_FACE('',(#147),#76,.F.);
#627=ADVANCED_FACE('',(#148,#47),#59,.F.);
#628=ADVANCED_FACE('',(#149,#48,#49),#60,.F.);
#629=CLOSED_SHELL('',(#595,#596,#597,#598,#599,#600,#601,#602,#603,#604));
#630=CLOSED_SHELL('',(#605,#606,#607,#608,#609,#610,#611,#612,#613,#614));
#631=CLOSED_SHELL('',(#615,#616,#617,#618,#619,#620,#621,#622,#623,#624,
#625,#626,#627,#628));
#632=DERIVED_UNIT_ELEMENT(#638,1.);
#633=DERIVED_UNIT_ELEMENT(#2144,-3.);
#634=DERIVED_UNIT_ELEMENT(#638,1.);
#635=DERIVED_UNIT_ELEMENT(#2144,-3.);
#636=DERIVED_UNIT_ELEMENT(#638,1.);
#637=DERIVED_UNIT_ELEMENT(#2144,-3.);
#638=(
MASS_UNIT()
NAMED_UNIT(*)
SI_UNIT(.KILO.,.GRAM.)
);
#639=DERIVED_UNIT((#632,#633));
#640=DERIVED_UNIT((#634,#635));
#641=DERIVED_UNIT((#636,#637));
#642=MEASURE_REPRESENTATION_ITEM('density measure',
POSITIVE_RATIO_MEASURE(7850.),#639);
#643=MEASURE_REPRESENTATION_ITEM('density measure',
POSITIVE_RATIO_MEASURE(7850.),#640);
#644=MEASURE_REPRESENTATION_ITEM('density measure',
POSITIVE_RATIO_MEASURE(7850.),#641);
#645=PROPERTY_DEFINITION_REPRESENTATION(#660,#651);
#646=PROPERTY_DEFINITION_REPRESENTATION(#661,#652);
#647=PROPERTY_DEFINITION_REPRESENTATION(#662,#653);
#648=PROPERTY_DEFINITION_REPRESENTATION(#663,#654);
#649=PROPERTY_DEFINITION_REPRESENTATION(#664,#655);
#650=PROPERTY_DEFINITION_REPRESENTATION(#665,#656);
#651=REPRESENTATION('material name',(#657),#2139);
#652=REPRESENTATION('density',(#642),#2139);
#653=REPRESENTATION('material name',(#658),#2140);
#654=REPRESENTATION('density',(#643),#2140);
#655=REPRESENTATION('material name',(#659),#2141);
#656=REPRESENTATION('density',(#644),#2141);
#657=DESCRIPTIVE_REPRESENTATION_ITEM('Steel','Steel');
#658=DESCRIPTIVE_REPRESENTATION_ITEM('Steel','Steel');
#659=DESCRIPTIVE_REPRESENTATION_ITEM('Steel','Steel');
#660=PROPERTY_DEFINITION('material property','material name',#2164);
#661=PROPERTY_DEFINITION('material property','density of part',#2164);
#662=PROPERTY_DEFINITION('material property','material name',#2165);
#663=PROPERTY_DEFINITION('material property','density of part',#2165);
#664=PROPERTY_DEFINITION('material property','material name',#2166);
#665=PROPERTY_DEFINITION('material property','density of part',#2166);
#666=AXIS2_PLACEMENT_3D('',#858,#722,#723);
#667=AXIS2_PLACEMENT_3D('',#859,#724,#725);
#668=AXIS2_PLACEMENT_3D('',#860,#726,#727);
#669=AXIS2_PLACEMENT_3D('',#862,#728,#729);
#670=AXIS2_PLACEMENT_3D('',#865,#731,#732);
#671=AXIS2_PLACEMENT_3D('',#866,#733,#734);
#672=AXIS2_PLACEMENT_3D('',#868,#735,#736);
#673=AXIS2_PLACEMENT_3D('',#871,#738,#739);
#674=AXIS2_PLACEMENT_3D('',#872,#740,#741);
#675=AXIS2_PLACEMENT_3D('',#1030,#744,#745);
#676=AXIS2_PLACEMENT_3D('',#1145,#747,#748);
#677=AXIS2_PLACEMENT_3D('',#1146,#749,#750);
#678=AXIS2_PLACEMENT_3D('',#1149,#753,#754);
#679=AXIS2_PLACEMENT_3D('',#1150,#755,#756);
#680=AXIS2_PLACEMENT_3D('',#1152,#757,#758);
#681=AXIS2_PLACEMENT_3D('',#1153,#759,#760);
#682=AXIS2_PLACEMENT_3D('',#1155,#761,#762);
#683=AXIS2_PLACEMENT_3D('',#1156,#763,#764);
#684=AXIS2_PLACEMENT_3D('',#1158,#766,#767);
#685=AXIS2_PLACEMENT_3D('',#1159,#768,#769);
#686=AXIS2_PLACEMENT_3D('',#1160,#770,#771);
#687=AXIS2_PLACEMENT_3D('',#1162,#772,#773);
#688=AXIS2_PLACEMENT_3D('',#1165,#775,#776);
#689=AXIS2_PLACEMENT_3D('',#1166,#777,#778);
#690=AXIS2_PLACEMENT_3D('',#1168,#779,#780);
#691=AXIS2_PLACEMENT_3D('',#1171,#782,#783);
#692=AXIS2_PLACEMENT_3D('',#1172,#784,#785);
#693=AXIS2_PLACEMENT_3D('',#1477,#789,#790);
#694=AXIS2_PLACEMENT_3D('',#1480,#793,#794);
#695=AXIS2_PLACEMENT_3D('',#1481,#795,#796);
#696=AXIS2_PLACEMENT_3D('',#1483,#797,#798);
#697=AXIS2_PLACEMENT_3D('',#1484,#799,#800);
#698=AXIS2_PLACEMENT_3D('',#1486,#801,#802);
#699=AXIS2_PLACEMENT_3D('',#1487,#803,#804);
#700=AXIS2_PLACEMENT_3D('',#1489,#806,#807);
#701=AXIS2_PLACEMENT_3D('',#1490,#808,#809);
#702=AXIS2_PLACEMENT_3D('',#1596,#810,#811);
#703=AXIS2_PLACEMENT_3D('',#1610,#812,#813);
#704=AXIS2_PLACEMENT_3D('',#1721,#814,#815);
#705=AXIS2_PLACEMENT_3D('',#1783,#816,#817);
#706=AXIS2_PLACEMENT_3D('',#1871,#820,#821);
#707=AXIS2_PLACEMENT_3D('',#1874,#823,#824);
#708=AXIS2_PLACEMENT_3D('',#1875,#825,#826);
#709=AXIS2_PLACEMENT_3D('',#1876,#827,#828);
#710=AXIS2_PLACEMENT_3D('',#1877,#829,#830);
#711=AXIS2_PLACEMENT_3D('',#1878,#831,#832);
#712=AXIS2_PLACEMENT_3D('',#1927,#833,#834);
#713=AXIS2_PLACEMENT_3D('',#1930,#836,#837);
#714=AXIS2_PLACEMENT_3D('',#1931,#838,#839);
#715=AXIS2_PLACEMENT_3D('',#1934,#841,#842);
#716=AXIS2_PLACEMENT_3D('',#1935,#843,#844);
#717=AXIS2_PLACEMENT_3D('',#2128,#848,#849);
#718=AXIS2_PLACEMENT_3D('',#2129,#850,#851);
#719=AXIS2_PLACEMENT_3D('',#2130,#852,#853);
#720=AXIS2_PLACEMENT_3D('',#2131,#854,#855);
#721=AXIS2_PLACEMENT_3D('',#2132,#856,#857);
#722=DIRECTION('axis',(0.,0.,1.));
#723=DIRECTION('refdir',(1.,0.,0.));
#724=DIRECTION('axis',(0.,0.,1.));
#725=DIRECTION('refdir',(1.,0.,0.));
#726=DIRECTION('center_axis',(0.,0.,-1.));
#727=DIRECTION('ref_axis',(-1.,0.,0.));
#728=DIRECTION('center_axis',(-5.43982898138863E-32,1.07777066857043E-48,
-1.));
#729=DIRECTION('ref_axis',(-1.,0.,0.));
#730=DIRECTION('',(0.,0.,-1.));
#731=DIRECTION('center_axis',(0.,0.,1.));
#732=DIRECTION('ref_axis',(-1.,0.,0.));
#733=DIRECTION('center_axis',(0.,0.,-1.));
#734=DIRECTION('ref_axis',(-1.,0.,0.));
#735=DIRECTION('center_axis',(-5.43982898138863E-32,1.07777066857043E-48,
-1.));
#736=DIRECTION('ref_axis',(-1.,0.,0.));
#737=DIRECTION('',(0.,0.,-1.));
#738=DIRECTION('center_axis',(0.,0.,1.));
#739=DIRECTION('ref_axis',(-1.,0.,0.));
#740=DIRECTION('center_axis',(0.,-1.,0.));
#741=DIRECTION('ref_axis',(0.707106781186548,0.,-0.707106781186548));
#742=DIRECTION('',(0.,1.,0.));
#743=DIRECTION('',(0.,1.,0.));
#744=DIRECTION('center_axis',(0.,0.,1.));
#745=DIRECTION('ref_axis',(1.,0.,0.));
#746=DIRECTION('',(-0.0138875494907577,-1.9133260910839E-18,-0.999903563334556));
#747=DIRECTION('center_axis',(0.,0.,1.));
#748=DIRECTION('ref_axis',(1.,0.,0.));
#749=DIRECTION('center_axis',(6.6422745721025E-80,1.,1.07777066857043E-48));
#750=DIRECTION('ref_axis',(0.707106781186549,0.,0.707106781186546));
#751=DIRECTION('',(-6.6422745721025E-80,-1.,-1.07777066857043E-48));
#752=DIRECTION('',(0.,1.,0.));
#753=DIRECTION('center_axis',(5.43982898138863E-32,-1.07777066857043E-48,
1.));
#754=DIRECTION('ref_axis',(1.,0.,-5.43982898138863E-32));
#755=DIRECTION('center_axis',(-0.707106781186548,0.,-0.707106781186548));
#756=DIRECTION('ref_axis',(-0.707106781186548,0.,0.707106781186548));
#757=DIRECTION('center_axis',(0.707106781186548,0.,0.707106781186548));
#758=DIRECTION('ref_axis',(-0.707106781186547,0.,0.707106781186547));
#759=DIRECTION('center_axis',(-0.707106781186548,0.,0.707106781186547));
#760=DIRECTION('ref_axis',(0.707106781186547,0.,0.707106781186548));
#761=DIRECTION('center_axis',(0.707106781186548,0.,-0.707106781186547));
#762=DIRECTION('ref_axis',(-0.707106781186547,0.,-0.707106781186548));
#763=DIRECTION('center_axis',(0.,0.,-1.));
#764=DIRECTION('ref_axis',(-1.,0.,0.));
#765=DIRECTION('',(0.,0.,-1.));
#766=DIRECTION('center_axis',(0.,0.,1.));
#767=DIRECTION('ref_axis',(1.,0.,0.));
#768=DIRECTION('axis',(0.,0.,1.));
#769=DIRECTION('refdir',(1.,0.,0.));
#770=DIRECTION('center_axis',(0.,0.,-1.));
#771=DIRECTION('ref_axis',(-1.,0.,0.));
#772=DIRECTION('center_axis',(0.,0.,-1.));
#773=DIRECTION('ref_axis',(-1.,0.,0.));
#774=DIRECTION('',(0.,0.,-1.));
#775=DIRECTION('center_axis',(1.36025952941453E-32,-8.79723994775678E-33,
1.));
#776=DIRECTION('ref_axis',(-1.,0.,0.));
#777=DIRECTION('center_axis',(0.,0.,-1.));
#778=DIRECTION('ref_axis',(-1.,0.,0.));
#779=DIRECTION('center_axis',(0.,0.,-1.));
#780=DIRECTION('ref_axis',(-1.,0.,0.));
#781=DIRECTION('',(0.,0.,-1.));
#782=DIRECTION('center_axis',(1.36025952941453E-32,-8.79723994775678E-33,
1.));
#783=DIRECTION('ref_axis',(-1.,0.,0.));
#784=DIRECTION('center_axis',(5.38675587167579E-49,-1.,-8.79723994775678E-33));
#785=DIRECTION('ref_axis',(0.707106781186549,0.,-0.707106781186546));
#786=DIRECTION('',(-5.38675587167579E-49,1.,8.79723994775678E-33));
#787=DIRECTION('',(0.,1.,0.));
#788=DIRECTION('',(-0.0166643523339934,-2.29588998293541E-18,-0.9998611400396));
#789=DIRECTION('center_axis',(0.,1.,0.));
#790=DIRECTION('ref_axis',(0.707106781186555,0.,0.70710678118654));
#791=DIRECTION('',(0.,-1.,0.));
#792=DIRECTION('',(0.,1.,0.));
#793=DIRECTION('center_axis',(0.,0.,1.));
#794=DIRECTION('ref_axis',(1.,0.,0.));
#795=DIRECTION('center_axis',(-0.707106781186714,0.,-0.707106781186381));
#796=DIRECTION('ref_axis',(-0.707106781186381,0.,0.707106781186714));
#797=DIRECTION('center_axis',(0.707106781186714,0.,0.707106781186381));
#798=DIRECTION('ref_axis',(-0.707106781186381,0.,0.707106781186714));
#799=DIRECTION('center_axis',(-0.70710678118655,0.,0.707106781186545));
#800=DIRECTION('ref_axis',(0.707106781186545,0.,0.70710678118655));
#801=DIRECTION('center_axis',(0.70710678118655,0.,-0.707106781186545));
#802=DIRECTION('ref_axis',(-0.707106781186545,0.,-0.70710678118655));
#803=DIRECTION('center_axis',(0.,0.,-1.));
#804=DIRECTION('ref_axis',(-1.,0.,0.));
#805=DIRECTION('',(0.,0.,-1.));
#806=DIRECTION('center_axis',(1.36025952941453E-32,-8.79723994775678E-33,
1.));
#807=DIRECTION('ref_axis',(1.,0.,-1.36025952941453E-32));
#808=DIRECTION('axis',(0.,0.,1.));
#809=DIRECTION('refdir',(1.,0.,0.));
#810=DIRECTION('center_axis',(1.95486697687675E-16,-1.,0.));
#811=DIRECTION('ref_axis',(0.,0.,1.));
#812=DIRECTION('center_axis',(-0.55453677577063,-0.832159218129508,-1.46859459769667E-16));
#813=DIRECTION('ref_axis',(0.832159218129508,-0.55453677577063,0.));
#814=DIRECTION('center_axis',(-0.554536776945352,0.832159217346693,4.47207814135798E-17));
#815=DIRECTION('ref_axis',(-1.16147091944185E-10,-7.73985042723523E-11,
1.));
#816=DIRECTION('center_axis',(-5.678237300905E-5,-0.999999998387881,2.60208520977034E-17));
#817=DIRECTION('ref_axis',(0.999999998387881,-5.678237300905E-5,0.));
#818=DIRECTION('',(0.,0.,1.));
#819=DIRECTION('',(0.,0.,-1.));
#820=DIRECTION('center_axis',(0.,0.,-1.));
#821=DIRECTION('ref_axis',(-1.,0.,0.));
#822=DIRECTION('',(0.,0.,-1.));
#823=DIRECTION('center_axis',(0.707106781186548,0.,-0.707106781186547));
#824=DIRECTION('ref_axis',(-0.707106781186547,0.,-0.707106781186548));
#825=DIRECTION('center_axis',(2.46478321080748E-36,-4.44081935945021E-32,
-1.));
#826=DIRECTION('ref_axis',(-1.,0.,0.));
#827=DIRECTION('center_axis',(-2.46478321080748E-36,4.44081935945021E-32,
1.));
#828=DIRECTION('ref_axis',(1.,0.,2.46478321080748E-36));
#829=DIRECTION('center_axis',(2.46478321080748E-36,-4.44081935945021E-32,
-1.));
#830=DIRECTION('ref_axis',(-1.,0.,0.));
#831=DIRECTION('center_axis',(2.46478321080748E-36,-4.44081935945021E-32,
-1.));
#832=DIRECTION('ref_axis',(-1.,0.,0.));
#833=DIRECTION('center_axis',(0.,0.,-1.));
#834=DIRECTION('ref_axis',(-1.,0.,0.));
#835=DIRECTION('',(0.,0.,-1.));
#836=DIRECTION('center_axis',(-1.22368329395661E-31,8.98907946062328E-36,
1.));
#837=DIRECTION('ref_axis',(-1.,0.,0.));
#838=DIRECTION('center_axis',(0.,0.,-1.));
#839=DIRECTION('ref_axis',(-1.,0.,0.));
#840=DIRECTION('',(0.,0.,-1.));
#841=DIRECTION('center_axis',(-1.22368329395661E-31,8.98907946062328E-36,
1.));
#842=DIRECTION('ref_axis',(-1.,0.,0.));
#843=DIRECTION('center_axis',(-2.76997396891051E-67,-1.,8.98907946062328E-36));
#844=DIRECTION('ref_axis',(0.707106781186543,0.,-0.707106781186553));
#845=DIRECTION('',(2.76997396891051E-67,1.,-8.98907946062328E-36));
#846=DIRECTION('',(0.,1.,0.));
#847=DIRECTION('',(-0.0149983127847123,-2.0662512671895E-18,-0.999887518980816));
#848=DIRECTION('center_axis',(-0.707106781186548,0.,0.707106781186547));
#849=DIRECTION('ref_axis',(0.707106781186547,0.,0.707106781186548));
#850=DIRECTION('center_axis',(-1.22368329395661E-31,8.98907946062328E-36,
1.));
#851=DIRECTION('ref_axis',(1.,0.,1.22368329395661E-31));
#852=DIRECTION('',(0.,0.,1.));
#853=DIRECTION('',(1.,0.,0.));
#854=DIRECTION('',(0.,0.,1.));
#855=DIRECTION('',(1.,0.,0.));
#856=DIRECTION('',(0.,0.,1.));
#857=DIRECTION('',(1.,0.,0.));
#858=CARTESIAN_POINT('',(0.,0.,0.));
#859=CARTESIAN_POINT('',(0.,0.,0.));
#860=CARTESIAN_POINT('Origin',(-4.74999999996591,-3.1093879237477,36.));
#861=CARTESIAN_POINT('',(-2.74999999996591,-3.1093879237477,36.));
#862=CARTESIAN_POINT('Origin',(-4.74999999996591,-3.1093879237477,36.));
#863=CARTESIAN_POINT('',(-2.74999999996591,-3.1093879237477,0.));
#864=CARTESIAN_POINT('',(-2.74999999996591,-3.1093879237477,36.));
#865=CARTESIAN_POINT('Origin',(-4.74999999996591,-3.1093879237477,0.));
#866=CARTESIAN_POINT('Origin',(-4.74999999995376,3.10938792374761,36.));
#867=CARTESIAN_POINT('',(-2.74999999995376,3.10938792374761,36.));
#868=CARTESIAN_POINT('Origin',(-4.74999999995376,3.10938792374761,36.));
#869=CARTESIAN_POINT('',(-2.74999999995376,3.10938792374761,0.));
#870=CARTESIAN_POINT('',(-2.74999999995376,3.10938792374761,36.));
#871=CARTESIAN_POINT('Origin',(-4.74999999995376,3.10938792374761,0.));
#872=CARTESIAN_POINT('Origin',(-1.,0.,1.));
#873=CARTESIAN_POINT('',(3.08148791101958E-32,-7.98611111111111,1.));
#874=CARTESIAN_POINT('',(-1.,-7.95046391999925,0.));
#875=CARTESIAN_POINT('Ctrl Pts',(-0.000484523580271512,-7.98528056843949,
0.999999999999993));
#876=CARTESIAN_POINT('Ctrl Pts',(-0.000484789580207672,-7.98611864240948,
0.93966069544308));
#877=CARTESIAN_POINT('Ctrl Pts',(-0.00594573502560917,-7.98696045207402,
0.879362338422383));
#878=CARTESIAN_POINT('Ctrl Pts',(-0.0168442425125073,-7.98776944264624,
0.819851012124126));
#879=CARTESIAN_POINT('Ctrl Pts',(-0.0193968610607279,-7.98795892220044,
0.805912432413026));
#880=CARTESIAN_POINT('Ctrl Pts',(-0.022247769984681,-7.98814637599365,0.792017027416317));
#881=CARTESIAN_POINT('Ctrl Pts',(-0.0253966669758736,-7.98833092201964,
0.77817438327768));
#882=CARTESIAN_POINT('Ctrl Pts',(-0.0401322005606533,-7.98919452097872,
0.713396542599642));
#883=CARTESIAN_POINT('Ctrl Pts',(-0.0612532114667226,-7.98999093227902,
0.650387370247303));
#884=CARTESIAN_POINT('Ctrl Pts',(-0.0883702911355577,-7.99059520990355,
0.590049570222242));
#885=CARTESIAN_POINT('Ctrl Pts',(-0.111903886175935,-7.99111963307453,0.537685327141562));
#886=CARTESIAN_POINT('Ctrl Pts',(-0.139953564810163,-7.99149798374076,0.487333070923418));
#887=CARTESIAN_POINT('Ctrl Pts',(-0.172261730418857,-7.99161715353532,0.439582841554241));
#888=CARTESIAN_POINT('Ctrl Pts',(-0.230351381699207,-7.99183141923807,0.353728565387417));
#889=CARTESIAN_POINT('Ctrl Pts',(-0.301329276396282,-7.991201154175,0.277583976568967));
#890=CARTESIAN_POINT('Ctrl Pts',(-0.382534544397736,-7.98904547434065,0.213758648100914));
#891=CARTESIAN_POINT('Ctrl Pts',(-0.404875888278205,-7.98845239970817,0.196198905405857));
#892=CARTESIAN_POINT('Ctrl Pts',(-0.427991060182355,-7.98774380604634,0.179571632590308));
#893=CARTESIAN_POINT('Ctrl Pts',(-0.45182394154374,-7.98690588594141,0.163931172792978));
#894=CARTESIAN_POINT('Ctrl Pts',(-0.508190190283554,-7.9849241527073,0.126940511279017));
#895=CARTESIAN_POINT('Ctrl Pts',(-0.568030395691186,-7.98223447385738,0.0958234146760866));
#896=CARTESIAN_POINT('Ctrl Pts',(-0.630409042870919,-7.97871968447288,0.0709764262517965));
#897=CARTESIAN_POINT('Ctrl Pts',(-0.666082807919164,-7.97670960928906,0.056766665904628));
#898=CARTESIAN_POINT('Ctrl Pts',(-0.702586672440651,-7.97443049657717,0.0446076003349569));
#899=CARTESIAN_POINT('Ctrl Pts',(-0.739745014000679,-7.97186826431796,0.0345733997629552));
#900=CARTESIAN_POINT('Ctrl Pts',(-0.798910768076247,-7.96778852347463,0.0185963400110058));
#901=CARTESIAN_POINT('Ctrl Pts',(-0.859303137907831,-7.96301791695033,0.00812326410141396));
#902=CARTESIAN_POINT('Ctrl Pts',(-0.920162203015633,-7.95756766258789,0.00322395290262989));
#903=CARTESIAN_POINT('Ctrl Pts',(-0.946836425396162,-7.95517884349188,0.00107660942641494));
#904=CARTESIAN_POINT('Ctrl Pts',(-0.973600334624926,-7.9526601260974,-5.94362061743446E-13));
#905=CARTESIAN_POINT('Ctrl Pts',(-1.00039018509676,-7.95001562806936,0.));
#906=CARTESIAN_POINT('',(-1.,7.95046391999925,0.));
#907=CARTESIAN_POINT('',(-1.,0.,0.));
#908=CARTESIAN_POINT('',(3.08148791101958E-32,7.98611111111111,1.));
#909=CARTESIAN_POINT('Ctrl Pts',(-0.999770271332511,7.95017068822597,0.));
#910=CARTESIAN_POINT('Ctrl Pts',(-0.986843202343892,7.95145537104587,2.75779399316889E-13));
#911=CARTESIAN_POINT('Ctrl Pts',(-0.973914517561651,7.9527116194376,0.000250302800954839));
#912=CARTESIAN_POINT('Ctrl Pts',(-0.960991429821438,7.95393879982286,0.000751094672530429));
#913=CARTESIAN_POINT('Ctrl Pts',(-0.899441817878107,7.95978356989763,0.00313624797176122));
#914=CARTESIAN_POINT('Ctrl Pts',(-0.838254236230993,7.96494238399376,0.0111933005599685));
#915=CARTESIAN_POINT('Ctrl Pts',(-0.778200201479621,7.96939524102322,0.0248178453199941));
#916=CARTESIAN_POINT('Ctrl Pts',(-0.751091005654104,7.97140532034086,0.0309681473515263));
#917=CARTESIAN_POINT('Ctrl Pts',(-0.724212845122997,7.97327226584862,0.038252959838616));
#918=CARTESIAN_POINT('Ctrl Pts',(-0.697636828533603,7.97499768444916,0.0466626787528455));
#919=CARTESIAN_POINT('Ctrl Pts',(-0.631497340900016,7.97929171782355,0.0675918687335454));
#920=CARTESIAN_POINT('Ctrl Pts',(-0.56779378418094,7.98266871869132,0.0953096574422336));
#921=CARTESIAN_POINT('Ctrl Pts',(-0.507528859948881,7.98524366982647,0.129328764127962));
#922=CARTESIAN_POINT('Ctrl Pts',(-0.471746728494912,7.98677253991433,0.149527514278016));
#923=CARTESIAN_POINT('Ctrl Pts',(-0.437176740931634,7.98801984209566,0.171947704386285));
#924=CARTESIAN_POINT('Ctrl Pts',(-0.404027564617572,7.98901802313892,0.196487338243436));
#925=CARTESIAN_POINT('Ctrl Pts',(-0.326528862256185,7.99135164780703,0.253857987888996));
#926=CARTESIAN_POINT('Ctrl Pts',(-0.257873116864251,7.99229360051961,0.322020424058362));
#927=CARTESIAN_POINT('Ctrl Pts',(-0.200092019664377,7.99240592163445,0.398755120182543));
#928=CARTESIAN_POINT('Ctrl Pts',(-0.179038816988583,7.99244684711545,0.426714283093202));
#929=CARTESIAN_POINT('Ctrl Pts',(-0.159428926534988,7.99237750384405,0.455811492763635));
#930=CARTESIAN_POINT('Ctrl Pts',(-0.141359367288936,7.99222344974363,0.485939385484124));
#931=CARTESIAN_POINT('Ctrl Pts',(-0.107325269886919,7.99193328814159,0.542685409081275));
#932=CARTESIAN_POINT('Ctrl Pts',(-0.0790937429047151,7.99134916005007,0.602526573203328));
#933=CARTESIAN_POINT('Ctrl Pts',(-0.056992423697563,7.99062830018838,0.664548608838587));
#934=CARTESIAN_POINT('Ctrl Pts',(-0.0348911044904108,7.9899074403267,0.726570644473846));
#935=CARTESIAN_POINT('Ctrl Pts',(-0.0189197930719932,7.98905063939366,0.790773551622319));
#936=CARTESIAN_POINT('Ctrl Pts',(-0.00940236731416988,7.98815736351303,
0.856243061272331));
#937=CARTESIAN_POINT('Ctrl Pts',(-0.00246668160579779,7.98750640169662,
0.903953014989626));
#938=CARTESIAN_POINT('Ctrl Pts',(0.000992217560940027,7.98683959142316,
0.951997090030133));
#939=CARTESIAN_POINT('Ctrl Pts',(0.0009922032109837,7.98617277773896,1.));
#940=CARTESIAN_POINT('',(3.08148791101958E-32,0.,1.));
#941=CARTESIAN_POINT('Ctrl Pts',(-8.5,-9.10831056865844E-16,36.));
#942=CARTESIAN_POINT('Ctrl Pts',(-8.66666666666667,-9.33793184349857E-16,
24.));
#943=CARTESIAN_POINT('Ctrl Pts',(-8.83333333333333,-9.5675531183387E-16,
12.));
#944=CARTESIAN_POINT('Ctrl Pts',(-9.,-9.79717439317883E-16,0.));
#945=CARTESIAN_POINT('Ctrl Pts',(-8.5,-1.11264739814639,36.));
#946=CARTESIAN_POINT('Ctrl Pts',(-8.66686419854484,-1.14073271073352,24.));
#947=CARTESIAN_POINT('Ctrl Pts',(-8.83313580145516,-1.1687118887804,12.));
#948=CARTESIAN_POINT('Ctrl Pts',(-9.,-1.19679720136754,0.));
#949=CARTESIAN_POINT('Ctrl Pts',(-7.93068662084364,-3.33800418388273,36.));
#950=CARTESIAN_POINT('Ctrl Pts',(-8.08228043086159,-3.42181226849592,24.));
#951=CARTESIAN_POINT('Ctrl Pts',(-8.23409777105338,-3.50567314138548,12.));
#952=CARTESIAN_POINT('Ctrl Pts',(-8.38569158107133,-3.58948122599867,0.));
#953=CARTESIAN_POINT('Ctrl Pts',(-5.50917560497235,-6.04609130198027,36.));
#954=CARTESIAN_POINT('Ctrl Pts',(-5.60747666107784,-6.18717557782436,24.));
#955=CARTESIAN_POINT('Ctrl Pts',(-5.70550274217234,-6.3281576457012,12.));
#956=CARTESIAN_POINT('Ctrl Pts',(-5.80380379827783,-6.46924192154528,0.));
#957=CARTESIAN_POINT('Ctrl Pts',(-1.97033585308519,-7.56221288872566,36.));
#958=CARTESIAN_POINT('Ctrl Pts',(-2.00379362787171,-7.72997844037996,24.));
#959=CARTESIAN_POINT('Ctrl Pts',(-2.03738588675997,-7.89778332714447,12.));
#960=CARTESIAN_POINT('Ctrl Pts',(-2.07084366154649,-8.06554887879877,0.));
#961=CARTESIAN_POINT('Ctrl Pts',(1.96941189931753,-7.56252952645339,36.));
#962=CARTESIAN_POINT('Ctrl Pts',(2.00282759708258,-7.73033816116899,24.));
#963=CARTESIAN_POINT('Ctrl Pts',(2.03640455085103,-7.89807875686896,12.));
#964=CARTESIAN_POINT('Ctrl Pts',(2.06982024861609,-8.06588739158456,0.));
#965=CARTESIAN_POINT('Ctrl Pts',(5.50902982304281,-6.04478137689373,36.));
#966=CARTESIAN_POINT('Ctrl Pts',(5.60747022947522,-6.18579713247036,24.));
#967=CARTESIAN_POINT('Ctrl Pts',(5.70557698795278,-6.32686597079096,12.));
#968=CARTESIAN_POINT('Ctrl Pts',(5.80401739438519,-6.46788172636759,0.));
#969=CARTESIAN_POINT('Ctrl Pts',(7.65931842180158,-3.63928630694222,36.));
#970=CARTESIAN_POINT('Ctrl Pts',(7.80473159587419,-3.72958586694707,24.));
#971=CARTESIAN_POINT('Ctrl Pts',(7.950496193922,-3.81976460758767,12.));
#972=CARTESIAN_POINT('Ctrl Pts',(8.09590936799461,-3.91006416759253,0.));
#973=CARTESIAN_POINT('Ctrl Pts',(8.78420339276858,-0.40505425377421,36.));
#974=CARTESIAN_POINT('Ctrl Pts',(8.95832830517678,-0.415826539143618,24.));
#975=CARTESIAN_POINT('Ctrl Pts',(9.13199320011442,-0.426923677937362,12.));
#976=CARTESIAN_POINT('Ctrl Pts',(9.30611811252262,-0.43769596330677,0.));
#977=CARTESIAN_POINT('Ctrl Pts',(8.2669697561699,2.65292804866653,36.));
#978=CARTESIAN_POINT('Ctrl Pts',(8.42699530004031,2.72059820720802,24.));
#979=CARTESIAN_POINT('Ctrl Pts',(8.58692577689022,2.78830486487286,12.));
#980=CARTESIAN_POINT('Ctrl Pts',(8.74695132076063,2.85597502341435,0.));
#981=CARTESIAN_POINT('Ctrl Pts',(5.8696178323045,5.78422781924683,36.));
#982=CARTESIAN_POINT('Ctrl Pts',(5.97506666785065,5.9205350921451,24.));
#983=CARTESIAN_POINT('Ctrl Pts',(6.08085542586767,6.05696857360279,12.));
#984=CARTESIAN_POINT('Ctrl Pts',(6.18630426141383,6.19327584650106,0.));
#985=CARTESIAN_POINT('Ctrl Pts',(2.41305269870163,7.56674066525655,36.));
#986=CARTESIAN_POINT('Ctrl Pts',(2.4539694545536,7.73468865236495,24.0000000000001));
#987=CARTESIAN_POINT('Ctrl Pts',(2.49494971463496,7.90247267680097,12.));
#988=CARTESIAN_POINT('Ctrl Pts',(2.53586647048693,8.07042066390937,0.));
#989=CARTESIAN_POINT('Ctrl Pts',(-1.9722973006379,7.56058493742759,36.));
#990=CARTESIAN_POINT('Ctrl Pts',(-2.00579340017737,7.72828510099843,24.));
#991=CARTESIAN_POINT('Ctrl Pts',(-2.03921076820285,7.89610734294621,12.));
#992=CARTESIAN_POINT('Ctrl Pts',(-2.07270686774231,8.06380750651704,0.));
#993=CARTESIAN_POINT('Ctrl Pts',(-5.50718944777313,6.04609029613444,36.));
#994=CARTESIAN_POINT('Ctrl Pts',(-5.60546498797168,6.18721265636803,24.));
#995=CARTESIAN_POINT('Ctrl Pts',(-5.70356179383638,6.32827885060821,12.));
#996=CARTESIAN_POINT('Ctrl Pts',(-5.80183733403493,6.4694012108418,0.));
#997=CARTESIAN_POINT('Ctrl Pts',(-7.93124006493882,3.33759220327393,36.));
#998=CARTESIAN_POINT('Ctrl Pts',(-8.08285380572009,3.42137137231719,24.));
#999=CARTESIAN_POINT('Ctrl Pts',(-8.23460536067353,3.50525650796585,12.));
#1000=CARTESIAN_POINT('Ctrl Pts',(-8.3862191014548,3.58903567700911,0.));
#1001=CARTESIAN_POINT('Ctrl Pts',(-8.5,1.11264739814639,36.));
#1002=CARTESIAN_POINT('Ctrl Pts',(-8.66685327502673,1.14074839708507,24.));
#1003=CARTESIAN_POINT('Ctrl Pts',(-8.83314672497327,1.16869620242886,12.));
#1004=CARTESIAN_POINT('Ctrl Pts',(-9.,1.19679720136754,0.));
#1005=CARTESIAN_POINT('Ctrl Pts',(-8.5,9.10831056865844E-16,36.));
#1006=CARTESIAN_POINT('Ctrl Pts',(-8.66666666666667,9.33793184349857E-16,
24.));
#1007=CARTESIAN_POINT('Ctrl Pts',(-8.83333333333333,9.5675531183387E-16,
12.));
#1008=CARTESIAN_POINT('Ctrl Pts',(-9.,9.79717439317883E-16,0.));
#1009=CARTESIAN_POINT('Ctrl Pts',(0.,-7.98611111111111,1.));
#1010=CARTESIAN_POINT('Ctrl Pts',(1.36766832468444,-7.96711571771272,2.36766832468444));
#1011=CARTESIAN_POINT('Ctrl Pts',(2.75669523865166,-7.67063784959648,3.75669523865166));
#1012=CARTESIAN_POINT('Ctrl Pts',(4.96624622076693,-6.63989594835641,5.96624622076693));
#1013=CARTESIAN_POINT('Ctrl Pts',(5.86771818372911,-6.03873753510688,6.86771818372911));
#1014=CARTESIAN_POINT('Ctrl Pts',(7.17443917352188,-4.70675735558763,8.17443917352189));
#1015=CARTESIAN_POINT('Ctrl Pts',(7.65520434311844,-4.07361308837975,8.65520434311845));
#1016=CARTESIAN_POINT('Ctrl Pts',(8.32826295344362,-2.77862385037561,9.32826295344363));
#1017=CARTESIAN_POINT('Ctrl Pts',(8.56008111032311,-2.16129529113279,9.56008111032575));
#1018=CARTESIAN_POINT('Ctrl Pts',(8.83963478331365,-0.863177224710956,9.8396347833163));
#1019=CARTESIAN_POINT('Ctrl Pts',(8.89060182684909,-0.210506253632594,9.89060182684761));
#1020=CARTESIAN_POINT('Ctrl Pts',(8.80299643341559,1.16989252591105,9.80299643341412));
#1021=CARTESIAN_POINT('Ctrl Pts',(8.64837692733834,1.85911315672867,9.64837692733835));
#1022=CARTESIAN_POINT('Ctrl Pts',(8.09484245629532,3.34565399875332,9.09484245629532));
#1023=CARTESIAN_POINT('Ctrl Pts',(7.64476902887258,4.08239164531664,8.64476902887259));
#1024=CARTESIAN_POINT('Ctrl Pts',(6.44892660282115,5.53526060567086,7.44892660282115));
#1025=CARTESIAN_POINT('Ctrl Pts',(5.59294791688254,6.24026081046856,6.59294791688254));
#1026=CARTESIAN_POINT('Ctrl Pts',(3.22142908983841,7.54857193566592,4.22142908983841));
#1027=CARTESIAN_POINT('Ctrl Pts',(1.62818957923914,7.96349736695501,2.62818957923914));
#1028=CARTESIAN_POINT('Ctrl Pts',(1.38777878078145E-15,7.98611111111111,
1.));
#1029=CARTESIAN_POINT('',(-9.,-9.79717439317883E-16,0.));
#1030=CARTESIAN_POINT('Origin',(0.,0.,0.));
#1031=CARTESIAN_POINT('',(-8.5,-9.10831056865844E-16,36.));
#1032=CARTESIAN_POINT('',(-8.5,-9.10831056865844E-16,36.));
#1033=CARTESIAN_POINT('',(-0.999999999989694,7.44787133717035,36.));
#1034=CARTESIAN_POINT('Ctrl Pts',(-0.999905061568298,7.44756576826986,36.));
#1035=CARTESIAN_POINT('Ctrl Pts',(-1.30380965138173,7.41580318428901,36.));
#1036=CARTESIAN_POINT('Ctrl Pts',(-1.60568651202382,7.36962750101906,36.));
#1037=CARTESIAN_POINT('Ctrl Pts',(-1.90364349192618,7.30909252305308,36.));
#1038=CARTESIAN_POINT('Ctrl Pts',(-3.15059468301631,7.05575339032988,36.));
#1039=CARTESIAN_POINT('Ctrl Pts',(-4.32889206539472,6.55092184323216,36.));
#1040=CARTESIAN_POINT('Ctrl Pts',(-5.32204919277821,5.84708972087321,36.));
#1041=CARTESIAN_POINT('Ctrl Pts',(-6.31520632016169,5.14325759851427,36.));
#1042=CARTESIAN_POINT('Ctrl Pts',(-7.12322319255026,4.2404249008941,36.));
#1043=CARTESIAN_POINT('Ctrl Pts',(-7.66942161250984,3.23277235080213,36.));
#1044=CARTESIAN_POINT('Ctrl Pts',(-8.21562003246941,2.22511980071016,36.));
#1045=CARTESIAN_POINT('Ctrl Pts',(-8.5,1.11264739814639,36.));
#1046=CARTESIAN_POINT('Ctrl Pts',(-8.5,1.11022302462516E-15,36.));
#1047=CARTESIAN_POINT('',(-6.16297582203915E-32,7.51388888143831,35.0000005364418));
#1048=CARTESIAN_POINT('Ctrl Pts',(0.00093695846072861,7.51388006025054,
35.0000005364418));
#1049=CARTESIAN_POINT('Ctrl Pts',(0.000936790348746012,7.5130542733535,
35.0594476806202));
#1050=CARTESIAN_POINT('Ctrl Pts',(-0.00436826455576319,7.51222924409289,
35.1188958602454));
#1051=CARTESIAN_POINT('Ctrl Pts',(-0.0149785251735124,7.51138883847585,
35.1776308860255));
#1052=CARTESIAN_POINT('Ctrl Pts',(-0.0158449763480051,7.51132020958348,
35.1824272839562));
#1053=CARTESIAN_POINT('Ctrl Pts',(-0.0167468059878483,7.51125144937462,
35.1872189261337));
#1054=CARTESIAN_POINT('Ctrl Pts',(-0.0176840142776531,7.51118253370732,
35.1920054236314));
#1055=CARTESIAN_POINT('Ctrl Pts',(-0.0301158890188618,7.51026838158874,
35.2554973261125));
#1056=CARTESIAN_POINT('Ctrl Pts',(-0.0486567299137916,7.50934028568254,
35.3174915507414));
#1057=CARTESIAN_POINT('Ctrl Pts',(-0.072968657471405,7.50831039424446,35.377145509091));
#1058=CARTESIAN_POINT('Ctrl Pts',(-0.0956503377427961,7.50734956264205,
35.4327993443124));
#1059=CARTESIAN_POINT('Ctrl Pts',(-0.123355200972696,7.50629901314177,35.486416245628));
#1060=CARTESIAN_POINT('Ctrl Pts',(-0.155807541918613,7.50504666360133,35.5373120131741));
#1061=CARTESIAN_POINT('Ctrl Pts',(-0.211940751295547,7.50288045934864,35.625347042167));
#1062=CARTESIAN_POINT('Ctrl Pts',(-0.281411606149483,7.50014092957225,35.7038828695706));
#1063=CARTESIAN_POINT('Ctrl Pts',(-0.36155894924617,7.49617298156252,35.7701961704953));
#1064=CARTESIAN_POINT('Ctrl Pts',(-0.383953651242869,7.49506426092647,35.7887253762711));
#1065=CARTESIAN_POINT('Ctrl Pts',(-0.407181717051875,7.49385942198947,35.8063003075832));
#1066=CARTESIAN_POINT('Ctrl Pts',(-0.431184582398288,7.49254426601552,35.8228615532858));
#1067=CARTESIAN_POINT('Ctrl Pts',(-0.486612978593721,7.48950725417001,35.8611054577132));
#1068=CARTESIAN_POINT('Ctrl Pts',(-0.545636413453965,7.48590778751663,35.8935750607184));
#1069=CARTESIAN_POINT('Ctrl Pts',(-0.60732888420539,7.48162803555884,35.9198592241893));
#1070=CARTESIAN_POINT('Ctrl Pts',(-0.645995171494448,7.47894566416553,35.9363330499825));
#1071=CARTESIAN_POINT('Ctrl Pts',(-0.685709834744997,7.47599689866927,35.950377072099));
#1072=CARTESIAN_POINT('Ctrl Pts',(-0.726244444328328,7.47276341417896,35.9618900653333));
#1073=CARTESIAN_POINT('Ctrl Pts',(-0.78449914036865,7.46811638148096,35.9784360720243));
#1074=CARTESIAN_POINT('Ctrl Pts',(-0.844018417637571,7.4629128669064,35.9896326900837));
#1075=CARTESIAN_POINT('Ctrl Pts',(-0.904068915383667,7.45716221351671,35.9954047892992));
#1076=CARTESIAN_POINT('Ctrl Pts',(-0.935901202319128,7.45411383830522,35.9984645327708));
#1077=CARTESIAN_POINT('Ctrl Pts',(-0.96788281381444,7.45091257304947,35.9999999999993));
#1078=CARTESIAN_POINT('Ctrl Pts',(-0.999905061756123,7.44756576825023,36.));
#1079=CARTESIAN_POINT('',(-6.16297582203915E-32,-7.51388888143831,35.0000005364418));
#1080=CARTESIAN_POINT('Ctrl Pts',(-1.66533453693773E-15,7.51388888143831,
35.0000005364418));
#1081=CARTESIAN_POINT('Ctrl Pts',(1.47424387714353,7.53436449084308,33.5257566592983));
#1082=CARTESIAN_POINT('Ctrl Pts',(2.93010293172671,7.21662707835566,32.0698976047151));
#1083=CARTESIAN_POINT('Ctrl Pts',(5.07481602177839,6.17610148971433,29.9251845146634));
#1084=CARTESIAN_POINT('Ctrl Pts',(5.90461994242001,5.60636958253878,29.0953805940218));
#1085=CARTESIAN_POINT('Ctrl Pts',(7.10556634322148,4.35128967703898,27.8944341932203));
#1086=CARTESIAN_POINT('Ctrl Pts',(7.54661373262207,3.75549296694,27.4533868038197));
#1087=CARTESIAN_POINT('Ctrl Pts',(8.16226770358781,2.53684887833832,26.837732832854));
#1088=CARTESIAN_POINT('Ctrl Pts',(8.37282799723367,1.95501628736217,26.6271725392077));
#1089=CARTESIAN_POINT('Ctrl Pts',(8.62184771594584,0.728912941196909,26.3781528204955));
#1090=CARTESIAN_POINT('Ctrl Pts',(8.66195085207929,0.111309218288988,26.3380496843606));
#1091=CARTESIAN_POINT('Ctrl Pts',(8.56172250450754,-1.19356001560412,26.4382780319324));
#1092=CARTESIAN_POINT('Ctrl Pts',(8.40574607696824,-1.84399026374744,26.5942544594736));
#1093=CARTESIAN_POINT('Ctrl Pts',(7.8588985243199,-3.24898527893805,27.1411020121219));
#1094=CARTESIAN_POINT('Ctrl Pts',(7.4175207173052,-3.94437707700022,27.5824798191366));
#1095=CARTESIAN_POINT('Ctrl Pts',(6.24735687375165,-5.31470628453606,28.7526436626902));
#1096=CARTESIAN_POINT('Ctrl Pts',(5.40922883878282,-5.97578232105655,29.590771697659));
#1097=CARTESIAN_POINT('Ctrl Pts',(3.10084869614657,-7.17782070479539,31.8991518402952));
#1098=CARTESIAN_POINT('Ctrl Pts',(1.56163821607665,-7.53557830110604,33.4383623203652));
#1099=CARTESIAN_POINT('Ctrl Pts',(5.55111512312578E-16,-7.51388888143831,
35.0000005364418));
#1100=CARTESIAN_POINT('',(-0.999999999849655,-7.44787133719965,36.));
#1101=CARTESIAN_POINT('Ctrl Pts',(-1.00039587866083,-7.44747537613576,36.));
#1102=CARTESIAN_POINT('Ctrl Pts',(-0.940143668030434,-7.45373345645024,
36.0000000000014));
#1103=CARTESIAN_POINT('Ctrl Pts',(-0.88002162662315,-7.45947327813857,35.994554400825));
#1104=CARTESIAN_POINT('Ctrl Pts',(-0.820756945029865,-7.46465820026363,
35.983730335933));
#1105=CARTESIAN_POINT('Ctrl Pts',(-0.795835713700459,-7.46683849787478,
35.9791787376143));
#1106=CARTESIAN_POINT('Ctrl Pts',(-0.771066152157492,-7.46892131481712,
35.9736760846162));
#1107=CARTESIAN_POINT('Ctrl Pts',(-0.746502560175889,-7.470906650549,35.9672273687672));
#1108=CARTESIAN_POINT('Ctrl Pts',(-0.682328820996656,-7.47609344967578,
35.9503797428483));
#1109=CARTESIAN_POINT('Ctrl Pts',(-0.620056365289994,-7.48057092003476,
35.9272050413361));
#1110=CARTESIAN_POINT('Ctrl Pts',(-0.560586527449004,-7.48441362418762,
35.8980777121096));
#1111=CARTESIAN_POINT('Ctrl Pts',(-0.52374982888856,-7.48679386498993,35.8800357149303));
#1112=CARTESIAN_POINT('Ctrl Pts',(-0.487988443611502,-7.48893176706804,
35.8597098202261));
#1113=CARTESIAN_POINT('Ctrl Pts',(-0.453516239498669,-7.49085488239397,
35.8371890184081));
#1114=CARTESIAN_POINT('Ctrl Pts',(-0.357609379544574,-7.49620527866213,
35.7745327583403));
#1115=CARTESIAN_POINT('Ctrl Pts',(-0.27321143934418,-7.49980682262378,35.6958794186095));
#1116=CARTESIAN_POINT('Ctrl Pts',(-0.203990006321736,-7.50252352917039,
35.6047046402753));
#1117=CARTESIAN_POINT('Ctrl Pts',(-0.196995884784945,-7.50279802472671,
35.5954923565516));
#1118=CARTESIAN_POINT('Ctrl Pts',(-0.190156660427776,-7.50306349264053,
35.5861522408802));
#1119=CARTESIAN_POINT('Ctrl Pts',(-0.183476090644065,-7.50332080411325,
35.5766878784553));
#1120=CARTESIAN_POINT('Ctrl Pts',(-0.145332474517297,-7.50478995874501,
35.5226498219855));
#1121=CARTESIAN_POINT('Ctrl Pts',(-0.112735456518439,-7.50598246733664,
35.465090247287));
#1122=CARTESIAN_POINT('Ctrl Pts',(-0.0860811542842015,-7.50705348259633,
35.4048955875716));
#1123=CARTESIAN_POINT('Ctrl Pts',(-0.0594268520499644,-7.50812449785602,
35.3447009278562));
#1124=CARTESIAN_POINT('Ctrl Pts',(-0.0387150870900332,-7.50907497141951,
35.281871183124));
#1125=CARTESIAN_POINT('Ctrl Pts',(-0.0243396940635592,-7.51000736084675,
35.217292786587));
#1126=CARTESIAN_POINT('Ctrl Pts',(-0.0113328302330931,-7.51085098733368,
35.1588622164732));
#1127=CARTESIAN_POINT('Ctrl Pts',(-0.00362925981643608,-7.51167245127244,
35.0995197944381));
#1128=CARTESIAN_POINT('Ctrl Pts',(-0.00124691704299518,-7.5124995766815,
35.0399844517926));
#1129=CARTESIAN_POINT('Ctrl Pts',(-0.000713869249724819,-7.51268464550492,
35.0266634539191));
#1130=CARTESIAN_POINT('Ctrl Pts',(-0.000447222194316619,-7.51286979125042,
35.013332797707));
#1131=CARTESIAN_POINT('Ctrl Pts',(-0.000447176833241469,-7.51305496774971,
35.0000005364418));
#1132=CARTESIAN_POINT('Ctrl Pts',(-8.5,-9.10831056865844E-16,36.));
#1133=CARTESIAN_POINT('Ctrl Pts',(-8.5,-1.11264739814639,36.));
#1134=CARTESIAN_POINT('Ctrl Pts',(-8.21534331042182,-2.22532579101456,36.));
#1135=CARTESIAN_POINT('Ctrl Pts',(-7.66942979632085,-3.2330128404649,36.));
#1136=CARTESIAN_POINT('Ctrl Pts',(-7.12351628221988,-4.24069988991524,36.));
#1137=CARTESIAN_POINT('Ctrl Pts',(-6.31634594359611,-5.14339559594776,36.));
#1138=CARTESIAN_POINT('Ctrl Pts',(-5.3229541489697,-5.84743038008825,36.));
#1139=CARTESIAN_POINT('Ctrl Pts',(-4.3295623543433,-6.55146516422873,36.));
#1140=CARTESIAN_POINT('Ctrl Pts',(-3.14994910371424,-7.0568390264772,36.));
#1141=CARTESIAN_POINT('Ctrl Pts',(-1.90351785299926,-7.30957873055605,36.));
#1142=CARTESIAN_POINT('Ctrl Pts',(-1.60568511084079,-7.36997047624996,36.));
#1143=CARTESIAN_POINT('Ctrl Pts',(-1.30403730585362,-7.41593773775016,36.));
#1144=CARTESIAN_POINT('Ctrl Pts',(-1.00039587484553,-7.44747537653203,36.));
#1145=CARTESIAN_POINT('Origin',(0.,0.,0.));
#1146=CARTESIAN_POINT('Origin',(-1.,4.14014116757202E-17,35.));
#1147=CARTESIAN_POINT('',(-1.,4.14014116757202E-17,36.));
#1148=CARTESIAN_POINT('',(-6.16297582203915E-32,0.,35.0000005364418));
#1149=CARTESIAN_POINT('Origin',(-0.772727272727272,8.28028233514404E-17,
36.));
#1150=CARTESIAN_POINT('Origin',(9.53502000524853,0.,25.4649805311933));
#1151=CARTESIAN_POINT('',(5.5,1.77856329801667E-16,29.5000005364418));
#1152=CARTESIAN_POINT('Origin',(4.25,2.47754799082476E-17,30.7500005364418));
#1153=CARTESIAN_POINT('Origin',(3.08148791101958E-32,0.,1.));
#1154=CARTESIAN_POINT('',(5.5,-1.28305369985172E-16,6.5));
#1155=CARTESIAN_POINT('Origin',(4.25,2.47754799082476E-17,5.25));
#1156=CARTESIAN_POINT('Origin',(4.25,2.47754799082476E-17,36.));
#1157=CARTESIAN_POINT('',(5.5,-1.28305369985172E-16,36.));
#1158=CARTESIAN_POINT('Origin',(0.,0.,0.));
#1159=CARTESIAN_POINT('',(0.,0.,0.));
#1160=CARTESIAN_POINT('Origin',(-4.49999999995468,-2.89285527710857,67.));
#1161=CARTESIAN_POINT('',(-2.49999999995468,-2.89285527710857,67.));
#1162=CARTESIAN_POINT('Origin',(-4.49999999995468,-2.89285527710857,67.));
#1163=CARTESIAN_POINT('',(-2.49999999995468,-2.89285527710857,37.));
#1164=CARTESIAN_POINT('',(-2.49999999995468,-2.89285527710857,67.));
#1165=CARTESIAN_POINT('Origin',(-4.49999999995468,-2.89285527710857,37.));
#1166=CARTESIAN_POINT('Origin',(-4.49999999993444,2.89285527710842,67.));
#1167=CARTESIAN_POINT('',(-2.49999999993444,2.89285527710842,67.));
#1168=CARTESIAN_POINT('Origin',(-4.49999999993444,2.89285527710842,67.));
#1169=CARTESIAN_POINT('',(-2.49999999993444,2.89285527710842,37.));
#1170=CARTESIAN_POINT('',(-2.49999999993444,2.89285527710842,67.));
#1171=CARTESIAN_POINT('Origin',(-4.49999999993444,2.89285527710842,37.));
#1172=CARTESIAN_POINT('Origin',(-1.,-1.03373777356162E-5,38.));
#1173=CARTESIAN_POINT('',(-6.12323399573678E-17,-7.48333332414428,38.000000551343));
#1174=CARTESIAN_POINT('',(-0.999999999852407,-7.44787133719908,37.));
#1175=CARTESIAN_POINT('Ctrl Pts',(-0.000474367968248401,-7.48284782547976,
38.000000551343));
#1176=CARTESIAN_POINT('Ctrl Pts',(-0.000474390308331822,-7.48384734627557,
37.9400339925416));
#1177=CARTESIAN_POINT('Ctrl Pts',(-0.00586630480242805,-7.48484899681372,
37.8801970461382));
#1178=CARTESIAN_POINT('Ctrl Pts',(-0.0165796513172976,-7.48581399902738,
37.8212164111929));
#1179=CARTESIAN_POINT('Ctrl Pts',(-0.0230406098087649,-7.4863959683717,
37.7856466260045));
#1180=CARTESIAN_POINT('Ctrl Pts',(-0.0314369728051099,-7.48696357709502,
37.7503882815062));
#1181=CARTESIAN_POINT('Ctrl Pts',(-0.0417531143765657,-7.48749919016351,
37.7156007709732));
#1182=CARTESIAN_POINT('Ctrl Pts',(-0.0610583153679264,-7.48850151432407,
37.65050086146));
#1183=CARTESIAN_POINT('Ctrl Pts',(-0.0869021537682929,-7.48938533301308,
37.5876701709289));
#1184=CARTESIAN_POINT('Ctrl Pts',(-0.118813117770481,-7.48998856777225,
37.5280459241041));
#1185=CARTESIAN_POINT('Ctrl Pts',(-0.144218141918649,-7.49046881630446,
37.4805777426258));
#1186=CARTESIAN_POINT('Ctrl Pts',(-0.173468545708393,-7.49076969720309,
37.4351418385853));
#1187=CARTESIAN_POINT('Ctrl Pts',(-0.206322963526104,-7.49078639430158,
37.3922111266685));
#1188=CARTESIAN_POINT('Ctrl Pts',(-0.262614120156162,-7.49081500229555,
37.3186557393181));
#1189=CARTESIAN_POINT('Ctrl Pts',(-0.328725750096572,-7.49000472600923,
37.2534461873501));
#1190=CARTESIAN_POINT('Ctrl Pts',(-0.402657111341685,-7.4878504789517,37.1983245928366));
#1191=CARTESIAN_POINT('Ctrl Pts',(-0.434172876209116,-7.48693215765222,
37.1748271327256));
#1192=CARTESIAN_POINT('Ctrl Pts',(-0.46710915507327,-7.48576976102437,37.1531628375435));
#1193=CARTESIAN_POINT('Ctrl Pts',(-0.501308848633363,-7.48432679813267,
37.1334666582665));
#1194=CARTESIAN_POINT('Ctrl Pts',(-0.557697106775456,-7.48194764921185,
37.1009917110997));
#1195=CARTESIAN_POINT('Ctrl Pts',(-0.617011411888461,-7.47882394214798,
37.0741592592323));
#1196=CARTESIAN_POINT('Ctrl Pts',(-0.678393996579646,-7.47486149917727,
37.0532822848287));
#1197=CARTESIAN_POINT('Ctrl Pts',(-0.708393420705934,-7.4729249400074,37.0430791105447));
#1198=CARTESIAN_POINT('Ctrl Pts',(-0.738886789972473,-7.47078877424331,
37.0342984356158));
#1199=CARTESIAN_POINT('Ctrl Pts',(-0.769773696191104,-7.46844663928503,
37.0269767961959));
#1200=CARTESIAN_POINT('Ctrl Pts',(-0.828513631454951,-7.46399242639446,
37.0130526879506));
#1201=CARTESIAN_POINT('Ctrl Pts',(-0.888292132307934,-7.45881915678156,
37.0044968534933));
#1202=CARTESIAN_POINT('Ctrl Pts',(-0.948381553433265,-7.45294771084353,
37.0013602950476));
#1203=CARTESIAN_POINT('Ctrl Pts',(-0.965747159250897,-7.45125088611416,
37.0004538420219));
#1204=CARTESIAN_POINT('Ctrl Pts',(-0.983138756320208,-7.44949608103186,
36.9999999999996));
#1205=CARTESIAN_POINT('Ctrl Pts',(-1.00053885317618,-7.44768461432139,37.));
#1206=CARTESIAN_POINT('',(-0.999999999988894,7.44787133717051,37.));
#1207=CARTESIAN_POINT('',(-1.,-1.03373777356162E-5,37.));
#1208=CARTESIAN_POINT('',(-6.12323399573678E-17,7.48333332414428,38.000000551343));
#1209=CARTESIAN_POINT('Ctrl Pts',(-0.999095550724391,7.44795242588827,37.));
#1210=CARTESIAN_POINT('Ctrl Pts',(-0.9390409325026,7.45420091768275,37.0000000000013));
#1211=CARTESIAN_POINT('Ctrl Pts',(-0.879072610632525,7.45977147092372,37.0054099345512));
#1212=CARTESIAN_POINT('Ctrl Pts',(-0.819913959893937,7.46462742043882,37.0161903037895));
#1213=CARTESIAN_POINT('Ctrl Pts',(-0.812160319370465,7.4652638664441,37.017603235064));
#1214=CARTESIAN_POINT('Ctrl Pts',(-0.804420593598337,7.46588810995812,37.019108420134));
#1215=CARTESIAN_POINT('Ctrl Pts',(-0.796696416080827,7.46650013397238,37.0207057700677));
#1216=CARTESIAN_POINT('Ctrl Pts',(-0.733980996455528,7.47146938057346,37.0336752378401));
#1217=CARTESIAN_POINT('Ctrl Pts',(-0.672693846649628,7.47559658826931,37.0526370047447));
#1218=CARTESIAN_POINT('Ctrl Pts',(-0.613667569788186,7.47893582524046,37.077321275231));
#1219=CARTESIAN_POINT('Ctrl Pts',(-0.586974776698845,7.48044589103297,37.0884839668268));
#1220=CARTESIAN_POINT('Ctrl Pts',(-0.560744319275508,7.48179556309967,37.1008169210397));
#1221=CARTESIAN_POINT('Ctrl Pts',(-0.535053010836531,7.48299326399373,37.114295187288));
#1222=CARTESIAN_POINT('Ctrl Pts',(-0.464279311790051,7.48629265697036,37.1514247387625));
#1223=CARTESIAN_POINT('Ctrl Pts',(-0.398338012087872,7.48840125786288,37.1968421693645));
#1224=CARTESIAN_POINT('Ctrl Pts',(-0.338587167068956,7.4896153947225,37.2494815713005));
#1225=CARTESIAN_POINT('Ctrl Pts',(-0.300665568312409,7.49038596141174,37.2828898064203));
#1226=CARTESIAN_POINT('Ctrl Pts',(-0.265237058482016,7.49079758895564,37.3192070228734));
#1227=CARTESIAN_POINT('Ctrl Pts',(-0.232644524653363,7.49093248864175,37.3581607326488));
#1228=CARTESIAN_POINT('Ctrl Pts',(-0.188118057100209,7.49111678258244,37.4113775553576));
#1229=CARTESIAN_POINT('Ctrl Pts',(-0.149353190972002,7.4907861124344,37.468957121855));
#1230=CARTESIAN_POINT('Ctrl Pts',(-0.116893413241281,7.49016340525957,37.52991531685));
#1231=CARTESIAN_POINT('Ctrl Pts',(-0.0876761042437993,7.48960290148493,
37.5847842821852));
#1232=CARTESIAN_POINT('Ctrl Pts',(-0.0635668417142865,7.48880609445068,
37.6423905940823));
#1233=CARTESIAN_POINT('Ctrl Pts',(-0.0449559635650232,7.48789969928816,
37.7020165739424));
#1234=CARTESIAN_POINT('Ctrl Pts',(-0.0270034586399404,7.48702536850761,
37.7595332418028));
#1235=CARTESIAN_POINT('Ctrl Pts',(-0.0143280824766703,7.48605785061902,
37.8184164844513));
#1236=CARTESIAN_POINT('Ctrl Pts',(-0.00700869838839147,7.48507150775198,
37.8779374397685));
#1237=CARTESIAN_POINT('Ctrl Pts',(-0.00203213048497981,7.4844008772461,
37.918406702242));
#1238=CARTESIAN_POINT('Ctrl Pts',(0.000468480698555999,7.48372050978458,
37.9591707703895));
#1239=CARTESIAN_POINT('Ctrl Pts',(0.000468607408667721,7.48303997419772,
38.000000551343));
#1240=CARTESIAN_POINT('',(-6.12323399573678E-17,0.,38.000000551343));
#1241=CARTESIAN_POINT('Ctrl Pts',(-8.,-8.41944674413805E-16,67.));
#1242=CARTESIAN_POINT('Ctrl Pts',(-8.16666666666667,-8.64906801897818E-16,
57.));
#1243=CARTESIAN_POINT('Ctrl Pts',(-8.33333333333333,-8.87868929381831E-16,
47.));
#1244=CARTESIAN_POINT('Ctrl Pts',(-8.5,-9.10831056865844E-16,37.));
#1245=CARTESIAN_POINT('Ctrl Pts',(-8.,-1.02849759492523,67.));
#1246=CARTESIAN_POINT('Ctrl Pts',(-8.16688567321175,-1.05657087663662,57.));
#1247=CARTESIAN_POINT('Ctrl Pts',(-8.33311432678825,-1.08457411643499,47.));
#1248=CARTESIAN_POINT('Ctrl Pts',(-8.5,-1.11264739814639,37.));
#1249=CARTESIAN_POINT('Ctrl Pts',(-7.47299052923835,-3.09028231032389,67.));
#1250=CARTESIAN_POINT('Ctrl Pts',(-7.62452377073751,-3.1741676670067,57.));
#1251=CARTESIAN_POINT('Ctrl Pts',(-7.77625659168103,-3.25815022159984,47.));
#1252=CARTESIAN_POINT('Ctrl Pts',(-7.92778983318019,-3.34203557828265,37.));
#1253=CARTESIAN_POINT('Ctrl Pts',(-5.21638450032915,-5.62218870264707,67.));
#1254=CARTESIAN_POINT('Ctrl Pts',(-5.31471532727985,-5.7632489625525,57.));
#1255=CARTESIAN_POINT('Ctrl Pts',(-5.41278158467394,-5.90422201814643,47.));
#1256=CARTESIAN_POINT('Ctrl Pts',(-5.51111241162464,-6.04528227805186,37.));
#1257=CARTESIAN_POINT('Ctrl Pts',(-1.8673115243486,-7.05920171983266,67.));
#1258=CARTESIAN_POINT('Ctrl Pts',(-1.90071449297659,-7.22698607204857,57.));
#1259=CARTESIAN_POINT('Ctrl Pts',(-1.93427271828995,-7.39478950816654,47.));
#1260=CARTESIAN_POINT('Ctrl Pts',(-1.96767568691794,-7.56257386038245,37.));
#1261=CARTESIAN_POINT('Ctrl Pts',(1.86656019208774,-7.05957661112497,67.));
#1262=CARTESIAN_POINT('Ctrl Pts',(1.89992906928042,-7.22738120832388,57.));
#1263=CARTESIAN_POINT('Ctrl Pts',(1.93345098596894,-7.39516641226182,47.));
#1264=CARTESIAN_POINT('Ctrl Pts',(1.96681986316162,-7.56297100946073,37.));
#1265=CARTESIAN_POINT('Ctrl Pts',(5.2148262868808,-5.62083729535394,67.));
#1266=CARTESIAN_POINT('Ctrl Pts',(5.31327070884972,-5.76186035527628,57.));
#1267=CARTESIAN_POINT('Ctrl Pts',(5.41134894928491,-5.90292149414702,47.));
#1268=CARTESIAN_POINT('Ctrl Pts',(5.50979337125384,-6.04394455406935,37.));
#1269=CARTESIAN_POINT('Ctrl Pts',(7.22136682143618,-3.3704594053959,67.));
#1270=CARTESIAN_POINT('Ctrl Pts',(7.36678006506125,-3.46076305884981,57.));
#1271=CARTESIAN_POINT('Ctrl Pts',(7.51243217161987,-3.55109314848695,47.));
#1272=CARTESIAN_POINT('Ctrl Pts',(7.65784541524494,-3.64139680194086,37.));
#1273=CARTESIAN_POINT('Ctrl Pts',(8.26136808384881,-0.371614309692876,67.));
#1274=CARTESIAN_POINT('Ctrl Pts',(8.43545671991724,-0.382458996546741,57.));
#1275=CARTESIAN_POINT('Ctrl Pts',(8.6089072835106,-0.393585530692797,47.));
#1276=CARTESIAN_POINT('Ctrl Pts',(8.78299591957903,-0.404430217546662,37.));
#1277=CARTESIAN_POINT('Ctrl Pts',(7.78865491715507,2.45232675155992,67.));
#1278=CARTESIAN_POINT('Ctrl Pts',(7.94863408346192,2.52010251945972,57.));
#1279=CARTESIAN_POINT('Ctrl Pts',(8.10886157769849,2.58792766432773,47.));
#1280=CARTESIAN_POINT('Ctrl Pts',(8.26884074400534,2.65570343222752,37.));
#1281=CARTESIAN_POINT('Ctrl Pts',(5.996061430743,4.78854892823544,67.));
#1282=CARTESIAN_POINT('Ctrl Pts',(6.11245663768183,4.91109175565803,57.));
#1283=CARTESIAN_POINT('Ctrl Pts',(6.22915995028273,5.03370142078565,47.));
#1284=CARTESIAN_POINT('Ctrl Pts',(6.34555515722156,5.15624424820824,37.));
#1285=CARTESIAN_POINT('Ctrl Pts',(4.10994438866893,6.12911928861985,67.));
#1286=CARTESIAN_POINT('Ctrl Pts',(4.18671998829654,6.27958787055894,57.));
#1287=CARTESIAN_POINT('Ctrl Pts',(4.26356297790342,6.43006279233402,47.));
#1288=CARTESIAN_POINT('Ctrl Pts',(4.34033857753103,6.5805313742731,37.));
#1289=CARTESIAN_POINT('Ctrl Pts',(1.45155568361753,7.05938891055463,67.));
#1290=CARTESIAN_POINT('Ctrl Pts',(1.47752210165621,7.22717757421362,57.));
#1291=CARTESIAN_POINT('Ctrl Pts',(1.50376879400341,7.39500029316596,47.));
#1292=CARTESIAN_POINT('Ctrl Pts',(1.52973521204208,7.56278895682495,37.));
#1293=CARTESIAN_POINT('Ctrl Pts',(-1.86633345583162,7.05965547450076,67.));
#1294=CARTESIAN_POINT('Ctrl Pts',(-1.89976756761432,7.22743960104322,57.));
#1295=CARTESIAN_POINT('Ctrl Pts',(-1.93318879036793,7.39528635564723,47.));
#1296=CARTESIAN_POINT('Ctrl Pts',(-1.96662290215063,7.5630704821897,37.));
#1297=CARTESIAN_POINT('Ctrl Pts',(-5.21438673350752,5.62145269999372,67.));
#1298=CARTESIAN_POINT('Ctrl Pts',(-5.31268124665164,5.76252318852538,57.));
#1299=CARTESIAN_POINT('Ctrl Pts',(-5.41069067153839,5.90359607703843,47.));
#1300=CARTESIAN_POINT('Ctrl Pts',(-5.50898518468251,6.04466656557009,37.));
#1301=CARTESIAN_POINT('Ctrl Pts',(-7.47435176701109,3.08827007620331,67.));
#1302=CARTESIAN_POINT('Ctrl Pts',(-7.62593798705844,3.17211365058129,57.));
#1303=CARTESIAN_POINT('Ctrl Pts',(-7.77765748103068,3.25603986755128,47.));
#1304=CARTESIAN_POINT('Ctrl Pts',(-7.92924370107804,3.33988344192927,37.));
#1305=CARTESIAN_POINT('Ctrl Pts',(-8.,1.02849759492523,67.));
#1306=CARTESIAN_POINT('Ctrl Pts',(-8.16685842952842,1.05658867718331,57.));
#1307=CARTESIAN_POINT('Ctrl Pts',(-8.33314157047158,1.08455631588831,47.));
#1308=CARTESIAN_POINT('Ctrl Pts',(-8.5,1.11264739814639,37.));
#1309=CARTESIAN_POINT('Ctrl Pts',(-8.,8.41944674413805E-16,67.));
#1310=CARTESIAN_POINT('Ctrl Pts',(-8.16666666666667,8.64906801897818E-16,
57.));
#1311=CARTESIAN_POINT('Ctrl Pts',(-8.33333333333333,8.87868929381831E-16,
47.));
#1312=CARTESIAN_POINT('Ctrl Pts',(-8.5,9.10831056865844E-16,37.));
#1313=CARTESIAN_POINT('Ctrl Pts',(1.38777878078145E-15,-7.48333332414428,
38.000000551343));
#1314=CARTESIAN_POINT('Ctrl Pts',(1.18930494971252,-7.46351157498241,39.1893055010555));
#1315=CARTESIAN_POINT('Ctrl Pts',(2.39378521494446,-7.22282752026871,40.3937857662875));
#1316=CARTESIAN_POINT('Ctrl Pts',(4.43058790582077,-6.35851448116816,42.4305884571638));
#1317=CARTESIAN_POINT('Ctrl Pts',(5.32100223840949,-5.80678430303976,43.3210027897525));
#1318=CARTESIAN_POINT('Ctrl Pts',(6.61322911032383,-4.56941057932574,44.6132296616668));
#1319=CARTESIAN_POINT('Ctrl Pts',(7.08937371032165,-3.98175606757591,45.089374261396));
#1320=CARTESIAN_POINT('Ctrl Pts',(7.81091326068033,-2.69028410912225,45.8109138117547));
#1321=CARTESIAN_POINT('Ctrl Pts',(8.07507027372564,-2.01101350608202,46.0750708250687));
#1322=CARTESIAN_POINT('Ctrl Pts',(8.33357493196572,-0.693802792106369,46.3335754833087));
#1323=CARTESIAN_POINT('Ctrl Pts',(8.37040825250854,-0.10301012096323,46.3704088038516));
#1324=CARTESIAN_POINT('Ctrl Pts',(8.27622891184995,1.15323377853365,46.276229463193));
#1325=CARTESIAN_POINT('Ctrl Pts',(8.12819921763134,1.7841677098803,46.1281997689744));
#1326=CARTESIAN_POINT('Ctrl Pts',(7.60267892295312,3.16445713996828,45.6026794742961));
#1327=CARTESIAN_POINT('Ctrl Pts',(7.17237521815872,3.85460167837756,45.1723757695017));
#1328=CARTESIAN_POINT('Ctrl Pts',(6.04776299881845,5.19640936095371,44.0477635501615));
#1329=CARTESIAN_POINT('Ctrl Pts',(5.25438313809829,5.84355105528006,43.2543836894413));
#1330=CARTESIAN_POINT('Ctrl Pts',(3.03751333668231,7.06488808034009,41.0375138880253));
#1331=CARTESIAN_POINT('Ctrl Pts',(1.5359267735311,7.45773454458543,39.5359273248741));
#1332=CARTESIAN_POINT('Ctrl Pts',(5.55111512312578E-16,7.48333332414428,
38.000000551343));
#1333=CARTESIAN_POINT('',(-8.5,-9.10830939445902E-16,37.));
#1334=CARTESIAN_POINT('Ctrl Pts',(-0.999095550734189,7.44795242588726,37.));
#1335=CARTESIAN_POINT('Ctrl Pts',(-1.30242599128321,7.41639185944073,37.));
#1336=CARTESIAN_POINT('Ctrl Pts',(-1.60379745844356,7.37039391643495,37.));
#1337=CARTESIAN_POINT('Ctrl Pts',(-1.90144946949481,7.30995037674721,37.));
#1338=CARTESIAN_POINT('Ctrl Pts',(-3.14741032966125,7.0569358433165,37.));
#1339=CARTESIAN_POINT('Ctrl Pts',(-4.32819775717187,6.5508012044433,37.));
#1340=CARTESIAN_POINT('Ctrl Pts',(-5.32196789032644,5.84693669773323,37.));
#1341=CARTESIAN_POINT('Ctrl Pts',(-6.31573802348101,5.14307219102315,37.));
#1342=CARTESIAN_POINT('Ctrl Pts',(-7.12249086227953,4.24147781647621,37.));
#1343=CARTESIAN_POINT('Ctrl Pts',(-7.66855635640927,3.23387161825702,37.));
#1344=CARTESIAN_POINT('Ctrl Pts',(-8.21462185053902,2.22626542003783,37.));
#1345=CARTESIAN_POINT('Ctrl Pts',(-8.5,1.11264739814639,37.));
#1346=CARTESIAN_POINT('Ctrl Pts',(-8.5,1.11022302462516E-15,37.));
#1347=CARTESIAN_POINT('',(-8.,-8.41944674413805E-16,67.));
#1348=CARTESIAN_POINT('',(-8.,-8.41944674413805E-16,67.));
#1349=CARTESIAN_POINT('',(-0.999999999999997,6.94499079231823,67.));
#1350=CARTESIAN_POINT('Ctrl Pts',(-0.999257224552552,6.94505726141745,67.));
#1351=CARTESIAN_POINT('Ctrl Pts',(-1.26918934092875,6.91541646051935,67.));
#1352=CARTESIAN_POINT('Ctrl Pts',(-1.53732862607982,6.87370130613434,67.));
#1353=CARTESIAN_POINT('Ctrl Pts',(-1.80223812179755,6.81990503134302,67.));
#1354=CARTESIAN_POINT('Ctrl Pts',(-2.98235121505692,6.58025454966508,67.));
#1355=CARTESIAN_POINT('Ctrl Pts',(-4.09836897428222,6.1008536248294,67.));
#1356=CARTESIAN_POINT('Ctrl Pts',(-5.03303869281213,5.43895605844649,67.));
#1357=CARTESIAN_POINT('Ctrl Pts',(-5.96770841134205,4.77705849206358,67.));
#1358=CARTESIAN_POINT('Ctrl Pts',(-6.72103008917657,3.93266428413344,67.));
#1359=CARTESIAN_POINT('Ctrl Pts',(-7.22910298634106,2.99552405984885,67.));
#1360=CARTESIAN_POINT('Ctrl Pts',(-7.73717588350554,2.05838383556427,67.));
#1361=CARTESIAN_POINT('Ctrl Pts',(-8.,1.02849759492523,67.));
#1362=CARTESIAN_POINT('Ctrl Pts',(-8.,5.55111512312578E-16,67.));
#1363=CARTESIAN_POINT('',(2.1570415377137E-31,7.01666665002704,66.0000009983778));
#1364=CARTESIAN_POINT('Ctrl Pts',(0.000347319789925304,7.01631017606567,
66.0000009983778));
#1365=CARTESIAN_POINT('Ctrl Pts',(0.0003468766805033,7.01532637419784,66.0590257065006));
#1366=CARTESIAN_POINT('Ctrl Pts',(-0.00487901359604048,7.0143483581576,
66.117961440002));
#1367=CARTESIAN_POINT('Ctrl Pts',(-0.0152816546055012,7.01336132635608,
66.1761120004871));
#1368=CARTESIAN_POINT('Ctrl Pts',(-0.0202141784557186,7.01289331463699,
66.20368471267));
#1369=CARTESIAN_POINT('Ctrl Pts',(-0.026310583867734,7.0124225119247,66.2310808956619));
#1370=CARTESIAN_POINT('Ctrl Pts',(-0.0335656660907646,7.01194325709649,
66.2582263313743));
#1371=CARTESIAN_POINT('Ctrl Pts',(-0.0506336811091259,7.01081578143817,
66.3220875930631));
#1372=CARTESIAN_POINT('Ctrl Pts',(-0.0739534325775626,7.00965599177028,
66.3839597701555));
#1373=CARTESIAN_POINT('Ctrl Pts',(-0.103104460995655,7.00834468459966,66.4429693979573));
#1374=CARTESIAN_POINT('Ctrl Pts',(-0.128190554491479,7.00721623129736,66.4937504894152));
#1375=CARTESIAN_POINT('Ctrl Pts',(-0.1575951121293,7.00597411883401,66.5424117008365));
#1376=CARTESIAN_POINT('Ctrl Pts',(-0.191048489850274,7.00451180039877,66.5883963814404));
#1377=CARTESIAN_POINT('Ctrl Pts',(-0.25241593695746,7.00182929850085,66.6727514644531));
#1378=CARTESIAN_POINT('Ctrl Pts',(-0.326468144499357,6.99844092815559,66.746808458486));
#1379=CARTESIAN_POINT('Ctrl Pts',(-0.410368760321567,6.99366971167984,66.8080229154734));
#1380=CARTESIAN_POINT('Ctrl Pts',(-0.432982449707326,6.99238372818237,66.8245220162567));
#1381=CARTESIAN_POINT('Ctrl Pts',(-0.456311392885106,6.99099743054523,66.8400881562856));
#1382=CARTESIAN_POINT('Ctrl Pts',(-0.480299611123027,6.98949840531298,66.8546715145634));
#1383=CARTESIAN_POINT('Ctrl Pts',(-0.535924458257947,6.98602240519622,66.8884879934226));
#1384=CARTESIAN_POINT('Ctrl Pts',(-0.594602417748719,6.98196750402826,66.9167150863642));
#1385=CARTESIAN_POINT('Ctrl Pts',(-0.655488057010197,6.97723611407205,66.9390231075474));
#1386=CARTESIAN_POINT('Ctrl Pts',(-0.68856245910154,6.97466592025031,66.951141309334));
#1387=CARTESIAN_POINT('Ctrl Pts',(-0.722288283599637,6.97189691115106,66.9615128531566));
#1388=CARTESIAN_POINT('Ctrl Pts',(-0.756529941445683,6.96892004681002,66.9700848906339));
#1389=CARTESIAN_POINT('Ctrl Pts',(-0.814232672592277,6.96390354896685,66.9845301600817));
#1390=CARTESIAN_POINT('Ctrl Pts',(-0.873017366083546,6.95832700256917,66.9937703827385));
#1391=CARTESIAN_POINT('Ctrl Pts',(-0.932184844323826,6.95220791213329,66.9977481168751));
#1392=CARTESIAN_POINT('Ctrl Pts',(-0.954500241747607,6.94990005756505,66.9992483450536));
#1393=CARTESIAN_POINT('Ctrl Pts',(-0.976870136056747,6.94751555071511,66.9999999999996));
#1394=CARTESIAN_POINT('Ctrl Pts',(-0.999257224533443,6.94505726141955,67.));
#1395=CARTESIAN_POINT('',(2.1570415377137E-31,-7.01666665002704,66.0000009983778));
#1396=CARTESIAN_POINT('Ctrl Pts',(-4.9960036108132E-15,7.01666665002704,
66.0000009983778));
#1397=CARTESIAN_POINT('Ctrl Pts',(1.24422636061821,7.03740375603735,64.755774637759));
#1398=CARTESIAN_POINT('Ctrl Pts',(2.51235729297724,6.80480570186995,63.4876437053994));
#1399=CARTESIAN_POINT('Ctrl Pts',(4.53334259906148,5.93055675050293,61.4666583993142));
#1400=CARTESIAN_POINT('Ctrl Pts',(5.35996335909797,5.41159122588261,60.6400376392773));
#1401=CARTESIAN_POINT('Ctrl Pts',(6.55855879306888,4.2506248488574,59.4414422053058));
#1402=CARTESIAN_POINT('Ctrl Pts',(6.99969656950098,3.69972241653848,59.0003044291284));
#1403=CARTESIAN_POINT('Ctrl Pts',(7.66679623014874,2.4898337115084,58.3332047684804));
#1404=CARTESIAN_POINT('Ctrl Pts',(7.90985372587004,1.8541354805802,58.090147272504));
#1405=CARTESIAN_POINT('Ctrl Pts',(8.14876172183395,0.604433697225444,57.85123927654));
#1406=CARTESIAN_POINT('Ctrl Pts',(8.17914964340027,0.0337114188148958,57.8208513549733));
#1407=CARTESIAN_POINT('Ctrl Pts',(8.07288178668673,-1.17802303570689,57.9271192116869));
#1408=CARTESIAN_POINT('Ctrl Pts',(7.9194442309923,-1.78409403818973,58.0805567673818));
#1409=CARTESIAN_POINT('Ctrl Pts',(7.392339657538,-3.08941925971923,58.6076613408363));
#1410=CARTESIAN_POINT('Ctrl Pts',(6.97148393226936,-3.73374495834614,59.0285170661052));
#1411=CARTESIAN_POINT('Ctrl Pts',(5.87053028147348,-4.99183390837077,60.1294707169016));
#1412=CARTESIAN_POINT('Ctrl Pts',(5.09071262519633,-5.59618336732803,60.9092883731791));
#1413=CARTESIAN_POINT('Ctrl Pts',(2.92654345049554,-6.7095436720805,63.0734575478809));
#1414=CARTESIAN_POINT('Ctrl Pts',(1.47347126436166,-7.04122450443308,64.5265297340155));
#1415=CARTESIAN_POINT('Ctrl Pts',(1.11022302462516E-15,-7.01666665002704,
66.0000009983778));
#1416=CARTESIAN_POINT('',(-0.999999999778246,-6.94499079236721,67.));
#1417=CARTESIAN_POINT('Ctrl Pts',(-1.00055797124223,-6.94482555709744,67.));
#1418=CARTESIAN_POINT('Ctrl Pts',(-0.955044466870179,-6.94982515900649,
66.9999999999993));
#1419=CARTESIAN_POINT('Ctrl Pts',(-0.909552815855369,-6.95452434062378,
66.996894755934));
#1420=CARTESIAN_POINT('Ctrl Pts',(-0.864398553505551,-6.95890149312243,
66.9906925994769));
#1421=CARTESIAN_POINT('Ctrl Pts',(-0.803524279774632,-6.96480250812076,
66.9823312233799));
#1422=CARTESIAN_POINT('Ctrl Pts',(-0.743566621801956,-6.97008706690755,
66.9683835984893));
#1423=CARTESIAN_POINT('Ctrl Pts',(-0.685278807772099,-6.97477023959447,
66.9490308559232));
#1424=CARTESIAN_POINT('Ctrl Pts',(-0.658552183433401,-6.97691760777426,
66.9401570717696));
#1425=CARTESIAN_POINT('Ctrl Pts',(-0.632176683094641,-6.97893928719508,
66.9301468703179));
#1426=CARTESIAN_POINT('Ctrl Pts',(-0.606225039828598,-6.98084033965513,
66.9190177134921));
#1427=CARTESIAN_POINT('Ctrl Pts',(-0.537360158135808,-6.98588494324387,
66.8894855539949));
#1428=CARTESIAN_POINT('Ctrl Pts',(-0.472132353762483,-6.9900282338043,66.8523537133715));
#1429=CARTESIAN_POINT('Ctrl Pts',(-0.411731354680563,-6.99346658510576,
66.8083752709967));
#1430=CARTESIAN_POINT('Ctrl Pts',(-0.376557718158434,-6.9954688585905,66.7827650696687));
#1431=CARTESIAN_POINT('Ctrl Pts',(-0.343020796361076,-6.99723338345219,
66.7548330867411));
#1432=CARTESIAN_POINT('Ctrl Pts',(-0.311354284208266,-6.99880656384715,
66.7247280390717));
#1433=CARTESIAN_POINT('Ctrl Pts',(-0.255754759312933,-7.00156872729958,
66.6718701070301));
#1434=CARTESIAN_POINT('Ctrl Pts',(-0.206549178480011,-7.00371360895427,
66.612906593139));
#1435=CARTESIAN_POINT('Ctrl Pts',(-0.164616939663687,-7.00552641153324,
66.5490722722768));
#1436=CARTESIAN_POINT('Ctrl Pts',(-0.134536895732551,-7.00682682340613,
66.503280794644));
#1437=CARTESIAN_POINT('Ctrl Pts',(-0.108199339606487,-7.00795610956953,
66.4549828514016));
#1438=CARTESIAN_POINT('Ctrl Pts',(-0.0859262863709991,-7.00900256801788,
66.404634247494));
#1439=CARTESIAN_POINT('Ctrl Pts',(-0.0611283067481191,-7.01016765548946,
66.3485780058759));
#1440=CARTESIAN_POINT('Ctrl Pts',(-0.0415980173826664,-7.01122153592208,
66.2904975982757));
#1441=CARTESIAN_POINT('Ctrl Pts',(-0.0275019287371838,-7.01225252586466,
66.2311464503346));
#1442=CARTESIAN_POINT('Ctrl Pts',(-0.0137859842368798,-7.01325571201001,
66.1733958876316));
#1443=CARTESIAN_POINT('Ctrl Pts',(-0.005215012756406,-7.01423734571157,
66.1144421992084));
#1444=CARTESIAN_POINT('Ctrl Pts',(-0.00194211518155973,-7.01522907760656,
66.0549794844942));
#1445=CARTESIAN_POINT('Ctrl Pts',(-0.0012771040921398,-7.01543058489264,
66.0428974184388));
#1446=CARTESIAN_POINT('Ctrl Pts',(-0.000830825129375033,-7.01563233753433,
66.0307943372011));
#1447=CARTESIAN_POINT('Ctrl Pts',(-0.000604564134706775,-7.01583433383864,
66.0186760633028));
#1448=CARTESIAN_POINT('Ctrl Pts',(-0.000488299898979349,-7.01593812966069,
66.0124490869953));
#1449=CARTESIAN_POINT('Ctrl Pts',(-0.000430243879404006,-7.01604189330124,
66.0062237993127));
#1450=CARTESIAN_POINT('Ctrl Pts',(-0.000430242295641703,-7.01614561475985,
66.0000009983778));
#1451=CARTESIAN_POINT('Ctrl Pts',(-8.,-8.41944674413805E-16,67.));
#1452=CARTESIAN_POINT('Ctrl Pts',(-8.,-1.02849759492523,67.));
#1453=CARTESIAN_POINT('Ctrl Pts',(-7.73649526461917,-2.05938995262456,67.));
#1454=CARTESIAN_POINT('Ctrl Pts',(-7.22864189211056,-2.99682053019475,67.));
#1455=CARTESIAN_POINT('Ctrl Pts',(-6.72078851960195,-3.93425110776495,67.));
#1456=CARTESIAN_POINT('Ctrl Pts',(-5.96858650996555,-4.77821990520601,67.));
#1457=CARTESIAN_POINT('Ctrl Pts',(-5.03430667581726,-5.43970647345747,67.));
#1458=CARTESIAN_POINT('Ctrl Pts',(-4.10002684166897,-6.10119304170894,67.));
#1459=CARTESIAN_POINT('Ctrl Pts',(-2.98366918300878,-6.5801973807708,67.));
#1460=CARTESIAN_POINT('Ctrl Pts',(-1.8031784009393,-6.81976203218378,67.));
#1461=CARTESIAN_POINT('Ctrl Pts',(-1.53838207249312,-6.8734988686616,67.));
#1462=CARTESIAN_POINT('Ctrl Pts',(-1.27035887672421,-6.91518826283872,67.));
#1463=CARTESIAN_POINT('Ctrl Pts',(-1.00055797103407,-6.94482555712031,67.));
#1464=CARTESIAN_POINT('Ctrl Pts',(-8.5,1.68327113852807E-15,37.));
#1465=CARTESIAN_POINT('Ctrl Pts',(-8.49999999999999,-1.11264739814638,37.0000000000007));
#1466=CARTESIAN_POINT('Ctrl Pts',(-8.21389491659007,-2.22734148821451,37.0000000000014));
#1467=CARTESIAN_POINT('Ctrl Pts',(-7.66806280462585,-3.23522964987677,37.000000000002));
#1468=CARTESIAN_POINT('Ctrl Pts',(-7.12223069266163,-4.24311781153903,37.0000000000027));
#1469=CARTESIAN_POINT('Ctrl Pts',(-6.31667155214312,-5.14420004479542,37.0000000000034));
#1470=CARTESIAN_POINT('Ctrl Pts',(-5.32331919443274,-5.84762309181204,37.000000000004));
#1471=CARTESIAN_POINT('Ctrl Pts',(-4.32996683672237,-6.55104613882865,37.0000000000047));
#1472=CARTESIAN_POINT('Ctrl Pts',(-3.14882126182014,-7.0568099996055,37.0000000000054));
#1473=CARTESIAN_POINT('Ctrl Pts',(-1.90249921602244,-7.30975812150697,37.000000000006));
#1474=CARTESIAN_POINT('Ctrl Pts',(-1.60496869379657,-7.37014362705038,37.0000000000062));
#1475=CARTESIAN_POINT('Ctrl Pts',(-1.30372373167123,-7.41612103631628,37.0000000000064));
#1476=CARTESIAN_POINT('Ctrl Pts',(-1.00053885299352,-7.4476846143403,37.0000000000065));
#1477=CARTESIAN_POINT('Origin',(-1.,-9.70930850283565E-6,66.));
#1478=CARTESIAN_POINT('',(-1.,-9.70930850283565E-6,67.));
#1479=CARTESIAN_POINT('',(2.1570415377137E-31,0.,66.0000009983778));
#1480=CARTESIAN_POINT('Origin',(-0.727301328562939,-1.94186170056713E-5,
67.));
#1481=CARTESIAN_POINT('Origin',(9.00000013411045,0.,57.0000008642631));
#1482=CARTESIAN_POINT('',(5.25,-1.81388768288655E-13,60.7500009983753));
#1483=CARTESIAN_POINT('Origin',(4.,-1.81541849138548E-13,62.0000009983759));
#1484=CARTESIAN_POINT('Origin',(-6.12323399573678E-17,0.,38.000000551343));
#1485=CARTESIAN_POINT('',(5.25,-1.81694929988442E-13,43.250000551343));
#1486=CARTESIAN_POINT('Origin',(4.,-1.81541849138548E-13,42.000000551343));
#1487=CARTESIAN_POINT('Origin',(4.,-1.81541849138548E-13,67.));
#1488=CARTESIAN_POINT('',(5.25,-1.81694929988442E-13,67.));
#1489=CARTESIAN_POINT('Origin',(-0.772758380211779,-2.06747554712323E-5,
37.));
#1490=CARTESIAN_POINT('',(0.,0.,0.));
#1491=CARTESIAN_POINT('Ctrl Pts',(-7.7,-2.0122792321331E-15,90.));
#1492=CARTESIAN_POINT('Ctrl Pts',(-7.7,-0.677083064078791,90.));
#1493=CARTESIAN_POINT('Ctrl Pts',(-7.44678612748008,-2.01502690925427,90.));
#1494=CARTESIAN_POINT('Ctrl Pts',(-6.33234547940042,-4.03835910399714,90.));
#1495=CARTESIAN_POINT('Ctrl Pts',(-4.89581526450724,-5.26225428859386,90.));
#1496=CARTESIAN_POINT('Ctrl Pts',(-2.65568729138771,-6.42572822740308,90.));
#1497=CARTESIAN_POINT('Ctrl Pts',(0.0507683217515583,-6.90958267254915,
90.));
#1498=CARTESIAN_POINT('Ctrl Pts',(2.75502959955732,-6.3974072155528,90.));
#1499=CARTESIAN_POINT('Ctrl Pts',(4.99277373199566,-5.20188705901099,90.));
#1500=CARTESIAN_POINT('Ctrl Pts',(6.06188462490256,-4.25630227818001,90.));
#1501=CARTESIAN_POINT('Ctrl Pts',(6.66167294019715,-3.35623685906484,90.));
#1502=CARTESIAN_POINT('Ctrl Pts',(-7.7,-2.0122792321331E-15,91.1967972013675));
#1503=CARTESIAN_POINT('Ctrl Pts',(-7.7,-0.678448328530653,91.1967972013675));
#1504=CARTESIAN_POINT('Ctrl Pts',(-7.44754149767803,-2.01779707010132,91.1967972013675));
#1505=CARTESIAN_POINT('Ctrl Pts',(-6.33170507757883,-4.04402885182363,91.1967972013675));
#1506=CARTESIAN_POINT('Ctrl Pts',(-4.89582231226415,-5.26766009777614,91.1967972013675));
#1507=CARTESIAN_POINT('Ctrl Pts',(-2.65418638634167,-6.431650822118,91.1967972013675));
#1508=CARTESIAN_POINT('Ctrl Pts',(0.0513699192900365,-6.91462586850382,
91.1967972013676));
#1509=CARTESIAN_POINT('Ctrl Pts',(2.75385731102967,-6.40138040558988,91.1967972013675));
#1510=CARTESIAN_POINT('Ctrl Pts',(4.99419050819836,-5.20427215428511,91.1967972013675));
#1511=CARTESIAN_POINT('Ctrl Pts',(6.06081321373794,-4.25791007898962,91.1967972013675));
#1512=CARTESIAN_POINT('Ctrl Pts',(6.66167294019715,-3.35623685906484,91.1967972013675));
#1513=CARTESIAN_POINT('Ctrl Pts',(-6.69581085273429,-1.6638811345165E-15,
93.2689612830187));
#1514=CARTESIAN_POINT('Ctrl Pts',(-6.69581085273429,-0.559856268219053,
93.2689612830187));
#1515=CARTESIAN_POINT('Ctrl Pts',(-6.48700456907216,-1.66739288260202,93.2689612830187));
#1516=CARTESIAN_POINT('Ctrl Pts',(-5.55181680028339,-3.37128332435271,93.2689612830187));
#1517=CARTESIAN_POINT('Ctrl Pts',(-4.31437766521999,-4.43170285361155,93.2689612830187));
#1518=CARTESIAN_POINT('Ctrl Pts',(-2.35407619893386,-5.45005219496076,93.2689612830187));
#1519=CARTESIAN_POINT('Ctrl Pts',(0.044857553784666,-5.88290939396782,93.2689612830187));
#1520=CARTESIAN_POINT('Ctrl Pts',(2.44143470419117,-5.42508035863232,93.2689612830187));
#1521=CARTESIAN_POINT('Ctrl Pts',(4.39804235845314,-4.37916492549528,93.2689612830187));
#1522=CARTESIAN_POINT('Ctrl Pts',(5.31823480479991,-3.56139057665865,93.2689612830187));
#1523=CARTESIAN_POINT('Ctrl Pts',(5.82602768455438,-2.79937704707626,93.2689612830187));
#1524=CARTESIAN_POINT('Ctrl Pts',(-4.59759790102565,-9.35917281530993E-16,
94.));
#1525=CARTESIAN_POINT('Ctrl Pts',(-4.59759790102565,-0.315257136559491,
94.));
#1526=CARTESIAN_POINT('Ctrl Pts',(-4.48176846925541,-0.941718554403756,
94.));
#1527=CARTESIAN_POINT('Ctrl Pts',(-3.9207732137158,-1.97887367253697,94.));
#1528=CARTESIAN_POINT('Ctrl Pts',(-3.0994888823773,-2.69765134466725,94.));
#1529=CARTESIAN_POINT('Ctrl Pts',(-1.72349642573963,-3.41289794722515,94.));
#1530=CARTESIAN_POINT('Ctrl Pts',(0.0326577467278061,-3.73897844068774,
94.));
#1531=CARTESIAN_POINT('Ctrl Pts',(1.78589746753505,-3.39443638359368,94.));
#1532=CARTESIAN_POINT('Ctrl Pts',(3.15572944836157,-2.66071671634557,94.));
#1533=CARTESIAN_POINT('Ctrl Pts',(3.76414028676185,-2.10980267870528,94.));
#1534=CARTESIAN_POINT('Ctrl Pts',(4.07998043519132,-1.63584080195558,94.));
#1535=CARTESIAN_POINT('Ctrl Pts',(-3.7,-6.2450045135165E-16,94.));
#1536=CARTESIAN_POINT('Ctrl Pts',(-3.7,-0.211022063948075,94.));
#1537=CARTESIAN_POINT('Ctrl Pts',(-3.62416791575019,-0.632097612894006,
94.));
#1538=CARTESIAN_POINT('Ctrl Pts',(-3.22283770295088,-1.38488354704771,94.));
#1539=CARTESIAN_POINT('Ctrl Pts',(-2.57977172869387,-1.95743190777026,94.));
#1540=CARTESIAN_POINT('Ctrl Pts',(-1.4532973264798,-2.54316601322258,94.));
#1541=CARTESIAN_POINT('Ctrl Pts',(0.0276160803697676,-2.82330914260161,
94.));
#1542=CARTESIAN_POINT('Ctrl Pts',(1.50511862785486,-2.52691494183904,94.));
#1543=CARTESIAN_POINT('Ctrl Pts',(2.62469597216704,-1.92628194557764,94.));
#1544=CARTESIAN_POINT('Ctrl Pts',(3.09899591073723,-1.48929941875179,94.));
#1545=CARTESIAN_POINT('Ctrl Pts',(3.33303606767912,-1.13808975598233,94.));
#1546=CARTESIAN_POINT('',(-1.94956689841647,-2.27697157064724,94.));
#1547=CARTESIAN_POINT('',(-1.85,-2.90015214376765,93.9640321853508));
#1548=CARTESIAN_POINT('Ctrl Pts',(-1.94956689853523,-2.27697157053302,94.));
#1549=CARTESIAN_POINT('Ctrl Pts',(-1.88320410465819,-2.479349590013,94.));
#1550=CARTESIAN_POINT('Ctrl Pts',(-1.84999999999999,-2.68947815260953,93.9906110006889));
#1551=CARTESIAN_POINT('Ctrl Pts',(-1.85,-2.90015214376768,93.9640321853508));
#1552=CARTESIAN_POINT('',(-3.45205007971986,-0.940142982698035,94.));
#1553=CARTESIAN_POINT('Ctrl Pts',(-1.85,-2.90015214376768,93.9640321853507));
#1554=CARTESIAN_POINT('Ctrl Pts',(-1.85,-2.9358615630522,93.9595270537216));
#1555=CARTESIAN_POINT('Ctrl Pts',(-1.85095628528221,-2.97158789645403,93.9545378715858));
#1556=CARTESIAN_POINT('Ctrl Pts',(-1.86517243823996,-3.23656903072765,93.9137230608239));
#1557=CARTESIAN_POINT('Ctrl Pts',(-1.91633186971876,-3.45628452293277,93.8583848353944));
#1558=CARTESIAN_POINT('Ctrl Pts',(-2.09344152096005,-3.8876947877046,93.6983323077282));
#1559=CARTESIAN_POINT('Ctrl Pts',(-2.22480991463482,-4.08833610986707,93.5911949723806));
#1560=CARTESIAN_POINT('Ctrl Pts',(-2.57450010730663,-4.46678091786289,93.3162403871779));
#1561=CARTESIAN_POINT('Ctrl Pts',(-2.80375812364297,-4.62557019817712,93.1417755499773));
#1562=CARTESIAN_POINT('Ctrl Pts',(-3.35112628930324,-4.86478072488733,92.7361322974556));
#1563=CARTESIAN_POINT('Ctrl Pts',(-3.66646493702457,-4.91407736994186,92.5086302504382));
#1564=CARTESIAN_POINT('Ctrl Pts',(-4.18694034134687,-4.88403073195792,92.1697284936451));
#1565=CARTESIAN_POINT('Ctrl Pts',(-4.40283447724548,-4.83452882055364,92.041747046688));
#1566=CARTESIAN_POINT('Ctrl Pts',(-4.71902524620001,-4.70572019434374,91.898522117785));
#1567=CARTESIAN_POINT('Ctrl Pts',(-4.83279010535953,-4.64700287375559,91.8567955977262));
#1568=CARTESIAN_POINT('Ctrl Pts',(-4.99671400824672,-4.54001194854289,91.8193590255708));
#1569=CARTESIAN_POINT('Ctrl Pts',(-5.04894182920642,-4.50226562776513,91.8111394991871));
#1570=CARTESIAN_POINT('Ctrl Pts',(-5.14005422567626,-4.42934465171721,91.8042850388016));
#1571=CARTESIAN_POINT('Ctrl Pts',(-5.17908712414782,-4.39554494534823,91.8040556454893));
#1572=CARTESIAN_POINT('Ctrl Pts',(-5.26107884112056,-4.3187892231748,91.8096439871423));
#1573=CARTESIAN_POINT('Ctrl Pts',(-5.30307012956805,-4.27571141866611,91.8164807255437));
#1574=CARTESIAN_POINT('Ctrl Pts',(-5.41903248068264,-4.14563907899526,91.8466294998873));
#1575=CARTESIAN_POINT('Ctrl Pts',(-5.4857883515222,-4.05601243555016,91.8789451678733));
#1576=CARTESIAN_POINT('Ctrl Pts',(-5.67697763034844,-3.75163478824187,92.0136742107828));
#1577=CARTESIAN_POINT('Ctrl Pts',(-5.77097385317277,-3.51319575724948,92.1578838209394));
#1578=CARTESIAN_POINT('Ctrl Pts',(-5.86331638539496,-3.00916245041224,92.4850558420182));
#1579=CARTESIAN_POINT('Ctrl Pts',(-5.86292301898181,-2.73899275234336,92.6708489966049));
#1580=CARTESIAN_POINT('Ctrl Pts',(-5.73918488506286,-2.18169778965366,93.0544374788372));
#1581=CARTESIAN_POINT('Ctrl Pts',(-5.612572687249,-1.90593045186888,93.244625969305));
#1582=CARTESIAN_POINT('Ctrl Pts',(-5.26357015935357,-1.46232363221363,93.5511341212619));
#1583=CARTESIAN_POINT('Ctrl Pts',(-5.06251927511716,-1.28616759249246,93.6733265335899));
#1584=CARTESIAN_POINT('Ctrl Pts',(-4.61924776203155,-1.03933130680102,93.8515166725269));
#1585=CARTESIAN_POINT('Ctrl Pts',(-4.39284080710814,-0.959811769895721,
93.9123702377989));
#1586=CARTESIAN_POINT('Ctrl Pts',(-3.91992076522164,-0.887693443635327,
93.9866637303697));
#1587=CARTESIAN_POINT('Ctrl Pts',(-3.68387673355466,-0.893074134765615,
93.9999999992654));
#1588=CARTESIAN_POINT('Ctrl Pts',(-3.4520500822333,-0.940142995077371,94.));
#1589=CARTESIAN_POINT('',(-3.7,-6.24500451351651E-16,94.));
#1590=CARTESIAN_POINT('Ctrl Pts',(-3.45190614149627,-0.94006578523115,94.));
#1591=CARTESIAN_POINT('Ctrl Pts',(-3.50718500949471,-0.837517463050132,
94.));
#1592=CARTESIAN_POINT('Ctrl Pts',(-3.64116480931715,-0.537718349025893,
94.));
#1593=CARTESIAN_POINT('Ctrl Pts',(-3.7,-0.211022063948075,94.));
#1594=CARTESIAN_POINT('Ctrl Pts',(-3.7,-6.2450045135165E-16,94.));
#1595=CARTESIAN_POINT('',(-7.7,-1.40644724210235E-15,90.));
#1596=CARTESIAN_POINT('Origin',(-3.7,-6.24500451351651E-16,90.));
#1597=CARTESIAN_POINT('',(6.66167294019715,-3.35623685906484,90.));
#1598=CARTESIAN_POINT('Ctrl Pts',(-7.7,-2.0122792321331E-15,90.));
#1599=CARTESIAN_POINT('Ctrl Pts',(-7.7,-0.677083064078791,90.));
#1600=CARTESIAN_POINT('Ctrl Pts',(-7.44678612748008,-2.01502690925427,90.));
#1601=CARTESIAN_POINT('Ctrl Pts',(-6.33234547940042,-4.03835910399714,90.));
#1602=CARTESIAN_POINT('Ctrl Pts',(-4.89581526450724,-5.26225428859386,90.));
#1603=CARTESIAN_POINT('Ctrl Pts',(-2.65568729138771,-6.42572822740308,90.));
#1604=CARTESIAN_POINT('Ctrl Pts',(0.0507683217515583,-6.90958267254915,
90.));
#1605=CARTESIAN_POINT('Ctrl Pts',(2.75502959955732,-6.3974072155528,90.));
#1606=CARTESIAN_POINT('Ctrl Pts',(4.99277373199566,-5.20188705901099,90.));
#1607=CARTESIAN_POINT('Ctrl Pts',(6.06188462490256,-4.25630227818001,90.));
#1608=CARTESIAN_POINT('Ctrl Pts',(6.66167294019715,-3.35623685906484,90.));
#1609=CARTESIAN_POINT('',(3.33303606767949,-1.13808975598257,94.));
#1610=CARTESIAN_POINT('Origin',(3.33303606767912,-1.13808975598233,90.));
#1611=CARTESIAN_POINT('Ctrl Pts',(3.33303606767912,-1.13808975598233,94.));
#1612=CARTESIAN_POINT('Ctrl Pts',(3.09899591073723,-1.48929941875179,94.));
#1613=CARTESIAN_POINT('Ctrl Pts',(2.62469597216704,-1.92628194557764,94.));
#1614=CARTESIAN_POINT('Ctrl Pts',(1.50511862785486,-2.52691494183904,94.));
#1615=CARTESIAN_POINT('Ctrl Pts',(0.0276160803697676,-2.82330914260161,
94.));
#1616=CARTESIAN_POINT('Ctrl Pts',(-1.28814900401634,-2.57440698089336,94.));
#1617=CARTESIAN_POINT('Ctrl Pts',(-1.907534361572,-2.29631423599593,94.));
#1618=CARTESIAN_POINT('Ctrl Pts',(-1.94942195989206,-2.27666325402548,94.));
#1619=CARTESIAN_POINT('Ctrl Pts',(6.66167293506222,3.35623686677052,90.));
#1620=CARTESIAN_POINT('Ctrl Pts',(6.06188460986484,4.25630229799281,90.));
#1621=CARTESIAN_POINT('Ctrl Pts',(4.6356623795316,5.51881666227506,90.));
#1622=CARTESIAN_POINT('Ctrl Pts',(1.61110321935095,6.8023725962214,90.));
#1623=CARTESIAN_POINT('Ctrl Pts',(-1.51098752160557,6.81848359435101,90.));
#1624=CARTESIAN_POINT('Ctrl Pts',(-4.53653588700053,5.56962063694479,90.));
#1625=CARTESIAN_POINT('Ctrl Pts',(-6.33182318167339,4.03745365428508,90.));
#1626=CARTESIAN_POINT('Ctrl Pts',(-7.4467209721179,2.01522256243098,90.));
#1627=CARTESIAN_POINT('Ctrl Pts',(-7.7,0.677083067122537,90.));
#1628=CARTESIAN_POINT('Ctrl Pts',(-7.7,1.66533453693773E-15,90.));
#1629=CARTESIAN_POINT('Ctrl Pts',(6.66167293506222,3.35623686677052,91.1967972013675));
#1630=CARTESIAN_POINT('Ctrl Pts',(6.0608131986831,4.2579100988232,91.1967972013675));
#1631=CARTESIAN_POINT('Ctrl Pts',(4.63618151833741,5.52186811520365,91.1967972013675));
#1632=CARTESIAN_POINT('Ctrl Pts',(1.6093399305682,6.80721438914604,91.1967972013675));
#1633=CARTESIAN_POINT('Ctrl Pts',(-1.50913286096265,6.8247330076766,91.1967972013675));
#1634=CARTESIAN_POINT('Ctrl Pts',(-4.53587392701637,5.57580668920589,91.1967972013675));
#1635=CARTESIAN_POINT('Ctrl Pts',(-6.33121212967554,4.04324468294548,91.1967972013675));
#1636=CARTESIAN_POINT('Ctrl Pts',(-7.44732896235978,2.0181724585787,91.1967972013676));
#1637=CARTESIAN_POINT('Ctrl Pts',(-7.7,0.678448331580536,91.1967972013675));
#1638=CARTESIAN_POINT('Ctrl Pts',(-7.7,1.66533453693773E-15,91.1967972013675));
#1639=CARTESIAN_POINT('Ctrl Pts',(5.82602768020552,2.79937705360227,93.2689612830187));
#1640=CARTESIAN_POINT('Ctrl Pts',(5.31823479201881,3.56139059350732,93.2689612830187));
#1641=CARTESIAN_POINT('Ctrl Pts',(4.09073125764877,4.6529764922413,93.2689612830186));
#1642=CARTESIAN_POINT('Ctrl Pts',(1.43323590402036,5.78467022454294,93.2689612830186));
#1643=CARTESIAN_POINT('Ctrl Pts',(-1.34471649580746,5.79876374792159,93.2689612830186));
#1644=CARTESIAN_POINT('Ctrl Pts',(-4.00488800580555,4.6976974928027,93.2689612830187));
#1645=CARTESIAN_POINT('Ctrl Pts',(-5.55143601958869,3.37058806906416,93.2689612830186));
#1646=CARTESIAN_POINT('Ctrl Pts',(-6.48695515620238,1.66750804731642,93.2689612830187));
#1647=CARTESIAN_POINT('Ctrl Pts',(-6.69581085273425,0.55985627073582,93.2689612830187));
#1648=CARTESIAN_POINT('Ctrl Pts',(-6.69581085273425,1.42145586860611E-15,
93.2689612830187));
#1649=CARTESIAN_POINT('Ctrl Pts',(4.07998043248499,1.6358408060168,94.));
#1650=CARTESIAN_POINT('Ctrl Pts',(3.76414027869168,2.10980268936579,94.));
#1651=CARTESIAN_POINT('Ctrl Pts',(2.95224940845209,2.84460158199821,94.));
#1652=CARTESIAN_POINT('Ctrl Pts',(1.06114814832089,3.65943323516625,93.9999999999999));
#1653=CARTESIAN_POINT('Ctrl Pts',(-0.996835862941971,3.66966347950787,94.));
#1654=CARTESIAN_POINT('Ctrl Pts',(-2.89386547215848,2.87739665520332,94.));
#1655=CARTESIAN_POINT('Ctrl Pts',(-3.92069546982115,1.97864795168161,93.9999999999999));
#1656=CARTESIAN_POINT('Ctrl Pts',(-4.48171507869047,0.941710507252782,94.));
#1657=CARTESIAN_POINT('Ctrl Pts',(-4.59759790102565,0.315257137976692,94.));
#1658=CARTESIAN_POINT('Ctrl Pts',(-4.59759790102565,9.11881171516263E-16,
94.));
#1659=CARTESIAN_POINT('Ctrl Pts',(3.33303606567545,1.13808975898912,94.));
#1660=CARTESIAN_POINT('Ctrl Pts',(3.0989959046773,1.48929942677118,94.));
#1661=CARTESIAN_POINT('Ctrl Pts',(2.46536942861716,2.0718933183142,94.));
#1662=CARTESIAN_POINT('Ctrl Pts',(0.901452433599115,2.75170169854327,93.9999999999999));
#1663=CARTESIAN_POINT('Ctrl Pts',(-0.84746882230307,2.76069413230768,94.));
#1664=CARTESIAN_POINT('Ctrl Pts',(-2.41838425208526,2.10051043991102,94.));
#1665=CARTESIAN_POINT('Ctrl Pts',(-3.22289824592741,1.38489443416986,93.9999999999999));
#1666=CARTESIAN_POINT('Ctrl Pts',(-3.62406938628405,0.63208983010385,94.));
#1667=CARTESIAN_POINT('Ctrl Pts',(-3.7,0.211022064896699,94.));
#1668=CARTESIAN_POINT('Ctrl Pts',(-3.7,6.93889390390723E-16,94.));
#1669=CARTESIAN_POINT('',(-3.45205006170823,0.940142999196581,94.));
#1670=CARTESIAN_POINT('',(-1.85,2.90015214376763,93.9640321853508));
#1671=CARTESIAN_POINT('Ctrl Pts',(-3.45205006164076,0.940142999258381,94.));
#1672=CARTESIAN_POINT('Ctrl Pts',(-3.69319291462253,0.891182623869983,94.));
#1673=CARTESIAN_POINT('Ctrl Pts',(-3.93870181936552,0.887345681345646,93.9854952228961));
#1674=CARTESIAN_POINT('Ctrl Pts',(-4.40686715294898,0.965378284809104,93.9082655249283));
#1675=CARTESIAN_POINT('Ctrl Pts',(-4.62107964973284,1.04154919114813,93.850013037748));
#1676=CARTESIAN_POINT('Ctrl Pts',(-5.0361962017289,1.27019470522824,93.6847503214113));
#1677=CARTESIAN_POINT('Ctrl Pts',(-5.22513587897483,1.42869479003177,93.574516710743));
#1678=CARTESIAN_POINT('Ctrl Pts',(-5.56496503394549,1.83112752696615,93.2961714479941));
#1679=CARTESIAN_POINT('Ctrl Pts',(-5.69607919880556,2.08349998009074,93.1222996443854));
#1680=CARTESIAN_POINT('Ctrl Pts',(-5.86262751502016,2.66166390828742,92.723870260748));
#1681=CARTESIAN_POINT('Ctrl Pts',(-5.87044925436688,2.97886845758199,92.5043565184819));
#1682=CARTESIAN_POINT('Ctrl Pts',(-5.77270778179974,3.49677750970499,92.168833493731));
#1683=CARTESIAN_POINT('Ctrl Pts',(-5.69216896746736,3.71017323696505,92.0394070045875));
#1684=CARTESIAN_POINT('Ctrl Pts',(-5.52026543167672,4.00675496184303,91.8983582861831));
#1685=CARTESIAN_POINT('Ctrl Pts',(-5.44905645772226,4.10812748940012,91.8582939098168));
#1686=CARTESIAN_POINT('Ctrl Pts',(-5.32478900442296,4.25255942445292,91.8209113322274));
#1687=CARTESIAN_POINT('Ctrl Pts',(-5.28095506752052,4.29890601728708,91.8123391106013));
#1688=CARTESIAN_POINT('Ctrl Pts',(-5.19724822772847,4.37920116129606,91.8046030367739));
#1689=CARTESIAN_POINT('Ctrl Pts',(-5.15865776404331,4.41345512494457,91.8039413181568));
#1690=CARTESIAN_POINT('Ctrl Pts',(-5.07146049107713,4.48500838907056,91.8086374823473));
#1691=CARTESIAN_POINT('Ctrl Pts',(-5.02284469209276,4.52128585734629,91.8150885418711));
#1692=CARTESIAN_POINT('Ctrl Pts',(-4.87539444385485,4.62133126191477,91.8448947215541));
#1693=CARTESIAN_POINT('Ctrl Pts',(-4.77488460272488,4.6769613069222,91.8781181360551));
#1694=CARTESIAN_POINT('Ctrl Pts',(-4.44526322160458,4.82581598141701,92.0155018850576));
#1695=CARTESIAN_POINT('Ctrl Pts',(-4.19839055560874,4.88578883458231,92.1614337840774));
#1696=CARTESIAN_POINT('Ctrl Pts',(-3.68990069227807,4.91008213903887,92.4942871152838));
#1697=CARTESIAN_POINT('Ctrl Pts',(-3.42235982421081,4.87364491992539,92.6854120183116));
#1698=CARTESIAN_POINT('Ctrl Pts',(-2.88478575135299,4.67635300515935,93.0802841888784));
#1699=CARTESIAN_POINT('Ctrl Pts',(-2.6252894335785,4.51207641196147,93.27698250031));
#1700=CARTESIAN_POINT('Ctrl Pts',(-2.2349874750356,4.10603102681173,93.5827251791739));
#1701=CARTESIAN_POINT('Ctrl Pts',(-2.09056578423477,3.88841016042075,93.7001567943955));
#1702=CARTESIAN_POINT('Ctrl Pts',(-1.90530521017755,3.42209771307969,93.8690843365436));
#1703=CARTESIAN_POINT('Ctrl Pts',(-1.85595187407068,3.18816956757024,93.9246588700925));
#1704=CARTESIAN_POINT('Ctrl Pts',(-1.85016720782143,2.93001939767262,93.9601798790193));
#1705=CARTESIAN_POINT('Ctrl Pts',(-1.85,2.91508356685024,93.9621484239302));
#1706=CARTESIAN_POINT('Ctrl Pts',(-1.85,2.90015214376763,93.9640321853508));
#1707=CARTESIAN_POINT('',(-1.94956689843118,2.27697157063309,94.));
#1708=CARTESIAN_POINT('Ctrl Pts',(-1.85,2.90015214376763,93.9640321853508));
#1709=CARTESIAN_POINT('Ctrl Pts',(-1.85,2.68919966909106,93.9906461344136));
#1710=CARTESIAN_POINT('Ctrl Pts',(-1.88329106609068,2.47908439499255,94.));
#1711=CARTESIAN_POINT('Ctrl Pts',(-1.94956689853523,2.27697157053302,94.));
#1712=CARTESIAN_POINT('',(3.33303606521085,1.13808975867953,94.));
#1713=CARTESIAN_POINT('Ctrl Pts',(-1.94947643920855,2.27677912908353,94.));
#1714=CARTESIAN_POINT('Ctrl Pts',(-1.71673247258336,2.38593197078909,94.));
#1715=CARTESIAN_POINT('Ctrl Pts',(-0.67676347879978,2.75981641612149,94.));
#1716=CARTESIAN_POINT('Ctrl Pts',(0.901452433599115,2.75170169854327,93.9999999999999));
#1717=CARTESIAN_POINT('Ctrl Pts',(2.46536942861716,2.0718933183142,94.));
#1718=CARTESIAN_POINT('Ctrl Pts',(3.0989959046773,1.48929942677118,94.));
#1719=CARTESIAN_POINT('Ctrl Pts',(3.33303606567545,1.13808975898912,94.));
#1720=CARTESIAN_POINT('',(6.66167293506222,3.35623686677053,90.));
#1721=CARTESIAN_POINT('Origin',(3.33303606567544,1.13808975898912,90.));
#1722=CARTESIAN_POINT('Ctrl Pts',(6.66167293506222,3.35623686677052,90.));
#1723=CARTESIAN_POINT('Ctrl Pts',(6.06188460986484,4.25630229799281,90.));
#1724=CARTESIAN_POINT('Ctrl Pts',(4.6356623795316,5.51881666227506,90.));
#1725=CARTESIAN_POINT('Ctrl Pts',(1.61110321935095,6.8023725962214,90.));
#1726=CARTESIAN_POINT('Ctrl Pts',(-1.51098752160557,6.81848359435101,90.));
#1727=CARTESIAN_POINT('Ctrl Pts',(-4.53653588700053,5.56962063694479,90.));
#1728=CARTESIAN_POINT('Ctrl Pts',(-6.33182318167339,4.03745365428508,90.));
#1729=CARTESIAN_POINT('Ctrl Pts',(-7.4467209721179,2.01522256243098,90.));
#1730=CARTESIAN_POINT('Ctrl Pts',(-7.7,0.677083067122537,90.));
#1731=CARTESIAN_POINT('Ctrl Pts',(-7.7,1.66533453693773E-15,90.));
#1732=CARTESIAN_POINT('Ctrl Pts',(-3.7,6.93889390390723E-16,94.));
#1733=CARTESIAN_POINT('Ctrl Pts',(-3.7,0.211022064896699,94.));
#1734=CARTESIAN_POINT('Ctrl Pts',(-3.64108941637092,0.537706475594863,94.));
#1735=CARTESIAN_POINT('Ctrl Pts',(-3.50714409278243,0.837504980513173,94.));
#1736=CARTESIAN_POINT('Ctrl Pts',(-3.45187591821741,0.940049619448547,94.));
#1737=CARTESIAN_POINT('Ctrl Pts',(6.66167294019715,-3.35623685906485,90.));
#1738=CARTESIAN_POINT('Ctrl Pts',(6.99009509206235,-2.86339394394393,90.));
#1739=CARTESIAN_POINT('Ctrl Pts',(7.50180692990238,-1.84618097965175,90.));
#1740=CARTESIAN_POINT('Ctrl Pts',(7.69996841272387,-0.556451634667973,90.));
#1741=CARTESIAN_POINT('Ctrl Pts',(7.6999999906318,-0.000329968678842787,
90.));
#1742=CARTESIAN_POINT('Ctrl Pts',(6.66167294019715,-3.35623685906485,91.1967972013675));
#1743=CARTESIAN_POINT('Ctrl Pts',(6.99068175764293,-2.86251357100534,91.1967972013675));
#1744=CARTESIAN_POINT('Ctrl Pts',(7.50208536031844,-1.84761258190422,91.1967972013675));
#1745=CARTESIAN_POINT('Ctrl Pts',(7.69996834905045,-0.557572993598394,91.1967972013675));
#1746=CARTESIAN_POINT('Ctrl Pts',(7.6999999906318,-0.000329968678842787,
91.1967972013675));
#1747=CARTESIAN_POINT('Ctrl Pts',(5.82602125364119,-2.79937276162489,93.2689554637508));
#1748=CARTESIAN_POINT('Ctrl Pts',(6.10407006856163,-2.38212201372906,93.2689554637508));
#1749=CARTESIAN_POINT('Ctrl Pts',(6.53235191052145,-1.52745877876682,93.2689554637508));
#1750=CARTESIAN_POINT('Ctrl Pts',(6.69577700633496,-0.460110473399028,93.2689554637508));
#1751=CARTESIAN_POINT('Ctrl Pts',(6.69580311700089,-0.000272947997298242,
93.2689554637508));
#1752=CARTESIAN_POINT('Ctrl Pts',(4.07998043519132,-1.63584080195558,94.));
#1753=CARTESIAN_POINT('Ctrl Pts',(4.25292295265547,-1.3763166073441,94.));
#1754=CARTESIAN_POINT('Ctrl Pts',(4.50680666370318,-0.861864330368814,94.));
#1755=CARTESIAN_POINT('Ctrl Pts',(4.59758319364626,-0.259090019555468,94.));
#1756=CARTESIAN_POINT('Ctrl Pts',(4.59759789665889,-0.000153806925636034,
94.));
#1757=CARTESIAN_POINT('Ctrl Pts',(3.33303606767912,-1.13808975598233,94.));
#1758=CARTESIAN_POINT('Ctrl Pts',(3.46118790059365,-0.945780185653425,94.));
#1759=CARTESIAN_POINT('Ctrl Pts',(3.64037434617329,-0.577549899677314,94.));
#1760=CARTESIAN_POINT('Ctrl Pts',(3.69999015539957,-0.173425653345324,94.));
#1761=CARTESIAN_POINT('Ctrl Pts',(3.69999999708027,-0.000102839186808222,
94.));
#1762=CARTESIAN_POINT('',(5.10000362299996,-9.43404672713875E-5,93.7470085529132));
#1763=CARTESIAN_POINT('Ctrl Pts',(5.09999998670165,-0.000182334508559943,
93.7469988020735));
#1764=CARTESIAN_POINT('Ctrl Pts',(5.09998343926472,-0.113623811326454,93.7470025779874));
#1765=CARTESIAN_POINT('Ctrl Pts',(5.08452818141041,-0.226584104679037,93.7505512057258));
#1766=CARTESIAN_POINT('Ctrl Pts',(5.00970993152696,-0.494696037446807,93.7674083860522));
#1767=CARTESIAN_POINT('Ctrl Pts',(4.93465769885768,-0.64251375334131,93.7842157051482));
#1768=CARTESIAN_POINT('Ctrl Pts',(4.74127532671238,-0.889114994864808,93.8249194113712));
#1769=CARTESIAN_POINT('Ctrl Pts',(4.62871764138258,-0.989103125458084,93.8477407774389));
#1770=CARTESIAN_POINT('Ctrl Pts',(4.37021548415332,-1.14696687713503,93.8953329735575));
#1771=CARTESIAN_POINT('Ctrl Pts',(4.22510149033378,-1.20232302809151,93.9198008855576));
#1772=CARTESIAN_POINT('Ctrl Pts',(3.94736932512079,-1.25276459172975,93.9585386161602));
#1773=CARTESIAN_POINT('Ctrl Pts',(3.81822376336444,-1.25621812355693,93.9736102359964));
#1774=CARTESIAN_POINT('Ctrl Pts',(3.56711508871745,-1.22390449412206,93.994268412994));
#1775=CARTESIAN_POINT('Ctrl Pts',(3.44665284405354,-1.18969884497283,94.));
#1776=CARTESIAN_POINT('Ctrl Pts',(3.33303606767795,-1.1380897559849,94.));
#1777=CARTESIAN_POINT('',(7.6999999906318,-0.000329968678844734,90.));
#1778=CARTESIAN_POINT('Ctrl Pts',(6.66167294019715,-3.35623685906485,90.));
#1779=CARTESIAN_POINT('Ctrl Pts',(6.99009509206235,-2.86339394394393,90.));
#1780=CARTESIAN_POINT('Ctrl Pts',(7.50180692990238,-1.84618097965175,90.));
#1781=CARTESIAN_POINT('Ctrl Pts',(7.69996841272387,-0.556451634667973,90.));
#1782=CARTESIAN_POINT('Ctrl Pts',(7.6999999906318,-0.000329968678842787,
90.));
#1783=CARTESIAN_POINT('Origin',(3.69999999708027,-0.000102839186808534,
90.));
#1784=CARTESIAN_POINT('Ctrl Pts',(7.6999999906318,-0.000329968678843828,
90.));
#1785=CARTESIAN_POINT('Ctrl Pts',(7.7000315741654,0.555890771681218,90.));
#1786=CARTESIAN_POINT('Ctrl Pts',(7.50191749728469,1.84596050868875,90.));
#1787=CARTESIAN_POINT('Ctrl Pts',(6.99015359652538,2.86330615140402,90.));
#1788=CARTESIAN_POINT('Ctrl Pts',(6.66167293506222,3.35623686677053,90.));
#1789=CARTESIAN_POINT('Ctrl Pts',(7.6999999906318,-0.000329968678843828,
91.1967972013675));
#1790=CARTESIAN_POINT('Ctrl Pts',(7.70003163785017,0.557012330384347,91.1967972013675));
#1791=CARTESIAN_POINT('Ctrl Pts',(7.50219614233321,1.84739255341616,91.1967972013675));
#1792=CARTESIAN_POINT('Ctrl Pts',(6.99074036662225,2.86242562162696,91.1967972013675));
#1793=CARTESIAN_POINT('Ctrl Pts',(6.66167293506222,3.35623686677053,91.1967972013675));
#1794=CARTESIAN_POINT('Ctrl Pts',(6.695803117001,-0.000272947997299019,
93.2689554637509));
#1795=CARTESIAN_POINT('Ctrl Pts',(6.69582923231861,0.459646498531309,93.2689554637509));
#1796=CARTESIAN_POINT('Ctrl Pts',(6.53244376479023,1.52727400328323,93.2689554637509));
#1797=CARTESIAN_POINT('Ctrl Pts',(6.10411959964458,2.38204768675742,93.2689554637509));
#1798=CARTESIAN_POINT('Ctrl Pts',(5.82602124929245,2.79937276815097,93.2689554637509));
#1799=CARTESIAN_POINT('Ctrl Pts',(4.59759789665889,-0.000153806925636241,
94.));
#1800=CARTESIAN_POINT('Ctrl Pts',(4.5976126022909,0.258828535793971,94.));
#1801=CARTESIAN_POINT('Ctrl Pts',(4.50685947137416,0.861754248102736,94.));
#1802=CARTESIAN_POINT('Ctrl Pts',(4.25295376036781,1.37627037689987,94.));
#1803=CARTESIAN_POINT('Ctrl Pts',(4.07998043248499,1.6358408060168,94.));
#1804=CARTESIAN_POINT('Ctrl Pts',(3.69999999708027,-0.000102839186808187,
94.));
#1805=CARTESIAN_POINT('Ctrl Pts',(3.70000984051429,0.173250852835008,94.));
#1806=CARTESIAN_POINT('Ctrl Pts',(3.64041051329496,0.577471901196351,94.));
#1807=CARTESIAN_POINT('Ctrl Pts',(3.46121072940922,0.945745928442991,94.));
#1808=CARTESIAN_POINT('Ctrl Pts',(3.33303606567544,1.13808975898912,94.));
#1809=CARTESIAN_POINT('Ctrl Pts',(7.6999999906318,-0.000329968678843828,
90.));
#1810=CARTESIAN_POINT('Ctrl Pts',(7.7000315741654,0.555890771681218,90.));
#1811=CARTESIAN_POINT('Ctrl Pts',(7.50191749728469,1.84596050868875,90.));
#1812=CARTESIAN_POINT('Ctrl Pts',(6.99015359652538,2.86330615140402,90.));
#1813=CARTESIAN_POINT('Ctrl Pts',(6.66167293506222,3.35623686677053,90.));
#1814=CARTESIAN_POINT('Ctrl Pts',(3.33303606714906,1.13808975574497,94.));
#1815=CARTESIAN_POINT('Ctrl Pts',(3.43268159642601,1.18335256954853,94.0000000000154));
#1816=CARTESIAN_POINT('Ctrl Pts',(3.53766900242039,1.21526215064739,93.9955972357457));
#1817=CARTESIAN_POINT('Ctrl Pts',(3.78069870215767,1.25559687471795,93.9776476926588));
#1818=CARTESIAN_POINT('Ctrl Pts',(3.9183857977593,1.25555394921819,93.9622124901806));
#1819=CARTESIAN_POINT('Ctrl Pts',(4.20369695112021,1.2086125245086,93.9231444873215));
#1820=CARTESIAN_POINT('Ctrl Pts',(4.34840654053117,1.1564167103408,93.899075858138));
#1821=CARTESIAN_POINT('Ctrl Pts',(4.61943096425009,0.998269097426496,93.8496968466782));
#1822=CARTESIAN_POINT('Ctrl Pts',(4.74208123612567,0.89048721774774,93.8247991735506));
#1823=CARTESIAN_POINT('Ctrl Pts',(4.92388950634616,0.654062107113296,93.7864372691711));
#1824=CARTESIAN_POINT('Ctrl Pts',(4.98891654569159,0.53302026421465,93.7720206298164));
#1825=CARTESIAN_POINT('Ctrl Pts',(5.07734618083469,0.273701957039324,93.7522143704543));
#1826=CARTESIAN_POINT('Ctrl Pts',(5.1,0.13743229866083,93.746998799039));
#1827=CARTESIAN_POINT('Ctrl Pts',(5.1,1.52516888007881E-13,93.746998799039));
#1828=CARTESIAN_POINT('Ctrl Pts',(-7.7,-8.00615252071602E-16,88.));
#1829=CARTESIAN_POINT('Ctrl Pts',(-7.7,-8.00615252071602E-16,94.));
#1830=CARTESIAN_POINT('Ctrl Pts',(-7.7,-1.78001287090254,88.));
#1831=CARTESIAN_POINT('Ctrl Pts',(-7.7,-1.78001287090254,94.));
#1832=CARTESIAN_POINT('Ctrl Pts',(-6.84607881136318,-3.56650036020139,88.));
#1833=CARTESIAN_POINT('Ctrl Pts',(-6.84607881136318,-3.56650036020139,94.));
#1834=CARTESIAN_POINT('Ctrl Pts',(-5.32777302597771,-4.83382139191761,88.));
#1835=CARTESIAN_POINT('Ctrl Pts',(-5.32777302597771,-4.83382139191761,94.));
#1836=CARTESIAN_POINT('Ctrl Pts',(-3.86619015652201,-6.05379613474394,88.));
#1837=CARTESIAN_POINT('Ctrl Pts',(-3.86619015652201,-6.05379613474394,94.));
#1838=CARTESIAN_POINT('Ctrl Pts',(-1.80063257585038,-6.75544709441683,88.));
#1839=CARTESIAN_POINT('Ctrl Pts',(-1.80063257585038,-6.75544709441683,94.));
#1840=CARTESIAN_POINT('Ctrl Pts',(0.25372222563815,-6.69635170911291,88.));
#1841=CARTESIAN_POINT('Ctrl Pts',(0.25372222563815,-6.69635170911291,94.));
#1842=CARTESIAN_POINT('Ctrl Pts',(2.28359922180622,-6.63796045015355,88.));
#1843=CARTESIAN_POINT('Ctrl Pts',(2.28359922180622,-6.63796045015355,94.));
#1844=CARTESIAN_POINT('Ctrl Pts',(4.26612926844591,-5.838812369512,88.));
#1845=CARTESIAN_POINT('Ctrl Pts',(4.26612926844591,-5.838812369512,94.));
#1846=CARTESIAN_POINT('Ctrl Pts',(5.62771631224158,-4.569212329079,88.));
#1847=CARTESIAN_POINT('Ctrl Pts',(5.62771631224158,-4.569212329079,94.));
#1848=CARTESIAN_POINT('Ctrl Pts',(6.96223091515441,-3.3248557515565,88.));
#1849=CARTESIAN_POINT('Ctrl Pts',(6.96223091515441,-3.3248557515565,94.));
#1850=CARTESIAN_POINT('Ctrl Pts',(7.69990568186967,-1.66121092480128,88.));
#1851=CARTESIAN_POINT('Ctrl Pts',(7.69990568186967,-1.66121092480128,94.));
#1852=CARTESIAN_POINT('Ctrl Pts',(7.6999999906318,-0.000329968678843958,
88.));
#1853=CARTESIAN_POINT('Ctrl Pts',(7.6999999906318,-0.000329968678843958,
94.));
#1854=CARTESIAN_POINT('',(-7.7,-8.00615252071602E-16,88.));
#1855=CARTESIAN_POINT('',(-7.7,-8.00615252071602E-16,88.));
#1856=CARTESIAN_POINT('',(7.6999999906318,-0.000329968678843958,88.));
#1857=CARTESIAN_POINT('Ctrl Pts',(-7.7,-8.00615252071602E-16,88.));
#1858=CARTESIAN_POINT('Ctrl Pts',(-7.7,-1.78001287090254,88.));
#1859=CARTESIAN_POINT('Ctrl Pts',(-6.84607881136318,-3.56650036020139,88.));
#1860=CARTESIAN_POINT('Ctrl Pts',(-5.32777302597771,-4.83382139191761,88.));
#1861=CARTESIAN_POINT('Ctrl Pts',(-3.86619015652201,-6.05379613474394,88.));
#1862=CARTESIAN_POINT('Ctrl Pts',(-1.80063257585038,-6.75544709441683,88.));
#1863=CARTESIAN_POINT('Ctrl Pts',(0.25372222563815,-6.69635170911291,88.));
#1864=CARTESIAN_POINT('Ctrl Pts',(2.28359922180622,-6.63796045015355,88.));
#1865=CARTESIAN_POINT('Ctrl Pts',(4.26612926844591,-5.838812369512,88.));
#1866=CARTESIAN_POINT('Ctrl Pts',(5.62771631224158,-4.569212329079,88.));
#1867=CARTESIAN_POINT('Ctrl Pts',(6.96223091515441,-3.3248557515565,88.));
#1868=CARTESIAN_POINT('Ctrl Pts',(7.69990568186967,-1.66121092480128,88.));
#1869=CARTESIAN_POINT('Ctrl Pts',(7.6999999906318,-0.000329968678843958,
88.));
#1870=CARTESIAN_POINT('',(7.6999999906318,-0.000329968678843958,88.));
#1871=CARTESIAN_POINT('Origin',(3.85,1.53240308345106E-13,88.));
#1872=CARTESIAN_POINT('',(5.1,1.53087227495213E-13,74.100001013279));
#1873=CARTESIAN_POINT('',(5.1,1.53087227495213E-13,88.));
#1874=CARTESIAN_POINT('Origin',(3.85,1.53240308345106E-13,72.850001013279));
#1875=CARTESIAN_POINT('Origin',(3.85,1.53240308345106E-13,94.));
#1876=CARTESIAN_POINT('Origin',(-0.700017221394073,-5.92241599943128E-5,
94.));
#1877=CARTESIAN_POINT('Origin',(-3.85,2.90015214376763,94.));
#1878=CARTESIAN_POINT('Origin',(-3.85,-2.90015214376762,94.));
#1879=CARTESIAN_POINT('Ctrl Pts',(7.6999999906318,-0.000329968678843958,
88.));
#1880=CARTESIAN_POINT('Ctrl Pts',(7.6999999906318,-0.000329968678843958,
94.));
#1881=CARTESIAN_POINT('Ctrl Pts',(7.70001407100282,0.247640840791153,88.));
#1882=CARTESIAN_POINT('Ctrl Pts',(7.70001407100282,0.247640840791153,94.));
#1883=CARTESIAN_POINT('Ctrl Pts',(7.68415272333605,0.495453172185292,88.));
#1884=CARTESIAN_POINT('Ctrl Pts',(7.68415272333605,0.495453172185292,94.));
#1885=CARTESIAN_POINT('Ctrl Pts',(7.65249706963777,0.741897838322965,88.));
#1886=CARTESIAN_POINT('Ctrl Pts',(7.65249706963777,0.741897838322965,94.));
#1887=CARTESIAN_POINT('Ctrl Pts',(7.42887990162367,2.48279565200101,88.));
#1888=CARTESIAN_POINT('Ctrl Pts',(7.42887990162367,2.48279565200101,94.));
#1889=CARTESIAN_POINT('Ctrl Pts',(6.37713566852699,4.16172451278478,88.));
#1890=CARTESIAN_POINT('Ctrl Pts',(6.37713566852699,4.16172451278478,94.));
#1891=CARTESIAN_POINT('Ctrl Pts',(4.74318287276525,5.27500273882715,88.));
#1892=CARTESIAN_POINT('Ctrl Pts',(4.74318287276525,5.27500273882715,94.));
#1893=CARTESIAN_POINT('Ctrl Pts',(3.17028186317082,6.34668390993784,88.));
#1894=CARTESIAN_POINT('Ctrl Pts',(3.17028186317082,6.34668390993784,94.));
#1895=CARTESIAN_POINT('Ctrl Pts',(1.0712207109805,6.86373397908453,88.));
#1896=CARTESIAN_POINT('Ctrl Pts',(1.0712207109805,6.86373397908453,94.));
#1897=CARTESIAN_POINT('Ctrl Pts',(-0.93205795945765,6.65059964203149,88.));
#1898=CARTESIAN_POINT('Ctrl Pts',(-0.93205795945765,6.65059964203149,94.));
#1899=CARTESIAN_POINT('Ctrl Pts',(-2.90618877481092,6.44056642558723,88.));
#1900=CARTESIAN_POINT('Ctrl Pts',(-2.90618877481092,6.44056642558723,94.));
#1901=CARTESIAN_POINT('Ctrl Pts',(-4.76385696113225,5.52732718574789,88.));
#1902=CARTESIAN_POINT('Ctrl Pts',(-4.76385696113225,5.52732718574789,94.));
#1903=CARTESIAN_POINT('Ctrl Pts',(-5.98959891422666,4.20661620024861,88.));
#1904=CARTESIAN_POINT('Ctrl Pts',(-5.98959891422666,4.20661620024861,94.));
#1905=CARTESIAN_POINT('Ctrl Pts',(-7.09935827188623,3.01087400408612,88.));
#1906=CARTESIAN_POINT('Ctrl Pts',(-7.09935827188623,3.01087400408612,94.));
#1907=CARTESIAN_POINT('Ctrl Pts',(-7.7,1.50314768654669,88.));
#1908=CARTESIAN_POINT('Ctrl Pts',(-7.7,1.50314768654669,94.));
#1909=CARTESIAN_POINT('Ctrl Pts',(-7.7,8.00615252071602E-16,88.));
#1910=CARTESIAN_POINT('Ctrl Pts',(-7.7,8.00615252071602E-16,94.));
#1911=CARTESIAN_POINT('Ctrl Pts',(7.6999999906318,-0.000329968678843958,
88.));
#1912=CARTESIAN_POINT('Ctrl Pts',(7.70001407100282,0.247640840791153,88.));
#1913=CARTESIAN_POINT('Ctrl Pts',(7.68415272333605,0.495453172185292,88.));
#1914=CARTESIAN_POINT('Ctrl Pts',(7.65249706963777,0.741897838322965,88.));
#1915=CARTESIAN_POINT('Ctrl Pts',(7.42887990162367,2.48279565200101,88.));
#1916=CARTESIAN_POINT('Ctrl Pts',(6.37713566852699,4.16172451278478,88.));
#1917=CARTESIAN_POINT('Ctrl Pts',(4.74318287276525,5.27500273882715,88.));
#1918=CARTESIAN_POINT('Ctrl Pts',(3.17028186317082,6.34668390993784,88.));
#1919=CARTESIAN_POINT('Ctrl Pts',(1.0712207109805,6.86373397908453,88.));
#1920=CARTESIAN_POINT('Ctrl Pts',(-0.93205795945765,6.65059964203149,88.));
#1921=CARTESIAN_POINT('Ctrl Pts',(-2.90618877481092,6.44056642558723,88.));
#1922=CARTESIAN_POINT('Ctrl Pts',(-4.76385696113225,5.52732718574789,88.));
#1923=CARTESIAN_POINT('Ctrl Pts',(-5.98959891422666,4.20661620024861,88.));
#1924=CARTESIAN_POINT('Ctrl Pts',(-7.09935827188623,3.01087400408612,88.));
#1925=CARTESIAN_POINT('Ctrl Pts',(-7.7,1.50314768654669,88.));
#1926=CARTESIAN_POINT('Ctrl Pts',(-7.7,8.00615252071602E-16,88.));
#1927=CARTESIAN_POINT('Origin',(-3.85,-2.90015214376762,88.));
#1928=CARTESIAN_POINT('',(-1.85,-2.90015214376762,68.));
#1929=CARTESIAN_POINT('',(-1.85,-2.90015214376762,88.));
#1930=CARTESIAN_POINT('Origin',(-3.85,-2.90015214376762,68.));
#1931=CARTESIAN_POINT('Origin',(-3.85,2.90015214376763,88.));
#1932=CARTESIAN_POINT('',(-1.85,2.90015214376763,68.));
#1933=CARTESIAN_POINT('',(-1.85,2.90015214376763,88.));
#1934=CARTESIAN_POINT('Origin',(-3.85,2.90015214376763,68.));
#1935=CARTESIAN_POINT('Origin',(-1.,-3.09596177495981E-5,69.));
#1936=CARTESIAN_POINT('',(-3.08148791101958E-32,-6.98499998480082,69.000001013279));
#1937=CARTESIAN_POINT('',(-0.999999999780184,-6.94499079236679,68.));
#1938=CARTESIAN_POINT('Ctrl Pts',(-0.000551201426246761,-6.98502089924476,
69.0000010132789));
#1939=CARTESIAN_POINT('Ctrl Pts',(-0.000551127457426659,-6.98537130798683,
68.9766442079428));
#1940=CARTESIAN_POINT('Ctrl Pts',(-0.0013690634086354,-6.98572192367397,
68.953261657824));
#1941=CARTESIAN_POINT('Ctrl Pts',(-0.00301041828318782,-6.98607144288288,
68.9298960813919));
#1942=CARTESIAN_POINT('Ctrl Pts',(-0.00734898902022229,-6.98699532219461,
68.8681341749729));
#1943=CARTESIAN_POINT('Ctrl Pts',(-0.0174016350798698,-6.98790751007329,
68.8070422997967));
#1944=CARTESIAN_POINT('Ctrl Pts',(-0.032969449412263,-6.98874193697427,
68.7473906701643));
#1945=CARTESIAN_POINT('Ctrl Pts',(-0.0485372637446561,-6.98957636387525,
68.6877390405319));
#1946=CARTESIAN_POINT('Ctrl Pts',(-0.069620399641568,-6.99033254395334,
68.6295276564433));
#1947=CARTESIAN_POINT('Ctrl Pts',(-0.0960175500329163,-6.99088890220809,
68.5735267321994));
#1948=CARTESIAN_POINT('Ctrl Pts',(-0.128451933217426,-6.99157250390581,
68.5047179627419));
#1949=CARTESIAN_POINT('Ctrl Pts',(-0.168574557035664,-6.99194626489219,
68.439955586743));
#1950=CARTESIAN_POINT('Ctrl Pts',(-0.215537563354215,-6.99172293523977,
68.3804473632555));
#1951=CARTESIAN_POINT('Ctrl Pts',(-0.240585320740238,-6.99160382218911,
68.3487086041505));
#1952=CARTESIAN_POINT('Ctrl Pts',(-0.267578671202257,-6.99131375573972,
68.3184644574771));
#1953=CARTESIAN_POINT('Ctrl Pts',(-0.296386946684213,-6.99080384612699,
68.2898981627677));
#1954=CARTESIAN_POINT('Ctrl Pts',(-0.349251621002813,-6.98986813563554,
68.2374775356723));
#1955=CARTESIAN_POINT('Ctrl Pts',(-0.407652626885923,-6.9881989686743,68.1912756903754));
#1956=CARTESIAN_POINT('Ctrl Pts',(-0.470435296498076,-6.98554886056963,
68.1520341617824));
#1957=CARTESIAN_POINT('Ctrl Pts',(-0.519329312670411,-6.983485003946,68.1214735636824));
#1958=CARTESIAN_POINT('Ctrl Pts',(-0.570880420654355,-6.98082628410209,
68.0951344079792));
#1959=CARTESIAN_POINT('Ctrl Pts',(-0.624536963448392,-6.97747749517067,
68.0733669456843));
#1960=CARTESIAN_POINT('Ctrl Pts',(-0.681718304056847,-6.97390871808326,
68.0501695384186));
#1961=CARTESIAN_POINT('Ctrl Pts',(-0.740842989939648,-6.96958231997491,
68.0323457196829));
#1962=CARTESIAN_POINT('Ctrl Pts',(-0.801153425775544,-6.96445862892134,
68.0200769925031));
#1963=CARTESIAN_POINT('Ctrl Pts',(-0.812656111909564,-6.96348141479214,
68.0177370439344));
#1964=CARTESIAN_POINT('Ctrl Pts',(-0.824201930091947,-6.96247535059926,
68.0155991667547));
#1965=CARTESIAN_POINT('Ctrl Pts',(-0.83578562648503,-6.96144038135262,68.0136646201915));
#1966=CARTESIAN_POINT('Ctrl Pts',(-0.890299881770326,-6.95656969277368,
68.0045604135874));
#1967=CARTESIAN_POINT('Ctrl Pts',(-0.94541147719435,-6.95107726607466,68.0000000000009));
#1968=CARTESIAN_POINT('Ctrl Pts',(-1.00056046334939,-6.94499681511874,68.));
#1969=CARTESIAN_POINT('',(-1.,6.94499079231823,68.));
#1970=CARTESIAN_POINT('',(-1.,-3.09596177495981E-5,68.));
#1971=CARTESIAN_POINT('',(-3.08148791101958E-32,6.98499998480082,69.000001013279));
#1972=CARTESIAN_POINT('Ctrl Pts',(-0.999783234757717,6.94510826869141,68.));
#1973=CARTESIAN_POINT('Ctrl Pts',(-0.966090348847925,6.94882053642052,68.0000000000001));
#1974=CARTESIAN_POINT('Ctrl Pts',(-0.932394222445093,6.95231640770985,68.0016982714083));
#1975=CARTESIAN_POINT('Ctrl Pts',(-0.898822816084277,6.95558580152818,68.005095355372));
#1976=CARTESIAN_POINT('Ctrl Pts',(-0.838815105428409,6.96142972823658,68.0111675237341));
#1977=CARTESIAN_POINT('Ctrl Pts',(-0.779423304150728,6.96652594946365,68.0226450073141));
#1978=CARTESIAN_POINT('Ctrl Pts',(-0.721371956587161,6.97087483177775,68.0394187891972));
#1979=CARTESIAN_POINT('Ctrl Pts',(-0.718119917307414,6.97111845637394,68.0403584572642));
#1980=CARTESIAN_POINT('Ctrl Pts',(-0.714872085225802,6.97135974912838,68.0413147464171));
#1981=CARTESIAN_POINT('Ctrl Pts',(-0.711628587860405,6.97159871485042,68.04228763749));
#1982=CARTESIAN_POINT('Ctrl Pts',(-0.6481008884605,6.97627913874046,68.0613428500185));
#1983=CARTESIAN_POINT('Ctrl Pts',(-0.586666182874558,6.98003048162171,68.086637240806));
#1984=CARTESIAN_POINT('Ctrl Pts',(-0.528216777381952,6.9829556694344,68.117780810571));
#1985=CARTESIAN_POINT('Ctrl Pts',(-0.499379290449037,6.98439888454693,68.1331462754303));
#1986=CARTESIAN_POINT('Ctrl Pts',(-0.471268403638911,6.98564187742719,68.1499355420828));
#1987=CARTESIAN_POINT('Ctrl Pts',(-0.443990657909803,6.98670150921201,68.1681017728085));
#1988=CARTESIAN_POINT('Ctrl Pts',(-0.363503125730447,6.98982812928633,68.2217042623484));
#1989=CARTESIAN_POINT('Ctrl Pts',(-0.291343315210255,6.99131559008604,68.2865846502322));
#1990=CARTESIAN_POINT('Ctrl Pts',(-0.229681997034616,6.99177722255863,68.3606240902624));
#1991=CARTESIAN_POINT('Ctrl Pts',(-0.209135283532129,6.99193104720005,68.3852954272885));
#1992=CARTESIAN_POINT('Ctrl Pts',(-0.18975382522273,6.99197112471056,68.4109837378532));
#1993=CARTESIAN_POINT('Ctrl Pts',(-0.17161667969158,6.99191970067503,68.4376106270016));
#1994=CARTESIAN_POINT('Ctrl Pts',(-0.13447924226794,6.99181440533523,68.4921315783738));
#1995=CARTESIAN_POINT('Ctrl Pts',(-0.102924149954931,6.99133019136228,68.5500534611511));
#1996=CARTESIAN_POINT('Ctrl Pts',(-0.0773284045473572,6.99065241832694,
68.6104909319405));
#1997=CARTESIAN_POINT('Ctrl Pts',(-0.0530549753035465,6.99000966010464,
68.6678061086436));
#1998=CARTESIAN_POINT('Ctrl Pts',(-0.0341407930937619,6.98919320541359,
68.7273836688468));
#1999=CARTESIAN_POINT('Ctrl Pts',(-0.0209023942383091,6.98831401102551,
68.78846851717));
#2000=CARTESIAN_POINT('Ctrl Pts',(-0.0201812209498925,6.98826611614676,
68.7917961673956));
#2001=CARTESIAN_POINT('Ctrl Pts',(-0.0194768904719809,6.98821802205055,
68.7951282906801));
#2002=CARTESIAN_POINT('Ctrl Pts',(-0.0187894537397175,6.98816974205402,
68.798464764952));
#2003=CARTESIAN_POINT('Ctrl Pts',(-0.0068966676687388,6.98733448894159,
68.8561864037365));
#2004=CARTESIAN_POINT('Ctrl Pts',(-0.000164093741026243,6.98645515447675,
68.9147103682493));
#2005=CARTESIAN_POINT('Ctrl Pts',(0.00140130676940831,6.98557603451962,
68.9733505563733));
#2006=CARTESIAN_POINT('Ctrl Pts',(0.00163840156163588,6.98544288344283,
68.9822321704566));
#2007=CARTESIAN_POINT('Ctrl Pts',(0.00175696213091644,6.98530963991443,
68.9911164507075));
#2008=CARTESIAN_POINT('Ctrl Pts',(0.00175696470386821,6.98517635345788,
69.000001013279));
#2009=CARTESIAN_POINT('',(-3.08148791101958E-32,0.,69.000001013279));
#2010=CARTESIAN_POINT('Ctrl Pts',(-7.7,-8.00615252071602E-16,88.));
#2011=CARTESIAN_POINT('Ctrl Pts',(-7.8,-8.14391726185669E-16,81.3333333333333));
#2012=CARTESIAN_POINT('Ctrl Pts',(-7.9,-8.28168200299737E-16,74.6666666666667));
#2013=CARTESIAN_POINT('Ctrl Pts',(-8.,-8.41944674413805E-16,68.));
#2014=CARTESIAN_POINT('Ctrl Pts',(-7.7,-0.978007712992537,88.));
#2015=CARTESIAN_POINT('Ctrl Pts',(-7.80012673438202,-0.994870084114484,
81.3333333333333));
#2016=CARTESIAN_POINT('Ctrl Pts',(-7.89987326561797,-1.01163522380328,74.6666666666667));
#2017=CARTESIAN_POINT('Ctrl Pts',(-8.,-1.02849759492523,68.));
#2018=CARTESIAN_POINT('Ctrl Pts',(-7.19854759016121,-2.94122976963836,88.));
#2019=CARTESIAN_POINT('Ctrl Pts',(-7.28945903155789,-2.99158135211961,81.3333333333333));
#2020=CARTESIAN_POINT('Ctrl Pts',(-7.38044162788538,-3.04202172486467,74.6666666666667));
#2021=CARTESIAN_POINT('Ctrl Pts',(-7.47135306928206,-3.09237330734592,68.));
#2022=CARTESIAN_POINT('Ctrl Pts',(-5.04021492105511,-5.36804290618035,88.));
#2023=CARTESIAN_POINT('Ctrl Pts',(-5.09920316504403,-5.45268156326771,81.3333333333333));
#2024=CARTESIAN_POINT('Ctrl Pts',(-5.15804722745378,-5.53724857376273,74.6666666666667));
#2025=CARTESIAN_POINT('Ctrl Pts',(-5.21703547144271,-5.62188723085008,68.));
#2026=CARTESIAN_POINT('Ctrl Pts',(-1.80570292272699,-6.75689151199347,88.));
#2027=CARTESIAN_POINT('Ctrl Pts',(-1.82575689342639,-6.8575533605127,81.3333333333333));
#2028=CARTESIAN_POINT('Ctrl Pts',(-1.8458032870153,-6.9582309987961,74.6666666666667));
#2029=CARTESIAN_POINT('Ctrl Pts',(-1.86585725771471,-7.05889284731533,68.));
#2030=CARTESIAN_POINT('Ctrl Pts',(1.80485416913947,-6.75890666771683,88.));
#2031=CARTESIAN_POINT('Ctrl Pts',(1.82491890139642,-6.85961685337363,81.3333333333334));
#2032=CARTESIAN_POINT('Ctrl Pts',(1.84502985347816,-6.96031626810268,74.6666666666667));
#2033=CARTESIAN_POINT('Ctrl Pts',(1.86509458573511,-7.06102645375947,68.));
#2034=CARTESIAN_POINT('Ctrl Pts',(5.03785263159875,-5.3673411930837,88.));
#2035=CARTESIAN_POINT('Ctrl Pts',(5.09680702320358,-5.45191496874195,81.3333333333333));
#2036=CARTESIAN_POINT('Ctrl Pts',(5.15581200852349,-5.53651715728319,74.6666666666667));
#2037=CARTESIAN_POINT('Ctrl Pts',(5.21476640012832,-5.62109093294144,68.));
#2038=CARTESIAN_POINT('Ctrl Pts',(7.19953126128127,-2.93996374228234,88.));
#2039=CARTESIAN_POINT('Ctrl Pts',(7.29053588435494,-2.99042155412192,81.3333333333333));
#2040=CARTESIAN_POINT('Ctrl Pts',(7.3814421649857,-3.04085152090101,74.6666666666667));
#2041=CARTESIAN_POINT('Ctrl Pts',(7.47244678805937,-3.09130933274059,68.));
#2042=CARTESIAN_POINT('Ctrl Pts',(7.95273211490825,0.00124148615381417,
88.));
#2043=CARTESIAN_POINT('Ctrl Pts',(8.05725588762693,0.00125265060961838,
81.3333333333333));
#2044=CARTESIAN_POINT('Ctrl Pts',(8.16178974388993,0.00111644117528153,
74.6666666666667));
#2045=CARTESIAN_POINT('Ctrl Pts',(8.2663135166086,0.00112760563108574,68.));
#2046=CARTESIAN_POINT('Ctrl Pts',(7.2807490264842,2.61047711894744,88.));
#2047=CARTESIAN_POINT('Ctrl Pts',(7.3733080305729,2.65522312031425,81.3333333333333));
#2048=CARTESIAN_POINT('Ctrl Pts',(7.46584795830404,2.70001007759212,74.6666666666667));
#2049=CARTESIAN_POINT('Ctrl Pts',(7.55840696239274,2.74475607895893,68.));
#2050=CARTESIAN_POINT('Ctrl Pts',(5.36542977946016,5.13168142678429,88.));
#2051=CARTESIAN_POINT('Ctrl Pts',(5.42879584139297,5.21350498560141,81.3333333333334));
#2052=CARTESIAN_POINT('Ctrl Pts',(5.49217232177434,5.29536276204079,74.6666666666667));
#2053=CARTESIAN_POINT('Ctrl Pts',(5.55553838370715,5.3771863208579,68.));
#2054=CARTESIAN_POINT('Ctrl Pts',(2.2137800579192,6.76024152582186,88.));
#2055=CARTESIAN_POINT('Ctrl Pts',(2.23823643879357,6.86098837966571,81.3333333333334));
#2056=CARTESIAN_POINT('Ctrl Pts',(2.26275830455459,6.96168374276897,74.6666666666667));
#2057=CARTESIAN_POINT('Ctrl Pts',(2.28721468542896,7.06243059661283,68.));
#2058=CARTESIAN_POINT('Ctrl Pts',(-1.81004461783303,6.75635584326858,88.));
#2059=CARTESIAN_POINT('Ctrl Pts',(-1.83008754493387,6.85698388011897,81.3333333333333));
#2060=CARTESIAN_POINT('Ctrl Pts',(-1.85014527815951,6.95769274505412,74.6666666666667));
#2061=CARTESIAN_POINT('Ctrl Pts',(-1.87018820526035,7.0583207819045,68.));
#2062=CARTESIAN_POINT('Ctrl Pts',(-5.03358720032996,5.36866229122957,88.));
#2063=CARTESIAN_POINT('Ctrl Pts',(-5.0925552271734,5.45334097128181,81.3333333333333));
#2064=CARTESIAN_POINT('Ctrl Pts',(-5.15141857612044,5.53797190007172,74.6666666666667));
#2065=CARTESIAN_POINT('Ctrl Pts',(-5.21038660296388,5.62265058012397,68.));
#2066=CARTESIAN_POINT('Ctrl Pts',(-7.20304951349924,2.93705490828937,88.));
#2067=CARTESIAN_POINT('Ctrl Pts',(-7.29400401691085,2.98733710027183,81.3333333333333));
#2068=CARTESIAN_POINT('Ctrl Pts',(-7.38503990144444,3.03772610769539,74.6666666666667));
#2069=CARTESIAN_POINT('Ctrl Pts',(-7.47599440485606,3.08800829967785,68.));
#2070=CARTESIAN_POINT('Ctrl Pts',(-7.7,0.978007712992537,88.));
#2071=CARTESIAN_POINT('Ctrl Pts',(-7.80010739779205,0.994896064202127,81.3333333333333));
#2072=CARTESIAN_POINT('Ctrl Pts',(-7.89989260220794,1.01160924371564,74.6666666666667));
#2073=CARTESIAN_POINT('Ctrl Pts',(-8.,1.02849759492523,68.));
#2074=CARTESIAN_POINT('Ctrl Pts',(-7.7,8.00615252071602E-16,88.));
#2075=CARTESIAN_POINT('Ctrl Pts',(-7.8,8.14391726185669E-16,81.3333333333333));
#2076=CARTESIAN_POINT('Ctrl Pts',(-7.9,8.28168200299737E-16,74.6666666666667));
#2077=CARTESIAN_POINT('Ctrl Pts',(-8.,8.41944674413805E-16,68.));
#2078=CARTESIAN_POINT('Ctrl Pts',(4.16333634234434E-16,-6.98499998480082,
69.000001013279));
#2079=CARTESIAN_POINT('Ctrl Pts',(0.7997651772122,-6.97300350714263,69.7997661904912));
#2080=CARTESIAN_POINT('Ctrl Pts',(1.60423472473474,-6.85565648308853,70.6042357380137));
#2081=CARTESIAN_POINT('Ctrl Pts',(3.3121576483402,-6.35863214644223,72.3121586616192));
#2082=CARTESIAN_POINT('Ctrl Pts',(4.23442098156968,-5.92532861772126,73.2344219948486));
#2083=CARTESIAN_POINT('Ctrl Pts',(5.64509009078574,-4.8698114073874,74.6450911040647));
#2084=CARTESIAN_POINT('Ctrl Pts',(6.19573879961117,-4.33349342564775,75.1957398128901));
#2085=CARTESIAN_POINT('Ctrl Pts',(7.06354253698762,-3.11693460662823,76.0635435502666));
#2086=CARTESIAN_POINT('Ctrl Pts',(7.40485241882535,-2.45707918071476,76.4048534321257));
#2087=CARTESIAN_POINT('Ctrl Pts',(7.74341295312659,-1.29431664956898,76.743413966427));
#2088=CARTESIAN_POINT('Ctrl Pts',(7.82325707371149,-0.856520505249321,76.8232580869905));
#2089=CARTESIAN_POINT('Ctrl Pts',(7.8795815343663,-0.014711945989799,76.8795825476453));
#2090=CARTESIAN_POINT('Ctrl Pts',(7.86780236934576,0.37571587988452,76.8678033826334));
#2091=CARTESIAN_POINT('Ctrl Pts',(7.75477683330362,1.27048361702171,76.7547778465913));
#2092=CARTESIAN_POINT('Ctrl Pts',(7.62855933327119,1.75511408669432,76.6285603465501));
#2093=CARTESIAN_POINT('Ctrl Pts',(7.16836434404711,2.95494046036755,76.1683653573261));
#2094=CARTESIAN_POINT('Ctrl Pts',(6.7603019288694,3.60216106984974,75.7603029421484));
#2095=CARTESIAN_POINT('Ctrl Pts',(5.69625091588758,4.85807711282931,74.6962519291666));
#2096=CARTESIAN_POINT('Ctrl Pts',(4.94501610791601,5.46367368855909,73.945017121195));
#2097=CARTESIAN_POINT('Ctrl Pts',(2.85383719639214,6.599868271652,71.8538382096711));
#2098=CARTESIAN_POINT('Ctrl Pts',(1.44278663778463,6.96335818523405,70.4427876510636));
#2099=CARTESIAN_POINT('Ctrl Pts',(-1.94289029309402E-15,6.98499998480082,
69.000001013279));
#2100=CARTESIAN_POINT('',(-8.,-8.41944926219262E-16,68.));
#2101=CARTESIAN_POINT('Ctrl Pts',(-0.999783234758934,6.94510826869128,68.0000000000002));
#2102=CARTESIAN_POINT('Ctrl Pts',(-1.26997199848095,6.91533898650457,68.0000000000002));
#2103=CARTESIAN_POINT('Ctrl Pts',(-1.53831074573116,6.87351266203392,68.0000000000001));
#2104=CARTESIAN_POINT('Ctrl Pts',(-1.80327750460754,6.81965888714733,68.0000000000001));
#2105=CARTESIAN_POINT('Ctrl Pts',(-2.98358767116153,6.57976404797766,68.0000000000001));
#2106=CARTESIAN_POINT('Ctrl Pts',(-4.09698713706271,6.10120731405081,68.0000000000001));
#2107=CARTESIAN_POINT('Ctrl Pts',(-5.03128817032866,5.43948856701303,68.0000000000001));
#2108=CARTESIAN_POINT('Ctrl Pts',(-5.96558920359461,4.77776981997526,68.0000000000001));
#2109=CARTESIAN_POINT('Ctrl Pts',(-6.72079180422533,3.93288905982655,68.0000000000001));
#2110=CARTESIAN_POINT('Ctrl Pts',(-7.22939450332668,2.99557100356404,68.));
#2111=CARTESIAN_POINT('Ctrl Pts',(-7.73799720242803,2.05825294730154,68.));
#2112=CARTESIAN_POINT('Ctrl Pts',(-8.,1.02849759492523,68.));
#2113=CARTESIAN_POINT('Ctrl Pts',(-8.,1.11022302462516E-15,68.));
#2114=CARTESIAN_POINT('',(-7.7,-8.00615252071602E-16,88.));
#2115=CARTESIAN_POINT('Ctrl Pts',(-8.,-2.42467276318572E-16,68.));
#2116=CARTESIAN_POINT('Ctrl Pts',(-7.99999999999997,-1.02849759492523,68.0000000000019));
#2117=CARTESIAN_POINT('Ctrl Pts',(-7.73567653464097,-2.06043545113556,68.0000000000038));
#2118=CARTESIAN_POINT('Ctrl Pts',(-7.22779520232158,-2.99799003315807,68.0000000000056));
#2119=CARTESIAN_POINT('Ctrl Pts',(-6.71991387000218,-3.93554461518058,68.0000000000075));
#2120=CARTESIAN_POINT('Ctrl Pts',(-5.96847467072239,-4.77871592301526,68.0000000000093));
#2121=CARTESIAN_POINT('Ctrl Pts',(-5.0342253687945,-5.43980251301013,68.0000000000112));
#2122=CARTESIAN_POINT('Ctrl Pts',(-4.09997606686661,-6.10088910300499,68.000000000013));
#2123=CARTESIAN_POINT('Ctrl Pts',(-2.98291666229063,-6.57989097516003,68.0000000000149));
#2124=CARTESIAN_POINT('Ctrl Pts',(-1.80256165276102,-6.81974751231157,68.0000000000168));
#2125=CARTESIAN_POINT('Ctrl Pts',(-1.53793290396648,-6.87352195712194,68.0000000000172));
#2126=CARTESIAN_POINT('Ctrl Pts',(-1.27012272565048,-6.91527623040137,68.0000000000176));
#2127=CARTESIAN_POINT('Ctrl Pts',(-1.00056046310434,-6.94499681514549,68.000000000018));
#2128=CARTESIAN_POINT('Origin',(-3.08148791101958E-32,0.,69.000001013279));
#2129=CARTESIAN_POINT('Origin',(-0.727291660606539,-6.19192354991962E-5,
68.));
#2130=CARTESIAN_POINT('',(0.,0.,0.));
#2131=CARTESIAN_POINT('',(0.,0.,0.));
#2132=CARTESIAN_POINT('',(0.,0.,0.));
#2133=UNCERTAINTY_MEASURE_WITH_UNIT(LENGTH_MEASURE(0.01),#2143,
'DISTANCE_ACCURACY_VALUE',
'Maximum model space distance between geometric entities at asserted c
onnectivities');
#2134=UNCERTAINTY_MEASURE_WITH_UNIT(LENGTH_MEASURE(0.01),#2143,
'DISTANCE_ACCURACY_VALUE',
'Maximum model space distance between geometric entities at asserted c
onnectivities');
#2135=UNCERTAINTY_MEASURE_WITH_UNIT(LENGTH_MEASURE(0.01),#2143,
'DISTANCE_ACCURACY_VALUE',
'Maximum model space distance between geometric entities at asserted c
onnectivities');
#2136=UNCERTAINTY_MEASURE_WITH_UNIT(LENGTH_MEASURE(0.01),#2143,
'DISTANCE_ACCURACY_VALUE',
'Maximum model space distance between geometric entities at asserted c
onnectivities');
#2137=UNCERTAINTY_MEASURE_WITH_UNIT(LENGTH_MEASURE(0.01),#2143,
'DISTANCE_ACCURACY_VALUE',
'Maximum model space distance between geometric entities at asserted c
onnectivities');
#2138=(
GEOMETRIC_REPRESENTATION_CONTEXT(3)
GLOBAL_UNCERTAINTY_ASSIGNED_CONTEXT((#2133))
GLOBAL_UNIT_ASSIGNED_CONTEXT((#2143,#2145,#2146))
REPRESENTATION_CONTEXT('','3D')
);
#2139=(
GEOMETRIC_REPRESENTATION_CONTEXT(3)
GLOBAL_UNCERTAINTY_ASSIGNED_CONTEXT((#2134))
GLOBAL_UNIT_ASSIGNED_CONTEXT((#2143,#2145,#2146))
REPRESENTATION_CONTEXT('','3D')
);
#2140=(
GEOMETRIC_REPRESENTATION_CONTEXT(3)
GLOBAL_UNCERTAINTY_ASSIGNED_CONTEXT((#2135))
GLOBAL_UNIT_ASSIGNED_CONTEXT((#2143,#2145,#2146))
REPRESENTATION_CONTEXT('','3D')
);
#2141=(
GEOMETRIC_REPRESENTATION_CONTEXT(3)
GLOBAL_UNCERTAINTY_ASSIGNED_CONTEXT((#2136))
GLOBAL_UNIT_ASSIGNED_CONTEXT((#2143,#2145,#2146))
REPRESENTATION_CONTEXT('','3D')
);
#2142=(
GEOMETRIC_REPRESENTATION_CONTEXT(3)
GLOBAL_UNCERTAINTY_ASSIGNED_CONTEXT((#2137))
GLOBAL_UNIT_ASSIGNED_CONTEXT((#2143,#2145,#2146))
REPRESENTATION_CONTEXT('','3D')
);
#2143=(
LENGTH_UNIT()
NAMED_UNIT(*)
SI_UNIT(.MILLI.,.METRE.)
);
#2144=(
LENGTH_UNIT()
NAMED_UNIT(*)
SI_UNIT($,.METRE.)
);
#2145=(
NAMED_UNIT(*)
PLANE_ANGLE_UNIT()
SI_UNIT($,.RADIAN.)
);
#2146=(
NAMED_UNIT(*)
SI_UNIT($,.STERADIAN.)
SOLID_ANGLE_UNIT()
);
#2147=SHAPE_DEFINITION_REPRESENTATION(#2151,#2158);
#2148=SHAPE_DEFINITION_REPRESENTATION(#2152,#2159);
#2149=SHAPE_DEFINITION_REPRESENTATION(#2153,#2160);
#2150=SHAPE_DEFINITION_REPRESENTATION(#2154,#2161);
#2151=PRODUCT_DEFINITION_SHAPE('',$,#2163);
#2152=PRODUCT_DEFINITION_SHAPE('',$,#2164);
#2153=PRODUCT_DEFINITION_SHAPE('',$,#2165);
#2154=PRODUCT_DEFINITION_SHAPE('',$,#2166);
#2155=PRODUCT_DEFINITION_SHAPE($,$,#20);
#2156=PRODUCT_DEFINITION_SHAPE($,$,#21);
#2157=PRODUCT_DEFINITION_SHAPE($,$,#22);
#2158=SHAPE_REPRESENTATION('',(#666,#719,#720,#721),#2138);
#2159=SHAPE_REPRESENTATION('',(#667),#2139);
#2160=SHAPE_REPRESENTATION('',(#685),#2140);
#2161=SHAPE_REPRESENTATION('',(#701),#2141);
#2162=PRODUCT_DEFINITION_CONTEXT('part definition',#2176,'design');
#2163=PRODUCT_DEFINITION('2025-12-07-23-45-35-518','Pinky Finger',#2167,
#2162);
#2164=PRODUCT_DEFINITION('2025-12-07-23-49-38-259','Proximal phalanx',#2168,
#2162);
#2165=PRODUCT_DEFINITION('2025-12-07-23-54-06-963','Middle phalanx',#2169,
#2162);
#2166=PRODUCT_DEFINITION('2025-12-07-23-59-18-244','Distal phalanx',#2170,
#2162);
#2167=PRODUCT_DEFINITION_FORMATION('',$,#2178);
#2168=PRODUCT_DEFINITION_FORMATION('',$,#2179);
#2169=PRODUCT_DEFINITION_FORMATION('',$,#2180);
#2170=PRODUCT_DEFINITION_FORMATION('',$,#2181);
#2171=PRODUCT_RELATED_PRODUCT_CATEGORY('Pinky Finger','Pinky Finger',(#2178));
#2172=PRODUCT_RELATED_PRODUCT_CATEGORY('Proximal phalanx',
'Proximal phalanx',(#2179));
#2173=PRODUCT_RELATED_PRODUCT_CATEGORY('Middle phalanx',
'Middle phalanx',(#2180));
#2174=PRODUCT_RELATED_PRODUCT_CATEGORY('Distal phalanx',
'Distal phalanx',(#2181));
#2175=APPLICATION_PROTOCOL_DEFINITION('international standard',
'automotive_design',2009,#2176);
#2176=APPLICATION_CONTEXT(
'Core Data for Automotive Mechanical Design Process');
#2177=PRODUCT_CONTEXT('part definition',#2176,'mechanical');
#2178=PRODUCT('2025-12-07-23-45-35-518','Pinky Finger',$,(#2177));
#2179=PRODUCT('2025-12-07-23-49-38-259','Proximal phalanx',$,(#2177));
#2180=PRODUCT('2025-12-07-23-54-06-963','Middle phalanx',$,(#2177));
#2181=PRODUCT('2025-12-07-23-59-18-244','Distal phalanx',$,(#2177));
#2182=PRESENTATION_STYLE_ASSIGNMENT((#2183));
#2183=SURFACE_STYLE_USAGE(.BOTH.,#2184);
#2184=SURFACE_SIDE_STYLE('',(#2185));
#2185=SURFACE_STYLE_FILL_AREA(#2186);
#2186=FILL_AREA_STYLE('Steel - Satin',(#2187));
#2187=FILL_AREA_STYLE_COLOUR('Steel - Satin',#2188);
#2188=COLOUR_RGB('Steel - Satin',0.627450980392157,0.627450980392157,0.627450980392157);
ENDSEC;
END-ISO-10303-21;
