ISO-10303-21;
HEADER;
/* Generated by software containing ST-Developer
 * from STEP Tools, Inc. (www.steptools.com) 
 */

FILE_DESCRIPTION(
/* description */ (''),
/* implementation_level */ '2;1');

FILE_NAME(
/* name */ 'Ring Finger.step',
/* time_stamp */ '2026-01-04T20:33:23Z',
/* author */ (''),
/* organization */ (''),
/* preprocessor_version */ 'ST-DEVELOPER v20.1',
/* originating_system */ 'Autodesk Translation Framework v14.21.0.0',
/* authorisation */ '');

FILE_SCHEMA (('AUTOMOTIVE_DESIGN { 1 0 10303 214 3 1 1 }'));
ENDSEC;

DATA;
#10=MECHANICAL_DESIGN_GEOMETRIC_PRESENTATION_REPRESENTATION('',(#29,#30,
#31),#2118);
#11=ITEM_DEFINED_TRANSFORMATION($,$,#667,#719);
#12=ITEM_DEFINED_TRANSFORMATION($,$,#685,#720);
#13=ITEM_DEFINED_TRANSFORMATION($,$,#701,#721);
#14=(
REPRESENTATION_RELATIONSHIP($,$,#2135,#2134)
REPRESENTATION_RELATIONSHIP_WITH_TRANSFORMATION(#11)
SHAPE_REPRESENTATION_RELATIONSHIP()
);
#15=(
REPRESENTATION_RELATIONSHIP($,$,#2136,#2134)
REPRESENTATION_RELATIONSHIP_WITH_TRANSFORMATION(#12)
SHAPE_REPRESENTATION_RELATIONSHIP()
);
#16=(
REPRESENTATION_RELATIONSHIP($,$,#2137,#2134)
REPRESENTATION_RELATIONSHIP_WITH_TRANSFORMATION(#13)
SHAPE_REPRESENTATION_RELATIONSHIP()
);
#17=CONTEXT_DEPENDENT_SHAPE_REPRESENTATION(#14,#2131);
#18=CONTEXT_DEPENDENT_SHAPE_REPRESENTATION(#15,#2132);
#19=CONTEXT_DEPENDENT_SHAPE_REPRESENTATION(#16,#2133);
#20=NEXT_ASSEMBLY_USAGE_OCCURRENCE('Proximal phalanx:1',
'Proximal phalanx:1','Proximal phalanx:1',#2139,#2140,
'Proximal phalanx:1');
#21=NEXT_ASSEMBLY_USAGE_OCCURRENCE('Middle phalanx:1',
'Middle phalanx:1','Middle phalanx:1',#2139,#2141,'Middle phalanx:1');
#22=NEXT_ASSEMBLY_USAGE_OCCURRENCE('Distal phalanx:1',
'Distal phalanx:1','Distal phalanx:1',#2139,#2142,'Distal phalanx:1');
#23=SHAPE_REPRESENTATION_RELATIONSHIP('SRR','None',#2135,#26);
#24=SHAPE_REPRESENTATION_RELATIONSHIP('SRR','None',#2136,#27);
#25=SHAPE_REPRESENTATION_RELATIONSHIP('SRR','None',#2137,#28);
#26=ADVANCED_BREP_SHAPE_REPRESENTATION('',(#32),#2115);
#27=ADVANCED_BREP_SHAPE_REPRESENTATION('',(#33),#2116);
#28=ADVANCED_BREP_SHAPE_REPRESENTATION('',(#34),#2117);
#29=STYLED_ITEM('',(#2158),#32);
#30=STYLED_ITEM('',(#2158),#33);
#31=STYLED_ITEM('',(#2158),#34);
#32=MANIFOLD_SOLID_BREP('Body1',#629);
#33=MANIFOLD_SOLID_BREP('Body1',#630);
#34=MANIFOLD_SOLID_BREP('Body1',#631);
#35=FACE_BOUND('',#156,.T.);
#36=FACE_BOUND('',#157,.T.);
#37=FACE_BOUND('',#159,.T.);
#38=FACE_BOUND('',#161,.T.);
#39=FACE_BOUND('',#164,.T.);
#40=FACE_BOUND('',#165,.T.);
#41=FACE_BOUND('',#172,.T.);
#42=FACE_BOUND('',#173,.T.);
#43=FACE_BOUND('',#175,.T.);
#44=FACE_BOUND('',#177,.T.);
#45=FACE_BOUND('',#180,.T.);
#46=FACE_BOUND('',#181,.T.);
#47=FACE_BOUND('',#195,.T.);
#48=FACE_BOUND('',#197,.T.);
#49=FACE_BOUND('',#198,.T.);
#50=PLANE('',#678);
#51=PLANE('',#679);
#52=PLANE('',#681);
#53=PLANE('',#684);
#54=PLANE('',#694);
#55=PLANE('',#695);
#56=PLANE('',#697);
#57=PLANE('',#700);
#58=PLANE('',#709);
#59=PLANE('',#717);
#60=PLANE('',#718);
#61=ELLIPSE('',#675,9.,8.);
#62=ELLIPSE('',#676,9.,8.);
#63=ELLIPSE('',#680,1.76776695296637,1.25);
#64=ELLIPSE('',#682,1.76776695296637,1.25);
#65=ELLIPSE('',#696,1.76776695296637,1.25);
#66=ELLIPSE('',#698,1.76776695296637,1.25);
#67=ELLIPSE('',#707,1.76776695296637,1.25);
#68=B_SPLINE_SURFACE_WITH_KNOTS('',3,3,((#938,#939,#940,#941),(#942,#943,
#944,#945),(#946,#947,#948,#949),(#950,#951,#952,#953),(#954,#955,#956,
#957),(#958,#959,#960,#961),(#962,#963,#964,#965),(#966,#967,#968,#969),
(#970,#971,#972,#973),(#974,#975,#976,#977),(#978,#979,#980,#981),(#982,
#983,#984,#985),(#986,#987,#988,#989),(#990,#991,#992,#993),(#994,#995,
#996,#997),(#998,#999,#1000,#1001),(#1002,#1003,#1004,#1005)),
 .UNSPECIFIED.,.T.,.F.,.F.,(4,1,1,1,1,1,1,1,1,1,1,1,1,1,4),(4,4),(0.,0.0714285714285714,
0.142857142857143,0.214285714285714,0.285714285714286,0.357142857142857,
0.428571428571429,0.523809523809524,0.571428571428571,0.666666666666667,
0.714285714285714,0.785714285714286,0.857142857142857,0.928571428571429,
1.),(0.,1.),.UNSPECIFIED.);
#69=B_SPLINE_SURFACE_WITH_KNOTS('',3,3,((#1235,#1236,#1237,#1238),(#1239,
#1240,#1241,#1242),(#1243,#1244,#1245,#1246),(#1247,#1248,#1249,#1250),
(#1251,#1252,#1253,#1254),(#1255,#1256,#1257,#1258),(#1259,#1260,#1261,
#1262),(#1263,#1264,#1265,#1266),(#1267,#1268,#1269,#1270),(#1271,#1272,
#1273,#1274),(#1275,#1276,#1277,#1278),(#1279,#1280,#1281,#1282),(#1283,
#1284,#1285,#1286),(#1287,#1288,#1289,#1290),(#1291,#1292,#1293,#1294),
(#1295,#1296,#1297,#1298),(#1299,#1300,#1301,#1302),(#1303,#1304,#1305,
#1306)),.UNSPECIFIED.,.T.,.F.,.F.,(4,1,1,1,1,1,1,1,1,1,1,1,1,1,1,4),(4,
4),(0.,0.0714285714285714,0.142857142857143,0.214285714285714,0.285714285714286,
0.357142857142857,0.428571428571429,0.476190476190476,0.571428571428571,
0.619047619047619,0.666666666666667,0.714285714285714,0.785714285714286,
0.857142857142857,0.928571428571429,1.),(0.,1.),.UNSPECIFIED.);
#70=B_SPLINE_SURFACE_WITH_KNOTS('',3,3,((#1476,#1477,#1478,#1479,#1480,
#1481,#1482,#1483,#1484,#1485,#1486),(#1487,#1488,#1489,#1490,#1491,#1492,
#1493,#1494,#1495,#1496,#1497),(#1498,#1499,#1500,#1501,#1502,#1503,#1504,
#1505,#1506,#1507,#1508),(#1509,#1510,#1511,#1512,#1513,#1514,#1515,#1516,
#1517,#1518,#1519),(#1520,#1521,#1522,#1523,#1524,#1525,#1526,#1527,#1528,
#1529,#1530)),.UNSPECIFIED.,.F.,.F.,.F.,(4,1,4),(4,1,1,1,1,1,1,1,4),(0.,
0.571428571428571,1.),(0.,0.0633066191844222,0.126613238368844,0.253226476737689,
0.316533095922111,0.506452953475378,0.696372811028645,0.759679430213067,
0.886292668581911),.UNSPECIFIED.);
#71=B_SPLINE_SURFACE_WITH_KNOTS('',3,3,((#1604,#1605,#1606,#1607,#1608,
#1609,#1610,#1611,#1612,#1613),(#1614,#1615,#1616,#1617,#1618,#1619,#1620,
#1621,#1622,#1623),(#1624,#1625,#1626,#1627,#1628,#1629,#1630,#1631,#1632,
#1633),(#1634,#1635,#1636,#1637,#1638,#1639,#1640,#1641,#1642,#1643),(#1644,
#1645,#1646,#1647,#1648,#1649,#1650,#1651,#1652,#1653)),.UNSPECIFIED.,.F.,
 .F.,.F.,(4,1,4),(4,1,1,1,1,1,1,4),(0.,0.571428571428571,1.),(0.12134817166733,
0.247961410605349,0.374574649543368,0.627801127419406,0.754414366357425,
0.881027605295444,0.944334224764454,1.00764084423346),.UNSPECIFIED.);
#72=B_SPLINE_SURFACE_WITH_KNOTS('',3,3,((#1722,#1723,#1724,#1725,#1726),
(#1727,#1728,#1729,#1730,#1731),(#1732,#1733,#1734,#1735,#1736),(#1737,
#1738,#1739,#1740,#1741),(#1742,#1743,#1744,#1745,#1746)),.UNSPECIFIED.,
 .F.,.F.,.F.,(4,1,4),(4,1,4),(0.,0.571428571428571,1.),(8.72527485797342E-17,
0.0693291257751731,0.121325970106553),.UNSPECIFIED.);
#73=B_SPLINE_SURFACE_WITH_KNOTS('',3,3,((#1769,#1770,#1771,#1772,#1773),
(#1774,#1775,#1776,#1777,#1778),(#1779,#1780,#1781,#1782,#1783),(#1784,
#1785,#1786,#1787,#1788),(#1789,#1790,#1791,#1792,#1793)),.UNSPECIFIED.,
 .F.,.F.,.F.,(4,1,4),(4,1,4),(0.,0.571428571428571,1.),(0.,0.0520061076903848,
0.121347584610898),.UNSPECIFIED.);
#74=B_SPLINE_SURFACE_WITH_KNOTS('',3,1,((#1813,#1814),(#1815,#1816),(#1817,
#1818),(#1819,#1820),(#1821,#1822),(#1823,#1824),(#1825,#1826),(#1827,#1828),
(#1829,#1830),(#1831,#1832),(#1833,#1834),(#1835,#1836),(#1837,#1838)),
 .UNSPECIFIED.,.F.,.F.,.F.,(4,3,3,3,4),(2,2),(-3.14159265358979,-2.32476074342419,
-1.538445141775,-0.761498554769071,0.),(0.,0.5),.UNSPECIFIED.);
#75=B_SPLINE_SURFACE_WITH_KNOTS('',3,1,((#1864,#1865),(#1866,#1867),(#1868,
#1869),(#1870,#1871),(#1872,#1873),(#1874,#1875),(#1876,#1877),(#1878,#1879),
(#1880,#1881),(#1882,#1883),(#1884,#1885),(#1886,#1887),(#1888,#1889),(#1890,
#1891),(#1892,#1893),(#1894,#1895)),.UNSPECIFIED.,.F.,.F.,.F.,(4,3,3,3,
3,4),(2,2),(0.,0.113692322342696,0.916820742609711,1.6899406921876,2.45181168844408,
3.14159265358979),(0.,0.5),.UNSPECIFIED.);
#76=B_SPLINE_SURFACE_WITH_KNOTS('',3,3,((#1992,#1993,#1994,#1995),(#1996,
#1997,#1998,#1999),(#2000,#2001,#2002,#2003),(#2004,#2005,#2006,#2007),
(#2008,#2009,#2010,#2011),(#2012,#2013,#2014,#2015),(#2016,#2017,#2018,
#2019),(#2020,#2021,#2022,#2023),(#2024,#2025,#2026,#2027),(#2028,#2029,
#2030,#2031),(#2032,#2033,#2034,#2035),(#2036,#2037,#2038,#2039),(#2040,
#2041,#2042,#2043),(#2044,#2045,#2046,#2047),(#2048,#2049,#2050,#2051),
(#2052,#2053,#2054,#2055)),.UNSPECIFIED.,.T.,.F.,.F.,(4,1,1,1,1,1,1,1,1,
1,1,1,1,4),(4,4),(0.,0.0714285714285714,0.142857142857143,0.214285714285714,
0.285714285714286,0.357142857142857,0.428571428571429,0.571428571428571,
0.666666666666667,0.714285714285714,0.785714285714286,0.857142857142857,
0.928571428571429,1.),(0.,1.),.UNSPECIFIED.);
#77=B_SPLINE_CURVE_WITH_KNOTS('',3,(#875,#876,#877,#878,#879,#880,#881,
#882,#883,#884,#885,#886,#887,#888,#889,#890,#891,#892,#893,#894,#895,#896,
#897,#898,#899,#900,#901,#902),.UNSPECIFIED.,.F.,.F.,(4,3,3,3,3,3,3,3,3,
4),(-0.157719823626018,-0.151730616964113,-0.132382709035473,-0.113034801106832,
-0.0899895522680325,-0.073244282025645,-0.0512483843895219,-0.0354087128344098,
-0.0168154245878477,0.),.UNSPECIFIED.);
#78=B_SPLINE_CURVE_WITH_KNOTS('',3,(#906,#907,#908,#909,#910,#911,#912,
#913,#914,#915,#916,#917,#918,#919,#920,#921,#922,#923,#924,#925,#926,#927,
#928,#929,#930,#931,#932,#933,#934,#935,#936),.UNSPECIFIED.,.F.,.F.,(4,
3,3,3,3,3,3,3,3,3,4),(0.,0.0183623193139033,0.0221104313602282,0.0421799555893315,
0.0587355315158825,0.0904770137063158,0.0983678899912616,0.118284053831206,
0.138200217671151,0.156361432912898,0.15769770227741),.UNSPECIFIED.);
#79=B_SPLINE_CURVE_WITH_KNOTS('',3,(#1006,#1007,#1008,#1009,#1010,#1011,
#1012,#1013,#1014,#1015,#1016,#1017,#1018,#1019,#1020,#1021,#1022,#1023,
#1024,#1025),.UNSPECIFIED.,.F.,.F.,(4,2,2,2,2,2,2,2,2,4),(-3.92527165299987,
-3.33388788711601,-2.80933717972549,-2.43715961940777,-2.15777812532736,
-1.89988349394764,-1.62003487053773,-1.25601107756457,-0.747005754404833,
-0.0500637579051217),.UNSPECIFIED.);
#80=B_SPLINE_CURVE_WITH_KNOTS('',3,(#1031,#1032,#1033,#1034,#1035,#1036,
#1037,#1038,#1039,#1040,#1041,#1042,#1043),.UNSPECIFIED.,.F.,.F.,(4,3,3,
3,4),(1.68795601525481,1.79519580205131,2.24399475256414,2.69279370307697,
3.14159265358979),.UNSPECIFIED.);
#81=B_SPLINE_CURVE_WITH_KNOTS('',3,(#1045,#1046,#1047,#1048,#1049,#1050,
#1051,#1052,#1053,#1054,#1055,#1056,#1057,#1058,#1059,#1060,#1061,#1062,
#1063,#1064,#1065,#1066,#1067,#1068,#1069,#1070,#1071,#1072,#1073,#1074,
#1075),.UNSPECIFIED.,.F.,.F.,(4,3,3,3,3,3,3,3,3,3,4),(-0.157792131287155,
-0.154549544011913,-0.136389825646624,-0.117711540790342,-0.115622983101327,
-0.0934861634083809,-0.0758360578634448,-0.0535066713524975,-0.0371388282153585,
-0.0185694141076792,0.),.UNSPECIFIED.);
#82=B_SPLINE_CURVE_WITH_KNOTS('',3,(#1077,#1078,#1079,#1080,#1081,#1082,
#1083,#1084,#1085,#1086,#1087,#1088,#1089,#1090,#1091,#1092,#1093,#1094,
#1095,#1096),.UNSPECIFIED.,.F.,.F.,(4,2,2,2,2,2,2,2,2,4),(-3.75183315766851,
-3.14808961222255,-2.66176982185772,-2.31600250817921,-2.05554718860695,
-1.81362595097656,-1.5499291326386,-1.20365734768058,-0.715537282486229,
-0.0500654415953401),.UNSPECIFIED.);
#83=B_SPLINE_CURVE_WITH_KNOTS('',3,(#1098,#1099,#1100,#1101,#1102,#1103,
#1104,#1105,#1106,#1107,#1108,#1109,#1110,#1111,#1112,#1113,#1114,#1115,
#1116,#1117,#1118,#1119,#1120,#1121,#1122,#1123,#1124,#1125,#1126,#1127,
#1128),.UNSPECIFIED.,.F.,.F.,(4,3,3,3,3,3,3,3,3,3,4),(0.,0.0180876118219163,
0.0191554896140672,0.038752568716675,0.0568690224818958,0.0882730257677278,
0.0927538607365028,0.112922735936758,0.132473655810798,0.150480296776487,
0.157744191260039),.UNSPECIFIED.);
#84=B_SPLINE_CURVE_WITH_KNOTS('',3,(#1129,#1130,#1131,#1132,#1133,#1134,
#1135,#1136,#1137,#1138,#1139,#1140,#1141),.UNSPECIFIED.,.F.,.F.,(4,3,3,
3,4),(-3.14159265358979,-2.69279370307697,-2.24399475256414,-1.79519580205131,
-1.68795601483288),.UNSPECIFIED.);
#85=B_SPLINE_CURVE_WITH_KNOTS('',3,(#1172,#1173,#1174,#1175,#1176,#1177,
#1178,#1179,#1180,#1181,#1182,#1183,#1184,#1185,#1186,#1187,#1188,#1189,
#1190,#1191,#1192,#1193,#1194,#1195,#1196,#1197,#1198,#1199),
 .UNSPECIFIED.,.F.,.F.,(4,3,3,3,3,3,3,3,3,4),(-0.157689664781721,-0.139638637125306,
-0.120356621441758,-0.102017547322436,-0.0744653719303798,-0.0620347493618,
-0.0416992142362525,-0.0285975159394233,-0.0103632271256851,0.),
 .UNSPECIFIED.);
#86=B_SPLINE_CURVE_WITH_KNOTS('',3,(#1203,#1204,#1205,#1206,#1207,#1208,
#1209,#1210,#1211,#1212,#1213,#1214,#1215,#1216,#1217,#1218,#1219,#1220,
#1221,#1222,#1223,#1224,#1225,#1226,#1227,#1228,#1229,#1230,#1231,#1232,
#1233),.UNSPECIFIED.,.F.,.F.,(4,3,3,3,3,3,3,3,3,3,4),(0.,0.0181228460353295,
0.0213067105153925,0.0408832086548049,0.0529966117371632,0.0789309147757801,
0.0907373842654075,0.111135128025988,0.130401821944921,0.148427836675817,
0.157686087180585),.UNSPECIFIED.);
#87=B_SPLINE_CURVE_WITH_KNOTS('',3,(#1307,#1308,#1309,#1310,#1311,#1312,
#1313,#1314,#1315,#1316,#1317,#1318,#1319,#1320,#1321,#1322,#1323,#1324,
#1325,#1326),.UNSPECIFIED.,.F.,.F.,(4,2,2,2,2,2,2,2,2,4),(-3.81035071237416,
-3.12367968373021,-2.61588417493775,-2.27914062341015,-2.02398514361337,
-1.78435612348157,-1.52379047108287,-1.17545281003537,-0.706743069358202,
-0.050069043784495),.UNSPECIFIED.);
#88=B_SPLINE_CURVE_WITH_KNOTS('',3,(#1328,#1329,#1330,#1331,#1332,#1333,
#1334,#1335,#1336,#1337,#1338,#1339,#1340),.UNSPECIFIED.,.F.,.F.,(4,3,3,
3,4),(1.68798062824562,1.79519580205131,2.24399475256414,2.69279370307697,
3.14159265358979),.UNSPECIFIED.);
#89=B_SPLINE_CURVE_WITH_KNOTS('',3,(#1344,#1345,#1346,#1347,#1348,#1349,
#1350,#1351,#1352,#1353,#1354,#1355,#1356),.UNSPECIFIED.,.F.,.F.,(4,3,3,
3,4),(1.69445028508511,1.79519580205131,2.24399475256414,2.69279370307697,
3.14159265358979),.UNSPECIFIED.);
#90=B_SPLINE_CURVE_WITH_KNOTS('',3,(#1358,#1359,#1360,#1361,#1362,#1363,
#1364,#1365,#1366,#1367,#1368,#1369,#1370,#1371,#1372,#1373,#1374,#1375,
#1376,#1377,#1378,#1379,#1380,#1381,#1382,#1383,#1384,#1385),
 .UNSPECIFIED.,.F.,.F.,(4,3,3,3,3,3,3,3,3,4),(-0.157762402012145,-0.142528345515157,
-0.123576547786598,-0.104624750058039,-0.0780434967532559,-0.0646266736576862,
-0.0440631756959116,-0.03011094265856,-0.0120983169401122,0.),
 .UNSPECIFIED.);
#91=B_SPLINE_CURVE_WITH_KNOTS('',3,(#1387,#1388,#1389,#1390,#1391,#1392,
#1393,#1394,#1395,#1396,#1397,#1398,#1399,#1400,#1401,#1402,#1403,#1404,
#1405,#1406),.UNSPECIFIED.,.F.,.F.,(4,2,2,2,2,2,2,2,2,4),(-3.62943381144431,
-2.92385003038604,-2.46336773333643,-2.15644550110264,-1.92094390162343,
-1.69610087324271,-1.44963259283442,-1.1274588250326,-0.677357423170065,
-0.0500702200130716),.UNSPECIFIED.);
#92=B_SPLINE_CURVE_WITH_KNOTS('',3,(#1408,#1409,#1410,#1411,#1412,#1413,
#1414,#1415,#1416,#1417,#1418,#1419,#1420,#1421,#1422,#1423,#1424,#1425,
#1426,#1427,#1428,#1429,#1430,#1431,#1432,#1433,#1434,#1435),
 .UNSPECIFIED.,.F.,.F.,(4,3,3,3,3,3,3,3,3,4),(0.,0.0182520374149925,0.0372638260335479,
0.0504895789521856,0.0753633079563659,0.0879375413705695,0.108481524107858,
0.127639360544658,0.145482819708724,0.15775896643354),.UNSPECIFIED.);
#93=B_SPLINE_CURVE_WITH_KNOTS('',3,(#1436,#1437,#1438,#1439,#1440,#1441,
#1442,#1443,#1444,#1445,#1446,#1447,#1448),.UNSPECIFIED.,.F.,.F.,(4,3,3,
3,4),(-3.14159265358979,-2.69279370307697,-2.24399475256414,-1.79519580205131,
-1.69452554175672),.UNSPECIFIED.);
#94=B_SPLINE_CURVE_WITH_KNOTS('',3,(#1449,#1450,#1451,#1452,#1453,#1454,
#1455,#1456,#1457,#1458,#1459,#1460,#1461),.UNSPECIFIED.,.F.,.F.,(4,3,3,
3,4),(-3.14159265358979,-2.69279683325137,-2.24400101291295,-1.79520519257453,
-1.68806558508037),.UNSPECIFIED.);
#95=B_SPLINE_CURVE_WITH_KNOTS('',3,(#1533,#1534,#1535,#1536),
 .UNSPECIFIED.,.F.,.F.,(4,4),(0.,0.0638942836737572),.UNSPECIFIED.);
#96=B_SPLINE_CURVE_WITH_KNOTS('',3,(#1538,#1539,#1540,#1541,#1542,#1543,
#1544,#1545,#1546,#1547,#1548,#1549,#1550,#1551,#1552,#1553,#1554,#1555,
#1556,#1557,#1558,#1559,#1560,#1561,#1562,#1563,#1564,#1565,#1566,#1567,
#1568,#1569,#1570,#1571,#1572,#1573),.UNSPECIFIED.,.F.,.F.,(4,2,2,2,2,2,
2,2,2,2,2,2,2,2,2,2,2,4),(0.0638942836737572,0.0747244186558923,0.144258888501084,
0.222189361854766,0.318642859805478,0.437379809174218,0.525467939036407,
0.57546254864812,0.599735985184321,0.619021518223461,0.641636929949804,
0.684922641045745,0.78476638895366,0.884126950027949,0.988082244937044,
1.07435855345571,1.14776163619423,1.21819935203174),.UNSPECIFIED.);
#97=B_SPLINE_CURVE_WITH_KNOTS('',3,(#1575,#1576,#1577,#1578,#1579),
 .UNSPECIFIED.,.F.,.F.,(4,1,4),(-0.0982341847478612,-0.0633066191844222,
0.),.UNSPECIFIED.);
#98=B_SPLINE_CURVE_WITH_KNOTS('',3,(#1583,#1584,#1585,#1586,#1587,#1588,
#1589,#1590,#1591,#1592,#1593),.UNSPECIFIED.,.F.,.F.,(4,1,1,1,1,1,1,1,4),
(0.,0.0633066191844222,0.126613238368844,0.253226476737689,0.316533095922111,
0.506452953475378,0.696372811028645,0.759679430213067,0.886292668581911),
 .UNSPECIFIED.);
#99=B_SPLINE_CURVE_WITH_KNOTS('',3,(#1596,#1597,#1598,#1599,#1600,#1601,
#1602,#1603),.UNSPECIFIED.,.F.,.F.,(4,1,1,1,1,4),(-0.886292668581911,-0.759679430213067,
-0.696372811028645,-0.506452953475378,-0.316533095922111,-0.302642251088477),
 .UNSPECIFIED.);
#100=B_SPLINE_CURVE_WITH_KNOTS('',3,(#1656,#1657,#1658,#1659,#1660,#1661,
#1662,#1663,#1664,#1665,#1666,#1667,#1668,#1669,#1670,#1671,#1672,#1673,
#1674,#1675,#1676,#1677,#1678,#1679,#1680,#1681,#1682,#1683,#1684,#1685,
#1686,#1687,#1688,#1689,#1690,#1691),.UNSPECIFIED.,.F.,.F.,(4,2,2,2,2,2,
2,2,2,2,2,2,2,2,2,2,2,4),(0.,0.0738188963017758,0.143927625310946,0.223966330227743,
0.321784058243136,0.438973791336163,0.529508829086139,0.578157512209713,
0.602366050989459,0.62177339175111,0.644722863807986,0.689560445664973,
0.789987415915373,0.891443719248217,0.998612176777302,1.08404033498379,
1.1580696899361,1.16261647631477),.UNSPECIFIED.);
#101=B_SPLINE_CURVE_WITH_KNOTS('',3,(#1693,#1694,#1695,#1696),
 .UNSPECIFIED.,.F.,.F.,(4,4),(1.16261647631477,1.22685387907929),
 .UNSPECIFIED.);
#102=B_SPLINE_CURVE_WITH_KNOTS('',3,(#1698,#1699,#1700,#1701,#1702,#1703,
#1704),.UNSPECIFIED.,.F.,.F.,(4,1,1,1,4),(-0.704984248273206,-0.627801127419406,
-0.374574649543368,-0.247961410605349,-0.12134817166733),.UNSPECIFIED.);
#103=B_SPLINE_CURVE_WITH_KNOTS('',3,(#1707,#1708,#1709,#1710,#1711,#1712,
#1713,#1714,#1715,#1716),.UNSPECIFIED.,.F.,.F.,(4,1,1,1,1,1,1,4),(0.12134817166733,
0.247961410605349,0.374574649543368,0.627801127419406,0.754414366357425,
0.881027605295444,0.944334224764454,1.00764084423346),.UNSPECIFIED.);
#104=B_SPLINE_CURVE_WITH_KNOTS('',3,(#1717,#1718,#1719,#1720,#1721),
 .UNSPECIFIED.,.F.,.F.,(4,1,4),(-1.00764084423346,-0.944334224764454,-0.90940848613478),
 .UNSPECIFIED.);
#105=B_SPLINE_CURVE_WITH_KNOTS('',3,(#1748,#1749,#1750,#1751,#1752,#1753,
#1754,#1755,#1756,#1757,#1758,#1759,#1760,#1761),.UNSPECIFIED.,.F.,.F.,
(4,2,2,2,2,2,4),(0.251957483134309,0.286086753579444,0.335600327016936,
0.380859118649373,0.427552156228341,0.466327043401153,0.503761287092727),
 .UNSPECIFIED.);
#106=B_SPLINE_CURVE_WITH_KNOTS('',3,(#1763,#1764,#1765,#1766,#1767),
 .UNSPECIFIED.,.F.,.F.,(4,1,4),(8.72527485797342E-17,0.0693291257751731,
0.121325970106553),.UNSPECIFIED.);
#107=B_SPLINE_CURVE_WITH_KNOTS('',3,(#1794,#1795,#1796,#1797,#1798),
 .UNSPECIFIED.,.F.,.F.,(4,1,4),(0.,0.0520061076903848,0.121347584610898),
 .UNSPECIFIED.);
#108=B_SPLINE_CURVE_WITH_KNOTS('',3,(#1799,#1800,#1801,#1802,#1803,#1804,
#1805,#1806,#1807,#1808,#1809,#1810,#1811,#1812),.UNSPECIFIED.,.F.,.F.,
(4,2,2,2,2,2,4),(0.,0.0328331515947963,0.0741082139718204,0.120359608243324,
0.169374727722375,0.210542178183117,0.25176440684469),.UNSPECIFIED.);
#109=B_SPLINE_CURVE_WITH_KNOTS('',3,(#1842,#1843,#1844,#1845,#1846,#1847,
#1848,#1849,#1850,#1851,#1852,#1853,#1854),.UNSPECIFIED.,.F.,.F.,(4,3,3,
3,4),(-3.14159265358979,-2.32476074342419,-1.538445141775,-0.761498554769071,
0.),.UNSPECIFIED.);
#110=B_SPLINE_CURVE_WITH_KNOTS('',3,(#1896,#1897,#1898,#1899,#1900,#1901,
#1902,#1903,#1904,#1905,#1906,#1907,#1908,#1909,#1910,#1911),
 .UNSPECIFIED.,.F.,.F.,(4,3,3,3,3,4),(0.,0.113692322342696,0.916820742609711,
1.6899406921876,2.45181168844408,3.14159265358979),.UNSPECIFIED.);
#111=B_SPLINE_CURVE_WITH_KNOTS('',3,(#1923,#1924,#1925,#1926,#1927,#1928,
#1929,#1930,#1931,#1932,#1933,#1934,#1935,#1936,#1937,#1938,#1939,#1940,
#1941,#1942,#1943,#1944,#1945,#1946,#1947,#1948,#1949,#1950,#1951,#1952,
#1953),.UNSPECIFIED.,.F.,.F.,(4,3,3,3,3,3,3,3,3,3,4),(-0.157697727816138,
-0.139927285813337,-0.131395019930022,-0.111591309942711,-0.0945378111781135,
-0.0658534669670816,-0.0548841795836987,-0.0354173587892328,-0.0246716667395123,
-0.00672201956203665,0.),.UNSPECIFIED.);
#112=B_SPLINE_CURVE_WITH_KNOTS('',3,(#1957,#1958,#1959,#1960,#1961,#1962,
#1963,#1964,#1965,#1966,#1967,#1968,#1969,#1970,#1971,#1972,#1973,#1974,
#1975,#1976,#1977,#1978,#1979,#1980,#1981,#1982,#1983,#1984,#1985,#1986,
#1987,#1988,#1989,#1990),.UNSPECIFIED.,.F.,.F.,(4,3,3,3,3,3,3,3,3,3,3,4),
(0.,0.0130138371660794,0.0315017074246405,0.0398343827605447,0.0619632089993257,
0.0750748502198808,0.098272429204558,0.114555979088616,0.133028932060126,
0.150963125558014,0.154544591119346,0.157680866197415),.UNSPECIFIED.);
#113=B_SPLINE_CURVE_WITH_KNOTS('',3,(#2056,#2057,#2058,#2059,#2060,#2061,
#2062,#2063,#2064,#2065,#2066,#2067,#2068,#2069,#2070,#2071,#2072,#2073,
#2074,#2075),.UNSPECIFIED.,.F.,.F.,(4,2,2,2,2,2,2,2,2,4),(-3.56294526172369,
-2.88624335974032,-2.43041034560812,-2.12764526431031,-1.89606661468638,
-1.67353741491912,-1.42854314737753,-1.10175370685715,-0.669187395539325,
-0.0500721266989696),.UNSPECIFIED.);
#114=B_SPLINE_CURVE_WITH_KNOTS('',3,(#2077,#2078,#2079,#2080,#2081,#2082,
#2083,#2084,#2085,#2086,#2087,#2088,#2089),.UNSPECIFIED.,.F.,.F.,(4,3,3,
3,4),(1.6944468919893,1.79519725281755,2.24399571974163,2.69279418666571,
3.14159265358979),.UNSPECIFIED.);
#115=B_SPLINE_CURVE_WITH_KNOTS('',3,(#2091,#2092,#2093,#2094,#2095,#2096,
#2097,#2098,#2099,#2100,#2101,#2102,#2103),.UNSPECIFIED.,.F.,.F.,(4,3,3,
3,4),(-3.14159265358979,-2.69279936571909,-2.24400607784838,-1.79521278997768,
-1.69459593718528),.UNSPECIFIED.);
#116=FACE_OUTER_BOUND('',#150,.T.);
#117=FACE_OUTER_BOUND('',#151,.T.);
#118=FACE_OUTER_BOUND('',#152,.T.);
#119=FACE_OUTER_BOUND('',#153,.T.);
#120=FACE_OUTER_BOUND('',#154,.T.);
#121=FACE_OUTER_BOUND('',#155,.T.);
#122=FACE_OUTER_BOUND('',#158,.T.);
#123=FACE_OUTER_BOUND('',#160,.T.);
#124=FACE_OUTER_BOUND('',#162,.T.);
#125=FACE_OUTER_BOUND('',#163,.T.);
#126=FACE_OUTER_BOUND('',#166,.T.);
#127=FACE_OUTER_BOUND('',#167,.T.);
#128=FACE_OUTER_BOUND('',#168,.T.);
#129=FACE_OUTER_BOUND('',#169,.T.);
#130=FACE_OUTER_BOUND('',#170,.T.);
#131=FACE_OUTER_BOUND('',#171,.T.);
#132=FACE_OUTER_BOUND('',#174,.T.);
#133=FACE_OUTER_BOUND('',#176,.T.);
#134=FACE_OUTER_BOUND('',#178,.T.);
#135=FACE_OUTER_BOUND('',#179,.T.);
#136=FACE_OUTER_BOUND('',#182,.T.);
#137=FACE_OUTER_BOUND('',#183,.T.);
#138=FACE_OUTER_BOUND('',#184,.T.);
#139=FACE_OUTER_BOUND('',#185,.T.);
#140=FACE_OUTER_BOUND('',#186,.T.);
#141=FACE_OUTER_BOUND('',#187,.T.);
#142=FACE_OUTER_BOUND('',#188,.T.);
#143=FACE_OUTER_BOUND('',#189,.T.);
#144=FACE_OUTER_BOUND('',#190,.T.);
#145=FACE_OUTER_BOUND('',#191,.T.);
#146=FACE_OUTER_BOUND('',#192,.T.);
#147=FACE_OUTER_BOUND('',#193,.T.);
#148=FACE_OUTER_BOUND('',#194,.T.);
#149=FACE_OUTER_BOUND('',#196,.T.);
#150=EDGE_LOOP('',(#407,#408,#409,#410));
#151=EDGE_LOOP('',(#411,#412,#413,#414));
#152=EDGE_LOOP('',(#415,#416,#417,#418));
#153=EDGE_LOOP('',(#419,#420,#421,#422,#423,#424,#425,#426,#427,#428,#429,
#430));
#154=EDGE_LOOP('',(#431,#432,#433,#434));
#155=EDGE_LOOP('',(#435,#436,#437));
#156=EDGE_LOOP('',(#438));
#157=EDGE_LOOP('',(#439));
#158=EDGE_LOOP('',(#440,#441));
#159=EDGE_LOOP('',(#442));
#160=EDGE_LOOP('',(#443,#444));
#161=EDGE_LOOP('',(#445));
#162=EDGE_LOOP('',(#446,#447,#448,#449));
#163=EDGE_LOOP('',(#450,#451,#452));
#164=EDGE_LOOP('',(#453));
#165=EDGE_LOOP('',(#454));
#166=EDGE_LOOP('',(#455,#456,#457,#458));
#167=EDGE_LOOP('',(#459,#460,#461,#462));
#168=EDGE_LOOP('',(#463,#464,#465,#466));
#169=EDGE_LOOP('',(#467,#468,#469,#470,#471,#472,#473,#474,#475,#476,#477,
#478));
#170=EDGE_LOOP('',(#479,#480,#481,#482));
#171=EDGE_LOOP('',(#483,#484,#485));
#172=EDGE_LOOP('',(#486));
#173=EDGE_LOOP('',(#487));
#174=EDGE_LOOP('',(#488,#489));
#175=EDGE_LOOP('',(#490));
#176=EDGE_LOOP('',(#491,#492));
#177=EDGE_LOOP('',(#493));
#178=EDGE_LOOP('',(#494,#495,#496,#497));
#179=EDGE_LOOP('',(#498,#499,#500));
#180=EDGE_LOOP('',(#501));
#181=EDGE_LOOP('',(#502));
#182=EDGE_LOOP('',(#503,#504,#505,#506,#507,#508,#509));
#183=EDGE_LOOP('',(#510,#511,#512,#513,#514,#515,#516));
#184=EDGE_LOOP('',(#517,#518,#519,#520));
#185=EDGE_LOOP('',(#521,#522,#523,#524));
#186=EDGE_LOOP('',(#525,#526,#527,#528,#529));
#187=EDGE_LOOP('',(#530,#531,#532,#533,#534,#535));
#188=EDGE_LOOP('',(#536,#537,#538,#539,#540,#541,#542));
#189=EDGE_LOOP('',(#543,#544,#545,#546,#547));
#190=EDGE_LOOP('',(#548,#549,#550,#551,#552,#553));
#191=EDGE_LOOP('',(#554,#555,#556,#557,#558,#559));
#192=EDGE_LOOP('',(#560,#561,#562,#563));
#193=EDGE_LOOP('',(#564,#565,#566,#567,#568,#569,#570,#571,#572));
#194=EDGE_LOOP('',(#573,#574));
#195=EDGE_LOOP('',(#575));
#196=EDGE_LOOP('',(#576,#577,#578));
#197=EDGE_LOOP('',(#579));
#198=EDGE_LOOP('',(#580));
#199=LINE('',#864,#223);
#200=LINE('',#870,#224);
#201=LINE('',#904,#225);
#202=LINE('',#937,#226);
#203=LINE('',#1029,#227);
#204=LINE('',#1144,#228);
#205=LINE('',#1145,#229);
#206=LINE('',#1154,#230);
#207=LINE('',#1161,#231);
#208=LINE('',#1167,#232);
#209=LINE('',#1201,#233);
#210=LINE('',#1234,#234);
#211=LINE('',#1342,#235);
#212=LINE('',#1463,#236);
#213=LINE('',#1464,#237);
#214=LINE('',#1473,#238);
#215=LINE('',#1840,#239);
#216=LINE('',#1855,#240);
#217=LINE('',#1858,#241);
#218=LINE('',#1914,#242);
#219=LINE('',#1918,#243);
#220=LINE('',#1955,#244);
#221=LINE('',#1991,#245);
#222=LINE('',#2090,#246);
#223=VECTOR('',#730,2.);
#224=VECTOR('',#737,2.);
#225=VECTOR('',#742,10.);
#226=VECTOR('',#743,10.);
#227=VECTOR('',#746,49.0025509540065);
#228=VECTOR('',#751,10.);
#229=VECTOR('',#752,10.);
#230=VECTOR('',#765,1.25);
#231=VECTOR('',#774,2.);
#232=VECTOR('',#781,2.);
#233=VECTOR('',#786,10.);
#234=VECTOR('',#787,10.);
#235=VECTOR('',#788,37.0033782241568);
#236=VECTOR('',#791,10.);
#237=VECTOR('',#792,10.);
#238=VECTOR('',#805,1.25);
#239=VECTOR('',#818,10.);
#240=VECTOR('',#819,10.);
#241=VECTOR('',#822,1.25);
#242=VECTOR('',#835,2.);
#243=VECTOR('',#840,2.);
#244=VECTOR('',#845,10.);
#245=VECTOR('',#846,10.);
#246=VECTOR('',#847,30.0014999625019);
#247=CIRCLE('',#669,2.);
#248=CIRCLE('',#670,2.);
#249=CIRCLE('',#672,2.);
#250=CIRCLE('',#673,2.);
#251=CIRCLE('',#687,2.);
#252=CIRCLE('',#688,2.);
#253=CIRCLE('',#690,2.);
#254=CIRCLE('',#691,2.);
#255=CIRCLE('',#702,4.);
#256=CIRCLE('',#703,4.);
#257=CIRCLE('',#704,4.);
#258=CIRCLE('',#705,4.);
#259=CIRCLE('',#708,1.25);
#260=CIRCLE('',#710,2.);
#261=CIRCLE('',#711,2.);
#262=CIRCLE('',#713,2.);
#263=CIRCLE('',#715,2.);
#264=VERTEX_POINT('',#861);
#265=VERTEX_POINT('',#863);
#266=VERTEX_POINT('',#867);
#267=VERTEX_POINT('',#869);
#268=VERTEX_POINT('',#873);
#269=VERTEX_POINT('',#874);
#270=VERTEX_POINT('',#903);
#271=VERTEX_POINT('',#905);
#272=VERTEX_POINT('',#1026);
#273=VERTEX_POINT('',#1028);
#274=VERTEX_POINT('',#1030);
#275=VERTEX_POINT('',#1044);
#276=VERTEX_POINT('',#1076);
#277=VERTEX_POINT('',#1097);
#278=VERTEX_POINT('',#1148);
#279=VERTEX_POINT('',#1151);
#280=VERTEX_POINT('',#1158);
#281=VERTEX_POINT('',#1160);
#282=VERTEX_POINT('',#1164);
#283=VERTEX_POINT('',#1166);
#284=VERTEX_POINT('',#1170);
#285=VERTEX_POINT('',#1171);
#286=VERTEX_POINT('',#1200);
#287=VERTEX_POINT('',#1202);
#288=VERTEX_POINT('',#1327);
#289=VERTEX_POINT('',#1341);
#290=VERTEX_POINT('',#1343);
#291=VERTEX_POINT('',#1357);
#292=VERTEX_POINT('',#1386);
#293=VERTEX_POINT('',#1407);
#294=VERTEX_POINT('',#1467);
#295=VERTEX_POINT('',#1470);
#296=VERTEX_POINT('',#1531);
#297=VERTEX_POINT('',#1532);
#298=VERTEX_POINT('',#1537);
#299=VERTEX_POINT('',#1574);
#300=VERTEX_POINT('',#1580);
#301=VERTEX_POINT('',#1582);
#302=VERTEX_POINT('',#1594);
#303=VERTEX_POINT('',#1654);
#304=VERTEX_POINT('',#1655);
#305=VERTEX_POINT('',#1692);
#306=VERTEX_POINT('',#1697);
#307=VERTEX_POINT('',#1705);
#308=VERTEX_POINT('',#1747);
#309=VERTEX_POINT('',#1762);
#310=VERTEX_POINT('',#1839);
#311=VERTEX_POINT('',#1841);
#312=VERTEX_POINT('',#1857);
#313=VERTEX_POINT('',#1913);
#314=VERTEX_POINT('',#1917);
#315=VERTEX_POINT('',#1921);
#316=VERTEX_POINT('',#1922);
#317=VERTEX_POINT('',#1954);
#318=VERTEX_POINT('',#1956);
#319=VERTEX_POINT('',#2076);
#320=EDGE_CURVE('',#264,#264,#247,.T.);
#321=EDGE_CURVE('',#264,#265,#199,.T.);
#322=EDGE_CURVE('',#265,#265,#248,.T.);
#323=EDGE_CURVE('',#266,#266,#249,.T.);
#324=EDGE_CURVE('',#266,#267,#200,.T.);
#325=EDGE_CURVE('',#267,#267,#250,.T.);
#326=EDGE_CURVE('',#268,#269,#77,.T.);
#327=EDGE_CURVE('',#269,#270,#201,.T.);
#328=EDGE_CURVE('',#270,#271,#78,.T.);
#329=EDGE_CURVE('',#268,#271,#202,.T.);
#330=EDGE_CURVE('',#268,#271,#79,.T.);
#331=EDGE_CURVE('',#270,#272,#61,.T.);
#332=EDGE_CURVE('',#273,#272,#203,.T.);
#333=EDGE_CURVE('',#274,#273,#80,.T.);
#334=EDGE_CURVE('',#275,#274,#81,.T.);
#335=EDGE_CURVE('',#275,#276,#82,.T.);
#336=EDGE_CURVE('',#277,#276,#83,.T.);
#337=EDGE_CURVE('',#273,#277,#84,.T.);
#338=EDGE_CURVE('',#272,#269,#62,.T.);
#339=EDGE_CURVE('',#274,#277,#204,.T.);
#340=EDGE_CURVE('',#276,#275,#205,.T.);
#341=EDGE_CURVE('',#278,#278,#63,.T.);
#342=EDGE_CURVE('',#279,#279,#64,.T.);
#343=EDGE_CURVE('',#278,#279,#206,.T.);
#344=EDGE_CURVE('',#280,#280,#251,.T.);
#345=EDGE_CURVE('',#280,#281,#207,.T.);
#346=EDGE_CURVE('',#281,#281,#252,.T.);
#347=EDGE_CURVE('',#282,#282,#253,.T.);
#348=EDGE_CURVE('',#282,#283,#208,.T.);
#349=EDGE_CURVE('',#283,#283,#254,.T.);
#350=EDGE_CURVE('',#284,#285,#85,.T.);
#351=EDGE_CURVE('',#285,#286,#209,.T.);
#352=EDGE_CURVE('',#286,#287,#86,.T.);
#353=EDGE_CURVE('',#284,#287,#210,.T.);
#354=EDGE_CURVE('',#284,#287,#87,.T.);
#355=EDGE_CURVE('',#286,#288,#88,.T.);
#356=EDGE_CURVE('',#289,#288,#211,.T.);
#357=EDGE_CURVE('',#290,#289,#89,.T.);
#358=EDGE_CURVE('',#291,#290,#90,.T.);
#359=EDGE_CURVE('',#291,#292,#91,.T.);
#360=EDGE_CURVE('',#293,#292,#92,.T.);
#361=EDGE_CURVE('',#289,#293,#93,.T.);
#362=EDGE_CURVE('',#288,#285,#94,.T.);
#363=EDGE_CURVE('',#290,#293,#212,.T.);
#364=EDGE_CURVE('',#292,#291,#213,.T.);
#365=EDGE_CURVE('',#294,#294,#65,.T.);
#366=EDGE_CURVE('',#295,#295,#66,.T.);
#367=EDGE_CURVE('',#295,#294,#214,.T.);
#368=EDGE_CURVE('',#296,#297,#95,.T.);
#369=EDGE_CURVE('',#297,#298,#96,.T.);
#370=EDGE_CURVE('',#298,#299,#97,.T.);
#371=EDGE_CURVE('',#299,#300,#255,.T.);
#372=EDGE_CURVE('',#300,#301,#98,.T.);
#373=EDGE_CURVE('',#301,#302,#256,.T.);
#374=EDGE_CURVE('',#302,#296,#99,.T.);
#375=EDGE_CURVE('',#303,#304,#100,.T.);
#376=EDGE_CURVE('',#304,#305,#101,.T.);
#377=EDGE_CURVE('',#305,#306,#102,.T.);
#378=EDGE_CURVE('',#306,#307,#257,.T.);
#379=EDGE_CURVE('',#307,#300,#103,.T.);
#380=EDGE_CURVE('',#299,#303,#104,.T.);
#381=EDGE_CURVE('',#308,#302,#105,.T.);
#382=EDGE_CURVE('',#301,#309,#106,.T.);
#383=EDGE_CURVE('',#309,#308,#258,.T.);
#384=EDGE_CURVE('',#309,#307,#107,.T.);
#385=EDGE_CURVE('',#306,#308,#108,.T.);
#386=EDGE_CURVE('',#310,#300,#215,.T.);
#387=EDGE_CURVE('',#310,#311,#109,.T.);
#388=EDGE_CURVE('',#309,#311,#216,.T.);
#389=EDGE_CURVE('',#308,#312,#217,.T.);
#390=EDGE_CURVE('',#312,#312,#67,.T.);
#391=EDGE_CURVE('',#302,#306,#259,.T.);
#392=EDGE_CURVE('',#305,#303,#260,.T.);
#393=EDGE_CURVE('',#298,#296,#261,.T.);
#394=EDGE_CURVE('',#311,#310,#110,.T.);
#395=EDGE_CURVE('',#297,#313,#218,.T.);
#396=EDGE_CURVE('',#313,#313,#262,.T.);
#397=EDGE_CURVE('',#304,#314,#219,.T.);
#398=EDGE_CURVE('',#314,#314,#263,.T.);
#399=EDGE_CURVE('',#315,#316,#111,.T.);
#400=EDGE_CURVE('',#316,#317,#220,.T.);
#401=EDGE_CURVE('',#317,#318,#112,.T.);
#402=EDGE_CURVE('',#315,#318,#221,.T.);
#403=EDGE_CURVE('',#315,#318,#113,.T.);
#404=EDGE_CURVE('',#317,#319,#114,.T.);
#405=EDGE_CURVE('',#310,#319,#222,.T.);
#406=EDGE_CURVE('',#319,#316,#115,.T.);
#407=ORIENTED_EDGE('',*,*,#320,.F.);
#408=ORIENTED_EDGE('',*,*,#321,.T.);
#409=ORIENTED_EDGE('',*,*,#322,.F.);
#410=ORIENTED_EDGE('',*,*,#321,.F.);
#411=ORIENTED_EDGE('',*,*,#323,.F.);
#412=ORIENTED_EDGE('',*,*,#324,.T.);
#413=ORIENTED_EDGE('',*,*,#325,.F.);
#414=ORIENTED_EDGE('',*,*,#324,.F.);
#415=ORIENTED_EDGE('',*,*,#326,.T.);
#416=ORIENTED_EDGE('',*,*,#327,.T.);
#417=ORIENTED_EDGE('',*,*,#328,.T.);
#418=ORIENTED_EDGE('',*,*,#329,.F.);
#419=ORIENTED_EDGE('',*,*,#326,.F.);
#420=ORIENTED_EDGE('',*,*,#330,.T.);
#421=ORIENTED_EDGE('',*,*,#328,.F.);
#422=ORIENTED_EDGE('',*,*,#331,.T.);
#423=ORIENTED_EDGE('',*,*,#332,.F.);
#424=ORIENTED_EDGE('',*,*,#333,.F.);
#425=ORIENTED_EDGE('',*,*,#334,.F.);
#426=ORIENTED_EDGE('',*,*,#335,.T.);
#427=ORIENTED_EDGE('',*,*,#336,.F.);
#428=ORIENTED_EDGE('',*,*,#337,.F.);
#429=ORIENTED_EDGE('',*,*,#332,.T.);
#430=ORIENTED_EDGE('',*,*,#338,.T.);
#431=ORIENTED_EDGE('',*,*,#334,.T.);
#432=ORIENTED_EDGE('',*,*,#339,.T.);
#433=ORIENTED_EDGE('',*,*,#336,.T.);
#434=ORIENTED_EDGE('',*,*,#340,.T.);
#435=ORIENTED_EDGE('',*,*,#339,.F.);
#436=ORIENTED_EDGE('',*,*,#333,.T.);
#437=ORIENTED_EDGE('',*,*,#337,.T.);
#438=ORIENTED_EDGE('',*,*,#320,.T.);
#439=ORIENTED_EDGE('',*,*,#323,.T.);
#440=ORIENTED_EDGE('',*,*,#335,.F.);
#441=ORIENTED_EDGE('',*,*,#340,.F.);
#442=ORIENTED_EDGE('',*,*,#341,.F.);
#443=ORIENTED_EDGE('',*,*,#330,.F.);
#444=ORIENTED_EDGE('',*,*,#329,.T.);
#445=ORIENTED_EDGE('',*,*,#342,.F.);
#446=ORIENTED_EDGE('',*,*,#341,.T.);
#447=ORIENTED_EDGE('',*,*,#343,.T.);
#448=ORIENTED_EDGE('',*,*,#342,.T.);
#449=ORIENTED_EDGE('',*,*,#343,.F.);
#450=ORIENTED_EDGE('',*,*,#327,.F.);
#451=ORIENTED_EDGE('',*,*,#338,.F.);
#452=ORIENTED_EDGE('',*,*,#331,.F.);
#453=ORIENTED_EDGE('',*,*,#322,.T.);
#454=ORIENTED_EDGE('',*,*,#325,.T.);
#455=ORIENTED_EDGE('',*,*,#344,.F.);
#456=ORIENTED_EDGE('',*,*,#345,.T.);
#457=ORIENTED_EDGE('',*,*,#346,.F.);
#458=ORIENTED_EDGE('',*,*,#345,.F.);
#459=ORIENTED_EDGE('',*,*,#347,.F.);
#460=ORIENTED_EDGE('',*,*,#348,.T.);
#461=ORIENTED_EDGE('',*,*,#349,.F.);
#462=ORIENTED_EDGE('',*,*,#348,.F.);
#463=ORIENTED_EDGE('',*,*,#350,.T.);
#464=ORIENTED_EDGE('',*,*,#351,.T.);
#465=ORIENTED_EDGE('',*,*,#352,.T.);
#466=ORIENTED_EDGE('',*,*,#353,.F.);
#467=ORIENTED_EDGE('',*,*,#350,.F.);
#468=ORIENTED_EDGE('',*,*,#354,.T.);
#469=ORIENTED_EDGE('',*,*,#352,.F.);
#470=ORIENTED_EDGE('',*,*,#355,.T.);
#471=ORIENTED_EDGE('',*,*,#356,.F.);
#472=ORIENTED_EDGE('',*,*,#357,.F.);
#473=ORIENTED_EDGE('',*,*,#358,.F.);
#474=ORIENTED_EDGE('',*,*,#359,.T.);
#475=ORIENTED_EDGE('',*,*,#360,.F.);
#476=ORIENTED_EDGE('',*,*,#361,.F.);
#477=ORIENTED_EDGE('',*,*,#356,.T.);
#478=ORIENTED_EDGE('',*,*,#362,.T.);
#479=ORIENTED_EDGE('',*,*,#358,.T.);
#480=ORIENTED_EDGE('',*,*,#363,.T.);
#481=ORIENTED_EDGE('',*,*,#360,.T.);
#482=ORIENTED_EDGE('',*,*,#364,.T.);
#483=ORIENTED_EDGE('',*,*,#363,.F.);
#484=ORIENTED_EDGE('',*,*,#357,.T.);
#485=ORIENTED_EDGE('',*,*,#361,.T.);
#486=ORIENTED_EDGE('',*,*,#344,.T.);
#487=ORIENTED_EDGE('',*,*,#347,.T.);
#488=ORIENTED_EDGE('',*,*,#354,.F.);
#489=ORIENTED_EDGE('',*,*,#353,.T.);
#490=ORIENTED_EDGE('',*,*,#365,.F.);
#491=ORIENTED_EDGE('',*,*,#359,.F.);
#492=ORIENTED_EDGE('',*,*,#364,.F.);
#493=ORIENTED_EDGE('',*,*,#366,.F.);
#494=ORIENTED_EDGE('',*,*,#366,.T.);
#495=ORIENTED_EDGE('',*,*,#367,.T.);
#496=ORIENTED_EDGE('',*,*,#365,.T.);
#497=ORIENTED_EDGE('',*,*,#367,.F.);
#498=ORIENTED_EDGE('',*,*,#351,.F.);
#499=ORIENTED_EDGE('',*,*,#362,.F.);
#500=ORIENTED_EDGE('',*,*,#355,.F.);
#501=ORIENTED_EDGE('',*,*,#346,.T.);
#502=ORIENTED_EDGE('',*,*,#349,.T.);
#503=ORIENTED_EDGE('',*,*,#368,.T.);
#504=ORIENTED_EDGE('',*,*,#369,.T.);
#505=ORIENTED_EDGE('',*,*,#370,.T.);
#506=ORIENTED_EDGE('',*,*,#371,.T.);
#507=ORIENTED_EDGE('',*,*,#372,.T.);
#508=ORIENTED_EDGE('',*,*,#373,.T.);
#509=ORIENTED_EDGE('',*,*,#374,.T.);
#510=ORIENTED_EDGE('',*,*,#375,.T.);
#511=ORIENTED_EDGE('',*,*,#376,.T.);
#512=ORIENTED_EDGE('',*,*,#377,.T.);
#513=ORIENTED_EDGE('',*,*,#378,.T.);
#514=ORIENTED_EDGE('',*,*,#379,.T.);
#515=ORIENTED_EDGE('',*,*,#371,.F.);
#516=ORIENTED_EDGE('',*,*,#380,.T.);
#517=ORIENTED_EDGE('',*,*,#381,.T.);
#518=ORIENTED_EDGE('',*,*,#373,.F.);
#519=ORIENTED_EDGE('',*,*,#382,.T.);
#520=ORIENTED_EDGE('',*,*,#383,.T.);
#521=ORIENTED_EDGE('',*,*,#383,.F.);
#522=ORIENTED_EDGE('',*,*,#384,.T.);
#523=ORIENTED_EDGE('',*,*,#378,.F.);
#524=ORIENTED_EDGE('',*,*,#385,.T.);
#525=ORIENTED_EDGE('',*,*,#382,.F.);
#526=ORIENTED_EDGE('',*,*,#372,.F.);
#527=ORIENTED_EDGE('',*,*,#386,.F.);
#528=ORIENTED_EDGE('',*,*,#387,.T.);
#529=ORIENTED_EDGE('',*,*,#388,.F.);
#530=ORIENTED_EDGE('',*,*,#389,.T.);
#531=ORIENTED_EDGE('',*,*,#390,.T.);
#532=ORIENTED_EDGE('',*,*,#389,.F.);
#533=ORIENTED_EDGE('',*,*,#385,.F.);
#534=ORIENTED_EDGE('',*,*,#391,.F.);
#535=ORIENTED_EDGE('',*,*,#381,.F.);
#536=ORIENTED_EDGE('',*,*,#374,.F.);
#537=ORIENTED_EDGE('',*,*,#391,.T.);
#538=ORIENTED_EDGE('',*,*,#377,.F.);
#539=ORIENTED_EDGE('',*,*,#392,.T.);
#540=ORIENTED_EDGE('',*,*,#380,.F.);
#541=ORIENTED_EDGE('',*,*,#370,.F.);
#542=ORIENTED_EDGE('',*,*,#393,.T.);
#543=ORIENTED_EDGE('',*,*,#384,.F.);
#544=ORIENTED_EDGE('',*,*,#388,.T.);
#545=ORIENTED_EDGE('',*,*,#394,.T.);
#546=ORIENTED_EDGE('',*,*,#386,.T.);
#547=ORIENTED_EDGE('',*,*,#379,.F.);
#548=ORIENTED_EDGE('',*,*,#368,.F.);
#549=ORIENTED_EDGE('',*,*,#393,.F.);
#550=ORIENTED_EDGE('',*,*,#369,.F.);
#551=ORIENTED_EDGE('',*,*,#395,.T.);
#552=ORIENTED_EDGE('',*,*,#396,.F.);
#553=ORIENTED_EDGE('',*,*,#395,.F.);
#554=ORIENTED_EDGE('',*,*,#375,.F.);
#555=ORIENTED_EDGE('',*,*,#392,.F.);
#556=ORIENTED_EDGE('',*,*,#376,.F.);
#557=ORIENTED_EDGE('',*,*,#397,.T.);
#558=ORIENTED_EDGE('',*,*,#398,.F.);
#559=ORIENTED_EDGE('',*,*,#397,.F.);
#560=ORIENTED_EDGE('',*,*,#399,.T.);
#561=ORIENTED_EDGE('',*,*,#400,.T.);
#562=ORIENTED_EDGE('',*,*,#401,.T.);
#563=ORIENTED_EDGE('',*,*,#402,.F.);
#564=ORIENTED_EDGE('',*,*,#399,.F.);
#565=ORIENTED_EDGE('',*,*,#403,.T.);
#566=ORIENTED_EDGE('',*,*,#401,.F.);
#567=ORIENTED_EDGE('',*,*,#404,.T.);
#568=ORIENTED_EDGE('',*,*,#405,.F.);
#569=ORIENTED_EDGE('',*,*,#394,.F.);
#570=ORIENTED_EDGE('',*,*,#387,.F.);
#571=ORIENTED_EDGE('',*,*,#405,.T.);
#572=ORIENTED_EDGE('',*,*,#406,.T.);
#573=ORIENTED_EDGE('',*,*,#403,.F.);
#574=ORIENTED_EDGE('',*,*,#402,.T.);
#575=ORIENTED_EDGE('',*,*,#390,.F.);
#576=ORIENTED_EDGE('',*,*,#400,.F.);
#577=ORIENTED_EDGE('',*,*,#406,.F.);
#578=ORIENTED_EDGE('',*,*,#404,.F.);
#579=ORIENTED_EDGE('',*,*,#396,.T.);
#580=ORIENTED_EDGE('',*,*,#398,.T.);
#581=CYLINDRICAL_SURFACE('',#668,2.);
#582=CYLINDRICAL_SURFACE('',#671,2.);
#583=CYLINDRICAL_SURFACE('',#674,1.);
#584=CYLINDRICAL_SURFACE('',#677,1.);
#585=CYLINDRICAL_SURFACE('',#683,1.25);
#586=CYLINDRICAL_SURFACE('',#686,2.);
#587=CYLINDRICAL_SURFACE('',#689,2.);
#588=CYLINDRICAL_SURFACE('',#692,1.);
#589=CYLINDRICAL_SURFACE('',#693,1.);
#590=CYLINDRICAL_SURFACE('',#699,1.25);
#591=CYLINDRICAL_SURFACE('',#706,1.25);
#592=CYLINDRICAL_SURFACE('',#712,2.);
#593=CYLINDRICAL_SURFACE('',#714,2.);
#594=CYLINDRICAL_SURFACE('',#716,1.);
#595=ADVANCED_FACE('',(#116),#581,.F.);
#596=ADVANCED_FACE('',(#117),#582,.F.);
#597=ADVANCED_FACE('',(#118),#583,.T.);
#598=ADVANCED_FACE('',(#119),#68,.F.);
#599=ADVANCED_FACE('',(#120),#584,.T.);
#600=ADVANCED_FACE('',(#121,#35,#36),#50,.T.);
#601=ADVANCED_FACE('',(#122,#37),#51,.F.);
#602=ADVANCED_FACE('',(#123,#38),#52,.F.);
#603=ADVANCED_FACE('',(#124),#585,.F.);
#604=ADVANCED_FACE('',(#125,#39,#40),#53,.F.);
#605=ADVANCED_FACE('',(#126),#586,.F.);
#606=ADVANCED_FACE('',(#127),#587,.F.);
#607=ADVANCED_FACE('',(#128),#588,.T.);
#608=ADVANCED_FACE('',(#129),#69,.F.);
#609=ADVANCED_FACE('',(#130),#589,.T.);
#610=ADVANCED_FACE('',(#131,#41,#42),#54,.T.);
#611=ADVANCED_FACE('',(#132,#43),#55,.F.);
#612=ADVANCED_FACE('',(#133,#44),#56,.F.);
#613=ADVANCED_FACE('',(#134),#590,.F.);
#614=ADVANCED_FACE('',(#135,#45,#46),#57,.F.);
#615=ADVANCED_FACE('',(#136),#70,.F.);
#616=ADVANCED_FACE('',(#137),#71,.F.);
#617=ADVANCED_FACE('',(#138),#72,.F.);
#618=ADVANCED_FACE('',(#139),#73,.F.);
#619=ADVANCED_FACE('',(#140),#74,.T.);
#620=ADVANCED_FACE('',(#141),#591,.F.);
#621=ADVANCED_FACE('',(#142),#58,.T.);
#622=ADVANCED_FACE('',(#143),#75,.T.);
#623=ADVANCED_FACE('',(#144),#592,.F.);
#624=ADVANCED_FACE('',(#145),#593,.F.);
#625=ADVANCED_FACE('',(#146),#594,.T.);
#626=ADVANCED_FACE('',(#147),#76,.F.);
#627=ADVANCED_FACE('',(#148,#47),#59,.F.);
#628=ADVANCED_FACE('',(#149,#48,#49),#60,.F.);
#629=CLOSED_SHELL('',(#595,#596,#597,#598,#599,#600,#601,#602,#603,#604));
#630=CLOSED_SHELL('',(#605,#606,#607,#608,#609,#610,#611,#612,#613,#614));
#631=CLOSED_SHELL('',(#615,#616,#617,#618,#619,#620,#621,#622,#623,#624,
#625,#626,#627,#628));
#632=DERIVED_UNIT_ELEMENT(#638,1.);
#633=DERIVED_UNIT_ELEMENT(#2120,-3.);
#634=DERIVED_UNIT_ELEMENT(#638,1.);
#635=DERIVED_UNIT_ELEMENT(#2120,-3.);
#636=DERIVED_UNIT_ELEMENT(#638,1.);
#637=DERIVED_UNIT_ELEMENT(#2120,-3.);
#638=(
MASS_UNIT()
NAMED_UNIT(*)
SI_UNIT(.KILO.,.GRAM.)
);
#639=DERIVED_UNIT((#632,#633));
#640=DERIVED_UNIT((#634,#635));
#641=DERIVED_UNIT((#636,#637));
#642=MEASURE_REPRESENTATION_ITEM('density measure',
POSITIVE_RATIO_MEASURE(7850.),#639);
#643=MEASURE_REPRESENTATION_ITEM('density measure',
POSITIVE_RATIO_MEASURE(7850.),#640);
#644=MEASURE_REPRESENTATION_ITEM('density measure',
POSITIVE_RATIO_MEASURE(7850.),#641);
#645=PROPERTY_DEFINITION_REPRESENTATION(#660,#651);
#646=PROPERTY_DEFINITION_REPRESENTATION(#661,#652);
#647=PROPERTY_DEFINITION_REPRESENTATION(#662,#653);
#648=PROPERTY_DEFINITION_REPRESENTATION(#663,#654);
#649=PROPERTY_DEFINITION_REPRESENTATION(#664,#655);
#650=PROPERTY_DEFINITION_REPRESENTATION(#665,#656);
#651=REPRESENTATION('material name',(#657),#2115);
#652=REPRESENTATION('density',(#642),#2115);
#653=REPRESENTATION('material name',(#658),#2116);
#654=REPRESENTATION('density',(#643),#2116);
#655=REPRESENTATION('material name',(#659),#2117);
#656=REPRESENTATION('density',(#644),#2117);
#657=DESCRIPTIVE_REPRESENTATION_ITEM('Steel','Steel');
#658=DESCRIPTIVE_REPRESENTATION_ITEM('Steel','Steel');
#659=DESCRIPTIVE_REPRESENTATION_ITEM('Steel','Steel');
#660=PROPERTY_DEFINITION('material property','material name',#2140);
#661=PROPERTY_DEFINITION('material property','density of part',#2140);
#662=PROPERTY_DEFINITION('material property','material name',#2141);
#663=PROPERTY_DEFINITION('material property','density of part',#2141);
#664=PROPERTY_DEFINITION('material property','material name',#2142);
#665=PROPERTY_DEFINITION('material property','density of part',#2142);
#666=AXIS2_PLACEMENT_3D('',#858,#722,#723);
#667=AXIS2_PLACEMENT_3D('',#859,#724,#725);
#668=AXIS2_PLACEMENT_3D('',#860,#726,#727);
#669=AXIS2_PLACEMENT_3D('',#862,#728,#729);
#670=AXIS2_PLACEMENT_3D('',#865,#731,#732);
#671=AXIS2_PLACEMENT_3D('',#866,#733,#734);
#672=AXIS2_PLACEMENT_3D('',#868,#735,#736);
#673=AXIS2_PLACEMENT_3D('',#871,#738,#739);
#674=AXIS2_PLACEMENT_3D('',#872,#740,#741);
#675=AXIS2_PLACEMENT_3D('',#1027,#744,#745);
#676=AXIS2_PLACEMENT_3D('',#1142,#747,#748);
#677=AXIS2_PLACEMENT_3D('',#1143,#749,#750);
#678=AXIS2_PLACEMENT_3D('',#1146,#753,#754);
#679=AXIS2_PLACEMENT_3D('',#1147,#755,#756);
#680=AXIS2_PLACEMENT_3D('',#1149,#757,#758);
#681=AXIS2_PLACEMENT_3D('',#1150,#759,#760);
#682=AXIS2_PLACEMENT_3D('',#1152,#761,#762);
#683=AXIS2_PLACEMENT_3D('',#1153,#763,#764);
#684=AXIS2_PLACEMENT_3D('',#1155,#766,#767);
#685=AXIS2_PLACEMENT_3D('',#1156,#768,#769);
#686=AXIS2_PLACEMENT_3D('',#1157,#770,#771);
#687=AXIS2_PLACEMENT_3D('',#1159,#772,#773);
#688=AXIS2_PLACEMENT_3D('',#1162,#775,#776);
#689=AXIS2_PLACEMENT_3D('',#1163,#777,#778);
#690=AXIS2_PLACEMENT_3D('',#1165,#779,#780);
#691=AXIS2_PLACEMENT_3D('',#1168,#782,#783);
#692=AXIS2_PLACEMENT_3D('',#1169,#784,#785);
#693=AXIS2_PLACEMENT_3D('',#1462,#789,#790);
#694=AXIS2_PLACEMENT_3D('',#1465,#793,#794);
#695=AXIS2_PLACEMENT_3D('',#1466,#795,#796);
#696=AXIS2_PLACEMENT_3D('',#1468,#797,#798);
#697=AXIS2_PLACEMENT_3D('',#1469,#799,#800);
#698=AXIS2_PLACEMENT_3D('',#1471,#801,#802);
#699=AXIS2_PLACEMENT_3D('',#1472,#803,#804);
#700=AXIS2_PLACEMENT_3D('',#1474,#806,#807);
#701=AXIS2_PLACEMENT_3D('',#1475,#808,#809);
#702=AXIS2_PLACEMENT_3D('',#1581,#810,#811);
#703=AXIS2_PLACEMENT_3D('',#1595,#812,#813);
#704=AXIS2_PLACEMENT_3D('',#1706,#814,#815);
#705=AXIS2_PLACEMENT_3D('',#1768,#816,#817);
#706=AXIS2_PLACEMENT_3D('',#1856,#820,#821);
#707=AXIS2_PLACEMENT_3D('',#1859,#823,#824);
#708=AXIS2_PLACEMENT_3D('',#1860,#825,#826);
#709=AXIS2_PLACEMENT_3D('',#1861,#827,#828);
#710=AXIS2_PLACEMENT_3D('',#1862,#829,#830);
#711=AXIS2_PLACEMENT_3D('',#1863,#831,#832);
#712=AXIS2_PLACEMENT_3D('',#1912,#833,#834);
#713=AXIS2_PLACEMENT_3D('',#1915,#836,#837);
#714=AXIS2_PLACEMENT_3D('',#1916,#838,#839);
#715=AXIS2_PLACEMENT_3D('',#1919,#841,#842);
#716=AXIS2_PLACEMENT_3D('',#1920,#843,#844);
#717=AXIS2_PLACEMENT_3D('',#2104,#848,#849);
#718=AXIS2_PLACEMENT_3D('',#2105,#850,#851);
#719=AXIS2_PLACEMENT_3D('',#2106,#852,#853);
#720=AXIS2_PLACEMENT_3D('',#2107,#854,#855);
#721=AXIS2_PLACEMENT_3D('',#2108,#856,#857);
#722=DIRECTION('axis',(0.,0.,1.));
#723=DIRECTION('refdir',(1.,0.,0.));
#724=DIRECTION('axis',(0.,0.,1.));
#725=DIRECTION('refdir',(1.,0.,0.));
#726=DIRECTION('center_axis',(0.,0.,-1.));
#727=DIRECTION('ref_axis',(-1.,0.,0.));
#728=DIRECTION('center_axis',(5.43982898138863E-32,-1.07777066857043E-48,
-1.));
#729=DIRECTION('ref_axis',(-1.,0.,0.));
#730=DIRECTION('',(0.,0.,-1.));
#731=DIRECTION('center_axis',(0.,0.,1.));
#732=DIRECTION('ref_axis',(-1.,0.,0.));
#733=DIRECTION('center_axis',(0.,0.,-1.));
#734=DIRECTION('ref_axis',(-1.,0.,0.));
#735=DIRECTION('center_axis',(5.43982898138863E-32,-1.07777066857043E-48,
-1.));
#736=DIRECTION('ref_axis',(-1.,0.,0.));
#737=DIRECTION('',(0.,0.,-1.));
#738=DIRECTION('center_axis',(0.,0.,1.));
#739=DIRECTION('ref_axis',(-1.,0.,0.));
#740=DIRECTION('center_axis',(0.,-1.,0.));
#741=DIRECTION('ref_axis',(0.707106781186548,0.,-0.707106781186548));
#742=DIRECTION('',(0.,1.,0.));
#743=DIRECTION('',(0.,1.,0.));
#744=DIRECTION('center_axis',(0.,0.,1.));
#745=DIRECTION('ref_axis',(1.,0.,0.));
#746=DIRECTION('',(-0.0102035504329009,-1.40577135497895E-18,-0.999947942424286));
#747=DIRECTION('center_axis',(0.,0.,1.));
#748=DIRECTION('ref_axis',(1.,0.,0.));
#749=DIRECTION('center_axis',(-1.32845491442051E-79,1.,-1.07777066857043E-48));
#750=DIRECTION('ref_axis',(0.707106781186543,0.,0.707106781186553));
#751=DIRECTION('',(1.32845491442051E-79,-1.,1.07777066857043E-48));
#752=DIRECTION('',(0.,1.,0.));
#753=DIRECTION('center_axis',(-5.43982898138863E-32,1.07777066857043E-48,
1.));
#754=DIRECTION('ref_axis',(1.,0.,5.43982898138863E-32));
#755=DIRECTION('center_axis',(-0.707106781186548,0.,-0.707106781186547));
#756=DIRECTION('ref_axis',(-0.707106781186547,0.,0.707106781186548));
#757=DIRECTION('center_axis',(0.707106781186548,0.,0.707106781186547));
#758=DIRECTION('ref_axis',(-0.707106781186547,0.,0.707106781186548));
#759=DIRECTION('center_axis',(-0.707106781186547,0.,0.707106781186548));
#760=DIRECTION('ref_axis',(0.707106781186548,0.,0.707106781186547));
#761=DIRECTION('center_axis',(0.707106781186547,0.,-0.707106781186548));
#762=DIRECTION('ref_axis',(-0.707106781186548,0.,-0.707106781186547));
#763=DIRECTION('center_axis',(0.,0.,-1.));
#764=DIRECTION('ref_axis',(-1.,0.,0.));
#765=DIRECTION('',(0.,0.,-1.));
#766=DIRECTION('center_axis',(0.,0.,1.));
#767=DIRECTION('ref_axis',(1.,0.,0.));
#768=DIRECTION('axis',(0.,0.,1.));
#769=DIRECTION('refdir',(1.,0.,0.));
#770=DIRECTION('center_axis',(0.,0.,-1.));
#771=DIRECTION('ref_axis',(-1.,0.,0.));
#772=DIRECTION('center_axis',(6.11682992487496E-32,3.245518479077E-31,-1.));
#773=DIRECTION('ref_axis',(-1.,0.,0.));
#774=DIRECTION('',(0.,0.,-1.));
#775=DIRECTION('center_axis',(0.,0.,1.));
#776=DIRECTION('ref_axis',(-1.,0.,0.));
#777=DIRECTION('center_axis',(0.,0.,-1.));
#778=DIRECTION('ref_axis',(-1.,0.,0.));
#779=DIRECTION('center_axis',(6.11682992487496E-32,3.245518479077E-31,-1.));
#780=DIRECTION('ref_axis',(-1.,0.,0.));
#781=DIRECTION('',(0.,0.,-1.));
#782=DIRECTION('center_axis',(0.,0.,1.));
#783=DIRECTION('ref_axis',(-1.,0.,0.));
#784=DIRECTION('center_axis',(0.,-1.,0.));
#785=DIRECTION('ref_axis',(0.707106781186555,0.,-0.70710678118654));
#786=DIRECTION('',(0.,1.,0.));
#787=DIRECTION('',(0.,1.,0.));
#788=DIRECTION('',(-0.0135122797970264,-1.86162097457162E-18,-0.999908704979953));
#789=DIRECTION('center_axis',(1.10011285540931E-61,1.,3.245518479077E-31));
#790=DIRECTION('ref_axis',(0.707106781186543,0.,0.707106781186553));
#791=DIRECTION('',(-1.10011285540931E-61,-1.,-3.245518479077E-31));
#792=DIRECTION('',(0.,1.,0.));
#793=DIRECTION('center_axis',(-6.11682992487496E-32,-3.245518479077E-31,
1.));
#794=DIRECTION('ref_axis',(1.,0.,6.11682992487496E-32));
#795=DIRECTION('center_axis',(-0.707106781186547,0.,0.707106781186548));
#796=DIRECTION('ref_axis',(0.707106781186548,0.,0.707106781186547));
#797=DIRECTION('center_axis',(0.707106781186547,0.,-0.707106781186548));
#798=DIRECTION('ref_axis',(-0.707106781186548,0.,-0.707106781186547));
#799=DIRECTION('center_axis',(-0.707106781186548,0.,-0.707106781186548));
#800=DIRECTION('ref_axis',(-0.707106781186548,0.,0.707106781186548));
#801=DIRECTION('center_axis',(0.707106781186548,0.,0.707106781186548));
#802=DIRECTION('ref_axis',(-0.707106781186547,0.,0.707106781186547));
#803=DIRECTION('center_axis',(0.,0.,-1.));
#804=DIRECTION('ref_axis',(-1.,0.,0.));
#805=DIRECTION('',(0.,0.,-1.));
#806=DIRECTION('center_axis',(0.,0.,1.));
#807=DIRECTION('ref_axis',(1.,0.,0.));
#808=DIRECTION('axis',(0.,0.,1.));
#809=DIRECTION('refdir',(1.,0.,0.));
#810=DIRECTION('center_axis',(1.95486697687675E-16,-1.,0.));
#811=DIRECTION('ref_axis',(0.,0.,1.));
#812=DIRECTION('center_axis',(-0.55453677577063,-0.832159218129508,-1.46859459769667E-16));
#813=DIRECTION('ref_axis',(0.832159218129508,-0.55453677577063,0.));
#814=DIRECTION('center_axis',(-0.554536776945352,0.832159217346693,4.47207814236773E-17));
#815=DIRECTION('ref_axis',(-1.16147091944185E-10,-7.73985042723523E-11,
1.));
#816=DIRECTION('center_axis',(-5.67823730089929E-5,-0.999999998387881,4.33680868295056E-17));
#817=DIRECTION('ref_axis',(0.999999998387881,-5.67823730089929E-5,0.));
#818=DIRECTION('',(0.,0.,1.));
#819=DIRECTION('',(0.,0.,-1.));
#820=DIRECTION('center_axis',(0.,0.,-1.));
#821=DIRECTION('ref_axis',(-1.,0.,0.));
#822=DIRECTION('',(0.,0.,-1.));
#823=DIRECTION('center_axis',(0.707106781186547,0.,-0.707106781186548));
#824=DIRECTION('ref_axis',(-0.707106781186548,0.,-0.707106781186547));
#825=DIRECTION('center_axis',(2.46478321080748E-36,-4.44081935945021E-32,
-1.));
#826=DIRECTION('ref_axis',(-1.,0.,0.));
#827=DIRECTION('center_axis',(-2.46478321080748E-36,4.44081935945021E-32,
1.));
#828=DIRECTION('ref_axis',(1.,0.,2.46478321080748E-36));
#829=DIRECTION('center_axis',(2.46478321080748E-36,-4.44081935945021E-32,
-1.));
#830=DIRECTION('ref_axis',(-1.,0.,0.));
#831=DIRECTION('center_axis',(2.46478321080748E-36,-4.44081935945021E-32,
-1.));
#832=DIRECTION('ref_axis',(-1.,0.,0.));
#833=DIRECTION('center_axis',(0.,0.,-1.));
#834=DIRECTION('ref_axis',(-1.,0.,0.));
#835=DIRECTION('',(0.,0.,-1.));
#836=DIRECTION('center_axis',(-1.22368329395661E-31,8.98907946062328E-36,
1.));
#837=DIRECTION('ref_axis',(-1.,0.,0.));
#838=DIRECTION('center_axis',(0.,0.,-1.));
#839=DIRECTION('ref_axis',(-1.,0.,0.));
#840=DIRECTION('',(0.,0.,-1.));
#841=DIRECTION('center_axis',(-1.22368329395661E-31,8.98907946062328E-36,
1.));
#842=DIRECTION('ref_axis',(-1.,0.,0.));
#843=DIRECTION('center_axis',(1.1079895875642E-66,-1.,8.98907946062328E-36));
#844=DIRECTION('ref_axis',(0.707106781186543,0.,-0.707106781186553));
#845=DIRECTION('',(-1.1079895875642E-66,1.,-8.98907946062328E-36));
#846=DIRECTION('',(0.,1.,0.));
#847=DIRECTION('',(-0.00999950003749688,-1.37758692729754E-18,-0.999950003749688));
#848=DIRECTION('center_axis',(-0.707106781186547,0.,0.707106781186548));
#849=DIRECTION('ref_axis',(0.707106781186548,0.,0.707106781186547));
#850=DIRECTION('center_axis',(-1.22368329395661E-31,8.98907946062328E-36,
1.));
#851=DIRECTION('ref_axis',(1.,0.,1.22368329395661E-31));
#852=DIRECTION('',(0.,0.,1.));
#853=DIRECTION('',(1.,0.,0.));
#854=DIRECTION('',(0.,0.,1.));
#855=DIRECTION('',(1.,0.,0.));
#856=DIRECTION('',(0.,0.,1.));
#857=DIRECTION('',(1.,0.,0.));
#858=CARTESIAN_POINT('',(0.,0.,0.));
#859=CARTESIAN_POINT('',(0.,0.,0.));
#860=CARTESIAN_POINT('Origin',(-4.74999999996591,-3.1093879237477,49.));
#861=CARTESIAN_POINT('',(-2.74999999996591,-3.1093879237477,49.));
#862=CARTESIAN_POINT('Origin',(-4.74999999996591,-3.1093879237477,49.));
#863=CARTESIAN_POINT('',(-2.74999999996591,-3.1093879237477,0.));
#864=CARTESIAN_POINT('',(-2.74999999996591,-3.1093879237477,49.));
#865=CARTESIAN_POINT('Origin',(-4.74999999996591,-3.1093879237477,0.));
#866=CARTESIAN_POINT('Origin',(-4.74999999995376,3.10938792374761,49.));
#867=CARTESIAN_POINT('',(-2.74999999995376,3.10938792374761,49.));
#868=CARTESIAN_POINT('Origin',(-4.74999999995376,3.10938792374761,49.));
#869=CARTESIAN_POINT('',(-2.74999999995376,3.10938792374761,0.));
#870=CARTESIAN_POINT('',(-2.74999999995376,3.10938792374761,49.));
#871=CARTESIAN_POINT('Origin',(-4.74999999995376,3.10938792374761,0.));
#872=CARTESIAN_POINT('Origin',(-1.,0.,1.));
#873=CARTESIAN_POINT('',(3.08148791101958E-32,-7.98979591836735,1.));
#874=CARTESIAN_POINT('',(-1.,-7.95046391999925,0.));
#875=CARTESIAN_POINT('Ctrl Pts',(0.000901212977575394,-7.98875608464247,
1.));
#876=CARTESIAN_POINT('Ctrl Pts',(0.000901287453668111,-7.98895926072238,
0.980089222724178));
#877=CARTESIAN_POINT('Ctrl Pts',(0.00030639020618036,-7.98916272293595,
0.960158276397714));
#878=CARTESIAN_POINT('Ctrl Pts',(-0.00088705017713564,-7.98936588835043,
0.940233558650192));
#879=CARTESIAN_POINT('Ctrl Pts',(-0.00474241752733388,-7.9900222071047,
0.875867455961156));
#880=CARTESIAN_POINT('Ctrl Pts',(-0.0148075791205815,-7.99067396429932,
0.81217631337358));
#881=CARTESIAN_POINT('Ctrl Pts',(-0.0308584904257472,-7.99125898758923,
0.750030188918813));
#882=CARTESIAN_POINT('Ctrl Pts',(-0.0469094017309129,-7.99184401087913,
0.687884064464047));
#883=CARTESIAN_POINT('Ctrl Pts',(-0.0689462057796659,-7.99236177061708,
0.627282958142082));
#884=CARTESIAN_POINT('Ctrl Pts',(-0.0967428963004333,-7.99269124765781,
0.569096927984269));
#885=CARTESIAN_POINT('Ctrl Pts',(-0.129851470742114,-7.99308368700673,0.499791680674106));
#886=CARTESIAN_POINT('Ctrl Pts',(-0.170754851359335,-7.99320282611864,0.434699266668906));
#887=CARTESIAN_POINT('Ctrl Pts',(-0.218543801437436,-7.99278773045455,0.375033228517907));
#888=CARTESIAN_POINT('Ctrl Pts',(-0.253268481099408,-7.99248611127394,0.331678351331728));
#889=CARTESIAN_POINT('Ctrl Pts',(-0.291628456921734,-7.99190083326955,0.291188518760434));
#890=CARTESIAN_POINT('Ctrl Pts',(-0.333270318367117,-7.99091979538479,0.254029303266286));
#891=CARTESIAN_POINT('Ctrl Pts',(-0.387969353286942,-7.98963114440587,0.205218487530454));
#892=CARTESIAN_POINT('Ctrl Pts',(-0.44772550358889,-7.98767001280511,0.162693881418732));
#893=CARTESIAN_POINT('Ctrl Pts',(-0.511404949005729,-7.98483908210763,0.127115209726782));
#894=CARTESIAN_POINT('Ctrl Pts',(-0.557261749982922,-7.98280047412785,0.10149431971854));
#895=CARTESIAN_POINT('Ctrl Pts',(-0.605152788904981,-7.98031132856519,0.0794753959897484));
#896=CARTESIAN_POINT('Ctrl Pts',(-0.654651600399802,-7.97731495055646,0.061304801977009));
#897=CARTESIAN_POINT('Ctrl Pts',(-0.712755435872857,-7.97379767307895,0.0399753766215284));
#898=CARTESIAN_POINT('Ctrl Pts',(-0.772541673004973,-7.9696116648116,0.0241424338893272));
#899=CARTESIAN_POINT('Ctrl Pts',(-0.83323471410025,-7.9647401428535,0.0139147861744107));
#900=CARTESIAN_POINT('Ctrl Pts',(-0.888124373315503,-7.9603344288653,0.0046650915221992));
#901=CARTESIAN_POINT('Ctrl Pts',(-0.943755572959561,-7.95536846937863,-1.23490032354963E-12));
#902=CARTESIAN_POINT('Ctrl Pts',(-0.999556476457526,-7.94986665221947,0.));
#903=CARTESIAN_POINT('',(-1.,7.95046391999925,0.));
#904=CARTESIAN_POINT('',(-1.,0.,0.));
#905=CARTESIAN_POINT('',(3.08148791101958E-32,7.98979591836735,1.));
#906=CARTESIAN_POINT('Ctrl Pts',(-1.00062360726793,7.94970670293307,0.));
#907=CARTESIAN_POINT('Ctrl Pts',(-0.939739519070627,7.95570652032761,1.29211944692737E-12));
#908=CARTESIAN_POINT('Ctrl Pts',(-0.878956886207659,7.96107641883648,0.00556391387136323));
#909=CARTESIAN_POINT('Ctrl Pts',(-0.819027859622453,7.96578066371623,0.0166393099834181));
#910=CARTESIAN_POINT('Ctrl Pts',(-0.806795161637593,7.96674089300977,0.0189000170801508));
#911=CARTESIAN_POINT('Ctrl Pts',(-0.794598043191935,7.96767356125427,0.021390359383188));
#912=CARTESIAN_POINT('Ctrl Pts',(-0.782442919599509,7.96857862829495,0.0241098909812578));
#913=CARTESIAN_POINT('Ctrl Pts',(-0.717357472731624,7.97342487213118,0.0386718103221653));
#914=CARTESIAN_POINT('Ctrl Pts',(-0.65399517521341,7.97743642835832,0.0596877315027815));
#915=CARTESIAN_POINT('Ctrl Pts',(-0.593276001218851,7.98068199298857,0.086791063301618));
#916=CARTESIAN_POINT('Ctrl Pts',(-0.543188072686561,7.98335929570125,0.109148906085328));
#917=CARTESIAN_POINT('Ctrl Pts',(-0.494898793404192,7.98551677478526,0.13564910114754));
#918=CARTESIAN_POINT('Ctrl Pts',(-0.448922779867552,7.98721945333234,0.166085868229231));
#919=CARTESIAN_POINT('Ctrl Pts',(-0.36077442300369,7.99048394506719,0.224441319259389));
#920=CARTESIAN_POINT('Ctrl Pts',(-0.282550556604844,7.99202681114638,0.296334590216463));
#921=CARTESIAN_POINT('Ctrl Pts',(-0.217084299951978,7.99256187436923,0.3789833225756));
#922=CARTESIAN_POINT('Ctrl Pts',(-0.200809504434017,7.99269489013928,0.399529651138357));
#923=CARTESIAN_POINT('Ctrl Pts',(-0.185322886300926,7.9927656742449,0.42074067883034));
#924=CARTESIAN_POINT('Ctrl Pts',(-0.170667485915792,7.99278490464469,0.442573658499455));
#925=CARTESIAN_POINT('Ctrl Pts',(-0.133678012925681,7.99283344117968,0.497678970571558));
#926=CARTESIAN_POINT('Ctrl Pts',(-0.102355218206982,7.99255663202382,0.556195090242757));
#927=CARTESIAN_POINT('Ctrl Pts',(-0.0770771931476357,7.99212007293238,0.617216526878181));
#928=CARTESIAN_POINT('Ctrl Pts',(-0.0517991680882896,7.99168351384093,0.678237963513605));
#929=CARTESIAN_POINT('Ctrl Pts',(-0.0325657226127663,7.99108808770466,0.741764717113245));
#930=CARTESIAN_POINT('Ctrl Pts',(-0.0197506067739797,7.99044610638053,0.806891297042228));
#931=CARTESIAN_POINT('Ctrl Pts',(-0.00806472455775683,7.98986069472815,
0.866279097493652));
#932=CARTESIAN_POINT('Ctrl Pts',(-0.00182127818336942,7.9892419192923,0.926463986042134));
#933=CARTESIAN_POINT('Ctrl Pts',(-0.00102030163848577,7.98862726368481,
0.986702663684909));
#934=CARTESIAN_POINT('Ctrl Pts',(-0.000961367233250581,7.9885820384371,
0.991134916616294));
#935=CARTESIAN_POINT('Ctrl Pts',(-0.000931896816376474,7.98853681210301,
0.9955674607484));
#936=CARTESIAN_POINT('Ctrl Pts',(-0.000931890331101304,7.98849158846647,
1.));
#937=CARTESIAN_POINT('',(3.08148791101958E-32,0.,1.));
#938=CARTESIAN_POINT('Ctrl Pts',(-8.5,-9.10831056865844E-16,49.));
#939=CARTESIAN_POINT('Ctrl Pts',(-8.66666666666667,-9.33793184349857E-16,
32.6666666666667));
#940=CARTESIAN_POINT('Ctrl Pts',(-8.83333333333333,-9.5675531183387E-16,
16.3333333333333));
#941=CARTESIAN_POINT('Ctrl Pts',(-9.,-9.79717439317883E-16,0.));
#942=CARTESIAN_POINT('Ctrl Pts',(-8.5,-1.11264739814639,49.));
#943=CARTESIAN_POINT('Ctrl Pts',(-8.6668317717352,-1.14073143603523,32.6666666666667));
#944=CARTESIAN_POINT('Ctrl Pts',(-8.8331682282648,-1.1687131634787,16.3333333333333));
#945=CARTESIAN_POINT('Ctrl Pts',(-9.,-1.19679720136754,0.));
#946=CARTESIAN_POINT('Ctrl Pts',(-7.93080710879754,-3.33802040190282,49.));
#947=CARTESIAN_POINT('Ctrl Pts',(-8.08245983363165,-3.42183080305215,32.6666666666667));
#948=CARTESIAN_POINT('Ctrl Pts',(-8.23418675771554,-3.50567633310993,16.3333333333333));
#949=CARTESIAN_POINT('Ctrl Pts',(-8.38583948254964,-3.58948673425926,0.));
#950=CARTESIAN_POINT('Ctrl Pts',(-5.50844274204114,-6.04597446550122,49.));
#951=CARTESIAN_POINT('Ctrl Pts',(-5.60666927495061,-6.18705580892984,32.6666666666667));
#952=CARTESIAN_POINT('Ctrl Pts',(-5.70467900282678,-6.32804585781142,16.3333333333333));
#953=CARTESIAN_POINT('Ctrl Pts',(-5.80290553573625,-6.46912720124004,0.));
#954=CARTESIAN_POINT('Ctrl Pts',(-1.97079391457523,-7.56223909200104,49.));
#955=CARTESIAN_POINT('Ctrl Pts',(-2.00435710847663,-7.73000880841057,32.6666666666666));
#956=CARTESIAN_POINT('Ctrl Pts',(-2.03786731579485,-7.89777066348438,16.3333333333333));
#957=CARTESIAN_POINT('Ctrl Pts',(-2.07143050969624,-8.06554037989391,0.));
#958=CARTESIAN_POINT('Ctrl Pts',(1.97235581621957,-7.56206165511989,49.));
#959=CARTESIAN_POINT('Ctrl Pts',(2.00599370184001,-7.72986139066928,32.6666666666667));
#960=CARTESIAN_POINT('Ctrl Pts',(2.03978312263807,-7.89765717795863,16.3333333333333));
#961=CARTESIAN_POINT('Ctrl Pts',(2.0734210082585,-8.06545691350802,0.));
#962=CARTESIAN_POINT('Ctrl Pts',(5.5062628909764,-6.04508330234206,49.));
#963=CARTESIAN_POINT('Ctrl Pts',(5.60426947187527,-6.18611741851053,32.6666666666666));
#964=CARTESIAN_POINT('Ctrl Pts',(5.70247373094148,-6.32700131504209,16.3333333333333));
#965=CARTESIAN_POINT('Ctrl Pts',(5.80048031184035,-6.46803543121056,0.));
#966=CARTESIAN_POINT('Ctrl Pts',(8.20707641946013,-3.0364592752197,49.));
#967=CARTESIAN_POINT('Ctrl Pts',(8.36520180814044,-3.11403327359266,32.6666666666667));
#968=CARTESIAN_POINT('Ctrl Pts',(8.52322998222585,-3.19173910385845,16.3333333333333));
#969=CARTESIAN_POINT('Ctrl Pts',(8.68135537090615,-3.2693131022314,0.));
#970=CARTESIAN_POINT('Ctrl Pts',(8.78216163616761,0.405218941878912,49.));
#971=CARTESIAN_POINT('Ctrl Pts',(8.95627724788286,0.416035169947819,32.6666666666667));
#972=CARTESIAN_POINT('Ctrl Pts',(9.13016775128442,0.427026415752868,16.3333333333333));
#973=CARTESIAN_POINT('Ctrl Pts',(9.30428336299966,0.437842643821775,0.));
#974=CARTESIAN_POINT('Ctrl Pts',(7.53795309636363,4.0007621734015,49.));
#975=CARTESIAN_POINT('Ctrl Pts',(7.68018373896872,4.0998965865653,32.6666666666666));
#976=CARTESIAN_POINT('Ctrl Pts',(7.82251721034559,4.19897043825462,16.3333333333334));
#977=CARTESIAN_POINT('Ctrl Pts',(7.96474785295068,4.29810485141841,0.));
#978=CARTESIAN_POINT('Ctrl Pts',(5.14391005330937,6.30340121403215,49.));
#979=CARTESIAN_POINT('Ctrl Pts',(5.23498304267643,6.44910395288268,32.6666666666667));
#980=CARTESIAN_POINT('Ctrl Pts',(5.32600997162441,6.59457893628241,16.3333333333333));
#981=CARTESIAN_POINT('Ctrl Pts',(5.41708296099148,6.74028167513293,0.));
#982=CARTESIAN_POINT('Ctrl Pts',(1.52991934882878,7.56109718349411,49.));
#983=CARTESIAN_POINT('Ctrl Pts',(1.55603104584587,7.72877463869036,32.6666666666666));
#984=CARTESIAN_POINT('Ctrl Pts',(1.58214806715388,7.89656029173414,16.3333333333333));
#985=CARTESIAN_POINT('Ctrl Pts',(1.60825976417097,8.06423774693039,0.));
#986=CARTESIAN_POINT('Ctrl Pts',(-1.96971349913999,7.56280392871052,49.));
#987=CARTESIAN_POINT('Ctrl Pts',(-2.00325462291836,7.73064919675701,32.6666666666667));
#988=CARTESIAN_POINT('Ctrl Pts',(-2.03678717798124,7.89833861878211,16.3333333333333));
#989=CARTESIAN_POINT('Ctrl Pts',(-2.07032830175961,8.0661838868286,0.));
#990=CARTESIAN_POINT('Ctrl Pts',(-5.50947719461512,6.0443940321882,49.));
#991=CARTESIAN_POINT('Ctrl Pts',(-5.60772698989519,6.1854298769208,32.6666666666667));
#992=CARTESIAN_POINT('Ctrl Pts',(-5.70580443889792,6.32650074248353,16.3333333333333));
#993=CARTESIAN_POINT('Ctrl Pts',(-5.804054234178,6.46753658721613,0.));
#994=CARTESIAN_POINT('Ctrl Pts',(-7.9305114882643,3.33819307611334,49.));
#995=CARTESIAN_POINT('Ctrl Pts',(-8.08214468386692,3.42203827439307,32.6666666666667));
#996=CARTESIAN_POINT('Ctrl Pts',(-8.23390476545265,3.50583512756589,16.3333333333334));
#997=CARTESIAN_POINT('Ctrl Pts',(-8.38553796105526,3.58968032584562,0.));
#998=CARTESIAN_POINT('Ctrl Pts',(-8.5,1.11264739814639,49.));
#999=CARTESIAN_POINT('Ctrl Pts',(-8.66684273950809,1.14071250880367,32.6666666666667));
#1000=CARTESIAN_POINT('Ctrl Pts',(-8.83315726049191,1.16873209071026,16.3333333333333));
#1001=CARTESIAN_POINT('Ctrl Pts',(-9.,1.19679720136754,0.));
#1002=CARTESIAN_POINT('Ctrl Pts',(-8.5,9.10831056865844E-16,49.));
#1003=CARTESIAN_POINT('Ctrl Pts',(-8.66666666666667,9.33793184349857E-16,
32.6666666666667));
#1004=CARTESIAN_POINT('Ctrl Pts',(-8.83333333333333,9.5675531183387E-16,
16.3333333333333));
#1005=CARTESIAN_POINT('Ctrl Pts',(-9.,9.79717439317883E-16,0.));
#1006=CARTESIAN_POINT('Ctrl Pts',(5.55111512312578E-16,-7.98979591836735,
1.));
#1007=CARTESIAN_POINT('Ctrl Pts',(1.25908643734833,-7.97694809757808,2.25908643734833));
#1008=CARTESIAN_POINT('Ctrl Pts',(2.53485759307655,-7.72903197925607,3.53485759307655));
#1009=CARTESIAN_POINT('Ctrl Pts',(4.79853440214875,-6.78100515569343,5.79853440214875));
#1010=CARTESIAN_POINT('Ctrl Pts',(5.74683828551343,-6.15880218622337,6.74683828551342));
#1011=CARTESIAN_POINT('Ctrl Pts',(7.09558520478488,-4.85128691066892,8.09558520478487));
#1012=CARTESIAN_POINT('Ctrl Pts',(7.61187795841254,-4.20046822066097,8.61187795841254));
#1013=CARTESIAN_POINT('Ctrl Pts',(8.32895571655409,-2.86707707659377,9.32895571655409));
#1014=CARTESIAN_POINT('Ctrl Pts',(8.57479399626826,-2.23504136312353,9.57479399626828));
#1015=CARTESIAN_POINT('Ctrl Pts',(8.86844450527929,-0.919791244406784,9.86844450527931));
#1016=CARTESIAN_POINT('Ctrl Pts',(8.92471417910003,-0.267283941060062,9.92471417908659));
#1017=CARTESIAN_POINT('Ctrl Pts',(8.84838754089626,1.10834695319345,9.84838754088282));
#1018=CARTESIAN_POINT('Ctrl Pts',(8.70157365401245,1.79372503830394,9.70157365401244));
#1019=CARTESIAN_POINT('Ctrl Pts',(8.16995789194664,3.26711034712952,9.16995789194664));
#1020=CARTESIAN_POINT('Ctrl Pts',(7.73717830668815,3.99728488417779,8.73717830668815));
#1021=CARTESIAN_POINT('Ctrl Pts',(6.54575295145675,5.48865287347088,7.54575295145675));
#1022=CARTESIAN_POINT('Ctrl Pts',(5.66190185979073,6.22658324989163,6.66190185979073));
#1023=CARTESIAN_POINT('Ctrl Pts',(3.24306537646158,7.55906575223429,4.24306537646158));
#1024=CARTESIAN_POINT('Ctrl Pts',(1.63847845069446,7.97307675050312,2.63847845069446));
#1025=CARTESIAN_POINT('Ctrl Pts',(5.55111512312578E-16,7.98979591836735,
1.));
#1026=CARTESIAN_POINT('',(-9.,-9.79717439317883E-16,0.));
#1027=CARTESIAN_POINT('Origin',(0.,0.,0.));
#1028=CARTESIAN_POINT('',(-8.5,-9.10831056865844E-16,49.));
#1029=CARTESIAN_POINT('',(-8.5,-9.10831056865844E-16,49.));
#1030=CARTESIAN_POINT('',(-0.999999999989694,7.44787133717035,49.));
#1031=CARTESIAN_POINT('Ctrl Pts',(-1.00064444920975,7.44722483056431,49.));
#1032=CARTESIAN_POINT('Ctrl Pts',(-1.30418486344742,7.41573565284761,49.));
#1033=CARTESIAN_POINT('Ctrl Pts',(-1.60572938485013,7.36980939765794,49.));
#1034=CARTESIAN_POINT('Ctrl Pts',(-1.90349295605836,7.30941559789539,49.));
#1035=CARTESIAN_POINT('Ctrl Pts',(-3.14963473096503,7.05666729653642,49.));
#1036=CARTESIAN_POINT('Ctrl Pts',(-4.32955596279008,6.55053066436231,49.));
#1037=CARTESIAN_POINT('Ctrl Pts',(-5.3230222943108,5.84642885559611,49.));
#1038=CARTESIAN_POINT('Ctrl Pts',(-6.31648862583151,5.14232704682992,49.));
#1039=CARTESIAN_POINT('Ctrl Pts',(-7.12350005704791,4.24026006147163,49.));
#1040=CARTESIAN_POINT('Ctrl Pts',(-7.66937790059003,3.23284014930074,49.));
#1041=CARTESIAN_POINT('Ctrl Pts',(-8.21525574413215,2.22542023712986,49.));
#1042=CARTESIAN_POINT('Ctrl Pts',(-8.5,1.11264739814639,49.));
#1043=CARTESIAN_POINT('Ctrl Pts',(-8.5,1.11022302462516E-15,49.));
#1044=CARTESIAN_POINT('',(-1.23259516440783E-31,7.51020407418207,48.0000007301569));
#1045=CARTESIAN_POINT('Ctrl Pts',(-0.000969243416417909,7.50897860202749,
48.0000007301569));
#1046=CARTESIAN_POINT('Ctrl Pts',(-0.000969257850160112,7.50886851013012,
48.0107912526482));
#1047=CARTESIAN_POINT('Ctrl Pts',(-0.0011438899274046,7.50875836131715,
48.0215889292005));
#1048=CARTESIAN_POINT('Ctrl Pts',(-0.0014938393000985,7.50864816990618,
48.0323895881104));
#1049=CARTESIAN_POINT('Ctrl Pts',(-0.00345368746681497,7.50803105654172,
48.0928773420981));
#1050=CARTESIAN_POINT('Ctrl Pts',(-0.0108946465259711,7.50742237909997,
48.1529181423256));
#1051=CARTESIAN_POINT('Ctrl Pts',(-0.0236494687990685,7.5067928836737,48.211788285205));
#1052=CARTESIAN_POINT('Ctrl Pts',(-0.036768516072596,7.50614541246016,48.2723395160176));
#1053=CARTESIAN_POINT('Ctrl Pts',(-0.0555093234447855,7.5054757741135,48.3316522766146));
#1054=CARTESIAN_POINT('Ctrl Pts',(-0.0796892909704132,7.50469742939508,
48.3889390782017));
#1055=CARTESIAN_POINT('Ctrl Pts',(-0.0823930326407196,7.50461039689402,
48.3953447407588));
#1056=CARTESIAN_POINT('Ctrl Pts',(-0.085164779363678,7.50452195184996,48.4017250724744));
#1057=CARTESIAN_POINT('Ctrl Pts',(-0.0880042745030871,7.5044319336121,48.4080789723853));
#1058=CARTESIAN_POINT('Ctrl Pts',(-0.118100350972847,7.50347782182905,48.4754245560932));
#1059=CARTESIAN_POINT('Ctrl Pts',(-0.155475958963304,7.50236206723954,48.539060836295));
#1060=CARTESIAN_POINT('Ctrl Pts',(-0.199348867489492,7.50087035730438,48.597894738387));
#1061=CARTESIAN_POINT('Ctrl Pts',(-0.234329568276304,7.49968098872464,48.6448041226593));
#1062=CARTESIAN_POINT('Ctrl Pts',(-0.273440688347286,7.49825091297676,48.6886605511871));
#1063=CARTESIAN_POINT('Ctrl Pts',(-0.316282176008238,7.49645379068993,48.7289099776929));
#1064=CARTESIAN_POINT('Ctrl Pts',(-0.370481519703372,7.49418022705327,48.7798300698705));
#1065=CARTESIAN_POINT('Ctrl Pts',(-0.43003272982781,7.49134083523421,48.8243991385822));
#1066=CARTESIAN_POINT('Ctrl Pts',(-0.49376936383969,7.48772638925423,48.861907909354));
#1067=CARTESIAN_POINT('Ctrl Pts',(-0.540489466386359,7.48507693514589,48.8894025149921));
#1068=CARTESIAN_POINT('Ctrl Pts',(-0.589458251636376,7.48201143145507,48.9131035134858));
#1069=CARTESIAN_POINT('Ctrl Pts',(-0.64021397443734,7.4784657309948,48.9327315486317));
#1070=CARTESIAN_POINT('Ctrl Pts',(-0.697796639858118,7.47444311301166,48.9549996697085));
#1071=CARTESIAN_POINT('Ctrl Pts',(-0.757136964469183,7.46983819283835,48.97181678255));
#1072=CARTESIAN_POINT('Ctrl Pts',(-0.817464892887469,7.46462964418952,48.9830668651225));
#1073=CARTESIAN_POINT('Ctrl Pts',(-0.877792821305754,7.45942109554069,48.994316947695));
#1074=CARTESIAN_POINT('Ctrl Pts',(-0.939108121355315,7.45360858795978,48.9999999999987));
#1075=CARTESIAN_POINT('Ctrl Pts',(-1.00064444939735,7.44722483054484,49.));
#1076=CARTESIAN_POINT('',(-1.23259516440783E-31,-7.51020407418207,48.0000007301569));
#1077=CARTESIAN_POINT('Ctrl Pts',(5.55111512312578E-16,7.51020407418207,
48.0000007301569));
#1078=CARTESIAN_POINT('Ctrl Pts',(1.29483788980298,7.52341670571067,46.7051628403539));
#1079=CARTESIAN_POINT('Ctrl Pts',(2.61277354769802,7.27612005761253,45.3872271824589));
#1080=CARTESIAN_POINT('Ctrl Pts',(4.83095771741765,6.31521471392245,43.1690430127393));
#1081=CARTESIAN_POINT('Ctrl Pts',(5.7088306018167,5.72502079054426,42.2911701283402));
#1082=CARTESIAN_POINT('Ctrl Pts',(6.95433687985924,4.49309451145877,41.0456638502976));
#1083=CARTESIAN_POINT('Ctrl Pts',(7.4303874827357,3.88091358097434,40.5696132474212));
#1084=CARTESIAN_POINT('Ctrl Pts',(8.08920466074939,2.62804040695023,39.9107960694075));
#1085=CARTESIAN_POINT('Ctrl Pts',(8.31365764966429,2.03425171951464,39.6863430804926));
#1086=CARTESIAN_POINT('Ctrl Pts',(8.57768924069579,0.797471490869626,39.4223114894611));
#1087=CARTESIAN_POINT('Ctrl Pts',(8.62433133634842,0.183433840298352,39.3756693937953));
#1088=CARTESIAN_POINT('Ctrl Pts',(8.53925906019403,-1.11073690624214,39.4607416699497));
#1089=CARTESIAN_POINT('Ctrl Pts',(8.39364703688848,-1.75500244581737,39.6063536932684));
#1090=CARTESIAN_POINT('Ctrl Pts',(7.87516099227007,-3.14318122722141,40.1248397378868));
#1091=CARTESIAN_POINT('Ctrl Pts',(7.45508229200556,-3.83105204946282,40.5449184381513));
#1092=CARTESIAN_POINT('Ctrl Pts',(6.30011791156834,-5.23656939612368,41.6998828185886));
#1093=CARTESIAN_POINT('Ctrl Pts',(5.44224916433441,-5.92950115700307,42.5577515658225));
#1094=CARTESIAN_POINT('Ctrl Pts',(3.10572087689782,-7.16100955609,44.8942798532591));
#1095=CARTESIAN_POINT('Ctrl Pts',(1.56497711712297,-7.52617322843843,46.4350236130339));
#1096=CARTESIAN_POINT('Ctrl Pts',(1.66533453693773E-15,-7.51020407418207,
48.0000007301569));
#1097=CARTESIAN_POINT('',(-0.999999999849655,-7.44787133719965,49.));
#1098=CARTESIAN_POINT('Ctrl Pts',(-0.999724338222221,-7.44733958817938,
49.));
#1099=CARTESIAN_POINT('Ctrl Pts',(-0.939736190006537,-7.45356298062097,
49.0000000000013));
#1100=CARTESIAN_POINT('Ctrl Pts',(-0.879827306108204,-7.45925822953566,
48.9946068140987));
#1101=CARTESIAN_POINT('Ctrl Pts',(-0.820718108832098,-7.46438682785853,
48.9838611384817));
#1102=CARTESIAN_POINT('Ctrl Pts',(-0.817228350222477,-7.46468961610431,
48.9832267225916));
#1103=CARTESIAN_POINT('Ctrl Pts',(-0.813741380473279,-7.46499044418983,
48.98257364993));
#1104=CARTESIAN_POINT('Ctrl Pts',(-0.810257348343309,-7.46528930979039,
48.9819019288717));
#1105=CARTESIAN_POINT('Ctrl Pts',(-0.746320394368885,-7.47077391941354,
48.9695748903179));
#1106=CARTESIAN_POINT('Ctrl Pts',(-0.683847251944604,-7.47555202534328,
48.951060291917));
#1107=CARTESIAN_POINT('Ctrl Pts',(-0.623701256593095,-7.47967157156414,
48.9266753613079));
#1108=CARTESIAN_POINT('Ctrl Pts',(-0.568099493787341,-7.48347987219166,
48.904132794345));
#1109=CARTESIAN_POINT('Ctrl Pts',(-0.514486678827184,-7.48672652560507,
48.8765734322332));
#1110=CARTESIAN_POINT('Ctrl Pts',(-0.463544090833341,-7.48948899236911,
48.8442478954495));
#1111=CARTESIAN_POINT('Ctrl Pts',(-0.375237559020879,-7.49427759594789,
48.7882131285724));
#1112=CARTESIAN_POINT('Ctrl Pts',(-0.296311031185911,-7.49754042425137,
48.7187088721102));
#1113=CARTESIAN_POINT('Ctrl Pts',(-0.229616341912101,-7.49993616514516,
48.6383123148321));
#1114=CARTESIAN_POINT('Ctrl Pts',(-0.220100106252283,-7.50027799798333,
48.6268410478748));
#1115=CARTESIAN_POINT('Ctrl Pts',(-0.210832830076226,-7.50060223241367,
48.6151480289424));
#1116=CARTESIAN_POINT('Ctrl Pts',(-0.201822736581678,-7.50091078633532,
48.603240744349));
#1117=CARTESIAN_POINT('Ctrl Pts',(-0.161267024867116,-7.50229963140139,
48.5496443636271));
#1118=CARTESIAN_POINT('Ctrl Pts',(-0.126316347141473,-7.50336080208902,
48.4922267345762));
#1119=CARTESIAN_POINT('Ctrl Pts',(-0.0974169309744377,-7.50426602359165,
48.4319034744923));
#1120=CARTESIAN_POINT('Ctrl Pts',(-0.0694029656799763,-7.50514350996063,
48.3734284622403));
#1121=CARTESIAN_POINT('Ctrl Pts',(-0.047074929788621,-7.50587518892897,
48.3122231428812));
#1122=CARTESIAN_POINT('Ctrl Pts',(-0.0308363209975877,-7.50657076683779,
48.2491215250348));
#1123=CARTESIAN_POINT('Ctrl Pts',(-0.015880345588413,-7.50721140337466,
48.1910040928745));
#1124=CARTESIAN_POINT('Ctrl Pts',(-0.0062239959244452,-7.50781613471903,
48.13179774756));
#1125=CARTESIAN_POINT('Ctrl Pts',(-0.00190813636443088,-7.50842493550534,
48.072225821069));
#1126=CARTESIAN_POINT('Ctrl Pts',(-0.000167114898544375,-7.50867052626719,
48.0481944545839));
#1127=CARTESIAN_POINT('Ctrl Pts',(0.000704838171577694,-7.50891619047904,
48.0241035962495));
#1128=CARTESIAN_POINT('Ctrl Pts',(0.000705039724555379,-7.50916214399676,
48.0000007301569));
#1129=CARTESIAN_POINT('Ctrl Pts',(-8.5,-9.10831056865844E-16,49.));
#1130=CARTESIAN_POINT('Ctrl Pts',(-8.5,-1.11264739814639,49.));
#1131=CARTESIAN_POINT('Ctrl Pts',(-8.21540355439877,-2.22533390002461,49.));
#1132=CARTESIAN_POINT('Ctrl Pts',(-7.66937793713875,-3.23300282823011,49.));
#1133=CARTESIAN_POINT('Ctrl Pts',(-7.12335231987874,-4.24067175643562,49.));
#1134=CARTESIAN_POINT('Ctrl Pts',(-6.31589753095994,-5.14332311096842,49.));
#1135=CARTESIAN_POINT('Ctrl Pts',(-5.32256199858956,-5.84735955931813,49.));
#1136=CARTESIAN_POINT('Ctrl Pts',(-4.32922646621917,-6.55139600766783,49.));
#1137=CARTESIAN_POINT('Ctrl Pts',(-3.1500101903972,-7.05681754983443,49.));
#1138=CARTESIAN_POINT('Ctrl Pts',(-1.90321043068708,-7.30949874810421,49.));
#1139=CARTESIAN_POINT('Ctrl Pts',(-1.60528963389707,-7.36987651392917,49.));
#1140=CARTESIAN_POINT('Ctrl Pts',(-1.30351006795974,-7.4158237327447,49.));
#1141=CARTESIAN_POINT('Ctrl Pts',(-0.999724334405104,-7.44733958857538,
49.));
#1142=CARTESIAN_POINT('Origin',(0.,0.,0.));
#1143=CARTESIAN_POINT('Origin',(-1.,4.14014116757202E-17,48.));
#1144=CARTESIAN_POINT('',(-1.,4.14014116757202E-17,49.));
#1145=CARTESIAN_POINT('',(-1.23259516440783E-31,0.,48.0000007301569));
#1146=CARTESIAN_POINT('Origin',(-0.772727272727272,8.28028233514404E-17,
49.));
#1147=CARTESIAN_POINT('Origin',(11.0000001639128,0.,37.0000005662441));
#1148=CARTESIAN_POINT('',(5.5,1.77856329801667E-16,42.5000007301569));
#1149=CARTESIAN_POINT('Origin',(4.25,2.47754799082476E-17,43.7500007301569));
#1150=CARTESIAN_POINT('Origin',(3.08148791101958E-32,0.,1.));
#1151=CARTESIAN_POINT('',(5.5,-1.28305369985172E-16,6.49999999999999));
#1152=CARTESIAN_POINT('Origin',(4.25,2.47754799082476E-17,5.24999999999999));
#1153=CARTESIAN_POINT('Origin',(4.25,2.47754799082476E-17,49.));
#1154=CARTESIAN_POINT('',(5.5,-1.28305369985172E-16,49.));
#1155=CARTESIAN_POINT('Origin',(0.,0.,0.));
#1156=CARTESIAN_POINT('',(0.,0.,0.));
#1157=CARTESIAN_POINT('Origin',(-4.49999999995468,-2.89285527710857,87.));
#1158=CARTESIAN_POINT('',(-2.49999999995468,-2.89285527710857,87.));
#1159=CARTESIAN_POINT('Origin',(-4.49999999995468,-2.89285527710857,87.));
#1160=CARTESIAN_POINT('',(-2.49999999995468,-2.89285527710857,50.));
#1161=CARTESIAN_POINT('',(-2.49999999995468,-2.89285527710857,87.));
#1162=CARTESIAN_POINT('Origin',(-4.49999999995468,-2.89285527710857,50.));
#1163=CARTESIAN_POINT('Origin',(-4.49999999993444,2.89285527710842,87.));
#1164=CARTESIAN_POINT('',(-2.49999999993444,2.89285527710842,87.));
#1165=CARTESIAN_POINT('Origin',(-4.49999999993444,2.89285527710842,87.));
#1166=CARTESIAN_POINT('',(-2.49999999993444,2.89285527710842,50.));
#1167=CARTESIAN_POINT('',(-2.49999999993444,2.89285527710842,87.));
#1168=CARTESIAN_POINT('Origin',(-4.49999999993444,2.89285527710842,50.));
#1169=CARTESIAN_POINT('Origin',(-1.,-1.03373777356162E-5,51.));
#1170=CARTESIAN_POINT('',(-1.22464679914734E-16,-7.48648647641813,51.0000007450581));
#1171=CARTESIAN_POINT('',(-0.999999999852407,-7.44787133719908,50.));
#1172=CARTESIAN_POINT('Ctrl Pts',(-0.000525194852101674,-7.48596175953794,
51.0000007450581));
#1173=CARTESIAN_POINT('Ctrl Pts',(-0.000525225903461114,-7.48677099828505,
50.9401218249957));
#1174=CARTESIAN_POINT('Ctrl Pts',(-0.00590115124324919,-7.48758486907349,
50.8802239823938));
#1175=CARTESIAN_POINT('Ctrl Pts',(-0.0166631308350091,-7.48836660487655,
50.8210370413966));
#1176=CARTESIAN_POINT('Ctrl Pts',(-0.0281590372198828,-7.48920165214022,
50.7578137721913));
#1177=CARTESIAN_POINT('Ctrl Pts',(-0.0456939995064258,-7.48999207210306,
50.6959857459173));
#1178=CARTESIAN_POINT('Ctrl Pts',(-0.0689516820073348,-7.49063283093238,
50.6363837934585));
#1179=CARTESIAN_POINT('Ctrl Pts',(-0.0910720023217581,-7.49124225496025,
50.5796965341109));
#1180=CARTESIAN_POINT('Ctrl Pts',(-0.118369145828087,-7.49171529185415,
50.5250229503701));
#1181=CARTESIAN_POINT('Ctrl Pts',(-0.150567528509721,-7.49191806601639,
50.4730778471904));
#1182=CARTESIAN_POINT('Ctrl Pts',(-0.198941589338137,-7.49222270894693,
50.3950367975577));
#1183=CARTESIAN_POINT('Ctrl Pts',(-0.257725470125676,-7.49191074392594,
50.3242070075563));
#1184=CARTESIAN_POINT('Ctrl Pts',(-0.325147019315802,-7.49048403024625,
50.2624731892296));
#1185=CARTESIAN_POINT('Ctrl Pts',(-0.355565373549023,-7.48984034462022,
50.2346209494548));
#1186=CARTESIAN_POINT('Ctrl Pts',(-0.38774148707649,-7.48896911334886,50.2086202069275));
#1187=CARTESIAN_POINT('Ctrl Pts',(-0.421510224587528,-7.48782394160212,
50.1846440452648));
#1188=CARTESIAN_POINT('Ctrl Pts',(-0.476753262014861,-7.48595052937742,
50.1454209029825));
#1189=CARTESIAN_POINT('Ctrl Pts',(-0.535710726029008,-7.483359186464,50.1120034873971));
#1190=CARTESIAN_POINT('Ctrl Pts',(-0.597445974341174,-7.47991288296628,
50.084820544419));
#1191=CARTESIAN_POINT('Ctrl Pts',(-0.637220516425867,-7.47769251215293,
50.0673072252208));
#1192=CARTESIAN_POINT('Ctrl Pts',(-0.678147915942826,-7.47511807227333,
50.052381783431));
#1193=CARTESIAN_POINT('Ctrl Pts',(-0.719976406353467,-7.47216458829931,
50.0401588801108));
#1194=CARTESIAN_POINT('Ctrl Pts',(-0.778191208550135,-7.46805407693132,
50.0231476542199));
#1195=CARTESIAN_POINT('Ctrl Pts',(-0.837699914347152,-7.4632387082716,50.0115028949206));
#1196=CARTESIAN_POINT('Ctrl Pts',(-0.897767408592208,-7.45772265650856,
50.0052971181145));
#1197=CARTESIAN_POINT('Ctrl Pts',(-0.931906008243174,-7.45458767834509,
50.0017701434576));
#1198=CARTESIAN_POINT('Ctrl Pts',(-0.966225130714793,-7.45122729475544,
49.9999999999992));
#1199=CARTESIAN_POINT('Ctrl Pts',(-1.00059037497706,-7.44764981003885,50.));
#1200=CARTESIAN_POINT('',(-0.999999999988895,7.44787133717051,50.));
#1201=CARTESIAN_POINT('',(-1.,-1.03373777356162E-5,50.));
#1202=CARTESIAN_POINT('',(-1.22464679914734E-16,7.48648647641813,51.0000007450581));
#1203=CARTESIAN_POINT('Ctrl Pts',(-0.998978858499241,7.44796591778501,50.));
#1204=CARTESIAN_POINT('Ctrl Pts',(-0.938901374772319,7.45421696801615,50.0000000000013));
#1205=CARTESIAN_POINT('Ctrl Pts',(-0.878917503413418,7.4598059777228,50.0054139692894));
#1206=CARTESIAN_POINT('Ctrl Pts',(-0.819751189154946,7.46469651575621,50.0161985345679));
#1207=CARTESIAN_POINT('Ctrl Pts',(-0.809356711046123,7.46555569705161,50.0180931925182));
#1208=CARTESIAN_POINT('Ctrl Pts',(-0.798987477348565,7.46639345013276,50.0201536101217));
#1209=CARTESIAN_POINT('Ctrl Pts',(-0.788647425723139,7.4672097415848,50.0223795521948));
#1210=CARTESIAN_POINT('Ctrl Pts',(-0.725069970503506,7.47222883966271,50.0360661117593));
#1211=CARTESIAN_POINT('Ctrl Pts',(-0.663052586145812,7.47639592027172,50.0559126942089));
#1212=CARTESIAN_POINT('Ctrl Pts',(-0.603449185402855,7.47977349856716,50.0816118234934));
#1213=CARTESIAN_POINT('Ctrl Pts',(-0.566568226758612,7.48186345188994,50.0975137437282));
#1214=CARTESIAN_POINT('Ctrl Pts',(-0.530611520586009,7.48365229381832,50.1156564852463));
#1215=CARTESIAN_POINT('Ctrl Pts',(-0.495780740323415,7.48516465583246,50.1359672022041));
#1216=CARTESIAN_POINT('Ctrl Pts',(-0.421209457236403,7.48840256135844,50.1794516206565));
#1217=CARTESIAN_POINT('Ctrl Pts',(-0.352688134172876,7.49033277432681,50.2323493693839));
#1218=CARTESIAN_POINT('Ctrl Pts',(-0.291873767963849,7.49134571892901,50.2932527154534));
#1219=CARTESIAN_POINT('Ctrl Pts',(-0.264188313756394,7.4918068571953,50.3209786773239));
#1220=CARTESIAN_POINT('Ctrl Pts',(-0.238099736352714,7.49207859587092,50.3503637854775));
#1221=CARTESIAN_POINT('Ctrl Pts',(-0.213762516312143,7.49219930728038,50.3812752219943));
#1222=CARTESIAN_POINT('Ctrl Pts',(-0.171715706411133,7.49240785738092,50.4346801422286));
#1223=CARTESIAN_POINT('Ctrl Pts',(-0.135320372963136,7.49216682810215,50.492104391259));
#1224=CARTESIAN_POINT('Ctrl Pts',(-0.105058933163394,7.49167934077854,50.5526084244364));
#1225=CARTESIAN_POINT('Ctrl Pts',(-0.0764754827087108,7.49121888450634,
50.6097575239531));
#1226=CARTESIAN_POINT('Ctrl Pts',(-0.0533642806192169,7.49053911612311,
50.6696543304152));
#1227=CARTESIAN_POINT('Ctrl Pts',(-0.0361261082092774,7.48976876151519,
50.7315070855276));
#1228=CARTESIAN_POINT('Ctrl Pts',(-0.0199979969171725,7.48904801429469,
50.7893768001616));
#1229=CARTESIAN_POINT('Ctrl Pts',(-0.00915504417293043,7.48825503616501,
50.8484439999105));
#1230=CARTESIAN_POINT('Ctrl Pts',(-0.00365346711903936,7.4874528837362,
50.9079841876432));
#1231=CARTESIAN_POINT('Ctrl Pts',(-0.000827829877719167,7.48704089427321,
50.9385643231507));
#1232=CARTESIAN_POINT('Ctrl Pts',(0.000588825353479585,7.486625652709,50.9692692281825));
#1233=CARTESIAN_POINT('Ctrl Pts',(0.000588955379964284,7.48621033899368,
51.0000007450581));
#1234=CARTESIAN_POINT('',(-1.22464679914734E-16,0.,51.0000007450581));
#1235=CARTESIAN_POINT('Ctrl Pts',(-8.,-8.41944674413805E-16,87.));
#1236=CARTESIAN_POINT('Ctrl Pts',(-8.16666666666667,-8.64906801897818E-16,
74.6666666666667));
#1237=CARTESIAN_POINT('Ctrl Pts',(-8.33333333333333,-8.87868929381831E-16,
62.3333333333333));
#1238=CARTESIAN_POINT('Ctrl Pts',(-8.5,-9.10831056865844E-16,50.));
#1239=CARTESIAN_POINT('Ctrl Pts',(-8.,-1.02849759492523,87.));
#1240=CARTESIAN_POINT('Ctrl Pts',(-8.16688567321175,-1.05657087663662,74.6666666666667));
#1241=CARTESIAN_POINT('Ctrl Pts',(-8.33311432678825,-1.08457411643499,62.3333333333333));
#1242=CARTESIAN_POINT('Ctrl Pts',(-8.5,-1.11264739814639,50.));
#1243=CARTESIAN_POINT('Ctrl Pts',(-7.47300599050672,-3.09029610353351,87.));
#1244=CARTESIAN_POINT('Ctrl Pts',(-7.62453923200588,-3.17418146021633,74.6666666666666));
#1245=CARTESIAN_POINT('Ctrl Pts',(-7.77626749174577,-3.25816466059863,62.3333333333333));
#1246=CARTESIAN_POINT('Ctrl Pts',(-7.92780073324493,-3.34205001728144,50.));
#1247=CARTESIAN_POINT('Ctrl Pts',(-5.21642966414242,-5.62217625493898,87.));
#1248=CARTESIAN_POINT('Ctrl Pts',(-5.31476049109313,-5.76323651484441,74.6666666666667));
#1249=CARTESIAN_POINT('Ctrl Pts',(-5.41282561458269,-5.90421056869582,62.3333333333333));
#1250=CARTESIAN_POINT('Ctrl Pts',(-5.51115644153339,-6.04527082860125,50.));
#1251=CARTESIAN_POINT('Ctrl Pts',(-1.8673659218965,-7.05916948772154,87.));
#1252=CARTESIAN_POINT('Ctrl Pts',(-1.90076889052449,-7.22695383993745,74.6666666666666));
#1253=CARTESIAN_POINT('Ctrl Pts',(-1.93432790193602,-7.39475901950655,62.3333333333333));
#1254=CARTESIAN_POINT('Ctrl Pts',(-1.96773087056401,-7.56254337172246,50.));
#1255=CARTESIAN_POINT('Ctrl Pts',(1.86651844894563,-7.05952323417973,87.));
#1256=CARTESIAN_POINT('Ctrl Pts',(1.89988732613831,-7.22732783137864,74.6666666666666));
#1257=CARTESIAN_POINT('Ctrl Pts',(1.93340504788209,-7.39511754831893,62.3333333333333));
#1258=CARTESIAN_POINT('Ctrl Pts',(1.96677392507477,-7.56292214551784,50.));
#1259=CARTESIAN_POINT('Ctrl Pts',(5.21477981070756,-5.62077188648099,87.));
#1260=CARTESIAN_POINT('Ctrl Pts',(5.31322423267649,-5.76179494640333,74.6666666666666));
#1261=CARTESIAN_POINT('Ctrl Pts',(5.41129227991776,-5.90286405921158,62.3333333333333));
#1262=CARTESIAN_POINT('Ctrl Pts',(5.50973670188669,-6.04388711913391,50.));
#1263=CARTESIAN_POINT('Ctrl Pts',(7.22136196017742,-3.3703912234606,87.));
#1264=CARTESIAN_POINT('Ctrl Pts',(7.3667752038025,-3.46069487691451,74.6666666666667));
#1265=CARTESIAN_POINT('Ctrl Pts',(7.51242042259195,-3.55103449858515,62.3333333333333));
#1266=CARTESIAN_POINT('Ctrl Pts',(7.65783366621703,-3.64133815203906,50.));
#1267=CARTESIAN_POINT('Ctrl Pts',(8.26136493779561,-0.371530028430863,87.));
#1268=CARTESIAN_POINT('Ctrl Pts',(8.43545357386405,-0.382374715284727,74.6666666666666));
#1269=CARTESIAN_POINT('Ctrl Pts',(8.60889267595444,-0.393513741800227,62.3333333333333));
#1270=CARTESIAN_POINT('Ctrl Pts',(8.78298131202288,-0.404358428654091,50.));
#1271=CARTESIAN_POINT('Ctrl Pts',(7.78872439869298,2.4523702529197,87.));
#1272=CARTESIAN_POINT('Ctrl Pts',(7.94870356499984,2.5201460208195,74.6666666666667));
#1273=CARTESIAN_POINT('Ctrl Pts',(8.10894177386429,2.58796753396156,62.3333333333333));
#1274=CARTESIAN_POINT('Ctrl Pts',(8.26892094017114,2.65574330186135,50.));
#1275=CARTESIAN_POINT('Ctrl Pts',(5.99616301911254,4.78857809888666,87.));
#1276=CARTESIAN_POINT('Ctrl Pts',(6.11255822605136,4.91112092630925,74.6666666666666));
#1277=CARTESIAN_POINT('Ctrl Pts',(6.22928227831963,5.03373097281163,62.3333333333333));
#1278=CARTESIAN_POINT('Ctrl Pts',(6.34567748525846,5.15627380023422,50.));
#1279=CARTESIAN_POINT('Ctrl Pts',(4.11004834840222,6.12914828319439,87.));
#1280=CARTESIAN_POINT('Ctrl Pts',(4.18682394802983,6.27961686513348,74.6666666666667));
#1281=CARTESIAN_POINT('Ctrl Pts',(4.26368803894655,6.43009260268392,62.3333333333333));
#1282=CARTESIAN_POINT('Ctrl Pts',(4.34046363857416,6.58056118462301,50.));
#1283=CARTESIAN_POINT('Ctrl Pts',(1.45165877891074,7.059410241669,87.));
#1284=CARTESIAN_POINT('Ctrl Pts',(1.47762519694941,7.22719890532799,74.6666666666666));
#1285=CARTESIAN_POINT('Ctrl Pts',(1.50389395713374,7.39502359400008,62.3333333333333));
#1286=CARTESIAN_POINT('Ctrl Pts',(1.52986037517242,7.56281225765907,50.));
#1287=CARTESIAN_POINT('Ctrl Pts',(-1.86623902254706,7.05966135939144,87.));
#1288=CARTESIAN_POINT('Ctrl Pts',(-1.89967313432977,7.22744548593391,74.6666666666666));
#1289=CARTESIAN_POINT('Ctrl Pts',(-1.93307249099199,7.39529535170577,62.3333333333333));
#1290=CARTESIAN_POINT('Ctrl Pts',(-1.96650660277469,7.56307947824824,50.));
#1291=CARTESIAN_POINT('Ctrl Pts',(-5.21432314568666,5.62145241560617,87.));
#1292=CARTESIAN_POINT('Ctrl Pts',(-5.31261765883078,5.76252290413783,74.6666666666667));
#1293=CARTESIAN_POINT('Ctrl Pts',(-5.41061104110522,5.9035981308808,62.3333333333333));
#1294=CARTESIAN_POINT('Ctrl Pts',(-5.50890555424934,6.04466861941247,50.));
#1295=CARTESIAN_POINT('Ctrl Pts',(-7.47431154653127,3.0882717090196,87.));
#1296=CARTESIAN_POINT('Ctrl Pts',(-7.62589776657862,3.17211528339758,74.6666666666667));
#1297=CARTESIAN_POINT('Ctrl Pts',(-7.77760526805572,3.25604287111339,62.3333333333333));
#1298=CARTESIAN_POINT('Ctrl Pts',(-7.92919148810307,3.33988644549137,50.));
#1299=CARTESIAN_POINT('Ctrl Pts',(-8.,1.02849759492523,87.));
#1300=CARTESIAN_POINT('Ctrl Pts',(-8.16685842952842,1.05658867718331,74.6666666666667));
#1301=CARTESIAN_POINT('Ctrl Pts',(-8.33314157047158,1.08455631588831,62.3333333333333));
#1302=CARTESIAN_POINT('Ctrl Pts',(-8.5,1.11264739814639,50.));
#1303=CARTESIAN_POINT('Ctrl Pts',(-8.,8.41944674413805E-16,87.));
#1304=CARTESIAN_POINT('Ctrl Pts',(-8.16666666666667,8.64906801897818E-16,
74.6666666666667));
#1305=CARTESIAN_POINT('Ctrl Pts',(-8.33333333333333,8.87868929381831E-16,
62.3333333333333));
#1306=CARTESIAN_POINT('Ctrl Pts',(-8.5,9.10831056865844E-16,50.));
#1307=CARTESIAN_POINT('Ctrl Pts',(-8.32667268468867E-16,-7.48648647641813,
51.000000745058));
#1308=CARTESIAN_POINT('Ctrl Pts',(1.26799187850747,-7.4693514510329,52.2679926235655));
#1309=CARTESIAN_POINT('Ctrl Pts',(2.55507074523508,-7.20131927571984,53.5550714902931));
#1310=CARTESIAN_POINT('Ctrl Pts',(4.63913721482854,-6.25729678207021,55.6391379598866));
#1311=CARTESIAN_POINT('Ctrl Pts',(5.50822246243062,-5.69042715029233,56.5082232074887));
#1312=CARTESIAN_POINT('Ctrl Pts',(6.76325257856766,-4.42997090370064,57.7632533236257));
#1313=CARTESIAN_POINT('Ctrl Pts',(7.22370365483605,-3.8321100455522,58.2237043998941));
#1314=CARTESIAN_POINT('Ctrl Pts',(7.86528019079662,-2.61083524504496,58.8652809358547));
#1315=CARTESIAN_POINT('Ctrl Pts',(8.085634091249,-2.0308457101896,59.0856348363078));
#1316=CARTESIAN_POINT('Ctrl Pts',(8.34975701313124,-0.817033970335245,59.34975775819));
#1317=CARTESIAN_POINT('Ctrl Pts',(8.39855241738815,-0.210466842311132,59.3985531623666));
#1318=CARTESIAN_POINT('Ctrl Pts',(8.3202209688478,1.06810569826117,59.3202217138263));
#1319=CARTESIAN_POINT('Ctrl Pts',(8.17969212490908,1.70464055269048,59.1796928699671));
#1320=CARTESIAN_POINT('Ctrl Pts',(7.66982413015747,3.09263299508165,58.6698248752155));
#1321=CARTESIAN_POINT('Ctrl Pts',(7.24925614059257,3.78558560976359,58.2492568856506));
#1322=CARTESIAN_POINT('Ctrl Pts',(6.12238892143062,5.1625225463237,57.1223896664887));
#1323=CARTESIAN_POINT('Ctrl Pts',(5.30697695427971,5.83470963876497,56.3069776993378));
#1324=CARTESIAN_POINT('Ctrl Pts',(3.05339636738268,7.07392151913126,54.0533971124407));
#1325=CARTESIAN_POINT('Ctrl Pts',(1.54342340923075,7.46562940332042,52.5434241542888));
#1326=CARTESIAN_POINT('Ctrl Pts',(-4.16333634234434E-15,7.48648647641813,
51.0000007450581));
#1327=CARTESIAN_POINT('',(-8.5,-9.10830939445902E-16,50.));
#1328=CARTESIAN_POINT('Ctrl Pts',(-0.998978858509046,7.44796591778399,50.));
#1329=CARTESIAN_POINT('Ctrl Pts',(-1.30231068132797,7.41640430195821,50.));
#1330=CARTESIAN_POINT('Ctrl Pts',(-1.60368375157842,7.37040535475856,50.));
#1331=CARTESIAN_POINT('Ctrl Pts',(-1.90133761965538,7.30996089791514,50.));
#1332=CARTESIAN_POINT('Ctrl Pts',(-3.14730625326624,7.05694252530298,50.));
#1333=CARTESIAN_POINT('Ctrl Pts',(-4.32810590375779,6.55080557235772,50.));
#1334=CARTESIAN_POINT('Ctrl Pts',(-5.32188671797919,5.84694006689824,50.));
#1335=CARTESIAN_POINT('Ctrl Pts',(-6.31566753220058,5.14307456143877,50.));
#1336=CARTESIAN_POINT('Ctrl Pts',(-7.12242951015183,4.24148050346507,50.));
#1337=CARTESIAN_POINT('Ctrl Pts',(-7.66851262710168,3.23387371264197,50.));
#1338=CARTESIAN_POINT('Ctrl Pts',(-8.21459574405153,2.22626692181888,50.));
#1339=CARTESIAN_POINT('Ctrl Pts',(-8.5,1.11264739814639,50.));
#1340=CARTESIAN_POINT('Ctrl Pts',(-8.5,1.11022302462516E-15,50.));
#1341=CARTESIAN_POINT('',(-8.,-8.41944674413805E-16,87.));
#1342=CARTESIAN_POINT('',(-8.,-8.41944674413805E-16,87.));
#1343=CARTESIAN_POINT('',(-0.999999999999997,6.94499079231823,87.));
#1344=CARTESIAN_POINT('Ctrl Pts',(-0.999162263632189,6.94506790130346,87.));
#1345=CARTESIAN_POINT('Ctrl Pts',(-1.26909556443549,6.91542606936527,87.));
#1346=CARTESIAN_POINT('Ctrl Pts',(-1.53723619097683,6.87370993991612,87.));
#1347=CARTESIAN_POINT('Ctrl Pts',(-1.80214720529699,6.81991278418761,87.));
#1348=CARTESIAN_POINT('Ctrl Pts',(-2.98226706359359,6.58025837812969,87.));
#1349=CARTESIAN_POINT('Ctrl Pts',(-4.09829510464013,6.10085539686793,87.));
#1350=CARTESIAN_POINT('Ctrl Pts',(-5.0329738586375,5.43895712180595,87.));
#1351=CARTESIAN_POINT('Ctrl Pts',(-5.96765261263486,4.77705884674398,87.));
#1352=CARTESIAN_POINT('Ctrl Pts',(-6.72098207958307,3.93266527788178,87.));
#1353=CARTESIAN_POINT('Ctrl Pts',(-7.22906892642435,2.9955249649271,87.));
#1354=CARTESIAN_POINT('Ctrl Pts',(-7.73715577326564,2.05838465197241,87.));
#1355=CARTESIAN_POINT('Ctrl Pts',(-8.,1.02849759492523,87.));
#1356=CARTESIAN_POINT('Ctrl Pts',(-8.,5.55111512312578E-16,87.));
#1357=CARTESIAN_POINT('',(-3.38963670212154E-31,7.01351349599458,86.000001296401));
#1358=CARTESIAN_POINT('Ctrl Pts',(0.000446099935038635,7.01317147011089,
86.000001296401));
#1359=CARTESIAN_POINT('Ctrl Pts',(0.000446033692388898,7.01248843709199,
86.0505429468035));
#1360=CARTESIAN_POINT('Ctrl Pts',(-0.00338542421221781,7.01180718210357,
86.1011251459609));
#1361=CARTESIAN_POINT('Ctrl Pts',(-0.0110667807353235,7.01111922562625,
86.1513097388445));
#1362=CARTESIAN_POINT('Ctrl Pts',(-0.0206226892559191,7.01026338080983,
86.2137413389527));
#1363=CARTESIAN_POINT('Ctrl Pts',(-0.0360493286379834,7.0094062536837,86.2749843371211));
#1364=CARTESIAN_POINT('Ctrl Pts',(-0.0570624271112583,7.00847386139008,
86.3342431100011));
#1365=CARTESIAN_POINT('Ctrl Pts',(-0.0780755255845333,7.00754146909647,
86.3935018828811));
#1366=CARTESIAN_POINT('Ctrl Pts',(-0.104675226482847,7.00653313226166,86.4507764304728));
#1367=CARTESIAN_POINT('Ctrl Pts',(-0.136575692485358,7.00532148249132,86.5052711294278));
#1368=CARTESIAN_POINT('Ctrl Pts',(-0.181318380197541,7.00362205693163,86.5817038466527));
#1369=CARTESIAN_POINT('Ctrl Pts',(-0.235900569127393,7.00154242745033,86.6516645643846));
#1370=CARTESIAN_POINT('Ctrl Pts',(-0.298755163114182,6.99866229667899,86.7134280215815));
#1371=CARTESIAN_POINT('Ctrl Pts',(-0.330480866887257,6.99720855766194,86.744602976708));
#1372=CARTESIAN_POINT('Ctrl Pts',(-0.364313865427952,6.99554990226061,86.7736895148454));
#1373=CARTESIAN_POINT('Ctrl Pts',(-0.400050694954187,6.99363011274895,86.8004657767471));
#1374=CARTESIAN_POINT('Ctrl Pts',(-0.454823290216746,6.99068771815755,86.8415048217666));
#1375=CARTESIAN_POINT('Ctrl Pts',(-0.513510444495276,6.98715835574878,86.8767047820365));
#1376=CARTESIAN_POINT('Ctrl Pts',(-0.575174116283811,6.98289668614186,86.905604732445));
#1377=CARTESIAN_POINT('Ctrl Pts',(-0.617012616734061,6.98000516410634,86.9252132077937));
#1378=CARTESIAN_POINT('Ctrl Pts',(-0.660221240644687,6.97677728752818,86.9419214381387));
#1379=CARTESIAN_POINT('Ctrl Pts',(-0.704506101499583,6.97318164024958,86.9555854539601));
#1380=CARTESIAN_POINT('Ctrl Pts',(-0.761678786433765,6.96853958413775,86.9732259852029));
#1381=CARTESIAN_POINT('Ctrl Pts',(-0.820192666462691,6.96331890008098,86.9856549840069));
#1382=CARTESIAN_POINT('Ctrl Pts',(-0.879339531283598,6.95751971503153,86.9927948907528));
#1383=CARTESIAN_POINT('Ctrl Pts',(-0.919065972492247,6.95362464832559,86.9975904633742));
#1384=CARTESIAN_POINT('Ctrl Pts',(-0.959078006938313,6.9494696212718,86.9999999999992));
#1385=CARTESIAN_POINT('Ctrl Pts',(-0.99916226361308,6.94506790130556,87.));
#1386=CARTESIAN_POINT('',(-3.38963670212154E-31,-7.01351349599458,86.000001296401));
#1387=CARTESIAN_POINT('Ctrl Pts',(-2.77555756156289E-15,7.01351349599458,
86.000001296401));
#1388=CARTESIAN_POINT('Ctrl Pts',(1.39902467324051,7.03241923482215,84.6009766231605));
#1389=CARTESIAN_POINT('Ctrl Pts',(2.77986999231075,6.730073932112,83.2201313040903));
#1390=CARTESIAN_POINT('Ctrl Pts',(4.80636310902675,5.7438682673677,81.1936381873743));
#1391=CARTESIAN_POINT('Ctrl Pts',(5.58904017473102,5.20534684392668,80.41096112167));
#1392=CARTESIAN_POINT('Ctrl Pts',(6.71556087431484,4.02176151530916,79.2844404220862));
#1393=CARTESIAN_POINT('Ctrl Pts',(7.12737595991678,3.46222141732932,78.8726253364842));
#1394=CARTESIAN_POINT('Ctrl Pts',(7.69838162867781,2.31974223436729,78.3016196677232));
#1395=CARTESIAN_POINT('Ctrl Pts',(7.89218357901087,1.77576996370178,78.1078177173906));
#1396=CARTESIAN_POINT('Ctrl Pts',(8.11673205232968,0.633373814268511,77.8832692440718));
#1397=CARTESIAN_POINT('Ctrl Pts',(8.1499613755353,0.0607080210983083,77.8500399207387));
#1398=CARTESIAN_POINT('Ctrl Pts',(8.04892558645947,-1.14444788867679,77.9510757098145));
#1399=CARTESIAN_POINT('Ctrl Pts',(7.90126338875321,-1.74290698965581,78.0987379076478));
#1400=CARTESIAN_POINT('Ctrl Pts',(7.39533003986314,-3.02262962912327,78.6046712565379));
#1401=CARTESIAN_POINT('Ctrl Pts',(6.99460281396052,-3.65346690022084,79.0053984824405));
#1402=CARTESIAN_POINT('Ctrl Pts',(5.90942594463358,-4.93266254379581,80.0905753517675));
#1403=CARTESIAN_POINT('Ctrl Pts',(5.11384686052667,-5.56119465909915,80.8861544358744));
#1404=CARTESIAN_POINT('Ctrl Pts',(2.92830694301322,-6.69631223229737,83.0716943533878));
#1405=CARTESIAN_POINT('Ctrl Pts',(1.4750542305666,-7.03344666127251,84.5249470658344));
#1406=CARTESIAN_POINT('Ctrl Pts',(-2.77555756156289E-16,-7.01351349599458,
86.000001296401));
#1407=CARTESIAN_POINT('',(-0.999999999778246,-6.94499079236721,87.));
#1408=CARTESIAN_POINT('Ctrl Pts',(-1.00060786034697,-6.94478849329714,87.));
#1409=CARTESIAN_POINT('Ctrl Pts',(-0.940117607899456,-6.95143291824295,
86.999999999999));
#1410=CARTESIAN_POINT('Ctrl Pts',(-0.879696916472517,-6.9575238145167,86.9945151107926));
#1411=CARTESIAN_POINT('Ctrl Pts',(-0.820085566128701,-6.96301943902992,
86.9835810031261));
#1412=CARTESIAN_POINT('Ctrl Pts',(-0.757992860189343,-6.96874382196847,
86.9721917571498));
#1413=CARTESIAN_POINT('Ctrl Pts',(-0.697176386230661,-6.97378607301337,
86.9549639945259));
#1414=CARTESIAN_POINT('Ctrl Pts',(-0.638435461105783,-6.97818488951071,
86.932154176935));
#1415=CARTESIAN_POINT('Ctrl Pts',(-0.597571711907793,-6.98124497298288,
86.9162862847745));
#1416=CARTESIAN_POINT('Ctrl Pts',(-0.557712479839044,-6.98399494807087,
86.8977169921831));
#1417=CARTESIAN_POINT('Ctrl Pts',(-0.519126851004762,-6.98646256918061,
86.8765326397022));
#1418=CARTESIAN_POINT('Ctrl Pts',(-0.446558696965887,-6.99110343455487,
86.8366911391101));
#1419=CARTESIAN_POINT('Ctrl Pts',(-0.379334844163231,-6.99469038184319,
86.7880573554547));
#1420=CARTESIAN_POINT('Ctrl Pts',(-0.31894413041107,-6.99754298619286,86.7318238706855));
#1421=CARTESIAN_POINT('Ctrl Pts',(-0.288415256729025,-6.99898504230456,
86.7033965704177));
#1422=CARTESIAN_POINT('Ctrl Pts',(-0.259632367571459,-7.00024037387266,
86.6730271425898));
#1423=CARTESIAN_POINT('Ctrl Pts',(-0.23278633121051,-7.00135324925519,86.6408696543665));
#1424=CARTESIAN_POINT('Ctrl Pts',(-0.188924849607904,-7.00317148277245,
86.5883302381514));
#1425=CARTESIAN_POINT('Ctrl Pts',(-0.150679414522292,-7.00459440377072,
86.5315506602729));
#1426=CARTESIAN_POINT('Ctrl Pts',(-0.118566636065505,-7.00581872101964,
86.4714743834005));
#1427=CARTESIAN_POINT('Ctrl Pts',(-0.088620575212871,-7.00696043097441,
86.4154515809688));
#1428=CARTESIAN_POINT('Ctrl Pts',(-0.0640072870507326,-7.00792999607348,
86.3565619419738));
#1429=CARTESIAN_POINT('Ctrl Pts',(-0.0451423272493325,-7.00884606108346,
86.2955705522829));
#1430=CARTESIAN_POINT('Ctrl Pts',(-0.0275716427857498,-7.00969927727941,
86.2387636216276));
#1431=CARTESIAN_POINT('Ctrl Pts',(-0.0151439924196192,-7.01049925413352,
86.1806380288558));
#1432=CARTESIAN_POINT('Ctrl Pts',(-0.00793231170981135,-7.01129909950758,
86.1218947502955));
#1433=CARTESIAN_POINT('Ctrl Pts',(-0.00297073729130354,-7.01184938625854,
86.0814798789372));
#1434=CARTESIAN_POINT('Ctrl Pts',(-0.000478035984196807,-7.01239857033612,
86.0407726370134));
#1435=CARTESIAN_POINT('Ctrl Pts',(-0.000477944176749734,-7.01294957808087,
86.000001296401));
#1436=CARTESIAN_POINT('Ctrl Pts',(-8.,-8.41944674413805E-16,87.));
#1437=CARTESIAN_POINT('Ctrl Pts',(-8.,-1.02849759492523,87.));
#1438=CARTESIAN_POINT('Ctrl Pts',(-7.73650299525336,-2.05939684922937,87.));
#1439=CARTESIAN_POINT('Ctrl Pts',(-7.22865843848599,-2.99682650161569,87.));
#1440=CARTESIAN_POINT('Ctrl Pts',(-6.72081388171862,-3.934256154002,87.));
#1441=CARTESIAN_POINT('Ctrl Pts',(-5.96862177293052,-4.77821620447049,87.));
#1442=CARTESIAN_POINT('Ctrl Pts',(-5.03434842816215,-5.43969510183516,87.));
#1443=CARTESIAN_POINT('Ctrl Pts',(-4.10007508339378,-6.10117399919983,87.));
#1444=CARTESIAN_POINT('Ctrl Pts',(-2.98372050264514,-6.58017174346069,87.));
#1445=CARTESIAN_POINT('Ctrl Pts',(-1.8032291504638,-6.81972957333415,87.));
#1446=CARTESIAN_POINT('Ctrl Pts',(-1.53843269413561,-6.87346487966989,87.));
#1447=CARTESIAN_POINT('Ctrl Pts',(-1.27040918693388,-6.91515273229654,87.));
#1448=CARTESIAN_POINT('Ctrl Pts',(-1.00060786013882,-6.94478849332001,87.));
#1449=CARTESIAN_POINT('Ctrl Pts',(-8.5,-5.86568282441604E-16,50.));
#1450=CARTESIAN_POINT('Ctrl Pts',(-8.49999999999999,-1.11264739814639,50.0000000000005));
#1451=CARTESIAN_POINT('Ctrl Pts',(-8.21390036662245,-2.22734870771391,50.0000000000011));
#1452=CARTESIAN_POINT('Ctrl Pts',(-7.66807650131509,-3.2352361643843,50.0000000000016));
#1453=CARTESIAN_POINT('Ctrl Pts',(-7.12225263600773,-4.24312362105469,50.0000000000022));
#1454=CARTESIAN_POINT('Ctrl Pts',(-6.31670453877054,-5.14419722482796,50.0000000000027));
#1455=CARTESIAN_POINT('Ctrl Pts',(-5.32335956165706,-5.84761278390145,50.0000000000032));
#1456=CARTESIAN_POINT('Ctrl Pts',(-4.33001458454357,-6.55102834297495,50.0000000000038));
#1457=CARTESIAN_POINT('Ctrl Pts',(-3.14887272755379,-7.05678585734867,50.0000000000043));
#1458=CARTESIAN_POINT('Ctrl Pts',(-1.90255099978577,-7.30972774350143,50.0000000000049));
#1459=CARTESIAN_POINT('Ctrl Pts',(-1.60502055348211,-7.37011176040426,50.000000000005));
#1460=CARTESIAN_POINT('Ctrl Pts',(-1.30377547351796,-7.41608768733583,50.0000000000051));
#1461=CARTESIAN_POINT('Ctrl Pts',(-1.00059037479439,-7.4476498100578,50.0000000000053));
#1462=CARTESIAN_POINT('Origin',(-1.,-9.70930850283565E-6,86.));
#1463=CARTESIAN_POINT('',(-1.,-9.70930850283565E-6,87.));
#1464=CARTESIAN_POINT('',(-3.38963670212154E-31,0.,86.000001296401));
#1465=CARTESIAN_POINT('Origin',(-0.727301328562939,-1.94186170056713E-5,
87.));
#1466=CARTESIAN_POINT('Origin',(-1.22464679914734E-16,0.,51.0000007450581));
#1467=CARTESIAN_POINT('',(5.25,-1.81694929988442E-13,56.2500007450581));
#1468=CARTESIAN_POINT('Origin',(4.,-1.81541849138548E-13,55.0000007450581));
#1469=CARTESIAN_POINT('Origin',(8.92588691547152,0.,77.0741143809295));
#1470=CARTESIAN_POINT('',(5.25,-1.81388768288655E-13,80.750001296401));
#1471=CARTESIAN_POINT('Origin',(4.,-1.81541849138548E-13,82.000001296401));
#1472=CARTESIAN_POINT('Origin',(4.,-1.81541849138548E-13,87.));
#1473=CARTESIAN_POINT('',(5.25,-1.81694929988442E-13,87.));
#1474=CARTESIAN_POINT('Origin',(-0.772758380211779,-2.06747554712323E-5,
50.));
#1475=CARTESIAN_POINT('',(0.,0.,0.));
#1476=CARTESIAN_POINT('Ctrl Pts',(-7.7,-2.0122792321331E-15,119.));
#1477=CARTESIAN_POINT('Ctrl Pts',(-7.7,-0.677083064078791,119.));
#1478=CARTESIAN_POINT('Ctrl Pts',(-7.44673939239999,-2.01499102248871,119.));
#1479=CARTESIAN_POINT('Ctrl Pts',(-6.33228382460076,-4.03831141155164,119.));
#1480=CARTESIAN_POINT('Ctrl Pts',(-4.89566034959164,-5.2621454858114,119.));
#1481=CARTESIAN_POINT('Ctrl Pts',(-2.6554977645453,-6.4255973783969,119.));
#1482=CARTESIAN_POINT('Ctrl Pts',(0.050990312661292,-6.90945492835556,119.));
#1483=CARTESIAN_POINT('Ctrl Pts',(2.75520636304813,-6.39736714343723,119.));
#1484=CARTESIAN_POINT('Ctrl Pts',(4.99292876939388,-5.20185386327723,119.));
#1485=CARTESIAN_POINT('Ctrl Pts',(6.06188462490256,-4.25630227818001,119.));
#1486=CARTESIAN_POINT('Ctrl Pts',(6.66167294019715,-3.35623685906484,119.));
#1487=CARTESIAN_POINT('Ctrl Pts',(-7.7,-2.0122792321331E-15,120.196797201368));
#1488=CARTESIAN_POINT('Ctrl Pts',(-7.7,-0.678448328530653,120.196797201368));
#1489=CARTESIAN_POINT('Ctrl Pts',(-7.44748634364003,-2.01790869928611,120.196797201368));
#1490=CARTESIAN_POINT('Ctrl Pts',(-6.33162539787547,-4.04423164238812,120.196797201368));
#1491=CARTESIAN_POINT('Ctrl Pts',(-4.89562713171019,-5.26799750229287,120.196797201368));
#1492=CARTESIAN_POINT('Ctrl Pts',(-2.65393700818346,-6.43206470859163,120.196797201368));
#1493=CARTESIAN_POINT('Ctrl Pts',(0.0516331995645839,-6.91504494335793,
120.196797201368));
#1494=CARTESIAN_POINT('Ctrl Pts',(2.75404491939703,-6.40169643893457,120.196797201368));
#1495=CARTESIAN_POINT('Ctrl Pts',(4.99436242193694,-5.20454196993651,120.196797201368));
#1496=CARTESIAN_POINT('Ctrl Pts',(6.06081321373794,-4.25791007898962,120.196797201368));
#1497=CARTESIAN_POINT('Ctrl Pts',(6.66167294019715,-3.35623685906484,120.196797201368));
#1498=CARTESIAN_POINT('Ctrl Pts',(-6.69564800202309,-1.66382463432614E-15,
122.268838654414));
#1499=CARTESIAN_POINT('Ctrl Pts',(-6.69564800202309,-0.559856268219053,
122.268838654414));
#1500=CARTESIAN_POINT('Ctrl Pts',(-6.48682370179637,-1.66732556024512,122.268838654414));
#1501=CARTESIAN_POINT('Ctrl Pts',(-5.55163559846449,-3.37117985853707,122.268838654414));
#1502=CARTESIAN_POINT('Ctrl Pts',(-4.31416579260306,-4.43149431254945,122.268838654414));
#1503=CARTESIAN_POINT('Ctrl Pts',(-2.35386418531042,-5.44979625028332,122.268838654414));
#1504=CARTESIAN_POINT('Ctrl Pts',(0.0450374572703769,-5.88263408248696,
122.268838654414));
#1505=CARTESIAN_POINT('Ctrl Pts',(2.44150922838082,-5.42489341865967,122.268838654414));
#1506=CARTESIAN_POINT('Ctrl Pts',(4.39808836336364,-4.37899315189626,122.268838654414));
#1507=CARTESIAN_POINT('Ctrl Pts',(5.3180992870794,-3.56130026995033,122.268838654414));
#1508=CARTESIAN_POINT('Ctrl Pts',(5.82589216683388,-2.79928674036794,122.268838654414));
#1509=CARTESIAN_POINT('Ctrl Pts',(-4.59759790102565,-9.35917281530993E-16,
123.));
#1510=CARTESIAN_POINT('Ctrl Pts',(-4.59759790102565,-0.315257136559491,
123.));
#1511=CARTESIAN_POINT('Ctrl Pts',(-4.48175396433316,-0.941671116361369,
123.));
#1512=CARTESIAN_POINT('Ctrl Pts',(-3.92075709290627,-1.9787958838513,123.));
#1513=CARTESIAN_POINT('Ctrl Pts',(-3.09944064846143,-2.69751043114385,123.));
#1514=CARTESIAN_POINT('Ctrl Pts',(-1.72344068631291,-3.41272754149685,123.));
#1515=CARTESIAN_POINT('Ctrl Pts',(0.032735369603752,-3.73880552939328,123.));
#1516=CARTESIAN_POINT('Ctrl Pts',(1.78596818037513,-3.3943325954086,123.));
#1517=CARTESIAN_POINT('Ctrl Pts',(3.15578817084276,-2.66062777792091,123.));
#1518=CARTESIAN_POINT('Ctrl Pts',(3.76414028676185,-2.10980267870528,123.));
#1519=CARTESIAN_POINT('Ctrl Pts',(4.07998043519132,-1.63584080195558,123.));
#1520=CARTESIAN_POINT('Ctrl Pts',(-3.7,-6.2450045135165E-16,123.));
#1521=CARTESIAN_POINT('Ctrl Pts',(-3.7,-0.211022063948075,123.));
#1522=CARTESIAN_POINT('Ctrl Pts',(-3.62415996280726,-0.63209542032191,123.));
#1523=CARTESIAN_POINT('Ctrl Pts',(-3.22282881930903,-1.38487955273673,123.));
#1524=CARTESIAN_POINT('Ctrl Pts',(-2.57974109775324,-1.9574286717507,123.));
#1525=CARTESIAN_POINT('Ctrl Pts',(-1.45326058159121,-2.54316358305959,123.));
#1526=CARTESIAN_POINT('Ctrl Pts',(0.0276655337112142,-2.82330326992546,
123.));
#1527=CARTESIAN_POINT('Ctrl Pts',(1.50516222973872,-2.52691001002931,123.));
#1528=CARTESIAN_POINT('Ctrl Pts',(2.62473238706009,-1.92627668274759,123.));
#1529=CARTESIAN_POINT('Ctrl Pts',(3.09899591073723,-1.48929941875179,123.));
#1530=CARTESIAN_POINT('Ctrl Pts',(3.33303606767912,-1.13808975598233,123.));
#1531=CARTESIAN_POINT('',(-1.94956689841647,-2.27697157064724,123.));
#1532=CARTESIAN_POINT('',(-1.85,-2.90015214376765,122.964032185351));
#1533=CARTESIAN_POINT('Ctrl Pts',(-1.94956689853523,-2.27697157053302,123.));
#1534=CARTESIAN_POINT('Ctrl Pts',(-1.88320410465819,-2.479349590013,123.));
#1535=CARTESIAN_POINT('Ctrl Pts',(-1.84999999999999,-2.68947815260953,122.990611000689));
#1536=CARTESIAN_POINT('Ctrl Pts',(-1.85,-2.90015214376768,122.964032185351));
#1537=CARTESIAN_POINT('',(-3.45205007971986,-0.940142982698035,123.));
#1538=CARTESIAN_POINT('Ctrl Pts',(-1.85,-2.90015214376768,122.964032185351));
#1539=CARTESIAN_POINT('Ctrl Pts',(-1.85,-2.9358615630522,122.959527053722));
#1540=CARTESIAN_POINT('Ctrl Pts',(-1.85095628528221,-2.97158789645403,122.954537871586));
#1541=CARTESIAN_POINT('Ctrl Pts',(-1.86517243823996,-3.23656903072765,122.913723060824));
#1542=CARTESIAN_POINT('Ctrl Pts',(-1.91633186971876,-3.45628452293277,122.858384835394));
#1543=CARTESIAN_POINT('Ctrl Pts',(-2.09344152096005,-3.8876947877046,122.698332307728));
#1544=CARTESIAN_POINT('Ctrl Pts',(-2.22480991463482,-4.08833610986707,122.591194972381));
#1545=CARTESIAN_POINT('Ctrl Pts',(-2.57450010730663,-4.46678091786289,122.316240387178));
#1546=CARTESIAN_POINT('Ctrl Pts',(-2.80375812364297,-4.62557019817712,122.141775549977));
#1547=CARTESIAN_POINT('Ctrl Pts',(-3.35112628930324,-4.86478072488733,121.736132297456));
#1548=CARTESIAN_POINT('Ctrl Pts',(-3.66646493702457,-4.91407736994186,121.508630250438));
#1549=CARTESIAN_POINT('Ctrl Pts',(-4.18694034134686,-4.88403073195792,121.169728493645));
#1550=CARTESIAN_POINT('Ctrl Pts',(-4.40283447724547,-4.83452882055364,121.041747046688));
#1551=CARTESIAN_POINT('Ctrl Pts',(-4.71902524620001,-4.70572019434374,120.898522117785));
#1552=CARTESIAN_POINT('Ctrl Pts',(-4.83279010535952,-4.6470028737556,120.856795597726));
#1553=CARTESIAN_POINT('Ctrl Pts',(-4.99671400824673,-4.54001194854289,120.819359025571));
#1554=CARTESIAN_POINT('Ctrl Pts',(-5.04894182920642,-4.50226562776513,120.811139499187));
#1555=CARTESIAN_POINT('Ctrl Pts',(-5.14005422567626,-4.42934465171721,120.804285038802));
#1556=CARTESIAN_POINT('Ctrl Pts',(-5.17908712414782,-4.39554494534823,120.804055645489));
#1557=CARTESIAN_POINT('Ctrl Pts',(-5.26107884112056,-4.31878922317479,120.809643987142));
#1558=CARTESIAN_POINT('Ctrl Pts',(-5.30307012956805,-4.2757114186661,120.816480725544));
#1559=CARTESIAN_POINT('Ctrl Pts',(-5.41903248068263,-4.14563907899526,120.846629499887));
#1560=CARTESIAN_POINT('Ctrl Pts',(-5.48578835152219,-4.05601243555018,120.878945167873));
#1561=CARTESIAN_POINT('Ctrl Pts',(-5.67697763034847,-3.75163478824182,121.013674210783));
#1562=CARTESIAN_POINT('Ctrl Pts',(-5.77097385317279,-3.51319575724941,121.157883820939));
#1563=CARTESIAN_POINT('Ctrl Pts',(-5.86331638539496,-3.00916245041225,121.485055842018));
#1564=CARTESIAN_POINT('Ctrl Pts',(-5.86292301898182,-2.73899275234337,121.670848996605));
#1565=CARTESIAN_POINT('Ctrl Pts',(-5.73918488506284,-2.18169778965361,122.054437478837));
#1566=CARTESIAN_POINT('Ctrl Pts',(-5.61257268724897,-1.90593045186884,122.244625969305));
#1567=CARTESIAN_POINT('Ctrl Pts',(-5.26357015935354,-1.46232363221361,122.551134121262));
#1568=CARTESIAN_POINT('Ctrl Pts',(-5.06251927511713,-1.28616759249243,122.67332653359));
#1569=CARTESIAN_POINT('Ctrl Pts',(-4.61924776203149,-1.039331306801,122.851516672527));
#1570=CARTESIAN_POINT('Ctrl Pts',(-4.39284080710809,-0.959811769895708,
122.912370237799));
#1571=CARTESIAN_POINT('Ctrl Pts',(-3.91992076522162,-0.887693443635328,
122.98666373037));
#1572=CARTESIAN_POINT('Ctrl Pts',(-3.68387673355465,-0.893074134765616,
122.999999999265));
#1573=CARTESIAN_POINT('Ctrl Pts',(-3.4520500822333,-0.940142995077371,123.));
#1574=CARTESIAN_POINT('',(-3.7,-6.24500451351651E-16,123.));
#1575=CARTESIAN_POINT('Ctrl Pts',(-3.45189837249711,-0.940061628741779,
123.));
#1576=CARTESIAN_POINT('Ctrl Pts',(-3.50717757339723,-0.837513949053551,
123.));
#1577=CARTESIAN_POINT('Ctrl Pts',(-3.64115872620544,-0.537716163359149,
123.));
#1578=CARTESIAN_POINT('Ctrl Pts',(-3.7,-0.211022063948075,123.));
#1579=CARTESIAN_POINT('Ctrl Pts',(-3.7,-6.2450045135165E-16,123.));
#1580=CARTESIAN_POINT('',(-7.7,-1.40644724210235E-15,119.));
#1581=CARTESIAN_POINT('Origin',(-3.7,-6.24500451351651E-16,119.));
#1582=CARTESIAN_POINT('',(6.66167294019715,-3.35623685906484,119.));
#1583=CARTESIAN_POINT('Ctrl Pts',(-7.7,-2.0122792321331E-15,119.));
#1584=CARTESIAN_POINT('Ctrl Pts',(-7.7,-0.677083064078791,119.));
#1585=CARTESIAN_POINT('Ctrl Pts',(-7.44673939239999,-2.01499102248871,119.));
#1586=CARTESIAN_POINT('Ctrl Pts',(-6.33228382460076,-4.03831141155164,119.));
#1587=CARTESIAN_POINT('Ctrl Pts',(-4.89566034959164,-5.2621454858114,119.));
#1588=CARTESIAN_POINT('Ctrl Pts',(-2.6554977645453,-6.4255973783969,119.));
#1589=CARTESIAN_POINT('Ctrl Pts',(0.050990312661292,-6.90945492835556,119.));
#1590=CARTESIAN_POINT('Ctrl Pts',(2.75520636304813,-6.39736714343723,119.));
#1591=CARTESIAN_POINT('Ctrl Pts',(4.99292876939388,-5.20185386327723,119.));
#1592=CARTESIAN_POINT('Ctrl Pts',(6.06188462490256,-4.25630227818001,119.));
#1593=CARTESIAN_POINT('Ctrl Pts',(6.66167294019715,-3.35623685906484,119.));
#1594=CARTESIAN_POINT('',(3.33303606767949,-1.13808975598257,123.));
#1595=CARTESIAN_POINT('Origin',(3.33303606767912,-1.13808975598233,119.));
#1596=CARTESIAN_POINT('Ctrl Pts',(3.33303606767912,-1.13808975598233,123.));
#1597=CARTESIAN_POINT('Ctrl Pts',(3.09899591073723,-1.48929941875179,123.));
#1598=CARTESIAN_POINT('Ctrl Pts',(2.62473238706009,-1.92627668274759,123.));
#1599=CARTESIAN_POINT('Ctrl Pts',(1.50516222973872,-2.52691001002931,123.));
#1600=CARTESIAN_POINT('Ctrl Pts',(0.0276655337112142,-2.82330326992546,
123.));
#1601=CARTESIAN_POINT('Ctrl Pts',(-1.28812075061175,-2.57440229244667,123.));
#1602=CARTESIAN_POINT('Ctrl Pts',(-1.90751800241533,-2.29630329136063,123.));
#1603=CARTESIAN_POINT('Ctrl Pts',(-1.94941467336826,-2.27664780573696,123.));
#1604=CARTESIAN_POINT('Ctrl Pts',(6.66167293506222,3.35623686677052,119.));
#1605=CARTESIAN_POINT('Ctrl Pts',(6.06188460986484,4.25630229799281,119.));
#1606=CARTESIAN_POINT('Ctrl Pts',(4.63579767157124,5.51884749225179,119.));
#1607=CARTESIAN_POINT('Ctrl Pts',(1.61125344124613,6.80242109848348,119.));
#1608=CARTESIAN_POINT('Ctrl Pts',(-1.51078812121156,6.81847893781787,119.));
#1609=CARTESIAN_POINT('Ctrl Pts',(-4.53637126802735,5.56954472171438,119.));
#1610=CARTESIAN_POINT('Ctrl Pts',(-6.33175489317402,4.03742901538546,119.));
#1611=CARTESIAN_POINT('Ctrl Pts',(-7.44667503178235,2.01519729751123,119.));
#1612=CARTESIAN_POINT('Ctrl Pts',(-7.7,0.677083067122537,119.));
#1613=CARTESIAN_POINT('Ctrl Pts',(-7.7,1.66533453693773E-15,119.));
#1614=CARTESIAN_POINT('Ctrl Pts',(6.66167293506222,3.35623686677052,120.196797201368));
#1615=CARTESIAN_POINT('Ctrl Pts',(6.0608131986831,4.2579100988232,120.196797201368));
#1616=CARTESIAN_POINT('Ctrl Pts',(4.63631199193228,5.52218010953529,120.196797201368));
#1617=CARTESIAN_POINT('Ctrl Pts',(1.60948928807336,6.80763917771279,120.196797201368));
#1618=CARTESIAN_POINT('Ctrl Pts',(-1.5088870240575,6.82527341090774,120.196797201368));
#1619=CARTESIAN_POINT('Ctrl Pts',(-4.53566576435382,5.57616374815707,120.196797201368));
#1620=CARTESIAN_POINT('Ctrl Pts',(-6.33112512338634,4.04346198144909,120.196797201368));
#1621=CARTESIAN_POINT('Ctrl Pts',(-7.44727407852937,2.01828115323183,120.196797201368));
#1622=CARTESIAN_POINT('Ctrl Pts',(-7.7,0.678448331580536,120.196797201368));
#1623=CARTESIAN_POINT('Ctrl Pts',(-7.7,1.66533453693773E-15,120.196797201368));
#1624=CARTESIAN_POINT('Ctrl Pts',(5.82589216248514,2.79928674689376,122.268838654414));
#1625=CARTESIAN_POINT('Ctrl Pts',(5.31809927429844,3.56130028679881,122.268838654414));
#1626=CARTESIAN_POINT('Ctrl Pts',(4.09075790267975,4.65285847010448,122.268838654414));
#1627=CARTESIAN_POINT('Ctrl Pts',(1.43330128715761,5.78455266665008,122.268838654414));
#1628=CARTESIAN_POINT('Ctrl Pts',(-1.34451221520588,5.79860062581704,122.268838654414));
#1629=CARTESIAN_POINT('Ctrl Pts',(-4.00466839359037,4.69752028956323,122.268838654414));
#1630=CARTESIAN_POINT('Ctrl Pts',(-5.55125007678027,3.37050515836543,122.268838654414));
#1631=CARTESIAN_POINT('Ctrl Pts',(-6.48677308676414,1.66745334569299,122.268838654414));
#1632=CARTESIAN_POINT('Ctrl Pts',(-6.69564800202306,0.55985627073582,122.268838654414));
#1633=CARTESIAN_POINT('Ctrl Pts',(-6.69564800202306,1.40399358858251E-15,
122.268838654414));
#1634=CARTESIAN_POINT('Ctrl Pts',(4.07998043248499,1.6358408060168,123.));
#1635=CARTESIAN_POINT('Ctrl Pts',(3.76414027869168,2.10980268936579,123.));
#1636=CARTESIAN_POINT('Ctrl Pts',(2.95229874473815,2.84453334439464,123.));
#1637=CARTESIAN_POINT('Ctrl Pts',(1.06120107242868,3.65934828739136,123.));
#1638=CARTESIAN_POINT('Ctrl Pts',(-0.996774833640187,3.66952426117693,123.));
#1639=CARTESIAN_POINT('Ctrl Pts',(-2.89381675734006,2.87726826519202,123.));
#1640=CARTESIAN_POINT('Ctrl Pts',(-3.9206770849692,1.97857840674937,123.));
#1641=CARTESIAN_POINT('Ctrl Pts',(-4.48170142280305,0.941669366572051,123.));
#1642=CARTESIAN_POINT('Ctrl Pts',(-4.59759790102565,0.315257137976692,123.));
#1643=CARTESIAN_POINT('Ctrl Pts',(-4.59759790102565,8.58063073986157E-16,
123.));
#1644=CARTESIAN_POINT('Ctrl Pts',(3.33303606567545,1.13808975898912,123.));
#1645=CARTESIAN_POINT('Ctrl Pts',(3.0989959046773,1.48929942677118,123.));
#1646=CARTESIAN_POINT('Ctrl Pts',(2.46539230882427,2.07188902561002,123.));
#1647=CARTESIAN_POINT('Ctrl Pts',(0.901476922463112,2.75170207845847,123.));
#1648=CARTESIAN_POINT('Ctrl Pts',(-0.847432532157046,2.76069550914898,123.));
#1649=CARTESIAN_POINT('Ctrl Pts',(-2.41835472902171,2.10050947699811,123.));
#1650=CARTESIAN_POINT('Ctrl Pts',(-3.22288813427093,1.38489158411304,123.));
#1651=CARTESIAN_POINT('Ctrl Pts',(-3.62406212531597,0.632088218636194,123.));
#1652=CARTESIAN_POINT('Ctrl Pts',(-3.7,0.211022064896699,123.));
#1653=CARTESIAN_POINT('Ctrl Pts',(-3.7,6.24500451351651E-16,123.));
#1654=CARTESIAN_POINT('',(-3.45205006170823,0.940142999196581,123.));
#1655=CARTESIAN_POINT('',(-1.85,2.90015214376763,122.964032185351));
#1656=CARTESIAN_POINT('Ctrl Pts',(-3.45205006164076,0.940142999258381,123.));
#1657=CARTESIAN_POINT('Ctrl Pts',(-3.69319291462253,0.891182623869983,123.));
#1658=CARTESIAN_POINT('Ctrl Pts',(-3.93870181936552,0.887345681345646,122.985495222896));
#1659=CARTESIAN_POINT('Ctrl Pts',(-4.40686715294898,0.965378284809104,122.908265524928));
#1660=CARTESIAN_POINT('Ctrl Pts',(-4.62107964973284,1.04154919114813,122.850013037748));
#1661=CARTESIAN_POINT('Ctrl Pts',(-5.0361962017289,1.27019470522824,122.684750321411));
#1662=CARTESIAN_POINT('Ctrl Pts',(-5.22513587897483,1.42869479003177,122.574516710743));
#1663=CARTESIAN_POINT('Ctrl Pts',(-5.56496503394549,1.83112752696615,122.296171447994));
#1664=CARTESIAN_POINT('Ctrl Pts',(-5.69607919880556,2.08349998009074,122.122299644385));
#1665=CARTESIAN_POINT('Ctrl Pts',(-5.86262751502016,2.66166390828742,121.723870260748));
#1666=CARTESIAN_POINT('Ctrl Pts',(-5.87044925436688,2.97886845758199,121.504356518482));
#1667=CARTESIAN_POINT('Ctrl Pts',(-5.77270778179974,3.49677750970499,121.168833493731));
#1668=CARTESIAN_POINT('Ctrl Pts',(-5.69216896746736,3.71017323696505,121.039407004587));
#1669=CARTESIAN_POINT('Ctrl Pts',(-5.52026543167672,4.00675496184303,120.898358286183));
#1670=CARTESIAN_POINT('Ctrl Pts',(-5.44905645772226,4.10812748940012,120.858293909817));
#1671=CARTESIAN_POINT('Ctrl Pts',(-5.32478900442296,4.25255942445292,120.820911332227));
#1672=CARTESIAN_POINT('Ctrl Pts',(-5.28095506752052,4.29890601728708,120.812339110601));
#1673=CARTESIAN_POINT('Ctrl Pts',(-5.19724822772847,4.37920116129606,120.804603036774));
#1674=CARTESIAN_POINT('Ctrl Pts',(-5.15865776404331,4.41345512494457,120.803941318157));
#1675=CARTESIAN_POINT('Ctrl Pts',(-5.07146049107713,4.48500838907056,120.808637482347));
#1676=CARTESIAN_POINT('Ctrl Pts',(-5.02284469209276,4.52128585734629,120.815088541871));
#1677=CARTESIAN_POINT('Ctrl Pts',(-4.87539444385485,4.62133126191477,120.844894721554));
#1678=CARTESIAN_POINT('Ctrl Pts',(-4.77488460272488,4.6769613069222,120.878118136055));
#1679=CARTESIAN_POINT('Ctrl Pts',(-4.44526322160458,4.82581598141701,121.015501885058));
#1680=CARTESIAN_POINT('Ctrl Pts',(-4.19839055560874,4.88578883458231,121.161433784077));
#1681=CARTESIAN_POINT('Ctrl Pts',(-3.68990069227805,4.91008213903887,121.494287115284));
#1682=CARTESIAN_POINT('Ctrl Pts',(-3.42235982421079,4.87364491992538,121.685412018312));
#1683=CARTESIAN_POINT('Ctrl Pts',(-2.88478575135299,4.67635300515935,122.080284188878));
#1684=CARTESIAN_POINT('Ctrl Pts',(-2.62528943357849,4.51207641196147,122.27698250031));
#1685=CARTESIAN_POINT('Ctrl Pts',(-2.2349874750356,4.10603102681174,122.582725179174));
#1686=CARTESIAN_POINT('Ctrl Pts',(-2.09056578423477,3.88841016042075,122.700156794395));
#1687=CARTESIAN_POINT('Ctrl Pts',(-1.90530521017755,3.42209771307969,122.869084336544));
#1688=CARTESIAN_POINT('Ctrl Pts',(-1.85595187407068,3.18816956757025,122.924658870093));
#1689=CARTESIAN_POINT('Ctrl Pts',(-1.85016720782143,2.93001939767262,122.960179879019));
#1690=CARTESIAN_POINT('Ctrl Pts',(-1.85,2.91508356685024,122.96214842393));
#1691=CARTESIAN_POINT('Ctrl Pts',(-1.85,2.90015214376763,122.964032185351));
#1692=CARTESIAN_POINT('',(-1.94956689843118,2.27697157063309,123.));
#1693=CARTESIAN_POINT('Ctrl Pts',(-1.85,2.90015214376763,122.964032185351));
#1694=CARTESIAN_POINT('Ctrl Pts',(-1.85,2.68919966909105,122.990646134414));
#1695=CARTESIAN_POINT('Ctrl Pts',(-1.88329106609069,2.47908439499255,123.));
#1696=CARTESIAN_POINT('Ctrl Pts',(-1.94956689853523,2.27697157053302,123.));
#1697=CARTESIAN_POINT('',(3.33303606521085,1.13808975867953,123.));
#1698=CARTESIAN_POINT('Ctrl Pts',(-1.94947075895969,2.27676707001609,123.));
#1699=CARTESIAN_POINT('Ctrl Pts',(-1.71671759946498,2.3859257419261,123.));
#1700=CARTESIAN_POINT('Ctrl Pts',(-0.676737900249711,2.75981774481576,123.));
#1701=CARTESIAN_POINT('Ctrl Pts',(0.901476922463112,2.75170207845847,123.));
#1702=CARTESIAN_POINT('Ctrl Pts',(2.46539230882427,2.07188902561002,123.));
#1703=CARTESIAN_POINT('Ctrl Pts',(3.0989959046773,1.48929942677118,123.));
#1704=CARTESIAN_POINT('Ctrl Pts',(3.33303606567545,1.13808975898912,123.));
#1705=CARTESIAN_POINT('',(6.66167293506222,3.35623686677053,119.));
#1706=CARTESIAN_POINT('Origin',(3.33303606567544,1.13808975898912,119.));
#1707=CARTESIAN_POINT('Ctrl Pts',(6.66167293506222,3.35623686677052,119.));
#1708=CARTESIAN_POINT('Ctrl Pts',(6.06188460986484,4.25630229799281,119.));
#1709=CARTESIAN_POINT('Ctrl Pts',(4.63579767157124,5.51884749225179,119.));
#1710=CARTESIAN_POINT('Ctrl Pts',(1.61125344124613,6.80242109848348,119.));
#1711=CARTESIAN_POINT('Ctrl Pts',(-1.51078812121156,6.81847893781787,119.));
#1712=CARTESIAN_POINT('Ctrl Pts',(-4.53637126802735,5.56954472171438,119.));
#1713=CARTESIAN_POINT('Ctrl Pts',(-6.33175489317402,4.03742901538546,119.));
#1714=CARTESIAN_POINT('Ctrl Pts',(-7.44667503178235,2.01519729751123,119.));
#1715=CARTESIAN_POINT('Ctrl Pts',(-7.7,0.677083067122537,119.));
#1716=CARTESIAN_POINT('Ctrl Pts',(-7.7,1.66533453693773E-15,119.));
#1717=CARTESIAN_POINT('Ctrl Pts',(-3.7,6.24500451351651E-16,123.));
#1718=CARTESIAN_POINT('Ctrl Pts',(-3.7,0.211022064896699,123.));
#1719=CARTESIAN_POINT('Ctrl Pts',(-3.64108391380094,0.537704499879832,123.));
#1720=CARTESIAN_POINT('Ctrl Pts',(-3.50713693357657,0.83750174571895,123.));
#1721=CARTESIAN_POINT('Ctrl Pts',(-3.45186846736168,0.940045634846144,123.));
#1722=CARTESIAN_POINT('Ctrl Pts',(6.66167294019715,-3.35623685906485,119.));
#1723=CARTESIAN_POINT('Ctrl Pts',(6.99009509206235,-2.86339394394393,119.));
#1724=CARTESIAN_POINT('Ctrl Pts',(7.50180611738051,-1.84617873771204,119.));
#1725=CARTESIAN_POINT('Ctrl Pts',(7.69996841272387,-0.556451634667973,119.));
#1726=CARTESIAN_POINT('Ctrl Pts',(7.6999999906318,-0.000329968678842718,
119.));
#1727=CARTESIAN_POINT('Ctrl Pts',(6.66167294019715,-3.35623685906485,120.196797201368));
#1728=CARTESIAN_POINT('Ctrl Pts',(6.99068175764293,-2.86251357100534,120.196797201368));
#1729=CARTESIAN_POINT('Ctrl Pts',(7.50208540795591,-1.84761262800593,120.196797201368));
#1730=CARTESIAN_POINT('Ctrl Pts',(7.69996834905045,-0.557572993598395,120.196797201368));
#1731=CARTESIAN_POINT('Ctrl Pts',(7.6999999906318,-0.000329968678842718,
120.196797201368));
#1732=CARTESIAN_POINT('Ctrl Pts',(5.82588667756907,-2.79928308241506,122.268833687234));
#1733=CARTESIAN_POINT('Ctrl Pts',(6.10393549248951,-2.38203233451924,122.268833687234));
#1734=CARTESIAN_POINT('Ctrl Pts',(6.5321988584925,-1.52742517778362,122.268833687234));
#1735=CARTESIAN_POINT('Ctrl Pts',(6.6956152871964,-0.460110464216231,122.268833687234));
#1736=CARTESIAN_POINT('Ctrl Pts',(6.69564139786233,-0.000272938814501709,
122.268833687234));
#1737=CARTESIAN_POINT('Ctrl Pts',(4.07998043519132,-1.63584080195558,123.));
#1738=CARTESIAN_POINT('Ctrl Pts',(4.25292295265547,-1.3763166073441,123.));
#1739=CARTESIAN_POINT('Ctrl Pts',(4.50680613479627,-0.861863093226237,123.));
#1740=CARTESIAN_POINT('Ctrl Pts',(4.59758319364626,-0.259090019555468,123.));
#1741=CARTESIAN_POINT('Ctrl Pts',(4.59759789665889,-0.000153806925635965,
123.));
#1742=CARTESIAN_POINT('Ctrl Pts',(3.33303606767912,-1.13808975598233,123.));
#1743=CARTESIAN_POINT('Ctrl Pts',(3.46118790059365,-0.945780185653425,123.));
#1744=CARTESIAN_POINT('Ctrl Pts',(3.64037418263469,-0.577549706861451,123.));
#1745=CARTESIAN_POINT('Ctrl Pts',(3.69999015539957,-0.173425653345324,123.));
#1746=CARTESIAN_POINT('Ctrl Pts',(3.69999999708027,-0.000102839186808153,
123.));
#1747=CARTESIAN_POINT('',(5.10000352500251,-9.44273054307954E-5,122.747008288189));
#1748=CARTESIAN_POINT('Ctrl Pts',(5.09999998670165,-0.000182334508559909,
122.746998802074));
#1749=CARTESIAN_POINT('Ctrl Pts',(5.09998343926472,-0.113623811326455,122.747002577987));
#1750=CARTESIAN_POINT('Ctrl Pts',(5.08452818141041,-0.22658410467904,122.750551205726));
#1751=CARTESIAN_POINT('Ctrl Pts',(5.00970993152696,-0.494696037446807,122.767408386052));
#1752=CARTESIAN_POINT('Ctrl Pts',(4.93465769885768,-0.64251375334131,122.784215705148));
#1753=CARTESIAN_POINT('Ctrl Pts',(4.74127532671238,-0.88911499486481,122.824919411371));
#1754=CARTESIAN_POINT('Ctrl Pts',(4.62871764138257,-0.989103125458087,122.847740777439));
#1755=CARTESIAN_POINT('Ctrl Pts',(4.37021548415332,-1.14696687713503,122.895332973558));
#1756=CARTESIAN_POINT('Ctrl Pts',(4.22510149033377,-1.20232302809151,122.919800885558));
#1757=CARTESIAN_POINT('Ctrl Pts',(3.94736932512078,-1.25276459172975,122.95853861616));
#1758=CARTESIAN_POINT('Ctrl Pts',(3.81822376336443,-1.25621812355693,122.973610235996));
#1759=CARTESIAN_POINT('Ctrl Pts',(3.56711508871745,-1.22390449412206,122.994268412994));
#1760=CARTESIAN_POINT('Ctrl Pts',(3.44665284405354,-1.18969884497283,123.));
#1761=CARTESIAN_POINT('Ctrl Pts',(3.33303606767795,-1.1380897559849,123.));
#1762=CARTESIAN_POINT('',(7.6999999906318,-0.000329968678844679,119.));
#1763=CARTESIAN_POINT('Ctrl Pts',(6.66167294019715,-3.35623685906485,119.));
#1764=CARTESIAN_POINT('Ctrl Pts',(6.99009509206235,-2.86339394394393,119.));
#1765=CARTESIAN_POINT('Ctrl Pts',(7.50180611738051,-1.84617873771204,119.));
#1766=CARTESIAN_POINT('Ctrl Pts',(7.69996841272387,-0.556451634667973,119.));
#1767=CARTESIAN_POINT('Ctrl Pts',(7.6999999906318,-0.000329968678842718,
119.));
#1768=CARTESIAN_POINT('Origin',(3.69999999708027,-0.000102839186808708,
119.));
#1769=CARTESIAN_POINT('Ctrl Pts',(7.6999999906318,-0.000329968678843759,
119.));
#1770=CARTESIAN_POINT('Ctrl Pts',(7.7000315741654,0.555890771681218,119.));
#1771=CARTESIAN_POINT('Ctrl Pts',(7.50191666542836,1.84595828918308,119.));
#1772=CARTESIAN_POINT('Ctrl Pts',(6.99015359652538,2.86330615140402,119.));
#1773=CARTESIAN_POINT('Ctrl Pts',(6.66167293506222,3.35623686677053,119.));
#1774=CARTESIAN_POINT('Ctrl Pts',(7.6999999906318,-0.000329968678843759,
120.196797201368));
#1775=CARTESIAN_POINT('Ctrl Pts',(7.70003163785017,0.557012330384347,120.196797201368));
#1776=CARTESIAN_POINT('Ctrl Pts',(7.50219617133335,1.84739262313539,120.196797201368));
#1777=CARTESIAN_POINT('Ctrl Pts',(6.99074036662225,2.86242562162696,120.196797201368));
#1778=CARTESIAN_POINT('Ctrl Pts',(6.66167293506222,3.35623686677053,120.196797201368));
#1779=CARTESIAN_POINT('Ctrl Pts',(6.69564139786243,-0.000272938814502503,
122.268833687234));
#1780=CARTESIAN_POINT('Ctrl Pts',(6.69566751318004,0.459646507714106,122.268833687234));
#1781=CARTESIAN_POINT('Ctrl Pts',(6.53229069641704,1.52724043315841,122.268833687234));
#1782=CARTESIAN_POINT('Ctrl Pts',(6.10398502357258,2.3819580075474,122.268833687234));
#1783=CARTESIAN_POINT('Ctrl Pts',(5.82588667322045,2.79928308894095,122.268833687234));
#1784=CARTESIAN_POINT('Ctrl Pts',(4.59759789665889,-0.000153806925636225,
123.));
#1785=CARTESIAN_POINT('Ctrl Pts',(4.5976126022909,0.258828535793971,123.));
#1786=CARTESIAN_POINT('Ctrl Pts',(4.50685893265386,0.86175302300326,123.));
#1787=CARTESIAN_POINT('Ctrl Pts',(4.25295376036781,1.37627037689987,123.));
#1788=CARTESIAN_POINT('Ctrl Pts',(4.07998043248499,1.6358408060168,123.));
#1789=CARTESIAN_POINT('Ctrl Pts',(3.69999999708027,-0.000102839186808187,
123.));
#1790=CARTESIAN_POINT('Ctrl Pts',(3.70000984051429,0.173250852835008,123.));
#1791=CARTESIAN_POINT('Ctrl Pts',(3.64041034292726,0.577471717807049,123.));
#1792=CARTESIAN_POINT('Ctrl Pts',(3.46121072940922,0.945745928442991,123.));
#1793=CARTESIAN_POINT('Ctrl Pts',(3.33303606567544,1.13808975898912,123.));
#1794=CARTESIAN_POINT('Ctrl Pts',(7.6999999906318,-0.000329968678843759,
119.));
#1795=CARTESIAN_POINT('Ctrl Pts',(7.7000315741654,0.555890771681218,119.));
#1796=CARTESIAN_POINT('Ctrl Pts',(7.50191666542836,1.84595828918308,119.));
#1797=CARTESIAN_POINT('Ctrl Pts',(6.99015359652538,2.86330615140402,119.));
#1798=CARTESIAN_POINT('Ctrl Pts',(6.66167293506222,3.35623686677053,119.));
#1799=CARTESIAN_POINT('Ctrl Pts',(3.33303606714906,1.13808975574497,123.));
#1800=CARTESIAN_POINT('Ctrl Pts',(3.43268159642601,1.18335256954853,123.000000000015));
#1801=CARTESIAN_POINT('Ctrl Pts',(3.53766900242039,1.21526215064739,122.995597235746));
#1802=CARTESIAN_POINT('Ctrl Pts',(3.78069870215767,1.25559687471795,122.977647692659));
#1803=CARTESIAN_POINT('Ctrl Pts',(3.9183857977593,1.25555394921819,122.962212490181));
#1804=CARTESIAN_POINT('Ctrl Pts',(4.20369695112021,1.2086125245086,122.923144487322));
#1805=CARTESIAN_POINT('Ctrl Pts',(4.34840654053116,1.1564167103408,122.899075858138));
#1806=CARTESIAN_POINT('Ctrl Pts',(4.6194309642501,0.998269097426494,122.849696846678));
#1807=CARTESIAN_POINT('Ctrl Pts',(4.74208123612567,0.890487217747738,122.824799173551));
#1808=CARTESIAN_POINT('Ctrl Pts',(4.92388950634616,0.654062107113296,122.786437269171));
#1809=CARTESIAN_POINT('Ctrl Pts',(4.98891654569159,0.53302026421465,122.772020629816));
#1810=CARTESIAN_POINT('Ctrl Pts',(5.07734618083469,0.273701957039324,122.752214370454));
#1811=CARTESIAN_POINT('Ctrl Pts',(5.1,0.137432298660831,122.746998799039));
#1812=CARTESIAN_POINT('Ctrl Pts',(5.1,1.53592416562987E-13,122.746998799039));
#1813=CARTESIAN_POINT('Ctrl Pts',(-7.7,-8.00615252071602E-16,118.));
#1814=CARTESIAN_POINT('Ctrl Pts',(-7.7,-8.00615252071602E-16,123.));
#1815=CARTESIAN_POINT('Ctrl Pts',(-7.7,-1.78001287090254,118.));
#1816=CARTESIAN_POINT('Ctrl Pts',(-7.7,-1.78001287090254,123.));
#1817=CARTESIAN_POINT('Ctrl Pts',(-6.84607881136318,-3.56650036020139,118.));
#1818=CARTESIAN_POINT('Ctrl Pts',(-6.84607881136318,-3.56650036020139,123.));
#1819=CARTESIAN_POINT('Ctrl Pts',(-5.32777302597771,-4.83382139191761,118.));
#1820=CARTESIAN_POINT('Ctrl Pts',(-5.32777302597771,-4.83382139191761,123.));
#1821=CARTESIAN_POINT('Ctrl Pts',(-3.86619015652201,-6.05379613474394,118.));
#1822=CARTESIAN_POINT('Ctrl Pts',(-3.86619015652201,-6.05379613474394,123.));
#1823=CARTESIAN_POINT('Ctrl Pts',(-1.80063257585038,-6.75544709441683,118.));
#1824=CARTESIAN_POINT('Ctrl Pts',(-1.80063257585038,-6.75544709441683,123.));
#1825=CARTESIAN_POINT('Ctrl Pts',(0.25372222563815,-6.69635170911291,118.));
#1826=CARTESIAN_POINT('Ctrl Pts',(0.25372222563815,-6.69635170911291,123.));
#1827=CARTESIAN_POINT('Ctrl Pts',(2.28359922180622,-6.63796045015355,118.));
#1828=CARTESIAN_POINT('Ctrl Pts',(2.28359922180622,-6.63796045015355,123.));
#1829=CARTESIAN_POINT('Ctrl Pts',(4.26612926844591,-5.838812369512,118.));
#1830=CARTESIAN_POINT('Ctrl Pts',(4.26612926844591,-5.838812369512,123.));
#1831=CARTESIAN_POINT('Ctrl Pts',(5.62771631224158,-4.569212329079,118.));
#1832=CARTESIAN_POINT('Ctrl Pts',(5.62771631224158,-4.569212329079,123.));
#1833=CARTESIAN_POINT('Ctrl Pts',(6.96223091515441,-3.3248557515565,118.));
#1834=CARTESIAN_POINT('Ctrl Pts',(6.96223091515441,-3.3248557515565,123.));
#1835=CARTESIAN_POINT('Ctrl Pts',(7.69990568186967,-1.66121092480128,118.));
#1836=CARTESIAN_POINT('Ctrl Pts',(7.69990568186967,-1.66121092480128,123.));
#1837=CARTESIAN_POINT('Ctrl Pts',(7.6999999906318,-0.000329968678843958,
118.));
#1838=CARTESIAN_POINT('Ctrl Pts',(7.6999999906318,-0.000329968678843958,
123.));
#1839=CARTESIAN_POINT('',(-7.7,-8.00615252071602E-16,118.));
#1840=CARTESIAN_POINT('',(-7.7,-8.00615252071602E-16,118.));
#1841=CARTESIAN_POINT('',(7.6999999906318,-0.000329968678843958,118.));
#1842=CARTESIAN_POINT('Ctrl Pts',(-7.7,-8.00615252071602E-16,118.));
#1843=CARTESIAN_POINT('Ctrl Pts',(-7.7,-1.78001287090254,118.));
#1844=CARTESIAN_POINT('Ctrl Pts',(-6.84607881136318,-3.56650036020139,118.));
#1845=CARTESIAN_POINT('Ctrl Pts',(-5.32777302597771,-4.83382139191761,118.));
#1846=CARTESIAN_POINT('Ctrl Pts',(-3.86619015652201,-6.05379613474394,118.));
#1847=CARTESIAN_POINT('Ctrl Pts',(-1.80063257585038,-6.75544709441683,118.));
#1848=CARTESIAN_POINT('Ctrl Pts',(0.25372222563815,-6.69635170911291,118.));
#1849=CARTESIAN_POINT('Ctrl Pts',(2.28359922180622,-6.63796045015355,118.));
#1850=CARTESIAN_POINT('Ctrl Pts',(4.26612926844591,-5.838812369512,118.));
#1851=CARTESIAN_POINT('Ctrl Pts',(5.62771631224158,-4.569212329079,118.));
#1852=CARTESIAN_POINT('Ctrl Pts',(6.96223091515441,-3.3248557515565,118.));
#1853=CARTESIAN_POINT('Ctrl Pts',(7.69990568186967,-1.66121092480128,118.));
#1854=CARTESIAN_POINT('Ctrl Pts',(7.6999999906318,-0.000329968678843958,
118.));
#1855=CARTESIAN_POINT('',(7.6999999906318,-0.000329968678843958,118.));
#1856=CARTESIAN_POINT('Origin',(3.85,1.53240308345106E-13,118.));
#1857=CARTESIAN_POINT('',(5.1,1.53087227495213E-13,94.1000013113022));
#1858=CARTESIAN_POINT('',(5.1,1.53087227495213E-13,118.));
#1859=CARTESIAN_POINT('Origin',(3.85,1.53240308345106E-13,92.8500013113022));
#1860=CARTESIAN_POINT('Origin',(3.85,1.53240308345106E-13,123.));
#1861=CARTESIAN_POINT('Origin',(-0.700017221394073,-5.92241599943128E-5,
123.));
#1862=CARTESIAN_POINT('Origin',(-3.85,2.90015214376763,123.));
#1863=CARTESIAN_POINT('Origin',(-3.85,-2.90015214376762,123.));
#1864=CARTESIAN_POINT('Ctrl Pts',(7.6999999906318,-0.000329968678843958,
118.));
#1865=CARTESIAN_POINT('Ctrl Pts',(7.6999999906318,-0.000329968678843958,
123.));
#1866=CARTESIAN_POINT('Ctrl Pts',(7.70001407100282,0.247640840791151,118.));
#1867=CARTESIAN_POINT('Ctrl Pts',(7.70001407100282,0.247640840791151,123.));
#1868=CARTESIAN_POINT('Ctrl Pts',(7.68415272333605,0.495453172185286,118.));
#1869=CARTESIAN_POINT('Ctrl Pts',(7.68415272333605,0.495453172185286,123.));
#1870=CARTESIAN_POINT('Ctrl Pts',(7.65249706963777,0.741897838322957,118.));
#1871=CARTESIAN_POINT('Ctrl Pts',(7.65249706963777,0.741897838322957,123.));
#1872=CARTESIAN_POINT('Ctrl Pts',(7.42887990162367,2.482795652001,118.));
#1873=CARTESIAN_POINT('Ctrl Pts',(7.42887990162367,2.482795652001,123.));
#1874=CARTESIAN_POINT('Ctrl Pts',(6.37713566852699,4.16172451278477,118.));
#1875=CARTESIAN_POINT('Ctrl Pts',(6.37713566852699,4.16172451278477,123.));
#1876=CARTESIAN_POINT('Ctrl Pts',(4.74318287276525,5.27500273882714,118.));
#1877=CARTESIAN_POINT('Ctrl Pts',(4.74318287276525,5.27500273882714,123.));
#1878=CARTESIAN_POINT('Ctrl Pts',(3.17028186317083,6.34668390993784,118.));
#1879=CARTESIAN_POINT('Ctrl Pts',(3.17028186317083,6.34668390993784,123.));
#1880=CARTESIAN_POINT('Ctrl Pts',(1.07122071098051,6.86373397908453,118.));
#1881=CARTESIAN_POINT('Ctrl Pts',(1.07122071098051,6.86373397908453,123.));
#1882=CARTESIAN_POINT('Ctrl Pts',(-0.932057959457638,6.65059964203149,118.));
#1883=CARTESIAN_POINT('Ctrl Pts',(-0.932057959457638,6.65059964203149,123.));
#1884=CARTESIAN_POINT('Ctrl Pts',(-2.9061887748109,6.44056642558723,118.));
#1885=CARTESIAN_POINT('Ctrl Pts',(-2.9061887748109,6.44056642558723,123.));
#1886=CARTESIAN_POINT('Ctrl Pts',(-4.76385696113224,5.5273271857479,118.));
#1887=CARTESIAN_POINT('Ctrl Pts',(-4.76385696113224,5.5273271857479,123.));
#1888=CARTESIAN_POINT('Ctrl Pts',(-5.98959891422665,4.20661620024862,118.));
#1889=CARTESIAN_POINT('Ctrl Pts',(-5.98959891422665,4.20661620024862,123.));
#1890=CARTESIAN_POINT('Ctrl Pts',(-7.09935827188622,3.01087400408612,118.));
#1891=CARTESIAN_POINT('Ctrl Pts',(-7.09935827188622,3.01087400408612,123.));
#1892=CARTESIAN_POINT('Ctrl Pts',(-7.7,1.50314768654669,118.));
#1893=CARTESIAN_POINT('Ctrl Pts',(-7.7,1.50314768654669,123.));
#1894=CARTESIAN_POINT('Ctrl Pts',(-7.7,8.00615252071601E-16,118.));
#1895=CARTESIAN_POINT('Ctrl Pts',(-7.7,8.00615252071601E-16,123.));
#1896=CARTESIAN_POINT('Ctrl Pts',(7.6999999906318,-0.000329968678843958,
118.));
#1897=CARTESIAN_POINT('Ctrl Pts',(7.70001407100282,0.247640840791151,118.));
#1898=CARTESIAN_POINT('Ctrl Pts',(7.68415272333605,0.495453172185286,118.));
#1899=CARTESIAN_POINT('Ctrl Pts',(7.65249706963777,0.741897838322957,118.));
#1900=CARTESIAN_POINT('Ctrl Pts',(7.42887990162367,2.482795652001,118.));
#1901=CARTESIAN_POINT('Ctrl Pts',(6.37713566852699,4.16172451278477,118.));
#1902=CARTESIAN_POINT('Ctrl Pts',(4.74318287276525,5.27500273882714,118.));
#1903=CARTESIAN_POINT('Ctrl Pts',(3.17028186317083,6.34668390993784,118.));
#1904=CARTESIAN_POINT('Ctrl Pts',(1.07122071098051,6.86373397908453,118.));
#1905=CARTESIAN_POINT('Ctrl Pts',(-0.932057959457638,6.65059964203149,118.));
#1906=CARTESIAN_POINT('Ctrl Pts',(-2.9061887748109,6.44056642558723,118.));
#1907=CARTESIAN_POINT('Ctrl Pts',(-4.76385696113224,5.5273271857479,118.));
#1908=CARTESIAN_POINT('Ctrl Pts',(-5.98959891422665,4.20661620024862,118.));
#1909=CARTESIAN_POINT('Ctrl Pts',(-7.09935827188622,3.01087400408612,118.));
#1910=CARTESIAN_POINT('Ctrl Pts',(-7.7,1.50314768654669,118.));
#1911=CARTESIAN_POINT('Ctrl Pts',(-7.7,8.00615252071601E-16,118.));
#1912=CARTESIAN_POINT('Origin',(-3.85,-2.90015214376762,118.));
#1913=CARTESIAN_POINT('',(-1.85,-2.90015214376762,88.));
#1914=CARTESIAN_POINT('',(-1.85,-2.90015214376762,118.));
#1915=CARTESIAN_POINT('Origin',(-3.85,-2.90015214376762,88.));
#1916=CARTESIAN_POINT('Origin',(-3.85,2.90015214376763,118.));
#1917=CARTESIAN_POINT('',(-1.85,2.90015214376763,88.));
#1918=CARTESIAN_POINT('',(-1.85,2.90015214376763,118.));
#1919=CARTESIAN_POINT('Origin',(-3.85,2.90015214376763,88.));
#1920=CARTESIAN_POINT('Origin',(-1.,-3.09596177495981E-5,89.));
#1921=CARTESIAN_POINT('',(1.23259516440783E-31,-6.98999998688698,89.0000013113022));
#1922=CARTESIAN_POINT('',(-0.999999999780184,-6.94499079236679,88.));
#1923=CARTESIAN_POINT('Ctrl Pts',(-9.49064235391539E-5,-6.99000141734704,
89.0000013113022));
#1924=CARTESIAN_POINT('Ctrl Pts',(-9.44194195279868E-5,-6.9905914183664,
88.9410098075447));
#1925=CARTESIAN_POINT('Ctrl Pts',(-0.00531568874467035,-6.99118290542113,
88.882108518475));
#1926=CARTESIAN_POINT('Ctrl Pts',(-0.0157101346792852,-6.99174250986524,
88.8239921569883));
#1927=CARTESIAN_POINT('Ctrl Pts',(-0.0207009039809096,-6.99201119726794,
88.796088278835));
#1928=CARTESIAN_POINT('Ctrl Pts',(-0.0268842581237174,-6.99227175613073,
88.7683653520584));
#1929=CARTESIAN_POINT('Ctrl Pts',(-0.0342547719724471,-6.99251623751433,
88.7409002726696));
#1930=CARTESIAN_POINT('Ctrl Pts',(-0.0513620209128339,-6.9930836883022,
88.6771527565647));
#1931=CARTESIAN_POINT('Ctrl Pts',(-0.074704523592063,-6.99356302857899,
88.6153896148442));
#1932=CARTESIAN_POINT('Ctrl Pts',(-0.103869939623126,-6.9938119440646,88.5564814920221));
#1933=CARTESIAN_POINT('Ctrl Pts',(-0.128985051214508,-6.99402629177668,
88.5057541484883));
#1934=CARTESIAN_POINT('Ctrl Pts',(-0.158418133351066,-6.99406832263079,
88.4571439122074));
#1935=CARTESIAN_POINT('Ctrl Pts',(-0.191902208366863,-6.99381667580148,
88.4112067407864));
#1936=CARTESIAN_POINT('Ctrl Pts',(-0.248223127997447,-6.99339340053279,
88.3339394506361));
#1937=CARTESIAN_POINT('Ctrl Pts',(-0.31521837700805,-6.99214066291181,88.2653136220196));
#1938=CARTESIAN_POINT('Ctrl Pts',(-0.390729516321895,-6.98948268731558,
88.207294019624));
#1939=CARTESIAN_POINT('Ctrl Pts',(-0.419606013608581,-6.98846624092383,
88.1851065264095));
#1940=CARTESIAN_POINT('Ctrl Pts',(-0.449727409988092,-6.98724432764925,
88.1644700905753));
#1941=CARTESIAN_POINT('Ctrl Pts',(-0.480971222888977,-6.98578636971763,
88.1454945901889));
#1942=CARTESIAN_POINT('Ctrl Pts',(-0.536418553733708,-6.98319898142259,
88.1118194158047));
#1943=CARTESIAN_POINT('Ctrl Pts',(-0.594894095440629,-6.97988845524177,
88.0836819629996));
#1944=CARTESIAN_POINT('Ctrl Pts',(-0.655554321408379,-6.97575101436759,
88.0614055227392));
#1945=CARTESIAN_POINT('Ctrl Pts',(-0.689038787865336,-6.97346714552341,
88.0491089197382));
#1946=CARTESIAN_POINT('Ctrl Pts',(-0.723188832488226,-6.97093213146613,
88.0385981930207));
#1947=CARTESIAN_POINT('Ctrl Pts',(-0.757862100573781,-6.96813546131794,
88.0299277191363));
#1948=CARTESIAN_POINT('Ctrl Pts',(-0.815780466905703,-6.963463892265,88.0154445247207));
#1949=CARTESIAN_POINT('Ctrl Pts',(-0.874766054455714,-6.95809089917563,
88.006194349144));
#1950=CARTESIAN_POINT('Ctrl Pts',(-0.934116382349513,-6.95203361311276,
88.0022289052484));
#1951=CARTESIAN_POINT('Ctrl Pts',(-0.95634267243593,-6.94976520109302,88.0007438737503));
#1952=CARTESIAN_POINT('Ctrl Pts',(-0.978620152638906,-6.94740133820499,
88.0000000000004));
#1953=CARTESIAN_POINT('Ctrl Pts',(-1.00091210521068,-6.94494481287989,88.));
#1954=CARTESIAN_POINT('',(-1.,6.94499079231823,88.));
#1955=CARTESIAN_POINT('',(-1.,-3.09596177495981E-5,88.));
#1956=CARTESIAN_POINT('',(1.23259516440783E-31,6.98999998688698,89.0000013113022));
#1957=CARTESIAN_POINT('Ctrl Pts',(-0.997902619594398,6.94509742446186,87.9999999999999));
#1958=CARTESIAN_POINT('Ctrl Pts',(-0.954774928492055,6.949821923662,88.));
#1959=CARTESIAN_POINT('Ctrl Pts',(-0.911655348718515,6.95420275297001,88.0027884943966));
#1960=CARTESIAN_POINT('Ctrl Pts',(-0.868812542002496,6.95822129202806,88.0083621344869));
#1961=CARTESIAN_POINT('Ctrl Pts',(-0.80794869055191,6.9639301561998,88.0162802245584));
#1962=CARTESIAN_POINT('Ctrl Pts',(-0.747949178560179,6.96887713944858,88.0297786496101));
#1963=CARTESIAN_POINT('Ctrl Pts',(-0.689566898698304,6.97307969192651,88.0486871119054));
#1964=CARTESIAN_POINT('Ctrl Pts',(-0.663253398189308,6.97497382602042,88.057209352445));
#1965=CARTESIAN_POINT('Ctrl Pts',(-0.63726844614171,6.97671746808965,88.0668305872014));
#1966=CARTESIAN_POINT('Ctrl Pts',(-0.611680990624555,6.97831562768564,88.0775352241826));
#1967=CARTESIAN_POINT('Ctrl Pts',(-0.543729182326936,6.98255981032518,88.1059631950511));
#1968=CARTESIAN_POINT('Ctrl Pts',(-0.479218820066955,6.98573408762235,88.1417665079352));
#1969=CARTESIAN_POINT('Ctrl Pts',(-0.419292924295819,6.98803991467291,88.1842383816391));
#1970=CARTESIAN_POINT('Ctrl Pts',(-0.383785987023452,6.98940614967685,88.209403565005));
#1971=CARTESIAN_POINT('Ctrl Pts',(-0.349888315110112,6.99046878904676,88.2369098996259));
#1972=CARTESIAN_POINT('Ctrl Pts',(-0.317835463783081,6.99127769249993,88.2666103639435));
#1973=CARTESIAN_POINT('Ctrl Pts',(-0.261126426536297,6.9927088330742,88.319157474965));
#1974=CARTESIAN_POINT('Ctrl Pts',(-0.210832657519667,6.99333316504934,88.3779808713073));
#1975=CARTESIAN_POINT('Ctrl Pts',(-0.167870752804856,6.99347641809748,88.4418266356707));
#1976=CARTESIAN_POINT('Ctrl Pts',(-0.137713626537505,6.99357697463214,88.4866431956049));
#1977=CARTESIAN_POINT('Ctrl Pts',(-0.111168685873377,6.99344026484824,88.5339344488632));
#1978=CARTESIAN_POINT('Ctrl Pts',(-0.0885480893949995,6.99316373106262,
88.5832666966912));
#1979=CARTESIAN_POINT('Ctrl Pts',(-0.062886042856753,6.99285001595423,88.6392319070166));
#1980=CARTESIAN_POINT('Ctrl Pts',(-0.0425119877173976,6.99236157161191,
88.697308243393));
#1981=CARTESIAN_POINT('Ctrl Pts',(-0.027605797429604,6.99181160213237,88.7567345948389));
#1982=CARTESIAN_POINT('Ctrl Pts',(-0.0131343427926584,6.99127767238766,
88.8144277902553));
#1983=CARTESIAN_POINT('Ctrl Pts',(-0.00381633208295243,6.99068588820124,
88.8733934032771));
#1984=CARTESIAN_POINT('Ctrl Pts',(0.000185507162790977,6.99009034645325,
88.9329349925237));
#1985=CARTESIAN_POINT('Ctrl Pts',(0.000984676048880371,6.98997141652975,
88.944825471534));
#1986=CARTESIAN_POINT('Ctrl Pts',(0.0015718375744628,6.9898521708111,88.9567389206193));
#1987=CARTESIAN_POINT('Ctrl Pts',(0.00194569919830734,6.98973278685789,
88.9686697932498));
#1988=CARTESIAN_POINT('Ctrl Pts',(0.0022730881661666,6.98962824285891,88.9791176055607));
#1989=CARTESIAN_POINT('Ctrl Pts',(0.0024363884615895,6.98952375249081,88.9895627050373));
#1990=CARTESIAN_POINT('Ctrl Pts',(0.00243620974049086,6.98941937956238,
89.0000013113021));
#1991=CARTESIAN_POINT('',(1.23259516440783E-31,0.,89.0000013113022));
#1992=CARTESIAN_POINT('Ctrl Pts',(-7.7,-8.00615252071602E-16,118.));
#1993=CARTESIAN_POINT('Ctrl Pts',(-7.8,-8.1439172618567E-16,108.));
#1994=CARTESIAN_POINT('Ctrl Pts',(-7.9,-8.28168200299738E-16,98.));
#1995=CARTESIAN_POINT('Ctrl Pts',(-8.,-8.41944674413806E-16,88.));
#1996=CARTESIAN_POINT('Ctrl Pts',(-7.7,-0.978007712992537,118.));
#1997=CARTESIAN_POINT('Ctrl Pts',(-7.80006235709194,-0.994870226608589,
108.));
#1998=CARTESIAN_POINT('Ctrl Pts',(-7.89993764290806,-1.01163508130918,98.));
#1999=CARTESIAN_POINT('Ctrl Pts',(-8.,-1.02849759492523,88.));
#2000=CARTESIAN_POINT('Ctrl Pts',(-7.19901190234109,-2.94124428907096,118.));
#2001=CARTESIAN_POINT('Ctrl Pts',(-7.29004019092276,-2.99159561323906,108.));
#2002=CARTESIAN_POINT('Ctrl Pts',(-7.3809426077631,-3.0420296521113,98.));
#2003=CARTESIAN_POINT('Ctrl Pts',(-7.47197089634477,-3.0923809762794,88.));
#2004=CARTESIAN_POINT('Ctrl Pts',(-5.03982711862783,-5.36807825517917,118.));
#2005=CARTESIAN_POINT('Ctrl Pts',(-5.09866798374923,-5.4527172369169,108.));
#2006=CARTESIAN_POINT('Ctrl Pts',(-5.15770184984271,-5.53726750854409,98.));
#2007=CARTESIAN_POINT('Ctrl Pts',(-5.2165427149641,-5.62190649028181,88.));
#2008=CARTESIAN_POINT('Ctrl Pts',(-1.8074140588846,-6.75677666465755,118.));
#2009=CARTESIAN_POINT('Ctrl Pts',(-1.82767324037327,-6.85743807007076,108.));
#2010=CARTESIAN_POINT('Ctrl Pts',(-1.84789931859903,-6.95809489561486,98.));
#2011=CARTESIAN_POINT('Ctrl Pts',(-1.86815850008771,-7.05875630102807,88.));
#2012=CARTESIAN_POINT('Ctrl Pts',(1.80760174261207,-6.75904419094413,118.));
#2013=CARTESIAN_POINT('Ctrl Pts',(1.82807545224736,-6.85975519465113,108.));
#2014=CARTESIAN_POINT('Ctrl Pts',(1.84815388393478,-6.96042290892655,98.));
#2015=CARTESIAN_POINT('Ctrl Pts',(1.86862759357006,-7.06113391263355,88.));
#2016=CARTESIAN_POINT('Ctrl Pts',(5.03303835090559,-5.36706004531364,118.));
#2017=CARTESIAN_POINT('Ctrl Pts',(5.0913376475782,-5.4516328772532,108.));
#2018=CARTESIAN_POINT('Ctrl Pts',(5.14992449309526,-5.5361907110708,98.));
#2019=CARTESIAN_POINT('Ctrl Pts',(5.20822378976787,-5.62076354301036,88.));
#2020=CARTESIAN_POINT('Ctrl Pts',(7.9332181038225,-2.13145419181666,118.));
#2021=CARTESIAN_POINT('Ctrl Pts',(8.03676616159776,-2.17054171704663,108.));
#2022=CARTESIAN_POINT('Ctrl Pts',(8.13874844299251,-2.20958782110418,98.));
#2023=CARTESIAN_POINT('Ctrl Pts',(8.24229650076778,-2.24867534633416,88.));
#2024=CARTESIAN_POINT('Ctrl Pts',(7.94166367975772,2.48942356180252,118.));
#2025=CARTESIAN_POINT('Ctrl Pts',(8.04457157031122,2.5349938902305,108.));
#2026=CARTESIAN_POINT('Ctrl Pts',(8.14755809358312,2.58061969647479,98.));
#2027=CARTESIAN_POINT('Ctrl Pts',(8.25046598413662,2.62619002490277,88.));
#2028=CARTESIAN_POINT('Ctrl Pts',(4.70628323655004,5.60455886746125,118.));
#2029=CARTESIAN_POINT('Ctrl Pts',(4.76008616773075,5.69198107041042,108.));
#2030=CARTESIAN_POINT('Ctrl Pts',(4.81516630359571,5.77924242194876,97.9999999999999));
#2031=CARTESIAN_POINT('Ctrl Pts',(4.86896923477642,5.86666462489794,87.9999999999999));
#2032=CARTESIAN_POINT('Ctrl Pts',(1.40459321151248,6.7563528489718,118.));
#2033=CARTESIAN_POINT('Ctrl Pts',(1.42080585274954,6.8569556002343,108.));
#2034=CARTESIAN_POINT('Ctrl Pts',(1.43624658149202,6.95763138521736,97.9999999999999));
#2035=CARTESIAN_POINT('Ctrl Pts',(1.45245922272909,7.05823413647986,87.9999999999999));
#2036=CARTESIAN_POINT('Ctrl Pts',(-1.80461645364505,6.75834605671007,118.));
#2037=CARTESIAN_POINT('Ctrl Pts',(-1.82508251406002,6.85906128427861,108.));
#2038=CARTESIAN_POINT('Ctrl Pts',(-1.84440575876782,6.95968199475303,97.9999999999999));
#2039=CARTESIAN_POINT('Ctrl Pts',(-1.8648718191828,7.06039722232158,87.9999999999999));
#2040=CARTESIAN_POINT('Ctrl Pts',(-5.03603691654539,5.36734742065276,118.));
#2041=CARTESIAN_POINT('Ctrl Pts',(-5.09475399215082,5.45197287288972,108.));
#2042=CARTESIAN_POINT('Ctrl Pts',(-5.1536329474003,5.53658968362119,98.));
#2043=CARTESIAN_POINT('Ctrl Pts',(-5.21235002300573,5.62121513585814,88.));
#2044=CARTESIAN_POINT('Ctrl Pts',(-7.20152579644402,2.93756480491966,118.));
#2045=CARTESIAN_POINT('Ctrl Pts',(-7.29267159367172,2.98788783699079,108.));
#2046=CARTESIAN_POINT('Ctrl Pts',(-7.38333779538125,3.0382164376056,98.));
#2047=CARTESIAN_POINT('Ctrl Pts',(-7.47448359260894,3.08853946967673,88.));
#2048=CARTESIAN_POINT('Ctrl Pts',(-7.7,0.978007712992537,118.));
#2049=CARTESIAN_POINT('Ctrl Pts',(-7.80000347211276,0.994873823755784,108.));
#2050=CARTESIAN_POINT('Ctrl Pts',(-7.89999652788724,1.01163148416198,98.));
#2051=CARTESIAN_POINT('Ctrl Pts',(-8.,1.02849759492523,88.));
#2052=CARTESIAN_POINT('Ctrl Pts',(-7.7,8.00615252071601E-16,118.));
#2053=CARTESIAN_POINT('Ctrl Pts',(-7.8,8.14391726185669E-16,108.));
#2054=CARTESIAN_POINT('Ctrl Pts',(-7.9,8.28168200299737E-16,98.));
#2055=CARTESIAN_POINT('Ctrl Pts',(-8.,8.41944674413805E-16,88.));
#2056=CARTESIAN_POINT('Ctrl Pts',(2.35922392732846E-15,-6.98999998688698,
89.0000013113022));
#2057=CARTESIAN_POINT('Ctrl Pts',(1.33921065602152,-6.97660788032676,90.3392119673237));
#2058=CARTESIAN_POINT('Ctrl Pts',(2.65462297772418,-6.66857327849801,91.6546242890264));
#2059=CARTESIAN_POINT('Ctrl Pts',(4.61548726517712,-5.70447123370768,93.6154885764793));
#2060=CARTESIAN_POINT('Ctrl Pts',(5.38750631923277,-5.17101276388121,94.3875076305349));
#2061=CARTESIAN_POINT('Ctrl Pts',(6.49907816219761,-4.00558129641976,95.4990794734998));
#2062=CARTESIAN_POINT('Ctrl Pts',(6.90563749288212,-3.45683142187415,95.9056388041843));
#2063=CARTESIAN_POINT('Ctrl Pts',(7.47209851237481,-2.33952224737556,96.472099823677));
#2064=CARTESIAN_POINT('Ctrl Pts',(7.66604516870865,-1.80837993925124,96.6660464800188));
#2065=CARTESIAN_POINT('Ctrl Pts',(7.89747735079661,-0.688385482470623,96.8974786621067));
#2066=CARTESIAN_POINT('Ctrl Pts',(7.93627224191003,-0.123779509789613,96.9362735532098));
#2067=CARTESIAN_POINT('Ctrl Pts',(7.84874662153955,1.07072612074211,96.8487479328394));
#2068=CARTESIAN_POINT('Ctrl Pts',(7.70804089050546,1.66646897264341,96.7080422018076));
#2069=CARTESIAN_POINT('Ctrl Pts',(7.21112922380793,2.95825898827799,96.2111305351101));
#2070=CARTESIAN_POINT('Ctrl Pts',(6.80753119426656,3.60011865125529,95.8075325055687));
#2071=CARTESIAN_POINT('Ctrl Pts',(5.74546377425591,4.85916169968794,94.7454650855581));
#2072=CARTESIAN_POINT('Ctrl Pts',(4.98883018656106,5.46981421052655,93.9888314978633));
#2073=CARTESIAN_POINT('Ctrl Pts',(2.87960549876071,6.61322689992776,91.8796068100629));
#2074=CARTESIAN_POINT('Ctrl Pts',(1.45503493318202,6.97544963755516,90.4550362444842));
#2075=CARTESIAN_POINT('Ctrl Pts',(1.38777878078145E-16,6.98999998688698,
89.0000013113022));
#2076=CARTESIAN_POINT('',(-8.,-8.41944926219262E-16,88.));
#2077=CARTESIAN_POINT('Ctrl Pts',(-0.997902619595614,6.94509742446173,88.));
#2078=CARTESIAN_POINT('Ctrl Pts',(-1.26780059818975,6.91553097303814,88.));
#2079=CARTESIAN_POINT('Ctrl Pts',(-1.53590777230177,6.87388369491265,88.));
#2080=CARTESIAN_POINT('Ctrl Pts',(-1.8007852827948,6.82012796264902,88.));
#2081=CARTESIAN_POINT('Ctrl Pts',(-2.98069788712377,6.5806698601671,88.));
#2082=CARTESIAN_POINT('Ctrl Pts',(-4.09652395506475,6.10094249801262,88.));
#2083=CARTESIAN_POINT('Ctrl Pts',(-5.03145925063578,5.43896620590515,88.));
#2084=CARTESIAN_POINT('Ctrl Pts',(-5.9663945462068,4.77698991379767,88.));
#2085=CARTESIAN_POINT('Ctrl Pts',(-6.72043906940787,3.9327646917372,88.));
#2086=CARTESIAN_POINT('Ctrl Pts',(-7.22884043285617,2.99564161201909,88.));
#2087=CARTESIAN_POINT('Ctrl Pts',(-7.73724179630447,2.05851853230098,88.));
#2088=CARTESIAN_POINT('Ctrl Pts',(-8.,1.02849759492523,88.));
#2089=CARTESIAN_POINT('Ctrl Pts',(-8.,1.11022302462516E-15,88.));
#2090=CARTESIAN_POINT('',(-7.7,-8.00615252071602E-16,118.));
#2091=CARTESIAN_POINT('Ctrl Pts',(-8.,-2.42467276318572E-16,88.));
#2092=CARTESIAN_POINT('Ctrl Pts',(-7.99999999999999,-1.02849759492523,88.0000000000013));
#2093=CARTESIAN_POINT('Ctrl Pts',(-7.73598544817236,-2.06043928560231,88.0000000000025));
#2094=CARTESIAN_POINT('Ctrl Pts',(-7.22807347536177,-2.99799771660791,88.0000000000037));
#2095=CARTESIAN_POINT('Ctrl Pts',(-6.72016150255118,-3.93555614761351,88.000000000005));
#2096=CARTESIAN_POINT('Ctrl Pts',(-5.96835210875762,-4.77873131894763,88.0000000000062));
#2097=CARTESIAN_POINT('Ctrl Pts',(-5.0343833760481,-5.43979387307239,88.0000000000075));
#2098=CARTESIAN_POINT('Ctrl Pts',(-4.1004146433386,-6.10085642719715,88.0000000000087));
#2099=CARTESIAN_POINT('Ctrl Pts',(-2.98428657171314,-6.57980636411256,88.0000000000099));
#2100=CARTESIAN_POINT('Ctrl Pts',(-1.80342485362412,-6.81967760117116,88.0000000000112));
#2101=CARTESIAN_POINT('Ctrl Pts',(-1.53868250370873,-6.87345534161547,88.0000000000115));
#2102=CARTESIAN_POINT('Ctrl Pts',(-1.27068644393401,-6.91521625981387,88.0000000000117));
#2103=CARTESIAN_POINT('Ctrl Pts',(-1.00091210496545,-6.94494481290679,88.000000000012));
#2104=CARTESIAN_POINT('Origin',(1.23259516440783E-31,0.,89.0000013113022));
#2105=CARTESIAN_POINT('Origin',(-0.727291660606539,-6.19192354991962E-5,
88.));
#2106=CARTESIAN_POINT('',(0.,0.,0.));
#2107=CARTESIAN_POINT('',(0.,0.,0.));
#2108=CARTESIAN_POINT('',(0.,0.,0.));
#2109=UNCERTAINTY_MEASURE_WITH_UNIT(LENGTH_MEASURE(0.01),#2119,
'DISTANCE_ACCURACY_VALUE',
'Maximum model space distance between geometric entities at asserted c
onnectivities');
#2110=UNCERTAINTY_MEASURE_WITH_UNIT(LENGTH_MEASURE(0.01),#2119,
'DISTANCE_ACCURACY_VALUE',
'Maximum model space distance between geometric entities at asserted c
onnectivities');
#2111=UNCERTAINTY_MEASURE_WITH_UNIT(LENGTH_MEASURE(0.01),#2119,
'DISTANCE_ACCURACY_VALUE',
'Maximum model space distance between geometric entities at asserted c
onnectivities');
#2112=UNCERTAINTY_MEASURE_WITH_UNIT(LENGTH_MEASURE(0.01),#2119,
'DISTANCE_ACCURACY_VALUE',
'Maximum model space distance between geometric entities at asserted c
onnectivities');
#2113=UNCERTAINTY_MEASURE_WITH_UNIT(LENGTH_MEASURE(0.01),#2119,
'DISTANCE_ACCURACY_VALUE',
'Maximum model space distance between geometric entities at asserted c
onnectivities');
#2114=(
GEOMETRIC_REPRESENTATION_CONTEXT(3)
GLOBAL_UNCERTAINTY_ASSIGNED_CONTEXT((#2109))
GLOBAL_UNIT_ASSIGNED_CONTEXT((#2119,#2121,#2122))
REPRESENTATION_CONTEXT('','3D')
);
#2115=(
GEOMETRIC_REPRESENTATION_CONTEXT(3)
GLOBAL_UNCERTAINTY_ASSIGNED_CONTEXT((#2110))
GLOBAL_UNIT_ASSIGNED_CONTEXT((#2119,#2121,#2122))
REPRESENTATION_CONTEXT('','3D')
);
#2116=(
GEOMETRIC_REPRESENTATION_CONTEXT(3)
GLOBAL_UNCERTAINTY_ASSIGNED_CONTEXT((#2111))
GLOBAL_UNIT_ASSIGNED_CONTEXT((#2119,#2121,#2122))
REPRESENTATION_CONTEXT('','3D')
);
#2117=(
GEOMETRIC_REPRESENTATION_CONTEXT(3)
GLOBAL_UNCERTAINTY_ASSIGNED_CONTEXT((#2112))
GLOBAL_UNIT_ASSIGNED_CONTEXT((#2119,#2121,#2122))
REPRESENTATION_CONTEXT('','3D')
);
#2118=(
GEOMETRIC_REPRESENTATION_CONTEXT(3)
GLOBAL_UNCERTAINTY_ASSIGNED_CONTEXT((#2113))
GLOBAL_UNIT_ASSIGNED_CONTEXT((#2119,#2121,#2122))
REPRESENTATION_CONTEXT('','3D')
);
#2119=(
LENGTH_UNIT()
NAMED_UNIT(*)
SI_UNIT(.MILLI.,.METRE.)
);
#2120=(
LENGTH_UNIT()
NAMED_UNIT(*)
SI_UNIT($,.METRE.)
);
#2121=(
NAMED_UNIT(*)
PLANE_ANGLE_UNIT()
SI_UNIT($,.RADIAN.)
);
#2122=(
NAMED_UNIT(*)
SI_UNIT($,.STERADIAN.)
SOLID_ANGLE_UNIT()
);
#2123=SHAPE_DEFINITION_REPRESENTATION(#2127,#2134);
#2124=SHAPE_DEFINITION_REPRESENTATION(#2128,#2135);
#2125=SHAPE_DEFINITION_REPRESENTATION(#2129,#2136);
#2126=SHAPE_DEFINITION_REPRESENTATION(#2130,#2137);
#2127=PRODUCT_DEFINITION_SHAPE('',$,#2139);
#2128=PRODUCT_DEFINITION_SHAPE('',$,#2140);
#2129=PRODUCT_DEFINITION_SHAPE('',$,#2141);
#2130=PRODUCT_DEFINITION_SHAPE('',$,#2142);
#2131=PRODUCT_DEFINITION_SHAPE($,$,#20);
#2132=PRODUCT_DEFINITION_SHAPE($,$,#21);
#2133=PRODUCT_DEFINITION_SHAPE($,$,#22);
#2134=SHAPE_REPRESENTATION('',(#666,#719,#720,#721),#2114);
#2135=SHAPE_REPRESENTATION('',(#667),#2115);
#2136=SHAPE_REPRESENTATION('',(#685),#2116);
#2137=SHAPE_REPRESENTATION('',(#701),#2117);
#2138=PRODUCT_DEFINITION_CONTEXT('part definition',#2152,'design');
#2139=PRODUCT_DEFINITION('2025-12-07-23-20-28-318','Ring Finger',#2143,
#2138);
#2140=PRODUCT_DEFINITION('2025-12-07-23-25-41-943','Proximal phalanx',#2144,
#2138);
#2141=PRODUCT_DEFINITION('2025-12-07-23-30-12-145','Middle phalanx',#2145,
#2138);
#2142=PRODUCT_DEFINITION('2025-12-07-23-36-09-861','Distal phalanx',#2146,
#2138);
#2143=PRODUCT_DEFINITION_FORMATION('',$,#2154);
#2144=PRODUCT_DEFINITION_FORMATION('',$,#2155);
#2145=PRODUCT_DEFINITION_FORMATION('',$,#2156);
#2146=PRODUCT_DEFINITION_FORMATION('',$,#2157);
#2147=PRODUCT_RELATED_PRODUCT_CATEGORY('Ring Finger','Ring Finger',(#2154));
#2148=PRODUCT_RELATED_PRODUCT_CATEGORY('Proximal phalanx',
'Proximal phalanx',(#2155));
#2149=PRODUCT_RELATED_PRODUCT_CATEGORY('Middle phalanx',
'Middle phalanx',(#2156));
#2150=PRODUCT_RELATED_PRODUCT_CATEGORY('Distal phalanx',
'Distal phalanx',(#2157));
#2151=APPLICATION_PROTOCOL_DEFINITION('international standard',
'automotive_design',2009,#2152);
#2152=APPLICATION_CONTEXT(
'Core Data for Automotive Mechanical Design Process');
#2153=PRODUCT_CONTEXT('part definition',#2152,'mechanical');
#2154=PRODUCT('2025-12-07-23-20-28-318','Ring Finger',$,(#2153));
#2155=PRODUCT('2025-12-07-23-25-41-943','Proximal phalanx',$,(#2153));
#2156=PRODUCT('2025-12-07-23-30-12-145','Middle phalanx',$,(#2153));
#2157=PRODUCT('2025-12-07-23-36-09-861','Distal phalanx',$,(#2153));
#2158=PRESENTATION_STYLE_ASSIGNMENT((#2159));
#2159=SURFACE_STYLE_USAGE(.BOTH.,#2160);
#2160=SURFACE_SIDE_STYLE('',(#2161));
#2161=SURFACE_STYLE_FILL_AREA(#2162);
#2162=FILL_AREA_STYLE('Steel - Satin',(#2163));
#2163=FILL_AREA_STYLE_COLOUR('Steel - Satin',#2164);
#2164=COLOUR_RGB('Steel - Satin',0.627450980392157,0.627450980392157,0.627450980392157);
ENDSEC;
END-ISO-10303-21;
