ISO-10303-21;
HEADER;
/* Generated by software containing ST-Developer
 * from STEP Tools, Inc. (www.steptools.com) 
 */

FILE_DESCRIPTION(
/* description */ (''),
/* implementation_level */ '2;1');

FILE_NAME(
/* name */ 'Thumb.step',
/* time_stamp */ '2026-03-21T01:17:57Z',
/* author */ (''),
/* organization */ (''),
/* preprocessor_version */ 'ST-DEVELOPER v20.1',
/* originating_system */ 'Autodesk Translation Framework v14.24.0.0',
/* authorisation */ '');

FILE_SCHEMA (('AUTOMOTIVE_DESIGN { 1 0 10303 214 3 1 1 }'));
ENDSEC;

DATA;
#10=MECHANICAL_DESIGN_GEOMETRIC_PRESENTATION_REPRESENTATION('',(#23,#24),
#2055);
#11=ITEM_DEFINED_TRANSFORMATION($,$,#582,#612);
#12=ITEM_DEFINED_TRANSFORMATION($,$,#598,#613);
#13=(
REPRESENTATION_RELATIONSHIP($,$,#2069,#2068)
REPRESENTATION_RELATIONSHIP_WITH_TRANSFORMATION(#11)
SHAPE_REPRESENTATION_RELATIONSHIP()
);
#14=(
REPRESENTATION_RELATIONSHIP($,$,#2070,#2068)
REPRESENTATION_RELATIONSHIP_WITH_TRANSFORMATION(#12)
SHAPE_REPRESENTATION_RELATIONSHIP()
);
#15=CONTEXT_DEPENDENT_SHAPE_REPRESENTATION(#13,#2066);
#16=CONTEXT_DEPENDENT_SHAPE_REPRESENTATION(#14,#2067);
#17=NEXT_ASSEMBLY_USAGE_OCCURRENCE('Middle phalanx:1',
'Middle phalanx:1','Middle phalanx:1',#2072,#2073,'Middle phalanx:1');
#18=NEXT_ASSEMBLY_USAGE_OCCURRENCE('Distal phalanx:1',
'Distal phalanx:1','Distal phalanx:1',#2072,#2074,'Distal phalanx:1');
#19=SHAPE_REPRESENTATION_RELATIONSHIP('SRR','None',#2069,#21);
#20=SHAPE_REPRESENTATION_RELATIONSHIP('SRR','None',#2070,#22);
#21=ADVANCED_BREP_SHAPE_REPRESENTATION('',(#25),#2053);
#22=ADVANCED_BREP_SHAPE_REPRESENTATION('',(#26),#2054);
#23=STYLED_ITEM('',(#2087),#25);
#24=STYLED_ITEM('',(#2087),#26);
#25=MANIFOLD_SOLID_BREP('Body1',#556);
#26=MANIFOLD_SOLID_BREP('Body1',#557);
#27=FACE_BOUND('',#146,.T.);
#28=FACE_BOUND('',#147,.T.);
#29=FACE_BOUND('',#149,.T.);
#30=FACE_BOUND('',#151,.T.);
#31=FACE_BOUND('',#153,.T.);
#32=FACE_BOUND('',#154,.T.);
#33=FACE_BOUND('',#167,.T.);
#34=FACE_BOUND('',#176,.T.);
#35=FACE_BOUND('',#177,.T.);
#36=PLANE('',#594);
#37=PLANE('',#595);
#38=PLANE('',#596);
#39=PLANE('',#597);
#40=PLANE('',#608);
#41=PLANE('',#609);
#42=PLANE('',#610);
#43=PLANE('',#611);
#44=B_SPLINE_SURFACE_WITH_KNOTS('',3,3,((#799,#800,#801,#802),(#803,#804,
#805,#806),(#807,#808,#809,#810),(#811,#812,#813,#814),(#815,#816,#817,
#818),(#819,#820,#821,#822),(#823,#824,#825,#826),(#827,#828,#829,#830),
(#831,#832,#833,#834),(#835,#836,#837,#838),(#839,#840,#841,#842),(#843,
#844,#845,#846),(#847,#848,#849,#850),(#851,#852,#853,#854),(#855,#856,
#857,#858),(#859,#860,#861,#862),(#863,#864,#865,#866),(#867,#868,#869,
#870),(#871,#872,#873,#874),(#875,#876,#877,#878),(#879,#880,#881,#882),
(#883,#884,#885,#886)),.UNSPECIFIED.,.F.,.F.,.F.,(4,2,2,1,2,2,2,2,1,2,2,
4),(4,4),(0.,0.160967359171351,0.170770090547354,0.259800016237574,0.348829941927794,
0.357208586365009,0.642765261531093,0.651113734070784,0.740143659761004,
0.829173585451224,0.839006488724751,1.),(0.,1.),.UNSPECIFIED.);
#45=B_SPLINE_SURFACE_WITH_KNOTS('',3,3,((#1002,#1003,#1004,#1005),(#1006,
#1007,#1008,#1009),(#1010,#1011,#1012,#1013),(#1014,#1015,#1016,#1017),
(#1018,#1019,#1020,#1021),(#1022,#1023,#1024,#1025)),.UNSPECIFIED.,.F.,
 .F.,.F.,(4,1,1,4),(4,4),(0.,0.285714285714286,0.571428571428571,1.),(0.0388906689901496,
0.959984169221394),.UNSPECIFIED.);
#46=B_SPLINE_SURFACE_WITH_KNOTS('',3,3,((#1027,#1028,#1029,#1030),(#1031,
#1032,#1033,#1034),(#1035,#1036,#1037,#1038),(#1039,#1040,#1041,#1042),
(#1043,#1044,#1045,#1046),(#1047,#1048,#1049,#1050)),.UNSPECIFIED.,.F.,
 .F.,.F.,(4,1,1,4),(4,4),(0.,0.285714285714286,0.571428571428571,1.),(0.0400425696431125,
0.959953636473327),.UNSPECIFIED.);
#47=B_SPLINE_SURFACE_WITH_KNOTS('',3,3,((#1204,#1205,#1206,#1207,#1208,
#1209,#1210,#1211,#1212,#1213,#1214,#1215,#1216,#1217),(#1218,#1219,#1220,
#1221,#1222,#1223,#1224,#1225,#1226,#1227,#1228,#1229,#1230,#1231),(#1232,
#1233,#1234,#1235,#1236,#1237,#1238,#1239,#1240,#1241,#1242,#1243,#1244,
#1245),(#1246,#1247,#1248,#1249,#1250,#1251,#1252,#1253,#1254,#1255,#1256,
#1257,#1258,#1259),(#1260,#1261,#1262,#1263,#1264,#1265,#1266,#1267,#1268,
#1269,#1270,#1271,#1272,#1273),(#1274,#1275,#1276,#1277,#1278,#1279,#1280,
#1281,#1282,#1283,#1284,#1285,#1286,#1287),(#1288,#1289,#1290,#1291,#1292,
#1293,#1294,#1295,#1296,#1297,#1298,#1299,#1300,#1301),(#1302,#1303,#1304,
#1305,#1306,#1307,#1308,#1309,#1310,#1311,#1312,#1313,#1314,#1315),(#1316,
#1317,#1318,#1319,#1320,#1321,#1322,#1323,#1324,#1325,#1326,#1327,#1328,
#1329)),.UNSPECIFIED.,.F.,.F.,.F.,(4,1,1,1,1,1,4),(4,2,2,1,1,2,2,4),(0.,
0.4,0.5,0.6,0.7,0.8,1.),(0.,0.247958726004842,0.274707774060375,0.387047705557773,
0.499387637055171,0.724067500049967,0.755618550130957,1.),.UNSPECIFIED.);
#48=B_SPLINE_SURFACE_WITH_KNOTS('',3,3,((#1357,#1358,#1359,#1360,#1361,
#1362,#1363,#1364,#1365,#1366,#1367,#1368,#1369,#1370),(#1371,#1372,#1373,
#1374,#1375,#1376,#1377,#1378,#1379,#1380,#1381,#1382,#1383,#1384),(#1385,
#1386,#1387,#1388,#1389,#1390,#1391,#1392,#1393,#1394,#1395,#1396,#1397,
#1398),(#1399,#1400,#1401,#1402,#1403,#1404,#1405,#1406,#1407,#1408,#1409,
#1410,#1411,#1412),(#1413,#1414,#1415,#1416,#1417,#1418,#1419,#1420,#1421,
#1422,#1423,#1424,#1425,#1426),(#1427,#1428,#1429,#1430,#1431,#1432,#1433,
#1434,#1435,#1436,#1437,#1438,#1439,#1440),(#1441,#1442,#1443,#1444,#1445,
#1446,#1447,#1448,#1449,#1450,#1451,#1452,#1453,#1454),(#1455,#1456,#1457,
#1458,#1459,#1460,#1461,#1462,#1463,#1464,#1465,#1466,#1467,#1468),(#1469,
#1470,#1471,#1472,#1473,#1474,#1475,#1476,#1477,#1478,#1479,#1480,#1481,
#1482)),.UNSPECIFIED.,.F.,.F.,.F.,(4,1,1,1,1,1,4),(4,2,2,1,1,2,2,4),(0.,
0.4,0.5,0.6,0.7,0.8,1.),(0.,0.244455897801797,0.275907011755323,0.388246943252721,
0.500586874750119,0.725266737744916,0.752115721927914,1.),.UNSPECIFIED.);
#49=B_SPLINE_SURFACE_WITH_KNOTS('',3,3,((#1560,#1561,#1562,#1563,#1564,
#1565),(#1566,#1567,#1568,#1569,#1570,#1571),(#1572,#1573,#1574,#1575,#1576,
#1577),(#1578,#1579,#1580,#1581,#1582,#1583),(#1584,#1585,#1586,#1587,#1588,
#1589),(#1590,#1591,#1592,#1593,#1594,#1595)),.UNSPECIFIED.,.F.,.F.,.F.,
(4,1,1,4),(4,1,1,4),(0.,0.285714285714286,0.571428571428571,1.),(-0.00755404127884319,
0.117972361157128,0.201656629447775,0.285340897738422),.UNSPECIFIED.);
#50=B_SPLINE_SURFACE_WITH_KNOTS('',3,3,((#1699,#1700,#1701,#1702),(#1703,
#1704,#1705,#1706),(#1707,#1708,#1709,#1710),(#1711,#1712,#1713,#1714),
(#1715,#1716,#1717,#1718),(#1719,#1720,#1721,#1722)),.UNSPECIFIED.,.F.,
 .F.,.F.,(4,1,1,4),(4,4),(0.,0.285714285714286,0.571428571428571,1.),(0.243751952209949,
0.952790284442944),.UNSPECIFIED.);
#51=B_SPLINE_SURFACE_WITH_KNOTS('',3,3,((#1758,#1759,#1760,#1761),(#1762,
#1763,#1764,#1765),(#1766,#1767,#1768,#1769),(#1770,#1771,#1772,#1773),
(#1774,#1775,#1776,#1777),(#1778,#1779,#1780,#1781)),.UNSPECIFIED.,.F.,
 .F.,.F.,(4,1,1,4),(4,4),(0.,0.285714285714286,0.571428571428571,1.),(0.243752007973029,
0.950000007599219),.UNSPECIFIED.);
#52=B_SPLINE_SURFACE_WITH_KNOTS('',3,3,((#1783,#1784,#1785,#1786),(#1787,
#1788,#1789,#1790),(#1791,#1792,#1793,#1794),(#1795,#1796,#1797,#1798),
(#1799,#1800,#1801,#1802),(#1803,#1804,#1805,#1806)),.UNSPECIFIED.,.F.,
 .F.,.F.,(4,1,1,4),(4,4),(0.,0.285714285714286,0.571428571428571,1.),(0.233154923625726,
0.557842472438599),.UNSPECIFIED.);
#53=B_SPLINE_SURFACE_WITH_KNOTS('',3,3,((#1815,#1816,#1817,#1818,#1819,
#1820),(#1821,#1822,#1823,#1824,#1825,#1826),(#1827,#1828,#1829,#1830,#1831,
#1832),(#1833,#1834,#1835,#1836,#1837,#1838),(#1839,#1840,#1841,#1842,#1843,
#1844),(#1845,#1846,#1847,#1848,#1849,#1850)),.UNSPECIFIED.,.F.,.F.,.F.,
(4,1,1,4),(4,1,1,4),(0.,0.285714285714286,0.571428571428571,1.),(-2.28907612473734E-16,
0.126413972801189,0.210689954668649,0.294965936536109),.UNSPECIFIED.);
#54=B_SPLINE_SURFACE_WITH_KNOTS('',3,3,((#1870,#1871,#1872,#1873),(#1874,
#1875,#1876,#1877),(#1878,#1879,#1880,#1881),(#1882,#1883,#1884,#1885),
(#1886,#1887,#1888,#1889),(#1890,#1891,#1892,#1893)),.UNSPECIFIED.,.F.,
 .F.,.F.,(4,1,1,4),(4,4),(0.,0.285714285714286,0.571428571428571,1.),(-0.461054749935787,
-0.232361880026696),.UNSPECIFIED.);
#55=B_SPLINE_SURFACE_WITH_KNOTS('',3,3,((#1902,#1903,#1904,#1905),(#1906,
#1907,#1908,#1909),(#1910,#1911,#1912,#1913),(#1914,#1915,#1916,#1917),
(#1918,#1919,#1920,#1921),(#1922,#1923,#1924,#1925)),.UNSPECIFIED.,.F.,
 .F.,.F.,(4,1,1,4),(4,4),(0.,0.285714285714286,0.571428571428571,1.),(-0.215273129703385,
0.0146988545510491),.UNSPECIFIED.);
#56=B_SPLINE_SURFACE_WITH_KNOTS('',3,3,((#1934,#1935,#1936,#1937),(#1938,
#1939,#1940,#1941),(#1942,#1943,#1944,#1945),(#1946,#1947,#1948,#1949),
(#1950,#1951,#1952,#1953),(#1954,#1955,#1956,#1957),(#1958,#1959,#1960,
#1961),(#1962,#1963,#1964,#1965),(#1966,#1967,#1968,#1969),(#1970,#1971,
#1972,#1973),(#1974,#1975,#1976,#1977),(#1978,#1979,#1980,#1981),(#1982,
#1983,#1984,#1985),(#1986,#1987,#1988,#1989),(#1990,#1991,#1992,#1993),
(#1994,#1995,#1996,#1997),(#1998,#1999,#2000,#2001),(#2002,#2003,#2004,
#2005),(#2006,#2007,#2008,#2009),(#2010,#2011,#2012,#2013),(#2014,#2015,
#2016,#2017),(#2018,#2019,#2020,#2021)),.UNSPECIFIED.,.F.,.F.,.F.,(4,2,
2,1,2,2,2,2,1,2,2,4),(4,4),(0.,0.170770090547354,0.181801455272648,0.2606071064425,
0.339412757612352,0.348829941927794,0.651113734070784,0.660495866150145,
0.739301517319997,0.818107168489849,0.829173585451224,1.),(0.243751952209948,
1.),.UNSPECIFIED.);
#57=B_SPLINE_CURVE_WITH_KNOTS('',3,(#723,#724,#725,#726,#727,#728,#729,
#730,#731,#732,#733,#734,#735,#736,#737,#738),.UNSPECIFIED.,.F.,.F.,(4,
3,3,3,3,4),(-0.157562871651086,-0.153170233890528,-0.114325915405034,-0.0745039206643504,
-0.0361566710847155,0.),.UNSPECIFIED.);
#58=B_SPLINE_CURVE_WITH_KNOTS('',3,(#742,#743,#744,#745,#746,#747,#748,
#749,#750,#751,#752,#753,#754,#755,#756,#757),.UNSPECIFIED.,.F.,.F.,(4,
3,3,3,3,4),(0.,0.0215902167931243,0.0588296654214792,0.0948801646012573,
0.134661142048797,0.157525100470594),.UNSPECIFIED.);
#59=B_SPLINE_CURVE_WITH_KNOTS('',3,(#762,#763,#764,#765,#766,#767,#768,
#769,#770,#771,#772,#773),.UNSPECIFIED.,.F.,.F.,(4,2,2,2,2,4),(-0.624605614539804,
-0.603638310600547,-0.582768584365859,-0.545255341737549,-0.506052213059571,
-0.469900108951286),.UNSPECIFIED.);
#60=B_SPLINE_CURVE_WITH_KNOTS('',3,(#777,#778,#779,#780,#781,#782,#783,
#784,#785,#786,#787,#788,#789,#790,#791,#792),.UNSPECIFIED.,.F.,.F.,(4,
3,3,3,3,4),(0.,0.0129051750935428,0.0513246494364252,0.0869957585738373,
0.126590104190339,0.157547273064829),.UNSPECIFIED.);
#61=B_SPLINE_CURVE_WITH_KNOTS('',3,(#795,#796,#797,#798),.UNSPECIFIED.,
 .F.,.F.,(4,4),(-0.00277444969107412,0.),.UNSPECIFIED.);
#62=B_SPLINE_CURVE_WITH_KNOTS('',3,(#888,#889,#890,#891),.UNSPECIFIED.,
 .F.,.F.,(4,4),(-0.000163936211713248,0.),.UNSPECIFIED.);
#63=B_SPLINE_CURVE_WITH_KNOTS('',3,(#894,#895,#896,#897),.UNSPECIFIED.,
 .F.,.F.,(4,4),(-0.0501555212165013,-0.050004999750025),.UNSPECIFIED.);
#64=B_SPLINE_CURVE_WITH_KNOTS('',3,(#898,#899,#900,#901,#902,#903,#904,
#905,#906,#907,#908,#909,#910,#911,#912,#913,#914,#915,#916,#917,#918,#919),
 .UNSPECIFIED.,.F.,.F.,(4,2,2,1,2,2,2,2,1,2,2,4),(0.0377854740178738,0.160967359171351,
0.170770090547354,0.259800016237574,0.348829941927794,0.357208586365009,
0.642765261531093,0.651113734070784,0.740143659761004,0.829173585451224,
0.839006488724751,0.962158201980704),.UNSPECIFIED.);
#65=B_SPLINE_CURVE_WITH_KNOTS('',3,(#922,#923,#924,#925),.UNSPECIFIED.,
 .F.,.F.,(4,4),(-0.0500609756012907,-0.0500049997500249),.UNSPECIFIED.);
#66=B_SPLINE_CURVE_WITH_KNOTS('',3,(#926,#927,#928,#929,#930,#931,#932,
#933,#934,#935,#936,#937,#938,#939,#940,#941,#942,#943,#944,#945,#946,#947),
 .UNSPECIFIED.,.F.,.F.,(4,2,2,1,2,2,2,2,1,2,2,4),(0.0356945843957604,0.160967359171351,
0.170770090547354,0.259800016237574,0.348829941927794,0.357208586365009,
0.642765261531093,0.651113734070784,0.740143659761004,0.829173585451224,
0.839006488724751,0.964279263500342),.UNSPECIFIED.);
#67=B_SPLINE_CURVE_WITH_KNOTS('',3,(#951,#952,#953,#954,#955,#956,#957,
#958,#959,#960,#961,#962),.UNSPECIFIED.,.F.,.F.,(4,2,2,2,2,4),(-1.58857422862859,
-1.44507449304587,-1.29886522424569,-0.992499188698145,-0.552650294828065,
0.),.UNSPECIFIED.);
#68=B_SPLINE_CURVE_WITH_KNOTS('',3,(#963,#964,#965,#966,#967,#968,#969,
#970,#971,#972,#973,#974),.UNSPECIFIED.,.F.,.F.,(4,2,2,2,2,4),(-1.41395525049001,
-1.07676133036547,-0.74740765038431,-0.436283857198956,-0.202768923223406,
0.),.UNSPECIFIED.);
#69=B_SPLINE_CURVE_WITH_KNOTS('',3,(#977,#978,#979,#980,#981,#982,#983,
#984,#985,#986,#987,#988),.UNSPECIFIED.,.F.,.F.,(4,2,2,2,2,4),(-1.5765336772433,
-1.42827532075374,-1.27698655327878,-0.958797308315517,-0.502275373153326,
0.),.UNSPECIFIED.);
#70=B_SPLINE_CURVE_WITH_KNOTS('',3,(#989,#990,#991,#992,#993,#994,#995,
#996,#997,#998,#999,#1000),.UNSPECIFIED.,.F.,.F.,(4,2,2,2,2,4),(-1.45993024805155,
-1.11955478760547,-0.790483594604767,-0.461453540927868,-0.214637197603593,
0.),.UNSPECIFIED.);
#71=B_SPLINE_CURVE_WITH_KNOTS('',3,(#1058,#1059,#1060,#1061,#1062,#1063,
#1064,#1065,#1066,#1067,#1068,#1069),.UNSPECIFIED.,.F.,.F.,(4,2,2,2,2,4),
(-1.17851867083166,-1.14914203740095,-1.1201926560197,-1.07290531318552,
-1.04001596371403,-1.03732493566118),.UNSPECIFIED.);
#72=B_SPLINE_CURVE_WITH_KNOTS('',3,(#1071,#1072,#1073,#1074,#1075,#1076,
#1077,#1078,#1079,#1080,#1081,#1082,#1083,#1084,#1085,#1086,#1087,#1088,
#1089,#1090,#1091,#1092,#1093,#1094,#1095,#1096,#1097,#1098,#1099,#1100,
#1101,#1102,#1103,#1104,#1105,#1106,#1107,#1108,#1109,#1110,#1111,#1112,
#1113,#1114,#1115,#1116),.UNSPECIFIED.,.F.,.F.,(4,3,3,3,3,3,3,3,3,3,3,3,
3,3,3,4),(-0.339093522108814,-0.313813609679802,-0.288828815387228,-0.271268936598185,
-0.243032597886636,-0.214796259175088,-0.18770614005761,-0.163309674927642,
-0.137717856758074,-0.130302481641224,-0.120750314881405,-0.0952714546401616,
-0.0726891871995583,-0.0461371513828395,-0.0181430584355148,0.),
 .UNSPECIFIED.);
#73=B_SPLINE_CURVE_WITH_KNOTS('',3,(#1117,#1118,#1119,#1120,#1121,#1122,
#1123,#1124,#1125,#1126,#1127,#1128,#1129,#1130,#1131,#1132,#1133,#1134,
#1135,#1136,#1137,#1138,#1139,#1140,#1141,#1142,#1143,#1144),
 .UNSPECIFIED.,.F.,.F.,(4,2,2,2,2,2,2,2,2,2,2,2,2,4),(-1.03732493566118,
-1.01191584172904,-0.975446470985222,-0.906606168981642,-0.818643968868715,
-0.718318704892732,-0.601905011792074,-0.485275055766623,-0.366026906415306,
-0.283373533744666,-0.229709462873233,-0.179608072718116,-0.101533698278457,
0.),.UNSPECIFIED.);
#74=B_SPLINE_CURVE_WITH_KNOTS('',3,(#1151,#1152,#1153,#1154,#1155,#1156,
#1157,#1158,#1159,#1160,#1161,#1162,#1163,#1164,#1165,#1166,#1167,#1168,
#1169,#1170,#1171,#1172,#1173,#1174,#1175,#1176,#1177,#1178),
 .UNSPECIFIED.,.F.,.F.,(4,2,2,2,2,2,2,2,2,2,2,2,2,4),(-1.17562746774272,
-1.05834107169401,-0.956391224425402,-0.88073249673959,-0.811412166190453,
-0.699630860766561,-0.592321715563801,-0.486076309789673,-0.37932790861589,
-0.29349270546358,-0.219731510329605,-0.173126821352565,-0.148219870296928,
-0.133605839552367),.UNSPECIFIED.);
#75=B_SPLINE_CURVE_WITH_KNOTS('',3,(#1180,#1181,#1182,#1183,#1184,#1185,
#1186,#1187,#1188,#1189,#1190,#1191,#1192,#1193),.UNSPECIFIED.,.F.,.F.,
(4,2,2,2,2,2,4),(-0.33859886966129,-0.291353758673324,-0.249409862245565,
-0.20472379057904,-0.161036052709476,-0.10241550930443,0.),
 .UNSPECIFIED.);
#76=B_SPLINE_CURVE_WITH_KNOTS('',3,(#1194,#1195,#1196,#1197,#1198,#1199,
#1200,#1201,#1202,#1203),.UNSPECIFIED.,.F.,.F.,(4,2,2,2,4),(-0.133605839552367,
-0.127287135607952,-0.100253327647407,-0.0556014266276709,0.),
 .UNSPECIFIED.);
#77=B_SPLINE_CURVE_WITH_KNOTS('',3,(#1331,#1332,#1333,#1334,#1335),
 .UNSPECIFIED.,.F.,.F.,(4,1,4),(-1.,-0.571428571428571,-0.543799026987533),
 .UNSPECIFIED.);
#78=B_SPLINE_CURVE_WITH_KNOTS('',3,(#1337,#1338,#1339,#1340,#1341,#1342,
#1343,#1344,#1345,#1346,#1347,#1348,#1349,#1350),.UNSPECIFIED.,.F.,.F.,
(4,2,2,1,1,2,2,4),(0.,0.247958726004842,0.274707774060375,0.387047705557773,
0.499387637055171,0.724067500049967,0.755618550130957,1.),.UNSPECIFIED.);
#79=B_SPLINE_CURVE_WITH_KNOTS('',3,(#1353,#1354,#1355,#1356),
 .UNSPECIFIED.,.F.,.F.,(4,4),(-0.134040236854951,0.),.UNSPECIFIED.);
#80=B_SPLINE_CURVE_WITH_KNOTS('',3,(#1484,#1485,#1486,#1487),
 .UNSPECIFIED.,.F.,.F.,(4,4),(0.,0.134040236854949),.UNSPECIFIED.);
#81=B_SPLINE_CURVE_WITH_KNOTS('',3,(#1491,#1492,#1493,#1494,#1495,#1496,
#1497,#1498,#1499,#1500,#1501,#1502,#1503,#1504),.UNSPECIFIED.,.F.,.F.,
(4,2,2,1,1,2,2,4),(0.,0.244455897801797,0.275907011755323,0.388246943252721,
0.500586874750119,0.725266737744916,0.752115721927914,1.),.UNSPECIFIED.);
#82=B_SPLINE_CURVE_WITH_KNOTS('',3,(#1505,#1506,#1507,#1508,#1509),
 .UNSPECIFIED.,.F.,.F.,(4,1,4),(0.543799026987534,0.571428571428571,1.),
 .UNSPECIFIED.);
#83=B_SPLINE_CURVE_WITH_KNOTS('',3,(#1516,#1517,#1518,#1519,#1520,#1521,
#1522,#1523,#1524,#1525,#1526,#1527,#1528,#1529,#1530,#1531,#1532,#1533,
#1534,#1535,#1536,#1537),.UNSPECIFIED.,.F.,.F.,(4,2,2,2,2,2,2,2,2,2,4),
(-0.416801181536797,-0.402181902622482,-0.353619360053928,-0.32001218712877,
-0.288624245562235,-0.248550792645449,-0.190731442557425,-0.134439356582968,
-0.0855188889369979,-0.042375182572929,-0.00520843773367815),
 .UNSPECIFIED.);
#84=B_SPLINE_CURVE_WITH_KNOTS('',3,(#1538,#1539,#1540,#1541,#1542,#1543,
#1544,#1545,#1546,#1547,#1548,#1549,#1550,#1551,#1552,#1553,#1554,#1555,
#1556,#1557,#1558,#1559),.UNSPECIFIED.,.F.,.F.,(4,2,2,2,2,2,2,2,2,2,4),
(-0.421679878226059,-0.396830666619381,-0.364287658302392,-0.314573484295138,
-0.256684777984989,-0.200363958673371,-0.152585339070823,-0.11933772567174,
-0.0878725113496927,-0.0485258924021749,-0.0112837676146161),
 .UNSPECIFIED.);
#85=B_SPLINE_CURVE_WITH_KNOTS('',3,(#1597,#1598,#1599,#1600,#1601,#1602),
 .UNSPECIFIED.,.F.,.F.,(4,2,4),(-0.00196996602633816,0.,0.0616770940649481),
 .UNSPECIFIED.);
#86=B_SPLINE_CURVE_WITH_KNOTS('',3,(#1604,#1605,#1606,#1607,#1608,#1609),
 .UNSPECIFIED.,.F.,.F.,(4,1,1,4),(-0.272448753282577,-0.201656629447775,
-0.117972361157128,0.00755404127884319),.UNSPECIFIED.);
#87=B_SPLINE_CURVE_WITH_KNOTS('',3,(#1611,#1612,#1613,#1614,#1615,#1616,
#1617,#1618,#1619,#1620,#1621,#1622,#1623,#1624),.UNSPECIFIED.,.F.,.F.,
(4,2,2,2,2,2,4),(-0.77539168066704,-0.77249278803797,-0.597169461134576,
-0.401816414053778,-0.206514616167613,-0.0112367962437054,0.),
 .UNSPECIFIED.);
#88=B_SPLINE_CURVE_WITH_KNOTS('',3,(#1626,#1627,#1628,#1629,#1630,#1631),
 .UNSPECIFIED.,.F.,.F.,(4,1,1,4),(1.45869091999298E-6,0.117972361157128,
0.201656629447775,0.285340897738422),.UNSPECIFIED.);
#89=B_SPLINE_CURVE_WITH_KNOTS('',3,(#1632,#1633,#1634,#1635,#1636,#1637,
#1638,#1639),.UNSPECIFIED.,.F.,.F.,(4,2,2,4),(0.337890662627433,0.383759722030929,
0.57925441796841,0.774726225909101),.UNSPECIFIED.);
#90=B_SPLINE_CURVE_WITH_KNOTS('',3,(#1643,#1644,#1645,#1646,#1647,#1648,
#1649,#1650,#1651,#1652,#1653,#1654,#1655,#1656,#1657,#1658,#1659,#1660,
#1661),.UNSPECIFIED.,.F.,.F.,(4,3,3,3,3,3,4),(-0.157455067180864,-0.129807057060676,
-0.0930234159967742,-0.0562137717789358,-0.0532366286877304,-0.0237227342879263,
0.),.UNSPECIFIED.);
#91=B_SPLINE_CURVE_WITH_KNOTS('',3,(#1665,#1666,#1667,#1668,#1669,#1670,
#1671,#1672,#1673,#1674,#1675,#1676,#1677,#1678,#1679,#1680,#1681,#1682,
#1683),.UNSPECIFIED.,.F.,.F.,(4,3,3,3,3,3,4),(-0.151910725045035,-0.139742273582296,
-0.113836611221005,-0.0792579935242425,-0.0421977475248967,-0.0397368750200783,
0.),.UNSPECIFIED.);
#92=B_SPLINE_CURVE_WITH_KNOTS('',3,(#1685,#1686,#1687,#1688),
 .UNSPECIFIED.,.F.,.F.,(4,4),(-0.0110707904196787,-0.00553947996272708),
 .UNSPECIFIED.);
#93=B_SPLINE_CURVE_WITH_KNOTS('',3,(#1692,#1693,#1694,#1695),
 .UNSPECIFIED.,.F.,.F.,(4,4),(-0.100031240913559,-0.0999761055223959),
 .UNSPECIFIED.);
#94=B_SPLINE_CURVE_WITH_KNOTS('',3,(#1725,#1726,#1727,#1728,#1729,#1730),
 .UNSPECIFIED.,.F.,.F.,(4,1,1,4),(-2.28907612473734E-16,0.126413972801189,
0.210689954668649,0.287928066073427),.UNSPECIFIED.);
#95=B_SPLINE_CURVE_WITH_KNOTS('',3,(#1733,#1734,#1735,#1736,#1737,#1738,
#1739,#1740,#1741,#1742,#1743,#1744),.UNSPECIFIED.,.F.,.F.,(4,2,2,2,2,4),
(-1.47008331549548,-1.32778966069772,-1.18286911899717,-0.880158365127199,
-0.439721014153067,-0.000216486768124691),.UNSPECIFIED.);
#96=B_SPLINE_CURVE_WITH_KNOTS('',3,(#1746,#1747,#1748,#1749,#1750,#1751,
#1752,#1753,#1754,#1755,#1756,#1757),.UNSPECIFIED.,.F.,.F.,(4,2,2,2,2,4),
(-1.35881718003985,-1.04281664930243,-0.736146538678019,-0.430233900421353,
-0.200285599860101,0.),.UNSPECIFIED.);
#97=B_SPLINE_CURVE_WITH_KNOTS('',3,(#1807,#1808,#1809,#1810),
 .UNSPECIFIED.,.F.,.F.,(4,4),(0.233154923625726,0.557842472438599),
 .UNSPECIFIED.);
#98=B_SPLINE_CURVE_WITH_KNOTS('',3,(#1811,#1812,#1813,#1814),
 .UNSPECIFIED.,.F.,.F.,(4,4),(-0.557842472438599,-0.233154923625726),
 .UNSPECIFIED.);
#99=B_SPLINE_CURVE_WITH_KNOTS('',3,(#1852,#1853,#1854,#1855,#1856,#1857,
#1858,#1859,#1860,#1861,#1862,#1863),.UNSPECIFIED.,.F.,.F.,(4,2,2,2,2,4),
(-0.772351642100822,-0.577095259793751,-0.38181954481651,-0.186500945594119,
0.,0.00299441684912395),.UNSPECIFIED.);
#100=B_SPLINE_CURVE_WITH_KNOTS('',3,(#1864,#1865,#1866,#1867,#1868,#1869),
 .UNSPECIFIED.,.F.,.F.,(4,1,1,4),(-0.294965936536109,-0.210689954668649,
-0.126413972801189,-0.0129533855333216),.UNSPECIFIED.);
#101=B_SPLINE_CURVE_WITH_KNOTS('',3,(#1894,#1895,#1896,#1897),
 .UNSPECIFIED.,.F.,.F.,(4,4),(0.232361880026696,0.461054749935787),
 .UNSPECIFIED.);
#102=B_SPLINE_CURVE_WITH_KNOTS('',3,(#1898,#1899,#1900,#1901),
 .UNSPECIFIED.,.F.,.F.,(4,4),(-0.447426500445925,-0.232361880026696),
 .UNSPECIFIED.);
#103=B_SPLINE_CURVE_WITH_KNOTS('',3,(#1926,#1927,#1928,#1929),
 .UNSPECIFIED.,.F.,.F.,(4,4),(-0.215273129703385,-6.14883265831478E-11),
 .UNSPECIFIED.);
#104=B_SPLINE_CURVE_WITH_KNOTS('',3,(#1930,#1931,#1932,#1933),
 .UNSPECIFIED.,.F.,.F.,(4,4),(-0.0146988545510491,0.215273129703385),
 .UNSPECIFIED.);
#105=B_SPLINE_CURVE_WITH_KNOTS('',3,(#2022,#2023,#2024,#2025,#2026,#2027,
#2028,#2029,#2030,#2031,#2032,#2033,#2034,#2035,#2036,#2037,#2038,#2039,
#2040,#2041,#2042,#2043),.UNSPECIFIED.,.F.,.F.,(4,2,2,1,2,2,2,2,1,2,2,4),
(0.0377090030759316,0.170770090547354,0.181801455272648,0.2606071064425,
0.339412757612352,0.348829941927794,0.651113734070784,0.660495866150145,
0.739301517319997,0.818107168489849,0.829173585451224,0.962234672179029),
 .UNSPECIFIED.);
#106=ELLIPSE('',#590,1.76776695296637,1.25);
#107=ELLIPSE('',#591,1.76776695296637,1.25);
#108=ELLIPSE('',#606,1.76776695296636,1.25);
#109=FACE_OUTER_BOUND('',#139,.T.);
#110=FACE_OUTER_BOUND('',#140,.T.);
#111=FACE_OUTER_BOUND('',#141,.T.);
#112=FACE_OUTER_BOUND('',#142,.T.);
#113=FACE_OUTER_BOUND('',#143,.T.);
#114=FACE_OUTER_BOUND('',#144,.T.);
#115=FACE_OUTER_BOUND('',#145,.T.);
#116=FACE_OUTER_BOUND('',#148,.T.);
#117=FACE_OUTER_BOUND('',#150,.T.);
#118=FACE_OUTER_BOUND('',#152,.T.);
#119=FACE_OUTER_BOUND('',#155,.T.);
#120=FACE_OUTER_BOUND('',#156,.T.);
#121=FACE_OUTER_BOUND('',#157,.T.);
#122=FACE_OUTER_BOUND('',#158,.T.);
#123=FACE_OUTER_BOUND('',#159,.T.);
#124=FACE_OUTER_BOUND('',#160,.T.);
#125=FACE_OUTER_BOUND('',#161,.T.);
#126=FACE_OUTER_BOUND('',#162,.T.);
#127=FACE_OUTER_BOUND('',#163,.T.);
#128=FACE_OUTER_BOUND('',#164,.T.);
#129=FACE_OUTER_BOUND('',#165,.T.);
#130=FACE_OUTER_BOUND('',#166,.T.);
#131=FACE_OUTER_BOUND('',#168,.T.);
#132=FACE_OUTER_BOUND('',#169,.T.);
#133=FACE_OUTER_BOUND('',#170,.T.);
#134=FACE_OUTER_BOUND('',#171,.T.);
#135=FACE_OUTER_BOUND('',#172,.T.);
#136=FACE_OUTER_BOUND('',#173,.T.);
#137=FACE_OUTER_BOUND('',#174,.T.);
#138=FACE_OUTER_BOUND('',#175,.T.);
#139=EDGE_LOOP('',(#357,#358,#359,#360));
#140=EDGE_LOOP('',(#361,#362,#363,#364));
#141=EDGE_LOOP('',(#365,#366,#367,#368));
#142=EDGE_LOOP('',(#369,#370,#371,#372));
#143=EDGE_LOOP('',(#373,#374,#375,#376,#377));
#144=EDGE_LOOP('',(#378,#379,#380,#381,#382,#383,#384,#385,#386,#387,#388));
#145=EDGE_LOOP('',(#389,#390));
#146=EDGE_LOOP('',(#391));
#147=EDGE_LOOP('',(#392));
#148=EDGE_LOOP('',(#393,#394,#395,#396));
#149=EDGE_LOOP('',(#397));
#150=EDGE_LOOP('',(#398,#399,#400,#401,#402));
#151=EDGE_LOOP('',(#403));
#152=EDGE_LOOP('',(#404,#405));
#153=EDGE_LOOP('',(#406));
#154=EDGE_LOOP('',(#407));
#155=EDGE_LOOP('',(#408,#409,#410,#411,#412));
#156=EDGE_LOOP('',(#413,#414,#415,#416));
#157=EDGE_LOOP('',(#417,#418,#419,#420,#421,#422));
#158=EDGE_LOOP('',(#423,#424,#425,#426,#427,#428));
#159=EDGE_LOOP('',(#429,#430,#431,#432,#433,#434));
#160=EDGE_LOOP('',(#435,#436,#437,#438,#439,#440));
#161=EDGE_LOOP('',(#441,#442,#443,#444,#445));
#162=EDGE_LOOP('',(#446,#447,#448,#449,#450,#451));
#163=EDGE_LOOP('',(#452,#453,#454,#455,#456));
#164=EDGE_LOOP('',(#457,#458,#459,#460));
#165=EDGE_LOOP('',(#461,#462,#463,#464,#465,#466));
#166=EDGE_LOOP('',(#467,#468,#469));
#167=EDGE_LOOP('',(#470));
#168=EDGE_LOOP('',(#471,#472,#473,#474));
#169=EDGE_LOOP('',(#475,#476,#477,#478,#479,#480,#481,#482));
#170=EDGE_LOOP('',(#483,#484,#485,#486,#487,#488));
#171=EDGE_LOOP('',(#489,#490,#491,#492));
#172=EDGE_LOOP('',(#493,#494,#495,#496));
#173=EDGE_LOOP('',(#497,#498,#499,#500,#501,#502,#503,#504,#505,#506,#507));
#174=EDGE_LOOP('',(#508,#509,#510,#511,#512));
#175=EDGE_LOOP('',(#513,#514));
#176=EDGE_LOOP('',(#515));
#177=EDGE_LOOP('',(#516));
#178=LINE('',#706,#198);
#179=LINE('',#712,#199);
#180=LINE('',#718,#200);
#181=LINE('',#740,#201);
#182=LINE('',#758,#202);
#183=LINE('',#775,#203);
#184=LINE('',#794,#204);
#185=LINE('',#893,#205);
#186=LINE('',#921,#206);
#187=LINE('',#1026,#207);
#188=LINE('',#1056,#208);
#189=LINE('',#1149,#209);
#190=LINE('',#1513,#210);
#191=LINE('',#1663,#211);
#192=LINE('',#1689,#212);
#193=LINE('',#1697,#213);
#194=LINE('',#1698,#214);
#195=LINE('',#1724,#215);
#196=LINE('',#1732,#216);
#197=LINE('',#1782,#217);
#198=VECTOR('',#622,2.);
#199=VECTOR('',#629,2.);
#200=VECTOR('',#636,1.25);
#201=VECTOR('',#641,10.);
#202=VECTOR('',#642,10.);
#203=VECTOR('',#645,10.);
#204=VECTOR('',#646,10.);
#205=VECTOR('',#647,25.005001767366);
#206=VECTOR('',#648,25.0050014560783);
#207=VECTOR('',#657,25.0050022920228);
#208=VECTOR('',#664,2.);
#209=VECTOR('',#669,2.);
#210=VECTOR('',#676,1.25);
#211=VECTOR('',#681,10.);
#212=VECTOR('',#682,10.);
#213=VECTOR('',#685,10.);
#214=VECTOR('',#686,20.0062520624814);
#215=VECTOR('',#687,20.0062516446706);
#216=VECTOR('',#688,20.0062530358345);
#217=VECTOR('',#691,20.0062520624814);
#218=CIRCLE('',#584,2.);
#219=CIRCLE('',#585,2.);
#220=CIRCLE('',#587,2.);
#221=CIRCLE('',#588,2.);
#222=CIRCLE('',#600,2.);
#223=CIRCLE('',#602,2.);
#224=CIRCLE('',#603,5.);
#225=CIRCLE('',#604,5.);
#226=VERTEX_POINT('',#703);
#227=VERTEX_POINT('',#705);
#228=VERTEX_POINT('',#709);
#229=VERTEX_POINT('',#711);
#230=VERTEX_POINT('',#715);
#231=VERTEX_POINT('',#717);
#232=VERTEX_POINT('',#721);
#233=VERTEX_POINT('',#722);
#234=VERTEX_POINT('',#739);
#235=VERTEX_POINT('',#741);
#236=VERTEX_POINT('',#760);
#237=VERTEX_POINT('',#761);
#238=VERTEX_POINT('',#774);
#239=VERTEX_POINT('',#776);
#240=VERTEX_POINT('',#793);
#241=VERTEX_POINT('',#887);
#242=VERTEX_POINT('',#892);
#243=VERTEX_POINT('',#920);
#244=VERTEX_POINT('',#950);
#245=VERTEX_POINT('',#976);
#246=VERTEX_POINT('',#1053);
#247=VERTEX_POINT('',#1055);
#248=VERTEX_POINT('',#1057);
#249=VERTEX_POINT('',#1070);
#250=VERTEX_POINT('',#1146);
#251=VERTEX_POINT('',#1148);
#252=VERTEX_POINT('',#1150);
#253=VERTEX_POINT('',#1179);
#254=VERTEX_POINT('',#1330);
#255=VERTEX_POINT('',#1336);
#256=VERTEX_POINT('',#1351);
#257=VERTEX_POINT('',#1483);
#258=VERTEX_POINT('',#1488);
#259=VERTEX_POINT('',#1490);
#260=VERTEX_POINT('',#1511);
#261=VERTEX_POINT('',#1512);
#262=VERTEX_POINT('',#1515);
#263=VERTEX_POINT('',#1596);
#264=VERTEX_POINT('',#1603);
#265=VERTEX_POINT('',#1610);
#266=VERTEX_POINT('',#1625);
#267=VERTEX_POINT('',#1641);
#268=VERTEX_POINT('',#1642);
#269=VERTEX_POINT('',#1662);
#270=VERTEX_POINT('',#1664);
#271=VERTEX_POINT('',#1684);
#272=VERTEX_POINT('',#1691);
#273=VERTEX_POINT('',#1696);
#274=VERTEX_POINT('',#1723);
#275=VERTEX_POINT('',#1731);
#276=VERTEX_POINT('',#1851);
#277=EDGE_CURVE('',#226,#226,#218,.T.);
#278=EDGE_CURVE('',#226,#227,#178,.T.);
#279=EDGE_CURVE('',#227,#227,#219,.T.);
#280=EDGE_CURVE('',#228,#228,#220,.T.);
#281=EDGE_CURVE('',#228,#229,#179,.T.);
#282=EDGE_CURVE('',#229,#229,#221,.T.);
#283=EDGE_CURVE('',#230,#230,#106,.T.);
#284=EDGE_CURVE('',#230,#231,#180,.T.);
#285=EDGE_CURVE('',#231,#231,#107,.T.);
#286=EDGE_CURVE('',#232,#233,#57,.T.);
#287=EDGE_CURVE('',#233,#234,#181,.T.);
#288=EDGE_CURVE('',#234,#235,#58,.T.);
#289=EDGE_CURVE('',#235,#232,#182,.T.);
#290=EDGE_CURVE('',#236,#237,#59,.T.);
#291=EDGE_CURVE('',#237,#238,#183,.T.);
#292=EDGE_CURVE('',#238,#239,#60,.T.);
#293=EDGE_CURVE('',#239,#240,#184,.T.);
#294=EDGE_CURVE('',#240,#236,#61,.T.);
#295=EDGE_CURVE('',#232,#241,#62,.T.);
#296=EDGE_CURVE('',#242,#241,#185,.T.);
#297=EDGE_CURVE('',#242,#239,#63,.T.);
#298=EDGE_CURVE('',#237,#238,#64,.T.);
#299=EDGE_CURVE('',#236,#243,#186,.T.);
#300=EDGE_CURVE('',#243,#235,#65,.T.);
#301=EDGE_CURVE('',#234,#233,#66,.T.);
#302=EDGE_CURVE('',#244,#242,#67,.T.);
#303=EDGE_CURVE('',#240,#244,#68,.T.);
#304=EDGE_CURVE('',#245,#243,#69,.T.);
#305=EDGE_CURVE('',#241,#245,#70,.T.);
#306=EDGE_CURVE('',#244,#245,#187,.T.);
#307=EDGE_CURVE('',#246,#246,#222,.T.);
#308=EDGE_CURVE('',#246,#247,#188,.T.);
#309=EDGE_CURVE('',#248,#247,#71,.T.);
#310=EDGE_CURVE('',#249,#248,#72,.T.);
#311=EDGE_CURVE('',#247,#249,#73,.T.);
#312=EDGE_CURVE('',#250,#250,#223,.T.);
#313=EDGE_CURVE('',#250,#251,#189,.T.);
#314=EDGE_CURVE('',#252,#251,#74,.T.);
#315=EDGE_CURVE('',#253,#252,#75,.T.);
#316=EDGE_CURVE('',#251,#253,#76,.T.);
#317=EDGE_CURVE('',#254,#249,#77,.T.);
#318=EDGE_CURVE('',#254,#255,#78,.T.);
#319=EDGE_CURVE('',#256,#255,#224,.T.);
#320=EDGE_CURVE('',#248,#256,#79,.T.);
#321=EDGE_CURVE('',#257,#253,#80,.T.);
#322=EDGE_CURVE('',#258,#257,#225,.T.);
#323=EDGE_CURVE('',#258,#259,#81,.T.);
#324=EDGE_CURVE('',#252,#259,#82,.T.);
#325=EDGE_CURVE('',#260,#261,#190,.T.);
#326=EDGE_CURVE('',#261,#261,#108,.T.);
#327=EDGE_CURVE('',#262,#260,#83,.T.);
#328=EDGE_CURVE('',#260,#262,#84,.T.);
#329=EDGE_CURVE('',#263,#262,#85,.T.);
#330=EDGE_CURVE('',#263,#264,#86,.T.);
#331=EDGE_CURVE('',#264,#265,#87,.T.);
#332=EDGE_CURVE('',#265,#266,#88,.T.);
#333=EDGE_CURVE('',#260,#266,#89,.T.);
#334=EDGE_CURVE('',#267,#268,#90,.T.);
#335=EDGE_CURVE('',#268,#269,#191,.T.);
#336=EDGE_CURVE('',#269,#270,#91,.T.);
#337=EDGE_CURVE('',#270,#271,#92,.T.);
#338=EDGE_CURVE('',#271,#267,#192,.T.);
#339=EDGE_CURVE('',#272,#271,#93,.T.);
#340=EDGE_CURVE('',#273,#272,#193,.T.);
#341=EDGE_CURVE('',#273,#267,#194,.T.);
#342=EDGE_CURVE('',#274,#270,#195,.T.);
#343=EDGE_CURVE('',#266,#274,#94,.T.);
#344=EDGE_CURVE('',#266,#275,#196,.T.);
#345=EDGE_CURVE('',#275,#272,#95,.T.);
#346=EDGE_CURVE('',#273,#275,#96,.T.);
#347=EDGE_CURVE('',#265,#273,#197,.T.);
#348=EDGE_CURVE('',#256,#257,#97,.T.);
#349=EDGE_CURVE('',#259,#254,#98,.T.);
#350=EDGE_CURVE('',#274,#276,#99,.T.);
#351=EDGE_CURVE('',#276,#263,#100,.T.);
#352=EDGE_CURVE('',#257,#276,#101,.T.);
#353=EDGE_CURVE('',#274,#258,#102,.T.);
#354=EDGE_CURVE('',#255,#265,#103,.T.);
#355=EDGE_CURVE('',#264,#256,#104,.T.);
#356=EDGE_CURVE('',#269,#268,#105,.T.);
#357=ORIENTED_EDGE('',*,*,#277,.F.);
#358=ORIENTED_EDGE('',*,*,#278,.T.);
#359=ORIENTED_EDGE('',*,*,#279,.F.);
#360=ORIENTED_EDGE('',*,*,#278,.F.);
#361=ORIENTED_EDGE('',*,*,#280,.F.);
#362=ORIENTED_EDGE('',*,*,#281,.T.);
#363=ORIENTED_EDGE('',*,*,#282,.F.);
#364=ORIENTED_EDGE('',*,*,#281,.F.);
#365=ORIENTED_EDGE('',*,*,#283,.F.);
#366=ORIENTED_EDGE('',*,*,#284,.T.);
#367=ORIENTED_EDGE('',*,*,#285,.F.);
#368=ORIENTED_EDGE('',*,*,#284,.F.);
#369=ORIENTED_EDGE('',*,*,#286,.T.);
#370=ORIENTED_EDGE('',*,*,#287,.T.);
#371=ORIENTED_EDGE('',*,*,#288,.T.);
#372=ORIENTED_EDGE('',*,*,#289,.T.);
#373=ORIENTED_EDGE('',*,*,#290,.T.);
#374=ORIENTED_EDGE('',*,*,#291,.T.);
#375=ORIENTED_EDGE('',*,*,#292,.T.);
#376=ORIENTED_EDGE('',*,*,#293,.T.);
#377=ORIENTED_EDGE('',*,*,#294,.T.);
#378=ORIENTED_EDGE('',*,*,#286,.F.);
#379=ORIENTED_EDGE('',*,*,#295,.T.);
#380=ORIENTED_EDGE('',*,*,#296,.F.);
#381=ORIENTED_EDGE('',*,*,#297,.T.);
#382=ORIENTED_EDGE('',*,*,#292,.F.);
#383=ORIENTED_EDGE('',*,*,#298,.F.);
#384=ORIENTED_EDGE('',*,*,#290,.F.);
#385=ORIENTED_EDGE('',*,*,#299,.T.);
#386=ORIENTED_EDGE('',*,*,#300,.T.);
#387=ORIENTED_EDGE('',*,*,#288,.F.);
#388=ORIENTED_EDGE('',*,*,#301,.T.);
#389=ORIENTED_EDGE('',*,*,#291,.F.);
#390=ORIENTED_EDGE('',*,*,#298,.T.);
#391=ORIENTED_EDGE('',*,*,#279,.T.);
#392=ORIENTED_EDGE('',*,*,#282,.T.);
#393=ORIENTED_EDGE('',*,*,#297,.F.);
#394=ORIENTED_EDGE('',*,*,#302,.F.);
#395=ORIENTED_EDGE('',*,*,#303,.F.);
#396=ORIENTED_EDGE('',*,*,#293,.F.);
#397=ORIENTED_EDGE('',*,*,#283,.T.);
#398=ORIENTED_EDGE('',*,*,#300,.F.);
#399=ORIENTED_EDGE('',*,*,#304,.F.);
#400=ORIENTED_EDGE('',*,*,#305,.F.);
#401=ORIENTED_EDGE('',*,*,#295,.F.);
#402=ORIENTED_EDGE('',*,*,#289,.F.);
#403=ORIENTED_EDGE('',*,*,#285,.T.);
#404=ORIENTED_EDGE('',*,*,#287,.F.);
#405=ORIENTED_EDGE('',*,*,#301,.F.);
#406=ORIENTED_EDGE('',*,*,#277,.T.);
#407=ORIENTED_EDGE('',*,*,#280,.T.);
#408=ORIENTED_EDGE('',*,*,#294,.F.);
#409=ORIENTED_EDGE('',*,*,#303,.T.);
#410=ORIENTED_EDGE('',*,*,#306,.T.);
#411=ORIENTED_EDGE('',*,*,#304,.T.);
#412=ORIENTED_EDGE('',*,*,#299,.F.);
#413=ORIENTED_EDGE('',*,*,#302,.T.);
#414=ORIENTED_EDGE('',*,*,#296,.T.);
#415=ORIENTED_EDGE('',*,*,#305,.T.);
#416=ORIENTED_EDGE('',*,*,#306,.F.);
#417=ORIENTED_EDGE('',*,*,#307,.F.);
#418=ORIENTED_EDGE('',*,*,#308,.T.);
#419=ORIENTED_EDGE('',*,*,#309,.F.);
#420=ORIENTED_EDGE('',*,*,#310,.F.);
#421=ORIENTED_EDGE('',*,*,#311,.F.);
#422=ORIENTED_EDGE('',*,*,#308,.F.);
#423=ORIENTED_EDGE('',*,*,#312,.F.);
#424=ORIENTED_EDGE('',*,*,#313,.T.);
#425=ORIENTED_EDGE('',*,*,#314,.F.);
#426=ORIENTED_EDGE('',*,*,#315,.F.);
#427=ORIENTED_EDGE('',*,*,#316,.F.);
#428=ORIENTED_EDGE('',*,*,#313,.F.);
#429=ORIENTED_EDGE('',*,*,#309,.T.);
#430=ORIENTED_EDGE('',*,*,#311,.T.);
#431=ORIENTED_EDGE('',*,*,#317,.F.);
#432=ORIENTED_EDGE('',*,*,#318,.T.);
#433=ORIENTED_EDGE('',*,*,#319,.F.);
#434=ORIENTED_EDGE('',*,*,#320,.F.);
#435=ORIENTED_EDGE('',*,*,#314,.T.);
#436=ORIENTED_EDGE('',*,*,#316,.T.);
#437=ORIENTED_EDGE('',*,*,#321,.F.);
#438=ORIENTED_EDGE('',*,*,#322,.F.);
#439=ORIENTED_EDGE('',*,*,#323,.T.);
#440=ORIENTED_EDGE('',*,*,#324,.F.);
#441=ORIENTED_EDGE('',*,*,#325,.T.);
#442=ORIENTED_EDGE('',*,*,#326,.F.);
#443=ORIENTED_EDGE('',*,*,#325,.F.);
#444=ORIENTED_EDGE('',*,*,#327,.F.);
#445=ORIENTED_EDGE('',*,*,#328,.F.);
#446=ORIENTED_EDGE('',*,*,#328,.T.);
#447=ORIENTED_EDGE('',*,*,#329,.F.);
#448=ORIENTED_EDGE('',*,*,#330,.T.);
#449=ORIENTED_EDGE('',*,*,#331,.T.);
#450=ORIENTED_EDGE('',*,*,#332,.T.);
#451=ORIENTED_EDGE('',*,*,#333,.F.);
#452=ORIENTED_EDGE('',*,*,#334,.T.);
#453=ORIENTED_EDGE('',*,*,#335,.T.);
#454=ORIENTED_EDGE('',*,*,#336,.T.);
#455=ORIENTED_EDGE('',*,*,#337,.T.);
#456=ORIENTED_EDGE('',*,*,#338,.T.);
#457=ORIENTED_EDGE('',*,*,#338,.F.);
#458=ORIENTED_EDGE('',*,*,#339,.F.);
#459=ORIENTED_EDGE('',*,*,#340,.F.);
#460=ORIENTED_EDGE('',*,*,#341,.T.);
#461=ORIENTED_EDGE('',*,*,#337,.F.);
#462=ORIENTED_EDGE('',*,*,#342,.F.);
#463=ORIENTED_EDGE('',*,*,#343,.F.);
#464=ORIENTED_EDGE('',*,*,#344,.T.);
#465=ORIENTED_EDGE('',*,*,#345,.T.);
#466=ORIENTED_EDGE('',*,*,#339,.T.);
#467=ORIENTED_EDGE('',*,*,#346,.F.);
#468=ORIENTED_EDGE('',*,*,#340,.T.);
#469=ORIENTED_EDGE('',*,*,#345,.F.);
#470=ORIENTED_EDGE('',*,*,#326,.T.);
#471=ORIENTED_EDGE('',*,*,#346,.T.);
#472=ORIENTED_EDGE('',*,*,#344,.F.);
#473=ORIENTED_EDGE('',*,*,#332,.F.);
#474=ORIENTED_EDGE('',*,*,#347,.T.);
#475=ORIENTED_EDGE('',*,*,#310,.T.);
#476=ORIENTED_EDGE('',*,*,#320,.T.);
#477=ORIENTED_EDGE('',*,*,#348,.T.);
#478=ORIENTED_EDGE('',*,*,#321,.T.);
#479=ORIENTED_EDGE('',*,*,#315,.T.);
#480=ORIENTED_EDGE('',*,*,#324,.T.);
#481=ORIENTED_EDGE('',*,*,#349,.T.);
#482=ORIENTED_EDGE('',*,*,#317,.T.);
#483=ORIENTED_EDGE('',*,*,#333,.T.);
#484=ORIENTED_EDGE('',*,*,#343,.T.);
#485=ORIENTED_EDGE('',*,*,#350,.T.);
#486=ORIENTED_EDGE('',*,*,#351,.T.);
#487=ORIENTED_EDGE('',*,*,#329,.T.);
#488=ORIENTED_EDGE('',*,*,#327,.T.);
#489=ORIENTED_EDGE('',*,*,#322,.T.);
#490=ORIENTED_EDGE('',*,*,#352,.T.);
#491=ORIENTED_EDGE('',*,*,#350,.F.);
#492=ORIENTED_EDGE('',*,*,#353,.T.);
#493=ORIENTED_EDGE('',*,*,#319,.T.);
#494=ORIENTED_EDGE('',*,*,#354,.T.);
#495=ORIENTED_EDGE('',*,*,#331,.F.);
#496=ORIENTED_EDGE('',*,*,#355,.T.);
#497=ORIENTED_EDGE('',*,*,#334,.F.);
#498=ORIENTED_EDGE('',*,*,#341,.F.);
#499=ORIENTED_EDGE('',*,*,#347,.F.);
#500=ORIENTED_EDGE('',*,*,#354,.F.);
#501=ORIENTED_EDGE('',*,*,#318,.F.);
#502=ORIENTED_EDGE('',*,*,#349,.F.);
#503=ORIENTED_EDGE('',*,*,#323,.F.);
#504=ORIENTED_EDGE('',*,*,#353,.F.);
#505=ORIENTED_EDGE('',*,*,#342,.T.);
#506=ORIENTED_EDGE('',*,*,#336,.F.);
#507=ORIENTED_EDGE('',*,*,#356,.T.);
#508=ORIENTED_EDGE('',*,*,#351,.F.);
#509=ORIENTED_EDGE('',*,*,#352,.F.);
#510=ORIENTED_EDGE('',*,*,#348,.F.);
#511=ORIENTED_EDGE('',*,*,#355,.F.);
#512=ORIENTED_EDGE('',*,*,#330,.F.);
#513=ORIENTED_EDGE('',*,*,#335,.F.);
#514=ORIENTED_EDGE('',*,*,#356,.F.);
#515=ORIENTED_EDGE('',*,*,#307,.T.);
#516=ORIENTED_EDGE('',*,*,#312,.T.);
#517=CYLINDRICAL_SURFACE('',#583,2.);
#518=CYLINDRICAL_SURFACE('',#586,2.);
#519=CYLINDRICAL_SURFACE('',#589,1.25);
#520=CYLINDRICAL_SURFACE('',#592,1.);
#521=CYLINDRICAL_SURFACE('',#593,1.);
#522=CYLINDRICAL_SURFACE('',#599,2.);
#523=CYLINDRICAL_SURFACE('',#601,2.);
#524=CYLINDRICAL_SURFACE('',#605,1.25);
#525=CYLINDRICAL_SURFACE('',#607,1.);
#526=ADVANCED_FACE('',(#109),#517,.F.);
#527=ADVANCED_FACE('',(#110),#518,.F.);
#528=ADVANCED_FACE('',(#111),#519,.F.);
#529=ADVANCED_FACE('',(#112),#520,.T.);
#530=ADVANCED_FACE('',(#113),#521,.T.);
#531=ADVANCED_FACE('',(#114),#44,.F.);
#532=ADVANCED_FACE('',(#115,#27,#28),#36,.T.);
#533=ADVANCED_FACE('',(#116,#29),#37,.F.);
#534=ADVANCED_FACE('',(#117,#30),#38,.F.);
#535=ADVANCED_FACE('',(#118,#31,#32),#39,.F.);
#536=ADVANCED_FACE('',(#119),#45,.F.);
#537=ADVANCED_FACE('',(#120),#46,.F.);
#538=ADVANCED_FACE('',(#121),#522,.F.);
#539=ADVANCED_FACE('',(#122),#523,.F.);
#540=ADVANCED_FACE('',(#123),#47,.F.);
#541=ADVANCED_FACE('',(#124),#48,.F.);
#542=ADVANCED_FACE('',(#125),#524,.F.);
#543=ADVANCED_FACE('',(#126),#49,.F.);
#544=ADVANCED_FACE('',(#127),#525,.T.);
#545=ADVANCED_FACE('',(#128),#40,.F.);
#546=ADVANCED_FACE('',(#129),#50,.F.);
#547=ADVANCED_FACE('',(#130,#33),#41,.F.);
#548=ADVANCED_FACE('',(#131),#51,.F.);
#549=ADVANCED_FACE('',(#132),#52,.F.);
#550=ADVANCED_FACE('',(#133),#53,.F.);
#551=ADVANCED_FACE('',(#134),#54,.F.);
#552=ADVANCED_FACE('',(#135),#55,.F.);
#553=ADVANCED_FACE('',(#136),#56,.F.);
#554=ADVANCED_FACE('',(#137),#42,.T.);
#555=ADVANCED_FACE('',(#138,#34,#35),#43,.F.);
#556=CLOSED_SHELL('',(#526,#527,#528,#529,#530,#531,#532,#533,#534,#535,
#536,#537));
#557=CLOSED_SHELL('',(#538,#539,#540,#541,#542,#543,#544,#545,#546,#547,
#548,#549,#550,#551,#552,#553,#554,#555));
#558=DERIVED_UNIT_ELEMENT(#562,1.);
#559=DERIVED_UNIT_ELEMENT(#2057,-3.);
#560=DERIVED_UNIT_ELEMENT(#562,1.);
#561=DERIVED_UNIT_ELEMENT(#2057,-3.);
#562=(
MASS_UNIT()
NAMED_UNIT(*)
SI_UNIT(.KILO.,.GRAM.)
);
#563=DERIVED_UNIT((#558,#559));
#564=DERIVED_UNIT((#560,#561));
#565=MEASURE_REPRESENTATION_ITEM('density measure',
POSITIVE_RATIO_MEASURE(7850.),#563);
#566=MEASURE_REPRESENTATION_ITEM('density measure',
POSITIVE_RATIO_MEASURE(7850.),#564);
#567=PROPERTY_DEFINITION_REPRESENTATION(#577,#571);
#568=PROPERTY_DEFINITION_REPRESENTATION(#578,#572);
#569=PROPERTY_DEFINITION_REPRESENTATION(#579,#573);
#570=PROPERTY_DEFINITION_REPRESENTATION(#580,#574);
#571=REPRESENTATION('material name',(#575),#2053);
#572=REPRESENTATION('density',(#565),#2053);
#573=REPRESENTATION('material name',(#576),#2054);
#574=REPRESENTATION('density',(#566),#2054);
#575=DESCRIPTIVE_REPRESENTATION_ITEM('Steel','Steel');
#576=DESCRIPTIVE_REPRESENTATION_ITEM('Steel','Steel');
#577=PROPERTY_DEFINITION('material property','material name',#2073);
#578=PROPERTY_DEFINITION('material property','density of part',#2073);
#579=PROPERTY_DEFINITION('material property','material name',#2074);
#580=PROPERTY_DEFINITION('material property','density of part',#2074);
#581=AXIS2_PLACEMENT_3D('',#700,#614,#615);
#582=AXIS2_PLACEMENT_3D('',#701,#616,#617);
#583=AXIS2_PLACEMENT_3D('',#702,#618,#619);
#584=AXIS2_PLACEMENT_3D('',#704,#620,#621);
#585=AXIS2_PLACEMENT_3D('',#707,#623,#624);
#586=AXIS2_PLACEMENT_3D('',#708,#625,#626);
#587=AXIS2_PLACEMENT_3D('',#710,#627,#628);
#588=AXIS2_PLACEMENT_3D('',#713,#630,#631);
#589=AXIS2_PLACEMENT_3D('',#714,#632,#633);
#590=AXIS2_PLACEMENT_3D('',#716,#634,#635);
#591=AXIS2_PLACEMENT_3D('',#719,#637,#638);
#592=AXIS2_PLACEMENT_3D('',#720,#639,#640);
#593=AXIS2_PLACEMENT_3D('',#759,#643,#644);
#594=AXIS2_PLACEMENT_3D('',#948,#649,#650);
#595=AXIS2_PLACEMENT_3D('',#949,#651,#652);
#596=AXIS2_PLACEMENT_3D('',#975,#653,#654);
#597=AXIS2_PLACEMENT_3D('',#1001,#655,#656);
#598=AXIS2_PLACEMENT_3D('',#1051,#658,#659);
#599=AXIS2_PLACEMENT_3D('',#1052,#660,#661);
#600=AXIS2_PLACEMENT_3D('',#1054,#662,#663);
#601=AXIS2_PLACEMENT_3D('',#1145,#665,#666);
#602=AXIS2_PLACEMENT_3D('',#1147,#667,#668);
#603=AXIS2_PLACEMENT_3D('',#1352,#670,#671);
#604=AXIS2_PLACEMENT_3D('',#1489,#672,#673);
#605=AXIS2_PLACEMENT_3D('',#1510,#674,#675);
#606=AXIS2_PLACEMENT_3D('',#1514,#677,#678);
#607=AXIS2_PLACEMENT_3D('',#1640,#679,#680);
#608=AXIS2_PLACEMENT_3D('',#1690,#683,#684);
#609=AXIS2_PLACEMENT_3D('',#1745,#689,#690);
#610=AXIS2_PLACEMENT_3D('',#2044,#692,#693);
#611=AXIS2_PLACEMENT_3D('',#2045,#694,#695);
#612=AXIS2_PLACEMENT_3D('',#2046,#696,#697);
#613=AXIS2_PLACEMENT_3D('',#2047,#698,#699);
#614=DIRECTION('axis',(0.,0.,1.));
#615=DIRECTION('refdir',(1.,0.,0.));
#616=DIRECTION('axis',(0.,0.,1.));
#617=DIRECTION('refdir',(1.,0.,0.));
#618=DIRECTION('center_axis',(0.,0.,1.));
#619=DIRECTION('ref_axis',(-1.,0.,0.));
#620=DIRECTION('center_axis',(3.37477887838137E-32,-3.17189930118447E-32,
1.));
#621=DIRECTION('ref_axis',(-1.,0.,0.));
#622=DIRECTION('',(0.,0.,1.));
#623=DIRECTION('center_axis',(1.11713069765824E-31,-3.38241514867532E-31,
-1.));
#624=DIRECTION('ref_axis',(-1.,0.,0.));
#625=DIRECTION('center_axis',(0.,0.,1.));
#626=DIRECTION('ref_axis',(-1.,0.,0.));
#627=DIRECTION('center_axis',(3.37477887838137E-32,-3.17189930118447E-32,
1.));
#628=DIRECTION('ref_axis',(-1.,0.,0.));
#629=DIRECTION('',(0.,0.,1.));
#630=DIRECTION('center_axis',(1.11713069765824E-31,-3.38241514867532E-31,
-1.));
#631=DIRECTION('ref_axis',(-1.,0.,0.));
#632=DIRECTION('center_axis',(0.,0.,-1.));
#633=DIRECTION('ref_axis',(-1.,0.,0.));
#634=DIRECTION('center_axis',(-0.707106781186547,0.,-0.707106781186548));
#635=DIRECTION('ref_axis',(-0.707106781186548,0.,0.707106781186547));
#636=DIRECTION('',(0.,0.,-1.));
#637=DIRECTION('center_axis',(-0.707106781186549,0.,0.707106781186546));
#638=DIRECTION('ref_axis',(-0.707106781186546,0.,-0.707106781186549));
#639=DIRECTION('center_axis',(0.,-1.,-3.17189930118447E-32));
#640=DIRECTION('ref_axis',(0.707106781186549,0.,-0.707106781186546));
#641=DIRECTION('',(0.,1.,3.17189930118447E-32));
#642=DIRECTION('',(0.,-1.,0.));
#643=DIRECTION('center_axis',(0.,1.,-3.38241514867532E-31));
#644=DIRECTION('ref_axis',(0.707106781186549,0.,0.707106781186546));
#645=DIRECTION('',(0.,-1.,3.38241514867532E-31));
#646=DIRECTION('',(0.,1.,0.));
#647=DIRECTION('',(-0.000425846202312225,-0.0199959993865128,-0.999799969325638));
#648=DIRECTION('',(-0.000395533763866141,0.0199959996354431,-0.999799981772165));
#649=DIRECTION('center_axis',(-1.11713069765824E-31,3.38241514867532E-31,
1.));
#650=DIRECTION('ref_axis',(1.,0.,1.11713069765824E-31));
#651=DIRECTION('center_axis',(-0.707106781186547,0.,-0.707106781186548));
#652=DIRECTION('ref_axis',(-0.707106781186548,0.,0.707106781186547));
#653=DIRECTION('center_axis',(-0.707106781186549,0.,0.707106781186546));
#654=DIRECTION('ref_axis',(0.707106781186546,0.,0.707106781186549));
#655=DIRECTION('center_axis',(3.37477887838137E-32,-3.17189930118447E-32,
1.));
#656=DIRECTION('ref_axis',(1.,0.,-3.37477887838137E-32));
#657=DIRECTION('',(0.0200015613563736,2.87598338173375E-5,-0.999799948347758));
#658=DIRECTION('axis',(0.,0.,1.));
#659=DIRECTION('refdir',(1.,0.,0.));
#660=DIRECTION('center_axis',(0.,0.,1.));
#661=DIRECTION('ref_axis',(-1.,0.,0.));
#662=DIRECTION('center_axis',(0.,0.,1.));
#663=DIRECTION('ref_axis',(-1.,0.,0.));
#664=DIRECTION('',(0.,0.,1.));
#665=DIRECTION('center_axis',(0.,0.,1.));
#666=DIRECTION('ref_axis',(-1.,0.,0.));
#667=DIRECTION('center_axis',(0.,0.,1.));
#668=DIRECTION('ref_axis',(-1.,0.,0.));
#669=DIRECTION('',(0.,0.,1.));
#670=DIRECTION('center_axis',(1.,1.08281433951155E-16,-1.11022302462516E-16));
#671=DIRECTION('ref_axis',(1.11022302462516E-16,0.,1.));
#672=DIRECTION('center_axis',(1.,1.44374088966533E-15,0.));
#673=DIRECTION('ref_axis',(-1.4432899320127E-15,0.999687646408123,0.0249921911602033));
#674=DIRECTION('center_axis',(0.,0.,-1.));
#675=DIRECTION('ref_axis',(-1.,0.,0.));
#676=DIRECTION('',(0.,0.,-1.));
#677=DIRECTION('center_axis',(-0.707106781186544,0.,0.707106781186551));
#678=DIRECTION('ref_axis',(-0.707106781186551,0.,-0.707106781186544));
#679=DIRECTION('center_axis',(0.,-1.,0.));
#680=DIRECTION('ref_axis',(0.706911828441828,0.,-0.707301680196669));
#681=DIRECTION('',(0.,1.,0.));
#682=DIRECTION('',(0.,-1.,0.));
#683=DIRECTION('center_axis',(-0.999999848015609,0.,0.000551333618065988));
#684=DIRECTION('ref_axis',(0.000551333618065988,0.,0.999999848015609));
#685=DIRECTION('',(0.,1.,0.));
#686=DIRECTION('',(-0.000551161407082387,-0.0249921873641527,-0.999687494566106));
#687=DIRECTION('',(-0.000511869991106862,0.0249921878860894,-0.99968751544359));
#688=DIRECTION('',(0.0250001832987422,3.58782950574978E-5,-0.999687445928865));
#689=DIRECTION('center_axis',(-0.707106781186544,0.,0.707106781186551));
#690=DIRECTION('ref_axis',(0.707106781186551,0.,0.707106781186544));
#691=DIRECTION('',(-0.000551161407082387,-0.0249921873641527,-0.999687494566106));
#692=DIRECTION('center_axis',(0.,0.,1.));
#693=DIRECTION('ref_axis',(1.,0.,0.));
#694=DIRECTION('center_axis',(0.,0.,1.));
#695=DIRECTION('ref_axis',(1.,0.,0.));
#696=DIRECTION('',(0.,0.,1.));
#697=DIRECTION('',(1.,0.,0.));
#698=DIRECTION('',(0.,0.,1.));
#699=DIRECTION('',(1.,0.,0.));
#700=CARTESIAN_POINT('',(0.,0.,0.));
#701=CARTESIAN_POINT('',(0.,0.,0.));
#702=CARTESIAN_POINT('Origin',(-4.50006100837667,3.1005,28.));
#703=CARTESIAN_POINT('',(-2.50006100837667,3.1005,29.));
#704=CARTESIAN_POINT('Origin',(-4.50006100837667,3.1005,29.));
#705=CARTESIAN_POINT('',(-2.50006100837667,3.1005,54.));
#706=CARTESIAN_POINT('',(-2.50006100837667,3.1005,28.));
#707=CARTESIAN_POINT('Origin',(-4.50006100837667,3.1005,54.));
#708=CARTESIAN_POINT('Origin',(-4.50006100837667,-3.1005,28.));
#709=CARTESIAN_POINT('',(-2.50006100837667,-3.1005,29.));
#710=CARTESIAN_POINT('Origin',(-4.50006100837667,-3.1005,29.));
#711=CARTESIAN_POINT('',(-2.50006100837667,-3.1005,54.));
#712=CARTESIAN_POINT('',(-2.50006100837667,-3.1005,28.));
#713=CARTESIAN_POINT('Origin',(-4.50006100837667,-3.1005,54.));
#714=CARTESIAN_POINT('Origin',(3.74986944784325,-0.000719690676498777,54.));
#715=CARTESIAN_POINT('',(4.99986944784325,-0.00071969067649893,48.0195945786388));
#716=CARTESIAN_POINT('Origin',(3.74986944784325,-0.000719690676498777,49.2695945786388));
#717=CARTESIAN_POINT('',(4.99986944784325,-0.000719690676498624,34.9902957437026));
#718=CARTESIAN_POINT('',(4.99986944784325,-0.00071969067649893,54.));
#719=CARTESIAN_POINT('Origin',(3.74986944784325,-0.000719690676498777,33.7402957437026));
#720=CARTESIAN_POINT('Origin',(-0.990426295859329,-0.000958216316294595,
30.));
#721=CARTESIAN_POINT('',(0.00957370414067127,-7.48,30.));
#722=CARTESIAN_POINT('',(-0.990426295859327,-7.5,29.));
#723=CARTESIAN_POINT('Ctrl Pts',(0.00957370420654025,-7.48000000059234,
30.));
#724=CARTESIAN_POINT('Ctrl Pts',(0.00957372806218869,-7.48029222823736,
29.985388617231));
#725=CARTESIAN_POINT('Ctrl Pts',(0.00925346854368313,-7.48058469847371,
29.9707651132108));
#726=CARTESIAN_POINT('Ctrl Pts',(0.00861138603285461,-7.48087720357295,
29.9561398771569));
#727=CARTESIAN_POINT('Ctrl Pts',(0.00293341810205365,-7.48346384087435,
29.8268081792927));
#728=CARTESIAN_POINT('Ctrl Pts',(-0.0278051858941422,-7.48600398006336,
29.6997989866837));
#729=CARTESIAN_POINT('Ctrl Pts',(-0.0818964031581987,-7.48835676109999,
29.5821801931524));
#730=CARTESIAN_POINT('Ctrl Pts',(-0.137349047287116,-7.49076875950078,29.4616010412962));
#731=CARTESIAN_POINT('Ctrl Pts',(-0.216257609216613,-7.4929366103126,29.3532547240153));
#732=CARTESIAN_POINT('Ctrl Pts',(-0.314015416966054,-7.49473463457593,29.2634758091321));
#733=CARTESIAN_POINT('Ctrl Pts',(-0.408152917524155,-7.49646607182877,29.1770217156484));
#734=CARTESIAN_POINT('Ctrl Pts',(-0.518001451796362,-7.49782209410065,29.1094090599498));
#735=CARTESIAN_POINT('Ctrl Pts',(-0.637602771815271,-7.49872982702219,29.0643106046892));
#736=CARTESIAN_POINT('Ctrl Pts',(-0.750371891807596,-7.4995857058932,29.0217883891154));
#737=CARTESIAN_POINT('Ctrl Pts',(-0.869906401145963,-7.50002860021773,29.));
#738=CARTESIAN_POINT('Ctrl Pts',(-0.990429368970152,-7.50003722588203,29.));
#739=CARTESIAN_POINT('',(-0.990426295859329,7.5,29.));
#740=CARTESIAN_POINT('',(-0.990426295859329,-0.000958216316294595,29.));
#741=CARTESIAN_POINT('',(0.00957370414067127,7.48,30.));
#742=CARTESIAN_POINT('Ctrl Pts',(-0.990429360914831,7.50003719637324,29.));
#743=CARTESIAN_POINT('Ctrl Pts',(-0.918461536012507,7.50003204604671,29.));
#744=CARTESIAN_POINT('Ctrl Pts',(-0.84670391212816,7.49987203037183,29.0077689564645));
#745=CARTESIAN_POINT('Ctrl Pts',(-0.776404417018503,7.49955992814292,29.0231715500536));
#746=CARTESIAN_POINT('Ctrl Pts',(-0.65514975515846,7.49902160492776,29.0497384019847));
#747=CARTESIAN_POINT('Ctrl Pts',(-0.539898375918805,7.49803824282445,29.0986506865931));
#748=CARTESIAN_POINT('Ctrl Pts',(-0.436552312062248,7.4966597498233,29.1673998992558));
#749=CARTESIAN_POINT('Ctrl Pts',(-0.336505793450335,7.49532526817446,29.2339541455187));
#750=CARTESIAN_POINT('Ctrl Pts',(-0.249273074161939,7.49364255104792,29.3179967867302));
#751=CARTESIAN_POINT('Ctrl Pts',(-0.179041970290867,7.49169170072762,29.4154871241589));
#752=CARTESIAN_POINT('Ctrl Pts',(-0.101543405145393,7.48953897789822,29.5230656876419));
#753=CARTESIAN_POINT('Ctrl Pts',(-0.0462106135149837,7.48710036058382,29.6449874022539));
#754=CARTESIAN_POINT('Ctrl Pts',(-0.0162663835173336,7.48451722464019,29.7741406114812));
#755=CARTESIAN_POINT('Ctrl Pts',(0.00094394834712475,7.48303257711897,29.8483709253793));
#756=CARTESIAN_POINT('Ctrl Pts',(0.00957345256812294,7.48151697396272,29.9241513100068));
#757=CARTESIAN_POINT('Ctrl Pts',(0.00957370416396542,7.48000000018976,30.));
#758=CARTESIAN_POINT('',(0.00957370414067127,0.,30.));
#759=CARTESIAN_POINT('Origin',(-0.980535973517928,-0.000953046557090192,
53.));
#760=CARTESIAN_POINT('',(0.0190793852296868,7.01944533449508,53.0277332752461));
#761=CARTESIAN_POINT('',(-0.980535973517928,7.,54.));
#762=CARTESIAN_POINT('Ctrl Pts',(0.0190793852296874,7.01944533449508,53.0277332752461));
#763=CARTESIAN_POINT('Ctrl Pts',(0.0171414686917983,7.01804833315423,53.0975833422885));
#764=CARTESIAN_POINT('Ctrl Pts',(0.0078875041052822,7.01665922636219,53.1670386818903));
#765=CARTESIAN_POINT('Ctrl Pts',(-0.0248730355555676,7.01394868942845,53.3025655285772));
#766=CARTESIAN_POINT('Ctrl Pts',(-0.0482239975284249,7.01263434513296,53.368282743352));
#767=CARTESIAN_POINT('Ctrl Pts',(-0.132095554311253,7.00912287279389,53.5438563603056));
#768=CARTESIAN_POINT('Ctrl Pts',(-0.206669458632362,7.00708855396733,53.6455723016333));
#769=CARTESIAN_POINT('Ctrl Pts',(-0.393558882923589,7.00359840180055,53.8200799099722));
#770=CARTESIAN_POINT('Ctrl Pts',(-0.505623858781677,7.00220636203223,53.8896818983884));
#771=CARTESIAN_POINT('Ctrl Pts',(-0.740664670078184,7.00043490089615,53.9782549551926));
#772=CARTESIAN_POINT('Ctrl Pts',(-0.860136115520863,7.,54.));
#773=CARTESIAN_POINT('Ctrl Pts',(-0.980535973517928,7.,54.));
#774=CARTESIAN_POINT('',(-0.980535973517926,-7.,54.));
#775=CARTESIAN_POINT('',(-0.980535973517928,-0.000953046557090192,54.));
#776=CARTESIAN_POINT('',(0.019464026482072,-7.02,53.));
#777=CARTESIAN_POINT('Ctrl Pts',(-0.980537210031832,-7.00005483901193,54.0000000000001));
#778=CARTESIAN_POINT('Ctrl Pts',(-0.937519847218729,-7.00005032236955,54.0000000000001));
#779=CARTESIAN_POINT('Ctrl Pts',(-0.894547352805694,-7.00010157826378,53.9972242743214));
#780=CARTESIAN_POINT('Ctrl Pts',(-0.85188761470765,-7.00020829014547,53.9916901541042));
#781=CARTESIAN_POINT('Ctrl Pts',(-0.724887035370145,-7.00052597776851,53.9752147488381));
#782=CARTESIAN_POINT('Ctrl Pts',(-0.602228681965841,-7.00133131191619,53.934495782921));
#783=CARTESIAN_POINT('Ctrl Pts',(-0.490592582799194,-7.00257977074278,53.8717540786255));
#784=CARTESIAN_POINT('Ctrl Pts',(-0.386942453661337,-7.00373892015382,53.8135006480496));
#785=CARTESIAN_POINT('Ctrl Pts',(-0.29451122206284,-7.00526081675457,53.7372277877698));
#786=CARTESIAN_POINT('Ctrl Pts',(-0.217645291856775,-7.00707271446212,53.6465274190206));
#787=CARTESIAN_POINT('Ctrl Pts',(-0.132325371049467,-7.00908389117597,53.5458514985169));
#788=CARTESIAN_POINT('Ctrl Pts',(-0.0677749129377829,-7.0114147649617,53.429278674033));
#789=CARTESIAN_POINT('Ctrl Pts',(-0.0277194382063756,-7.01392918568527,
53.3035467691741));
#790=CARTESIAN_POINT('Ctrl Pts',(0.00359827400836612,-7.01589510682677,
53.2052422143289));
#791=CARTESIAN_POINT('Ctrl Pts',(0.0194634561897823,-7.01794317828031,53.1028410647784));
#792=CARTESIAN_POINT('Ctrl Pts',(0.0194640264129453,-7.01999999954538,53.));
#793=CARTESIAN_POINT('',(0.019464026482072,7.02001589155547,53.));
#794=CARTESIAN_POINT('',(0.019464026482072,0.,53.));
#795=CARTESIAN_POINT('Ctrl Pts',(0.019464026482072,7.02001589155547,53.));
#796=CARTESIAN_POINT('Ctrl Pts',(0.019464026482072,7.01983083675397,53.0092454092535));
#797=CARTESIAN_POINT('Ctrl Pts',(0.0193358099530378,7.01964064030781,53.0184907285383));
#798=CARTESIAN_POINT('Ctrl Pts',(0.019079385229683,7.01944533449508,53.0277332752463));
#799=CARTESIAN_POINT('Ctrl Pts',(0.0194640264820722,7.,54.));
#800=CARTESIAN_POINT('Ctrl Pts',(0.0161672523682719,7.16666666666666,45.6666666666667));
#801=CARTESIAN_POINT('Ctrl Pts',(0.0128704782544716,7.33333333333333,37.3333333333333));
#802=CARTESIAN_POINT('Ctrl Pts',(0.00957370414067127,7.5,29.));
#803=CARTESIAN_POINT('Ctrl Pts',(-1.40054691118856,7.,54.));
#804=CARTESIAN_POINT('Ctrl Pts',(-1.43157130214936,7.16666010174223,45.6666666666667));
#805=CARTESIAN_POINT('Ctrl Pts',(-1.46259313961209,7.33333989825777,37.3333333333333));
#806=CARTESIAN_POINT('Ctrl Pts',(-1.49361753057289,7.5,29.));
#807=CARTESIAN_POINT('Ctrl Pts',(-2.82056446639295,7.00035825777395,53.9999999999994));
#808=CARTESIAN_POINT('Ctrl Pts',(-2.87931313709905,7.16703759506284,45.6666666666661));
#809=CARTESIAN_POINT('Ctrl Pts',(-2.93808139706151,7.3335919781337,37.333333333333));
#810=CARTESIAN_POINT('Ctrl Pts',(-2.99683006776761,7.50027131542259,28.9999999999997));
#811=CARTESIAN_POINT('Ctrl Pts',(-4.32707837612013,7.00074845209614,53.9999999999993));
#812=CARTESIAN_POINT('Ctrl Pts',(-4.41524535341247,7.16740434158406,45.6666666666659));
#813=CARTESIAN_POINT('Ctrl Pts',(-4.5034346441303,7.33391595655547,37.333333333333));
#814=CARTESIAN_POINT('Ctrl Pts',(-4.59160162142264,7.50057184604339,28.9999999999996));
#815=CARTESIAN_POINT('Ctrl Pts',(-4.41354478445952,7.00061157985121,53.9999999999992));
#816=CARTESIAN_POINT('Ctrl Pts',(-4.50339367378594,7.1661308542992,45.6666666666659));
#817=CARTESIAN_POINT('Ctrl Pts',(-4.59328094282457,7.33135449078196,37.3333333333329));
#818=CARTESIAN_POINT('Ctrl Pts',(-4.68312983215099,7.49687376522996,28.9999999999996));
#819=CARTESIAN_POINT('Ctrl Pts',(-5.28556603327666,7.00247933135331,53.9999999999995));
#820=CARTESIAN_POINT('Ctrl Pts',(-5.39151349533272,7.1433844904905,45.6666666666662));
#821=CARTESIAN_POINT('Ctrl Pts',(-5.49748661716657,7.28505241835808,37.3333333333331));
#822=CARTESIAN_POINT('Ctrl Pts',(-5.60343407922263,7.42595757749528,28.9999999999998));
#823=CARTESIAN_POINT('Ctrl Pts',(-6.84904663727701,6.34891319374954,54.0000000000001));
#824=CARTESIAN_POINT('Ctrl Pts',(-6.96855000467141,6.45818931350795,45.6666666666667));
#825=CARTESIAN_POINT('Ctrl Pts',(-7.08783212962656,6.56727504147053,37.3333333333334));
#826=CARTESIAN_POINT('Ctrl Pts',(-7.20733549702096,6.67655116122894,29.));
#827=CARTESIAN_POINT('Ctrl Pts',(-7.50267425677955,4.78546096069803,54.0000000000006));
#828=CARTESIAN_POINT('Ctrl Pts',(-7.64769885294009,4.87835832985893,45.6666666666673));
#829=CARTESIAN_POINT('Ctrl Pts',(-7.7934340102542,4.97133690167102,37.3333333333337));
#830=CARTESIAN_POINT('Ctrl Pts',(-7.93845860641474,5.06423427083193,29.0000000000003));
#831=CARTESIAN_POINT('Ctrl Pts',(-7.50086457616251,3.92601674281756,54.0000000000009));
#832=CARTESIAN_POINT('Ctrl Pts',(-7.66670129245758,4.00281390169491,45.6666666666676));
#833=CARTESIAN_POINT('Ctrl Pts',(-7.83219617480342,4.07966541454691,37.3333333333338));
#834=CARTESIAN_POINT('Ctrl Pts',(-7.99803289109848,4.15646257342426,29.0000000000005));
#835=CARTESIAN_POINT('Ctrl Pts',(-7.50097903060411,3.85211072404108,54.0000000000009));
#836=CARTESIAN_POINT('Ctrl Pts',(-7.66763679492732,3.92746906051004,45.6666666666675));
#837=CARTESIAN_POINT('Ctrl Pts',(-7.83408759743259,4.00287101133811,37.3333333333338));
#838=CARTESIAN_POINT('Ctrl Pts',(-8.00074536175581,4.07822934780708,29.0000000000005));
#839=CARTESIAN_POINT('Ctrl Pts',(-7.50043043493018,1.25907799568135,54.000000000001));
#840=CARTESIAN_POINT('Ctrl Pts',(-7.66710229136034,1.28380323319124,45.6666666666677));
#841=CARTESIAN_POINT('Ctrl Pts',(-7.83365187376683,1.30855560071242,37.3333333333339));
#842=CARTESIAN_POINT('Ctrl Pts',(-8.000323730197,1.33328083822232,29.0000000000006));
#843=CARTESIAN_POINT('Ctrl Pts',(-7.50043052376608,-1.25987658318615,54.0000000000013));
#844=CARTESIAN_POINT('Ctrl Pts',(-7.66710234084526,-1.28433565617289,45.6666666666679));
#845=CARTESIAN_POINT('Ctrl Pts',(-7.83365199199683,-1.30882175530408,37.333333333334));
#846=CARTESIAN_POINT('Ctrl Pts',(-8.00032380907601,-1.33328082829082,29.0000000000006));
#847=CARTESIAN_POINT('Ctrl Pts',(-7.500979098117,-3.85264316265979,54.0000000000015));
#848=CARTESIAN_POINT('Ctrl Pts',(-7.66763688321951,-3.92773012688005,45.6666666666681));
#849=CARTESIAN_POINT('Ctrl Pts',(-7.83408762359476,-4.0028605238766,37.3333333333341));
#850=CARTESIAN_POINT('Ctrl Pts',(-8.00074540869726,-4.07794748809685,29.0000000000008));
#851=CARTESIAN_POINT('Ctrl Pts',(-7.50086505040594,-3.92628304217713,54.0000000000015));
#852=CARTESIAN_POINT('Ctrl Pts',(-7.6667079487024,-4.00280367173311,45.6666666666681));
#853=CARTESIAN_POINT('Ctrl Pts',(-7.83220922559927,-4.07937838371075,37.3333333333341));
#854=CARTESIAN_POINT('Ctrl Pts',(-7.99805212389573,-4.15589901326673,29.0000000000008));
#855=CARTESIAN_POINT('Ctrl Pts',(-7.50267417077684,-4.78546106161003,54.0000000000013));
#856=CARTESIAN_POINT('Ctrl Pts',(-7.64778443175228,-4.87808143586509,45.666666666668));
#857=CARTESIAN_POINT('Ctrl Pts',(-7.79360520805547,-4.97078352246744,37.333333333334));
#858=CARTESIAN_POINT('Ctrl Pts',(-7.9387154690309,-5.0634038967225,29.0000000000007));
#859=CARTESIAN_POINT('Ctrl Pts',(-6.84904659093482,-6.34891330655182,54.0000000000008));
#860=CARTESIAN_POINT('Ctrl Pts',(-6.96876538131078,-6.45797148285855,45.6666666666675));
#861=CARTESIAN_POINT('Ctrl Pts',(-7.08826300421451,-6.56683915024951,37.3333333333338));
#862=CARTESIAN_POINT('Ctrl Pts',(-7.20798179459047,-6.67589732655624,29.0000000000004));
#863=CARTESIAN_POINT('Ctrl Pts',(-5.28556599937149,-7.00247951030938,54.0000000000007));
#864=CARTESIAN_POINT('Ctrl Pts',(-5.39178943800127,-7.14329578577357,45.6666666666673));
#865=CARTESIAN_POINT('Ctrl Pts',(-5.4980379880669,-7.28487484402983,37.3333333333337));
#866=CARTESIAN_POINT('Ctrl Pts',(-5.60426142669667,-7.42569111949402,29.0000000000003));
#867=CARTESIAN_POINT('Ctrl Pts',(-4.41327854489867,-7.00061119300626,54.0000000000006));
#868=CARTESIAN_POINT('Ctrl Pts',(-4.50340395548763,-7.16612319024085,45.6666666666672));
#869=CARTESIAN_POINT('Ctrl Pts',(-4.59356798085063,-7.33133930097034,37.3333333333336));
#870=CARTESIAN_POINT('Ctrl Pts',(-4.68369339143959,-7.49685129820493,29.0000000000003));
#871=CARTESIAN_POINT('Ctrl Pts',(-4.32654599998216,-7.00074847591501,54.0000000000006));
#872=CARTESIAN_POINT('Ctrl Pts',(-4.41498435199981,-7.16740434148,45.6666666666672));
#873=CARTESIAN_POINT('Ctrl Pts',(-4.50344513821225,-7.33391598951902,37.3333333333336));
#874=CARTESIAN_POINT('Ctrl Pts',(-4.5918834902299,-7.50057185508401,29.0000000000003));
#875=CARTESIAN_POINT('Ctrl Pts',(-2.81953521536605,-7.0003581611124,54.0000000000005));
#876=CARTESIAN_POINT('Ctrl Pts',(-2.87854553849091,-7.1670375297313,45.6666666666671));
#877=CARTESIAN_POINT('Ctrl Pts',(-2.93757555431168,-7.33359185267789,37.3333333333336));
#878=CARTESIAN_POINT('Ctrl Pts',(-2.99658587743654,-7.50027122129678,29.0000000000002));
#879=CARTESIAN_POINT('Ctrl Pts',(-1.3992869922728,-7.,54.));
#880=CARTESIAN_POINT('Ctrl Pts',(-1.43056854830391,-7.16666008341775,45.6666666666667));
#881=CARTESIAN_POINT('Ctrl Pts',(-1.46184753249303,-7.33333991658225,37.3333333333333));
#882=CARTESIAN_POINT('Ctrl Pts',(-1.49312908852414,-7.5,29.));
#883=CARTESIAN_POINT('Ctrl Pts',(0.0209546522552351,-7.,54.));
#884=CARTESIAN_POINT('Ctrl Pts',(0.0174052239080873,-7.16666666666667,45.6666666666667));
#885=CARTESIAN_POINT('Ctrl Pts',(0.0138557955609396,-7.33333333333333,37.3333333333333));
#886=CARTESIAN_POINT('Ctrl Pts',(0.0103063672137918,-7.5,29.));
#887=CARTESIAN_POINT('',(0.0107327923074971,-7.47997681823666,30.0011590881668));
#888=CARTESIAN_POINT('Ctrl Pts',(0.00957370414067127,-7.48,30.));
#889=CARTESIAN_POINT('Ctrl Pts',(0.00996006686294507,-7.47999227274556,
30.0003863627223));
#890=CARTESIAN_POINT('Ctrl Pts',(0.0103464295852228,-7.47998454549111,30.0007727254446));
#891=CARTESIAN_POINT('Ctrl Pts',(0.0107327923074971,-7.47997681823666,30.0011590881668));
#892=CARTESIAN_POINT('',(0.0205282675598834,-7.02002128482156,52.9989357589222));
#893=CARTESIAN_POINT('',(0.0209546522552351,-7.,54.));
#894=CARTESIAN_POINT('Ctrl Pts',(0.0205282675598834,-7.02002128482156,52.9989357589222));
#895=CARTESIAN_POINT('Ctrl Pts',(0.0201735205339471,-7.02001418988104,52.9992905059481));
#896=CARTESIAN_POINT('Ctrl Pts',(0.0198187735080063,-7.02000709494052,52.9996452529741));
#897=CARTESIAN_POINT('Ctrl Pts',(0.019464026482072,-7.02,53.));
#898=CARTESIAN_POINT('Ctrl Pts',(-0.980537212052098,7.00005471244675,53.9999999999999));
#899=CARTESIAN_POINT('Ctrl Pts',(-2.06721766529673,7.00016872042383,53.9999999999998));
#900=CARTESIAN_POINT('Ctrl Pts',(-3.15390353069342,7.00044459418904,53.9999999999994));
#901=CARTESIAN_POINT('Ctrl Pts',(-4.32707837612013,7.00074845209614,53.9999999999993));
#902=CARTESIAN_POINT('Ctrl Pts',(-4.41354478445952,7.00061157985121,53.9999999999992));
#903=CARTESIAN_POINT('Ctrl Pts',(-5.28556603327666,7.00247933135331,53.9999999999995));
#904=CARTESIAN_POINT('Ctrl Pts',(-6.84904663727701,6.34891319374954,54.0000000000001));
#905=CARTESIAN_POINT('Ctrl Pts',(-7.50267425677955,4.78546096069803,54.0000000000006));
#906=CARTESIAN_POINT('Ctrl Pts',(-7.50086457616251,3.92601674281756,54.0000000000009));
#907=CARTESIAN_POINT('Ctrl Pts',(-7.50097903060411,3.85211072404108,54.0000000000009));
#908=CARTESIAN_POINT('Ctrl Pts',(-7.50043043493018,1.25907799568135,54.000000000001));
#909=CARTESIAN_POINT('Ctrl Pts',(-7.50043052376608,-1.25987658318615,54.0000000000013));
#910=CARTESIAN_POINT('Ctrl Pts',(-7.500979098117,-3.85264316265979,54.0000000000015));
#911=CARTESIAN_POINT('Ctrl Pts',(-7.50086505040594,-3.92628304217713,54.0000000000015));
#912=CARTESIAN_POINT('Ctrl Pts',(-7.50267417077684,-4.78546106161003,54.0000000000013));
#913=CARTESIAN_POINT('Ctrl Pts',(-6.84904659093482,-6.34891330655182,54.0000000000008));
#914=CARTESIAN_POINT('Ctrl Pts',(-5.28556599937149,-7.00247951030938,54.0000000000007));
#915=CARTESIAN_POINT('Ctrl Pts',(-4.41327854489867,-7.00061119300626,54.0000000000006));
#916=CARTESIAN_POINT('Ctrl Pts',(-4.32654599998216,-7.00074847591501,54.0000000000006));
#917=CARTESIAN_POINT('Ctrl Pts',(-3.15337116149287,-7.00044462440301,54.0000000000005));
#918=CARTESIAN_POINT('Ctrl Pts',(-2.06695148721714,-7.00016890794683,54.0000000000002));
#919=CARTESIAN_POINT('Ctrl Pts',(-0.980537210031829,-7.00005483901193,54.0000000000001));
#920=CARTESIAN_POINT('',(0.00996947360583064,7.47999208461069,30.0003957694652));
#921=CARTESIAN_POINT('',(0.0194640264820722,7.,54.));
#922=CARTESIAN_POINT('Ctrl Pts',(0.00996947360583064,7.47999208461069,30.0003957694652));
#923=CARTESIAN_POINT('Ctrl Pts',(0.00983755045077739,7.47999472307379,30.0002638463101));
#924=CARTESIAN_POINT('Ctrl Pts',(0.00970562729572681,7.47999736153689,30.0001319231551));
#925=CARTESIAN_POINT('Ctrl Pts',(0.00957370414067127,7.48,30.));
#926=CARTESIAN_POINT('Ctrl Pts',(-0.990429360914831,7.50003719637324,29.));
#927=CARTESIAN_POINT('Ctrl Pts',(-2.16029434301095,7.50012091693394,28.9999999999999));
#928=CARTESIAN_POINT('Ctrl Pts',(-3.33017127307729,7.50033413272024,28.9999999999997));
#929=CARTESIAN_POINT('Ctrl Pts',(-4.59160162142264,7.50057184604339,28.9999999999996));
#930=CARTESIAN_POINT('Ctrl Pts',(-4.68312983215099,7.49687376522996,28.9999999999996));
#931=CARTESIAN_POINT('Ctrl Pts',(-5.60343407922263,7.42595757749528,28.9999999999998));
#932=CARTESIAN_POINT('Ctrl Pts',(-7.20733549702096,6.67655116122894,29.));
#933=CARTESIAN_POINT('Ctrl Pts',(-7.93845860641474,5.06423427083193,29.0000000000003));
#934=CARTESIAN_POINT('Ctrl Pts',(-7.99803289109848,4.15646257342426,29.0000000000005));
#935=CARTESIAN_POINT('Ctrl Pts',(-8.00074536175581,4.07822934780708,29.0000000000005));
#936=CARTESIAN_POINT('Ctrl Pts',(-8.000323730197,1.33328083822232,29.0000000000006));
#937=CARTESIAN_POINT('Ctrl Pts',(-8.00032380907601,-1.33328082829082,29.0000000000006));
#938=CARTESIAN_POINT('Ctrl Pts',(-8.00074540869726,-4.07794748809685,29.0000000000008));
#939=CARTESIAN_POINT('Ctrl Pts',(-7.99805212389573,-4.15589901326673,29.0000000000008));
#940=CARTESIAN_POINT('Ctrl Pts',(-7.9387154690309,-5.0634038967225,29.0000000000007));
#941=CARTESIAN_POINT('Ctrl Pts',(-7.20798179459047,-6.67589732655624,29.0000000000004));
#942=CARTESIAN_POINT('Ctrl Pts',(-5.60426142669667,-7.42569111949402,29.0000000000003));
#943=CARTESIAN_POINT('Ctrl Pts',(-4.68369339143959,-7.49685129820493,29.0000000000003));
#944=CARTESIAN_POINT('Ctrl Pts',(-4.5918834902299,-7.50057185508401,29.0000000000003));
#945=CARTESIAN_POINT('Ctrl Pts',(-3.33017132331531,-7.50033408546404,29.0000000000003));
#946=CARTESIAN_POINT('Ctrl Pts',(-2.16029436464332,-7.50012095152296,29.0000000000001));
#947=CARTESIAN_POINT('Ctrl Pts',(-0.990429368970148,-7.50003722588203,29.));
#948=CARTESIAN_POINT('Origin',(-0.428281442187618,-0.00190609311418038,
54.));
#949=CARTESIAN_POINT('Origin',(8.4387623909506,0.,44.5807016355315));
#950=CARTESIAN_POINT('',(7.67285485542608,-0.00119046147396794,45.346609171056));
#951=CARTESIAN_POINT('Ctrl Pts',(7.67285485542608,-0.0011904614739669,45.346609171056));
#952=CARTESIAN_POINT('Ctrl Pts',(7.6638133616542,-0.396259945131844,45.3556506648279));
#953=CARTESIAN_POINT('Ctrl Pts',(7.62232570698468,-0.786657796643224,45.3971383194974));
#954=CARTESIAN_POINT('Ctrl Pts',(7.47705644305954,-1.5578774004323,45.5424075834225));
#955=CARTESIAN_POINT('Ctrl Pts',(7.37311424308217,-1.9331285734362,45.6463497834137));
#956=CARTESIAN_POINT('Ctrl Pts',(6.97045532283496,-3.0426611520799,46.0490087036609));
#957=CARTESIAN_POINT('Ctrl Pts',(6.5887473887325,-3.70575010932836,46.4307166384672));
#958=CARTESIAN_POINT('Ctrl Pts',(5.50675455449393,-5.08776481040209,47.5127094727058));
#959=CARTESIAN_POINT('Ctrl Pts',(4.70221701456925,-5.75498443836631,48.3172470119177));
#960=CARTESIAN_POINT('Ctrl Pts',(2.62104719416913,-6.82997489695434,50.3984168323178));
#961=CARTESIAN_POINT('Ctrl Pts',(1.32183457513894,-7.10239504462944,51.6976294513431));
#962=CARTESIAN_POINT('Ctrl Pts',(0.0205282675598834,-7.02002128482156,52.9989357589222));
#963=CARTESIAN_POINT('Ctrl Pts',(0.0194640264820704,7.02001589155547,53.));
#964=CARTESIAN_POINT('Ctrl Pts',(0.821209844247659,7.06824717819816,52.1982541822344));
#965=CARTESIAN_POINT('Ctrl Pts',(1.63253036014411,6.982848289756,51.386933666338));
#966=CARTESIAN_POINT('Ctrl Pts',(3.18714659066658,6.54318449870803,49.8323174358155));
#967=CARTESIAN_POINT('Ctrl Pts',(3.9430890222677,6.19186475641075,49.0763750050383));
#968=CARTESIAN_POINT('Ctrl Pts',(5.30079793020515,5.22563863010618,47.7186660971008));
#969=CARTESIAN_POINT('Ctrl Pts',(5.91829540263739,4.61914309254598,47.1011686238485));
#970=CARTESIAN_POINT('Ctrl Pts',(6.81027480941916,3.3059192989975,46.2091892170667));
#971=CARTESIAN_POINT('Ctrl Pts',(7.13053893122746,2.6631190067856,45.8889250952546));
#972=CARTESIAN_POINT('Ctrl Pts',(7.54369605107997,1.33002436372079,45.4757679754021));
#973=CARTESIAN_POINT('Ctrl Pts',(7.6554139766307,0.674255753669209,45.3640500498514));
#974=CARTESIAN_POINT('Ctrl Pts',(7.67285485542608,-0.00119046147396593,
45.346609171056));
#975=CARTESIAN_POINT('Origin',(0.00957370414067127,0.,30.));
#976=CARTESIAN_POINT('',(7.82354943211206,-0.0009737808406192,37.8139757279714));
#977=CARTESIAN_POINT('Ctrl Pts',(7.82354943211206,-0.000973780840619193,
37.8139757279714));
#978=CARTESIAN_POINT('Ctrl Pts',(7.81309073080982,0.428733279937623,37.8035170266692));
#979=CARTESIAN_POINT('Ctrl Pts',(7.76661316485058,0.853085374168037,37.75703946071));
#980=CARTESIAN_POINT('Ctrl Pts',(7.60458715268821,1.69115270043685,37.5950134485476));
#981=CARTESIAN_POINT('Ctrl Pts',(7.48879932052079,2.09858296927308,37.4792256164296));
#982=CARTESIAN_POINT('Ctrl Pts',(7.04018829975601,3.30391700611924,37.0306145956648));
#983=CARTESIAN_POINT('Ctrl Pts',(6.61518400961863,4.0212858749982,36.605610305478));
#984=CARTESIAN_POINT('Ctrl Pts',(5.41575745788219,5.50600898411241,35.4061837537415));
#985=CARTESIAN_POINT('Ctrl Pts',(4.52673048819814,6.21429653051402,34.5171567840575));
#986=CARTESIAN_POINT('Ctrl Pts',(2.39615271037068,7.25109950336906,32.38657900623));
#987=CARTESIAN_POINT('Ctrl Pts',(1.19373753752546,7.50243243225751,31.1841638333848));
#988=CARTESIAN_POINT('Ctrl Pts',(0.00996947360583256,7.47999208461069,30.0003957694652));
#989=CARTESIAN_POINT('Ctrl Pts',(0.0107327923075,-7.47997681823666,30.0011590881668));
#990=CARTESIAN_POINT('Ctrl Pts',(0.820473475028886,-7.497743732164,30.8108997708882));
#991=CARTESIAN_POINT('Ctrl Pts',(1.63676626098072,-7.38696889888541,31.6271925568401));
#992=CARTESIAN_POINT('Ctrl Pts',(3.1921764496072,-6.90841245596142,33.1826027454665));
#993=CARTESIAN_POINT('Ctrl Pts',(3.9433174753051,-6.54599525666303,33.9337437711644));
#994=CARTESIAN_POINT('Ctrl Pts',(5.33578274773988,-5.54599631964743,35.3262090435992));
#995=CARTESIAN_POINT('Ctrl Pts',(5.9869698615798,-4.90092569159547,35.977396157412));
#996=CARTESIAN_POINT('Ctrl Pts',(6.92541503460411,-3.50625561309138,36.9158413304364));
#997=CARTESIAN_POINT('Ctrl Pts',(7.26138278071732,-2.82450986515091,37.2518090765767));
#998=CARTESIAN_POINT('Ctrl Pts',(7.6928870743382,-1.41116307794913,37.6833133701975));
#999=CARTESIAN_POINT('Ctrl Pts',(7.80816169248717,-0.716100076909179,37.7985879883465));
#1000=CARTESIAN_POINT('Ctrl Pts',(7.82354943211206,-0.000973780840619887,
37.8139757279714));
#1001=CARTESIAN_POINT('Origin',(-0.421077283028402,-0.00191643263258919,
29.));
#1002=CARTESIAN_POINT('Ctrl Pts',(7.51918963938984,-0.00141141352855839,
53.0277332752463));
#1003=CARTESIAN_POINT('Ctrl Pts',(7.67274792697759,-0.00119061522418545,
45.3519541066526));
#1004=CARTESIAN_POINT('Ctrl Pts',(7.82630621456534,-0.000969816919812511,
37.6761749380589));
#1005=CARTESIAN_POINT('Ctrl Pts',(7.97986450215309,-0.000749018615439573,
30.0003957694652));
#1006=CARTESIAN_POINT('Ctrl Pts',(7.49109073080927,1.08712936440527,53.0277332752463));
#1007=CARTESIAN_POINT('Ctrl Pts',(7.64464088143034,1.11061014142719,45.3519541066526));
#1008=CARTESIAN_POINT('Ctrl Pts',(7.79811120034217,1.13403241395693,37.6761749380589));
#1009=CARTESIAN_POINT('Ctrl Pts',(7.95166135096323,1.15751319097885,30.0003957694652));
#1010=CARTESIAN_POINT('Ctrl Pts',(6.93205121363842,3.24566988148036,53.0277332752463));
#1011=CARTESIAN_POINT('Ctrl Pts',(7.07476590733291,3.31554602947812,45.3519541066526));
#1012=CARTESIAN_POINT('Ctrl Pts',(7.21740016115693,3.38521122545381,37.6761749380589));
#1013=CARTESIAN_POINT('Ctrl Pts',(7.36011485485143,3.45508737345157,30.0003957694652));
#1014=CARTESIAN_POINT('Ctrl Pts',(4.39990476285799,6.23193771298912,53.0277332752463));
#1015=CARTESIAN_POINT('Ctrl Pts',(4.48999915362536,6.36667577527902,45.3519541066526));
#1016=CARTESIAN_POINT('Ctrl Pts',(4.58009352469041,6.50146408614666,37.6761749380589));
#1017=CARTESIAN_POINT('Ctrl Pts',(4.67018791545778,6.63620214843655,30.0003957694652));
#1018=CARTESIAN_POINT('Ctrl Pts',(1.65111639271852,7.08505080362153,53.0277332752463));
#1019=CARTESIAN_POINT('Ctrl Pts',(1.68297295164806,7.23942337580269,45.3519541066526));
#1020=CARTESIAN_POINT('Ctrl Pts',(1.71470293744388,7.39329812050129,37.6761749380589));
#1021=CARTESIAN_POINT('Ctrl Pts',(1.74655949637343,7.54767069268246,30.0003957694652));
#1022=CARTESIAN_POINT('Ctrl Pts',(0.019079385229683,7.01944533449508,53.0277332752463));
#1023=CARTESIAN_POINT('Ctrl Pts',(0.016042748021732,7.17296091786695,45.3519541066526));
#1024=CARTESIAN_POINT('Ctrl Pts',(0.013006110813781,7.32647650123882,37.6761749380589));
#1025=CARTESIAN_POINT('Ctrl Pts',(0.00996947360583001,7.47999208461069,
30.0003957694652));
#1026=CARTESIAN_POINT('',(7.4997388956865,-0.00143938135299792,54.));
#1027=CARTESIAN_POINT('Ctrl Pts',(0.0205282675598834,-7.02002128482156,
52.9989357589222));
#1028=CARTESIAN_POINT('Ctrl Pts',(0.0172631091424217,-7.17333979595993,
45.3330102020037));
#1029=CARTESIAN_POINT('Ctrl Pts',(0.0139979507249599,-7.3266583070983,37.6670846450853));
#1030=CARTESIAN_POINT('Ctrl Pts',(0.0107327923074981,-7.47997681823666,
30.0011590881668));
#1031=CARTESIAN_POINT('Ctrl Pts',(1.10907887080658,-7.06713635366645,52.9989357589222));
#1032=CARTESIAN_POINT('Ctrl Pts',(1.12910108643891,-7.2209783598785,45.3330102020037));
#1033=CARTESIAN_POINT('Ctrl Pts',(1.14906607378741,-7.37473866490249,37.6670846450853));
#1034=CARTESIAN_POINT('Ctrl Pts',(1.16908828941973,-7.52858067111454,30.0011590881668));
#1035=CARTESIAN_POINT('Ctrl Pts',(3.3024055001967,-6.65619208011787,52.9989357589222));
#1036=CARTESIAN_POINT('Ctrl Pts',(3.36912562752031,-6.80021535367824,45.3330102020037));
#1037=CARTESIAN_POINT('Ctrl Pts',(3.43563441146854,-6.94415322852443,37.6670846450853));
#1038=CARTESIAN_POINT('Ctrl Pts',(3.50235453879215,-7.0881765020848,30.0011590881668));
#1039=CARTESIAN_POINT('Ctrl Pts',(6.45299838312354,-4.3262560607199,52.9989357589222));
#1040=CARTESIAN_POINT('Ctrl Pts',(6.58577604092746,-4.41894537310483,45.3330102020037));
#1041=CARTESIAN_POINT('Ctrl Pts',(6.71860456245578,-4.51163569591794,37.6670846450853));
#1042=CARTESIAN_POINT('Ctrl Pts',(6.8513822202597,-4.60432500830287,30.0011590881668));
#1043=CARTESIAN_POINT('Ctrl Pts',(7.48228955309497,-1.63533547174281,52.9989357589222));
#1044=CARTESIAN_POINT('Ctrl Pts',(7.63586643851395,-1.6700729929218,45.3330102020038));
#1045=CARTESIAN_POINT('Ctrl Pts',(7.78894312140813,-1.70467293247127,37.6670846450853));
#1046=CARTESIAN_POINT('Ctrl Pts',(7.94252000682711,-1.73941045365027,30.0011590881668));
#1047=CARTESIAN_POINT('Ctrl Pts',(7.51976574993137,-0.00141058515105338,
52.9989357589222));
#1048=CARTESIAN_POINT('Ctrl Pts',(7.67312691046502,-0.00119007029161987,
45.3330102020037));
#1049=CARTESIAN_POINT('Ctrl Pts',(7.82648807099867,-0.000969555432186361,
37.6670846450853));
#1050=CARTESIAN_POINT('Ctrl Pts',(7.97984923153233,-0.000749040572752854,
30.0011590881668));
#1051=CARTESIAN_POINT('',(0.,0.,0.));
#1052=CARTESIAN_POINT('Origin',(-4.50006100837667,-3.1005,28.));
#1053=CARTESIAN_POINT('',(-2.50006100837667,-3.1005,55.));
#1054=CARTESIAN_POINT('Origin',(-4.50006100837667,-3.1005,55.));
#1055=CARTESIAN_POINT('',(-2.50006100837667,-3.10049999978745,74.7845249746385));
#1056=CARTESIAN_POINT('',(-2.50006100837667,-3.1005,28.));
#1057=CARTESIAN_POINT('',(-3.15162224678498,-1.62343774426419,74.8931417952825));
#1058=CARTESIAN_POINT('Ctrl Pts',(-3.15162224740519,-1.62343774406436,74.8931417951138));
#1059=CARTESIAN_POINT('Ctrl Pts',(-3.05651679513324,-1.71026135471981,74.9131260825724));
#1060=CARTESIAN_POINT('Ctrl Pts',(-2.95280988652582,-1.82239200964072,74.9366980826958));
#1061=CARTESIAN_POINT('Ctrl Pts',(-2.76467574520473,-2.09293430620377,74.9613832930337));
#1062=CARTESIAN_POINT('Ctrl Pts',(-2.70550272890371,-2.21221261505918,74.9574378441069));
#1063=CARTESIAN_POINT('Ctrl Pts',(-2.60299798224425,-2.44744328432242,74.9380745375306));
#1064=CARTESIAN_POINT('Ctrl Pts',(-2.55744554477138,-2.59989391760681,74.9119109400607));
#1065=CARTESIAN_POINT('Ctrl Pts',(-2.51154519361794,-2.86052162227732,74.8529671005885));
#1066=CARTESIAN_POINT('Ctrl Pts',(-2.50162342489888,-2.96784136896629,74.8245435758294));
#1067=CARTESIAN_POINT('Ctrl Pts',(-2.50011778570424,-3.08309031030273,74.7898448393684));
#1068=CARTESIAN_POINT('Ctrl Pts',(-2.50006100837852,-3.09179922926762,74.7871966717678));
#1069=CARTESIAN_POINT('Ctrl Pts',(-2.50006100837667,-3.1004999995749,74.7845249746385));
#1070=CARTESIAN_POINT('',(-5.84849976950008,-1.62343774411331,73.3352530498185));
#1071=CARTESIAN_POINT('Ctrl Pts',(-5.84761361647423,-1.62343774406436,73.3348079883267));
#1072=CARTESIAN_POINT('Ctrl Pts',(-5.79954936117991,-1.579541180284,73.3884835172281));
#1073=CARTESIAN_POINT('Ctrl Pts',(-5.74919061843351,-1.53785491865183,73.4423404260258));
#1074=CARTESIAN_POINT('Ctrl Pts',(-5.69665249694105,-1.49858969955548,73.4959805061242));
#1075=CARTESIAN_POINT('Ctrl Pts',(-5.64472770639072,-1.45978286330832,73.5489943909965));
#1076=CARTESIAN_POINT('Ctrl Pts',(-5.59067423178565,-1.42334087295798,73.6017961294464));
#1077=CARTESIAN_POINT('Ctrl Pts',(-5.53464901859894,-1.38946717415677,73.654023243192));
#1078=CARTESIAN_POINT('Ctrl Pts',(-5.49527323102317,-1.3656599721394,73.6907296405365));
#1079=CARTESIAN_POINT('Ctrl Pts',(-5.45492444931877,-1.34312140250818,73.7271526441472));
#1080=CARTESIAN_POINT('Ctrl Pts',(-5.41367036225244,-1.32192209467992,73.7631744281969));
#1081=CARTESIAN_POINT('Ctrl Pts',(-5.34733366428119,-1.28783354296037,73.8210975669407));
#1082=CARTESIAN_POINT('Ctrl Pts',(-5.27842833121228,-1.25709624226232,73.8781798921292));
#1083=CARTESIAN_POINT('Ctrl Pts',(-5.20714152532955,-1.23011753611465,73.9340207639112));
#1084=CARTESIAN_POINT('Ctrl Pts',(-5.13585471944681,-1.20313882996699,73.9898616356932));
#1085=CARTESIAN_POINT('Ctrl Pts',(-5.06218666921641,-1.17991871836971,74.044460598346));
#1086=CARTESIAN_POINT('Ctrl Pts',(-4.98637379083554,-1.16086454485171,74.0974471760921));
#1087=CARTESIAN_POINT('Ctrl Pts',(-4.91363844341826,-1.14258385217549,74.1482828285977));
#1088=CARTESIAN_POINT('Ctrl Pts',(-4.8389792351621,-1.12815286149219,74.1975991126966));
#1089=CARTESIAN_POINT('Ctrl Pts',(-4.7626580934455,-1.11799061454743,74.2451042177227));
#1090=CARTESIAN_POINT('Ctrl Pts',(-4.69392579793606,-1.10883883111839,74.2878857438297));
#1091=CARTESIAN_POINT('Ctrl Pts',(-4.62384631305825,-1.10314908755298,74.3291986183614));
#1092=CARTESIAN_POINT('Ctrl Pts',(-4.55263472538374,-1.10122744292567,74.3688570110094));
#1093=CARTESIAN_POINT('Ctrl Pts',(-4.47793398518948,-1.09921164352085,74.4104585450077));
#1094=CARTESIAN_POINT('Ctrl Pts',(-4.40224336754011,-1.101353854591,74.4500956604817));
#1095=CARTESIAN_POINT('Ctrl Pts',(-4.3258930606543,-1.10798193229528,74.4876121954616));
#1096=CARTESIAN_POINT('Ctrl Pts',(-4.30377012424965,-1.10990245557172,74.498482825212));
#1097=CARTESIAN_POINT('Ctrl Pts',(-4.28159193350099,-1.11219960487219,74.50917572103));
#1098=CARTESIAN_POINT('Ctrl Pts',(-4.25936682307254,-1.11488135608933,74.5196878460145));
#1099=CARTESIAN_POINT('Ctrl Pts',(-4.23073739331038,-1.11833587247331,74.5332291125411));
#1100=CARTESIAN_POINT('Ctrl Pts',(-4.2020301003236,-1.12242857737335,74.546470388513));
#1101=CARTESIAN_POINT('Ctrl Pts',(-4.17326366374752,-1.12717651926729,74.5594081635255));
#1102=CARTESIAN_POINT('Ctrl Pts',(-4.0965338457293,-1.13984088652458,74.5939175863261));
#1103=CARTESIAN_POINT('Ctrl Pts',(-4.01984999396579,-1.1570901852516,74.6260537390611));
#1104=CARTESIAN_POINT('Ctrl Pts',(-3.9436442564834,-1.17912503338155,74.6558393123724));
#1105=CARTESIAN_POINT('Ctrl Pts',(-3.87610205373016,-1.19865482509014,74.6822386793778));
#1106=CARTESIAN_POINT('Ctrl Pts',(-3.80893575262155,-1.22194391609709,74.7067924012704));
#1107=CARTESIAN_POINT('Ctrl Pts',(-3.7424469162895,-1.24913198581549,74.7295504792878));
#1108=CARTESIAN_POINT('Ctrl Pts',(-3.66426991442979,-1.28109948433393,74.7563092316686));
#1109=CARTESIAN_POINT('Ctrl Pts',(-3.58785443811895,-1.3181169688632,74.7803032238178));
#1110=CARTESIAN_POINT('Ctrl Pts',(-3.51374545176439,-1.36009769112924,74.8017771871083));
#1111=CARTESIAN_POINT('Ctrl Pts',(-3.43561156152102,-1.40435841182214,74.8244174143381));
#1112=CARTESIAN_POINT('Ctrl Pts',(-3.36004207981922,-1.45413612291442,74.8442569622144));
#1113=CARTESIAN_POINT('Ctrl Pts',(-3.28764482023153,-1.50932916055249,74.8616335556965));
#1114=CARTESIAN_POINT('Ctrl Pts',(-3.24072393182331,-1.54509993937306,74.8728953798088));
#1115=CARTESIAN_POINT('Ctrl Pts',(-3.19513482239065,-1.58314535911567,74.8831237157849));
#1116=CARTESIAN_POINT('Ctrl Pts',(-3.1510351046833,-1.62343774406436,74.8924189495372));
#1117=CARTESIAN_POINT('Ctrl Pts',(-2.50006100837667,-3.1004999995749,74.7845249746385));
#1118=CARTESIAN_POINT('Ctrl Pts',(-2.50006100835921,-3.18265398893404,74.75929840621));
#1119=CARTESIAN_POINT('Ctrl Pts',(-2.50512225290538,-3.26408143014706,74.7319738825555));
#1120=CARTESIAN_POINT('Ctrl Pts',(-2.52913312917238,-3.45954742178752,74.6609094071262));
#1121=CARTESIAN_POINT('Ctrl Pts',(-2.55311590769609,-3.57197216158295,74.6153296751305));
#1122=CARTESIAN_POINT('Ctrl Pts',(-2.64817268162594,-3.88561579964773,74.4753653236542));
#1123=CARTESIAN_POINT('Ctrl Pts',(-2.74184136611877,-4.07620200674138,74.3737743561093));
#1124=CARTESIAN_POINT('Ctrl Pts',(-3.01359105959999,-4.46474088457745,74.1358719876727));
#1125=CARTESIAN_POINT('Ctrl Pts',(-3.20915437383794,-4.65187546899408,73.9963890948466));
#1126=CARTESIAN_POINT('Ctrl Pts',(-3.69998960187906,-4.9592941683785,73.7328649058447));
#1127=CARTESIAN_POINT('Ctrl Pts',(-3.96804396571971,-5.04308281352544,73.6341426437123));
#1128=CARTESIAN_POINT('Ctrl Pts',(-4.47664229521765,-5.11934981380527,73.4525239586027));
#1129=CARTESIAN_POINT('Ctrl Pts',(-4.75651875903783,-5.10344575838554,73.3635441657041));
#1130=CARTESIAN_POINT('Ctrl Pts',(-5.29447125717412,-4.9570460106675,73.182260519335));
#1131=CARTESIAN_POINT('Ctrl Pts',(-5.54454244985143,-4.82852647006348,73.0922890188642));
#1132=CARTESIAN_POINT('Ctrl Pts',(-5.98042055573727,-4.47492688066003,72.898635682079));
#1133=CARTESIAN_POINT('Ctrl Pts',(-6.15876533602029,-4.25248678771825,72.7978160528126));
#1134=CARTESIAN_POINT('Ctrl Pts',(-6.37256779064704,-3.82945152048276,72.6143540314776));
#1135=CARTESIAN_POINT('Ctrl Pts',(-6.42344878462761,-3.66813827928775,72.538236380963));
#1136=CARTESIAN_POINT('Ctrl Pts',(-6.47486330954123,-3.43106847519098,72.4583577835845));
#1137=CARTESIAN_POINT('Ctrl Pts',(-6.4948577978408,-3.30692160804526,72.4255166494939));
#1138=CARTESIAN_POINT('Ctrl Pts',(-6.5032496167771,-3.0213927547091,72.4152017775595));
#1139=CARTESIAN_POINT('Ctrl Pts',(-6.49308456488276,-2.88782710018371,72.4352358485759));
#1140=CARTESIAN_POINT('Ctrl Pts',(-6.43533363458361,-2.55560793689069,72.5384961186839));
#1141=CARTESIAN_POINT('Ctrl Pts',(-6.37084220588191,-2.37101550913825,72.6476152650299));
#1142=CARTESIAN_POINT('Ctrl Pts',(-6.18787881798245,-2.00262040587979,72.9212617385163));
#1143=CARTESIAN_POINT('Ctrl Pts',(-6.04132102777901,-1.79946800803097,73.1198957333152));
#1144=CARTESIAN_POINT('Ctrl Pts',(-5.84849976934815,-1.62343774406436,73.3352530500381));
#1145=CARTESIAN_POINT('Origin',(-4.50006100837667,3.1005,28.));
#1146=CARTESIAN_POINT('',(-2.50006100837667,3.1005,55.));
#1147=CARTESIAN_POINT('Origin',(-4.50006100837667,3.1005,55.));
#1148=CARTESIAN_POINT('',(-2.50006100837667,3.10049998203843,74.7844849784903));
#1149=CARTESIAN_POINT('',(-2.50006100837667,3.1005,28.));
#1150=CARTESIAN_POINT('',(-5.84849976950009,1.62343774411331,73.3352530498185));
#1151=CARTESIAN_POINT('Ctrl Pts',(-5.84849976934816,1.62343774406436,73.3352530500381));
#1152=CARTESIAN_POINT('Ctrl Pts',(-6.00594517261421,1.76717270421758,73.1594061550761));
#1153=CARTESIAN_POINT('Ctrl Pts',(-6.13135906986084,1.92765421182209,72.9964404751639));
#1154=CARTESIAN_POINT('Ctrl Pts',(-6.31172314513913,2.23701266181879,72.7398016876872));
#1155=CARTESIAN_POINT('Ctrl Pts',(-6.3832604768904,2.40160824439151,72.6255980538091));
#1156=CARTESIAN_POINT('Ctrl Pts',(-6.46762059082986,2.71589046989247,72.4821644018136));
#1157=CARTESIAN_POINT('Ctrl Pts',(-6.49114826089643,2.85879204113995,72.4387810029875));
#1158=CARTESIAN_POINT('Ctrl Pts',(-6.50428432950463,3.14816208837344,72.4116413114392));
#1159=CARTESIAN_POINT('Ctrl Pts',(-6.49623286656092,3.2834634525026,72.4241204121638));
#1160=CARTESIAN_POINT('Ctrl Pts',(-6.44056338644123,3.63127051056865,72.5125299182899));
#1161=CARTESIAN_POINT('Ctrl Pts',(-6.3679754841445,3.86840841170537,72.6302577240535));
#1162=CARTESIAN_POINT('Ctrl Pts',(-6.09010255555703,4.3432298588618,72.8389646742552));
#1163=CARTESIAN_POINT('Ctrl Pts',(-5.90750374042063,4.54738067148838,72.9346993906189));
#1164=CARTESIAN_POINT('Ctrl Pts',(-5.47095911227549,4.86975088286636,73.1199650231913));
#1165=CARTESIAN_POINT('Ctrl Pts',(-5.22313841006563,4.9848248463239,73.2069197564795));
#1166=CARTESIAN_POINT('Ctrl Pts',(-4.69407930668601,5.10962312750357,73.383678302778));
#1167=CARTESIAN_POINT('Ctrl Pts',(-4.42024674151994,5.11705731820386,73.4713255077826));
#1168=CARTESIAN_POINT('Ctrl Pts',(-3.94056108844428,5.03287599971048,73.6449961524285));
#1169=CARTESIAN_POINT('Ctrl Pts',(-3.66389656129415,4.94780788904746,73.7461796483585));
#1170=CARTESIAN_POINT('Ctrl Pts',(-3.14771475261403,4.60171886370521,74.0353919158528));
#1171=CARTESIAN_POINT('Ctrl Pts',(-2.94063524940122,4.38829466119417,74.1901341897438));
#1172=CARTESIAN_POINT('Ctrl Pts',(-2.68811824781958,3.96818763407305,74.4314307997175));
#1173=CARTESIAN_POINT('Ctrl Pts',(-2.61253168256625,3.79004686395218,74.5210004016035));
#1174=CARTESIAN_POINT('Ctrl Pts',(-2.53748424283017,3.49951742202237,74.6447399936775));
#1175=CARTESIAN_POINT('Ctrl Pts',(-2.51904346118506,3.39538661002995,74.6852123366088));
#1176=CARTESIAN_POINT('Ctrl Pts',(-2.50307151154968,3.22680800615082,74.7443199166152));
#1177=CARTESIAN_POINT('Ctrl Pts',(-2.50006100775865,3.16385656443045,74.7650305230504));
#1178=CARTESIAN_POINT('Ctrl Pts',(-2.50006100837667,3.10049998049081,74.7844849734502));
#1179=CARTESIAN_POINT('',(-3.15162224678497,1.62343774426419,74.8931417952825));
#1180=CARTESIAN_POINT('Ctrl Pts',(-3.15162224740518,1.62343774406436,74.8931417951138));
#1181=CARTESIAN_POINT('Ctrl Pts',(-3.26667646287713,1.51840252084875,74.8689657204474));
#1182=CARTESIAN_POINT('Ctrl Pts',(-3.39242648467892,1.42822657203059,74.8382849008466));
#1183=CARTESIAN_POINT('Ctrl Pts',(-3.64437562347784,1.28770973356032,74.7646601092138));
#1184=CARTESIAN_POINT('Ctrl Pts',(-3.76744469138428,1.23485368999691,74.7239031962092));
#1185=CARTESIAN_POINT('Ctrl Pts',(-4.02675566905051,1.15224710175352,74.6257793263218));
#1186=CARTESIAN_POINT('Ctrl Pts',(-4.16167841118165,1.12474286967378,74.5681151048969));
#1187=CARTESIAN_POINT('Ctrl Pts',(-4.42648997006391,1.09752576897385,74.4403912666997));
#1188=CARTESIAN_POINT('Ctrl Pts',(-4.55526537195013,1.0973197842363,74.3712019838916));
#1189=CARTESIAN_POINT('Ctrl Pts',(-4.8482278443799,1.12383912384247,74.1968648672695));
#1190=CARTESIAN_POINT('Ctrl Pts',(-5.00842566229736,1.15966454844923,74.0880962698643));
#1191=CARTESIAN_POINT('Ctrl Pts',(-5.42082658228543,1.30346239252347,73.7730827704218));
#1192=CARTESIAN_POINT('Ctrl Pts',(-5.65400387565228,1.44587867310753,73.5524807256629));
#1193=CARTESIAN_POINT('Ctrl Pts',(-5.84849976934816,1.62343774406436,73.3352530500381));
#1194=CARTESIAN_POINT('Ctrl Pts',(-2.50006100837667,3.10049998049081,74.7844849734502));
#1195=CARTESIAN_POINT('Ctrl Pts',(-2.50006100864388,3.07310634051279,74.7928965413896));
#1196=CARTESIAN_POINT('Ctrl Pts',(-2.50062380262021,3.04563697235086,74.8010733135383));
#1197=CARTESIAN_POINT('Ctrl Pts',(-2.50661479473713,2.90033256281405,74.8429460566148));
#1198=CARTESIAN_POINT('Ctrl Pts',(-2.52193831444252,2.78194650809481,74.8723149181298));
#1199=CARTESIAN_POINT('Ctrl Pts',(-2.5913938786426,2.47089724865507,74.9357915188471));
#1200=CARTESIAN_POINT('Ctrl Pts',(-2.65993232032304,2.2934653250824,74.9580188764506));
#1201=CARTESIAN_POINT('Ctrl Pts',(-2.8717194926672,1.91455647156965,74.956121621383));
#1202=CARTESIAN_POINT('Ctrl Pts',(-3.01636330643213,1.74691825278569,74.9215634417511));
#1203=CARTESIAN_POINT('Ctrl Pts',(-3.15162224740518,1.62343774406436,74.8931417951138));
#1204=CARTESIAN_POINT('Ctrl Pts',(-7.12187597610497,-1.62343774406436,70.124960955801));
#1205=CARTESIAN_POINT('Ctrl Pts',(-7.12187597610497,-2.35669778944943,70.124960955801));
#1206=CARTESIAN_POINT('Ctrl Pts',(-7.12188630460155,-3.08990344757916,70.1249609558009));
#1207=CARTESIAN_POINT('Ctrl Pts',(-7.12189664853828,-3.90226672714662,70.1249609558009));
#1208=CARTESIAN_POINT('Ctrl Pts',(-7.12105546496223,-3.9813594116019,70.1249609558009));
#1209=CARTESIAN_POINT('Ctrl Pts',(-7.11242418863868,-4.3923766374673,70.1249609558009));
#1210=CARTESIAN_POINT('Ctrl Pts',(-6.96966051561513,-5.05246160022931,70.1249609558009));
#1211=CARTESIAN_POINT('Ctrl Pts',(-6.21518182826634,-6.17797644947288,70.1249609558009));
#1212=CARTESIAN_POINT('Ctrl Pts',(-5.23557756815272,-6.60368388296091,70.1249609558009));
#1213=CARTESIAN_POINT('Ctrl Pts',(-4.47818106476573,-6.62099377587801,70.124960955801));
#1214=CARTESIAN_POINT('Ctrl Pts',(-4.38493186434984,-6.62229246351401,70.1249609558009));
#1215=CARTESIAN_POINT('Ctrl Pts',(-3.56887147412742,-6.62208855314999,70.124960955801));
#1216=CARTESIAN_POINT('Ctrl Pts',(-2.84611911894263,-6.62187597610497,70.124960955801));
#1217=CARTESIAN_POINT('Ctrl Pts',(-2.12343774406436,-6.62187597610497,70.124960955801));
#1218=CARTESIAN_POINT('Ctrl Pts',(-7.09612066449639,-1.62343774406436,71.1551734201442));
#1219=CARTESIAN_POINT('Ctrl Pts',(-7.09608451027456,-2.31188802125047,71.1564965879361));
#1220=CARTESIAN_POINT('Ctrl Pts',(-7.09601560914498,-3.08871161373178,71.1600085154897));
#1221=CARTESIAN_POINT('Ctrl Pts',(-7.09596318271345,-3.88897063388204,71.1621250832282));
#1222=CARTESIAN_POINT('Ctrl Pts',(-7.09532334999232,-3.96932642530191,71.1623536733765));
#1223=CARTESIAN_POINT('Ctrl Pts',(-7.08835026890464,-4.37601378227775,71.1633793253337));
#1224=CARTESIAN_POINT('Ctrl Pts',(-6.95063894728421,-5.03225594113298,71.1646981194518));
#1225=CARTESIAN_POINT('Ctrl Pts',(-6.19661153199705,-6.16278550956132,71.1656463945846));
#1226=CARTESIAN_POINT('Ctrl Pts',(-5.21251147283782,-6.5831125292538,71.1642097412455));
#1227=CARTESIAN_POINT('Ctrl Pts',(-4.46410736928699,-6.59515028916952,71.162319273476));
#1228=CARTESIAN_POINT('Ctrl Pts',(-4.36916877509193,-6.59640559496729,71.1620457133902));
#1229=CARTESIAN_POINT('Ctrl Pts',(-3.5657669721488,-6.59616484911794,71.1599218912496));
#1230=CARTESIAN_POINT('Ctrl Pts',(-2.80193342736173,-6.59611613289047,71.1564777989082));
#1231=CARTESIAN_POINT('Ctrl Pts',(-2.12343774406436,-6.59612066449639,71.1551734201442));
#1232=CARTESIAN_POINT('Ctrl Pts',(-6.6529099709176,-1.62343774406436,72.4293475267227));
#1233=CARTESIAN_POINT('Ctrl Pts',(-6.65215141667255,-2.18720959038698,72.4439631537116));
#1234=CARTESIAN_POINT('Ctrl Pts',(-6.65496541935505,-2.9022411167469,72.45810071388));
#1235=CARTESIAN_POINT('Ctrl Pts',(-6.63665643185964,-3.63204059014612,72.4679850910638));
#1236=CARTESIAN_POINT('Ctrl Pts',(-6.63426484269753,-3.70611594398829,72.4689383719164));
#1237=CARTESIAN_POINT('Ctrl Pts',(-6.61866710434913,-4.07860438217066,72.4734958905455));
#1238=CARTESIAN_POINT('Ctrl Pts',(-6.48487911502223,-4.68146800350465,72.4791173618766));
#1239=CARTESIAN_POINT('Ctrl Pts',(-5.79204903164868,-5.72125144396252,72.4829703143523));
#1240=CARTESIAN_POINT('Ctrl Pts',(-4.88642221687686,-6.10774626986395,72.477235749331));
#1241=CARTESIAN_POINT('Ctrl Pts',(-4.20033738377772,-6.13406331659893,72.4688733399146));
#1242=CARTESIAN_POINT('Ctrl Pts',(-4.11291301322697,-6.13752512686058,72.4677397289785));
#1243=CARTESIAN_POINT('Ctrl Pts',(-3.38071464679877,-6.15499084134299,72.4577108689702));
#1244=CARTESIAN_POINT('Ctrl Pts',(-2.67908822955562,-6.15221890284083,72.443752587682));
#1245=CARTESIAN_POINT('Ctrl Pts',(-2.12343774406436,-6.1529099709176,72.4293475267227));
#1246=CARTESIAN_POINT('Ctrl Pts',(-5.62815557126421,-1.62343774406436,73.5936117882008));
#1247=CARTESIAN_POINT('Ctrl Pts',(-5.59658509771063,-2.01012284203171,73.6268043916127));
#1248=CARTESIAN_POINT('Ctrl Pts',(-5.58888284130647,-2.54883883357136,73.6541575568781));
#1249=CARTESIAN_POINT('Ctrl Pts',(-5.55148579904221,-3.10966572436875,73.6740031612326));
#1250=CARTESIAN_POINT('Ctrl Pts',(-5.54747172561912,-3.16651065969155,73.6758648823282));
#1251=CARTESIAN_POINT('Ctrl Pts',(-5.52399822256193,-3.45312914939913,73.6849104222703));
#1252=CARTESIAN_POINT('Ctrl Pts',(-5.41249549123251,-3.91748373665612,73.6959515177481));
#1253=CARTESIAN_POINT('Ctrl Pts',(-4.88459977714839,-4.7119313970466,73.703424932326));
#1254=CARTESIAN_POINT('Ctrl Pts',(-4.19089374920826,-5.00619426533663,73.6923589594737));
#1255=CARTESIAN_POINT('Ctrl Pts',(-3.66184895256493,-5.0476635385006,73.6757767618237));
#1256=CARTESIAN_POINT('Ctrl Pts',(-3.59491673696091,-5.05281246066664,73.6735671776288));
#1257=CARTESIAN_POINT('Ctrl Pts',(-3.03248331601621,-5.08933333720591,73.6533809543144));
#1258=CARTESIAN_POINT('Ctrl Pts',(-2.50461136929297,-5.097040991458,73.6263257377792));
#1259=CARTESIAN_POINT('Ctrl Pts',(-2.12343774406436,-5.1281555712642,73.5936117882008));
#1260=CARTESIAN_POINT('Ctrl Pts',(-5.03344696392451,-1.62343774406436,74.0905873336274));
#1261=CARTESIAN_POINT('Ctrl Pts',(-4.98555457075358,-1.9200433758945,74.1263001235082));
#1262=CARTESIAN_POINT('Ctrl Pts',(-4.97171040756712,-2.35597578248921,74.1549822839395));
#1263=CARTESIAN_POINT('Ctrl Pts',(-4.92733137105572,-2.81862359233618,74.1759253456348));
#1264=CARTESIAN_POINT('Ctrl Pts',(-4.92275657078603,-2.86534065166998,74.1778807327185));
#1265=CARTESIAN_POINT('Ctrl Pts',(-4.89679905515471,-3.10186766718613,74.1874077463661));
#1266=CARTESIAN_POINT('Ctrl Pts',(-4.79990821544868,-3.4850080270943,74.1990157548126));
#1267=CARTESIAN_POINT('Ctrl Pts',(-4.36821417639708,-4.13597208084274,74.2068557471203));
#1268=CARTESIAN_POINT('Ctrl Pts',(-3.79873266933352,-4.3766363389533,74.1952572674047));
#1269=CARTESIAN_POINT('Ctrl Pts',(-3.36148265243137,-4.42310143234378,74.177795374772));
#1270=CARTESIAN_POINT('Ctrl Pts',(-3.30657256933736,-4.42879500489134,74.1754753672563));
#1271=CARTESIAN_POINT('Ctrl Pts',(-2.84269111261681,-4.47237996137184,74.1541638654408));
#1272=CARTESIAN_POINT('Ctrl Pts',(-2.41585151466354,-4.48622319390174,74.1257850470066));
#1273=CARTESIAN_POINT('Ctrl Pts',(-2.12343774406436,-4.53344696392451,74.0905873336274));
#1274=CARTESIAN_POINT('Ctrl Pts',(-4.3687808866028,-1.62343774406436,74.4897020700099));
#1275=CARTESIAN_POINT('Ctrl Pts',(-4.30897518025751,-1.83218320885575,74.5205194861337));
#1276=CARTESIAN_POINT('Ctrl Pts',(-4.29019072693396,-2.15638683560272,74.5448783360336));
#1277=CARTESIAN_POINT('Ctrl Pts',(-4.24369253237238,-2.51006829285534,74.5627362121354));
#1278=CARTESIAN_POINT('Ctrl Pts',(-4.23902923282316,-2.54553688043292,74.5643985868814));
#1279=CARTESIAN_POINT('Ctrl Pts',(-4.21313798055308,-2.72633737403176,74.572512135507));
#1280=CARTESIAN_POINT('Ctrl Pts',(-4.13471624715112,-3.01891990080259,74.582386823129));
#1281=CARTESIAN_POINT('Ctrl Pts',(-3.80923425448934,-3.51119088702273,74.5890469454031));
#1282=CARTESIAN_POINT('Ctrl Pts',(-3.37751801067435,-3.69265709143727,74.5791994792943));
#1283=CARTESIAN_POINT('Ctrl Pts',(-3.04263528023132,-3.73945854034584,74.5643298848601));
#1284=CARTESIAN_POINT('Ctrl Pts',(-3.00104441904172,-3.74514586772937,74.5623579244948));
#1285=CARTESIAN_POINT('Ctrl Pts',(-2.64647717757624,-3.79101145745275,74.5441810868098));
#1286=CARTESIAN_POINT('Ctrl Pts',(-2.3292704080178,-3.80979829938147,74.5200749718001));
#1287=CARTESIAN_POINT('Ctrl Pts',(-2.12343774406436,-3.86878088660279,74.4897020700099));
#1288=CARTESIAN_POINT('Ctrl Pts',(-3.41150592463602,-1.62343774406436,74.8794863621874));
#1289=CARTESIAN_POINT('Ctrl Pts',(-3.35092891093189,-1.7232644958948,74.8946058808294));
#1290=CARTESIAN_POINT('Ctrl Pts',(-3.33092978669847,-1.89495910386809,74.9063538758099));
#1291=CARTESIAN_POINT('Ctrl Pts',(-3.29121327876699,-2.0941209477409,74.9150042341478));
#1292=CARTESIAN_POINT('Ctrl Pts',(-3.28733240892733,-2.11379254428063,74.9158069188175));
#1293=CARTESIAN_POINT('Ctrl Pts',(-3.26619921301256,-2.21547608931658,74.9197316901364));
#1294=CARTESIAN_POINT('Ctrl Pts',(-3.21750355748074,-2.37972054485051,74.9245028695305));
#1295=CARTESIAN_POINT('Ctrl Pts',(-3.03991072922917,-2.65018633847739,74.9277159625387));
#1296=CARTESIAN_POINT('Ctrl Pts',(-2.8013097683231,-2.74898133302404,74.9229674662144));
#1297=CARTESIAN_POINT('Ctrl Pts',(-2.61229749105964,-2.78782495082003,74.9157759936455));
#1298=CARTESIAN_POINT('Ctrl Pts',(-2.58932667456027,-2.79241705949658,74.9148239149279));
#1299=CARTESIAN_POINT('Ctrl Pts',(-2.38970725595886,-2.83178237502373,74.9060165535794));
#1300=CARTESIAN_POINT('Ctrl Pts',(-2.22190633255031,-2.85175245265851,74.8943877483924));
#1301=CARTESIAN_POINT('Ctrl Pts',(-2.12343774406436,-2.91150592463602,74.8794863621874));
#1302=CARTESIAN_POINT('Ctrl Pts',(-2.63870492178969,-1.62343774406436,75.));
#1303=CARTESIAN_POINT('Ctrl Pts',(-2.60597955945416,-1.65617198704056,75.));
#1304=CARTESIAN_POINT('Ctrl Pts',(-2.59525927749974,-1.71935718282734,74.9999999999998));
#1305=CARTESIAN_POINT('Ctrl Pts',(-2.57474931961742,-1.79852355997809,74.9999999999998));
#1306=CARTESIAN_POINT('Ctrl Pts',(-2.57276842677477,-1.80614251974129,74.9999999999998));
#1307=CARTESIAN_POINT('Ctrl Pts',(-2.56216534520887,-1.84655902109244,74.9999999999999));
#1308=CARTESIAN_POINT('Ctrl Pts',(-2.5412988977289,-1.91138040646806,74.9999999999999));
#1309=CARTESIAN_POINT('Ctrl Pts',(-2.47351069385773,-2.01571169481678,74.9999999999999));
#1310=CARTESIAN_POINT('Ctrl Pts',(-2.38108520966965,-2.05362849794148,74.9999999999999));
#1311=CARTESIAN_POINT('Ctrl Pts',(-2.30555939054033,-2.072934434321,74.9999999999999));
#1312=CARTESIAN_POINT('Ctrl Pts',(-2.29673619731081,-2.07531572313146,74.9999999999999));
#1313=CARTESIAN_POINT('Ctrl Pts',(-2.21740042881208,-2.09565376368534,74.9999999999999));
#1314=CARTESIAN_POINT('Ctrl Pts',(-2.15576057863716,-2.10642441431882,75.));
#1315=CARTESIAN_POINT('Ctrl Pts',(-2.12343774406436,-2.13870492178969,75.));
#1316=CARTESIAN_POINT('Ctrl Pts',(-2.12343774406436,-1.62343774406436,75.));
#1317=CARTESIAN_POINT('Ctrl Pts',(-2.12343774406436,-1.62343774406436,75.));
#1318=CARTESIAN_POINT('Ctrl Pts',(-2.12343774406436,-1.62343774406436,74.9999999999998));
#1319=CARTESIAN_POINT('Ctrl Pts',(-2.12343774406436,-1.62343774406436,74.9999999999998));
#1320=CARTESIAN_POINT('Ctrl Pts',(-2.12343774406436,-1.62343774406436,74.9999999999998));
#1321=CARTESIAN_POINT('Ctrl Pts',(-2.12343774406436,-1.62343774406436,74.9999999999999));
#1322=CARTESIAN_POINT('Ctrl Pts',(-2.12343774406436,-1.62343774406436,74.9999999999999));
#1323=CARTESIAN_POINT('Ctrl Pts',(-2.12343774406436,-1.62343774406436,74.9999999999999));
#1324=CARTESIAN_POINT('Ctrl Pts',(-2.12343774406436,-1.62343774406436,74.9999999999999));
#1325=CARTESIAN_POINT('Ctrl Pts',(-2.12343774406436,-1.62343774406436,74.9999999999999));
#1326=CARTESIAN_POINT('Ctrl Pts',(-2.12343774406436,-1.62343774406436,74.9999999999999));
#1327=CARTESIAN_POINT('Ctrl Pts',(-2.12343774406436,-1.62343774406436,74.9999999999999));
#1328=CARTESIAN_POINT('Ctrl Pts',(-2.12343774406436,-1.62343774406436,75.));
#1329=CARTESIAN_POINT('Ctrl Pts',(-2.12343774406436,-1.62343774406436,75.));
#1330=CARTESIAN_POINT('',(-7.12187597610497,-1.62343774406436,70.124960955801));
#1331=CARTESIAN_POINT('Ctrl Pts',(-7.12187597610497,-1.62343774406436,70.124960955801));
#1332=CARTESIAN_POINT('Ctrl Pts',(-7.0942809993815,-1.62343774406436,71.2287600247401));
#1333=CARTESIAN_POINT('Ctrl Pts',(-6.65979268412236,-1.62343774406436,72.3894725558733));
#1334=CARTESIAN_POINT('Ctrl Pts',(-5.89524736439786,-1.62343774406436,73.2816075841731));
#1335=CARTESIAN_POINT('Ctrl Pts',(-5.84778674716677,-1.62343774406436,73.3346146351756));
#1336=CARTESIAN_POINT('',(-2.12343774406436,-6.62187597610497,70.124960955801));
#1337=CARTESIAN_POINT('Ctrl Pts',(-7.12187597610497,-1.62343774406436,70.124960955801));
#1338=CARTESIAN_POINT('Ctrl Pts',(-7.12187597610497,-2.35669778944943,70.124960955801));
#1339=CARTESIAN_POINT('Ctrl Pts',(-7.12188630460155,-3.08990344757916,70.1249609558009));
#1340=CARTESIAN_POINT('Ctrl Pts',(-7.12189664853828,-3.90226672714662,70.1249609558009));
#1341=CARTESIAN_POINT('Ctrl Pts',(-7.12105546496223,-3.9813594116019,70.1249609558009));
#1342=CARTESIAN_POINT('Ctrl Pts',(-7.11242418863868,-4.3923766374673,70.1249609558009));
#1343=CARTESIAN_POINT('Ctrl Pts',(-6.96966051561513,-5.05246160022931,70.1249609558009));
#1344=CARTESIAN_POINT('Ctrl Pts',(-6.21518182826634,-6.17797644947288,70.1249609558009));
#1345=CARTESIAN_POINT('Ctrl Pts',(-5.23557756815272,-6.60368388296091,70.1249609558009));
#1346=CARTESIAN_POINT('Ctrl Pts',(-4.47818106476573,-6.62099377587801,70.124960955801));
#1347=CARTESIAN_POINT('Ctrl Pts',(-4.38493186434984,-6.62229246351401,70.1249609558009));
#1348=CARTESIAN_POINT('Ctrl Pts',(-3.56887147412742,-6.62208855314999,70.124960955801));
#1349=CARTESIAN_POINT('Ctrl Pts',(-2.84611911894263,-6.62187597610497,70.124960955801));
#1350=CARTESIAN_POINT('Ctrl Pts',(-2.12343774406436,-6.62187597610497,70.124960955801));
#1351=CARTESIAN_POINT('',(-2.12343774406436,-1.62343774406436,75.));
#1352=CARTESIAN_POINT('Origin',(-2.12343774406436,-1.62343774406436,70.));
#1353=CARTESIAN_POINT('Ctrl Pts',(-3.1514513203219,-1.62343774406436,74.8923312022177));
#1354=CARTESIAN_POINT('Ctrl Pts',(-2.81378093537302,-1.62343774406436,74.9635343802609));
#1355=CARTESIAN_POINT('Ctrl Pts',(-2.46877041679378,-1.62343774406436,75.));
#1356=CARTESIAN_POINT('Ctrl Pts',(-2.12343774406436,-1.62343774406436,75.));
#1357=CARTESIAN_POINT('Ctrl Pts',(-2.12343774406437,6.62187597610498,70.124960955801));
#1358=CARTESIAN_POINT('Ctrl Pts',(-2.84633927531878,6.62187597610498,70.124960955801));
#1359=CARTESIAN_POINT('Ctrl Pts',(-3.56918653435259,6.62188566925672,70.1249609558004));
#1360=CARTESIAN_POINT('Ctrl Pts',(-4.38509586488367,6.62189620059178,70.1249609558003));
#1361=CARTESIAN_POINT('Ctrl Pts',(-4.47809166690323,6.62073432204197,70.1249609558003));
#1362=CARTESIAN_POINT('Ctrl Pts',(-4.90286173681441,6.61023949469722,70.1249609558003));
#1363=CARTESIAN_POINT('Ctrl Pts',(-5.56229161922303,6.46506276370791,70.1249609558005));
#1364=CARTESIAN_POINT('Ctrl Pts',(-6.68493738388351,5.70647609088755,70.1249609558006));
#1365=CARTESIAN_POINT('Ctrl Pts',(-7.10709869624747,4.72519823047658,70.1249609558008));
#1366=CARTESIAN_POINT('Ctrl Pts',(-7.12134088955547,3.98145592599556,70.1249609558009));
#1367=CARTESIAN_POINT('Ctrl Pts',(-7.12229932990395,3.9021036269441,70.1249609558009));
#1368=CARTESIAN_POINT('Ctrl Pts',(-7.12209650691979,3.08959057242106,70.1249609558009));
#1369=CARTESIAN_POINT('Ctrl Pts',(-7.12187597610497,2.35647763307328,70.124960955801));
#1370=CARTESIAN_POINT('Ctrl Pts',(-7.12187597610497,1.62343774406436,70.124960955801));
#1371=CARTESIAN_POINT('Ctrl Pts',(-2.12343774406437,6.5961206644964,71.1551734201442));
#1372=CARTESIAN_POINT('Ctrl Pts',(-2.80216292882079,6.5960848751107,71.1564779307091));
#1373=CARTESIAN_POINT('Ctrl Pts',(-3.56608245425628,6.59601710900967,71.1599241895512));
#1374=CARTESIAN_POINT('Ctrl Pts',(-4.36941612695228,6.59596477080898,71.1620470588514));
#1375=CARTESIAN_POINT('Ctrl Pts',(-4.46392758701593,6.59507256604351,71.1623214825991));
#1376=CARTESIAN_POINT('Ctrl Pts',(-4.88432601011269,6.58664071682597,71.1633760246665));
#1377=CARTESIAN_POINT('Ctrl Pts',(-5.54013547492364,6.44698833121707,71.164691952017));
#1378=CARTESIAN_POINT('Ctrl Pts',(-6.66837526727522,5.68960862691218,71.1656485403786));
#1379=CARTESIAN_POINT('Ctrl Pts',(-7.08579286451931,4.70420862550276,71.1642179280026));
#1380=CARTESIAN_POINT('Ctrl Pts',(-7.09544609222181,3.969499150872,71.1623516652189));
#1381=CARTESIAN_POINT('Ctrl Pts',(-7.09640455197303,3.88872879297524,71.1621238200642));
#1382=CARTESIAN_POINT('Ctrl Pts',(-7.09617829439334,3.08839287280697,71.1600063464842));
#1383=CARTESIAN_POINT('Ctrl Pts',(-7.09611088750309,2.31166209545993,71.1564964213551));
#1384=CARTESIAN_POINT('Ctrl Pts',(-7.09612066449639,1.62343774406436,71.1551734201442));
#1385=CARTESIAN_POINT('Ctrl Pts',(-2.12343774406437,6.15290997092631,72.4293475267255));
#1386=CARTESIAN_POINT('Ctrl Pts',(-2.67925601489857,6.1521551311104,72.4437567175239));
#1387=CARTESIAN_POINT('Ctrl Pts',(-3.38113968570546,6.15493675773232,72.457719258486));
#1388=CARTESIAN_POINT('Ctrl Pts',(-4.11330128782979,6.13708612797543,72.4677441547094));
#1389=CARTESIAN_POINT('Ctrl Pts',(-4.20043843252917,6.13419923961185,72.4688758538822));
#1390=CARTESIAN_POINT('Ctrl Pts',(-4.58555031511001,6.1171413568354,72.4735621996716));
#1391=CARTESIAN_POINT('Ctrl Pts',(-5.18812831480643,5.98184459236157,72.4791519000517));
#1392=CARTESIAN_POINT('Ctrl Pts',(-6.22590328166553,5.2861603266552,72.4829589283982));
#1393=CARTESIAN_POINT('Ctrl Pts',(-6.61000898619421,4.37941643813914,72.4771895785977));
#1394=CARTESIAN_POINT('Ctrl Pts',(-6.63418464472612,3.70601678258306,72.4689360854644));
#1395=CARTESIAN_POINT('Ctrl Pts',(-6.63708576251231,3.63165336149432,72.4679807985539));
#1396=CARTESIAN_POINT('Ctrl Pts',(-6.65504297147466,2.90181334868456,72.4580925076846));
#1397=CARTESIAN_POINT('Ctrl Pts',(-6.65220411780734,2.18704271833643,72.4439589900045));
#1398=CARTESIAN_POINT('Ctrl Pts',(-6.65290997092631,1.62343774406436,72.4293475267255));
#1399=CARTESIAN_POINT('Ctrl Pts',(-2.12343774406436,5.12815557126758,73.5936117882019));
#1400=CARTESIAN_POINT('Ctrl Pts',(-2.50469026871241,5.09700477887174,73.6263355156254));
#1401=CARTESIAN_POINT('Ctrl Pts',(-3.03289688173735,5.08918672403468,73.6533973090164));
#1402=CARTESIAN_POINT('Ctrl Pts',(-3.59529004170302,5.05231537537871,73.6735757066884));
#1403=CARTESIAN_POINT('Ctrl Pts',(-3.66216273022121,5.04756795138468,73.67577938497));
#1404=CARTESIAN_POINT('Ctrl Pts',(-3.95852283017896,5.02269797472689,73.685080818018));
#1405=CARTESIAN_POINT('Ctrl Pts',(-4.42266625602094,4.91018551923008,73.6960497687611));
#1406=CARTESIAN_POINT('Ctrl Pts',(-5.21545528882165,4.38008056654883,73.703392290139));
#1407=CARTESIAN_POINT('Ctrl Pts',(-5.50794634466829,3.68542557091227,73.6922278763912));
#1408=CARTESIAN_POINT('Ctrl Pts',(-5.54760901607371,3.16621332494753,73.6758624048093));
#1409=CARTESIAN_POINT('Ctrl Pts',(-5.5519773663267,3.10928850037464,73.673994750562));
#1410=CARTESIAN_POINT('Ctrl Pts',(-5.58904982961601,2.54842533357739,73.654141387329));
#1411=CARTESIAN_POINT('Ctrl Pts',(-5.59661301321599,2.01004179270284,73.6267945891296));
#1412=CARTESIAN_POINT('Ctrl Pts',(-5.62815557126758,1.62343774406436,73.5936117882019));
#1413=CARTESIAN_POINT('Ctrl Pts',(-2.12343774406436,4.53344696392824,74.0905873336287));
#1414=CARTESIAN_POINT('Ctrl Pts',(-2.41588934741211,4.48619871718264,74.1257956382855));
#1415=CARTESIAN_POINT('Ctrl Pts',(-2.84308139623629,4.47220087505603,74.1541809962689));
#1416=CARTESIAN_POINT('Ctrl Pts',(-3.30691861183409,4.42830113916257,74.1754842696239));
#1417=CARTESIAN_POINT('Ctrl Pts',(-3.36187786846822,4.42291248162066,74.1777976309788));
#1418=CARTESIAN_POINT('Ctrl Pts',(-3.60645189749551,4.39563061372102,74.1875941959198));
#1419=CARTESIAN_POINT('Ctrl Pts',(-3.98940939909626,4.29797218517488,74.1991245812312));
#1420=CARTESIAN_POINT('Ctrl Pts',(-4.63891076214733,3.8644134606395,74.20681956062));
#1421=CARTESIAN_POINT('Ctrl Pts',(-4.87812393081104,3.29407779068424,74.19511209787));
#1422=CARTESIAN_POINT('Ctrl Pts',(-4.92297864103725,2.86496798000108,74.1778785738877));
#1423=CARTESIAN_POINT('Ctrl Pts',(-4.92782168211719,2.81827146654249,74.1759165441266));
#1424=CARTESIAN_POINT('Ctrl Pts',(-4.97190737292643,2.35558699657242,74.1549653153229));
#1425=CARTESIAN_POINT('Ctrl Pts',(-4.98557240600395,1.92000199501191,74.1262895150292));
#1426=CARTESIAN_POINT('Ctrl Pts',(-5.03344696392824,1.62343774406436,74.0905873336287));
#1427=CARTESIAN_POINT('Ctrl Pts',(-2.12343774406436,3.86878088660533,74.4897020700108));
#1428=CARTESIAN_POINT('Ctrl Pts',(-2.32927319360806,3.80978450739258,74.5200841489098));
#1429=CARTESIAN_POINT('Ctrl Pts',(-2.64682297805892,3.79082207206576,74.5441956233759));
#1430=CARTESIAN_POINT('Ctrl Pts',(-3.00134338667498,3.74469507765768,74.5623654610792));
#1431=CARTESIAN_POINT('Ctrl Pts',(-3.04307021623446,3.7392140988195,74.5643315310593));
#1432=CARTESIAN_POINT('Ctrl Pts',(-3.2300239436605,3.71214491667272,74.5726746594493));
#1433=CARTESIAN_POINT('Ctrl Pts',(-3.52245023743241,3.63318629073659,74.5824823637333));
#1434=CARTESIAN_POINT('Ctrl Pts',(-4.01349838186947,3.30622057723528,74.5890151610159));
#1435=CARTESIAN_POINT('Ctrl Pts',(-4.19384993987348,2.8737730995131,74.5790720435757));
#1436=CARTESIAN_POINT('Ctrl Pts',(-4.2392976272574,2.54512806416579,74.5643969936016));
#1437=CARTESIAN_POINT('Ctrl Pts',(-4.24414155833028,2.50976181146789,74.5627287488281));
#1438=CARTESIAN_POINT('Ctrl Pts',(-4.29039467009721,2.15604379682908,74.5448639200342));
#1439=CARTESIAN_POINT('Ctrl Pts',(-4.30898408081638,1.83217591104058,74.5205102991141));
#1440=CARTESIAN_POINT('Ctrl Pts',(-4.36878088660533,1.62343774406436,74.4897020700108));
#1441=CARTESIAN_POINT('Ctrl Pts',(-2.12343774406436,2.91150592463845,74.8794863621884));
#1442=CARTESIAN_POINT('Ctrl Pts',(-2.22188503220507,2.85175575730414,74.8943922920183));
#1443=CARTESIAN_POINT('Ctrl Pts',(-2.38993351981061,2.83158320301542,74.9060234504313));
#1444=CARTESIAN_POINT('Ctrl Pts',(-2.58951009052662,2.79205832965727,74.9148274460578));
#1445=CARTESIAN_POINT('Ctrl Pts',(-2.6126516853815,2.78750521359398,74.9157764348291));
#1446=CARTESIAN_POINT('Ctrl Pts',(-2.71779655116667,2.76552516530367,74.9198122740501));
#1447=CARTESIAN_POINT('Ctrl Pts',(-2.8819263701831,2.71657053699229,74.9245505848108));
#1448=CARTESIAN_POINT('Ctrl Pts',(-3.15157927659765,2.53806515032375,74.9277000830342));
#1449=CARTESIAN_POINT('Ctrl Pts',(-3.24972360445,2.29895587456845,74.9229038021902));
#1450=CARTESIAN_POINT('Ctrl Pts',(-3.28766104096644,2.11346196028491,74.9158064850632));
#1451=CARTESIAN_POINT('Ctrl Pts',(-3.29157406723044,2.09393081225819,74.9150007382749));
#1452=CARTESIAN_POINT('Ctrl Pts',(-3.33113664450157,1.89473570559576,74.906347026418));
#1453=CARTESIAN_POINT('Ctrl Pts',(-3.35092447047958,1.72328167157385,74.8946013377365));
#1454=CARTESIAN_POINT('Ctrl Pts',(-3.41150592463844,1.62343774406436,74.8794863621884));
#1455=CARTESIAN_POINT('Ctrl Pts',(-2.12343774406436,2.13870492178969,75.));
#1456=CARTESIAN_POINT('Ctrl Pts',(-2.15573194124341,2.10642141145508,75.));
#1457=CARTESIAN_POINT('Ctrl Pts',(-2.21754081855545,2.0956002397399,74.9999999999993));
#1458=CARTESIAN_POINT('Ctrl Pts',(-2.29685191433925,2.07518156158596,74.9999999999992));
#1459=CARTESIAN_POINT('Ctrl Pts',(-2.30581615569934,2.07285968116556,74.9999999999992));
#1460=CARTESIAN_POINT('Ctrl Pts',(-2.34760361448231,2.06185010549923,74.9999999999993));
#1461=CARTESIAN_POINT('Ctrl Pts',(-2.41236989252977,2.0408928695349,74.9999999999994));
#1462=CARTESIAN_POINT('Ctrl Pts',(-2.51631374930679,1.97269467552884,74.9999999999995));
#1463=CARTESIAN_POINT('Ctrl Pts',(-2.55395974065966,1.88002672464187,74.9999999999998));
#1464=CARTESIAN_POINT('Ctrl Pts',(-2.57284953416088,1.80590100184943,74.9999999999999));
#1465=CARTESIAN_POINT('Ctrl Pts',(-2.57488218764446,1.79840267557422,74.9999999999999));
#1466=CARTESIAN_POINT('Ctrl Pts',(-2.59531790630582,1.7192196877141,74.9999999999999));
#1467=CARTESIAN_POINT('Ctrl Pts',(-2.60598043318065,1.65619740788564,75.));
#1468=CARTESIAN_POINT('Ctrl Pts',(-2.63870492178969,1.62343774406436,75.));
#1469=CARTESIAN_POINT('Ctrl Pts',(-2.12343774406436,1.62343774406436,75.));
#1470=CARTESIAN_POINT('Ctrl Pts',(-2.12343774406436,1.62343774406436,75.));
#1471=CARTESIAN_POINT('Ctrl Pts',(-2.12343774406434,1.62343774406435,74.9999999999993));
#1472=CARTESIAN_POINT('Ctrl Pts',(-2.12343774406434,1.62343774406434,74.9999999999992));
#1473=CARTESIAN_POINT('Ctrl Pts',(-2.12343774406434,1.62343774406434,74.9999999999992));
#1474=CARTESIAN_POINT('Ctrl Pts',(-2.12343774406434,1.62343774406435,74.9999999999993));
#1475=CARTESIAN_POINT('Ctrl Pts',(-2.12343774406434,1.62343774406435,74.9999999999994));
#1476=CARTESIAN_POINT('Ctrl Pts',(-2.12343774406435,1.62343774406435,74.9999999999995));
#1477=CARTESIAN_POINT('Ctrl Pts',(-2.12343774406436,1.62343774406436,74.9999999999998));
#1478=CARTESIAN_POINT('Ctrl Pts',(-2.12343774406436,1.62343774406436,74.9999999999999));
#1479=CARTESIAN_POINT('Ctrl Pts',(-2.12343774406436,1.62343774406436,74.9999999999999));
#1480=CARTESIAN_POINT('Ctrl Pts',(-2.12343774406436,1.62343774406436,74.9999999999999));
#1481=CARTESIAN_POINT('Ctrl Pts',(-2.12343774406436,1.62343774406436,75.));
#1482=CARTESIAN_POINT('Ctrl Pts',(-2.12343774406436,1.62343774406436,75.));
#1483=CARTESIAN_POINT('',(-2.12343774406436,1.62343774406436,75.));
#1484=CARTESIAN_POINT('Ctrl Pts',(-2.12343774406436,1.62343774406436,75.));
#1485=CARTESIAN_POINT('Ctrl Pts',(-2.46877041679378,1.62343774406436,75.));
#1486=CARTESIAN_POINT('Ctrl Pts',(-2.81378093537301,1.62343774406436,74.9635343802609));
#1487=CARTESIAN_POINT('Ctrl Pts',(-3.15145132032189,1.62343774406436,74.8923312022177));
#1488=CARTESIAN_POINT('',(-2.12343774406437,6.62187597610498,70.124960955801));
#1489=CARTESIAN_POINT('Origin',(-2.12343774406436,1.62343774406436,70.));
#1490=CARTESIAN_POINT('',(-7.12187597610497,1.62343774406436,70.124960955801));
#1491=CARTESIAN_POINT('Ctrl Pts',(-2.12343774406437,6.62187597610498,70.124960955801));
#1492=CARTESIAN_POINT('Ctrl Pts',(-2.84633927531878,6.62187597610498,70.124960955801));
#1493=CARTESIAN_POINT('Ctrl Pts',(-3.56918653435259,6.62188566925672,70.1249609558004));
#1494=CARTESIAN_POINT('Ctrl Pts',(-4.38509586488367,6.62189620059178,70.1249609558003));
#1495=CARTESIAN_POINT('Ctrl Pts',(-4.47809166690323,6.62073432204197,70.1249609558003));
#1496=CARTESIAN_POINT('Ctrl Pts',(-4.90286173681441,6.61023949469722,70.1249609558003));
#1497=CARTESIAN_POINT('Ctrl Pts',(-5.56229161922303,6.46506276370791,70.1249609558005));
#1498=CARTESIAN_POINT('Ctrl Pts',(-6.68493738388351,5.70647609088755,70.1249609558006));
#1499=CARTESIAN_POINT('Ctrl Pts',(-7.10709869624747,4.72519823047658,70.1249609558008));
#1500=CARTESIAN_POINT('Ctrl Pts',(-7.12134088955547,3.98145592599556,70.1249609558009));
#1501=CARTESIAN_POINT('Ctrl Pts',(-7.12229932990395,3.9021036269441,70.1249609558009));
#1502=CARTESIAN_POINT('Ctrl Pts',(-7.12209650691979,3.08959057242106,70.1249609558009));
#1503=CARTESIAN_POINT('Ctrl Pts',(-7.12187597610497,2.35647763307328,70.124960955801));
#1504=CARTESIAN_POINT('Ctrl Pts',(-7.12187597610497,1.62343774406436,70.124960955801));
#1505=CARTESIAN_POINT('Ctrl Pts',(-5.84778674716677,1.62343774406436,73.3346146351756));
#1506=CARTESIAN_POINT('Ctrl Pts',(-5.89524736439786,1.62343774406436,73.2816075841731));
#1507=CARTESIAN_POINT('Ctrl Pts',(-6.65979268412236,1.62343774406436,72.3894725558733));
#1508=CARTESIAN_POINT('Ctrl Pts',(-7.0942809993815,1.62343774406436,71.2287600247401));
#1509=CARTESIAN_POINT('Ctrl Pts',(-7.12187597610497,1.62343774406436,70.124960955801));
#1510=CARTESIAN_POINT('Origin',(3.99978945878539,-0.00107858580120609,75.));
#1511=CARTESIAN_POINT('',(5.2497874751337,-0.00243494470931747,73.9009832347738));
#1512=CARTESIAN_POINT('',(5.24978945878539,-0.00107858580120594,61.2282833209277));
#1513=CARTESIAN_POINT('',(5.24978945878539,-0.00107858580120625,75.));
#1514=CARTESIAN_POINT('Origin',(3.99978945878539,-0.00107858580120609,59.9782833209277));
#1515=CARTESIAN_POINT('',(2.74980906902528,-0.00808038665531446,74.9600476794791));
#1516=CARTESIAN_POINT('Ctrl Pts',(2.7498090690253,-0.0080803866553145,74.9600476794791));
#1517=CARTESIAN_POINT('Ctrl Pts',(2.74953605794724,0.0406582879891877,74.9596278384102));
#1518=CARTESIAN_POINT('Ctrl Pts',(2.75211451589459,0.0893993331574858,74.9586625972251));
#1519=CARTESIAN_POINT('Ctrl Pts',(2.77554687394217,0.298890164784429,74.9519625865514));
#1520=CARTESIAN_POINT('Ctrl Pts',(2.824683410907,0.454444528265925,74.9405865343839));
#1521=CARTESIAN_POINT('Ctrl Pts',(2.95464568311239,0.693591656039275,74.9055041730266));
#1522=CARTESIAN_POINT('Ctrl Pts',(3.02019592438051,0.783105944350031,74.8868156857302));
#1523=CARTESIAN_POINT('Ctrl Pts',(3.16685132153221,0.936590965824023,74.8411084134694));
#1524=CARTESIAN_POINT('Ctrl Pts',(3.2457621911234,1.00094224718275,74.8149959265598));
#1525=CARTESIAN_POINT('Ctrl Pts',(3.43905391014436,1.12344057029323,74.7466856505629));
#1526=CARTESIAN_POINT('Ctrl Pts',(3.5557758987922,1.17405548303162,74.7025288657418));
#1527=CARTESIAN_POINT('Ctrl Pts',(3.85038448284648,1.25296648769944,74.5837615988288));
#1528=CARTESIAN_POINT('Ctrl Pts',(4.03010542936151,1.26086359359513,74.5052250307634));
#1529=CARTESIAN_POINT('Ctrl Pts',(4.37248308004824,1.20428643908746,74.3461247707525));
#1530=CARTESIAN_POINT('Ctrl Pts',(4.53468540537421,1.14184582946134,74.2660613850613));
#1531=CARTESIAN_POINT('Ctrl Pts',(4.80582792402387,0.966069859227559,74.1275036048981));
#1532=CARTESIAN_POINT('Ctrl Pts',(4.91853863370678,0.860707394285677,74.0678200461954));
#1533=CARTESIAN_POINT('Ctrl Pts',(5.09114336999279,0.623683137902272,73.9762427590089));
#1534=CARTESIAN_POINT('Ctrl Pts',(5.15463074518202,0.498032644464782,73.9425385512961));
#1535=CARTESIAN_POINT('Ctrl Pts',(5.23156586598269,0.24442083367018,73.9044861122786));
#1536=CARTESIAN_POINT('Ctrl Pts',(5.24978945869511,0.122258177792858,73.89721190627));
#1537=CARTESIAN_POINT('Ctrl Pts',(5.24978945878539,-0.00107858488620081,
73.900941029423));
#1538=CARTESIAN_POINT('Ctrl Pts',(5.24978435304002,-0.00465130708122005,
73.9010521050862));
#1539=CARTESIAN_POINT('Ctrl Pts',(5.24954873399673,-0.0870877968116894,
73.8989831329213));
#1540=CARTESIAN_POINT('Ctrl Pts',(5.2411651793565,-0.169195854139987,73.9018038857583));
#1541=CARTESIAN_POINT('Ctrl Pts',(5.20332171529226,-0.355526781364039,73.919366028162));
#1542=CARTESIAN_POINT('Ctrl Pts',(5.16855156329399,-0.456730650036981,73.9373396641958));
#1543=CARTESIAN_POINT('Ctrl Pts',(5.05117870793855,-0.696089330740885,73.999512795811));
#1544=CARTESIAN_POINT('Ctrl Pts',(4.9545497519489,-0.822533308680624,74.0516793130738));
#1545=CARTESIAN_POINT('Ctrl Pts',(4.70708913247381,-1.04729665175228,74.1815719109589));
#1546=CARTESIAN_POINT('Ctrl Pts',(4.55115157894252,-1.13657306238979,74.2613501195253));
#1547=CARTESIAN_POINT('Ctrl Pts',(4.22141348896086,-1.24308595789696,74.4206427283783));
#1548=CARTESIAN_POINT('Ctrl Pts',(4.048669889584,-1.26205977284253,74.4998783210151));
#1549=CARTESIAN_POINT('Ctrl Pts',(3.73029021595864,-1.23048222891467,74.6357744244771));
#1550=CARTESIAN_POINT('Ctrl Pts',(3.58567286968036,-1.19015296760388,74.6935445340539));
#1551=CARTESIAN_POINT('Ctrl Pts',(3.35526467377649,-1.07726262648836,74.7788203155128));
#1552=CARTESIAN_POINT('Ctrl Pts',(3.26591703061037,-1.01868545946707,74.8098485665389));
#1553=CARTESIAN_POINT('Ctrl Pts',(3.10708935741817,-0.881969835158553,74.8616737917894));
#1554=CARTESIAN_POINT('Ctrl Pts',(3.0376880313793,-0.805804862212861,74.8826418813843));
#1555=CARTESIAN_POINT('Ctrl Pts',(2.90343777662803,-0.615310938987355,74.92083488533));
#1556=CARTESIAN_POINT('Ctrl Pts',(2.84537710701839,-0.498009225558973,74.9354665870653));
#1557=CARTESIAN_POINT('Ctrl Pts',(2.76959593961125,-0.25495003840058,74.9542274519757));
#1558=CARTESIAN_POINT('Ctrl Pts',(2.75050215691769,-0.131812308189222,74.9588463334009));
#1559=CARTESIAN_POINT('Ctrl Pts',(2.74980906902529,-0.00808038665531426,
74.9600476794791));
#1560=CARTESIAN_POINT('Ctrl Pts',(-0.256126568813354,-6.60313731135823,
70.1249598493231));
#1561=CARTESIAN_POINT('Ctrl Pts',(1.32241792513054,-6.74020910007422,70.1249598007658));
#1562=CARTESIAN_POINT('Ctrl Pts',(4.02556559592754,-6.00490989282843,70.1249597171674));
#1563=CARTESIAN_POINT('Ctrl Pts',(6.54140771633077,-3.1531890831119,70.1249595939195));
#1564=CARTESIAN_POINT('Ctrl Pts',(7.09576365352336,-1.0579821481457,70.124959520648));
#1565=CARTESIAN_POINT('Ctrl Pts',(7.12149391420891,-0.00198220877818678,
70.1249594833045));
#1566=CARTESIAN_POINT('Ctrl Pts',(-0.254535111303082,-6.58480978724806,
70.8608260047337));
#1567=CARTESIAN_POINT('Ctrl Pts',(1.31991015799337,-6.72152562978833,70.8608259609818));
#1568=CARTESIAN_POINT('Ctrl Pts',(4.01554356002223,-5.98855071233909,70.8608258856472));
#1569=CARTESIAN_POINT('Ctrl Pts',(6.52481732653106,-3.14427552457167,70.8608257745954));
#1570=CARTESIAN_POINT('Ctrl Pts',(7.07743948581231,-1.05479178497098,70.860825708569));
#1571=CARTESIAN_POINT('Ctrl Pts',(7.10310293480433,-0.00153409826271504,
70.8608256749211));
#1572=CARTESIAN_POINT('Ctrl Pts',(-0.222703371963338,-6.21822948808674,
72.3213894280378));
#1573=CARTESIAN_POINT('Ctrl Pts',(1.26621961605932,-6.34751907398552,72.3213893969628));
#1574=CARTESIAN_POINT('Ctrl Pts',(3.81541524119905,-5.65437011950534,72.3213893432758));
#1575=CARTESIAN_POINT('Ctrl Pts',(6.18838684260636,-2.96459421304594,72.3213892643862));
#1576=CARTESIAN_POINT('Ctrl Pts',(6.71098299553176,-0.988616932639825,72.3213892173761));
#1577=CARTESIAN_POINT('Ctrl Pts',(6.73525243984992,0.00742886511646542,
72.3213891934775));
#1578=CARTESIAN_POINT('Ctrl Pts',(-0.0778779366556617,-4.55039252716488,
74.3654341303162));
#1579=CARTESIAN_POINT('Ctrl Pts',(1.02185802956305,-4.64588733536117,74.3654341220383));
#1580=CARTESIAN_POINT('Ctrl Pts',(2.90489568873574,-4.13377523739927,74.3654341077844));
#1581=CARTESIAN_POINT('Ctrl Pts',(4.65761252187115,-2.14706130605009,74.3654340867731));
#1582=CARTESIAN_POINT('Ctrl Pts',(5.04371041551119,-0.687483253585447,74.3654340742805));
#1583=CARTESIAN_POINT('Ctrl Pts',(5.06163611494201,0.0482078284091683,74.3654340679142));
#1584=CARTESIAN_POINT('Ctrl Pts',(0.0807639669225596,-2.72344251816507,
75.));
#1585=CARTESIAN_POINT('Ctrl Pts',(0.754570676328783,-2.78195205116054,75.000000000138));
#1586=CARTESIAN_POINT('Ctrl Pts',(1.90747579707322,-2.46887725943628,74.9999999997697));
#1587=CARTESIAN_POINT('Ctrl Pts',(2.98130398814098,-1.251687770195,75.000000000071));
#1588=CARTESIAN_POINT('Ctrl Pts',(3.21737225035245,-0.357879732079816,74.9999999998939));
#1589=CARTESIAN_POINT('Ctrl Pts',(3.22835529748806,0.0928771412304832,75.));
#1590=CARTESIAN_POINT('Ctrl Pts',(0.176282098479977,-1.62343774406436,75.));
#1591=CARTESIAN_POINT('Ctrl Pts',(0.593138734829912,-1.65963519335635,75.));
#1592=CARTESIAN_POINT('Ctrl Pts',(1.30697670002627,-1.46545988864918,75.));
#1593=CARTESIAN_POINT('Ctrl Pts',(1.97135160195987,-0.712387288486399,75.));
#1594=CARTESIAN_POINT('Ctrl Pts',(2.11774399166103,-0.159092303631539,75.));
#1595=CARTESIAN_POINT('Ctrl Pts',(2.12453874922137,0.119772489843985,75.));
#1596=CARTESIAN_POINT('',(2.11677421578544,-0.00885568565909177,75.));
#1597=CARTESIAN_POINT('Ctrl Pts',(2.11677421578544,-0.00885568565909259,
75.));
#1598=CARTESIAN_POINT('Ctrl Pts',(2.12334076491215,-0.00884817572769756,
75.));
#1599=CARTESIAN_POINT('Ctrl Pts',(2.12990730258369,-0.00884064345997709,
74.9999871863565));
#1600=CARTESIAN_POINT('Ctrl Pts',(2.34206241299947,-0.00859658802356206,
74.9991590774603));
#1601=CARTESIAN_POINT('Ctrl Pts',(2.54686004475678,-0.00834113732676461,
74.9857915236096));
#1602=CARTESIAN_POINT('Ctrl Pts',(2.74980906902527,-0.00808038665531438,
74.9600476794791));
#1603=CARTESIAN_POINT('',(0.176282098479977,-1.62343774406436,75.));
#1604=CARTESIAN_POINT('Ctrl Pts',(2.11670016013993,-0.00884853353282742,
75.));
#1605=CARTESIAN_POINT('Ctrl Pts',(2.09380725929153,-0.243601634698909,75.));
#1606=CARTESIAN_POINT('Ctrl Pts',(1.94210829295185,-0.745534739854499,75.));
#1607=CARTESIAN_POINT('Ctrl Pts',(1.30697670002627,-1.46545988864918,75.));
#1608=CARTESIAN_POINT('Ctrl Pts',(0.593138734829912,-1.65963519335635,75.));
#1609=CARTESIAN_POINT('Ctrl Pts',(0.176282098479977,-1.62343774406436,75.));
#1610=CARTESIAN_POINT('',(0.0292935523546029,-6.62187600398651,70.1249598405394));
#1611=CARTESIAN_POINT('Ctrl Pts',(0.176282098479978,-1.62343774406436,75.));
#1612=CARTESIAN_POINT('Ctrl Pts',(0.175863806248863,-1.63309013507713,75.));
#1613=CARTESIAN_POINT('Ctrl Pts',(0.175447203018025,-1.64274258006568,74.9999720493964));
#1614=CARTESIAN_POINT('Ctrl Pts',(0.149936377659526,-2.23616484057257,74.9965352212229));
#1615=CARTESIAN_POINT('Ctrl Pts',(0.130479564459674,-2.81511378946092,74.8909264702421));
#1616=CARTESIAN_POINT('Ctrl Pts',(0.0947420992793235,-3.97304980001083,
74.4612782193287));
#1617=CARTESIAN_POINT('Ctrl Pts',(0.0797362755401026,-4.5333450061024,74.1178060418281));
#1618=CARTESIAN_POINT('Ctrl Pts',(0.0553439116242773,-5.4906926037958,73.2354295456201));
#1619=CARTESIAN_POINT('Ctrl Pts',(0.0462425626886615,-5.87862445960357,
72.7050241813562));
#1620=CARTESIAN_POINT('Ctrl Pts',(0.033540952350043,-6.4293594825211,71.5253792971918));
#1621=CARTESIAN_POINT('Ctrl Pts',(0.0300717061421011,-6.58691910905881,
70.8874440887125));
#1622=CARTESIAN_POINT('Ctrl Pts',(0.0293445819533744,-6.61958303800465,
70.1998378124157));
#1623=CARTESIAN_POINT('Ctrl Pts',(0.0293143851876649,-6.62093986905059,
70.1624052379764));
#1624=CARTESIAN_POINT('Ctrl Pts',(0.0292935529723235,-6.62187597610497,
70.124960955801));
#1625=CARTESIAN_POINT('',(7.12149391408519,-0.00198220877517104,70.124959488255));
#1626=CARTESIAN_POINT('Ctrl Pts',(0.0293042022711661,-6.6216276539389,70.1249598405376));
#1627=CARTESIAN_POINT('Ctrl Pts',(1.51648077747977,-6.68540178505267,70.1249597947218));
#1628=CARTESIAN_POINT('Ctrl Pts',(4.0904641057086,-5.93134707687853,70.1249597139881));
#1629=CARTESIAN_POINT('Ctrl Pts',(6.54140771633077,-3.1531890831119,70.1249595939195));
#1630=CARTESIAN_POINT('Ctrl Pts',(7.09576365352336,-1.0579821481457,70.124959520648));
#1631=CARTESIAN_POINT('Ctrl Pts',(7.12149391420891,-0.00198220877818678,
70.1249594833045));
#1632=CARTESIAN_POINT('Ctrl Pts',(5.24978439163622,-0.00465130614837417,
73.9010520741862));
#1633=CARTESIAN_POINT('Ctrl Pts',(5.36857109332809,-0.00448327889076716,
73.8058775420429));
#1634=CARTESIAN_POINT('Ctrl Pts',(5.4831510839011,-0.00432084737056211,
73.7051677545534));
#1635=CARTESIAN_POINT('Ctrl Pts',(6.06182871656877,-0.00349924712126209,
73.1474516108245));
#1636=CARTESIAN_POINT('Ctrl Pts',(6.43782047036611,-0.00296144104183981,
72.6085145408406));
#1637=CARTESIAN_POINT('Ctrl Pts',(6.96201340057783,-0.00221113404622239,
71.4168928016185));
#1638=CARTESIAN_POINT('Ctrl Pts',(7.10522199747547,-0.00200554844867402,
70.7756279342104));
#1639=CARTESIAN_POINT('Ctrl Pts',(7.12149391408519,-0.00198220877518,70.124959488255));
#1640=CARTESIAN_POINT('Origin',(-0.97849416602732,-0.000953011937136414,
56.));
#1641=CARTESIAN_POINT('',(0.0215056819882892,-6.97501378334045,55.9994486663819));
#1642=CARTESIAN_POINT('',(-0.97849416602732,-7.,55.));
#1643=CARTESIAN_POINT('Ctrl Pts',(0.0215056819882875,-6.97501378334045,
55.9994486663819));
#1644=CARTESIAN_POINT('Ctrl Pts',(0.0214548365125616,-6.97730863377287,
55.9076546490902));
#1645=CARTESIAN_POINT('Ctrl Pts',(0.0087645696623885,-6.97959676674865,
55.8161280085541));
#1646=CARTESIAN_POINT('Ctrl Pts',(-0.0163437656738825,-6.98181311642922,
55.7274808977115));
#1647=CARTESIAN_POINT('Ctrl Pts',(-0.0497485544493067,-6.98476180625435,
55.6095424532232));
#1648=CARTESIAN_POINT('Ctrl Pts',(-0.10455674822443,-6.98753246053661,55.4987398861198));
#1649=CARTESIAN_POINT('Ctrl Pts',(-0.178034126118316,-6.98998808586367,
55.4006128094081));
#1650=CARTESIAN_POINT('Ctrl Pts',(-0.251563446764822,-6.99244544712556,
55.3024163645367));
#1651=CARTESIAN_POINT('Ctrl Pts',(-0.342490434660263,-6.99454406766941,
55.2186458345391));
#1652=CARTESIAN_POINT('Ctrl Pts',(-0.446211312952462,-6.9961820980781,55.1534307101726));
#1653=CARTESIAN_POINT('Ctrl Pts',(-0.454600198604113,-6.99631458104603,
55.1481561480008));
#1654=CARTESIAN_POINT('Ctrl Pts',(-0.463072747094019,-6.99644405074226,
55.1430029656885));
#1655=CARTESIAN_POINT('Ctrl Pts',(-0.471626507961279,-6.99657045308198,
55.1379733480311));
#1656=CARTESIAN_POINT('Ctrl Pts',(-0.556424177143942,-6.99782354209788,
55.0881122564196));
#1657=CARTESIAN_POINT('Ctrl Pts',(-0.648119139751888,-6.99875915165345,
55.0510342066168));
#1658=CARTESIAN_POINT('Ctrl Pts',(-0.743745748561032,-6.99934732230309,
55.0279412034605));
#1659=CARTESIAN_POINT('Ctrl Pts',(-0.820608686433775,-6.99982008322878,
55.0093794653732));
#1660=CARTESIAN_POINT('Ctrl Pts',(-0.8994030122928,-7.00006462082061,54.9999999999998));
#1661=CARTESIAN_POINT('Ctrl Pts',(-0.978476153902135,-7.00007574897394,
55.));
#1662=CARTESIAN_POINT('',(-0.97849416602732,7.,55.));
#1663=CARTESIAN_POINT('',(-0.97849416602732,-0.000953011937136414,55.));
#1664=CARTESIAN_POINT('',(0.0199474822881875,6.97639514222147,55.9441943111411));
#1665=CARTESIAN_POINT('Ctrl Pts',(-0.97847617351498,7.00007557099885,55.0000000000001));
#1666=CARTESIAN_POINT('Ctrl Pts',(-0.937983665334891,7.00006987654459,55.0000000081656));
#1667=CARTESIAN_POINT('Ctrl Pts',(-0.897494892044769,7.00000296148861,55.002459630991));
#1668=CARTESIAN_POINT('Ctrl Pts',(-0.857234480829517,6.99987490532081,55.007377455024));
#1669=CARTESIAN_POINT('Ctrl Pts',(-0.771523281263564,6.99960228396838,55.0178471095655));
#1670=CARTESIAN_POINT('Ctrl Pts',(-0.687529379647974,6.99905474241694,55.0393747754643));
#1671=CARTESIAN_POINT('Ctrl Pts',(-0.607350703407107,6.99824589539294,55.0714214677086));
#1672=CARTESIAN_POINT('Ctrl Pts',(-0.500329012376799,6.99716625451643,55.114197070359));
#1673=CARTESIAN_POINT('Ctrl Pts',(-0.401508186030574,6.99563523648342,55.1751530248905));
#1674=CARTESIAN_POINT('Ctrl Pts',(-0.31525825512611,6.99371968146459,55.2515876282376));
#1675=CARTESIAN_POINT('Ctrl Pts',(-0.222818363954717,6.99166665144338,55.3335077682429));
#1676=CARTESIAN_POINT('Ctrl Pts',(-0.146408082330871,6.98920716365783,55.4317986131437));
#1677=CARTESIAN_POINT('Ctrl Pts',(-0.0898377078769026,6.9864654171248,55.5414258816751));
#1678=CARTESIAN_POINT('Ctrl Pts',(-0.0860813248490212,6.98628335981578,
55.5487053457917));
#1679=CARTESIAN_POINT('Ctrl Pts',(-0.0824124013784043,6.98610005801345,
55.5560347946785));
#1680=CARTESIAN_POINT('Ctrl Pts',(-0.0788320451118114,6.98591554811997,
55.563412754395));
#1681=CARTESIAN_POINT('Ctrl Pts',(-0.0210183350498772,6.98293617939499,
55.6825481677833));
#1682=CARTESIAN_POINT('Ctrl Pts',(0.0125579713172732,6.97970036245705,55.8119856546196));
#1683=CARTESIAN_POINT('Ctrl Pts',(0.0199474822881922,6.97639514222147,55.9441943111412));
#1684=CARTESIAN_POINT('',(0.0215056819882892,6.97507530973831,55.9994486663819));
#1685=CARTESIAN_POINT('Ctrl Pts',(0.0199474822881874,6.97639514222147,55.9441943111411));
#1686=CARTESIAN_POINT('Ctrl Pts',(0.0209761438955921,6.97597613199236,55.9625985027541));
#1687=CARTESIAN_POINT('Ctrl Pts',(0.0214955236818412,6.97553590298023,55.9810236972327));
#1688=CARTESIAN_POINT('Ctrl Pts',(0.0215056819882891,6.97507530973831,55.9994486663819));
#1689=CARTESIAN_POINT('',(0.0215056819882892,-0.000953011937136414,55.9994486663819));
#1690=CARTESIAN_POINT('Origin',(0.0209546522552338,0.,55.));
#1691=CARTESIAN_POINT('',(0.0215059858732997,6.97506153112444,55.9999998480156));
#1692=CARTESIAN_POINT('Ctrl Pts',(0.0215059858732997,6.97506153112444,55.9999998480156));
#1693=CARTESIAN_POINT('Ctrl Pts',(0.0215058845782962,6.97506612399573,55.9998161208044));
#1694=CARTESIAN_POINT('Ctrl Pts',(0.0215057832832927,6.97507071686702,55.9996323935931));
#1695=CARTESIAN_POINT('Ctrl Pts',(0.0215056819882892,6.97507530973831,55.9994486663819));
#1696=CARTESIAN_POINT('',(0.0215059858732997,-6.97500000379961,55.9999998480156));
#1697=CARTESIAN_POINT('',(0.0215059858732997,0.,55.9999998480156));
#1698=CARTESIAN_POINT('',(0.0319813262924359,-6.5,75.));
#1699=CARTESIAN_POINT('Ctrl Pts',(7.1214938773848,-0.00198220882784005,
70.124960955801));
#1700=CARTESIAN_POINT('Ctrl Pts',(7.23970474648425,-0.0018125618940607,
65.3980387409144));
#1701=CARTESIAN_POINT('Ctrl Pts',(7.3579156155837,-0.00164291496028135,
60.6711165260277));
#1702=CARTESIAN_POINT('Ctrl Pts',(7.47612648468315,-0.001473268026502,55.9441943111411));
#1703=CARTESIAN_POINT('Ctrl Pts',(7.09348599427202,1.02634347514574,70.124960955801));
#1704=CARTESIAN_POINT('Ctrl Pts',(7.21169030102338,1.04442685089022,65.3980387409144));
#1705=CARTESIAN_POINT('Ctrl Pts',(7.32983307832855,1.06246510507902,60.6711165260278));
#1706=CARTESIAN_POINT('Ctrl Pts',(7.44803738507991,1.0805484808235,55.9441943111411));
#1707=CARTESIAN_POINT('Ctrl Pts',(6.56246591797195,3.06467117328638,70.124960955801));
#1708=CARTESIAN_POINT('Ctrl Pts',(6.67232090770083,3.11848561468029,65.3980387409144));
#1709=CARTESIAN_POINT('Ctrl Pts',(6.7821101616529,3.17213019072698,60.6711165260277));
#1710=CARTESIAN_POINT('Ctrl Pts',(6.89196515138178,3.22594463212089,55.9441943111411));
#1711=CARTESIAN_POINT('Ctrl Pts',(4.16661851750439,5.88254201410352,70.124960955801));
#1712=CARTESIAN_POINT('Ctrl Pts',(4.2359316633551,5.98629768640544,65.3980387409143));
#1713=CARTESIAN_POINT('Ctrl Pts',(4.30523971459853,6.09007676884252,60.6711165260278));
#1714=CARTESIAN_POINT('Ctrl Pts',(4.37455286044924,6.19383244114443,55.9441943111411));
#1715=CARTESIAN_POINT('Ctrl Pts',(1.56895157903509,6.68562962303441,70.124960955801));
#1716=CARTESIAN_POINT('Ctrl Pts',(1.59340313781115,6.8044820493781,65.3980387409144));
#1717=CARTESIAN_POINT('Ctrl Pts',(1.61775733551904,6.92295051440126,60.6711165260277));
#1718=CARTESIAN_POINT('Ctrl Pts',(1.6422088942951,7.04180294074495,55.9441943111411));
#1719=CARTESIAN_POINT('Ctrl Pts',(0.0272084601279173,6.62187597610498,70.124960955801));
#1720=CARTESIAN_POINT('Ctrl Pts',(0.0247881341813407,6.74004903147714,65.3980387409144));
#1721=CARTESIAN_POINT('Ctrl Pts',(0.022367808234764,6.85822208684931,60.6711165260277));
#1722=CARTESIAN_POINT('Ctrl Pts',(0.0199474822881874,6.97639514222147,55.9441943111411));
#1723=CARTESIAN_POINT('',(0.0272084601279186,6.62187597610498,70.124960955801));
#1724=CARTESIAN_POINT('',(0.0297046263335065,6.50000000000001,75.));
#1725=CARTESIAN_POINT('Ctrl Pts',(7.12149391408519,-0.00198220877517946,
70.124959488255));
#1726=CARTESIAN_POINT('Ctrl Pts',(7.07845734511639,1.57813033133298,70.1249595706195));
#1727=CARTESIAN_POINT('Ctrl Pts',(6.0493128768546,4.17452052853697,70.1249597021277));
#1728=CARTESIAN_POINT('Ctrl Pts',(3.0244448627564,6.3087985204127,70.1249598686714));
#1729=CARTESIAN_POINT('Ctrl Pts',(0.99193930762464,6.6610496673326,70.1249599564393));
#1730=CARTESIAN_POINT('Ctrl Pts',(0.0272122132293002,6.62178376545714,70.1249599971143));
#1731=CARTESIAN_POINT('',(7.29288817655086,-0.00173623722182536,63.2713820386931));
#1732=CARTESIAN_POINT('',(6.99957890266962,-0.00215717160241213,75.));
#1733=CARTESIAN_POINT('Ctrl Pts',(7.29288817655086,-0.00173623722182562,
63.2713820386931));
#1734=CARTESIAN_POINT('Ctrl Pts',(7.28218203293205,0.410766627383761,63.2606758950743));
#1735=CARTESIAN_POINT('Ctrl Pts',(7.23594734951412,0.817785877128342,63.2144412116564));
#1736=CARTESIAN_POINT('Ctrl Pts',(7.07577751904214,1.61971540729398,63.0542713811844));
#1737=CARTESIAN_POINT('Ctrl Pts',(6.9617896144733,2.00842547420604,62.9402834767829));
#1738=CARTESIAN_POINT('Ctrl Pts',(6.52363189536418,3.15027532318774,62.5021257576738));
#1739=CARTESIAN_POINT('Ctrl Pts',(6.11182551945423,3.82509671113515,62.0903193815013));
#1740=CARTESIAN_POINT('Ctrl Pts',(4.94574581217369,5.22543608792135,60.9242396742208));
#1741=CARTESIAN_POINT('Ctrl Pts',(4.0775682209507,5.88785289997027,60.056062083093));
#1742=CARTESIAN_POINT('Ctrl Pts',(2.10728677626142,6.78190587852212,58.0857806384037));
#1743=CARTESIAN_POINT('Ctrl Pts',(1.05738129713728,6.99069121902195,57.0358751592796));
#1744=CARTESIAN_POINT('Ctrl Pts',(0.0215059858733027,6.97506153112444,55.9999998480156));
#1745=CARTESIAN_POINT('Origin',(0.0215059858732997,0.,55.9999998480156));
#1746=CARTESIAN_POINT('Ctrl Pts',(0.0215059858732994,-6.97500000379961,
55.9999998480156));
#1747=CARTESIAN_POINT('Ctrl Pts',(0.773239691282063,-6.98882773610948,56.7517335534244));
#1748=CARTESIAN_POINT('Ctrl Pts',(1.53078765472714,-6.88405167598207,57.5092815168694));
#1749=CARTESIAN_POINT('Ctrl Pts',(2.97704861918764,-6.43651322938763,58.9555424813299));
#1750=CARTESIAN_POINT('Ctrl Pts',(3.67674320771061,-6.09779718090798,59.6552370698529));
#1751=CARTESIAN_POINT('Ctrl Pts',(4.97228278468949,-5.16551425221951,60.9507766468317));
#1752=CARTESIAN_POINT('Ctrl Pts',(5.57747470908962,-4.56561845820957,61.5559685711527));
#1753=CARTESIAN_POINT('Ctrl Pts',(6.45136570146863,-3.26863405562583,62.4298595635317));
#1754=CARTESIAN_POINT('Ctrl Pts',(6.76488279275564,-2.63398531218928,62.7433766548978));
#1755=CARTESIAN_POINT('Ctrl Pts',(7.16888700965138,-1.31728730712437,63.1473808717935));
#1756=CARTESIAN_POINT('Ctrl Pts',(7.27744002955362,-0.668997350256161,63.2559338916959));
#1757=CARTESIAN_POINT('Ctrl Pts',(7.29288817655086,-0.00173623722182575,
63.2713820386931));
#1758=CARTESIAN_POINT('Ctrl Pts',(0.0292935523546038,-6.62187600398651,
70.1249598405394));
#1759=CARTESIAN_POINT('Ctrl Pts',(0.0266976968608358,-6.73958400392421,
65.4166398430315));
#1760=CARTESIAN_POINT('Ctrl Pts',(0.0241018413670678,-6.85729200386191,
60.7083198455235));
#1761=CARTESIAN_POINT('Ctrl Pts',(0.0215059858732998,-6.97500000379961,
55.9999998480156));
#1762=CARTESIAN_POINT('Ctrl Pts',(1.05739273401276,-6.66765751070923,70.1249598405394));
#1763=CARTESIAN_POINT('Ctrl Pts',(1.07268386877594,-6.78578141707851,65.4166398430315));
#1764=CARTESIAN_POINT('Ctrl Pts',(1.08793103139872,-6.90384247639669,60.7083198455236));
#1765=CARTESIAN_POINT('Ctrl Pts',(1.1032221661619,-7.02196638276597,55.9999998480156));
#1766=CARTESIAN_POINT('Ctrl Pts',(3.12937577678337,-6.28207088321337,70.1249598405394));
#1767=CARTESIAN_POINT('Ctrl Pts',(3.18054201196007,-6.3926765206537,65.4166398430315));
#1768=CARTESIAN_POINT('Ctrl Pts',(3.23153855643587,-6.50321244167348,60.7083198455235));
#1769=CARTESIAN_POINT('Ctrl Pts',(3.28270479161258,-6.61381807911381,55.9999998480156));
#1770=CARTESIAN_POINT('Ctrl Pts',(6.10790056074335,-4.08532820817273,70.1249598405394));
#1771=CARTESIAN_POINT('Ctrl Pts',(6.20982589544331,-4.15652515199279,65.4166398430315));
#1772=CARTESIAN_POINT('Ctrl Pts',(6.31177497149247,-4.22771746268436,60.7083198455236));
#1773=CARTESIAN_POINT('Ctrl Pts',(6.41370030619244,-4.29891440650441,55.9999998480156));
#1774=CARTESIAN_POINT('Ctrl Pts',(7.08389217753024,-1.54520107045046,70.1249598405394));
#1775=CARTESIAN_POINT('Ctrl Pts',(7.20180317546025,-1.57188449161208,65.4166398430315));
#1776=CARTESIAN_POINT('Ctrl Pts',(7.31932943095044,-1.5984620051757,60.7083198455235));
#1777=CARTESIAN_POINT('Ctrl Pts',(7.43724042888045,-1.62514542633732,55.9999998480156));
#1778=CARTESIAN_POINT('Ctrl Pts',(7.12149390527526,-0.00198220878781017,
70.1249598405394));
#1779=CARTESIAN_POINT('Ctrl Pts',(7.239239570129,-0.00181322947854514,65.4166398430315));
#1780=CARTESIAN_POINT('Ctrl Pts',(7.35698523498274,-0.00164425016928012,
60.7083198455235));
#1781=CARTESIAN_POINT('Ctrl Pts',(7.47473089983648,-0.00147527086001509,
55.9999998480156));
#1782=CARTESIAN_POINT('',(0.0319813262924359,-6.5,75.));
#1783=CARTESIAN_POINT('Ctrl Pts',(-2.12343774406436,-1.62343774406436,75.));
#1784=CARTESIAN_POINT('Ctrl Pts',(-2.12343774406436,-0.54114591468812,75.));
#1785=CARTESIAN_POINT('Ctrl Pts',(-2.12343774406436,0.541145914688121,75.));
#1786=CARTESIAN_POINT('Ctrl Pts',(-2.12343774406436,1.62343774406436,75.));
#1787=CARTESIAN_POINT('Ctrl Pts',(-2.8595337122434,-1.62343774406436,75.));
#1788=CARTESIAN_POINT('Ctrl Pts',(-2.8595337122434,-0.541145914688119,75.));
#1789=CARTESIAN_POINT('Ctrl Pts',(-2.8595337122434,0.54114591468812,75.));
#1790=CARTESIAN_POINT('Ctrl Pts',(-2.8595337122434,1.62343774406436,75.));
#1791=CARTESIAN_POINT('Ctrl Pts',(-4.32879821357809,-1.62343774406436,74.668634620062));
#1792=CARTESIAN_POINT('Ctrl Pts',(-4.32879821357809,-0.54114591468812,74.668634620062));
#1793=CARTESIAN_POINT('Ctrl Pts',(-4.32879821357809,0.541145914688122,74.668634620062));
#1794=CARTESIAN_POINT('Ctrl Pts',(-4.32879821357809,1.62343774406436,74.668634620062));
#1795=CARTESIAN_POINT('Ctrl Pts',(-6.41399135737499,-1.62343774406436,73.0461177868381));
#1796=CARTESIAN_POINT('Ctrl Pts',(-6.41399135737499,-0.541145914688119,
73.0461177868381));
#1797=CARTESIAN_POINT('Ctrl Pts',(-6.41399135737499,0.541145914688122,73.0461177868381));
#1798=CARTESIAN_POINT('Ctrl Pts',(-6.41399135737499,1.62343774406436,73.0461177868381));
#1799=CARTESIAN_POINT('Ctrl Pts',(-7.0942809993815,-1.62343774406436,71.2287600247401));
#1800=CARTESIAN_POINT('Ctrl Pts',(-7.0942809993815,-0.541145914688121,71.2287600247401));
#1801=CARTESIAN_POINT('Ctrl Pts',(-7.0942809993815,0.541145914688121,71.2287600247401));
#1802=CARTESIAN_POINT('Ctrl Pts',(-7.0942809993815,1.62343774406436,71.2287600247401));
#1803=CARTESIAN_POINT('Ctrl Pts',(-7.12187597610497,-1.62343774406436,70.124960955801));
#1804=CARTESIAN_POINT('Ctrl Pts',(-7.12187597610497,-0.54114591468812,70.124960955801));
#1805=CARTESIAN_POINT('Ctrl Pts',(-7.12187597610497,0.541145914688121,70.124960955801));
#1806=CARTESIAN_POINT('Ctrl Pts',(-7.12187597610497,1.62343774406436,70.124960955801));
#1807=CARTESIAN_POINT('Ctrl Pts',(-2.12343774406436,-1.62343774406436,75.));
#1808=CARTESIAN_POINT('Ctrl Pts',(-2.12343774406436,-0.54114591468812,75.));
#1809=CARTESIAN_POINT('Ctrl Pts',(-2.12343774406436,0.541145914688121,75.));
#1810=CARTESIAN_POINT('Ctrl Pts',(-2.12343774406436,1.62343774406436,75.));
#1811=CARTESIAN_POINT('Ctrl Pts',(-7.12187597610497,1.62343774406436,70.124960955801));
#1812=CARTESIAN_POINT('Ctrl Pts',(-7.12187597610497,0.541145914688121,70.124960955801));
#1813=CARTESIAN_POINT('Ctrl Pts',(-7.12187597610497,-0.54114591468812,70.124960955801));
#1814=CARTESIAN_POINT('Ctrl Pts',(-7.12187597610497,-1.62343774406436,70.124960955801));
#1815=CARTESIAN_POINT('Ctrl Pts',(7.12149391408519,-0.00198220877517946,
70.124959488255));
#1816=CARTESIAN_POINT('Ctrl Pts',(7.07845734511639,1.57813033133298,70.1249595706195));
#1817=CARTESIAN_POINT('Ctrl Pts',(6.0493128768546,4.17452052853697,70.1249597021277));
#1818=CARTESIAN_POINT('Ctrl Pts',(2.95050754382723,6.36096700903215,70.1249598727422));
#1819=CARTESIAN_POINT('Ctrl Pts',(0.814171724462059,6.69014351163975,70.1249599640774));
#1820=CARTESIAN_POINT('Ctrl Pts',(-0.236259131550111,6.60586535163002,70.1249600082008));
#1821=CARTESIAN_POINT('Ctrl Pts',(7.10310429513249,-0.00248307567320036,
70.8608256793819));
#1822=CARTESIAN_POINT('Ctrl Pts',(7.06017909294409,1.57354012907982,70.8608257535955));
#1823=CARTESIAN_POINT('Ctrl Pts',(6.03416220870306,4.16276635263611,70.8608258721026));
#1824=CARTESIAN_POINT('Ctrl Pts',(2.9434201468995,6.343523833655,70.8608260258338));
#1825=CARTESIAN_POINT('Ctrl Pts',(0.81292445619849,6.67158781756884,70.8608261081386));
#1826=CARTESIAN_POINT('Ctrl Pts',(-0.234787870398512,6.58752776415771,70.8608261478955));
#1827=CARTESIAN_POINT('Ctrl Pts',(6.73528105229706,-0.0125012542517138,
72.3213892449791));
#1828=CARTESIAN_POINT('Ctrl Pts',(6.69467953925637,1.47820574754086,72.3213892976896));
#1829=CARTESIAN_POINT('Ctrl Pts',(5.72421762141702,3.92725496209489,72.3213893821175));
#1830=CARTESIAN_POINT('Ctrl Pts',(2.80079051726131,5.98995876623174,72.321389491326));
#1831=CARTESIAN_POINT('Ctrl Pts',(0.785635324138308,6.30025620334373,72.321389549945));
#1832=CARTESIAN_POINT('Ctrl Pts',(-0.205360290237458,6.22074663579348,72.3213895781825));
#1833=CARTESIAN_POINT('Ctrl Pts',(5.06178860961587,-0.0580811529316736,
74.36543418351));
#1834=CARTESIAN_POINT('Ctrl Pts',(5.03176160668526,1.04437655185209,74.3654341975514));
#1835=CARTESIAN_POINT('Ctrl Pts',(4.31389124859298,2.85573458089938,74.3654342199738));
#1836=CARTESIAN_POINT('Ctrl Pts',(2.15184503239937,4.38122519244325,74.3654342490602));
#1837=CARTESIAN_POINT('Ctrl Pts',(0.661421276415301,4.61079758260259,74.3654342646328));
#1838=CARTESIAN_POINT('Ctrl Pts',(-0.0714731036273885,4.55199599066415,
74.3654342721549));
#1839=CARTESIAN_POINT('Ctrl Pts',(3.22864343903051,-0.108009416131399,75.));
#1840=CARTESIAN_POINT('Ctrl Pts',(3.21018928128325,0.569545264466071,74.9999999997659));
#1841=CARTESIAN_POINT('Ctrl Pts',(2.76977450575856,1.68203490075559,75.0000000002587));
#1842=CARTESIAN_POINT('Ctrl Pts',(1.44108485315339,2.61952860428529,74.9999999998416));
#1843=CARTESIAN_POINT('Ctrl Pts',(0.525613453339141,2.76018372927168,75.0000000001254));
#1844=CARTESIAN_POINT('Ctrl Pts',(0.0751870344693467,2.72404511455488,75.));
#1845=CARTESIAN_POINT('Ctrl Pts',(2.12490858806972,-0.138071172846435,75.));
#1846=CARTESIAN_POINT('Ctrl Pts',(2.11343597357313,0.283152529133531,75.));
#1847=CARTESIAN_POINT('Ctrl Pts',(1.83908839505852,0.975293851835311,75.));
#1848=CARTESIAN_POINT('Ctrl Pts',(1.01301401381335,1.55815313962289,75.));
#1849=CARTESIAN_POINT('Ctrl Pts',(0.443513105898885,1.64590447873094,75.));
#1850=CARTESIAN_POINT('Ctrl Pts',(0.163490955026549,1.62343774406437,75.));
#1851=CARTESIAN_POINT('',(0.163490955026548,1.62343774406437,75.));
#1852=CARTESIAN_POINT('Ctrl Pts',(0.0272084601302023,6.62187597610498,70.124960955801));
#1853=CARTESIAN_POINT('Ctrl Pts',(0.0275446819944313,6.60560744016997,70.7757023932014));
#1854=CARTESIAN_POINT('Ctrl Pts',(0.0304673829668371,6.46241503096718,71.4170383918783));
#1855=CARTESIAN_POINT('Ctrl Pts',(0.0416508304067525,5.93829740377691,72.6087868848735));
#1856=CARTESIAN_POINT('Ctrl Pts',(0.0497966650671063,5.56236530055054,73.1477842297897));
#1857=CARTESIAN_POINT('Ctrl Pts',(0.0717914585454806,4.62505216950365,74.0514432994398));
#1858=CARTESIAN_POINT('Ctrl Pts',(0.0853875708054574,4.07260461372903,74.407413488313));
#1859=CARTESIAN_POINT('Ctrl Pts',(0.118745672700305,2.88983887145597,74.8767352617631));
#1860=CARTESIAN_POINT('Ctrl Pts',(0.137621359339936,2.27452668403741,74.9961933152688));
#1861=CARTESIAN_POINT('Ctrl Pts',(0.162693698772523,1.6433845748468,74.9999701594217));
#1862=CARTESIAN_POINT('Ctrl Pts',(0.16309150422554,1.63341113743624,75.));
#1863=CARTESIAN_POINT('Ctrl Pts',(0.163490955026549,1.62343774406437,75.));
#1864=CARTESIAN_POINT('Ctrl Pts',(0.163490955026549,1.62343774406437,75.));
#1865=CARTESIAN_POINT('Ctrl Pts',(0.443513105898885,1.64590447873094,75.));
#1866=CARTESIAN_POINT('Ctrl Pts',(1.01301401381335,1.55815313962289,75.));
#1867=CARTESIAN_POINT('Ctrl Pts',(1.80281146062626,1.00089003136388,75.));
#1868=CARTESIAN_POINT('Ctrl Pts',(2.07850842848888,0.367216780979398,75.));
#1869=CARTESIAN_POINT('Ctrl Pts',(2.11660069990951,-0.00887284408306186,
75.));
#1870=CARTESIAN_POINT('Ctrl Pts',(0.163490955026542,6.62187597610498,70.124960955801));
#1871=CARTESIAN_POINT('Ctrl Pts',(-0.598818611337095,6.62187597610498,70.124960955801));
#1872=CARTESIAN_POINT('Ctrl Pts',(-1.36112817770073,6.62187597610498,70.124960955801));
#1873=CARTESIAN_POINT('Ctrl Pts',(-2.12343774406437,6.62187597610498,70.124960955801));
#1874=CARTESIAN_POINT('Ctrl Pts',(0.163490955026542,6.603479324956,70.8608270017604));
#1875=CARTESIAN_POINT('Ctrl Pts',(-0.598818611337095,6.60347932495599,70.8608270017604));
#1876=CARTESIAN_POINT('Ctrl Pts',(-1.36112817770073,6.60347932495599,70.8608270017604));
#1877=CARTESIAN_POINT('Ctrl Pts',(-2.12343774406437,6.60347932495599,70.8608270017604));
#1878=CARTESIAN_POINT('Ctrl Pts',(0.163490955026542,6.23549730890244,72.3213510261314));
#1879=CARTESIAN_POINT('Ctrl Pts',(-0.598818611337095,6.23549730890244,72.3213510261314));
#1880=CARTESIAN_POINT('Ctrl Pts',(-1.36112817770073,6.23549730890244,72.3213510261314));
#1881=CARTESIAN_POINT('Ctrl Pts',(-2.12343774406437,6.23549730890244,72.3213510261314));
#1882=CARTESIAN_POINT('Ctrl Pts',(0.163490955026545,4.56137372898344,74.3653426015035));
#1883=CARTESIAN_POINT('Ctrl Pts',(-0.598818611337091,4.56137372898344,74.3653426015035));
#1884=CARTESIAN_POINT('Ctrl Pts',(-1.36112817770073,4.56137372898344,74.3653426015035));
#1885=CARTESIAN_POINT('Ctrl Pts',(-2.12343774406436,4.56137372898344,74.3653426015035));
#1886=CARTESIAN_POINT('Ctrl Pts',(0.163490955026549,2.72758169633292,75.));
#1887=CARTESIAN_POINT('Ctrl Pts',(-0.598818611337088,2.72758169633292,75.));
#1888=CARTESIAN_POINT('Ctrl Pts',(-1.36112817770073,2.72758169633292,75.));
#1889=CARTESIAN_POINT('Ctrl Pts',(-2.12343774406436,2.72758169633292,75.));
#1890=CARTESIAN_POINT('Ctrl Pts',(0.163490955026551,1.62343774406437,75.));
#1891=CARTESIAN_POINT('Ctrl Pts',(-0.598818611337086,1.62343774406436,75.));
#1892=CARTESIAN_POINT('Ctrl Pts',(-1.36112817770072,1.62343774406436,75.));
#1893=CARTESIAN_POINT('Ctrl Pts',(-2.12343774406436,1.62343774406436,75.));
#1894=CARTESIAN_POINT('Ctrl Pts',(-2.12343774406436,1.62343774406436,75.));
#1895=CARTESIAN_POINT('Ctrl Pts',(-1.36112817770072,1.62343774406436,75.));
#1896=CARTESIAN_POINT('Ctrl Pts',(-0.598818611337086,1.62343774406436,75.));
#1897=CARTESIAN_POINT('Ctrl Pts',(0.163490955026551,1.62343774406437,75.));
#1898=CARTESIAN_POINT('Ctrl Pts',(0.0272084601279193,6.62187597610498,70.124960955801));
#1899=CARTESIAN_POINT('Ctrl Pts',(-0.689673607936177,6.62187597610498,70.124960955801));
#1900=CARTESIAN_POINT('Ctrl Pts',(-1.40655567600027,6.62187597610498,70.124960955801));
#1901=CARTESIAN_POINT('Ctrl Pts',(-2.12343774406437,6.62187597610498,70.124960955801));
#1902=CARTESIAN_POINT('Ctrl Pts',(-2.12343774406436,-6.62187597610497,70.124960955801));
#1903=CARTESIAN_POINT('Ctrl Pts',(-1.35686446321625,-6.62187597610497,70.124960955801));
#1904=CARTESIAN_POINT('Ctrl Pts',(-0.590291182368136,-6.62187597610497,
70.124960955801));
#1905=CARTESIAN_POINT('Ctrl Pts',(0.176282098479976,-6.62187597610497,70.124960955801));
#1906=CARTESIAN_POINT('Ctrl Pts',(-2.12343774406436,-6.60347932495599,70.8608270017604));
#1907=CARTESIAN_POINT('Ctrl Pts',(-1.35686446321625,-6.60347932495599,70.8608270017604));
#1908=CARTESIAN_POINT('Ctrl Pts',(-0.590291182368136,-6.60347932495599,
70.8608270017604));
#1909=CARTESIAN_POINT('Ctrl Pts',(0.176282098479976,-6.60347932495599,70.8608270017604));
#1910=CARTESIAN_POINT('Ctrl Pts',(-2.12343774406436,-6.23549730890244,72.3213510261314));
#1911=CARTESIAN_POINT('Ctrl Pts',(-1.35686446321625,-6.23549730890244,72.3213510261314));
#1912=CARTESIAN_POINT('Ctrl Pts',(-0.590291182368136,-6.23549730890244,
72.3213510261314));
#1913=CARTESIAN_POINT('Ctrl Pts',(0.176282098479976,-6.23549730890244,72.3213510261314));
#1914=CARTESIAN_POINT('Ctrl Pts',(-2.12343774406436,-4.56137372898344,74.3653426015035));
#1915=CARTESIAN_POINT('Ctrl Pts',(-1.35686446321625,-4.56137372898344,74.3653426015035));
#1916=CARTESIAN_POINT('Ctrl Pts',(-0.590291182368134,-4.56137372898344,
74.3653426015035));
#1917=CARTESIAN_POINT('Ctrl Pts',(0.176282098479977,-4.56137372898344,74.3653426015035));
#1918=CARTESIAN_POINT('Ctrl Pts',(-2.12343774406436,-2.72758169633291,75.));
#1919=CARTESIAN_POINT('Ctrl Pts',(-1.35686446321625,-2.72758169633291,75.));
#1920=CARTESIAN_POINT('Ctrl Pts',(-0.590291182368135,-2.72758169633291,
75.));
#1921=CARTESIAN_POINT('Ctrl Pts',(0.176282098479978,-2.72758169633291,75.));
#1922=CARTESIAN_POINT('Ctrl Pts',(-2.12343774406436,-1.62343774406436,75.));
#1923=CARTESIAN_POINT('Ctrl Pts',(-1.35686446321625,-1.62343774406436,75.));
#1924=CARTESIAN_POINT('Ctrl Pts',(-0.590291182368134,-1.62343774406436,
75.));
#1925=CARTESIAN_POINT('Ctrl Pts',(0.176282098479978,-1.62343774406436,75.));
#1926=CARTESIAN_POINT('Ctrl Pts',(-2.12343774406436,-6.62187597610497,70.124960955801));
#1927=CARTESIAN_POINT('Ctrl Pts',(-1.40586064525804,-6.62187597610497,70.124960955801));
#1928=CARTESIAN_POINT('Ctrl Pts',(-0.688283546451719,-6.62187597610497,
70.124960955801));
#1929=CARTESIAN_POINT('Ctrl Pts',(0.0292935523546018,-6.62187597610497,
70.124960955801));
#1930=CARTESIAN_POINT('Ctrl Pts',(0.176282098479978,-1.62343774406436,75.));
#1931=CARTESIAN_POINT('Ctrl Pts',(-0.590291182368134,-1.62343774406436,
75.));
#1932=CARTESIAN_POINT('Ctrl Pts',(-1.35686446321625,-1.62343774406436,75.));
#1933=CARTESIAN_POINT('Ctrl Pts',(-2.12343774406436,-1.62343774406436,75.));
#1934=CARTESIAN_POINT('Ctrl Pts',(0.0272084601279194,6.62187597610498,70.124960955801));
#1935=CARTESIAN_POINT('Ctrl Pts',(0.0246269822459703,6.74791731740332,65.0833073038673));
#1936=CARTESIAN_POINT('Ctrl Pts',(0.0220455043640213,6.87395865870166,60.0416536519337));
#1937=CARTESIAN_POINT('Ctrl Pts',(0.0194640264820722,7.00000000000001,55.));
#1938=CARTESIAN_POINT('Ctrl Pts',(-1.41257513919059,6.62187597610498,70.124960955801));
#1939=CARTESIAN_POINT('Ctrl Pts',(-1.43739093375601,6.74791221328334,65.0833073038673));
#1940=CARTESIAN_POINT('Ctrl Pts',(-1.46220818777986,6.87396376282164,60.0416536519337));
#1941=CARTESIAN_POINT('Ctrl Pts',(-1.48702398234529,7.,55.));
#1942=CARTESIAN_POINT('Ctrl Pts',(-2.85212738071121,6.62267406597566,70.1249609558021));
#1943=CARTESIAN_POINT('Ctrl Pts',(-2.89917940341792,6.74872523717196,65.0833073038685));
#1944=CARTESIAN_POINT('Ctrl Pts',(-2.94631878834114,6.87453935785528,60.0416536519345));
#1945=CARTESIAN_POINT('Ctrl Pts',(-2.99337081104785,7.00059052905159,55.0000000000009));
#1946=CARTESIAN_POINT('Ctrl Pts',(-4.3848536301531,6.6229228776014,70.1249609558024));
#1947=CARTESIAN_POINT('Ctrl Pts',(-4.45557503240233,6.74895582976435,65.0833073038687));
#1948=CARTESIAN_POINT('Ctrl Pts',(-4.52641545629,6.87474612961205,60.0416536519347));
#1949=CARTESIAN_POINT('Ctrl Pts',(-4.59713685853923,7.000779081775,55.000000000001));
#1950=CARTESIAN_POINT('Ctrl Pts',(-4.47786872845607,6.62172685715527,70.1249609558023));
#1951=CARTESIAN_POINT('Ctrl Pts',(-4.55003172986435,6.74661889818106,65.0833073038687));
#1952=CARTESIAN_POINT('Ctrl Pts',(-4.62229397544514,6.87111756851492,60.0416536519347));
#1953=CARTESIAN_POINT('Ctrl Pts',(-4.69445697685342,6.9960096095407,55.000000000001));
#1954=CARTESIAN_POINT('Ctrl Pts',(-5.23429360098559,6.60339455925621,70.1249609558025));
#1955=CARTESIAN_POINT('Ctrl Pts',(-5.31715551337883,6.70838201711701,65.0833073038689));
#1956=CARTESIAN_POINT('Ctrl Pts',(-5.40031598266527,6.81434448692561,60.0416536519349));
#1957=CARTESIAN_POINT('Ctrl Pts',(-5.48317789505851,6.91933194478641,55.0000000000012));
#1958=CARTESIAN_POINT('Ctrl Pts',(-6.54324696884095,6.03488734977014,70.124960955803));
#1959=CARTESIAN_POINT('Ctrl Pts',(-6.63340138012908,6.11679754344994,65.0833073038693));
#1960=CARTESIAN_POINT('Ctrl Pts',(-6.72326157919435,6.19851701999928,60.0416536519352));
#1961=CARTESIAN_POINT('Ctrl Pts',(-6.81341599048248,6.28042721367908,55.0000000000016));
#1962=CARTESIAN_POINT('Ctrl Pts',(-7.10724416033735,4.72378501512696,70.1249609558039));
#1963=CARTESIAN_POINT('Ctrl Pts',(-7.2156902228451,4.79613161617741,65.0833073038702));
#1964=CARTESIAN_POINT('Ctrl Pts',(-7.32496011207921,4.86890748413223,60.0416536519359));
#1965=CARTESIAN_POINT('Ctrl Pts',(-7.43340617458696,4.94125408518268,55.0000000000023));
#1966=CARTESIAN_POINT('Ctrl Pts',(-7.12260266705914,3.98073518710522,70.1249609558043));
#1967=CARTESIAN_POINT('Ctrl Pts',(-7.24781221144722,4.04234011951318,65.0833073038706));
#1968=CARTESIAN_POINT('Ctrl Pts',(-7.37249357537257,4.10412578598702,60.0416536519362));
#1969=CARTESIAN_POINT('Ctrl Pts',(-7.49770311976065,4.16573071839498,55.0000000000025));
#1970=CARTESIAN_POINT('Ctrl Pts',(-7.12347592073378,3.90132662795467,70.1249609558043));
#1971=CARTESIAN_POINT('Ctrl Pts',(-7.24951076115619,3.96169943105928,65.0833073038706));
#1972=CARTESIAN_POINT('Ctrl Pts',(-7.37514462129109,4.02227503289418,60.0416536519362));
#1973=CARTESIAN_POINT('Ctrl Pts',(-7.50117946171349,4.08264783599879,55.0000000000025));
#1974=CARTESIAN_POINT('Ctrl Pts',(-7.12317988595405,1.27356433305547,70.1249609558034));
#1975=CARTESIAN_POINT('Ctrl Pts',(-7.24922501640508,1.29335496114616,65.0833073038697));
#1976=CARTESIAN_POINT('Ctrl Pts',(-7.37491217595951,1.31326718039237,60.0416536519355));
#1977=CARTESIAN_POINT('Ctrl Pts',(-7.50095730641053,1.33305780848306,55.0000000000018));
#1978=CARTESIAN_POINT('Ctrl Pts',(-7.12317988915351,-1.27422486406839,70.1249609557995));
#1979=CARTESIAN_POINT('Ctrl Pts',(-7.24922497369601,-1.29379533654936,65.0833073038658));
#1980=CARTESIAN_POINT('Ctrl Pts',(-7.37491219116122,-1.31348714213883,60.0416536519325));
#1981=CARTESIAN_POINT('Ctrl Pts',(-7.50095727570371,-1.33305761461979,54.9999999999989));
#1982=CARTESIAN_POINT('Ctrl Pts',(-7.12347585238127,-3.90169168093788,70.1249609557986));
#1983=CARTESIAN_POINT('Ctrl Pts',(-7.24951071855385,-3.96183976249841,65.0833073038649));
#1984=CARTESIAN_POINT('Ctrl Pts',(-7.37514443317369,-4.02219031756,60.0416536519318));
#1985=CARTESIAN_POINT('Ctrl Pts',(-7.50117929934627,-4.08233839912053,54.9999999999981));
#1986=CARTESIAN_POINT('Ctrl Pts',(-7.12260896810613,-3.98080467479793,70.1249609557986));
#1987=CARTESIAN_POINT('Ctrl Pts',(-7.24782484176441,-4.04218033185333,65.0833073038649));
#1988=CARTESIAN_POINT('Ctrl Pts',(-7.37251283939573,-4.10373638769338,60.0416536519318));
#1989=CARTESIAN_POINT('Ctrl Pts',(-7.497728713054,-4.16511204474879,54.9999999999981));
#1990=CARTESIAN_POINT('Ctrl Pts',(-7.10731497844076,-4.72356413882424,70.124960955799));
#1991=CARTESIAN_POINT('Ctrl Pts',(-7.2158344822678,-4.79568185673355,65.0833073038653));
#1992=CARTESIAN_POINT('Ctrl Pts',(-7.32517752759449,-4.86822942206365,60.0416536519321));
#1993=CARTESIAN_POINT('Ctrl Pts',(-7.43369703142153,-4.94034713997296,54.9999999999984));
#1994=CARTESIAN_POINT('Ctrl Pts',(-6.54341874426027,-6.03471319330151,70.1249609557998));
#1995=CARTESIAN_POINT('Ctrl Pts',(-6.63375087580379,-6.11644305947855,65.0833073038661));
#1996=CARTESIAN_POINT('Ctrl Pts',(-6.7237888507642,-6.19798206037322,60.0416536519327));
#1997=CARTESIAN_POINT('Ctrl Pts',(-6.81412098230772,-6.27971192655026,54.9999999999991));
#1998=CARTESIAN_POINT('Ctrl Pts',(-5.23451352465859,-6.60332074492141,70.1249609558004));
#1999=CARTESIAN_POINT('Ctrl Pts',(-5.31760322727833,-6.70823144286422,65.0833073038668));
#2000=CARTESIAN_POINT('Ctrl Pts',(-5.40099079950826,-6.81411732224363,60.0416536519332));
#2001=CARTESIAN_POINT('Ctrl Pts',(-5.484080502128,-6.91902802018645,54.9999999999995));
#2002=CARTESIAN_POINT('Ctrl Pts',(-4.47779930794677,-6.62171966779341,70.1249609558007));
#2003=CARTESIAN_POINT('Ctrl Pts',(-4.55019157496782,-6.74660424191577,65.083307303867));
#2004=CARTESIAN_POINT('Ctrl Pts',(-4.62268333755199,-6.87109502813871,60.0416536519334));
#2005=CARTESIAN_POINT('Ctrl Pts',(-4.69507560457304,-6.99597960226106,54.9999999999998));
#2006=CARTESIAN_POINT('Ctrl Pts',(-4.38448866039437,-6.62292316152005,70.1249609558007));
#2007=CARTESIAN_POINT('Ctrl Pts',(-4.45543478604777,-6.74895608509522,65.083307303867));
#2008=CARTESIAN_POINT('Ctrl Pts',(-4.52650013901385,-6.87474642547474,60.0416536519334));
#2009=CARTESIAN_POINT('Ctrl Pts',(-4.59744626466725,-7.0007793490499,54.9999999999998));
#2010=CARTESIAN_POINT('Ctrl Pts',(-2.8509920332888,-6.62267419170176,70.1249609558006));
#2011=CARTESIAN_POINT('Ctrl Pts',(-2.89825687538392,-6.74872539881766,65.0833073038669));
#2012=CARTESIAN_POINT('Ctrl Pts',(-2.9456092437573,-6.87453942856544,60.0416536519334));
#2013=CARTESIAN_POINT('Ctrl Pts',(-2.99287408585242,-7.00059063568134,54.9999999999997));
#2014=CARTESIAN_POINT('Ctrl Pts',(-1.41096492092006,-6.62187597610497,70.124960955801));
#2015=CARTESIAN_POINT('Ctrl Pts',(-1.43598620636153,-6.74791219299638,65.0833073038673));
#2016=CARTESIAN_POINT('Ctrl Pts',(-1.46100894638838,-6.87396378310859,60.0416536519337));
#2017=CARTESIAN_POINT('Ctrl Pts',(-1.48603023182984,-7.,55.));
#2018=CARTESIAN_POINT('Ctrl Pts',(0.0292935529694858,-6.62187597610497,
70.124960955801));
#2019=CARTESIAN_POINT('Ctrl Pts',(0.0265139193980688,-6.74791731740331,
65.0833073038673));
#2020=CARTESIAN_POINT('Ctrl Pts',(0.0237342858266518,-6.87395865870166,
60.0416536519337));
#2021=CARTESIAN_POINT('Ctrl Pts',(0.0209546522552349,-7.,55.));
#2022=CARTESIAN_POINT('Ctrl Pts',(-0.978494161889143,7.00007557352848,55.0000000000001));
#2023=CARTESIAN_POINT('Ctrl Pts',(-2.15228424356921,7.00024063979051,55.0000000000003));
#2024=CARTESIAN_POINT('Ctrl Pts',(-3.32602171709934,7.00062963839324,55.0000000000009));
#2025=CARTESIAN_POINT('Ctrl Pts',(-4.59713685853923,7.000779081775,55.000000000001));
#2026=CARTESIAN_POINT('Ctrl Pts',(-4.69445697685342,6.9960096095407,55.000000000001));
#2027=CARTESIAN_POINT('Ctrl Pts',(-5.48317789505851,6.91933194478641,55.0000000000012));
#2028=CARTESIAN_POINT('Ctrl Pts',(-6.81341599048248,6.28042721367908,55.0000000000016));
#2029=CARTESIAN_POINT('Ctrl Pts',(-7.43340617458696,4.94125408518268,55.0000000000023));
#2030=CARTESIAN_POINT('Ctrl Pts',(-7.49770311976065,4.16573071839498,55.0000000000025));
#2031=CARTESIAN_POINT('Ctrl Pts',(-7.50117946171349,4.08264783599879,55.0000000000025));
#2032=CARTESIAN_POINT('Ctrl Pts',(-7.50095730641053,1.33305780848306,55.0000000000018));
#2033=CARTESIAN_POINT('Ctrl Pts',(-7.50095727570371,-1.33305761461979,54.9999999999989));
#2034=CARTESIAN_POINT('Ctrl Pts',(-7.50117929934627,-4.08233839912053,54.9999999999981));
#2035=CARTESIAN_POINT('Ctrl Pts',(-7.497728713054,-4.16511204474879,54.9999999999981));
#2036=CARTESIAN_POINT('Ctrl Pts',(-7.43369703142153,-4.94034713997296,54.9999999999984));
#2037=CARTESIAN_POINT('Ctrl Pts',(-6.81412098230772,-6.27971192655026,54.9999999999991));
#2038=CARTESIAN_POINT('Ctrl Pts',(-5.484080502128,-6.91902802018645,54.9999999999995));
#2039=CARTESIAN_POINT('Ctrl Pts',(-4.69507560457304,-6.99597960226106,54.9999999999998));
#2040=CARTESIAN_POINT('Ctrl Pts',(-4.59744626466725,-7.0007793490499,54.9999999999998));
#2041=CARTESIAN_POINT('Ctrl Pts',(-3.32602187316349,-7.00062981711675,54.9999999999997));
#2042=CARTESIAN_POINT('Ctrl Pts',(-2.15228425705814,-7.00024094409828,54.9999999999999));
#2043=CARTESIAN_POINT('Ctrl Pts',(-0.978494161953892,-7.00007575150827,
55.));
#2044=CARTESIAN_POINT('Origin',(-0.435044404819628,-0.00189151050644459,
75.));
#2045=CARTESIAN_POINT('Origin',(-0.428476899904588,-0.00190602387427283,
55.));
#2046=CARTESIAN_POINT('',(0.,0.,0.));
#2047=CARTESIAN_POINT('',(0.,0.,0.));
#2048=UNCERTAINTY_MEASURE_WITH_UNIT(LENGTH_MEASURE(0.01),#2056,
'DISTANCE_ACCURACY_VALUE',
'Maximum model space distance between geometric entities at asserted c
onnectivities');
#2049=UNCERTAINTY_MEASURE_WITH_UNIT(LENGTH_MEASURE(0.01),#2056,
'DISTANCE_ACCURACY_VALUE',
'Maximum model space distance between geometric entities at asserted c
onnectivities');
#2050=UNCERTAINTY_MEASURE_WITH_UNIT(LENGTH_MEASURE(0.01),#2056,
'DISTANCE_ACCURACY_VALUE',
'Maximum model space distance between geometric entities at asserted c
onnectivities');
#2051=UNCERTAINTY_MEASURE_WITH_UNIT(LENGTH_MEASURE(0.01),#2056,
'DISTANCE_ACCURACY_VALUE',
'Maximum model space distance between geometric entities at asserted c
onnectivities');
#2052=(
GEOMETRIC_REPRESENTATION_CONTEXT(3)
GLOBAL_UNCERTAINTY_ASSIGNED_CONTEXT((#2048))
GLOBAL_UNIT_ASSIGNED_CONTEXT((#2056,#2058,#2059))
REPRESENTATION_CONTEXT('','3D')
);
#2053=(
GEOMETRIC_REPRESENTATION_CONTEXT(3)
GLOBAL_UNCERTAINTY_ASSIGNED_CONTEXT((#2049))
GLOBAL_UNIT_ASSIGNED_CONTEXT((#2056,#2058,#2059))
REPRESENTATION_CONTEXT('','3D')
);
#2054=(
GEOMETRIC_REPRESENTATION_CONTEXT(3)
GLOBAL_UNCERTAINTY_ASSIGNED_CONTEXT((#2050))
GLOBAL_UNIT_ASSIGNED_CONTEXT((#2056,#2058,#2059))
REPRESENTATION_CONTEXT('','3D')
);
#2055=(
GEOMETRIC_REPRESENTATION_CONTEXT(3)
GLOBAL_UNCERTAINTY_ASSIGNED_CONTEXT((#2051))
GLOBAL_UNIT_ASSIGNED_CONTEXT((#2056,#2058,#2059))
REPRESENTATION_CONTEXT('','3D')
);
#2056=(
LENGTH_UNIT()
NAMED_UNIT(*)
SI_UNIT(.MILLI.,.METRE.)
);
#2057=(
LENGTH_UNIT()
NAMED_UNIT(*)
SI_UNIT($,.METRE.)
);
#2058=(
NAMED_UNIT(*)
PLANE_ANGLE_UNIT()
SI_UNIT($,.RADIAN.)
);
#2059=(
NAMED_UNIT(*)
SI_UNIT($,.STERADIAN.)
SOLID_ANGLE_UNIT()
);
#2060=SHAPE_DEFINITION_REPRESENTATION(#2063,#2068);
#2061=SHAPE_DEFINITION_REPRESENTATION(#2064,#2069);
#2062=SHAPE_DEFINITION_REPRESENTATION(#2065,#2070);
#2063=PRODUCT_DEFINITION_SHAPE('',$,#2072);
#2064=PRODUCT_DEFINITION_SHAPE('',$,#2073);
#2065=PRODUCT_DEFINITION_SHAPE('',$,#2074);
#2066=PRODUCT_DEFINITION_SHAPE($,$,#17);
#2067=PRODUCT_DEFINITION_SHAPE($,$,#18);
#2068=SHAPE_REPRESENTATION('',(#581,#612,#613),#2052);
#2069=SHAPE_REPRESENTATION('',(#582),#2053);
#2070=SHAPE_REPRESENTATION('',(#598),#2054);
#2071=PRODUCT_DEFINITION_CONTEXT('part definition',#2082,'design');
#2072=PRODUCT_DEFINITION('Thumb (redesign)','Thumb (redesign)',#2075,#2071);
#2073=PRODUCT_DEFINITION('Middle phalanx','Middle phalanx',#2076,#2071);
#2074=PRODUCT_DEFINITION('Distal phalanx','Distal phalanx',#2077,#2071);
#2075=PRODUCT_DEFINITION_FORMATION('',$,#2084);
#2076=PRODUCT_DEFINITION_FORMATION('',$,#2085);
#2077=PRODUCT_DEFINITION_FORMATION('',$,#2086);
#2078=PRODUCT_RELATED_PRODUCT_CATEGORY('Thumb (redesign)',
'Thumb (redesign)',(#2084));
#2079=PRODUCT_RELATED_PRODUCT_CATEGORY('Middle phalanx',
'Middle phalanx',(#2085));
#2080=PRODUCT_RELATED_PRODUCT_CATEGORY('Distal phalanx',
'Distal phalanx',(#2086));
#2081=APPLICATION_PROTOCOL_DEFINITION('international standard',
'automotive_design',2009,#2082);
#2082=APPLICATION_CONTEXT(
'Core Data for Automotive Mechanical Design Process');
#2083=PRODUCT_CONTEXT('part definition',#2082,'mechanical');
#2084=PRODUCT('Thumb (redesign)','Thumb (redesign)',$,(#2083));
#2085=PRODUCT('Middle phalanx','Middle phalanx',$,(#2083));
#2086=PRODUCT('Distal phalanx','Distal phalanx',$,(#2083));
#2087=PRESENTATION_STYLE_ASSIGNMENT((#2088));
#2088=SURFACE_STYLE_USAGE(.BOTH.,#2089);
#2089=SURFACE_SIDE_STYLE('',(#2090));
#2090=SURFACE_STYLE_FILL_AREA(#2091);
#2091=FILL_AREA_STYLE('Steel - Satin',(#2092));
#2092=FILL_AREA_STYLE_COLOUR('Steel - Satin',#2093);
#2093=COLOUR_RGB('Steel - Satin',0.627450980392157,0.627450980392157,0.627450980392157);
ENDSEC;
END-ISO-10303-21;
